ARM GAS  /tmp/ccBLKH3L.s 			page 1


   1              		.cpu cortex-m33
   2              		.arch armv8-m.main
   3              		.fpu fpv5-sp-d16
   4              		.arch_extension dsp
   5              		.eabi_attribute 27, 1
   6              		.eabi_attribute 28, 1
   7              		.eabi_attribute 20, 1
   8              		.eabi_attribute 21, 1
   9              		.eabi_attribute 23, 3
  10              		.eabi_attribute 24, 1
  11              		.eabi_attribute 25, 1
  12              		.eabi_attribute 26, 1
  13              		.eabi_attribute 30, 1
  14              		.eabi_attribute 34, 1
  15              		.eabi_attribute 18, 4
  16              		.file	"portasm.c"
  17              		.text
  18              	.Ltext0:
  19              		.cfi_sections	.debug_frame
  20              		.file 1 "Middlewares/Third_Party/FreeRTOS/Source/portable/GCC/ARM_CM33_NTZ/non_secure/portasm.c"
  21              		.section	.text.vRestoreContextOfFirstTask,"ax",%progbits
  22              		.align	1
  23              		.global	vRestoreContextOfFirstTask
  24              		.syntax unified
  25              		.thumb
  26              		.thumb_func
  28              	vRestoreContextOfFirstTask:
  29              	.LFB0:
   1:Middlewares/Third_Party/FreeRTOS/Source/portable/GCC/ARM_CM33_NTZ/non_secure/portasm.c **** /*
   2:Middlewares/Third_Party/FreeRTOS/Source/portable/GCC/ARM_CM33_NTZ/non_secure/portasm.c ****  * FreeRTOS Kernel V11.2.0
   3:Middlewares/Third_Party/FreeRTOS/Source/portable/GCC/ARM_CM33_NTZ/non_secure/portasm.c ****  * Copyright (C) 2021 Amazon.com, Inc. or its affiliates. All Rights Reserved.
   4:Middlewares/Third_Party/FreeRTOS/Source/portable/GCC/ARM_CM33_NTZ/non_secure/portasm.c ****  * Copyright 2024 Arm Limited and/or its affiliates
   5:Middlewares/Third_Party/FreeRTOS/Source/portable/GCC/ARM_CM33_NTZ/non_secure/portasm.c ****  * <open-source-office@arm.com>
   6:Middlewares/Third_Party/FreeRTOS/Source/portable/GCC/ARM_CM33_NTZ/non_secure/portasm.c ****  *
   7:Middlewares/Third_Party/FreeRTOS/Source/portable/GCC/ARM_CM33_NTZ/non_secure/portasm.c ****  * SPDX-License-Identifier: MIT
   8:Middlewares/Third_Party/FreeRTOS/Source/portable/GCC/ARM_CM33_NTZ/non_secure/portasm.c ****  *
   9:Middlewares/Third_Party/FreeRTOS/Source/portable/GCC/ARM_CM33_NTZ/non_secure/portasm.c ****  * Permission is hereby granted, free of charge, to any person obtaining a copy of
  10:Middlewares/Third_Party/FreeRTOS/Source/portable/GCC/ARM_CM33_NTZ/non_secure/portasm.c ****  * this software and associated documentation files (the "Software"), to deal in
  11:Middlewares/Third_Party/FreeRTOS/Source/portable/GCC/ARM_CM33_NTZ/non_secure/portasm.c ****  * the Software without restriction, including without limitation the rights to
  12:Middlewares/Third_Party/FreeRTOS/Source/portable/GCC/ARM_CM33_NTZ/non_secure/portasm.c ****  * use, copy, modify, merge, publish, distribute, sublicense, and/or sell copies of
  13:Middlewares/Third_Party/FreeRTOS/Source/portable/GCC/ARM_CM33_NTZ/non_secure/portasm.c ****  * the Software, and to permit persons to whom the Software is furnished to do so,
  14:Middlewares/Third_Party/FreeRTOS/Source/portable/GCC/ARM_CM33_NTZ/non_secure/portasm.c ****  * subject to the following conditions:
  15:Middlewares/Third_Party/FreeRTOS/Source/portable/GCC/ARM_CM33_NTZ/non_secure/portasm.c ****  *
  16:Middlewares/Third_Party/FreeRTOS/Source/portable/GCC/ARM_CM33_NTZ/non_secure/portasm.c ****  * The above copyright notice and this permission notice shall be included in all
  17:Middlewares/Third_Party/FreeRTOS/Source/portable/GCC/ARM_CM33_NTZ/non_secure/portasm.c ****  * copies or substantial portions of the Software.
  18:Middlewares/Third_Party/FreeRTOS/Source/portable/GCC/ARM_CM33_NTZ/non_secure/portasm.c ****  *
  19:Middlewares/Third_Party/FreeRTOS/Source/portable/GCC/ARM_CM33_NTZ/non_secure/portasm.c ****  * THE SOFTWARE IS PROVIDED "AS IS", WITHOUT WARRANTY OF ANY KIND, EXPRESS OR
  20:Middlewares/Third_Party/FreeRTOS/Source/portable/GCC/ARM_CM33_NTZ/non_secure/portasm.c ****  * IMPLIED, INCLUDING BUT NOT LIMITED TO THE WARRANTIES OF MERCHANTABILITY, FITNESS
  21:Middlewares/Third_Party/FreeRTOS/Source/portable/GCC/ARM_CM33_NTZ/non_secure/portasm.c ****  * FOR A PARTICULAR PURPOSE AND NONINFRINGEMENT. IN NO EVENT SHALL THE AUTHORS OR
  22:Middlewares/Third_Party/FreeRTOS/Source/portable/GCC/ARM_CM33_NTZ/non_secure/portasm.c ****  * COPYRIGHT HOLDERS BE LIABLE FOR ANY CLAIM, DAMAGES OR OTHER LIABILITY, WHETHER
  23:Middlewares/Third_Party/FreeRTOS/Source/portable/GCC/ARM_CM33_NTZ/non_secure/portasm.c ****  * IN AN ACTION OF CONTRACT, TORT OR OTHERWISE, ARISING FROM, OUT OF OR IN
  24:Middlewares/Third_Party/FreeRTOS/Source/portable/GCC/ARM_CM33_NTZ/non_secure/portasm.c ****  * CONNECTION WITH THE SOFTWARE OR THE USE OR OTHER DEALINGS IN THE SOFTWARE.
  25:Middlewares/Third_Party/FreeRTOS/Source/portable/GCC/ARM_CM33_NTZ/non_secure/portasm.c ****  *
  26:Middlewares/Third_Party/FreeRTOS/Source/portable/GCC/ARM_CM33_NTZ/non_secure/portasm.c ****  * https://www.FreeRTOS.org
  27:Middlewares/Third_Party/FreeRTOS/Source/portable/GCC/ARM_CM33_NTZ/non_secure/portasm.c ****  * https://github.com/FreeRTOS
  28:Middlewares/Third_Party/FreeRTOS/Source/portable/GCC/ARM_CM33_NTZ/non_secure/portasm.c ****  *
  29:Middlewares/Third_Party/FreeRTOS/Source/portable/GCC/ARM_CM33_NTZ/non_secure/portasm.c ****  */
ARM GAS  /tmp/ccBLKH3L.s 			page 2


  30:Middlewares/Third_Party/FreeRTOS/Source/portable/GCC/ARM_CM33_NTZ/non_secure/portasm.c **** 
  31:Middlewares/Third_Party/FreeRTOS/Source/portable/GCC/ARM_CM33_NTZ/non_secure/portasm.c **** /* Standard includes. */
  32:Middlewares/Third_Party/FreeRTOS/Source/portable/GCC/ARM_CM33_NTZ/non_secure/portasm.c **** #include <stdint.h>
  33:Middlewares/Third_Party/FreeRTOS/Source/portable/GCC/ARM_CM33_NTZ/non_secure/portasm.c **** 
  34:Middlewares/Third_Party/FreeRTOS/Source/portable/GCC/ARM_CM33_NTZ/non_secure/portasm.c **** /* Defining MPU_WRAPPERS_INCLUDED_FROM_API_FILE ensures that PRIVILEGED_FUNCTION
  35:Middlewares/Third_Party/FreeRTOS/Source/portable/GCC/ARM_CM33_NTZ/non_secure/portasm.c ****  * is defined correctly and privileged functions are placed in correct sections. */
  36:Middlewares/Third_Party/FreeRTOS/Source/portable/GCC/ARM_CM33_NTZ/non_secure/portasm.c **** #define MPU_WRAPPERS_INCLUDED_FROM_API_FILE
  37:Middlewares/Third_Party/FreeRTOS/Source/portable/GCC/ARM_CM33_NTZ/non_secure/portasm.c **** 
  38:Middlewares/Third_Party/FreeRTOS/Source/portable/GCC/ARM_CM33_NTZ/non_secure/portasm.c **** /* Portasm includes. */
  39:Middlewares/Third_Party/FreeRTOS/Source/portable/GCC/ARM_CM33_NTZ/non_secure/portasm.c **** #include "portasm.h"
  40:Middlewares/Third_Party/FreeRTOS/Source/portable/GCC/ARM_CM33_NTZ/non_secure/portasm.c **** 
  41:Middlewares/Third_Party/FreeRTOS/Source/portable/GCC/ARM_CM33_NTZ/non_secure/portasm.c **** /* System call numbers includes. */
  42:Middlewares/Third_Party/FreeRTOS/Source/portable/GCC/ARM_CM33_NTZ/non_secure/portasm.c **** #include "mpu_syscall_numbers.h"
  43:Middlewares/Third_Party/FreeRTOS/Source/portable/GCC/ARM_CM33_NTZ/non_secure/portasm.c **** 
  44:Middlewares/Third_Party/FreeRTOS/Source/portable/GCC/ARM_CM33_NTZ/non_secure/portasm.c **** /* MPU_WRAPPERS_INCLUDED_FROM_API_FILE is needed to be defined only for the
  45:Middlewares/Third_Party/FreeRTOS/Source/portable/GCC/ARM_CM33_NTZ/non_secure/portasm.c ****  * header files. */
  46:Middlewares/Third_Party/FreeRTOS/Source/portable/GCC/ARM_CM33_NTZ/non_secure/portasm.c **** #undef MPU_WRAPPERS_INCLUDED_FROM_API_FILE
  47:Middlewares/Third_Party/FreeRTOS/Source/portable/GCC/ARM_CM33_NTZ/non_secure/portasm.c **** 
  48:Middlewares/Third_Party/FreeRTOS/Source/portable/GCC/ARM_CM33_NTZ/non_secure/portasm.c **** #if ( configENABLE_MPU == 1 )
  49:Middlewares/Third_Party/FreeRTOS/Source/portable/GCC/ARM_CM33_NTZ/non_secure/portasm.c **** 
  50:Middlewares/Third_Party/FreeRTOS/Source/portable/GCC/ARM_CM33_NTZ/non_secure/portasm.c ****     void vRestoreContextOfFirstTask( void ) /* __attribute__ (( naked )) PRIVILEGED_FUNCTION */
  51:Middlewares/Third_Party/FreeRTOS/Source/portable/GCC/ARM_CM33_NTZ/non_secure/portasm.c ****     {
  52:Middlewares/Third_Party/FreeRTOS/Source/portable/GCC/ARM_CM33_NTZ/non_secure/portasm.c ****         __asm volatile
  53:Middlewares/Third_Party/FreeRTOS/Source/portable/GCC/ARM_CM33_NTZ/non_secure/portasm.c ****         (
  54:Middlewares/Third_Party/FreeRTOS/Source/portable/GCC/ARM_CM33_NTZ/non_secure/portasm.c ****             " .syntax unified                                 \n"
  55:Middlewares/Third_Party/FreeRTOS/Source/portable/GCC/ARM_CM33_NTZ/non_secure/portasm.c ****             "                                                 \n"
  56:Middlewares/Third_Party/FreeRTOS/Source/portable/GCC/ARM_CM33_NTZ/non_secure/portasm.c ****             " program_mpu_first_task:                         \n"
  57:Middlewares/Third_Party/FreeRTOS/Source/portable/GCC/ARM_CM33_NTZ/non_secure/portasm.c ****             "    ldr r2, =pxCurrentTCB                        \n" /* Read the location of pxCurrent
  58:Middlewares/Third_Party/FreeRTOS/Source/portable/GCC/ARM_CM33_NTZ/non_secure/portasm.c ****             "    ldr r0, [r2]                                 \n" /* r0 = pxCurrentTCB. */
  59:Middlewares/Third_Party/FreeRTOS/Source/portable/GCC/ARM_CM33_NTZ/non_secure/portasm.c ****             "                                                 \n"
  60:Middlewares/Third_Party/FreeRTOS/Source/portable/GCC/ARM_CM33_NTZ/non_secure/portasm.c ****             "    dmb                                          \n" /* Complete outstanding transfers
  61:Middlewares/Third_Party/FreeRTOS/Source/portable/GCC/ARM_CM33_NTZ/non_secure/portasm.c ****             "    ldr r1, =0xe000ed94                          \n" /* r1 = 0xe000ed94 [Location of M
  62:Middlewares/Third_Party/FreeRTOS/Source/portable/GCC/ARM_CM33_NTZ/non_secure/portasm.c ****             "    ldr r2, [r1]                                 \n" /* Read the value of MPU_CTRL. */
  63:Middlewares/Third_Party/FreeRTOS/Source/portable/GCC/ARM_CM33_NTZ/non_secure/portasm.c ****             "    bic r2, #1                                   \n" /* r2 = r2 & ~1 i.e. Clear the bi
  64:Middlewares/Third_Party/FreeRTOS/Source/portable/GCC/ARM_CM33_NTZ/non_secure/portasm.c ****             "    str r2, [r1]                                 \n" /* Disable MPU. */
  65:Middlewares/Third_Party/FreeRTOS/Source/portable/GCC/ARM_CM33_NTZ/non_secure/portasm.c ****             "                                                 \n"
  66:Middlewares/Third_Party/FreeRTOS/Source/portable/GCC/ARM_CM33_NTZ/non_secure/portasm.c ****             "    adds r0, #4                                  \n" /* r0 = r0 + 4. r0 now points to 
  67:Middlewares/Third_Party/FreeRTOS/Source/portable/GCC/ARM_CM33_NTZ/non_secure/portasm.c ****             "    ldr r1, [r0]                                 \n" /* r1 = *r0 i.e. r1 = MAIR0. */
  68:Middlewares/Third_Party/FreeRTOS/Source/portable/GCC/ARM_CM33_NTZ/non_secure/portasm.c ****             "    ldr r2, =0xe000edc0                          \n" /* r2 = 0xe000edc0 [Location of M
  69:Middlewares/Third_Party/FreeRTOS/Source/portable/GCC/ARM_CM33_NTZ/non_secure/portasm.c ****             "    str r1, [r2]                                 \n" /* Program MAIR0. */
  70:Middlewares/Third_Party/FreeRTOS/Source/portable/GCC/ARM_CM33_NTZ/non_secure/portasm.c ****             "                                                 \n"
  71:Middlewares/Third_Party/FreeRTOS/Source/portable/GCC/ARM_CM33_NTZ/non_secure/portasm.c ****             "    adds r0, #4                                  \n" /* r0 = r0 + 4. r0 now points to 
  72:Middlewares/Third_Party/FreeRTOS/Source/portable/GCC/ARM_CM33_NTZ/non_secure/portasm.c ****             "    ldr r1, =0xe000ed98                          \n" /* r1 = 0xe000ed98 [Location of R
  73:Middlewares/Third_Party/FreeRTOS/Source/portable/GCC/ARM_CM33_NTZ/non_secure/portasm.c ****             "    ldr r2, =0xe000ed9c                          \n" /* r2 = 0xe000ed9c [Location of R
  74:Middlewares/Third_Party/FreeRTOS/Source/portable/GCC/ARM_CM33_NTZ/non_secure/portasm.c ****             "                                                 \n"
  75:Middlewares/Third_Party/FreeRTOS/Source/portable/GCC/ARM_CM33_NTZ/non_secure/portasm.c ****             "    movs r3, #4                                  \n" /* r3 = 4. */
  76:Middlewares/Third_Party/FreeRTOS/Source/portable/GCC/ARM_CM33_NTZ/non_secure/portasm.c ****             "    str r3, [r1]                                 \n" /* Program RNR = 4. */
  77:Middlewares/Third_Party/FreeRTOS/Source/portable/GCC/ARM_CM33_NTZ/non_secure/portasm.c ****             "    ldmia r0!, {r4-r11}                          \n" /* Read 4 sets of RBAR/RLAR regis
  78:Middlewares/Third_Party/FreeRTOS/Source/portable/GCC/ARM_CM33_NTZ/non_secure/portasm.c ****             "    stmia r2, {r4-r11}                           \n" /* Write 4 set of RBAR/RLAR regis
  79:Middlewares/Third_Party/FreeRTOS/Source/portable/GCC/ARM_CM33_NTZ/non_secure/portasm.c ****             "                                                 \n"
  80:Middlewares/Third_Party/FreeRTOS/Source/portable/GCC/ARM_CM33_NTZ/non_secure/portasm.c ****         #if ( configTOTAL_MPU_REGIONS == 16 )
  81:Middlewares/Third_Party/FreeRTOS/Source/portable/GCC/ARM_CM33_NTZ/non_secure/portasm.c ****             "    movs r3, #8                                  \n" /* r3 = 8. */
  82:Middlewares/Third_Party/FreeRTOS/Source/portable/GCC/ARM_CM33_NTZ/non_secure/portasm.c ****             "    str r3, [r1]                                 \n" /* Program RNR = 8. */
  83:Middlewares/Third_Party/FreeRTOS/Source/portable/GCC/ARM_CM33_NTZ/non_secure/portasm.c ****             "    ldmia r0!, {r4-r11}                          \n" /* Read 4 sets of RBAR/RLAR regis
  84:Middlewares/Third_Party/FreeRTOS/Source/portable/GCC/ARM_CM33_NTZ/non_secure/portasm.c ****             "    stmia r2, {r4-r11}                           \n" /* Write 4 set of RBAR/RLAR regis
  85:Middlewares/Third_Party/FreeRTOS/Source/portable/GCC/ARM_CM33_NTZ/non_secure/portasm.c ****             "    movs r3, #12                                 \n" /* r3 = 12. */
  86:Middlewares/Third_Party/FreeRTOS/Source/portable/GCC/ARM_CM33_NTZ/non_secure/portasm.c ****             "    str r3, [r1]                                 \n" /* Program RNR = 12. */
ARM GAS  /tmp/ccBLKH3L.s 			page 3


  87:Middlewares/Third_Party/FreeRTOS/Source/portable/GCC/ARM_CM33_NTZ/non_secure/portasm.c ****             "    ldmia r0!, {r4-r11}                          \n" /* Read 4 sets of RBAR/RLAR regis
  88:Middlewares/Third_Party/FreeRTOS/Source/portable/GCC/ARM_CM33_NTZ/non_secure/portasm.c ****             "    stmia r2, {r4-r11}                           \n" /* Write 4 set of RBAR/RLAR regis
  89:Middlewares/Third_Party/FreeRTOS/Source/portable/GCC/ARM_CM33_NTZ/non_secure/portasm.c ****         #endif /* configTOTAL_MPU_REGIONS == 16 */
  90:Middlewares/Third_Party/FreeRTOS/Source/portable/GCC/ARM_CM33_NTZ/non_secure/portasm.c ****             "                                                 \n"
  91:Middlewares/Third_Party/FreeRTOS/Source/portable/GCC/ARM_CM33_NTZ/non_secure/portasm.c ****             "   ldr r1, =0xe000ed94                           \n" /* r1 = 0xe000ed94 [Location of M
  92:Middlewares/Third_Party/FreeRTOS/Source/portable/GCC/ARM_CM33_NTZ/non_secure/portasm.c ****             "   ldr r2, [r1]                                  \n" /* Read the value of MPU_CTRL. */
  93:Middlewares/Third_Party/FreeRTOS/Source/portable/GCC/ARM_CM33_NTZ/non_secure/portasm.c ****             "   orr r2, #1                                    \n" /* r2 = r2 | 1 i.e. Set the bit 0
  94:Middlewares/Third_Party/FreeRTOS/Source/portable/GCC/ARM_CM33_NTZ/non_secure/portasm.c ****             "   str r2, [r1]                                  \n" /* Enable MPU. */
  95:Middlewares/Third_Party/FreeRTOS/Source/portable/GCC/ARM_CM33_NTZ/non_secure/portasm.c ****             "   dsb                                           \n" /* Force memory writes before con
  96:Middlewares/Third_Party/FreeRTOS/Source/portable/GCC/ARM_CM33_NTZ/non_secure/portasm.c ****             "                                                 \n"
  97:Middlewares/Third_Party/FreeRTOS/Source/portable/GCC/ARM_CM33_NTZ/non_secure/portasm.c ****             " restore_context_first_task:                     \n"
  98:Middlewares/Third_Party/FreeRTOS/Source/portable/GCC/ARM_CM33_NTZ/non_secure/portasm.c ****             "    ldr r2, =pxCurrentTCB                        \n" /* Read the location of pxCurrent
  99:Middlewares/Third_Party/FreeRTOS/Source/portable/GCC/ARM_CM33_NTZ/non_secure/portasm.c ****             "    ldr r0, [r2]                                 \n" /* r0 = pxCurrentTCB.*/
 100:Middlewares/Third_Party/FreeRTOS/Source/portable/GCC/ARM_CM33_NTZ/non_secure/portasm.c ****             "    ldr r1, [r0]                                 \n" /* r1 = Location of saved context
 101:Middlewares/Third_Party/FreeRTOS/Source/portable/GCC/ARM_CM33_NTZ/non_secure/portasm.c ****             "                                                 \n"
 102:Middlewares/Third_Party/FreeRTOS/Source/portable/GCC/ARM_CM33_NTZ/non_secure/portasm.c ****             " restore_special_regs_first_task:                \n"
 103:Middlewares/Third_Party/FreeRTOS/Source/portable/GCC/ARM_CM33_NTZ/non_secure/portasm.c ****         #if ( configENABLE_PAC == 1 )
 104:Middlewares/Third_Party/FreeRTOS/Source/portable/GCC/ARM_CM33_NTZ/non_secure/portasm.c ****             "   ldmdb r1!, {r2-r5}                            \n" /* Read task's dedicated PAC key 
 105:Middlewares/Third_Party/FreeRTOS/Source/portable/GCC/ARM_CM33_NTZ/non_secure/portasm.c ****             "   msr  PAC_KEY_P_0, r2                          \n" /* Write the task's dedicated PAC
 106:Middlewares/Third_Party/FreeRTOS/Source/portable/GCC/ARM_CM33_NTZ/non_secure/portasm.c ****             "   msr  PAC_KEY_P_1, r3                          \n"
 107:Middlewares/Third_Party/FreeRTOS/Source/portable/GCC/ARM_CM33_NTZ/non_secure/portasm.c ****             "   msr  PAC_KEY_P_2, r4                          \n"
 108:Middlewares/Third_Party/FreeRTOS/Source/portable/GCC/ARM_CM33_NTZ/non_secure/portasm.c ****             "   msr  PAC_KEY_P_3, r5                          \n"
 109:Middlewares/Third_Party/FreeRTOS/Source/portable/GCC/ARM_CM33_NTZ/non_secure/portasm.c ****             "   clrm {r2-r5}                                  \n" /* Clear r2-r5. */
 110:Middlewares/Third_Party/FreeRTOS/Source/portable/GCC/ARM_CM33_NTZ/non_secure/portasm.c ****         #endif /* configENABLE_PAC */
 111:Middlewares/Third_Party/FreeRTOS/Source/portable/GCC/ARM_CM33_NTZ/non_secure/portasm.c ****             "    ldmdb r1!, {r2-r4, lr}                       \n" /* r2 = original PSP, r3 = PSPLIM
 112:Middlewares/Third_Party/FreeRTOS/Source/portable/GCC/ARM_CM33_NTZ/non_secure/portasm.c ****             "    msr psp, r2                                  \n"
 113:Middlewares/Third_Party/FreeRTOS/Source/portable/GCC/ARM_CM33_NTZ/non_secure/portasm.c ****             "    msr psplim, r3                               \n"
 114:Middlewares/Third_Party/FreeRTOS/Source/portable/GCC/ARM_CM33_NTZ/non_secure/portasm.c ****             "    msr control, r4                              \n"
 115:Middlewares/Third_Party/FreeRTOS/Source/portable/GCC/ARM_CM33_NTZ/non_secure/portasm.c ****             "                                                 \n"
 116:Middlewares/Third_Party/FreeRTOS/Source/portable/GCC/ARM_CM33_NTZ/non_secure/portasm.c ****             " restore_general_regs_first_task:                \n"
 117:Middlewares/Third_Party/FreeRTOS/Source/portable/GCC/ARM_CM33_NTZ/non_secure/portasm.c ****             "    ldmdb r1!, {r4-r11}                          \n" /* r4-r11 contain hardware saved 
 118:Middlewares/Third_Party/FreeRTOS/Source/portable/GCC/ARM_CM33_NTZ/non_secure/portasm.c ****             "    stmia r2!, {r4-r11}                          \n" /* Copy the hardware saved contex
 119:Middlewares/Third_Party/FreeRTOS/Source/portable/GCC/ARM_CM33_NTZ/non_secure/portasm.c ****             "    ldmdb r1!, {r4-r11}                          \n" /* r4-r11 restored. */
 120:Middlewares/Third_Party/FreeRTOS/Source/portable/GCC/ARM_CM33_NTZ/non_secure/portasm.c ****             "                                                 \n"
 121:Middlewares/Third_Party/FreeRTOS/Source/portable/GCC/ARM_CM33_NTZ/non_secure/portasm.c ****             " restore_context_done_first_task:                \n"
 122:Middlewares/Third_Party/FreeRTOS/Source/portable/GCC/ARM_CM33_NTZ/non_secure/portasm.c ****             "    str r1, [r0]                                 \n" /* Save the location where the co
 123:Middlewares/Third_Party/FreeRTOS/Source/portable/GCC/ARM_CM33_NTZ/non_secure/portasm.c ****             "    mov r0, #0                                   \n"
 124:Middlewares/Third_Party/FreeRTOS/Source/portable/GCC/ARM_CM33_NTZ/non_secure/portasm.c ****             "    msr basepri, r0                              \n" /* Ensure that interrupts are ena
 125:Middlewares/Third_Party/FreeRTOS/Source/portable/GCC/ARM_CM33_NTZ/non_secure/portasm.c ****             "    bx lr                                        \n"
 126:Middlewares/Third_Party/FreeRTOS/Source/portable/GCC/ARM_CM33_NTZ/non_secure/portasm.c ****         );
 127:Middlewares/Third_Party/FreeRTOS/Source/portable/GCC/ARM_CM33_NTZ/non_secure/portasm.c ****     }
 128:Middlewares/Third_Party/FreeRTOS/Source/portable/GCC/ARM_CM33_NTZ/non_secure/portasm.c **** 
 129:Middlewares/Third_Party/FreeRTOS/Source/portable/GCC/ARM_CM33_NTZ/non_secure/portasm.c **** #else /* configENABLE_MPU */
 130:Middlewares/Third_Party/FreeRTOS/Source/portable/GCC/ARM_CM33_NTZ/non_secure/portasm.c **** 
 131:Middlewares/Third_Party/FreeRTOS/Source/portable/GCC/ARM_CM33_NTZ/non_secure/portasm.c ****     void vRestoreContextOfFirstTask( void ) /* __attribute__ (( naked )) PRIVILEGED_FUNCTION */
 132:Middlewares/Third_Party/FreeRTOS/Source/portable/GCC/ARM_CM33_NTZ/non_secure/portasm.c ****     {
  30              		.loc 1 132 5 view -0
  31              		.cfi_startproc
  32              		@ Naked Function: prologue and epilogue provided by programmer.
  33              		@ args = 0, pretend = 0, frame = 0
  34              		@ frame_needed = 0, uses_anonymous_args = 0
 133:Middlewares/Third_Party/FreeRTOS/Source/portable/GCC/ARM_CM33_NTZ/non_secure/portasm.c ****         __asm volatile
  35              		.loc 1 133 9 view .LVU1
  36              		.syntax unified
  37              	@ 133 "Middlewares/Third_Party/FreeRTOS/Source/portable/GCC/ARM_CM33_NTZ/non_secure/portasm.c" 1
  38              		   .syntax unified                                 
  39              	                                                   
ARM GAS  /tmp/ccBLKH3L.s 			page 4


  40 0000 0A4A     	   ldr  r2, =pxCurrentTCB                          
  41 0002 1168     	   ldr  r1, [r2]                                   
  42 0004 0868     	   ldr  r0, [r1]                                   
  43              	                                                   
  44              	                                                   
  45 0006 06C8     	   ldm  r0!, {r1-r2}                               
  46 0008 81F30B88 	   msr  psplim, r1                                 
  47 000c EFF31481 	   mrs  r1, control                                
  48 0010 51F00201 	   orrs r1, r1, #2                                 
  49 0014 81F31488 	   msr control, r1                                 
  50 0018 2030     	   adds r0, #32                                    
  51 001a 80F30988 	   msr  psp, r0                                    
  52 001e BFF36F8F 	   isb                                             
  53 0022 4FF00000 	   mov  r0, #0                                     
  54 0026 80F31188 	   msr  basepri, r0                                
  55 002a 1047     	   bx   r2                                         
  56              	
  57              	@ 0 "" 2
 134:Middlewares/Third_Party/FreeRTOS/Source/portable/GCC/ARM_CM33_NTZ/non_secure/portasm.c ****         (
 135:Middlewares/Third_Party/FreeRTOS/Source/portable/GCC/ARM_CM33_NTZ/non_secure/portasm.c ****             "   .syntax unified                                 \n"
 136:Middlewares/Third_Party/FreeRTOS/Source/portable/GCC/ARM_CM33_NTZ/non_secure/portasm.c ****             "                                                   \n"
 137:Middlewares/Third_Party/FreeRTOS/Source/portable/GCC/ARM_CM33_NTZ/non_secure/portasm.c ****             "   ldr  r2, =pxCurrentTCB                          \n" /* Read the location of pxCurre
 138:Middlewares/Third_Party/FreeRTOS/Source/portable/GCC/ARM_CM33_NTZ/non_secure/portasm.c ****             "   ldr  r1, [r2]                                   \n" /* Read pxCurrentTCB. */
 139:Middlewares/Third_Party/FreeRTOS/Source/portable/GCC/ARM_CM33_NTZ/non_secure/portasm.c ****             "   ldr  r0, [r1]                                   \n" /* Read top of stack from TCB -
 140:Middlewares/Third_Party/FreeRTOS/Source/portable/GCC/ARM_CM33_NTZ/non_secure/portasm.c ****             "                                                   \n"
 141:Middlewares/Third_Party/FreeRTOS/Source/portable/GCC/ARM_CM33_NTZ/non_secure/portasm.c ****         #if ( configENABLE_PAC == 1 )
 142:Middlewares/Third_Party/FreeRTOS/Source/portable/GCC/ARM_CM33_NTZ/non_secure/portasm.c ****             "   ldmia r0!, {r1-r4}                              \n" /* Read task's dedicated PAC ke
 143:Middlewares/Third_Party/FreeRTOS/Source/portable/GCC/ARM_CM33_NTZ/non_secure/portasm.c ****             "   msr  PAC_KEY_P_3, r1                            \n" /* Write the task's dedicated P
 144:Middlewares/Third_Party/FreeRTOS/Source/portable/GCC/ARM_CM33_NTZ/non_secure/portasm.c ****             "   msr  PAC_KEY_P_2, r2                            \n"
 145:Middlewares/Third_Party/FreeRTOS/Source/portable/GCC/ARM_CM33_NTZ/non_secure/portasm.c ****             "   msr  PAC_KEY_P_1, r3                            \n"
 146:Middlewares/Third_Party/FreeRTOS/Source/portable/GCC/ARM_CM33_NTZ/non_secure/portasm.c ****             "   msr  PAC_KEY_P_0, r4                            \n"
 147:Middlewares/Third_Party/FreeRTOS/Source/portable/GCC/ARM_CM33_NTZ/non_secure/portasm.c ****             "   clrm {r1-r4}                                    \n" /* Clear r1-r4. */
 148:Middlewares/Third_Party/FreeRTOS/Source/portable/GCC/ARM_CM33_NTZ/non_secure/portasm.c ****         #endif /* configENABLE_PAC */
 149:Middlewares/Third_Party/FreeRTOS/Source/portable/GCC/ARM_CM33_NTZ/non_secure/portasm.c ****             "                                                   \n"
 150:Middlewares/Third_Party/FreeRTOS/Source/portable/GCC/ARM_CM33_NTZ/non_secure/portasm.c ****             "   ldm  r0!, {r1-r2}                               \n" /* Read from stack - r1 = PSPLI
 151:Middlewares/Third_Party/FreeRTOS/Source/portable/GCC/ARM_CM33_NTZ/non_secure/portasm.c ****             "   msr  psplim, r1                                 \n" /* Set this task's PSPLIM value
 152:Middlewares/Third_Party/FreeRTOS/Source/portable/GCC/ARM_CM33_NTZ/non_secure/portasm.c ****             "   mrs  r1, control                                \n" /* Obtain current control regis
 153:Middlewares/Third_Party/FreeRTOS/Source/portable/GCC/ARM_CM33_NTZ/non_secure/portasm.c ****             "   orrs r1, r1, #2                                 \n" /* r1 = r1 | 0x2 - Set the seco
 154:Middlewares/Third_Party/FreeRTOS/Source/portable/GCC/ARM_CM33_NTZ/non_secure/portasm.c ****             "   msr control, r1                                 \n" /* Write back the new control r
 155:Middlewares/Third_Party/FreeRTOS/Source/portable/GCC/ARM_CM33_NTZ/non_secure/portasm.c ****             "   adds r0, #32                                    \n" /* Discard everything up to r0.
 156:Middlewares/Third_Party/FreeRTOS/Source/portable/GCC/ARM_CM33_NTZ/non_secure/portasm.c ****             "   msr  psp, r0                                    \n" /* This is now the new top of s
 157:Middlewares/Third_Party/FreeRTOS/Source/portable/GCC/ARM_CM33_NTZ/non_secure/portasm.c ****             "   isb                                             \n"
 158:Middlewares/Third_Party/FreeRTOS/Source/portable/GCC/ARM_CM33_NTZ/non_secure/portasm.c ****             "   mov  r0, #0                                     \n"
 159:Middlewares/Third_Party/FreeRTOS/Source/portable/GCC/ARM_CM33_NTZ/non_secure/portasm.c ****             "   msr  basepri, r0                                \n" /* Ensure that interrupts are e
 160:Middlewares/Third_Party/FreeRTOS/Source/portable/GCC/ARM_CM33_NTZ/non_secure/portasm.c ****             "   bx   r2                                         \n" /* Finally, branch to EXC_RETUR
 161:Middlewares/Third_Party/FreeRTOS/Source/portable/GCC/ARM_CM33_NTZ/non_secure/portasm.c ****         );
 162:Middlewares/Third_Party/FreeRTOS/Source/portable/GCC/ARM_CM33_NTZ/non_secure/portasm.c ****     }
  58              		.loc 1 162 5 is_stmt 0 view .LVU2
  59              		.thumb
  60              		.syntax unified
  61              		.cfi_endproc
  62              	.LFE0:
  64              		.section	.text.xIsPrivileged,"ax",%progbits
  65              		.align	1
  66              		.global	xIsPrivileged
  67              		.syntax unified
  68              		.thumb
ARM GAS  /tmp/ccBLKH3L.s 			page 5


  69              		.thumb_func
  71              	xIsPrivileged:
  72              	.LFB1:
 163:Middlewares/Third_Party/FreeRTOS/Source/portable/GCC/ARM_CM33_NTZ/non_secure/portasm.c **** 
 164:Middlewares/Third_Party/FreeRTOS/Source/portable/GCC/ARM_CM33_NTZ/non_secure/portasm.c **** #endif /* configENABLE_MPU */
 165:Middlewares/Third_Party/FreeRTOS/Source/portable/GCC/ARM_CM33_NTZ/non_secure/portasm.c **** /*-----------------------------------------------------------*/
 166:Middlewares/Third_Party/FreeRTOS/Source/portable/GCC/ARM_CM33_NTZ/non_secure/portasm.c **** 
 167:Middlewares/Third_Party/FreeRTOS/Source/portable/GCC/ARM_CM33_NTZ/non_secure/portasm.c **** BaseType_t xIsPrivileged( void ) /* __attribute__ (( naked )) */
 168:Middlewares/Third_Party/FreeRTOS/Source/portable/GCC/ARM_CM33_NTZ/non_secure/portasm.c **** {
  73              		.loc 1 168 1 is_stmt 1 view -0
  74              		.cfi_startproc
  75              		@ Naked Function: prologue and epilogue provided by programmer.
  76              		@ args = 0, pretend = 0, frame = 0
  77              		@ frame_needed = 0, uses_anonymous_args = 0
 169:Middlewares/Third_Party/FreeRTOS/Source/portable/GCC/ARM_CM33_NTZ/non_secure/portasm.c ****     __asm volatile
  78              		.loc 1 169 5 view .LVU4
  79              		.syntax unified
  80              	@ 169 "Middlewares/Third_Party/FreeRTOS/Source/portable/GCC/ARM_CM33_NTZ/non_secure/portasm.c" 1
  81              		   .syntax unified                                 
  82              	                                                   
  83 0000 EFF31480 	   mrs r0, control                                 
  84 0004 10F0010F 	   tst r0, #1                                      
  85 0008 14BF     	   ite ne                                          
  86 000a 0020     	   movne r0, #0                                    
  87 000c 0120     	   moveq r0, #1                                    
  88 000e 7047     	   bx lr                                           
  89              	
  90              	@ 0 "" 2
 170:Middlewares/Third_Party/FreeRTOS/Source/portable/GCC/ARM_CM33_NTZ/non_secure/portasm.c ****     (
 171:Middlewares/Third_Party/FreeRTOS/Source/portable/GCC/ARM_CM33_NTZ/non_secure/portasm.c ****         "   .syntax unified                                 \n"
 172:Middlewares/Third_Party/FreeRTOS/Source/portable/GCC/ARM_CM33_NTZ/non_secure/portasm.c ****         "                                                   \n"
 173:Middlewares/Third_Party/FreeRTOS/Source/portable/GCC/ARM_CM33_NTZ/non_secure/portasm.c ****         "   mrs r0, control                                 \n" /* r0 = CONTROL. */
 174:Middlewares/Third_Party/FreeRTOS/Source/portable/GCC/ARM_CM33_NTZ/non_secure/portasm.c ****         "   tst r0, #1                                      \n" /* Perform r0 & 1 (bitwise AND) and
 175:Middlewares/Third_Party/FreeRTOS/Source/portable/GCC/ARM_CM33_NTZ/non_secure/portasm.c ****         "   ite ne                                          \n"
 176:Middlewares/Third_Party/FreeRTOS/Source/portable/GCC/ARM_CM33_NTZ/non_secure/portasm.c ****         "   movne r0, #0                                    \n" /* CONTROL[0]!=0. Return false to i
 177:Middlewares/Third_Party/FreeRTOS/Source/portable/GCC/ARM_CM33_NTZ/non_secure/portasm.c ****         "   moveq r0, #1                                    \n" /* CONTROL[0]==0. Return true to in
 178:Middlewares/Third_Party/FreeRTOS/Source/portable/GCC/ARM_CM33_NTZ/non_secure/portasm.c ****         "   bx lr                                           \n" /* Return. */
 179:Middlewares/Third_Party/FreeRTOS/Source/portable/GCC/ARM_CM33_NTZ/non_secure/portasm.c ****         ::: "r0", "memory"
 180:Middlewares/Third_Party/FreeRTOS/Source/portable/GCC/ARM_CM33_NTZ/non_secure/portasm.c ****     );
 181:Middlewares/Third_Party/FreeRTOS/Source/portable/GCC/ARM_CM33_NTZ/non_secure/portasm.c **** }
  91              		.loc 1 181 1 is_stmt 0 view .LVU5
  92              		.thumb
  93              		.syntax unified
  94              		.cfi_endproc
  95              	.LFE1:
  97              		.section	.text.vRaisePrivilege,"ax",%progbits
  98              		.align	1
  99              		.global	vRaisePrivilege
 100              		.syntax unified
 101              		.thumb
 102              		.thumb_func
 104              	vRaisePrivilege:
 105              	.LFB2:
 182:Middlewares/Third_Party/FreeRTOS/Source/portable/GCC/ARM_CM33_NTZ/non_secure/portasm.c **** /*-----------------------------------------------------------*/
 183:Middlewares/Third_Party/FreeRTOS/Source/portable/GCC/ARM_CM33_NTZ/non_secure/portasm.c **** 
 184:Middlewares/Third_Party/FreeRTOS/Source/portable/GCC/ARM_CM33_NTZ/non_secure/portasm.c **** void vRaisePrivilege( void ) /* __attribute__ (( naked )) PRIVILEGED_FUNCTION */
 185:Middlewares/Third_Party/FreeRTOS/Source/portable/GCC/ARM_CM33_NTZ/non_secure/portasm.c **** {
ARM GAS  /tmp/ccBLKH3L.s 			page 6


 106              		.loc 1 185 1 is_stmt 1 view -0
 107              		.cfi_startproc
 108              		@ Naked Function: prologue and epilogue provided by programmer.
 109              		@ args = 0, pretend = 0, frame = 0
 110              		@ frame_needed = 0, uses_anonymous_args = 0
 186:Middlewares/Third_Party/FreeRTOS/Source/portable/GCC/ARM_CM33_NTZ/non_secure/portasm.c ****     __asm volatile
 111              		.loc 1 186 5 view .LVU7
 112              		.syntax unified
 113              	@ 186 "Middlewares/Third_Party/FreeRTOS/Source/portable/GCC/ARM_CM33_NTZ/non_secure/portasm.c" 1
 114              		   .syntax unified                                 
 115              	                                                   
 116 0000 EFF31480 	   mrs  r0, control                                
 117 0004 20F00100 	   bic r0, #1                                      
 118 0008 80F31488 	   msr  control, r0                                
 119 000c 7047     	   bx lr                                           
 120              	
 121              	@ 0 "" 2
 187:Middlewares/Third_Party/FreeRTOS/Source/portable/GCC/ARM_CM33_NTZ/non_secure/portasm.c ****     (
 188:Middlewares/Third_Party/FreeRTOS/Source/portable/GCC/ARM_CM33_NTZ/non_secure/portasm.c ****         "   .syntax unified                                 \n"
 189:Middlewares/Third_Party/FreeRTOS/Source/portable/GCC/ARM_CM33_NTZ/non_secure/portasm.c ****         "                                                   \n"
 190:Middlewares/Third_Party/FreeRTOS/Source/portable/GCC/ARM_CM33_NTZ/non_secure/portasm.c ****         "   mrs  r0, control                                \n" /* Read the CONTROL register. */
 191:Middlewares/Third_Party/FreeRTOS/Source/portable/GCC/ARM_CM33_NTZ/non_secure/portasm.c ****         "   bic r0, #1                                      \n" /* Clear the bit 0. */
 192:Middlewares/Third_Party/FreeRTOS/Source/portable/GCC/ARM_CM33_NTZ/non_secure/portasm.c ****         "   msr  control, r0                                \n" /* Write back the new CONTROL value
 193:Middlewares/Third_Party/FreeRTOS/Source/portable/GCC/ARM_CM33_NTZ/non_secure/portasm.c ****         "   bx lr                                           \n" /* Return to the caller. */
 194:Middlewares/Third_Party/FreeRTOS/Source/portable/GCC/ARM_CM33_NTZ/non_secure/portasm.c ****         ::: "r0", "memory"
 195:Middlewares/Third_Party/FreeRTOS/Source/portable/GCC/ARM_CM33_NTZ/non_secure/portasm.c ****     );
 196:Middlewares/Third_Party/FreeRTOS/Source/portable/GCC/ARM_CM33_NTZ/non_secure/portasm.c **** }
 122              		.loc 1 196 1 is_stmt 0 view .LVU8
 123              		.thumb
 124              		.syntax unified
 125              		.cfi_endproc
 126              	.LFE2:
 128              		.section	.text.vResetPrivilege,"ax",%progbits
 129              		.align	1
 130              		.global	vResetPrivilege
 131              		.syntax unified
 132              		.thumb
 133              		.thumb_func
 135              	vResetPrivilege:
 136              	.LFB3:
 197:Middlewares/Third_Party/FreeRTOS/Source/portable/GCC/ARM_CM33_NTZ/non_secure/portasm.c **** /*-----------------------------------------------------------*/
 198:Middlewares/Third_Party/FreeRTOS/Source/portable/GCC/ARM_CM33_NTZ/non_secure/portasm.c **** 
 199:Middlewares/Third_Party/FreeRTOS/Source/portable/GCC/ARM_CM33_NTZ/non_secure/portasm.c **** void vResetPrivilege( void ) /* __attribute__ (( naked )) */
 200:Middlewares/Third_Party/FreeRTOS/Source/portable/GCC/ARM_CM33_NTZ/non_secure/portasm.c **** {
 137              		.loc 1 200 1 is_stmt 1 view -0
 138              		.cfi_startproc
 139              		@ Naked Function: prologue and epilogue provided by programmer.
 140              		@ args = 0, pretend = 0, frame = 0
 141              		@ frame_needed = 0, uses_anonymous_args = 0
 201:Middlewares/Third_Party/FreeRTOS/Source/portable/GCC/ARM_CM33_NTZ/non_secure/portasm.c ****     __asm volatile
 142              		.loc 1 201 5 view .LVU10
 143              		.syntax unified
 144              	@ 201 "Middlewares/Third_Party/FreeRTOS/Source/portable/GCC/ARM_CM33_NTZ/non_secure/portasm.c" 1
 145              		   .syntax unified                                 
 146              	                                                   
 147 0000 EFF31480 	   mrs r0, control                                 
 148 0004 40F00100 	   orr r0, #1                                      
ARM GAS  /tmp/ccBLKH3L.s 			page 7


 149 0008 80F31488 	   msr control, r0                                 
 150 000c 7047     	   bx lr                                           
 151              	
 152              	@ 0 "" 2
 202:Middlewares/Third_Party/FreeRTOS/Source/portable/GCC/ARM_CM33_NTZ/non_secure/portasm.c ****     (
 203:Middlewares/Third_Party/FreeRTOS/Source/portable/GCC/ARM_CM33_NTZ/non_secure/portasm.c ****         "   .syntax unified                                 \n"
 204:Middlewares/Third_Party/FreeRTOS/Source/portable/GCC/ARM_CM33_NTZ/non_secure/portasm.c ****         "                                                   \n"
 205:Middlewares/Third_Party/FreeRTOS/Source/portable/GCC/ARM_CM33_NTZ/non_secure/portasm.c ****         "   mrs r0, control                                 \n" /* r0 = CONTROL. */
 206:Middlewares/Third_Party/FreeRTOS/Source/portable/GCC/ARM_CM33_NTZ/non_secure/portasm.c ****         "   orr r0, #1                                      \n" /* r0 = r0 | 1. */
 207:Middlewares/Third_Party/FreeRTOS/Source/portable/GCC/ARM_CM33_NTZ/non_secure/portasm.c ****         "   msr control, r0                                 \n" /* CONTROL = r0. */
 208:Middlewares/Third_Party/FreeRTOS/Source/portable/GCC/ARM_CM33_NTZ/non_secure/portasm.c ****         "   bx lr                                           \n" /* Return to the caller. */
 209:Middlewares/Third_Party/FreeRTOS/Source/portable/GCC/ARM_CM33_NTZ/non_secure/portasm.c ****         ::: "r0", "memory"
 210:Middlewares/Third_Party/FreeRTOS/Source/portable/GCC/ARM_CM33_NTZ/non_secure/portasm.c ****     );
 211:Middlewares/Third_Party/FreeRTOS/Source/portable/GCC/ARM_CM33_NTZ/non_secure/portasm.c **** }
 153              		.loc 1 211 1 is_stmt 0 view .LVU11
 154              		.thumb
 155              		.syntax unified
 156              		.cfi_endproc
 157              	.LFE3:
 159              		.section	.text.vStartFirstTask,"ax",%progbits
 160              		.align	1
 161              		.global	vStartFirstTask
 162              		.syntax unified
 163              		.thumb
 164              		.thumb_func
 166              	vStartFirstTask:
 167              	.LFB4:
 212:Middlewares/Third_Party/FreeRTOS/Source/portable/GCC/ARM_CM33_NTZ/non_secure/portasm.c **** /*-----------------------------------------------------------*/
 213:Middlewares/Third_Party/FreeRTOS/Source/portable/GCC/ARM_CM33_NTZ/non_secure/portasm.c **** 
 214:Middlewares/Third_Party/FreeRTOS/Source/portable/GCC/ARM_CM33_NTZ/non_secure/portasm.c **** void vStartFirstTask( void ) /* __attribute__ (( naked )) PRIVILEGED_FUNCTION */
 215:Middlewares/Third_Party/FreeRTOS/Source/portable/GCC/ARM_CM33_NTZ/non_secure/portasm.c **** {
 168              		.loc 1 215 1 is_stmt 1 view -0
 169              		.cfi_startproc
 170              		@ Naked Function: prologue and epilogue provided by programmer.
 171              		@ args = 0, pretend = 0, frame = 0
 172              		@ frame_needed = 0, uses_anonymous_args = 0
 216:Middlewares/Third_Party/FreeRTOS/Source/portable/GCC/ARM_CM33_NTZ/non_secure/portasm.c ****     __asm volatile
 173              		.loc 1 216 5 view .LVU13
 174              		.syntax unified
 175              	@ 216 "Middlewares/Third_Party/FreeRTOS/Source/portable/GCC/ARM_CM33_NTZ/non_secure/portasm.c" 1
 176              		   .syntax unified                                 
 177              	                                                   
 178 0000 0648     	   ldr r0, =0xe000ed08                             
 179 0002 0068     	   ldr r0, [r0]                                    
 180 0004 0068     	   ldr r0, [r0]                                    
 181 0006 80F30888 	   msr msp, r0                                     
 182 000a 62B6     	   cpsie i                                         
 183 000c 61B6     	   cpsie f                                         
 184 000e BFF34F8F 	   dsb                                             
 185 0012 BFF36F8F 	   isb                                             
 186 0016 66DF     	   svc #102                                          
 187 0018 00BF     	   nop                                             
 188              	
 189              	@ 0 "" 2
 217:Middlewares/Third_Party/FreeRTOS/Source/portable/GCC/ARM_CM33_NTZ/non_secure/portasm.c ****     (
 218:Middlewares/Third_Party/FreeRTOS/Source/portable/GCC/ARM_CM33_NTZ/non_secure/portasm.c ****         "   .syntax unified                                 \n"
 219:Middlewares/Third_Party/FreeRTOS/Source/portable/GCC/ARM_CM33_NTZ/non_secure/portasm.c ****         "                                                   \n"
ARM GAS  /tmp/ccBLKH3L.s 			page 8


 220:Middlewares/Third_Party/FreeRTOS/Source/portable/GCC/ARM_CM33_NTZ/non_secure/portasm.c ****         "   ldr r0, =0xe000ed08                             \n" /* Use the NVIC offset register to 
 221:Middlewares/Third_Party/FreeRTOS/Source/portable/GCC/ARM_CM33_NTZ/non_secure/portasm.c ****         "   ldr r0, [r0]                                    \n" /* Read the VTOR register which giv
 222:Middlewares/Third_Party/FreeRTOS/Source/portable/GCC/ARM_CM33_NTZ/non_secure/portasm.c ****         "   ldr r0, [r0]                                    \n" /* The first entry in vector table 
 223:Middlewares/Third_Party/FreeRTOS/Source/portable/GCC/ARM_CM33_NTZ/non_secure/portasm.c ****         "   msr msp, r0                                     \n" /* Set the MSP back to the start of
 224:Middlewares/Third_Party/FreeRTOS/Source/portable/GCC/ARM_CM33_NTZ/non_secure/portasm.c ****         "   cpsie i                                         \n" /* Globally enable interrupts. */
 225:Middlewares/Third_Party/FreeRTOS/Source/portable/GCC/ARM_CM33_NTZ/non_secure/portasm.c ****         "   cpsie f                                         \n"
 226:Middlewares/Third_Party/FreeRTOS/Source/portable/GCC/ARM_CM33_NTZ/non_secure/portasm.c ****         "   dsb                                             \n"
 227:Middlewares/Third_Party/FreeRTOS/Source/portable/GCC/ARM_CM33_NTZ/non_secure/portasm.c ****         "   isb                                             \n"
 228:Middlewares/Third_Party/FreeRTOS/Source/portable/GCC/ARM_CM33_NTZ/non_secure/portasm.c ****         "   svc %0                                          \n" /* System call to start the first t
 229:Middlewares/Third_Party/FreeRTOS/Source/portable/GCC/ARM_CM33_NTZ/non_secure/portasm.c ****         "   nop                                             \n"
 230:Middlewares/Third_Party/FreeRTOS/Source/portable/GCC/ARM_CM33_NTZ/non_secure/portasm.c ****         ::"i" ( portSVC_START_SCHEDULER ) : "memory"
 231:Middlewares/Third_Party/FreeRTOS/Source/portable/GCC/ARM_CM33_NTZ/non_secure/portasm.c ****     );
 232:Middlewares/Third_Party/FreeRTOS/Source/portable/GCC/ARM_CM33_NTZ/non_secure/portasm.c **** }
 190              		.loc 1 232 1 is_stmt 0 view .LVU14
 191              		.thumb
 192              		.syntax unified
 193              		.cfi_endproc
 194              	.LFE4:
 196 001a 0000     		.section	.text.ulSetInterruptMask,"ax",%progbits
 197              		.align	1
 198              		.global	ulSetInterruptMask
 199              		.syntax unified
 200              		.thumb
 201              		.thumb_func
 203              	ulSetInterruptMask:
 204              	.LFB5:
 233:Middlewares/Third_Party/FreeRTOS/Source/portable/GCC/ARM_CM33_NTZ/non_secure/portasm.c **** /*-----------------------------------------------------------*/
 234:Middlewares/Third_Party/FreeRTOS/Source/portable/GCC/ARM_CM33_NTZ/non_secure/portasm.c **** 
 235:Middlewares/Third_Party/FreeRTOS/Source/portable/GCC/ARM_CM33_NTZ/non_secure/portasm.c **** uint32_t ulSetInterruptMask( void ) /* __attribute__(( naked )) PRIVILEGED_FUNCTION */
 236:Middlewares/Third_Party/FreeRTOS/Source/portable/GCC/ARM_CM33_NTZ/non_secure/portasm.c **** {
 205              		.loc 1 236 1 is_stmt 1 view -0
 206              		.cfi_startproc
 207              		@ Naked Function: prologue and epilogue provided by programmer.
 208              		@ args = 0, pretend = 0, frame = 0
 209              		@ frame_needed = 0, uses_anonymous_args = 0
 237:Middlewares/Third_Party/FreeRTOS/Source/portable/GCC/ARM_CM33_NTZ/non_secure/portasm.c ****     __asm volatile
 210              		.loc 1 237 5 view .LVU16
 211              		.syntax unified
 212              	@ 237 "Middlewares/Third_Party/FreeRTOS/Source/portable/GCC/ARM_CM33_NTZ/non_secure/portasm.c" 1
 213              		   .syntax unified                                 
 214              	                                                   
 215 0000 EFF31180 	   mrs r0, basepri                                 
 216 0004 4FF05001 	   mov r1, #80                                      
 217 0008 81F31188 	   msr basepri, r1                                 
 218 000c BFF34F8F 	   dsb                                             
 219 0010 BFF36F8F 	   isb                                             
 220 0014 7047     	   bx lr                                           
 221              	
 222              	@ 0 "" 2
 238:Middlewares/Third_Party/FreeRTOS/Source/portable/GCC/ARM_CM33_NTZ/non_secure/portasm.c ****     (
 239:Middlewares/Third_Party/FreeRTOS/Source/portable/GCC/ARM_CM33_NTZ/non_secure/portasm.c ****         "   .syntax unified                                 \n"
 240:Middlewares/Third_Party/FreeRTOS/Source/portable/GCC/ARM_CM33_NTZ/non_secure/portasm.c ****         "                                                   \n"
 241:Middlewares/Third_Party/FreeRTOS/Source/portable/GCC/ARM_CM33_NTZ/non_secure/portasm.c ****         "   mrs r0, basepri                                 \n" /* r0 = basepri. Return original ba
 242:Middlewares/Third_Party/FreeRTOS/Source/portable/GCC/ARM_CM33_NTZ/non_secure/portasm.c ****         "   mov r1, %0                                      \n" /* r1 = configMAX_SYSCALL_INTERRUPT
 243:Middlewares/Third_Party/FreeRTOS/Source/portable/GCC/ARM_CM33_NTZ/non_secure/portasm.c ****         "   msr basepri, r1                                 \n" /* Disable interrupts up to configM
 244:Middlewares/Third_Party/FreeRTOS/Source/portable/GCC/ARM_CM33_NTZ/non_secure/portasm.c ****         "   dsb                                             \n"
 245:Middlewares/Third_Party/FreeRTOS/Source/portable/GCC/ARM_CM33_NTZ/non_secure/portasm.c ****         "   isb                                             \n"
ARM GAS  /tmp/ccBLKH3L.s 			page 9


 246:Middlewares/Third_Party/FreeRTOS/Source/portable/GCC/ARM_CM33_NTZ/non_secure/portasm.c ****         "   bx lr                                           \n" /* Return. */
 247:Middlewares/Third_Party/FreeRTOS/Source/portable/GCC/ARM_CM33_NTZ/non_secure/portasm.c ****         ::"i" ( configMAX_SYSCALL_INTERRUPT_PRIORITY ) : "memory"
 248:Middlewares/Third_Party/FreeRTOS/Source/portable/GCC/ARM_CM33_NTZ/non_secure/portasm.c ****     );
 249:Middlewares/Third_Party/FreeRTOS/Source/portable/GCC/ARM_CM33_NTZ/non_secure/portasm.c **** }
 223              		.loc 1 249 1 is_stmt 0 view .LVU17
 224              		.thumb
 225              		.syntax unified
 226              		.cfi_endproc
 227              	.LFE5:
 229              		.section	.text.vClearInterruptMask,"ax",%progbits
 230              		.align	1
 231              		.global	vClearInterruptMask
 232              		.syntax unified
 233              		.thumb
 234              		.thumb_func
 236              	vClearInterruptMask:
 237              	.LVL0:
 238              	.LFB6:
 250:Middlewares/Third_Party/FreeRTOS/Source/portable/GCC/ARM_CM33_NTZ/non_secure/portasm.c **** /*-----------------------------------------------------------*/
 251:Middlewares/Third_Party/FreeRTOS/Source/portable/GCC/ARM_CM33_NTZ/non_secure/portasm.c **** 
 252:Middlewares/Third_Party/FreeRTOS/Source/portable/GCC/ARM_CM33_NTZ/non_secure/portasm.c **** void vClearInterruptMask( __attribute__( ( unused ) ) uint32_t ulMask ) /* __attribute__(( naked ))
 253:Middlewares/Third_Party/FreeRTOS/Source/portable/GCC/ARM_CM33_NTZ/non_secure/portasm.c **** {
 239              		.loc 1 253 1 is_stmt 1 view -0
 240              		.cfi_startproc
 241              		@ Naked Function: prologue and epilogue provided by programmer.
 242              		@ args = 0, pretend = 0, frame = 0
 243              		@ frame_needed = 0, uses_anonymous_args = 0
 254:Middlewares/Third_Party/FreeRTOS/Source/portable/GCC/ARM_CM33_NTZ/non_secure/portasm.c ****     __asm volatile
 244              		.loc 1 254 5 view .LVU19
 245              		.syntax unified
 246              	@ 254 "Middlewares/Third_Party/FreeRTOS/Source/portable/GCC/ARM_CM33_NTZ/non_secure/portasm.c" 1
 247              		   .syntax unified                                 
 248              	                                                   
 249 0000 80F31188 	   msr basepri, r0                                 
 250 0004 BFF34F8F 	   dsb                                             
 251 0008 BFF36F8F 	   isb                                             
 252 000c 7047     	   bx lr                                           
 253              	
 254              	@ 0 "" 2
 255:Middlewares/Third_Party/FreeRTOS/Source/portable/GCC/ARM_CM33_NTZ/non_secure/portasm.c ****     (
 256:Middlewares/Third_Party/FreeRTOS/Source/portable/GCC/ARM_CM33_NTZ/non_secure/portasm.c ****         "   .syntax unified                                 \n"
 257:Middlewares/Third_Party/FreeRTOS/Source/portable/GCC/ARM_CM33_NTZ/non_secure/portasm.c ****         "                                                   \n"
 258:Middlewares/Third_Party/FreeRTOS/Source/portable/GCC/ARM_CM33_NTZ/non_secure/portasm.c ****         "   msr basepri, r0                                 \n" /* basepri = ulMask. */
 259:Middlewares/Third_Party/FreeRTOS/Source/portable/GCC/ARM_CM33_NTZ/non_secure/portasm.c ****         "   dsb                                             \n"
 260:Middlewares/Third_Party/FreeRTOS/Source/portable/GCC/ARM_CM33_NTZ/non_secure/portasm.c ****         "   isb                                             \n"
 261:Middlewares/Third_Party/FreeRTOS/Source/portable/GCC/ARM_CM33_NTZ/non_secure/portasm.c ****         "   bx lr                                           \n" /* Return. */
 262:Middlewares/Third_Party/FreeRTOS/Source/portable/GCC/ARM_CM33_NTZ/non_secure/portasm.c ****         ::: "memory"
 263:Middlewares/Third_Party/FreeRTOS/Source/portable/GCC/ARM_CM33_NTZ/non_secure/portasm.c ****     );
 264:Middlewares/Third_Party/FreeRTOS/Source/portable/GCC/ARM_CM33_NTZ/non_secure/portasm.c **** }
 255              		.loc 1 264 1 is_stmt 0 view .LVU20
 256              		.thumb
 257              		.syntax unified
 258              		.cfi_endproc
 259              	.LFE6:
 261              		.section	.text.PendSV_Handler,"ax",%progbits
 262              		.align	1
 263              		.global	PendSV_Handler
ARM GAS  /tmp/ccBLKH3L.s 			page 10


 264              		.syntax unified
 265              		.thumb
 266              		.thumb_func
 268              	PendSV_Handler:
 269              	.LFB7:
 265:Middlewares/Third_Party/FreeRTOS/Source/portable/GCC/ARM_CM33_NTZ/non_secure/portasm.c **** /*-----------------------------------------------------------*/
 266:Middlewares/Third_Party/FreeRTOS/Source/portable/GCC/ARM_CM33_NTZ/non_secure/portasm.c **** 
 267:Middlewares/Third_Party/FreeRTOS/Source/portable/GCC/ARM_CM33_NTZ/non_secure/portasm.c **** #if ( configENABLE_MPU == 1 )
 268:Middlewares/Third_Party/FreeRTOS/Source/portable/GCC/ARM_CM33_NTZ/non_secure/portasm.c **** 
 269:Middlewares/Third_Party/FreeRTOS/Source/portable/GCC/ARM_CM33_NTZ/non_secure/portasm.c ****     void PendSV_Handler( void ) /* __attribute__ (( naked )) PRIVILEGED_FUNCTION */
 270:Middlewares/Third_Party/FreeRTOS/Source/portable/GCC/ARM_CM33_NTZ/non_secure/portasm.c ****     {
 271:Middlewares/Third_Party/FreeRTOS/Source/portable/GCC/ARM_CM33_NTZ/non_secure/portasm.c ****         __asm volatile
 272:Middlewares/Third_Party/FreeRTOS/Source/portable/GCC/ARM_CM33_NTZ/non_secure/portasm.c ****         (
 273:Middlewares/Third_Party/FreeRTOS/Source/portable/GCC/ARM_CM33_NTZ/non_secure/portasm.c ****             " .syntax unified                                 \n"
 274:Middlewares/Third_Party/FreeRTOS/Source/portable/GCC/ARM_CM33_NTZ/non_secure/portasm.c ****             "                                                 \n"
 275:Middlewares/Third_Party/FreeRTOS/Source/portable/GCC/ARM_CM33_NTZ/non_secure/portasm.c ****             " ldr r2, =pxCurrentTCB                           \n" /* Read the location of pxCurrent
 276:Middlewares/Third_Party/FreeRTOS/Source/portable/GCC/ARM_CM33_NTZ/non_secure/portasm.c ****             " ldr r0, [r2]                                    \n" /* r0 = pxCurrentTCB. */
 277:Middlewares/Third_Party/FreeRTOS/Source/portable/GCC/ARM_CM33_NTZ/non_secure/portasm.c ****             " ldr r1, [r0]                                    \n" /* r1 = Location in TCB where the
 278:Middlewares/Third_Party/FreeRTOS/Source/portable/GCC/ARM_CM33_NTZ/non_secure/portasm.c ****             " mrs r2, psp                                     \n" /* r2 = PSP. */
 279:Middlewares/Third_Party/FreeRTOS/Source/portable/GCC/ARM_CM33_NTZ/non_secure/portasm.c ****             "                                                 \n"
 280:Middlewares/Third_Party/FreeRTOS/Source/portable/GCC/ARM_CM33_NTZ/non_secure/portasm.c ****             " save_general_regs:                              \n"
 281:Middlewares/Third_Party/FreeRTOS/Source/portable/GCC/ARM_CM33_NTZ/non_secure/portasm.c ****         #if ( ( configENABLE_FPU == 1 ) || ( configENABLE_MVE == 1 ) )
 282:Middlewares/Third_Party/FreeRTOS/Source/portable/GCC/ARM_CM33_NTZ/non_secure/portasm.c ****             "    add r2, r2, #0x20                            \n" /* Move r2 to location where s0 i
 283:Middlewares/Third_Party/FreeRTOS/Source/portable/GCC/ARM_CM33_NTZ/non_secure/portasm.c ****             "    tst lr, #0x10                                \n"
 284:Middlewares/Third_Party/FreeRTOS/Source/portable/GCC/ARM_CM33_NTZ/non_secure/portasm.c ****             "    ittt eq                                      \n"
 285:Middlewares/Third_Party/FreeRTOS/Source/portable/GCC/ARM_CM33_NTZ/non_secure/portasm.c ****             "    vstmiaeq r1!, {s16-s31}                      \n" /* Store s16-s31. */
 286:Middlewares/Third_Party/FreeRTOS/Source/portable/GCC/ARM_CM33_NTZ/non_secure/portasm.c ****             "    vldmiaeq r2, {s0-s16}                        \n" /* Copy hardware saved FP context
 287:Middlewares/Third_Party/FreeRTOS/Source/portable/GCC/ARM_CM33_NTZ/non_secure/portasm.c ****             "    vstmiaeq r1!, {s0-s16}                       \n" /* Store hardware saved FP contex
 288:Middlewares/Third_Party/FreeRTOS/Source/portable/GCC/ARM_CM33_NTZ/non_secure/portasm.c ****             "    sub r2, r2, #0x20                            \n" /* Set r2 back to the location of
 289:Middlewares/Third_Party/FreeRTOS/Source/portable/GCC/ARM_CM33_NTZ/non_secure/portasm.c ****         #endif /* configENABLE_FPU || configENABLE_MVE */
 290:Middlewares/Third_Party/FreeRTOS/Source/portable/GCC/ARM_CM33_NTZ/non_secure/portasm.c ****             "    stmia r1!, {r4-r11}                          \n" /* Store r4-r11. */
 291:Middlewares/Third_Party/FreeRTOS/Source/portable/GCC/ARM_CM33_NTZ/non_secure/portasm.c ****             "    ldmia r2, {r4-r11}                           \n" /* Copy the hardware saved contex
 292:Middlewares/Third_Party/FreeRTOS/Source/portable/GCC/ARM_CM33_NTZ/non_secure/portasm.c ****             "    stmia r1!, {r4-r11}                          \n" /* Store the hardware saved conte
 293:Middlewares/Third_Party/FreeRTOS/Source/portable/GCC/ARM_CM33_NTZ/non_secure/portasm.c ****             "                                                 \n"
 294:Middlewares/Third_Party/FreeRTOS/Source/portable/GCC/ARM_CM33_NTZ/non_secure/portasm.c ****             " save_special_regs:                              \n"
 295:Middlewares/Third_Party/FreeRTOS/Source/portable/GCC/ARM_CM33_NTZ/non_secure/portasm.c ****             "    mrs r3, psplim                               \n" /* r3 = PSPLIM. */
 296:Middlewares/Third_Party/FreeRTOS/Source/portable/GCC/ARM_CM33_NTZ/non_secure/portasm.c ****             "    mrs r4, control                              \n" /* r4 = CONTROL. */
 297:Middlewares/Third_Party/FreeRTOS/Source/portable/GCC/ARM_CM33_NTZ/non_secure/portasm.c ****             "    stmia r1!, {r2-r4, lr}                       \n" /* Store original PSP (after hard
 298:Middlewares/Third_Party/FreeRTOS/Source/portable/GCC/ARM_CM33_NTZ/non_secure/portasm.c ****         #if ( configENABLE_PAC == 1 )
 299:Middlewares/Third_Party/FreeRTOS/Source/portable/GCC/ARM_CM33_NTZ/non_secure/portasm.c ****             "   mrs  r2, PAC_KEY_P_0                          \n" /* Read task's dedicated PAC key 
 300:Middlewares/Third_Party/FreeRTOS/Source/portable/GCC/ARM_CM33_NTZ/non_secure/portasm.c ****             "   mrs  r3, PAC_KEY_P_1                          \n"
 301:Middlewares/Third_Party/FreeRTOS/Source/portable/GCC/ARM_CM33_NTZ/non_secure/portasm.c ****             "   mrs  r4, PAC_KEY_P_2                          \n"
 302:Middlewares/Third_Party/FreeRTOS/Source/portable/GCC/ARM_CM33_NTZ/non_secure/portasm.c ****             "   mrs  r5, PAC_KEY_P_3                          \n"
 303:Middlewares/Third_Party/FreeRTOS/Source/portable/GCC/ARM_CM33_NTZ/non_secure/portasm.c ****             "   stmia r1!, {r2-r5}                            \n" /* Store the task's dedicated PAC
 304:Middlewares/Third_Party/FreeRTOS/Source/portable/GCC/ARM_CM33_NTZ/non_secure/portasm.c ****             "   clrm {r2-r5}                                  \n" /* Clear r2-r5. */
 305:Middlewares/Third_Party/FreeRTOS/Source/portable/GCC/ARM_CM33_NTZ/non_secure/portasm.c ****         #endif /* configENABLE_PAC */
 306:Middlewares/Third_Party/FreeRTOS/Source/portable/GCC/ARM_CM33_NTZ/non_secure/portasm.c ****             "    str r1, [r0]                                 \n" /* Save the location from where t
 307:Middlewares/Third_Party/FreeRTOS/Source/portable/GCC/ARM_CM33_NTZ/non_secure/portasm.c ****             "                                                 \n"
 308:Middlewares/Third_Party/FreeRTOS/Source/portable/GCC/ARM_CM33_NTZ/non_secure/portasm.c ****             " select_next_task:                               \n"
 309:Middlewares/Third_Party/FreeRTOS/Source/portable/GCC/ARM_CM33_NTZ/non_secure/portasm.c ****             "    mov r0, %0                                   \n" /* r0 = configMAX_SYSCALL_INTERRU
 310:Middlewares/Third_Party/FreeRTOS/Source/portable/GCC/ARM_CM33_NTZ/non_secure/portasm.c ****             "    msr basepri, r0                              \n" /* Disable interrupts up to confi
 311:Middlewares/Third_Party/FreeRTOS/Source/portable/GCC/ARM_CM33_NTZ/non_secure/portasm.c ****             "    dsb                                          \n"
 312:Middlewares/Third_Party/FreeRTOS/Source/portable/GCC/ARM_CM33_NTZ/non_secure/portasm.c ****             "    isb                                          \n"
 313:Middlewares/Third_Party/FreeRTOS/Source/portable/GCC/ARM_CM33_NTZ/non_secure/portasm.c ****             "    bl vTaskSwitchContext                        \n"
 314:Middlewares/Third_Party/FreeRTOS/Source/portable/GCC/ARM_CM33_NTZ/non_secure/portasm.c ****             "    mov r0, #0                                   \n" /* r0 = 0. */
 315:Middlewares/Third_Party/FreeRTOS/Source/portable/GCC/ARM_CM33_NTZ/non_secure/portasm.c ****             "    msr basepri, r0                              \n" /* Enable interrupts. */
 316:Middlewares/Third_Party/FreeRTOS/Source/portable/GCC/ARM_CM33_NTZ/non_secure/portasm.c ****             "                                                 \n"
ARM GAS  /tmp/ccBLKH3L.s 			page 11


 317:Middlewares/Third_Party/FreeRTOS/Source/portable/GCC/ARM_CM33_NTZ/non_secure/portasm.c ****             " program_mpu:                                    \n"
 318:Middlewares/Third_Party/FreeRTOS/Source/portable/GCC/ARM_CM33_NTZ/non_secure/portasm.c ****             "    ldr r2, =pxCurrentTCB                        \n" /* Read the location of pxCurrent
 319:Middlewares/Third_Party/FreeRTOS/Source/portable/GCC/ARM_CM33_NTZ/non_secure/portasm.c ****             "    ldr r0, [r2]                                 \n" /* r0 = pxCurrentTCB. */
 320:Middlewares/Third_Party/FreeRTOS/Source/portable/GCC/ARM_CM33_NTZ/non_secure/portasm.c ****             "                                                 \n"
 321:Middlewares/Third_Party/FreeRTOS/Source/portable/GCC/ARM_CM33_NTZ/non_secure/portasm.c ****             "    dmb                                          \n" /* Complete outstanding transfers
 322:Middlewares/Third_Party/FreeRTOS/Source/portable/GCC/ARM_CM33_NTZ/non_secure/portasm.c ****             "    ldr r1, =0xe000ed94                          \n" /* r1 = 0xe000ed94 [Location of M
 323:Middlewares/Third_Party/FreeRTOS/Source/portable/GCC/ARM_CM33_NTZ/non_secure/portasm.c ****             "    ldr r2, [r1]                                 \n" /* Read the value of MPU_CTRL. */
 324:Middlewares/Third_Party/FreeRTOS/Source/portable/GCC/ARM_CM33_NTZ/non_secure/portasm.c ****             "    bic r2, #1                                   \n" /* r2 = r2 & ~1 i.e. Clear the bi
 325:Middlewares/Third_Party/FreeRTOS/Source/portable/GCC/ARM_CM33_NTZ/non_secure/portasm.c ****             "    str r2, [r1]                                 \n" /* Disable MPU. */
 326:Middlewares/Third_Party/FreeRTOS/Source/portable/GCC/ARM_CM33_NTZ/non_secure/portasm.c ****             "                                                 \n"
 327:Middlewares/Third_Party/FreeRTOS/Source/portable/GCC/ARM_CM33_NTZ/non_secure/portasm.c ****             "    adds r0, #4                                  \n" /* r0 = r0 + 4. r0 now points to 
 328:Middlewares/Third_Party/FreeRTOS/Source/portable/GCC/ARM_CM33_NTZ/non_secure/portasm.c ****             "    ldr r1, [r0]                                 \n" /* r1 = *r0 i.e. r1 = MAIR0. */
 329:Middlewares/Third_Party/FreeRTOS/Source/portable/GCC/ARM_CM33_NTZ/non_secure/portasm.c ****             "    ldr r2, =0xe000edc0                          \n" /* r2 = 0xe000edc0 [Location of M
 330:Middlewares/Third_Party/FreeRTOS/Source/portable/GCC/ARM_CM33_NTZ/non_secure/portasm.c ****             "    str r1, [r2]                                 \n" /* Program MAIR0. */
 331:Middlewares/Third_Party/FreeRTOS/Source/portable/GCC/ARM_CM33_NTZ/non_secure/portasm.c ****             "                                                 \n"
 332:Middlewares/Third_Party/FreeRTOS/Source/portable/GCC/ARM_CM33_NTZ/non_secure/portasm.c ****             "    adds r0, #4                                  \n" /* r0 = r0 + 4. r0 now points to 
 333:Middlewares/Third_Party/FreeRTOS/Source/portable/GCC/ARM_CM33_NTZ/non_secure/portasm.c ****             "    ldr r1, =0xe000ed98                          \n" /* r1 = 0xe000ed98 [Location of R
 334:Middlewares/Third_Party/FreeRTOS/Source/portable/GCC/ARM_CM33_NTZ/non_secure/portasm.c ****             "    ldr r2, =0xe000ed9c                          \n" /* r2 = 0xe000ed9c [Location of R
 335:Middlewares/Third_Party/FreeRTOS/Source/portable/GCC/ARM_CM33_NTZ/non_secure/portasm.c ****             "                                                 \n"
 336:Middlewares/Third_Party/FreeRTOS/Source/portable/GCC/ARM_CM33_NTZ/non_secure/portasm.c ****             "    movs r3, #4                                  \n" /* r3 = 4. */
 337:Middlewares/Third_Party/FreeRTOS/Source/portable/GCC/ARM_CM33_NTZ/non_secure/portasm.c ****             "    str r3, [r1]                                 \n" /* Program RNR = 4. */
 338:Middlewares/Third_Party/FreeRTOS/Source/portable/GCC/ARM_CM33_NTZ/non_secure/portasm.c ****             "    ldmia r0!, {r4-r11}                          \n" /* Read 4 sets of RBAR/RLAR regis
 339:Middlewares/Third_Party/FreeRTOS/Source/portable/GCC/ARM_CM33_NTZ/non_secure/portasm.c ****             "    stmia r2, {r4-r11}                           \n" /* Write 4 set of RBAR/RLAR regis
 340:Middlewares/Third_Party/FreeRTOS/Source/portable/GCC/ARM_CM33_NTZ/non_secure/portasm.c ****             "                                                 \n"
 341:Middlewares/Third_Party/FreeRTOS/Source/portable/GCC/ARM_CM33_NTZ/non_secure/portasm.c ****         #if ( configTOTAL_MPU_REGIONS == 16 )
 342:Middlewares/Third_Party/FreeRTOS/Source/portable/GCC/ARM_CM33_NTZ/non_secure/portasm.c ****             "    movs r3, #8                                  \n" /* r3 = 8. */
 343:Middlewares/Third_Party/FreeRTOS/Source/portable/GCC/ARM_CM33_NTZ/non_secure/portasm.c ****             "    str r3, [r1]                                 \n" /* Program RNR = 8. */
 344:Middlewares/Third_Party/FreeRTOS/Source/portable/GCC/ARM_CM33_NTZ/non_secure/portasm.c ****             "    ldmia r0!, {r4-r11}                          \n" /* Read 4 sets of RBAR/RLAR regis
 345:Middlewares/Third_Party/FreeRTOS/Source/portable/GCC/ARM_CM33_NTZ/non_secure/portasm.c ****             "    stmia r2, {r4-r11}                           \n" /* Write 4 set of RBAR/RLAR regis
 346:Middlewares/Third_Party/FreeRTOS/Source/portable/GCC/ARM_CM33_NTZ/non_secure/portasm.c ****             "    movs r3, #12                                 \n" /* r3 = 12. */
 347:Middlewares/Third_Party/FreeRTOS/Source/portable/GCC/ARM_CM33_NTZ/non_secure/portasm.c ****             "    str r3, [r1]                                 \n" /* Program RNR = 12. */
 348:Middlewares/Third_Party/FreeRTOS/Source/portable/GCC/ARM_CM33_NTZ/non_secure/portasm.c ****             "    ldmia r0!, {r4-r11}                          \n" /* Read 4 sets of RBAR/RLAR regis
 349:Middlewares/Third_Party/FreeRTOS/Source/portable/GCC/ARM_CM33_NTZ/non_secure/portasm.c ****             "    stmia r2, {r4-r11}                           \n" /* Write 4 set of RBAR/RLAR regis
 350:Middlewares/Third_Party/FreeRTOS/Source/portable/GCC/ARM_CM33_NTZ/non_secure/portasm.c ****         #endif /* configTOTAL_MPU_REGIONS == 16 */
 351:Middlewares/Third_Party/FreeRTOS/Source/portable/GCC/ARM_CM33_NTZ/non_secure/portasm.c ****             "                                                 \n"
 352:Middlewares/Third_Party/FreeRTOS/Source/portable/GCC/ARM_CM33_NTZ/non_secure/portasm.c ****             "   ldr r1, =0xe000ed94                           \n" /* r1 = 0xe000ed94 [Location of M
 353:Middlewares/Third_Party/FreeRTOS/Source/portable/GCC/ARM_CM33_NTZ/non_secure/portasm.c ****             "   ldr r2, [r1]                                  \n" /* Read the value of MPU_CTRL. */
 354:Middlewares/Third_Party/FreeRTOS/Source/portable/GCC/ARM_CM33_NTZ/non_secure/portasm.c ****             "   orr r2, #1                                    \n" /* r2 = r2 | 1 i.e. Set the bit 0
 355:Middlewares/Third_Party/FreeRTOS/Source/portable/GCC/ARM_CM33_NTZ/non_secure/portasm.c ****             "   str r2, [r1]                                  \n" /* Enable MPU. */
 356:Middlewares/Third_Party/FreeRTOS/Source/portable/GCC/ARM_CM33_NTZ/non_secure/portasm.c ****             "   dsb                                           \n" /* Force memory writes before con
 357:Middlewares/Third_Party/FreeRTOS/Source/portable/GCC/ARM_CM33_NTZ/non_secure/portasm.c ****             "                                                 \n"
 358:Middlewares/Third_Party/FreeRTOS/Source/portable/GCC/ARM_CM33_NTZ/non_secure/portasm.c ****             " restore_context:                                \n"
 359:Middlewares/Third_Party/FreeRTOS/Source/portable/GCC/ARM_CM33_NTZ/non_secure/portasm.c ****             "    ldr r2, =pxCurrentTCB                        \n" /* Read the location of pxCurrent
 360:Middlewares/Third_Party/FreeRTOS/Source/portable/GCC/ARM_CM33_NTZ/non_secure/portasm.c ****             "    ldr r0, [r2]                                 \n" /* r0 = pxCurrentTCB.*/
 361:Middlewares/Third_Party/FreeRTOS/Source/portable/GCC/ARM_CM33_NTZ/non_secure/portasm.c ****             "    ldr r1, [r0]                                 \n" /* r1 = Location of saved context
 362:Middlewares/Third_Party/FreeRTOS/Source/portable/GCC/ARM_CM33_NTZ/non_secure/portasm.c ****             "                                                 \n"
 363:Middlewares/Third_Party/FreeRTOS/Source/portable/GCC/ARM_CM33_NTZ/non_secure/portasm.c ****             " restore_special_regs:                           \n"
 364:Middlewares/Third_Party/FreeRTOS/Source/portable/GCC/ARM_CM33_NTZ/non_secure/portasm.c ****         #if ( configENABLE_PAC == 1 )
 365:Middlewares/Third_Party/FreeRTOS/Source/portable/GCC/ARM_CM33_NTZ/non_secure/portasm.c ****             "   ldmdb r1!, {r2-r5}                            \n" /* Read task's dedicated PAC key 
 366:Middlewares/Third_Party/FreeRTOS/Source/portable/GCC/ARM_CM33_NTZ/non_secure/portasm.c ****             "   msr  PAC_KEY_P_0, r2                          \n" /* Write the task's dedicated PAC
 367:Middlewares/Third_Party/FreeRTOS/Source/portable/GCC/ARM_CM33_NTZ/non_secure/portasm.c ****             "   msr  PAC_KEY_P_1, r3                          \n"
 368:Middlewares/Third_Party/FreeRTOS/Source/portable/GCC/ARM_CM33_NTZ/non_secure/portasm.c ****             "   msr  PAC_KEY_P_2, r4                          \n"
 369:Middlewares/Third_Party/FreeRTOS/Source/portable/GCC/ARM_CM33_NTZ/non_secure/portasm.c ****             "   msr  PAC_KEY_P_3, r5                          \n"
 370:Middlewares/Third_Party/FreeRTOS/Source/portable/GCC/ARM_CM33_NTZ/non_secure/portasm.c ****             "   clrm {r2-r5}                                  \n" /* Clear r2-r5. */
 371:Middlewares/Third_Party/FreeRTOS/Source/portable/GCC/ARM_CM33_NTZ/non_secure/portasm.c ****         #endif /* configENABLE_PAC */
 372:Middlewares/Third_Party/FreeRTOS/Source/portable/GCC/ARM_CM33_NTZ/non_secure/portasm.c ****             "    ldmdb r1!, {r2-r4, lr}                       \n" /* r2 = original PSP, r3 = PSPLIM
 373:Middlewares/Third_Party/FreeRTOS/Source/portable/GCC/ARM_CM33_NTZ/non_secure/portasm.c ****             "    msr psp, r2                                  \n"
ARM GAS  /tmp/ccBLKH3L.s 			page 12


 374:Middlewares/Third_Party/FreeRTOS/Source/portable/GCC/ARM_CM33_NTZ/non_secure/portasm.c ****             "    msr psplim, r3                               \n"
 375:Middlewares/Third_Party/FreeRTOS/Source/portable/GCC/ARM_CM33_NTZ/non_secure/portasm.c ****             "    msr control, r4                              \n"
 376:Middlewares/Third_Party/FreeRTOS/Source/portable/GCC/ARM_CM33_NTZ/non_secure/portasm.c ****             "                                                 \n"
 377:Middlewares/Third_Party/FreeRTOS/Source/portable/GCC/ARM_CM33_NTZ/non_secure/portasm.c ****             " restore_general_regs:                           \n"
 378:Middlewares/Third_Party/FreeRTOS/Source/portable/GCC/ARM_CM33_NTZ/non_secure/portasm.c ****             "    ldmdb r1!, {r4-r11}                          \n" /* r4-r11 contain hardware saved 
 379:Middlewares/Third_Party/FreeRTOS/Source/portable/GCC/ARM_CM33_NTZ/non_secure/portasm.c ****             "    stmia r2!, {r4-r11}                          \n" /* Copy the hardware saved contex
 380:Middlewares/Third_Party/FreeRTOS/Source/portable/GCC/ARM_CM33_NTZ/non_secure/portasm.c ****             "    ldmdb r1!, {r4-r11}                          \n" /* r4-r11 restored. */
 381:Middlewares/Third_Party/FreeRTOS/Source/portable/GCC/ARM_CM33_NTZ/non_secure/portasm.c ****         #if ( ( configENABLE_FPU == 1 ) || ( configENABLE_MVE == 1 ) )
 382:Middlewares/Third_Party/FreeRTOS/Source/portable/GCC/ARM_CM33_NTZ/non_secure/portasm.c ****             "    tst lr, #0x10                                \n"
 383:Middlewares/Third_Party/FreeRTOS/Source/portable/GCC/ARM_CM33_NTZ/non_secure/portasm.c ****             "    ittt eq                                      \n"
 384:Middlewares/Third_Party/FreeRTOS/Source/portable/GCC/ARM_CM33_NTZ/non_secure/portasm.c ****             "    vldmdbeq r1!, {s0-s16}                       \n" /* s0-s16 contain hardware saved 
 385:Middlewares/Third_Party/FreeRTOS/Source/portable/GCC/ARM_CM33_NTZ/non_secure/portasm.c ****             "    vstmiaeq r2!, {s0-s16}                       \n" /* Copy hardware saved FP context
 386:Middlewares/Third_Party/FreeRTOS/Source/portable/GCC/ARM_CM33_NTZ/non_secure/portasm.c ****             "    vldmdbeq r1!, {s16-s31}                      \n" /* Restore s16-s31. */
 387:Middlewares/Third_Party/FreeRTOS/Source/portable/GCC/ARM_CM33_NTZ/non_secure/portasm.c ****         #endif /* configENABLE_FPU || configENABLE_MVE */
 388:Middlewares/Third_Party/FreeRTOS/Source/portable/GCC/ARM_CM33_NTZ/non_secure/portasm.c ****             "                                                 \n"
 389:Middlewares/Third_Party/FreeRTOS/Source/portable/GCC/ARM_CM33_NTZ/non_secure/portasm.c ****             " restore_context_done:                           \n"
 390:Middlewares/Third_Party/FreeRTOS/Source/portable/GCC/ARM_CM33_NTZ/non_secure/portasm.c ****             "    str r1, [r0]                                 \n" /* Save the location where the co
 391:Middlewares/Third_Party/FreeRTOS/Source/portable/GCC/ARM_CM33_NTZ/non_secure/portasm.c ****             "    bx lr                                        \n"
 392:Middlewares/Third_Party/FreeRTOS/Source/portable/GCC/ARM_CM33_NTZ/non_secure/portasm.c ****             ::"i" ( configMAX_SYSCALL_INTERRUPT_PRIORITY )
 393:Middlewares/Third_Party/FreeRTOS/Source/portable/GCC/ARM_CM33_NTZ/non_secure/portasm.c ****         );
 394:Middlewares/Third_Party/FreeRTOS/Source/portable/GCC/ARM_CM33_NTZ/non_secure/portasm.c ****     }
 395:Middlewares/Third_Party/FreeRTOS/Source/portable/GCC/ARM_CM33_NTZ/non_secure/portasm.c **** 
 396:Middlewares/Third_Party/FreeRTOS/Source/portable/GCC/ARM_CM33_NTZ/non_secure/portasm.c **** #else /* configENABLE_MPU */
 397:Middlewares/Third_Party/FreeRTOS/Source/portable/GCC/ARM_CM33_NTZ/non_secure/portasm.c **** 
 398:Middlewares/Third_Party/FreeRTOS/Source/portable/GCC/ARM_CM33_NTZ/non_secure/portasm.c ****     void PendSV_Handler( void ) /* __attribute__ (( naked )) PRIVILEGED_FUNCTION */
 399:Middlewares/Third_Party/FreeRTOS/Source/portable/GCC/ARM_CM33_NTZ/non_secure/portasm.c ****     {
 270              		.loc 1 399 5 is_stmt 1 view -0
 271              		.cfi_startproc
 272              		@ Naked Function: prologue and epilogue provided by programmer.
 273              		@ args = 0, pretend = 0, frame = 0
 274              		@ frame_needed = 0, uses_anonymous_args = 0
 400:Middlewares/Third_Party/FreeRTOS/Source/portable/GCC/ARM_CM33_NTZ/non_secure/portasm.c ****         __asm volatile
 275              		.loc 1 400 9 view .LVU22
 276              		.syntax unified
 277              	@ 400 "Middlewares/Third_Party/FreeRTOS/Source/portable/GCC/ARM_CM33_NTZ/non_secure/portasm.c" 1
 278              		   .syntax unified                                 
 279              	                                                   
 280 0000 EFF30980 	   mrs r0, psp                                     
 281              	                                                   
 282              	                                                   
 283 0004 EFF30B82 	   mrs r2, psplim                                  
 284 0008 7346     	   mov r3, lr                                      
 285 000a 20E9FC0F 	   stmdb r0!, {r2-r11}                             
 286              	                                                   
 287              	                                                   
 288 000e 0D4A     	   ldr r2, =pxCurrentTCB                           
 289 0010 1168     	   ldr r1, [r2]                                    
 290 0012 0860     	   str r0, [r1]                                    
 291              	                                                   
 292 0014 4FF05000 	   mov r0, #80                                      
 293 0018 80F31188 	   msr basepri, r0                                 
 294 001c BFF34F8F 	   dsb                                             
 295 0020 BFF36F8F 	   isb                                             
 296 0024 FFF7FEFF 	   bl vTaskSwitchContext                           
 297 0028 4FF00000 	   mov r0, #0                                      
 298 002c 80F31188 	   msr basepri, r0                                 
 299              	                                                   
ARM GAS  /tmp/ccBLKH3L.s 			page 13


 300 0030 044A     	   ldr r2, =pxCurrentTCB                           
 301 0032 1168     	   ldr r1, [r2]                                    
 302 0034 0868     	   ldr r0, [r1]                                    
 303              	                                                   
 304              	                                                   
 305 0036 B0E8FC0F 	   ldmia r0!, {r2-r11}                             
 306              	                                                   
 307              	                                                   
 308 003a 82F30B88 	   msr psplim, r2                                  
 309 003e 80F30988 	   msr psp, r0                                     
 310 0042 1847     	   bx r3                                           
 311              	
 312              	@ 0 "" 2
 401:Middlewares/Third_Party/FreeRTOS/Source/portable/GCC/ARM_CM33_NTZ/non_secure/portasm.c ****         (
 402:Middlewares/Third_Party/FreeRTOS/Source/portable/GCC/ARM_CM33_NTZ/non_secure/portasm.c ****             "   .syntax unified                                 \n"
 403:Middlewares/Third_Party/FreeRTOS/Source/portable/GCC/ARM_CM33_NTZ/non_secure/portasm.c ****             "                                                   \n"
 404:Middlewares/Third_Party/FreeRTOS/Source/portable/GCC/ARM_CM33_NTZ/non_secure/portasm.c ****             "   mrs r0, psp                                     \n" /* Read PSP in r0. */
 405:Middlewares/Third_Party/FreeRTOS/Source/portable/GCC/ARM_CM33_NTZ/non_secure/portasm.c ****             "                                                   \n"
 406:Middlewares/Third_Party/FreeRTOS/Source/portable/GCC/ARM_CM33_NTZ/non_secure/portasm.c ****         #if ( ( configENABLE_FPU == 1 ) || ( configENABLE_MVE == 1 ) )
 407:Middlewares/Third_Party/FreeRTOS/Source/portable/GCC/ARM_CM33_NTZ/non_secure/portasm.c ****             "   tst lr, #0x10                                   \n" /* Test Bit[4] in LR. Bit[4] of
 408:Middlewares/Third_Party/FreeRTOS/Source/portable/GCC/ARM_CM33_NTZ/non_secure/portasm.c ****             "   it eq                                           \n"
 409:Middlewares/Third_Party/FreeRTOS/Source/portable/GCC/ARM_CM33_NTZ/non_secure/portasm.c ****             "   vstmdbeq r0!, {s16-s31}                         \n" /* Store the additional FP cont
 410:Middlewares/Third_Party/FreeRTOS/Source/portable/GCC/ARM_CM33_NTZ/non_secure/portasm.c ****         #endif /* configENABLE_FPU || configENABLE_MVE */
 411:Middlewares/Third_Party/FreeRTOS/Source/portable/GCC/ARM_CM33_NTZ/non_secure/portasm.c ****             "                                                   \n"
 412:Middlewares/Third_Party/FreeRTOS/Source/portable/GCC/ARM_CM33_NTZ/non_secure/portasm.c ****             "   mrs r2, psplim                                  \n" /* r2 = PSPLIM. */
 413:Middlewares/Third_Party/FreeRTOS/Source/portable/GCC/ARM_CM33_NTZ/non_secure/portasm.c ****             "   mov r3, lr                                      \n" /* r3 = LR/EXC_RETURN. */
 414:Middlewares/Third_Party/FreeRTOS/Source/portable/GCC/ARM_CM33_NTZ/non_secure/portasm.c ****             "   stmdb r0!, {r2-r11}                             \n" /* Store on the stack - PSPLIM,
 415:Middlewares/Third_Party/FreeRTOS/Source/portable/GCC/ARM_CM33_NTZ/non_secure/portasm.c ****             "                                                   \n"
 416:Middlewares/Third_Party/FreeRTOS/Source/portable/GCC/ARM_CM33_NTZ/non_secure/portasm.c ****         #if ( configENABLE_PAC == 1 )
 417:Middlewares/Third_Party/FreeRTOS/Source/portable/GCC/ARM_CM33_NTZ/non_secure/portasm.c ****             "   mrs  r1, PAC_KEY_P_3                            \n" /* Read task's dedicated PAC ke
 418:Middlewares/Third_Party/FreeRTOS/Source/portable/GCC/ARM_CM33_NTZ/non_secure/portasm.c ****             "   mrs  r2, PAC_KEY_P_2                            \n"
 419:Middlewares/Third_Party/FreeRTOS/Source/portable/GCC/ARM_CM33_NTZ/non_secure/portasm.c ****             "   mrs  r3, PAC_KEY_P_1                            \n"
 420:Middlewares/Third_Party/FreeRTOS/Source/portable/GCC/ARM_CM33_NTZ/non_secure/portasm.c ****             "   mrs  r4, PAC_KEY_P_0                            \n"
 421:Middlewares/Third_Party/FreeRTOS/Source/portable/GCC/ARM_CM33_NTZ/non_secure/portasm.c ****             "   stmdb r0!, {r1-r4}                              \n" /* Store the task's dedicated P
 422:Middlewares/Third_Party/FreeRTOS/Source/portable/GCC/ARM_CM33_NTZ/non_secure/portasm.c ****             "   clrm {r1-r4}                                    \n" /* Clear r1-r4. */
 423:Middlewares/Third_Party/FreeRTOS/Source/portable/GCC/ARM_CM33_NTZ/non_secure/portasm.c ****         #endif /* configENABLE_PAC */
 424:Middlewares/Third_Party/FreeRTOS/Source/portable/GCC/ARM_CM33_NTZ/non_secure/portasm.c ****             "                                                   \n"
 425:Middlewares/Third_Party/FreeRTOS/Source/portable/GCC/ARM_CM33_NTZ/non_secure/portasm.c ****             "   ldr r2, =pxCurrentTCB                           \n" /* Read the location of pxCurre
 426:Middlewares/Third_Party/FreeRTOS/Source/portable/GCC/ARM_CM33_NTZ/non_secure/portasm.c ****             "   ldr r1, [r2]                                    \n" /* Read pxCurrentTCB. */
 427:Middlewares/Third_Party/FreeRTOS/Source/portable/GCC/ARM_CM33_NTZ/non_secure/portasm.c ****             "   str r0, [r1]                                    \n" /* Save the new top of stack in
 428:Middlewares/Third_Party/FreeRTOS/Source/portable/GCC/ARM_CM33_NTZ/non_secure/portasm.c ****             "                                                   \n"
 429:Middlewares/Third_Party/FreeRTOS/Source/portable/GCC/ARM_CM33_NTZ/non_secure/portasm.c ****             "   mov r0, %0                                      \n" /* r0 = configMAX_SYSCALL_INTER
 430:Middlewares/Third_Party/FreeRTOS/Source/portable/GCC/ARM_CM33_NTZ/non_secure/portasm.c ****             "   msr basepri, r0                                 \n" /* Disable interrupts up to con
 431:Middlewares/Third_Party/FreeRTOS/Source/portable/GCC/ARM_CM33_NTZ/non_secure/portasm.c ****             "   dsb                                             \n"
 432:Middlewares/Third_Party/FreeRTOS/Source/portable/GCC/ARM_CM33_NTZ/non_secure/portasm.c ****             "   isb                                             \n"
 433:Middlewares/Third_Party/FreeRTOS/Source/portable/GCC/ARM_CM33_NTZ/non_secure/portasm.c ****             "   bl vTaskSwitchContext                           \n"
 434:Middlewares/Third_Party/FreeRTOS/Source/portable/GCC/ARM_CM33_NTZ/non_secure/portasm.c ****             "   mov r0, #0                                      \n" /* r0 = 0. */
 435:Middlewares/Third_Party/FreeRTOS/Source/portable/GCC/ARM_CM33_NTZ/non_secure/portasm.c ****             "   msr basepri, r0                                 \n" /* Enable interrupts. */
 436:Middlewares/Third_Party/FreeRTOS/Source/portable/GCC/ARM_CM33_NTZ/non_secure/portasm.c ****             "                                                   \n"
 437:Middlewares/Third_Party/FreeRTOS/Source/portable/GCC/ARM_CM33_NTZ/non_secure/portasm.c ****             "   ldr r2, =pxCurrentTCB                           \n" /* Read the location of pxCurre
 438:Middlewares/Third_Party/FreeRTOS/Source/portable/GCC/ARM_CM33_NTZ/non_secure/portasm.c ****             "   ldr r1, [r2]                                    \n" /* Read pxCurrentTCB. */
 439:Middlewares/Third_Party/FreeRTOS/Source/portable/GCC/ARM_CM33_NTZ/non_secure/portasm.c ****             "   ldr r0, [r1]                                    \n" /* The first item in pxCurrentT
 440:Middlewares/Third_Party/FreeRTOS/Source/portable/GCC/ARM_CM33_NTZ/non_secure/portasm.c ****             "                                                   \n"
 441:Middlewares/Third_Party/FreeRTOS/Source/portable/GCC/ARM_CM33_NTZ/non_secure/portasm.c ****         #if ( configENABLE_PAC == 1 )
 442:Middlewares/Third_Party/FreeRTOS/Source/portable/GCC/ARM_CM33_NTZ/non_secure/portasm.c ****             "   ldmia r0!, {r2-r5}                              \n" /* Read task's dedicated PAC ke
 443:Middlewares/Third_Party/FreeRTOS/Source/portable/GCC/ARM_CM33_NTZ/non_secure/portasm.c ****             "   msr  PAC_KEY_P_3, r2                            \n" /* Write the task's dedicated P
 444:Middlewares/Third_Party/FreeRTOS/Source/portable/GCC/ARM_CM33_NTZ/non_secure/portasm.c ****             "   msr  PAC_KEY_P_2, r3                            \n"
ARM GAS  /tmp/ccBLKH3L.s 			page 14


 445:Middlewares/Third_Party/FreeRTOS/Source/portable/GCC/ARM_CM33_NTZ/non_secure/portasm.c ****             "   msr  PAC_KEY_P_1, r4                            \n"
 446:Middlewares/Third_Party/FreeRTOS/Source/portable/GCC/ARM_CM33_NTZ/non_secure/portasm.c ****             "   msr  PAC_KEY_P_0, r5                            \n"
 447:Middlewares/Third_Party/FreeRTOS/Source/portable/GCC/ARM_CM33_NTZ/non_secure/portasm.c ****             "   clrm {r2-r5}                                    \n" /* Clear r2-r5. */
 448:Middlewares/Third_Party/FreeRTOS/Source/portable/GCC/ARM_CM33_NTZ/non_secure/portasm.c ****         #endif /* configENABLE_PAC */
 449:Middlewares/Third_Party/FreeRTOS/Source/portable/GCC/ARM_CM33_NTZ/non_secure/portasm.c ****             "                                                   \n"
 450:Middlewares/Third_Party/FreeRTOS/Source/portable/GCC/ARM_CM33_NTZ/non_secure/portasm.c ****             "   ldmia r0!, {r2-r11}                             \n" /* Read from stack - r2 = PSPLI
 451:Middlewares/Third_Party/FreeRTOS/Source/portable/GCC/ARM_CM33_NTZ/non_secure/portasm.c ****             "                                                   \n"
 452:Middlewares/Third_Party/FreeRTOS/Source/portable/GCC/ARM_CM33_NTZ/non_secure/portasm.c ****         #if ( ( configENABLE_FPU == 1 ) || ( configENABLE_MVE == 1 ) )
 453:Middlewares/Third_Party/FreeRTOS/Source/portable/GCC/ARM_CM33_NTZ/non_secure/portasm.c ****             "   tst r3, #0x10                                   \n" /* Test Bit[4] in LR. Bit[4] of
 454:Middlewares/Third_Party/FreeRTOS/Source/portable/GCC/ARM_CM33_NTZ/non_secure/portasm.c ****             "   it eq                                           \n"
 455:Middlewares/Third_Party/FreeRTOS/Source/portable/GCC/ARM_CM33_NTZ/non_secure/portasm.c ****             "   vldmiaeq r0!, {s16-s31}                         \n" /* Restore the additional FP co
 456:Middlewares/Third_Party/FreeRTOS/Source/portable/GCC/ARM_CM33_NTZ/non_secure/portasm.c ****         #endif /* configENABLE_FPU || configENABLE_MVE */
 457:Middlewares/Third_Party/FreeRTOS/Source/portable/GCC/ARM_CM33_NTZ/non_secure/portasm.c ****             "                                                   \n"
 458:Middlewares/Third_Party/FreeRTOS/Source/portable/GCC/ARM_CM33_NTZ/non_secure/portasm.c ****             "   msr psplim, r2                                  \n" /* Restore the PSPLIM register 
 459:Middlewares/Third_Party/FreeRTOS/Source/portable/GCC/ARM_CM33_NTZ/non_secure/portasm.c ****             "   msr psp, r0                                     \n" /* Remember the new top of stac
 460:Middlewares/Third_Party/FreeRTOS/Source/portable/GCC/ARM_CM33_NTZ/non_secure/portasm.c ****             "   bx r3                                           \n"
 461:Middlewares/Third_Party/FreeRTOS/Source/portable/GCC/ARM_CM33_NTZ/non_secure/portasm.c ****             ::"i" ( configMAX_SYSCALL_INTERRUPT_PRIORITY )
 462:Middlewares/Third_Party/FreeRTOS/Source/portable/GCC/ARM_CM33_NTZ/non_secure/portasm.c ****         );
 463:Middlewares/Third_Party/FreeRTOS/Source/portable/GCC/ARM_CM33_NTZ/non_secure/portasm.c ****     }
 313              		.loc 1 463 5 is_stmt 0 view .LVU23
 314              		.thumb
 315              		.syntax unified
 316              		.cfi_endproc
 317              	.LFE7:
 319              		.section	.text.SVC_Handler,"ax",%progbits
 320              		.align	1
 321              		.global	SVC_Handler
 322              		.syntax unified
 323              		.thumb
 324              		.thumb_func
 326              	SVC_Handler:
 327              	.LFB8:
 464:Middlewares/Third_Party/FreeRTOS/Source/portable/GCC/ARM_CM33_NTZ/non_secure/portasm.c **** 
 465:Middlewares/Third_Party/FreeRTOS/Source/portable/GCC/ARM_CM33_NTZ/non_secure/portasm.c **** #endif /* configENABLE_MPU */
 466:Middlewares/Third_Party/FreeRTOS/Source/portable/GCC/ARM_CM33_NTZ/non_secure/portasm.c **** /*-----------------------------------------------------------*/
 467:Middlewares/Third_Party/FreeRTOS/Source/portable/GCC/ARM_CM33_NTZ/non_secure/portasm.c **** 
 468:Middlewares/Third_Party/FreeRTOS/Source/portable/GCC/ARM_CM33_NTZ/non_secure/portasm.c **** #if ( ( configENABLE_MPU == 1 ) && ( configUSE_MPU_WRAPPERS_V1 == 0 ) )
 469:Middlewares/Third_Party/FreeRTOS/Source/portable/GCC/ARM_CM33_NTZ/non_secure/portasm.c **** 
 470:Middlewares/Third_Party/FreeRTOS/Source/portable/GCC/ARM_CM33_NTZ/non_secure/portasm.c ****     void SVC_Handler( void ) /* __attribute__ (( naked )) PRIVILEGED_FUNCTION */
 471:Middlewares/Third_Party/FreeRTOS/Source/portable/GCC/ARM_CM33_NTZ/non_secure/portasm.c ****     {
 472:Middlewares/Third_Party/FreeRTOS/Source/portable/GCC/ARM_CM33_NTZ/non_secure/portasm.c ****         __asm volatile
 473:Middlewares/Third_Party/FreeRTOS/Source/portable/GCC/ARM_CM33_NTZ/non_secure/portasm.c ****         (
 474:Middlewares/Third_Party/FreeRTOS/Source/portable/GCC/ARM_CM33_NTZ/non_secure/portasm.c ****             ".syntax unified                \n"
 475:Middlewares/Third_Party/FreeRTOS/Source/portable/GCC/ARM_CM33_NTZ/non_secure/portasm.c ****             ".extern vPortSVCHandler_C      \n"
 476:Middlewares/Third_Party/FreeRTOS/Source/portable/GCC/ARM_CM33_NTZ/non_secure/portasm.c ****             ".extern vSystemCallEnter       \n"
 477:Middlewares/Third_Party/FreeRTOS/Source/portable/GCC/ARM_CM33_NTZ/non_secure/portasm.c ****             ".extern vSystemCallExit        \n"
 478:Middlewares/Third_Party/FreeRTOS/Source/portable/GCC/ARM_CM33_NTZ/non_secure/portasm.c ****             "                               \n"
 479:Middlewares/Third_Party/FreeRTOS/Source/portable/GCC/ARM_CM33_NTZ/non_secure/portasm.c ****             "tst lr, #4                     \n"
 480:Middlewares/Third_Party/FreeRTOS/Source/portable/GCC/ARM_CM33_NTZ/non_secure/portasm.c ****             "ite eq                         \n"
 481:Middlewares/Third_Party/FreeRTOS/Source/portable/GCC/ARM_CM33_NTZ/non_secure/portasm.c ****             "mrseq r0, msp                  \n"
 482:Middlewares/Third_Party/FreeRTOS/Source/portable/GCC/ARM_CM33_NTZ/non_secure/portasm.c ****             "mrsne r0, psp                  \n"
 483:Middlewares/Third_Party/FreeRTOS/Source/portable/GCC/ARM_CM33_NTZ/non_secure/portasm.c ****             "                               \n"
 484:Middlewares/Third_Party/FreeRTOS/Source/portable/GCC/ARM_CM33_NTZ/non_secure/portasm.c ****             "ldr r1, [r0, #24]              \n"
 485:Middlewares/Third_Party/FreeRTOS/Source/portable/GCC/ARM_CM33_NTZ/non_secure/portasm.c ****             "ldrb r2, [r1, #-2]             \n"
 486:Middlewares/Third_Party/FreeRTOS/Source/portable/GCC/ARM_CM33_NTZ/non_secure/portasm.c ****             "cmp r2, %0                     \n"
 487:Middlewares/Third_Party/FreeRTOS/Source/portable/GCC/ARM_CM33_NTZ/non_secure/portasm.c ****             "blt syscall_enter              \n"
 488:Middlewares/Third_Party/FreeRTOS/Source/portable/GCC/ARM_CM33_NTZ/non_secure/portasm.c ****             "cmp r2, %1                     \n"
ARM GAS  /tmp/ccBLKH3L.s 			page 15


 489:Middlewares/Third_Party/FreeRTOS/Source/portable/GCC/ARM_CM33_NTZ/non_secure/portasm.c ****             "beq syscall_exit               \n"
 490:Middlewares/Third_Party/FreeRTOS/Source/portable/GCC/ARM_CM33_NTZ/non_secure/portasm.c ****             "b vPortSVCHandler_C            \n"
 491:Middlewares/Third_Party/FreeRTOS/Source/portable/GCC/ARM_CM33_NTZ/non_secure/portasm.c ****             "                               \n"
 492:Middlewares/Third_Party/FreeRTOS/Source/portable/GCC/ARM_CM33_NTZ/non_secure/portasm.c ****             "syscall_enter:                 \n"
 493:Middlewares/Third_Party/FreeRTOS/Source/portable/GCC/ARM_CM33_NTZ/non_secure/portasm.c ****             "    mov r1, lr                 \n"
 494:Middlewares/Third_Party/FreeRTOS/Source/portable/GCC/ARM_CM33_NTZ/non_secure/portasm.c ****             "    b vSystemCallEnter         \n"
 495:Middlewares/Third_Party/FreeRTOS/Source/portable/GCC/ARM_CM33_NTZ/non_secure/portasm.c ****             "                               \n"
 496:Middlewares/Third_Party/FreeRTOS/Source/portable/GCC/ARM_CM33_NTZ/non_secure/portasm.c ****             "syscall_exit:                  \n"
 497:Middlewares/Third_Party/FreeRTOS/Source/portable/GCC/ARM_CM33_NTZ/non_secure/portasm.c ****             "    mov r1, lr                 \n"
 498:Middlewares/Third_Party/FreeRTOS/Source/portable/GCC/ARM_CM33_NTZ/non_secure/portasm.c ****             "    b vSystemCallExit          \n"
 499:Middlewares/Third_Party/FreeRTOS/Source/portable/GCC/ARM_CM33_NTZ/non_secure/portasm.c ****             "                               \n"
 500:Middlewares/Third_Party/FreeRTOS/Source/portable/GCC/ARM_CM33_NTZ/non_secure/portasm.c ****             : /* No outputs. */
 501:Middlewares/Third_Party/FreeRTOS/Source/portable/GCC/ARM_CM33_NTZ/non_secure/portasm.c ****             : "i" ( NUM_SYSTEM_CALLS ), "i" ( portSVC_SYSTEM_CALL_EXIT )
 502:Middlewares/Third_Party/FreeRTOS/Source/portable/GCC/ARM_CM33_NTZ/non_secure/portasm.c ****             : "r0", "r1", "r2", "memory"
 503:Middlewares/Third_Party/FreeRTOS/Source/portable/GCC/ARM_CM33_NTZ/non_secure/portasm.c ****         );
 504:Middlewares/Third_Party/FreeRTOS/Source/portable/GCC/ARM_CM33_NTZ/non_secure/portasm.c ****     }
 505:Middlewares/Third_Party/FreeRTOS/Source/portable/GCC/ARM_CM33_NTZ/non_secure/portasm.c **** 
 506:Middlewares/Third_Party/FreeRTOS/Source/portable/GCC/ARM_CM33_NTZ/non_secure/portasm.c **** #else /* ( configENABLE_MPU == 1 ) && ( configUSE_MPU_WRAPPERS_V1 == 0 ) */
 507:Middlewares/Third_Party/FreeRTOS/Source/portable/GCC/ARM_CM33_NTZ/non_secure/portasm.c **** 
 508:Middlewares/Third_Party/FreeRTOS/Source/portable/GCC/ARM_CM33_NTZ/non_secure/portasm.c ****     void SVC_Handler( void ) /* __attribute__ (( naked )) PRIVILEGED_FUNCTION */
 509:Middlewares/Third_Party/FreeRTOS/Source/portable/GCC/ARM_CM33_NTZ/non_secure/portasm.c ****     {
 328              		.loc 1 509 5 is_stmt 1 view -0
 329              		.cfi_startproc
 330              		@ Naked Function: prologue and epilogue provided by programmer.
 331              		@ args = 0, pretend = 0, frame = 0
 332              		@ frame_needed = 0, uses_anonymous_args = 0
 510:Middlewares/Third_Party/FreeRTOS/Source/portable/GCC/ARM_CM33_NTZ/non_secure/portasm.c ****         __asm volatile
 333              		.loc 1 510 9 view .LVU25
 334              		.syntax unified
 335              	@ 510 "Middlewares/Third_Party/FreeRTOS/Source/portable/GCC/ARM_CM33_NTZ/non_secure/portasm.c" 1
 336              		   .syntax unified                                 
 337              	                                                   
 338 0000 1EF0040F 	   tst lr, #4                                      
 339 0004 0CBF     	   ite eq                                          
 340 0006 EFF30880 	   mrseq r0, msp                                   
 341 000a EFF30980 	   mrsne r0, psp                                   
 342 000e 0149     	   ldr r1, =vPortSVCHandler_C                      
 343 0010 0847     	   bx r1                                           
 344              	
 345              	@ 0 "" 2
 511:Middlewares/Third_Party/FreeRTOS/Source/portable/GCC/ARM_CM33_NTZ/non_secure/portasm.c ****         (
 512:Middlewares/Third_Party/FreeRTOS/Source/portable/GCC/ARM_CM33_NTZ/non_secure/portasm.c ****             "   .syntax unified                                 \n"
 513:Middlewares/Third_Party/FreeRTOS/Source/portable/GCC/ARM_CM33_NTZ/non_secure/portasm.c ****             "                                                   \n"
 514:Middlewares/Third_Party/FreeRTOS/Source/portable/GCC/ARM_CM33_NTZ/non_secure/portasm.c ****             "   tst lr, #4                                      \n"
 515:Middlewares/Third_Party/FreeRTOS/Source/portable/GCC/ARM_CM33_NTZ/non_secure/portasm.c ****             "   ite eq                                          \n"
 516:Middlewares/Third_Party/FreeRTOS/Source/portable/GCC/ARM_CM33_NTZ/non_secure/portasm.c ****             "   mrseq r0, msp                                   \n"
 517:Middlewares/Third_Party/FreeRTOS/Source/portable/GCC/ARM_CM33_NTZ/non_secure/portasm.c ****             "   mrsne r0, psp                                   \n"
 518:Middlewares/Third_Party/FreeRTOS/Source/portable/GCC/ARM_CM33_NTZ/non_secure/portasm.c ****             "   ldr r1, =vPortSVCHandler_C                      \n"
 519:Middlewares/Third_Party/FreeRTOS/Source/portable/GCC/ARM_CM33_NTZ/non_secure/portasm.c ****             "   bx r1                                           \n"
 520:Middlewares/Third_Party/FreeRTOS/Source/portable/GCC/ARM_CM33_NTZ/non_secure/portasm.c ****         );
 521:Middlewares/Third_Party/FreeRTOS/Source/portable/GCC/ARM_CM33_NTZ/non_secure/portasm.c ****     }
 346              		.loc 1 521 5 is_stmt 0 view .LVU26
 347              		.thumb
 348              		.syntax unified
 349              		.cfi_endproc
 350              	.LFE8:
 352 0012 0000     		.text
ARM GAS  /tmp/ccBLKH3L.s 			page 16


 353              	.Letext0:
 354              		.file 2 "/usr/lib/gcc/arm-none-eabi/13.2.1/include/stdint.h"
 355              		.file 3 "Middlewares/Third_Party/FreeRTOS/Source/portable/GCC/ARM_CM33_NTZ/non_secure/portmacrocom
ARM GAS  /tmp/ccBLKH3L.s 			page 17


DEFINED SYMBOLS
                            *ABS*:00000000 portasm.c
     /tmp/ccBLKH3L.s:22     .text.vRestoreContextOfFirstTask:00000000 $t
     /tmp/ccBLKH3L.s:28     .text.vRestoreContextOfFirstTask:00000000 vRestoreContextOfFirstTask
     /tmp/ccBLKH3L.s:65     .text.xIsPrivileged:00000000 $t
     /tmp/ccBLKH3L.s:71     .text.xIsPrivileged:00000000 xIsPrivileged
     /tmp/ccBLKH3L.s:98     .text.vRaisePrivilege:00000000 $t
     /tmp/ccBLKH3L.s:104    .text.vRaisePrivilege:00000000 vRaisePrivilege
     /tmp/ccBLKH3L.s:129    .text.vResetPrivilege:00000000 $t
     /tmp/ccBLKH3L.s:135    .text.vResetPrivilege:00000000 vResetPrivilege
     /tmp/ccBLKH3L.s:160    .text.vStartFirstTask:00000000 $t
     /tmp/ccBLKH3L.s:166    .text.vStartFirstTask:00000000 vStartFirstTask
     /tmp/ccBLKH3L.s:197    .text.ulSetInterruptMask:00000000 $t
     /tmp/ccBLKH3L.s:203    .text.ulSetInterruptMask:00000000 ulSetInterruptMask
     /tmp/ccBLKH3L.s:230    .text.vClearInterruptMask:00000000 $t
     /tmp/ccBLKH3L.s:236    .text.vClearInterruptMask:00000000 vClearInterruptMask
     /tmp/ccBLKH3L.s:262    .text.PendSV_Handler:00000000 $t
     /tmp/ccBLKH3L.s:268    .text.PendSV_Handler:00000000 PendSV_Handler
     /tmp/ccBLKH3L.s:320    .text.SVC_Handler:00000000 $t
     /tmp/ccBLKH3L.s:326    .text.SVC_Handler:00000000 SVC_Handler
     /tmp/ccBLKH3L.s:352    .text.SVC_Handler:00000012 $d
     /tmp/ccBLKH3L.s:846    .text.SVC_Handler:00000014 $d
     /tmp/ccBLKH3L.s:846    .text.PendSV_Handler:00000044 $d
     /tmp/ccBLKH3L.s:196    .text.vStartFirstTask:0000001a $d
     /tmp/ccBLKH3L.s:846    .text.vStartFirstTask:0000001c $d
     /tmp/ccBLKH3L.s:846    .text.vRestoreContextOfFirstTask:0000002c $d

UNDEFINED SYMBOLS
pxCurrentTCB
vTaskSwitchContext
vPortSVCHandler_C
