ARM GAS  /tmp/ccroD92D.s 			page 1


   1              		.cpu cortex-m33
   2              		.arch armv8-m.main
   3              		.fpu fpv5-sp-d16
   4              		.arch_extension dsp
   5              		.eabi_attribute 27, 1
   6              		.eabi_attribute 28, 1
   7              		.eabi_attribute 20, 1
   8              		.eabi_attribute 21, 1
   9              		.eabi_attribute 23, 3
  10              		.eabi_attribute 24, 1
  11              		.eabi_attribute 25, 1
  12              		.eabi_attribute 26, 1
  13              		.eabi_attribute 30, 1
  14              		.eabi_attribute 34, 1
  15              		.eabi_attribute 18, 4
  16              		.file	"port.c"
  17              		.text
  18              	.Ltext0:
  19              		.cfi_sections	.debug_frame
  20              		.file 1 "Middlewares/Third_Party/FreeRTOS/Source/portable/GCC/ARM_CM33_NTZ/non_secure/port.c"
  21              		.section	.text.prvTaskExitError,"ax",%progbits
  22              		.align	1
  23              		.syntax unified
  24              		.thumb
  25              		.thumb_func
  27              	prvTaskExitError:
  28              	.LFB1:
   1:Middlewares/Third_Party/FreeRTOS/Source/portable/GCC/ARM_CM33_NTZ/non_secure/port.c **** /*
   2:Middlewares/Third_Party/FreeRTOS/Source/portable/GCC/ARM_CM33_NTZ/non_secure/port.c ****  * FreeRTOS Kernel V11.2.0
   3:Middlewares/Third_Party/FreeRTOS/Source/portable/GCC/ARM_CM33_NTZ/non_secure/port.c ****  * Copyright (C) 2021 Amazon.com, Inc. or its affiliates. All Rights Reserved.
   4:Middlewares/Third_Party/FreeRTOS/Source/portable/GCC/ARM_CM33_NTZ/non_secure/port.c ****  * Copyright 2024 Arm Limited and/or its affiliates
   5:Middlewares/Third_Party/FreeRTOS/Source/portable/GCC/ARM_CM33_NTZ/non_secure/port.c ****  * <open-source-office@arm.com>
   6:Middlewares/Third_Party/FreeRTOS/Source/portable/GCC/ARM_CM33_NTZ/non_secure/port.c ****  *
   7:Middlewares/Third_Party/FreeRTOS/Source/portable/GCC/ARM_CM33_NTZ/non_secure/port.c ****  * SPDX-License-Identifier: MIT
   8:Middlewares/Third_Party/FreeRTOS/Source/portable/GCC/ARM_CM33_NTZ/non_secure/port.c ****  *
   9:Middlewares/Third_Party/FreeRTOS/Source/portable/GCC/ARM_CM33_NTZ/non_secure/port.c ****  * Permission is hereby granted, free of charge, to any person obtaining a copy of
  10:Middlewares/Third_Party/FreeRTOS/Source/portable/GCC/ARM_CM33_NTZ/non_secure/port.c ****  * this software and associated documentation files (the "Software"), to deal in
  11:Middlewares/Third_Party/FreeRTOS/Source/portable/GCC/ARM_CM33_NTZ/non_secure/port.c ****  * the Software without restriction, including without limitation the rights to
  12:Middlewares/Third_Party/FreeRTOS/Source/portable/GCC/ARM_CM33_NTZ/non_secure/port.c ****  * use, copy, modify, merge, publish, distribute, sublicense, and/or sell copies of
  13:Middlewares/Third_Party/FreeRTOS/Source/portable/GCC/ARM_CM33_NTZ/non_secure/port.c ****  * the Software, and to permit persons to whom the Software is furnished to do so,
  14:Middlewares/Third_Party/FreeRTOS/Source/portable/GCC/ARM_CM33_NTZ/non_secure/port.c ****  * subject to the following conditions:
  15:Middlewares/Third_Party/FreeRTOS/Source/portable/GCC/ARM_CM33_NTZ/non_secure/port.c ****  *
  16:Middlewares/Third_Party/FreeRTOS/Source/portable/GCC/ARM_CM33_NTZ/non_secure/port.c ****  * The above copyright notice and this permission notice shall be included in all
  17:Middlewares/Third_Party/FreeRTOS/Source/portable/GCC/ARM_CM33_NTZ/non_secure/port.c ****  * copies or substantial portions of the Software.
  18:Middlewares/Third_Party/FreeRTOS/Source/portable/GCC/ARM_CM33_NTZ/non_secure/port.c ****  *
  19:Middlewares/Third_Party/FreeRTOS/Source/portable/GCC/ARM_CM33_NTZ/non_secure/port.c ****  * THE SOFTWARE IS PROVIDED "AS IS", WITHOUT WARRANTY OF ANY KIND, EXPRESS OR
  20:Middlewares/Third_Party/FreeRTOS/Source/portable/GCC/ARM_CM33_NTZ/non_secure/port.c ****  * IMPLIED, INCLUDING BUT NOT LIMITED TO THE WARRANTIES OF MERCHANTABILITY, FITNESS
  21:Middlewares/Third_Party/FreeRTOS/Source/portable/GCC/ARM_CM33_NTZ/non_secure/port.c ****  * FOR A PARTICULAR PURPOSE AND NONINFRINGEMENT. IN NO EVENT SHALL THE AUTHORS OR
  22:Middlewares/Third_Party/FreeRTOS/Source/portable/GCC/ARM_CM33_NTZ/non_secure/port.c ****  * COPYRIGHT HOLDERS BE LIABLE FOR ANY CLAIM, DAMAGES OR OTHER LIABILITY, WHETHER
  23:Middlewares/Third_Party/FreeRTOS/Source/portable/GCC/ARM_CM33_NTZ/non_secure/port.c ****  * IN AN ACTION OF CONTRACT, TORT OR OTHERWISE, ARISING FROM, OUT OF OR IN
  24:Middlewares/Third_Party/FreeRTOS/Source/portable/GCC/ARM_CM33_NTZ/non_secure/port.c ****  * CONNECTION WITH THE SOFTWARE OR THE USE OR OTHER DEALINGS IN THE SOFTWARE.
  25:Middlewares/Third_Party/FreeRTOS/Source/portable/GCC/ARM_CM33_NTZ/non_secure/port.c ****  *
  26:Middlewares/Third_Party/FreeRTOS/Source/portable/GCC/ARM_CM33_NTZ/non_secure/port.c ****  * https://www.FreeRTOS.org
  27:Middlewares/Third_Party/FreeRTOS/Source/portable/GCC/ARM_CM33_NTZ/non_secure/port.c ****  * https://github.com/FreeRTOS
  28:Middlewares/Third_Party/FreeRTOS/Source/portable/GCC/ARM_CM33_NTZ/non_secure/port.c ****  *
  29:Middlewares/Third_Party/FreeRTOS/Source/portable/GCC/ARM_CM33_NTZ/non_secure/port.c ****  */
  30:Middlewares/Third_Party/FreeRTOS/Source/portable/GCC/ARM_CM33_NTZ/non_secure/port.c **** 
ARM GAS  /tmp/ccroD92D.s 			page 2


  31:Middlewares/Third_Party/FreeRTOS/Source/portable/GCC/ARM_CM33_NTZ/non_secure/port.c **** /* Defining MPU_WRAPPERS_INCLUDED_FROM_API_FILE prevents task.h from redefining
  32:Middlewares/Third_Party/FreeRTOS/Source/portable/GCC/ARM_CM33_NTZ/non_secure/port.c ****  * all the API functions to use the MPU wrappers. That should only be done when
  33:Middlewares/Third_Party/FreeRTOS/Source/portable/GCC/ARM_CM33_NTZ/non_secure/port.c ****  * task.h is included from an application file. */
  34:Middlewares/Third_Party/FreeRTOS/Source/portable/GCC/ARM_CM33_NTZ/non_secure/port.c **** #define MPU_WRAPPERS_INCLUDED_FROM_API_FILE
  35:Middlewares/Third_Party/FreeRTOS/Source/portable/GCC/ARM_CM33_NTZ/non_secure/port.c **** 
  36:Middlewares/Third_Party/FreeRTOS/Source/portable/GCC/ARM_CM33_NTZ/non_secure/port.c **** /* Scheduler includes. */
  37:Middlewares/Third_Party/FreeRTOS/Source/portable/GCC/ARM_CM33_NTZ/non_secure/port.c **** #include "FreeRTOS.h"
  38:Middlewares/Third_Party/FreeRTOS/Source/portable/GCC/ARM_CM33_NTZ/non_secure/port.c **** #include "task.h"
  39:Middlewares/Third_Party/FreeRTOS/Source/portable/GCC/ARM_CM33_NTZ/non_secure/port.c **** 
  40:Middlewares/Third_Party/FreeRTOS/Source/portable/GCC/ARM_CM33_NTZ/non_secure/port.c **** /* MPU includes. */
  41:Middlewares/Third_Party/FreeRTOS/Source/portable/GCC/ARM_CM33_NTZ/non_secure/port.c **** #include "mpu_wrappers.h"
  42:Middlewares/Third_Party/FreeRTOS/Source/portable/GCC/ARM_CM33_NTZ/non_secure/port.c **** #include "mpu_syscall_numbers.h"
  43:Middlewares/Third_Party/FreeRTOS/Source/portable/GCC/ARM_CM33_NTZ/non_secure/port.c **** 
  44:Middlewares/Third_Party/FreeRTOS/Source/portable/GCC/ARM_CM33_NTZ/non_secure/port.c **** /* Portasm includes. */
  45:Middlewares/Third_Party/FreeRTOS/Source/portable/GCC/ARM_CM33_NTZ/non_secure/port.c **** #include "portasm.h"
  46:Middlewares/Third_Party/FreeRTOS/Source/portable/GCC/ARM_CM33_NTZ/non_secure/port.c **** 
  47:Middlewares/Third_Party/FreeRTOS/Source/portable/GCC/ARM_CM33_NTZ/non_secure/port.c **** #if ( configENABLE_TRUSTZONE == 1 )
  48:Middlewares/Third_Party/FreeRTOS/Source/portable/GCC/ARM_CM33_NTZ/non_secure/port.c ****     /* Secure components includes. */
  49:Middlewares/Third_Party/FreeRTOS/Source/portable/GCC/ARM_CM33_NTZ/non_secure/port.c ****     #include "secure_context.h"
  50:Middlewares/Third_Party/FreeRTOS/Source/portable/GCC/ARM_CM33_NTZ/non_secure/port.c ****     #include "secure_init.h"
  51:Middlewares/Third_Party/FreeRTOS/Source/portable/GCC/ARM_CM33_NTZ/non_secure/port.c **** #endif /* configENABLE_TRUSTZONE */
  52:Middlewares/Third_Party/FreeRTOS/Source/portable/GCC/ARM_CM33_NTZ/non_secure/port.c **** 
  53:Middlewares/Third_Party/FreeRTOS/Source/portable/GCC/ARM_CM33_NTZ/non_secure/port.c **** #undef MPU_WRAPPERS_INCLUDED_FROM_API_FILE
  54:Middlewares/Third_Party/FreeRTOS/Source/portable/GCC/ARM_CM33_NTZ/non_secure/port.c **** 
  55:Middlewares/Third_Party/FreeRTOS/Source/portable/GCC/ARM_CM33_NTZ/non_secure/port.c **** /**
  56:Middlewares/Third_Party/FreeRTOS/Source/portable/GCC/ARM_CM33_NTZ/non_secure/port.c ****  * The FreeRTOS Cortex M33 port can be configured to run on the Secure Side only
  57:Middlewares/Third_Party/FreeRTOS/Source/portable/GCC/ARM_CM33_NTZ/non_secure/port.c ****  * i.e. the processor boots as secure and never jumps to the non-secure side.
  58:Middlewares/Third_Party/FreeRTOS/Source/portable/GCC/ARM_CM33_NTZ/non_secure/port.c ****  * The Trust Zone support in the port must be disabled in order to run FreeRTOS
  59:Middlewares/Third_Party/FreeRTOS/Source/portable/GCC/ARM_CM33_NTZ/non_secure/port.c ****  * on the secure side. The following are the valid configuration settings:
  60:Middlewares/Third_Party/FreeRTOS/Source/portable/GCC/ARM_CM33_NTZ/non_secure/port.c ****  *
  61:Middlewares/Third_Party/FreeRTOS/Source/portable/GCC/ARM_CM33_NTZ/non_secure/port.c ****  * 1. Run FreeRTOS on the Secure Side:
  62:Middlewares/Third_Party/FreeRTOS/Source/portable/GCC/ARM_CM33_NTZ/non_secure/port.c ****  *    configRUN_FREERTOS_SECURE_ONLY = 1 and configENABLE_TRUSTZONE = 0
  63:Middlewares/Third_Party/FreeRTOS/Source/portable/GCC/ARM_CM33_NTZ/non_secure/port.c ****  *
  64:Middlewares/Third_Party/FreeRTOS/Source/portable/GCC/ARM_CM33_NTZ/non_secure/port.c ****  * 2. Run FreeRTOS on the Non-Secure Side with Secure Side function call support:
  65:Middlewares/Third_Party/FreeRTOS/Source/portable/GCC/ARM_CM33_NTZ/non_secure/port.c ****  *    configRUN_FREERTOS_SECURE_ONLY = 0 and configENABLE_TRUSTZONE = 1
  66:Middlewares/Third_Party/FreeRTOS/Source/portable/GCC/ARM_CM33_NTZ/non_secure/port.c ****  *
  67:Middlewares/Third_Party/FreeRTOS/Source/portable/GCC/ARM_CM33_NTZ/non_secure/port.c ****  * 3. Run FreeRTOS on the Non-Secure Side only i.e. no Secure Side function call support:
  68:Middlewares/Third_Party/FreeRTOS/Source/portable/GCC/ARM_CM33_NTZ/non_secure/port.c ****  *    configRUN_FREERTOS_SECURE_ONLY = 0 and configENABLE_TRUSTZONE = 0
  69:Middlewares/Third_Party/FreeRTOS/Source/portable/GCC/ARM_CM33_NTZ/non_secure/port.c ****  */
  70:Middlewares/Third_Party/FreeRTOS/Source/portable/GCC/ARM_CM33_NTZ/non_secure/port.c **** #if ( ( configRUN_FREERTOS_SECURE_ONLY == 1 ) && ( configENABLE_TRUSTZONE == 1 ) )
  71:Middlewares/Third_Party/FreeRTOS/Source/portable/GCC/ARM_CM33_NTZ/non_secure/port.c ****     #error TrustZone needs to be disabled in order to run FreeRTOS on the Secure Side.
  72:Middlewares/Third_Party/FreeRTOS/Source/portable/GCC/ARM_CM33_NTZ/non_secure/port.c **** #endif
  73:Middlewares/Third_Party/FreeRTOS/Source/portable/GCC/ARM_CM33_NTZ/non_secure/port.c **** 
  74:Middlewares/Third_Party/FreeRTOS/Source/portable/GCC/ARM_CM33_NTZ/non_secure/port.c **** /**
  75:Middlewares/Third_Party/FreeRTOS/Source/portable/GCC/ARM_CM33_NTZ/non_secure/port.c ****  * Cortex-M23 does not have non-secure PSPLIM. We should use PSPLIM on Cortex-M23
  76:Middlewares/Third_Party/FreeRTOS/Source/portable/GCC/ARM_CM33_NTZ/non_secure/port.c ****  * only when FreeRTOS runs on secure side.
  77:Middlewares/Third_Party/FreeRTOS/Source/portable/GCC/ARM_CM33_NTZ/non_secure/port.c ****  */
  78:Middlewares/Third_Party/FreeRTOS/Source/portable/GCC/ARM_CM33_NTZ/non_secure/port.c **** #if ( ( portHAS_ARMV8M_MAIN_EXTENSION == 0 ) && ( configRUN_FREERTOS_SECURE_ONLY == 0 ) )
  79:Middlewares/Third_Party/FreeRTOS/Source/portable/GCC/ARM_CM33_NTZ/non_secure/port.c ****     #define portUSE_PSPLIM_REGISTER    0
  80:Middlewares/Third_Party/FreeRTOS/Source/portable/GCC/ARM_CM33_NTZ/non_secure/port.c **** #else
  81:Middlewares/Third_Party/FreeRTOS/Source/portable/GCC/ARM_CM33_NTZ/non_secure/port.c ****     #define portUSE_PSPLIM_REGISTER    1
  82:Middlewares/Third_Party/FreeRTOS/Source/portable/GCC/ARM_CM33_NTZ/non_secure/port.c **** #endif
  83:Middlewares/Third_Party/FreeRTOS/Source/portable/GCC/ARM_CM33_NTZ/non_secure/port.c **** /*-----------------------------------------------------------*/
  84:Middlewares/Third_Party/FreeRTOS/Source/portable/GCC/ARM_CM33_NTZ/non_secure/port.c **** 
  85:Middlewares/Third_Party/FreeRTOS/Source/portable/GCC/ARM_CM33_NTZ/non_secure/port.c **** /**
  86:Middlewares/Third_Party/FreeRTOS/Source/portable/GCC/ARM_CM33_NTZ/non_secure/port.c ****  * @brief Prototype of all Interrupt Service Routines (ISRs).
  87:Middlewares/Third_Party/FreeRTOS/Source/portable/GCC/ARM_CM33_NTZ/non_secure/port.c ****  */
ARM GAS  /tmp/ccroD92D.s 			page 3


  88:Middlewares/Third_Party/FreeRTOS/Source/portable/GCC/ARM_CM33_NTZ/non_secure/port.c **** typedef void ( * portISR_t )( void );
  89:Middlewares/Third_Party/FreeRTOS/Source/portable/GCC/ARM_CM33_NTZ/non_secure/port.c **** /*-----------------------------------------------------------*/
  90:Middlewares/Third_Party/FreeRTOS/Source/portable/GCC/ARM_CM33_NTZ/non_secure/port.c **** 
  91:Middlewares/Third_Party/FreeRTOS/Source/portable/GCC/ARM_CM33_NTZ/non_secure/port.c **** /**
  92:Middlewares/Third_Party/FreeRTOS/Source/portable/GCC/ARM_CM33_NTZ/non_secure/port.c ****  * @brief Constants required to manipulate the NVIC.
  93:Middlewares/Third_Party/FreeRTOS/Source/portable/GCC/ARM_CM33_NTZ/non_secure/port.c ****  */
  94:Middlewares/Third_Party/FreeRTOS/Source/portable/GCC/ARM_CM33_NTZ/non_secure/port.c **** #define portNVIC_SYSTICK_CTRL_REG             ( *( ( volatile uint32_t * ) 0xe000e010 ) )
  95:Middlewares/Third_Party/FreeRTOS/Source/portable/GCC/ARM_CM33_NTZ/non_secure/port.c **** #define portNVIC_SYSTICK_LOAD_REG             ( *( ( volatile uint32_t * ) 0xe000e014 ) )
  96:Middlewares/Third_Party/FreeRTOS/Source/portable/GCC/ARM_CM33_NTZ/non_secure/port.c **** #define portNVIC_SYSTICK_CURRENT_VALUE_REG    ( *( ( volatile uint32_t * ) 0xe000e018 ) )
  97:Middlewares/Third_Party/FreeRTOS/Source/portable/GCC/ARM_CM33_NTZ/non_secure/port.c **** #define portNVIC_SHPR3_REG                    ( *( ( volatile uint32_t * ) 0xe000ed20 ) )
  98:Middlewares/Third_Party/FreeRTOS/Source/portable/GCC/ARM_CM33_NTZ/non_secure/port.c **** #define portNVIC_SYSTICK_ENABLE_BIT           ( 1UL << 0UL )
  99:Middlewares/Third_Party/FreeRTOS/Source/portable/GCC/ARM_CM33_NTZ/non_secure/port.c **** #define portNVIC_SYSTICK_INT_BIT              ( 1UL << 1UL )
 100:Middlewares/Third_Party/FreeRTOS/Source/portable/GCC/ARM_CM33_NTZ/non_secure/port.c **** #define portNVIC_SYSTICK_CLK_BIT              ( 1UL << 2UL )
 101:Middlewares/Third_Party/FreeRTOS/Source/portable/GCC/ARM_CM33_NTZ/non_secure/port.c **** #define portNVIC_SYSTICK_COUNT_FLAG_BIT       ( 1UL << 16UL )
 102:Middlewares/Third_Party/FreeRTOS/Source/portable/GCC/ARM_CM33_NTZ/non_secure/port.c **** #define portNVIC_PEND_SYSTICK_CLEAR_BIT       ( 1UL << 25UL )
 103:Middlewares/Third_Party/FreeRTOS/Source/portable/GCC/ARM_CM33_NTZ/non_secure/port.c **** #define portNVIC_PEND_SYSTICK_SET_BIT         ( 1UL << 26UL )
 104:Middlewares/Third_Party/FreeRTOS/Source/portable/GCC/ARM_CM33_NTZ/non_secure/port.c **** #define portMIN_INTERRUPT_PRIORITY            ( 255UL )
 105:Middlewares/Third_Party/FreeRTOS/Source/portable/GCC/ARM_CM33_NTZ/non_secure/port.c **** #define portNVIC_PENDSV_PRI                   ( portMIN_INTERRUPT_PRIORITY << 16UL )
 106:Middlewares/Third_Party/FreeRTOS/Source/portable/GCC/ARM_CM33_NTZ/non_secure/port.c **** #define portNVIC_SYSTICK_PRI                  ( portMIN_INTERRUPT_PRIORITY << 24UL )
 107:Middlewares/Third_Party/FreeRTOS/Source/portable/GCC/ARM_CM33_NTZ/non_secure/port.c **** /*-----------------------------------------------------------*/
 108:Middlewares/Third_Party/FreeRTOS/Source/portable/GCC/ARM_CM33_NTZ/non_secure/port.c **** 
 109:Middlewares/Third_Party/FreeRTOS/Source/portable/GCC/ARM_CM33_NTZ/non_secure/port.c **** /**
 110:Middlewares/Third_Party/FreeRTOS/Source/portable/GCC/ARM_CM33_NTZ/non_secure/port.c ****  * @brief Constants required to manipulate the SCB.
 111:Middlewares/Third_Party/FreeRTOS/Source/portable/GCC/ARM_CM33_NTZ/non_secure/port.c ****  */
 112:Middlewares/Third_Party/FreeRTOS/Source/portable/GCC/ARM_CM33_NTZ/non_secure/port.c **** #define portSCB_VTOR_REG                      ( *( ( portISR_t ** ) 0xe000ed08 ) )
 113:Middlewares/Third_Party/FreeRTOS/Source/portable/GCC/ARM_CM33_NTZ/non_secure/port.c **** #define portSCB_SYS_HANDLER_CTRL_STATE_REG    ( *( ( volatile uint32_t * ) 0xe000ed24 ) )
 114:Middlewares/Third_Party/FreeRTOS/Source/portable/GCC/ARM_CM33_NTZ/non_secure/port.c **** #define portSCB_MEM_FAULT_ENABLE_BIT          ( 1UL << 16UL )
 115:Middlewares/Third_Party/FreeRTOS/Source/portable/GCC/ARM_CM33_NTZ/non_secure/port.c **** #define portSCB_USG_FAULT_ENABLE_BIT          ( 1UL << 18UL )
 116:Middlewares/Third_Party/FreeRTOS/Source/portable/GCC/ARM_CM33_NTZ/non_secure/port.c **** /*-----------------------------------------------------------*/
 117:Middlewares/Third_Party/FreeRTOS/Source/portable/GCC/ARM_CM33_NTZ/non_secure/port.c **** 
 118:Middlewares/Third_Party/FreeRTOS/Source/portable/GCC/ARM_CM33_NTZ/non_secure/port.c **** /**
 119:Middlewares/Third_Party/FreeRTOS/Source/portable/GCC/ARM_CM33_NTZ/non_secure/port.c ****  * @brief Constants used to check the installation of the FreeRTOS interrupt handlers.
 120:Middlewares/Third_Party/FreeRTOS/Source/portable/GCC/ARM_CM33_NTZ/non_secure/port.c ****  */
 121:Middlewares/Third_Party/FreeRTOS/Source/portable/GCC/ARM_CM33_NTZ/non_secure/port.c **** #define portVECTOR_INDEX_SVC       ( 11 )
 122:Middlewares/Third_Party/FreeRTOS/Source/portable/GCC/ARM_CM33_NTZ/non_secure/port.c **** #define portVECTOR_INDEX_PENDSV    ( 14 )
 123:Middlewares/Third_Party/FreeRTOS/Source/portable/GCC/ARM_CM33_NTZ/non_secure/port.c **** /*-----------------------------------------------------------*/
 124:Middlewares/Third_Party/FreeRTOS/Source/portable/GCC/ARM_CM33_NTZ/non_secure/port.c **** 
 125:Middlewares/Third_Party/FreeRTOS/Source/portable/GCC/ARM_CM33_NTZ/non_secure/port.c **** /**
 126:Middlewares/Third_Party/FreeRTOS/Source/portable/GCC/ARM_CM33_NTZ/non_secure/port.c ****  * @brief Constants required to check the validity of an interrupt priority.
 127:Middlewares/Third_Party/FreeRTOS/Source/portable/GCC/ARM_CM33_NTZ/non_secure/port.c ****  */
 128:Middlewares/Third_Party/FreeRTOS/Source/portable/GCC/ARM_CM33_NTZ/non_secure/port.c **** #define portNVIC_SHPR2_REG                 ( *( ( volatile uint32_t * ) 0xE000ED1C ) )
 129:Middlewares/Third_Party/FreeRTOS/Source/portable/GCC/ARM_CM33_NTZ/non_secure/port.c **** #define portFIRST_USER_INTERRUPT_NUMBER    ( 16 )
 130:Middlewares/Third_Party/FreeRTOS/Source/portable/GCC/ARM_CM33_NTZ/non_secure/port.c **** #define portNVIC_IP_REGISTERS_OFFSET_16    ( 0xE000E3F0 )
 131:Middlewares/Third_Party/FreeRTOS/Source/portable/GCC/ARM_CM33_NTZ/non_secure/port.c **** #define portAIRCR_REG                      ( *( ( volatile uint32_t * ) 0xE000ED0C ) )
 132:Middlewares/Third_Party/FreeRTOS/Source/portable/GCC/ARM_CM33_NTZ/non_secure/port.c **** #define portTOP_BIT_OF_BYTE                ( ( uint8_t ) 0x80 )
 133:Middlewares/Third_Party/FreeRTOS/Source/portable/GCC/ARM_CM33_NTZ/non_secure/port.c **** #define portMAX_PRIGROUP_BITS              ( ( uint8_t ) 7 )
 134:Middlewares/Third_Party/FreeRTOS/Source/portable/GCC/ARM_CM33_NTZ/non_secure/port.c **** #define portPRIORITY_GROUP_MASK            ( 0x07UL << 8UL )
 135:Middlewares/Third_Party/FreeRTOS/Source/portable/GCC/ARM_CM33_NTZ/non_secure/port.c **** #define portPRIGROUP_SHIFT                 ( 8UL )
 136:Middlewares/Third_Party/FreeRTOS/Source/portable/GCC/ARM_CM33_NTZ/non_secure/port.c **** /*-----------------------------------------------------------*/
 137:Middlewares/Third_Party/FreeRTOS/Source/portable/GCC/ARM_CM33_NTZ/non_secure/port.c **** 
 138:Middlewares/Third_Party/FreeRTOS/Source/portable/GCC/ARM_CM33_NTZ/non_secure/port.c **** /**
 139:Middlewares/Third_Party/FreeRTOS/Source/portable/GCC/ARM_CM33_NTZ/non_secure/port.c ****  * @brief Constants used during system call enter and exit.
 140:Middlewares/Third_Party/FreeRTOS/Source/portable/GCC/ARM_CM33_NTZ/non_secure/port.c ****  */
 141:Middlewares/Third_Party/FreeRTOS/Source/portable/GCC/ARM_CM33_NTZ/non_secure/port.c **** #define portPSR_STACK_PADDING_MASK              ( 1UL << 9UL )
 142:Middlewares/Third_Party/FreeRTOS/Source/portable/GCC/ARM_CM33_NTZ/non_secure/port.c **** #define portEXC_RETURN_STACK_FRAME_TYPE_MASK    ( 1UL << 4UL )
 143:Middlewares/Third_Party/FreeRTOS/Source/portable/GCC/ARM_CM33_NTZ/non_secure/port.c **** /*-----------------------------------------------------------*/
 144:Middlewares/Third_Party/FreeRTOS/Source/portable/GCC/ARM_CM33_NTZ/non_secure/port.c **** 
ARM GAS  /tmp/ccroD92D.s 			page 4


 145:Middlewares/Third_Party/FreeRTOS/Source/portable/GCC/ARM_CM33_NTZ/non_secure/port.c **** /**
 146:Middlewares/Third_Party/FreeRTOS/Source/portable/GCC/ARM_CM33_NTZ/non_secure/port.c ****  * @brief Constants required to manipulate the FPU.
 147:Middlewares/Third_Party/FreeRTOS/Source/portable/GCC/ARM_CM33_NTZ/non_secure/port.c ****  */
 148:Middlewares/Third_Party/FreeRTOS/Source/portable/GCC/ARM_CM33_NTZ/non_secure/port.c **** #define portCPACR               ( ( volatile uint32_t * ) 0xe000ed88 )              /* Coprocessor 
 149:Middlewares/Third_Party/FreeRTOS/Source/portable/GCC/ARM_CM33_NTZ/non_secure/port.c **** #define portCPACR_CP10_VALUE    ( 3UL )
 150:Middlewares/Third_Party/FreeRTOS/Source/portable/GCC/ARM_CM33_NTZ/non_secure/port.c **** #define portCPACR_CP11_VALUE    portCPACR_CP10_VALUE
 151:Middlewares/Third_Party/FreeRTOS/Source/portable/GCC/ARM_CM33_NTZ/non_secure/port.c **** #define portCPACR_CP10_POS      ( 20UL )
 152:Middlewares/Third_Party/FreeRTOS/Source/portable/GCC/ARM_CM33_NTZ/non_secure/port.c **** #define portCPACR_CP11_POS      ( 22UL )
 153:Middlewares/Third_Party/FreeRTOS/Source/portable/GCC/ARM_CM33_NTZ/non_secure/port.c **** 
 154:Middlewares/Third_Party/FreeRTOS/Source/portable/GCC/ARM_CM33_NTZ/non_secure/port.c **** #define portFPCCR               ( ( volatile uint32_t * ) 0xe000ef34 )              /* Floating Poi
 155:Middlewares/Third_Party/FreeRTOS/Source/portable/GCC/ARM_CM33_NTZ/non_secure/port.c **** #define portFPCCR_ASPEN_POS     ( 31UL )
 156:Middlewares/Third_Party/FreeRTOS/Source/portable/GCC/ARM_CM33_NTZ/non_secure/port.c **** #define portFPCCR_ASPEN_MASK    ( 1UL << portFPCCR_ASPEN_POS )
 157:Middlewares/Third_Party/FreeRTOS/Source/portable/GCC/ARM_CM33_NTZ/non_secure/port.c **** #define portFPCCR_LSPEN_POS     ( 30UL )
 158:Middlewares/Third_Party/FreeRTOS/Source/portable/GCC/ARM_CM33_NTZ/non_secure/port.c **** #define portFPCCR_LSPEN_MASK    ( 1UL << portFPCCR_LSPEN_POS )
 159:Middlewares/Third_Party/FreeRTOS/Source/portable/GCC/ARM_CM33_NTZ/non_secure/port.c **** /*-----------------------------------------------------------*/
 160:Middlewares/Third_Party/FreeRTOS/Source/portable/GCC/ARM_CM33_NTZ/non_secure/port.c **** 
 161:Middlewares/Third_Party/FreeRTOS/Source/portable/GCC/ARM_CM33_NTZ/non_secure/port.c **** /**
 162:Middlewares/Third_Party/FreeRTOS/Source/portable/GCC/ARM_CM33_NTZ/non_secure/port.c ****  * @brief Offsets in the stack to the parameters when inside the SVC handler.
 163:Middlewares/Third_Party/FreeRTOS/Source/portable/GCC/ARM_CM33_NTZ/non_secure/port.c ****  */
 164:Middlewares/Third_Party/FreeRTOS/Source/portable/GCC/ARM_CM33_NTZ/non_secure/port.c **** #define portOFFSET_TO_LR     ( 5 )
 165:Middlewares/Third_Party/FreeRTOS/Source/portable/GCC/ARM_CM33_NTZ/non_secure/port.c **** #define portOFFSET_TO_PC     ( 6 )
 166:Middlewares/Third_Party/FreeRTOS/Source/portable/GCC/ARM_CM33_NTZ/non_secure/port.c **** #define portOFFSET_TO_PSR    ( 7 )
 167:Middlewares/Third_Party/FreeRTOS/Source/portable/GCC/ARM_CM33_NTZ/non_secure/port.c **** /*-----------------------------------------------------------*/
 168:Middlewares/Third_Party/FreeRTOS/Source/portable/GCC/ARM_CM33_NTZ/non_secure/port.c **** 
 169:Middlewares/Third_Party/FreeRTOS/Source/portable/GCC/ARM_CM33_NTZ/non_secure/port.c **** /**
 170:Middlewares/Third_Party/FreeRTOS/Source/portable/GCC/ARM_CM33_NTZ/non_secure/port.c ****  * @brief Constants required to manipulate the MPU.
 171:Middlewares/Third_Party/FreeRTOS/Source/portable/GCC/ARM_CM33_NTZ/non_secure/port.c ****  */
 172:Middlewares/Third_Party/FreeRTOS/Source/portable/GCC/ARM_CM33_NTZ/non_secure/port.c **** #define portMPU_TYPE_REG                        ( *( ( volatile uint32_t * ) 0xe000ed90 ) )
 173:Middlewares/Third_Party/FreeRTOS/Source/portable/GCC/ARM_CM33_NTZ/non_secure/port.c **** #define portMPU_CTRL_REG                        ( *( ( volatile uint32_t * ) 0xe000ed94 ) )
 174:Middlewares/Third_Party/FreeRTOS/Source/portable/GCC/ARM_CM33_NTZ/non_secure/port.c **** #define portMPU_RNR_REG                         ( *( ( volatile uint32_t * ) 0xe000ed98 ) )
 175:Middlewares/Third_Party/FreeRTOS/Source/portable/GCC/ARM_CM33_NTZ/non_secure/port.c **** 
 176:Middlewares/Third_Party/FreeRTOS/Source/portable/GCC/ARM_CM33_NTZ/non_secure/port.c **** #define portMPU_RBAR_REG                        ( *( ( volatile uint32_t * ) 0xe000ed9c ) )
 177:Middlewares/Third_Party/FreeRTOS/Source/portable/GCC/ARM_CM33_NTZ/non_secure/port.c **** #define portMPU_RLAR_REG                        ( *( ( volatile uint32_t * ) 0xe000eda0 ) )
 178:Middlewares/Third_Party/FreeRTOS/Source/portable/GCC/ARM_CM33_NTZ/non_secure/port.c **** 
 179:Middlewares/Third_Party/FreeRTOS/Source/portable/GCC/ARM_CM33_NTZ/non_secure/port.c **** #define portMPU_RBAR_A1_REG                     ( *( ( volatile uint32_t * ) 0xe000eda4 ) )
 180:Middlewares/Third_Party/FreeRTOS/Source/portable/GCC/ARM_CM33_NTZ/non_secure/port.c **** #define portMPU_RLAR_A1_REG                     ( *( ( volatile uint32_t * ) 0xe000eda8 ) )
 181:Middlewares/Third_Party/FreeRTOS/Source/portable/GCC/ARM_CM33_NTZ/non_secure/port.c **** 
 182:Middlewares/Third_Party/FreeRTOS/Source/portable/GCC/ARM_CM33_NTZ/non_secure/port.c **** #define portMPU_RBAR_A2_REG                     ( *( ( volatile uint32_t * ) 0xe000edac ) )
 183:Middlewares/Third_Party/FreeRTOS/Source/portable/GCC/ARM_CM33_NTZ/non_secure/port.c **** #define portMPU_RLAR_A2_REG                     ( *( ( volatile uint32_t * ) 0xe000edb0 ) )
 184:Middlewares/Third_Party/FreeRTOS/Source/portable/GCC/ARM_CM33_NTZ/non_secure/port.c **** 
 185:Middlewares/Third_Party/FreeRTOS/Source/portable/GCC/ARM_CM33_NTZ/non_secure/port.c **** #define portMPU_RBAR_A3_REG                     ( *( ( volatile uint32_t * ) 0xe000edb4 ) )
 186:Middlewares/Third_Party/FreeRTOS/Source/portable/GCC/ARM_CM33_NTZ/non_secure/port.c **** #define portMPU_RLAR_A3_REG                     ( *( ( volatile uint32_t * ) 0xe000edb8 ) )
 187:Middlewares/Third_Party/FreeRTOS/Source/portable/GCC/ARM_CM33_NTZ/non_secure/port.c **** 
 188:Middlewares/Third_Party/FreeRTOS/Source/portable/GCC/ARM_CM33_NTZ/non_secure/port.c **** #define portMPU_MAIR0_REG                       ( *( ( volatile uint32_t * ) 0xe000edc0 ) )
 189:Middlewares/Third_Party/FreeRTOS/Source/portable/GCC/ARM_CM33_NTZ/non_secure/port.c **** #define portMPU_MAIR1_REG                       ( *( ( volatile uint32_t * ) 0xe000edc4 ) )
 190:Middlewares/Third_Party/FreeRTOS/Source/portable/GCC/ARM_CM33_NTZ/non_secure/port.c **** 
 191:Middlewares/Third_Party/FreeRTOS/Source/portable/GCC/ARM_CM33_NTZ/non_secure/port.c **** #define portMPU_RBAR_ADDRESS_MASK               ( 0xffffffe0 )     /* Must be 32-byte aligned. */
 192:Middlewares/Third_Party/FreeRTOS/Source/portable/GCC/ARM_CM33_NTZ/non_secure/port.c **** #define portMPU_RLAR_ADDRESS_MASK               ( 0xffffffe0 )     /* Must be 32-byte aligned. */
 193:Middlewares/Third_Party/FreeRTOS/Source/portable/GCC/ARM_CM33_NTZ/non_secure/port.c **** 
 194:Middlewares/Third_Party/FreeRTOS/Source/portable/GCC/ARM_CM33_NTZ/non_secure/port.c **** #define portMPU_RBAR_ACCESS_PERMISSIONS_MASK    ( 3UL << 1UL )
 195:Middlewares/Third_Party/FreeRTOS/Source/portable/GCC/ARM_CM33_NTZ/non_secure/port.c **** 
 196:Middlewares/Third_Party/FreeRTOS/Source/portable/GCC/ARM_CM33_NTZ/non_secure/port.c **** #define portMPU_MAIR_ATTR0_POS                  ( 0UL )
 197:Middlewares/Third_Party/FreeRTOS/Source/portable/GCC/ARM_CM33_NTZ/non_secure/port.c **** #define portMPU_MAIR_ATTR0_MASK                 ( 0x000000ff )
 198:Middlewares/Third_Party/FreeRTOS/Source/portable/GCC/ARM_CM33_NTZ/non_secure/port.c **** 
 199:Middlewares/Third_Party/FreeRTOS/Source/portable/GCC/ARM_CM33_NTZ/non_secure/port.c **** #define portMPU_MAIR_ATTR1_POS                  ( 8UL )
 200:Middlewares/Third_Party/FreeRTOS/Source/portable/GCC/ARM_CM33_NTZ/non_secure/port.c **** #define portMPU_MAIR_ATTR1_MASK                 ( 0x0000ff00 )
 201:Middlewares/Third_Party/FreeRTOS/Source/portable/GCC/ARM_CM33_NTZ/non_secure/port.c **** 
ARM GAS  /tmp/ccroD92D.s 			page 5


 202:Middlewares/Third_Party/FreeRTOS/Source/portable/GCC/ARM_CM33_NTZ/non_secure/port.c **** #define portMPU_MAIR_ATTR2_POS                  ( 16UL )
 203:Middlewares/Third_Party/FreeRTOS/Source/portable/GCC/ARM_CM33_NTZ/non_secure/port.c **** #define portMPU_MAIR_ATTR2_MASK                 ( 0x00ff0000 )
 204:Middlewares/Third_Party/FreeRTOS/Source/portable/GCC/ARM_CM33_NTZ/non_secure/port.c **** 
 205:Middlewares/Third_Party/FreeRTOS/Source/portable/GCC/ARM_CM33_NTZ/non_secure/port.c **** #define portMPU_MAIR_ATTR3_POS                  ( 24UL )
 206:Middlewares/Third_Party/FreeRTOS/Source/portable/GCC/ARM_CM33_NTZ/non_secure/port.c **** #define portMPU_MAIR_ATTR3_MASK                 ( 0xff000000 )
 207:Middlewares/Third_Party/FreeRTOS/Source/portable/GCC/ARM_CM33_NTZ/non_secure/port.c **** 
 208:Middlewares/Third_Party/FreeRTOS/Source/portable/GCC/ARM_CM33_NTZ/non_secure/port.c **** #define portMPU_MAIR_ATTR4_POS                  ( 0UL )
 209:Middlewares/Third_Party/FreeRTOS/Source/portable/GCC/ARM_CM33_NTZ/non_secure/port.c **** #define portMPU_MAIR_ATTR4_MASK                 ( 0x000000ff )
 210:Middlewares/Third_Party/FreeRTOS/Source/portable/GCC/ARM_CM33_NTZ/non_secure/port.c **** 
 211:Middlewares/Third_Party/FreeRTOS/Source/portable/GCC/ARM_CM33_NTZ/non_secure/port.c **** #define portMPU_MAIR_ATTR5_POS                  ( 8UL )
 212:Middlewares/Third_Party/FreeRTOS/Source/portable/GCC/ARM_CM33_NTZ/non_secure/port.c **** #define portMPU_MAIR_ATTR5_MASK                 ( 0x0000ff00 )
 213:Middlewares/Third_Party/FreeRTOS/Source/portable/GCC/ARM_CM33_NTZ/non_secure/port.c **** 
 214:Middlewares/Third_Party/FreeRTOS/Source/portable/GCC/ARM_CM33_NTZ/non_secure/port.c **** #define portMPU_MAIR_ATTR6_POS                  ( 16UL )
 215:Middlewares/Third_Party/FreeRTOS/Source/portable/GCC/ARM_CM33_NTZ/non_secure/port.c **** #define portMPU_MAIR_ATTR6_MASK                 ( 0x00ff0000 )
 216:Middlewares/Third_Party/FreeRTOS/Source/portable/GCC/ARM_CM33_NTZ/non_secure/port.c **** 
 217:Middlewares/Third_Party/FreeRTOS/Source/portable/GCC/ARM_CM33_NTZ/non_secure/port.c **** #define portMPU_MAIR_ATTR7_POS                  ( 24UL )
 218:Middlewares/Third_Party/FreeRTOS/Source/portable/GCC/ARM_CM33_NTZ/non_secure/port.c **** #define portMPU_MAIR_ATTR7_MASK                 ( 0xff000000 )
 219:Middlewares/Third_Party/FreeRTOS/Source/portable/GCC/ARM_CM33_NTZ/non_secure/port.c **** 
 220:Middlewares/Third_Party/FreeRTOS/Source/portable/GCC/ARM_CM33_NTZ/non_secure/port.c **** #define portMPU_RLAR_ATTR_INDEX0                ( 0UL << 1UL )
 221:Middlewares/Third_Party/FreeRTOS/Source/portable/GCC/ARM_CM33_NTZ/non_secure/port.c **** #define portMPU_RLAR_ATTR_INDEX1                ( 1UL << 1UL )
 222:Middlewares/Third_Party/FreeRTOS/Source/portable/GCC/ARM_CM33_NTZ/non_secure/port.c **** #define portMPU_RLAR_ATTR_INDEX2                ( 2UL << 1UL )
 223:Middlewares/Third_Party/FreeRTOS/Source/portable/GCC/ARM_CM33_NTZ/non_secure/port.c **** #define portMPU_RLAR_ATTR_INDEX3                ( 3UL << 1UL )
 224:Middlewares/Third_Party/FreeRTOS/Source/portable/GCC/ARM_CM33_NTZ/non_secure/port.c **** #define portMPU_RLAR_ATTR_INDEX4                ( 4UL << 1UL )
 225:Middlewares/Third_Party/FreeRTOS/Source/portable/GCC/ARM_CM33_NTZ/non_secure/port.c **** #define portMPU_RLAR_ATTR_INDEX5                ( 5UL << 1UL )
 226:Middlewares/Third_Party/FreeRTOS/Source/portable/GCC/ARM_CM33_NTZ/non_secure/port.c **** #define portMPU_RLAR_ATTR_INDEX6                ( 6UL << 1UL )
 227:Middlewares/Third_Party/FreeRTOS/Source/portable/GCC/ARM_CM33_NTZ/non_secure/port.c **** #define portMPU_RLAR_ATTR_INDEX7                ( 7UL << 1UL )
 228:Middlewares/Third_Party/FreeRTOS/Source/portable/GCC/ARM_CM33_NTZ/non_secure/port.c **** 
 229:Middlewares/Third_Party/FreeRTOS/Source/portable/GCC/ARM_CM33_NTZ/non_secure/port.c **** #define portMPU_RLAR_REGION_ENABLE              ( 1UL )
 230:Middlewares/Third_Party/FreeRTOS/Source/portable/GCC/ARM_CM33_NTZ/non_secure/port.c **** 
 231:Middlewares/Third_Party/FreeRTOS/Source/portable/GCC/ARM_CM33_NTZ/non_secure/port.c **** #if ( portARMV8M_MINOR_VERSION >= 1 )
 232:Middlewares/Third_Party/FreeRTOS/Source/portable/GCC/ARM_CM33_NTZ/non_secure/port.c **** 
 233:Middlewares/Third_Party/FreeRTOS/Source/portable/GCC/ARM_CM33_NTZ/non_secure/port.c **** /* Enable Privileged eXecute Never MPU attribute for the selected memory
 234:Middlewares/Third_Party/FreeRTOS/Source/portable/GCC/ARM_CM33_NTZ/non_secure/port.c ****  * region. */
 235:Middlewares/Third_Party/FreeRTOS/Source/portable/GCC/ARM_CM33_NTZ/non_secure/port.c ****     #define portMPU_RLAR_PRIVILEGED_EXECUTE_NEVER    ( 1UL << 4UL )
 236:Middlewares/Third_Party/FreeRTOS/Source/portable/GCC/ARM_CM33_NTZ/non_secure/port.c **** #endif /* portARMV8M_MINOR_VERSION >= 1 */
 237:Middlewares/Third_Party/FreeRTOS/Source/portable/GCC/ARM_CM33_NTZ/non_secure/port.c **** 
 238:Middlewares/Third_Party/FreeRTOS/Source/portable/GCC/ARM_CM33_NTZ/non_secure/port.c **** /* Enable privileged access to unmapped region. */
 239:Middlewares/Third_Party/FreeRTOS/Source/portable/GCC/ARM_CM33_NTZ/non_secure/port.c **** #define portMPU_PRIV_BACKGROUND_ENABLE_BIT    ( 1UL << 2UL )
 240:Middlewares/Third_Party/FreeRTOS/Source/portable/GCC/ARM_CM33_NTZ/non_secure/port.c **** 
 241:Middlewares/Third_Party/FreeRTOS/Source/portable/GCC/ARM_CM33_NTZ/non_secure/port.c **** /* Enable MPU. */
 242:Middlewares/Third_Party/FreeRTOS/Source/portable/GCC/ARM_CM33_NTZ/non_secure/port.c **** #define portMPU_ENABLE_BIT                    ( 1UL << 0UL )
 243:Middlewares/Third_Party/FreeRTOS/Source/portable/GCC/ARM_CM33_NTZ/non_secure/port.c **** 
 244:Middlewares/Third_Party/FreeRTOS/Source/portable/GCC/ARM_CM33_NTZ/non_secure/port.c **** /* Expected value of the portMPU_TYPE register. */
 245:Middlewares/Third_Party/FreeRTOS/Source/portable/GCC/ARM_CM33_NTZ/non_secure/port.c **** #define portEXPECTED_MPU_TYPE_VALUE           ( configTOTAL_MPU_REGIONS << 8UL )
 246:Middlewares/Third_Party/FreeRTOS/Source/portable/GCC/ARM_CM33_NTZ/non_secure/port.c **** 
 247:Middlewares/Third_Party/FreeRTOS/Source/portable/GCC/ARM_CM33_NTZ/non_secure/port.c **** /* Extract first address of the MPU region as encoded in the
 248:Middlewares/Third_Party/FreeRTOS/Source/portable/GCC/ARM_CM33_NTZ/non_secure/port.c ****  * RBAR (Region Base Address Register) value. */
 249:Middlewares/Third_Party/FreeRTOS/Source/portable/GCC/ARM_CM33_NTZ/non_secure/port.c **** #define portEXTRACT_FIRST_ADDRESS_FROM_RBAR( rbar ) \
 250:Middlewares/Third_Party/FreeRTOS/Source/portable/GCC/ARM_CM33_NTZ/non_secure/port.c ****     ( ( rbar ) & portMPU_RBAR_ADDRESS_MASK )
 251:Middlewares/Third_Party/FreeRTOS/Source/portable/GCC/ARM_CM33_NTZ/non_secure/port.c **** 
 252:Middlewares/Third_Party/FreeRTOS/Source/portable/GCC/ARM_CM33_NTZ/non_secure/port.c **** /* Extract last address of the MPU region as encoded in the
 253:Middlewares/Third_Party/FreeRTOS/Source/portable/GCC/ARM_CM33_NTZ/non_secure/port.c ****  * RLAR (Region Limit Address Register) value. */
 254:Middlewares/Third_Party/FreeRTOS/Source/portable/GCC/ARM_CM33_NTZ/non_secure/port.c **** #define portEXTRACT_LAST_ADDRESS_FROM_RLAR( rlar ) \
 255:Middlewares/Third_Party/FreeRTOS/Source/portable/GCC/ARM_CM33_NTZ/non_secure/port.c ****     ( ( ( rlar ) & portMPU_RLAR_ADDRESS_MASK ) | ~portMPU_RLAR_ADDRESS_MASK )
 256:Middlewares/Third_Party/FreeRTOS/Source/portable/GCC/ARM_CM33_NTZ/non_secure/port.c **** 
 257:Middlewares/Third_Party/FreeRTOS/Source/portable/GCC/ARM_CM33_NTZ/non_secure/port.c **** /* Does addr lies within [start, end] address range? */
 258:Middlewares/Third_Party/FreeRTOS/Source/portable/GCC/ARM_CM33_NTZ/non_secure/port.c **** #define portIS_ADDRESS_WITHIN_RANGE( addr, start, end ) \
ARM GAS  /tmp/ccroD92D.s 			page 6


 259:Middlewares/Third_Party/FreeRTOS/Source/portable/GCC/ARM_CM33_NTZ/non_secure/port.c ****     ( ( ( addr ) >= ( start ) ) && ( ( addr ) <= ( end ) ) )
 260:Middlewares/Third_Party/FreeRTOS/Source/portable/GCC/ARM_CM33_NTZ/non_secure/port.c **** 
 261:Middlewares/Third_Party/FreeRTOS/Source/portable/GCC/ARM_CM33_NTZ/non_secure/port.c **** /* Is the access request satisfied by the available permissions? */
 262:Middlewares/Third_Party/FreeRTOS/Source/portable/GCC/ARM_CM33_NTZ/non_secure/port.c **** #define portIS_AUTHORIZED( accessRequest, permissions ) \
 263:Middlewares/Third_Party/FreeRTOS/Source/portable/GCC/ARM_CM33_NTZ/non_secure/port.c ****     ( ( ( permissions ) & ( accessRequest ) ) == accessRequest )
 264:Middlewares/Third_Party/FreeRTOS/Source/portable/GCC/ARM_CM33_NTZ/non_secure/port.c **** 
 265:Middlewares/Third_Party/FreeRTOS/Source/portable/GCC/ARM_CM33_NTZ/non_secure/port.c **** /* Max value that fits in a uint32_t type. */
 266:Middlewares/Third_Party/FreeRTOS/Source/portable/GCC/ARM_CM33_NTZ/non_secure/port.c **** #define portUINT32_MAX    ( ~( ( uint32_t ) 0 ) )
 267:Middlewares/Third_Party/FreeRTOS/Source/portable/GCC/ARM_CM33_NTZ/non_secure/port.c **** 
 268:Middlewares/Third_Party/FreeRTOS/Source/portable/GCC/ARM_CM33_NTZ/non_secure/port.c **** /* Check if adding a and b will result in overflow. */
 269:Middlewares/Third_Party/FreeRTOS/Source/portable/GCC/ARM_CM33_NTZ/non_secure/port.c **** #define portADD_UINT32_WILL_OVERFLOW( a, b )    ( ( a ) > ( portUINT32_MAX - ( b ) ) )
 270:Middlewares/Third_Party/FreeRTOS/Source/portable/GCC/ARM_CM33_NTZ/non_secure/port.c **** /*-----------------------------------------------------------*/
 271:Middlewares/Third_Party/FreeRTOS/Source/portable/GCC/ARM_CM33_NTZ/non_secure/port.c **** 
 272:Middlewares/Third_Party/FreeRTOS/Source/portable/GCC/ARM_CM33_NTZ/non_secure/port.c **** /**
 273:Middlewares/Third_Party/FreeRTOS/Source/portable/GCC/ARM_CM33_NTZ/non_secure/port.c ****  * @brief The maximum 24-bit number.
 274:Middlewares/Third_Party/FreeRTOS/Source/portable/GCC/ARM_CM33_NTZ/non_secure/port.c ****  *
 275:Middlewares/Third_Party/FreeRTOS/Source/portable/GCC/ARM_CM33_NTZ/non_secure/port.c ****  * It is needed because the systick is a 24-bit counter.
 276:Middlewares/Third_Party/FreeRTOS/Source/portable/GCC/ARM_CM33_NTZ/non_secure/port.c ****  */
 277:Middlewares/Third_Party/FreeRTOS/Source/portable/GCC/ARM_CM33_NTZ/non_secure/port.c **** #define portMAX_24_BIT_NUMBER       ( 0xffffffUL )
 278:Middlewares/Third_Party/FreeRTOS/Source/portable/GCC/ARM_CM33_NTZ/non_secure/port.c **** 
 279:Middlewares/Third_Party/FreeRTOS/Source/portable/GCC/ARM_CM33_NTZ/non_secure/port.c **** /**
 280:Middlewares/Third_Party/FreeRTOS/Source/portable/GCC/ARM_CM33_NTZ/non_secure/port.c ****  * @brief A fiddle factor to estimate the number of SysTick counts that would
 281:Middlewares/Third_Party/FreeRTOS/Source/portable/GCC/ARM_CM33_NTZ/non_secure/port.c ****  * have occurred while the SysTick counter is stopped during tickless idle
 282:Middlewares/Third_Party/FreeRTOS/Source/portable/GCC/ARM_CM33_NTZ/non_secure/port.c ****  * calculations.
 283:Middlewares/Third_Party/FreeRTOS/Source/portable/GCC/ARM_CM33_NTZ/non_secure/port.c ****  */
 284:Middlewares/Third_Party/FreeRTOS/Source/portable/GCC/ARM_CM33_NTZ/non_secure/port.c **** #define portMISSED_COUNTS_FACTOR    ( 94UL )
 285:Middlewares/Third_Party/FreeRTOS/Source/portable/GCC/ARM_CM33_NTZ/non_secure/port.c **** /*-----------------------------------------------------------*/
 286:Middlewares/Third_Party/FreeRTOS/Source/portable/GCC/ARM_CM33_NTZ/non_secure/port.c **** 
 287:Middlewares/Third_Party/FreeRTOS/Source/portable/GCC/ARM_CM33_NTZ/non_secure/port.c **** /**
 288:Middlewares/Third_Party/FreeRTOS/Source/portable/GCC/ARM_CM33_NTZ/non_secure/port.c ****  * @brief Constants required to set up the initial stack.
 289:Middlewares/Third_Party/FreeRTOS/Source/portable/GCC/ARM_CM33_NTZ/non_secure/port.c ****  */
 290:Middlewares/Third_Party/FreeRTOS/Source/portable/GCC/ARM_CM33_NTZ/non_secure/port.c **** #define portINITIAL_XPSR    ( 0x01000000 )
 291:Middlewares/Third_Party/FreeRTOS/Source/portable/GCC/ARM_CM33_NTZ/non_secure/port.c **** 
 292:Middlewares/Third_Party/FreeRTOS/Source/portable/GCC/ARM_CM33_NTZ/non_secure/port.c **** #if ( configRUN_FREERTOS_SECURE_ONLY == 1 )
 293:Middlewares/Third_Party/FreeRTOS/Source/portable/GCC/ARM_CM33_NTZ/non_secure/port.c **** 
 294:Middlewares/Third_Party/FreeRTOS/Source/portable/GCC/ARM_CM33_NTZ/non_secure/port.c **** /**
 295:Middlewares/Third_Party/FreeRTOS/Source/portable/GCC/ARM_CM33_NTZ/non_secure/port.c ****  * @brief Initial EXC_RETURN value.
 296:Middlewares/Third_Party/FreeRTOS/Source/portable/GCC/ARM_CM33_NTZ/non_secure/port.c ****  *
 297:Middlewares/Third_Party/FreeRTOS/Source/portable/GCC/ARM_CM33_NTZ/non_secure/port.c ****  *     FF         FF         FF         FD
 298:Middlewares/Third_Party/FreeRTOS/Source/portable/GCC/ARM_CM33_NTZ/non_secure/port.c ****  * 1111 1111  1111 1111  1111 1111  1111 1101
 299:Middlewares/Third_Party/FreeRTOS/Source/portable/GCC/ARM_CM33_NTZ/non_secure/port.c ****  *
 300:Middlewares/Third_Party/FreeRTOS/Source/portable/GCC/ARM_CM33_NTZ/non_secure/port.c ****  * Bit[6] - 1 --> The exception was taken from the Secure state.
 301:Middlewares/Third_Party/FreeRTOS/Source/portable/GCC/ARM_CM33_NTZ/non_secure/port.c ****  * Bit[5] - 1 --> Do not skip stacking of additional state context.
 302:Middlewares/Third_Party/FreeRTOS/Source/portable/GCC/ARM_CM33_NTZ/non_secure/port.c ****  * Bit[4] - 1 --> The PE did not allocate space on the stack for FP context.
 303:Middlewares/Third_Party/FreeRTOS/Source/portable/GCC/ARM_CM33_NTZ/non_secure/port.c ****  * Bit[3] - 1 --> Return to the Thread mode.
 304:Middlewares/Third_Party/FreeRTOS/Source/portable/GCC/ARM_CM33_NTZ/non_secure/port.c ****  * Bit[2] - 1 --> Restore registers from the process stack.
 305:Middlewares/Third_Party/FreeRTOS/Source/portable/GCC/ARM_CM33_NTZ/non_secure/port.c ****  * Bit[1] - 0 --> Reserved, 0.
 306:Middlewares/Third_Party/FreeRTOS/Source/portable/GCC/ARM_CM33_NTZ/non_secure/port.c ****  * Bit[0] - 1 --> The exception was taken to the Secure state.
 307:Middlewares/Third_Party/FreeRTOS/Source/portable/GCC/ARM_CM33_NTZ/non_secure/port.c ****  */
 308:Middlewares/Third_Party/FreeRTOS/Source/portable/GCC/ARM_CM33_NTZ/non_secure/port.c ****     #define portINITIAL_EXC_RETURN    ( 0xfffffffd )
 309:Middlewares/Third_Party/FreeRTOS/Source/portable/GCC/ARM_CM33_NTZ/non_secure/port.c **** #else
 310:Middlewares/Third_Party/FreeRTOS/Source/portable/GCC/ARM_CM33_NTZ/non_secure/port.c **** 
 311:Middlewares/Third_Party/FreeRTOS/Source/portable/GCC/ARM_CM33_NTZ/non_secure/port.c **** /**
 312:Middlewares/Third_Party/FreeRTOS/Source/portable/GCC/ARM_CM33_NTZ/non_secure/port.c ****  * @brief Initial EXC_RETURN value.
 313:Middlewares/Third_Party/FreeRTOS/Source/portable/GCC/ARM_CM33_NTZ/non_secure/port.c ****  *
 314:Middlewares/Third_Party/FreeRTOS/Source/portable/GCC/ARM_CM33_NTZ/non_secure/port.c ****  *     FF         FF         FF         BC
 315:Middlewares/Third_Party/FreeRTOS/Source/portable/GCC/ARM_CM33_NTZ/non_secure/port.c ****  * 1111 1111  1111 1111  1111 1111  1011 1100
ARM GAS  /tmp/ccroD92D.s 			page 7


 316:Middlewares/Third_Party/FreeRTOS/Source/portable/GCC/ARM_CM33_NTZ/non_secure/port.c ****  *
 317:Middlewares/Third_Party/FreeRTOS/Source/portable/GCC/ARM_CM33_NTZ/non_secure/port.c ****  * Bit[6] - 0 --> The exception was taken from the Non-Secure state.
 318:Middlewares/Third_Party/FreeRTOS/Source/portable/GCC/ARM_CM33_NTZ/non_secure/port.c ****  * Bit[5] - 1 --> Do not skip stacking of additional state context.
 319:Middlewares/Third_Party/FreeRTOS/Source/portable/GCC/ARM_CM33_NTZ/non_secure/port.c ****  * Bit[4] - 1 --> The PE did not allocate space on the stack for FP context.
 320:Middlewares/Third_Party/FreeRTOS/Source/portable/GCC/ARM_CM33_NTZ/non_secure/port.c ****  * Bit[3] - 1 --> Return to the Thread mode.
 321:Middlewares/Third_Party/FreeRTOS/Source/portable/GCC/ARM_CM33_NTZ/non_secure/port.c ****  * Bit[2] - 1 --> Restore registers from the process stack.
 322:Middlewares/Third_Party/FreeRTOS/Source/portable/GCC/ARM_CM33_NTZ/non_secure/port.c ****  * Bit[1] - 0 --> Reserved, 0.
 323:Middlewares/Third_Party/FreeRTOS/Source/portable/GCC/ARM_CM33_NTZ/non_secure/port.c ****  * Bit[0] - 0 --> The exception was taken to the Non-Secure state.
 324:Middlewares/Third_Party/FreeRTOS/Source/portable/GCC/ARM_CM33_NTZ/non_secure/port.c ****  */
 325:Middlewares/Third_Party/FreeRTOS/Source/portable/GCC/ARM_CM33_NTZ/non_secure/port.c ****     #define portINITIAL_EXC_RETURN    ( 0xffffffbc )
 326:Middlewares/Third_Party/FreeRTOS/Source/portable/GCC/ARM_CM33_NTZ/non_secure/port.c **** #endif /* configRUN_FREERTOS_SECURE_ONLY */
 327:Middlewares/Third_Party/FreeRTOS/Source/portable/GCC/ARM_CM33_NTZ/non_secure/port.c **** 
 328:Middlewares/Third_Party/FreeRTOS/Source/portable/GCC/ARM_CM33_NTZ/non_secure/port.c **** /**
 329:Middlewares/Third_Party/FreeRTOS/Source/portable/GCC/ARM_CM33_NTZ/non_secure/port.c ****  * @brief CONTROL register privileged bit mask.
 330:Middlewares/Third_Party/FreeRTOS/Source/portable/GCC/ARM_CM33_NTZ/non_secure/port.c ****  *
 331:Middlewares/Third_Party/FreeRTOS/Source/portable/GCC/ARM_CM33_NTZ/non_secure/port.c ****  * Bit[0] in CONTROL register tells the privilege:
 332:Middlewares/Third_Party/FreeRTOS/Source/portable/GCC/ARM_CM33_NTZ/non_secure/port.c ****  *  Bit[0] = 0 ==> The task is privileged.
 333:Middlewares/Third_Party/FreeRTOS/Source/portable/GCC/ARM_CM33_NTZ/non_secure/port.c ****  *  Bit[0] = 1 ==> The task is not privileged.
 334:Middlewares/Third_Party/FreeRTOS/Source/portable/GCC/ARM_CM33_NTZ/non_secure/port.c ****  */
 335:Middlewares/Third_Party/FreeRTOS/Source/portable/GCC/ARM_CM33_NTZ/non_secure/port.c **** #define portCONTROL_PRIVILEGED_MASK         ( 1UL << 0UL )
 336:Middlewares/Third_Party/FreeRTOS/Source/portable/GCC/ARM_CM33_NTZ/non_secure/port.c **** 
 337:Middlewares/Third_Party/FreeRTOS/Source/portable/GCC/ARM_CM33_NTZ/non_secure/port.c **** /**
 338:Middlewares/Third_Party/FreeRTOS/Source/portable/GCC/ARM_CM33_NTZ/non_secure/port.c ****  * @brief Initial CONTROL register values.
 339:Middlewares/Third_Party/FreeRTOS/Source/portable/GCC/ARM_CM33_NTZ/non_secure/port.c ****  */
 340:Middlewares/Third_Party/FreeRTOS/Source/portable/GCC/ARM_CM33_NTZ/non_secure/port.c **** #define portINITIAL_CONTROL_UNPRIVILEGED    ( 0x3 )
 341:Middlewares/Third_Party/FreeRTOS/Source/portable/GCC/ARM_CM33_NTZ/non_secure/port.c **** #define portINITIAL_CONTROL_PRIVILEGED      ( 0x2 )
 342:Middlewares/Third_Party/FreeRTOS/Source/portable/GCC/ARM_CM33_NTZ/non_secure/port.c **** 
 343:Middlewares/Third_Party/FreeRTOS/Source/portable/GCC/ARM_CM33_NTZ/non_secure/port.c **** /**
 344:Middlewares/Third_Party/FreeRTOS/Source/portable/GCC/ARM_CM33_NTZ/non_secure/port.c ****  * @brief Let the user override the default SysTick clock rate.  If defined by the
 345:Middlewares/Third_Party/FreeRTOS/Source/portable/GCC/ARM_CM33_NTZ/non_secure/port.c ****  * user, this symbol must equal the SysTick clock rate when the CLK bit is 0 in the
 346:Middlewares/Third_Party/FreeRTOS/Source/portable/GCC/ARM_CM33_NTZ/non_secure/port.c ****  * configuration register.
 347:Middlewares/Third_Party/FreeRTOS/Source/portable/GCC/ARM_CM33_NTZ/non_secure/port.c ****  */
 348:Middlewares/Third_Party/FreeRTOS/Source/portable/GCC/ARM_CM33_NTZ/non_secure/port.c **** #ifndef configSYSTICK_CLOCK_HZ
 349:Middlewares/Third_Party/FreeRTOS/Source/portable/GCC/ARM_CM33_NTZ/non_secure/port.c ****     #define configSYSTICK_CLOCK_HZ             ( configCPU_CLOCK_HZ )
 350:Middlewares/Third_Party/FreeRTOS/Source/portable/GCC/ARM_CM33_NTZ/non_secure/port.c ****     /* Ensure the SysTick is clocked at the same frequency as the core. */
 351:Middlewares/Third_Party/FreeRTOS/Source/portable/GCC/ARM_CM33_NTZ/non_secure/port.c ****     #define portNVIC_SYSTICK_CLK_BIT_CONFIG    ( portNVIC_SYSTICK_CLK_BIT )
 352:Middlewares/Third_Party/FreeRTOS/Source/portable/GCC/ARM_CM33_NTZ/non_secure/port.c **** #else
 353:Middlewares/Third_Party/FreeRTOS/Source/portable/GCC/ARM_CM33_NTZ/non_secure/port.c ****     /* Select the option to clock SysTick not at the same frequency as the core. */
 354:Middlewares/Third_Party/FreeRTOS/Source/portable/GCC/ARM_CM33_NTZ/non_secure/port.c ****     #define portNVIC_SYSTICK_CLK_BIT_CONFIG    ( 0 )
 355:Middlewares/Third_Party/FreeRTOS/Source/portable/GCC/ARM_CM33_NTZ/non_secure/port.c **** #endif
 356:Middlewares/Third_Party/FreeRTOS/Source/portable/GCC/ARM_CM33_NTZ/non_secure/port.c **** 
 357:Middlewares/Third_Party/FreeRTOS/Source/portable/GCC/ARM_CM33_NTZ/non_secure/port.c **** /**
 358:Middlewares/Third_Party/FreeRTOS/Source/portable/GCC/ARM_CM33_NTZ/non_secure/port.c ****  * @brief Let the user override the pre-loading of the initial LR with the
 359:Middlewares/Third_Party/FreeRTOS/Source/portable/GCC/ARM_CM33_NTZ/non_secure/port.c ****  * address of prvTaskExitError() in case it messes up unwinding of the stack
 360:Middlewares/Third_Party/FreeRTOS/Source/portable/GCC/ARM_CM33_NTZ/non_secure/port.c ****  * in the debugger.
 361:Middlewares/Third_Party/FreeRTOS/Source/portable/GCC/ARM_CM33_NTZ/non_secure/port.c ****  */
 362:Middlewares/Third_Party/FreeRTOS/Source/portable/GCC/ARM_CM33_NTZ/non_secure/port.c **** #ifdef configTASK_RETURN_ADDRESS
 363:Middlewares/Third_Party/FreeRTOS/Source/portable/GCC/ARM_CM33_NTZ/non_secure/port.c ****     #define portTASK_RETURN_ADDRESS    configTASK_RETURN_ADDRESS
 364:Middlewares/Third_Party/FreeRTOS/Source/portable/GCC/ARM_CM33_NTZ/non_secure/port.c **** #else
 365:Middlewares/Third_Party/FreeRTOS/Source/portable/GCC/ARM_CM33_NTZ/non_secure/port.c ****     #define portTASK_RETURN_ADDRESS    prvTaskExitError
 366:Middlewares/Third_Party/FreeRTOS/Source/portable/GCC/ARM_CM33_NTZ/non_secure/port.c **** #endif
 367:Middlewares/Third_Party/FreeRTOS/Source/portable/GCC/ARM_CM33_NTZ/non_secure/port.c **** 
 368:Middlewares/Third_Party/FreeRTOS/Source/portable/GCC/ARM_CM33_NTZ/non_secure/port.c **** /**
 369:Middlewares/Third_Party/FreeRTOS/Source/portable/GCC/ARM_CM33_NTZ/non_secure/port.c ****  * @brief If portPRELOAD_REGISTERS then registers will be given an initial value
 370:Middlewares/Third_Party/FreeRTOS/Source/portable/GCC/ARM_CM33_NTZ/non_secure/port.c ****  * when a task is created. This helps in debugging at the cost of code size.
 371:Middlewares/Third_Party/FreeRTOS/Source/portable/GCC/ARM_CM33_NTZ/non_secure/port.c ****  */
 372:Middlewares/Third_Party/FreeRTOS/Source/portable/GCC/ARM_CM33_NTZ/non_secure/port.c **** #define portPRELOAD_REGISTERS    1
ARM GAS  /tmp/ccroD92D.s 			page 8


 373:Middlewares/Third_Party/FreeRTOS/Source/portable/GCC/ARM_CM33_NTZ/non_secure/port.c **** 
 374:Middlewares/Third_Party/FreeRTOS/Source/portable/GCC/ARM_CM33_NTZ/non_secure/port.c **** /**
 375:Middlewares/Third_Party/FreeRTOS/Source/portable/GCC/ARM_CM33_NTZ/non_secure/port.c ****  * @brief A task is created without a secure context, and must call
 376:Middlewares/Third_Party/FreeRTOS/Source/portable/GCC/ARM_CM33_NTZ/non_secure/port.c ****  * portALLOCATE_SECURE_CONTEXT() to give itself a secure context before it makes
 377:Middlewares/Third_Party/FreeRTOS/Source/portable/GCC/ARM_CM33_NTZ/non_secure/port.c ****  * any secure calls.
 378:Middlewares/Third_Party/FreeRTOS/Source/portable/GCC/ARM_CM33_NTZ/non_secure/port.c ****  */
 379:Middlewares/Third_Party/FreeRTOS/Source/portable/GCC/ARM_CM33_NTZ/non_secure/port.c **** #define portNO_SECURE_CONTEXT    0
 380:Middlewares/Third_Party/FreeRTOS/Source/portable/GCC/ARM_CM33_NTZ/non_secure/port.c **** 
 381:Middlewares/Third_Party/FreeRTOS/Source/portable/GCC/ARM_CM33_NTZ/non_secure/port.c **** /**
 382:Middlewares/Third_Party/FreeRTOS/Source/portable/GCC/ARM_CM33_NTZ/non_secure/port.c ****  * @brief Constants required to check and configure PACBTI security feature implementation.
 383:Middlewares/Third_Party/FreeRTOS/Source/portable/GCC/ARM_CM33_NTZ/non_secure/port.c ****  */
 384:Middlewares/Third_Party/FreeRTOS/Source/portable/GCC/ARM_CM33_NTZ/non_secure/port.c **** #if ( ( configENABLE_PAC == 1 ) || ( configENABLE_BTI == 1 ) )
 385:Middlewares/Third_Party/FreeRTOS/Source/portable/GCC/ARM_CM33_NTZ/non_secure/port.c **** 
 386:Middlewares/Third_Party/FreeRTOS/Source/portable/GCC/ARM_CM33_NTZ/non_secure/port.c ****     #define portID_ISAR5_REG       ( *( ( volatile uint32_t * ) 0xe000ed74 ) )
 387:Middlewares/Third_Party/FreeRTOS/Source/portable/GCC/ARM_CM33_NTZ/non_secure/port.c **** 
 388:Middlewares/Third_Party/FreeRTOS/Source/portable/GCC/ARM_CM33_NTZ/non_secure/port.c ****     #define portCONTROL_UPAC_EN    ( 1UL << 7UL )
 389:Middlewares/Third_Party/FreeRTOS/Source/portable/GCC/ARM_CM33_NTZ/non_secure/port.c ****     #define portCONTROL_PAC_EN     ( 1UL << 6UL )
 390:Middlewares/Third_Party/FreeRTOS/Source/portable/GCC/ARM_CM33_NTZ/non_secure/port.c ****     #define portCONTROL_UBTI_EN    ( 1UL << 5UL )
 391:Middlewares/Third_Party/FreeRTOS/Source/portable/GCC/ARM_CM33_NTZ/non_secure/port.c ****     #define portCONTROL_BTI_EN     ( 1UL << 4UL )
 392:Middlewares/Third_Party/FreeRTOS/Source/portable/GCC/ARM_CM33_NTZ/non_secure/port.c **** 
 393:Middlewares/Third_Party/FreeRTOS/Source/portable/GCC/ARM_CM33_NTZ/non_secure/port.c **** #endif /* configENABLE_PAC == 1 || configENABLE_BTI == 1 */
 394:Middlewares/Third_Party/FreeRTOS/Source/portable/GCC/ARM_CM33_NTZ/non_secure/port.c **** /*-----------------------------------------------------------*/
 395:Middlewares/Third_Party/FreeRTOS/Source/portable/GCC/ARM_CM33_NTZ/non_secure/port.c **** 
 396:Middlewares/Third_Party/FreeRTOS/Source/portable/GCC/ARM_CM33_NTZ/non_secure/port.c **** /**
 397:Middlewares/Third_Party/FreeRTOS/Source/portable/GCC/ARM_CM33_NTZ/non_secure/port.c ****  * @brief Used to catch tasks that attempt to return from their implementing
 398:Middlewares/Third_Party/FreeRTOS/Source/portable/GCC/ARM_CM33_NTZ/non_secure/port.c ****  * function.
 399:Middlewares/Third_Party/FreeRTOS/Source/portable/GCC/ARM_CM33_NTZ/non_secure/port.c ****  */
 400:Middlewares/Third_Party/FreeRTOS/Source/portable/GCC/ARM_CM33_NTZ/non_secure/port.c **** static void prvTaskExitError( void );
 401:Middlewares/Third_Party/FreeRTOS/Source/portable/GCC/ARM_CM33_NTZ/non_secure/port.c **** 
 402:Middlewares/Third_Party/FreeRTOS/Source/portable/GCC/ARM_CM33_NTZ/non_secure/port.c **** #if ( ( configENABLE_MPU == 1 ) && ( configUSE_MPU_WRAPPERS_V1 == 0 ) )
 403:Middlewares/Third_Party/FreeRTOS/Source/portable/GCC/ARM_CM33_NTZ/non_secure/port.c **** 
 404:Middlewares/Third_Party/FreeRTOS/Source/portable/GCC/ARM_CM33_NTZ/non_secure/port.c **** /**
 405:Middlewares/Third_Party/FreeRTOS/Source/portable/GCC/ARM_CM33_NTZ/non_secure/port.c ****  * @brief Extract MPU region's access permissions from the Region Base Address
 406:Middlewares/Third_Party/FreeRTOS/Source/portable/GCC/ARM_CM33_NTZ/non_secure/port.c ****  * Register (RBAR) value.
 407:Middlewares/Third_Party/FreeRTOS/Source/portable/GCC/ARM_CM33_NTZ/non_secure/port.c ****  *
 408:Middlewares/Third_Party/FreeRTOS/Source/portable/GCC/ARM_CM33_NTZ/non_secure/port.c ****  * @param ulRBARValue RBAR value for the MPU region.
 409:Middlewares/Third_Party/FreeRTOS/Source/portable/GCC/ARM_CM33_NTZ/non_secure/port.c ****  *
 410:Middlewares/Third_Party/FreeRTOS/Source/portable/GCC/ARM_CM33_NTZ/non_secure/port.c ****  * @return uint32_t Access permissions.
 411:Middlewares/Third_Party/FreeRTOS/Source/portable/GCC/ARM_CM33_NTZ/non_secure/port.c ****  */
 412:Middlewares/Third_Party/FreeRTOS/Source/portable/GCC/ARM_CM33_NTZ/non_secure/port.c ****     static uint32_t prvGetRegionAccessPermissions( uint32_t ulRBARValue ) PRIVILEGED_FUNCTION;
 413:Middlewares/Third_Party/FreeRTOS/Source/portable/GCC/ARM_CM33_NTZ/non_secure/port.c **** #endif /* configENABLE_MPU == 1 && configUSE_MPU_WRAPPERS_V1 == 0 */
 414:Middlewares/Third_Party/FreeRTOS/Source/portable/GCC/ARM_CM33_NTZ/non_secure/port.c **** 
 415:Middlewares/Third_Party/FreeRTOS/Source/portable/GCC/ARM_CM33_NTZ/non_secure/port.c **** #if ( configENABLE_MPU == 1 )
 416:Middlewares/Third_Party/FreeRTOS/Source/portable/GCC/ARM_CM33_NTZ/non_secure/port.c **** 
 417:Middlewares/Third_Party/FreeRTOS/Source/portable/GCC/ARM_CM33_NTZ/non_secure/port.c **** /**
 418:Middlewares/Third_Party/FreeRTOS/Source/portable/GCC/ARM_CM33_NTZ/non_secure/port.c ****  * @brief Setup the Memory Protection Unit (MPU).
 419:Middlewares/Third_Party/FreeRTOS/Source/portable/GCC/ARM_CM33_NTZ/non_secure/port.c ****  */
 420:Middlewares/Third_Party/FreeRTOS/Source/portable/GCC/ARM_CM33_NTZ/non_secure/port.c ****     static void prvSetupMPU( void ) PRIVILEGED_FUNCTION;
 421:Middlewares/Third_Party/FreeRTOS/Source/portable/GCC/ARM_CM33_NTZ/non_secure/port.c **** #endif /* configENABLE_MPU */
 422:Middlewares/Third_Party/FreeRTOS/Source/portable/GCC/ARM_CM33_NTZ/non_secure/port.c **** 
 423:Middlewares/Third_Party/FreeRTOS/Source/portable/GCC/ARM_CM33_NTZ/non_secure/port.c **** #if ( configENABLE_FPU == 1 )
 424:Middlewares/Third_Party/FreeRTOS/Source/portable/GCC/ARM_CM33_NTZ/non_secure/port.c **** 
 425:Middlewares/Third_Party/FreeRTOS/Source/portable/GCC/ARM_CM33_NTZ/non_secure/port.c **** /**
 426:Middlewares/Third_Party/FreeRTOS/Source/portable/GCC/ARM_CM33_NTZ/non_secure/port.c ****  * @brief Setup the Floating Point Unit (FPU).
 427:Middlewares/Third_Party/FreeRTOS/Source/portable/GCC/ARM_CM33_NTZ/non_secure/port.c ****  */
 428:Middlewares/Third_Party/FreeRTOS/Source/portable/GCC/ARM_CM33_NTZ/non_secure/port.c ****     static void prvSetupFPU( void ) PRIVILEGED_FUNCTION;
 429:Middlewares/Third_Party/FreeRTOS/Source/portable/GCC/ARM_CM33_NTZ/non_secure/port.c **** #endif /* configENABLE_FPU */
ARM GAS  /tmp/ccroD92D.s 			page 9


 430:Middlewares/Third_Party/FreeRTOS/Source/portable/GCC/ARM_CM33_NTZ/non_secure/port.c **** 
 431:Middlewares/Third_Party/FreeRTOS/Source/portable/GCC/ARM_CM33_NTZ/non_secure/port.c **** #if ( ( configENABLE_PAC == 1 ) || ( configENABLE_BTI == 1 ) )
 432:Middlewares/Third_Party/FreeRTOS/Source/portable/GCC/ARM_CM33_NTZ/non_secure/port.c **** 
 433:Middlewares/Third_Party/FreeRTOS/Source/portable/GCC/ARM_CM33_NTZ/non_secure/port.c **** /**
 434:Middlewares/Third_Party/FreeRTOS/Source/portable/GCC/ARM_CM33_NTZ/non_secure/port.c ****  * @brief Configures PACBTI features.
 435:Middlewares/Third_Party/FreeRTOS/Source/portable/GCC/ARM_CM33_NTZ/non_secure/port.c ****  *
 436:Middlewares/Third_Party/FreeRTOS/Source/portable/GCC/ARM_CM33_NTZ/non_secure/port.c ****  * This function configures the Pointer Authentication, and Branch Target
 437:Middlewares/Third_Party/FreeRTOS/Source/portable/GCC/ARM_CM33_NTZ/non_secure/port.c ****  * Identification security features as per the user configuration. It returns
 438:Middlewares/Third_Party/FreeRTOS/Source/portable/GCC/ARM_CM33_NTZ/non_secure/port.c ****  * the value of the special purpose CONTROL register accordingly, and optionally
 439:Middlewares/Third_Party/FreeRTOS/Source/portable/GCC/ARM_CM33_NTZ/non_secure/port.c ****  * updates the CONTROL register value. Currently, only Cortex-M85 (ARMv8.1-M
 440:Middlewares/Third_Party/FreeRTOS/Source/portable/GCC/ARM_CM33_NTZ/non_secure/port.c ****  * architecture based) target supports PACBTI security feature.
 441:Middlewares/Third_Party/FreeRTOS/Source/portable/GCC/ARM_CM33_NTZ/non_secure/port.c ****  *
 442:Middlewares/Third_Party/FreeRTOS/Source/portable/GCC/ARM_CM33_NTZ/non_secure/port.c ****  * @param xWriteControlRegister Used to control whether the special purpose
 443:Middlewares/Third_Party/FreeRTOS/Source/portable/GCC/ARM_CM33_NTZ/non_secure/port.c ****  * CONTROL register should be updated or not.
 444:Middlewares/Third_Party/FreeRTOS/Source/portable/GCC/ARM_CM33_NTZ/non_secure/port.c ****  *
 445:Middlewares/Third_Party/FreeRTOS/Source/portable/GCC/ARM_CM33_NTZ/non_secure/port.c ****  * @return CONTROL register value according to the configured PACBTI option.
 446:Middlewares/Third_Party/FreeRTOS/Source/portable/GCC/ARM_CM33_NTZ/non_secure/port.c ****  */
 447:Middlewares/Third_Party/FreeRTOS/Source/portable/GCC/ARM_CM33_NTZ/non_secure/port.c ****     static uint32_t prvConfigurePACBTI( BaseType_t xWriteControlRegister );
 448:Middlewares/Third_Party/FreeRTOS/Source/portable/GCC/ARM_CM33_NTZ/non_secure/port.c **** 
 449:Middlewares/Third_Party/FreeRTOS/Source/portable/GCC/ARM_CM33_NTZ/non_secure/port.c **** #endif /* configENABLE_PAC == 1 || configENABLE_BTI == 1 */
 450:Middlewares/Third_Party/FreeRTOS/Source/portable/GCC/ARM_CM33_NTZ/non_secure/port.c **** 
 451:Middlewares/Third_Party/FreeRTOS/Source/portable/GCC/ARM_CM33_NTZ/non_secure/port.c **** /**
 452:Middlewares/Third_Party/FreeRTOS/Source/portable/GCC/ARM_CM33_NTZ/non_secure/port.c ****  * @brief Setup the timer to generate the tick interrupts.
 453:Middlewares/Third_Party/FreeRTOS/Source/portable/GCC/ARM_CM33_NTZ/non_secure/port.c ****  *
 454:Middlewares/Third_Party/FreeRTOS/Source/portable/GCC/ARM_CM33_NTZ/non_secure/port.c ****  * The implementation in this file is weak to allow application writers to
 455:Middlewares/Third_Party/FreeRTOS/Source/portable/GCC/ARM_CM33_NTZ/non_secure/port.c ****  * change the timer used to generate the tick interrupt.
 456:Middlewares/Third_Party/FreeRTOS/Source/portable/GCC/ARM_CM33_NTZ/non_secure/port.c ****  */
 457:Middlewares/Third_Party/FreeRTOS/Source/portable/GCC/ARM_CM33_NTZ/non_secure/port.c **** void vPortSetupTimerInterrupt( void ) PRIVILEGED_FUNCTION;
 458:Middlewares/Third_Party/FreeRTOS/Source/portable/GCC/ARM_CM33_NTZ/non_secure/port.c **** 
 459:Middlewares/Third_Party/FreeRTOS/Source/portable/GCC/ARM_CM33_NTZ/non_secure/port.c **** /**
 460:Middlewares/Third_Party/FreeRTOS/Source/portable/GCC/ARM_CM33_NTZ/non_secure/port.c ****  * @brief Checks whether the current execution context is interrupt.
 461:Middlewares/Third_Party/FreeRTOS/Source/portable/GCC/ARM_CM33_NTZ/non_secure/port.c ****  *
 462:Middlewares/Third_Party/FreeRTOS/Source/portable/GCC/ARM_CM33_NTZ/non_secure/port.c ****  * @return pdTRUE if the current execution context is interrupt, pdFALSE
 463:Middlewares/Third_Party/FreeRTOS/Source/portable/GCC/ARM_CM33_NTZ/non_secure/port.c ****  * otherwise.
 464:Middlewares/Third_Party/FreeRTOS/Source/portable/GCC/ARM_CM33_NTZ/non_secure/port.c ****  */
 465:Middlewares/Third_Party/FreeRTOS/Source/portable/GCC/ARM_CM33_NTZ/non_secure/port.c **** BaseType_t xPortIsInsideInterrupt( void );
 466:Middlewares/Third_Party/FreeRTOS/Source/portable/GCC/ARM_CM33_NTZ/non_secure/port.c **** 
 467:Middlewares/Third_Party/FreeRTOS/Source/portable/GCC/ARM_CM33_NTZ/non_secure/port.c **** /**
 468:Middlewares/Third_Party/FreeRTOS/Source/portable/GCC/ARM_CM33_NTZ/non_secure/port.c ****  * @brief Yield the processor.
 469:Middlewares/Third_Party/FreeRTOS/Source/portable/GCC/ARM_CM33_NTZ/non_secure/port.c ****  */
 470:Middlewares/Third_Party/FreeRTOS/Source/portable/GCC/ARM_CM33_NTZ/non_secure/port.c **** void vPortYield( void ) PRIVILEGED_FUNCTION;
 471:Middlewares/Third_Party/FreeRTOS/Source/portable/GCC/ARM_CM33_NTZ/non_secure/port.c **** 
 472:Middlewares/Third_Party/FreeRTOS/Source/portable/GCC/ARM_CM33_NTZ/non_secure/port.c **** /**
 473:Middlewares/Third_Party/FreeRTOS/Source/portable/GCC/ARM_CM33_NTZ/non_secure/port.c ****  * @brief Enter critical section.
 474:Middlewares/Third_Party/FreeRTOS/Source/portable/GCC/ARM_CM33_NTZ/non_secure/port.c ****  */
 475:Middlewares/Third_Party/FreeRTOS/Source/portable/GCC/ARM_CM33_NTZ/non_secure/port.c **** void vPortEnterCritical( void ) PRIVILEGED_FUNCTION;
 476:Middlewares/Third_Party/FreeRTOS/Source/portable/GCC/ARM_CM33_NTZ/non_secure/port.c **** 
 477:Middlewares/Third_Party/FreeRTOS/Source/portable/GCC/ARM_CM33_NTZ/non_secure/port.c **** /**
 478:Middlewares/Third_Party/FreeRTOS/Source/portable/GCC/ARM_CM33_NTZ/non_secure/port.c ****  * @brief Exit from critical section.
 479:Middlewares/Third_Party/FreeRTOS/Source/portable/GCC/ARM_CM33_NTZ/non_secure/port.c ****  */
 480:Middlewares/Third_Party/FreeRTOS/Source/portable/GCC/ARM_CM33_NTZ/non_secure/port.c **** void vPortExitCritical( void ) PRIVILEGED_FUNCTION;
 481:Middlewares/Third_Party/FreeRTOS/Source/portable/GCC/ARM_CM33_NTZ/non_secure/port.c **** 
 482:Middlewares/Third_Party/FreeRTOS/Source/portable/GCC/ARM_CM33_NTZ/non_secure/port.c **** /**
 483:Middlewares/Third_Party/FreeRTOS/Source/portable/GCC/ARM_CM33_NTZ/non_secure/port.c ****  * @brief SysTick handler.
 484:Middlewares/Third_Party/FreeRTOS/Source/portable/GCC/ARM_CM33_NTZ/non_secure/port.c ****  */
 485:Middlewares/Third_Party/FreeRTOS/Source/portable/GCC/ARM_CM33_NTZ/non_secure/port.c **** void SysTick_Handler( void ) PRIVILEGED_FUNCTION;
 486:Middlewares/Third_Party/FreeRTOS/Source/portable/GCC/ARM_CM33_NTZ/non_secure/port.c **** 
ARM GAS  /tmp/ccroD92D.s 			page 10


 487:Middlewares/Third_Party/FreeRTOS/Source/portable/GCC/ARM_CM33_NTZ/non_secure/port.c **** /**
 488:Middlewares/Third_Party/FreeRTOS/Source/portable/GCC/ARM_CM33_NTZ/non_secure/port.c ****  * @brief C part of SVC handler.
 489:Middlewares/Third_Party/FreeRTOS/Source/portable/GCC/ARM_CM33_NTZ/non_secure/port.c ****  */
 490:Middlewares/Third_Party/FreeRTOS/Source/portable/GCC/ARM_CM33_NTZ/non_secure/port.c **** portDONT_DISCARD void vPortSVCHandler_C( uint32_t * pulCallerStackAddress ) PRIVILEGED_FUNCTION;
 491:Middlewares/Third_Party/FreeRTOS/Source/portable/GCC/ARM_CM33_NTZ/non_secure/port.c **** 
 492:Middlewares/Third_Party/FreeRTOS/Source/portable/GCC/ARM_CM33_NTZ/non_secure/port.c **** #if ( ( configENABLE_MPU == 1 ) && ( configUSE_MPU_WRAPPERS_V1 == 0 ) )
 493:Middlewares/Third_Party/FreeRTOS/Source/portable/GCC/ARM_CM33_NTZ/non_secure/port.c **** 
 494:Middlewares/Third_Party/FreeRTOS/Source/portable/GCC/ARM_CM33_NTZ/non_secure/port.c **** /**
 495:Middlewares/Third_Party/FreeRTOS/Source/portable/GCC/ARM_CM33_NTZ/non_secure/port.c ****  * @brief Sets up the system call stack so that upon returning from
 496:Middlewares/Third_Party/FreeRTOS/Source/portable/GCC/ARM_CM33_NTZ/non_secure/port.c ****  * SVC, the system call stack is used.
 497:Middlewares/Third_Party/FreeRTOS/Source/portable/GCC/ARM_CM33_NTZ/non_secure/port.c ****  *
 498:Middlewares/Third_Party/FreeRTOS/Source/portable/GCC/ARM_CM33_NTZ/non_secure/port.c ****  * @param pulTaskStack The current SP when the SVC was raised.
 499:Middlewares/Third_Party/FreeRTOS/Source/portable/GCC/ARM_CM33_NTZ/non_secure/port.c ****  * @param ulLR The value of Link Register (EXC_RETURN) in the SVC handler.
 500:Middlewares/Third_Party/FreeRTOS/Source/portable/GCC/ARM_CM33_NTZ/non_secure/port.c ****  * @param ucSystemCallNumber The system call number of the system call.
 501:Middlewares/Third_Party/FreeRTOS/Source/portable/GCC/ARM_CM33_NTZ/non_secure/port.c ****  */
 502:Middlewares/Third_Party/FreeRTOS/Source/portable/GCC/ARM_CM33_NTZ/non_secure/port.c ****     void vSystemCallEnter( uint32_t * pulTaskStack,
 503:Middlewares/Third_Party/FreeRTOS/Source/portable/GCC/ARM_CM33_NTZ/non_secure/port.c ****                            uint32_t ulLR,
 504:Middlewares/Third_Party/FreeRTOS/Source/portable/GCC/ARM_CM33_NTZ/non_secure/port.c ****                            uint8_t ucSystemCallNumber ) PRIVILEGED_FUNCTION;
 505:Middlewares/Third_Party/FreeRTOS/Source/portable/GCC/ARM_CM33_NTZ/non_secure/port.c **** 
 506:Middlewares/Third_Party/FreeRTOS/Source/portable/GCC/ARM_CM33_NTZ/non_secure/port.c **** #endif /* ( configENABLE_MPU == 1 ) && ( configUSE_MPU_WRAPPERS_V1 == 0 ) */
 507:Middlewares/Third_Party/FreeRTOS/Source/portable/GCC/ARM_CM33_NTZ/non_secure/port.c **** 
 508:Middlewares/Third_Party/FreeRTOS/Source/portable/GCC/ARM_CM33_NTZ/non_secure/port.c **** #if ( ( configENABLE_MPU == 1 ) && ( configUSE_MPU_WRAPPERS_V1 == 0 ) )
 509:Middlewares/Third_Party/FreeRTOS/Source/portable/GCC/ARM_CM33_NTZ/non_secure/port.c **** 
 510:Middlewares/Third_Party/FreeRTOS/Source/portable/GCC/ARM_CM33_NTZ/non_secure/port.c **** /**
 511:Middlewares/Third_Party/FreeRTOS/Source/portable/GCC/ARM_CM33_NTZ/non_secure/port.c ****  * @brief Raise SVC for exiting from a system call.
 512:Middlewares/Third_Party/FreeRTOS/Source/portable/GCC/ARM_CM33_NTZ/non_secure/port.c ****  */
 513:Middlewares/Third_Party/FreeRTOS/Source/portable/GCC/ARM_CM33_NTZ/non_secure/port.c ****     void vRequestSystemCallExit( void ) __attribute__( ( naked ) ) PRIVILEGED_FUNCTION;
 514:Middlewares/Third_Party/FreeRTOS/Source/portable/GCC/ARM_CM33_NTZ/non_secure/port.c **** 
 515:Middlewares/Third_Party/FreeRTOS/Source/portable/GCC/ARM_CM33_NTZ/non_secure/port.c **** #endif /* ( configENABLE_MPU == 1 ) && ( configUSE_MPU_WRAPPERS_V1 == 0 ) */
 516:Middlewares/Third_Party/FreeRTOS/Source/portable/GCC/ARM_CM33_NTZ/non_secure/port.c **** 
 517:Middlewares/Third_Party/FreeRTOS/Source/portable/GCC/ARM_CM33_NTZ/non_secure/port.c **** #if ( ( configENABLE_MPU == 1 ) && ( configUSE_MPU_WRAPPERS_V1 == 0 ) )
 518:Middlewares/Third_Party/FreeRTOS/Source/portable/GCC/ARM_CM33_NTZ/non_secure/port.c **** 
 519:Middlewares/Third_Party/FreeRTOS/Source/portable/GCC/ARM_CM33_NTZ/non_secure/port.c **** /**
 520:Middlewares/Third_Party/FreeRTOS/Source/portable/GCC/ARM_CM33_NTZ/non_secure/port.c ****  * @brief Sets up the task stack so that upon returning from
 521:Middlewares/Third_Party/FreeRTOS/Source/portable/GCC/ARM_CM33_NTZ/non_secure/port.c ****  * SVC, the task stack is used again.
 522:Middlewares/Third_Party/FreeRTOS/Source/portable/GCC/ARM_CM33_NTZ/non_secure/port.c ****  *
 523:Middlewares/Third_Party/FreeRTOS/Source/portable/GCC/ARM_CM33_NTZ/non_secure/port.c ****  * @param pulSystemCallStack The current SP when the SVC was raised.
 524:Middlewares/Third_Party/FreeRTOS/Source/portable/GCC/ARM_CM33_NTZ/non_secure/port.c ****  * @param ulLR The value of Link Register (EXC_RETURN) in the SVC handler.
 525:Middlewares/Third_Party/FreeRTOS/Source/portable/GCC/ARM_CM33_NTZ/non_secure/port.c ****  */
 526:Middlewares/Third_Party/FreeRTOS/Source/portable/GCC/ARM_CM33_NTZ/non_secure/port.c ****     void vSystemCallExit( uint32_t * pulSystemCallStack,
 527:Middlewares/Third_Party/FreeRTOS/Source/portable/GCC/ARM_CM33_NTZ/non_secure/port.c ****                           uint32_t ulLR ) PRIVILEGED_FUNCTION;
 528:Middlewares/Third_Party/FreeRTOS/Source/portable/GCC/ARM_CM33_NTZ/non_secure/port.c **** 
 529:Middlewares/Third_Party/FreeRTOS/Source/portable/GCC/ARM_CM33_NTZ/non_secure/port.c **** #endif /* ( configENABLE_MPU == 1 ) && ( configUSE_MPU_WRAPPERS_V1 == 0 ) */
 530:Middlewares/Third_Party/FreeRTOS/Source/portable/GCC/ARM_CM33_NTZ/non_secure/port.c **** 
 531:Middlewares/Third_Party/FreeRTOS/Source/portable/GCC/ARM_CM33_NTZ/non_secure/port.c **** #if ( configENABLE_MPU == 1 )
 532:Middlewares/Third_Party/FreeRTOS/Source/portable/GCC/ARM_CM33_NTZ/non_secure/port.c **** 
 533:Middlewares/Third_Party/FreeRTOS/Source/portable/GCC/ARM_CM33_NTZ/non_secure/port.c **** /**
 534:Middlewares/Third_Party/FreeRTOS/Source/portable/GCC/ARM_CM33_NTZ/non_secure/port.c ****  * @brief Checks whether or not the calling task is privileged.
 535:Middlewares/Third_Party/FreeRTOS/Source/portable/GCC/ARM_CM33_NTZ/non_secure/port.c ****  *
 536:Middlewares/Third_Party/FreeRTOS/Source/portable/GCC/ARM_CM33_NTZ/non_secure/port.c ****  * @return pdTRUE if the calling task is privileged, pdFALSE otherwise.
 537:Middlewares/Third_Party/FreeRTOS/Source/portable/GCC/ARM_CM33_NTZ/non_secure/port.c ****  */
 538:Middlewares/Third_Party/FreeRTOS/Source/portable/GCC/ARM_CM33_NTZ/non_secure/port.c ****     BaseType_t xPortIsTaskPrivileged( void ) PRIVILEGED_FUNCTION;
 539:Middlewares/Third_Party/FreeRTOS/Source/portable/GCC/ARM_CM33_NTZ/non_secure/port.c **** 
 540:Middlewares/Third_Party/FreeRTOS/Source/portable/GCC/ARM_CM33_NTZ/non_secure/port.c **** #endif /* configENABLE_MPU == 1 */
 541:Middlewares/Third_Party/FreeRTOS/Source/portable/GCC/ARM_CM33_NTZ/non_secure/port.c **** /*-----------------------------------------------------------*/
 542:Middlewares/Third_Party/FreeRTOS/Source/portable/GCC/ARM_CM33_NTZ/non_secure/port.c **** 
 543:Middlewares/Third_Party/FreeRTOS/Source/portable/GCC/ARM_CM33_NTZ/non_secure/port.c **** #if ( ( configENABLE_MPU == 1 ) && ( configUSE_MPU_WRAPPERS_V1 == 0 ) )
ARM GAS  /tmp/ccroD92D.s 			page 11


 544:Middlewares/Third_Party/FreeRTOS/Source/portable/GCC/ARM_CM33_NTZ/non_secure/port.c **** 
 545:Middlewares/Third_Party/FreeRTOS/Source/portable/GCC/ARM_CM33_NTZ/non_secure/port.c **** /**
 546:Middlewares/Third_Party/FreeRTOS/Source/portable/GCC/ARM_CM33_NTZ/non_secure/port.c ****  * @brief This variable is set to pdTRUE when the scheduler is started.
 547:Middlewares/Third_Party/FreeRTOS/Source/portable/GCC/ARM_CM33_NTZ/non_secure/port.c ****  */
 548:Middlewares/Third_Party/FreeRTOS/Source/portable/GCC/ARM_CM33_NTZ/non_secure/port.c ****     PRIVILEGED_DATA static BaseType_t xSchedulerRunning = pdFALSE;
 549:Middlewares/Third_Party/FreeRTOS/Source/portable/GCC/ARM_CM33_NTZ/non_secure/port.c **** 
 550:Middlewares/Third_Party/FreeRTOS/Source/portable/GCC/ARM_CM33_NTZ/non_secure/port.c **** #endif /* ( configENABLE_MPU == 1 ) && ( configUSE_MPU_WRAPPERS_V1 == 0 ) */
 551:Middlewares/Third_Party/FreeRTOS/Source/portable/GCC/ARM_CM33_NTZ/non_secure/port.c **** 
 552:Middlewares/Third_Party/FreeRTOS/Source/portable/GCC/ARM_CM33_NTZ/non_secure/port.c **** /**
 553:Middlewares/Third_Party/FreeRTOS/Source/portable/GCC/ARM_CM33_NTZ/non_secure/port.c ****  * @brief Each task maintains its own interrupt status in the critical nesting
 554:Middlewares/Third_Party/FreeRTOS/Source/portable/GCC/ARM_CM33_NTZ/non_secure/port.c ****  * variable.
 555:Middlewares/Third_Party/FreeRTOS/Source/portable/GCC/ARM_CM33_NTZ/non_secure/port.c ****  */
 556:Middlewares/Third_Party/FreeRTOS/Source/portable/GCC/ARM_CM33_NTZ/non_secure/port.c **** PRIVILEGED_DATA static volatile uint32_t ulCriticalNesting = 0xaaaaaaaaUL;
 557:Middlewares/Third_Party/FreeRTOS/Source/portable/GCC/ARM_CM33_NTZ/non_secure/port.c **** 
 558:Middlewares/Third_Party/FreeRTOS/Source/portable/GCC/ARM_CM33_NTZ/non_secure/port.c **** #if ( configENABLE_TRUSTZONE == 1 )
 559:Middlewares/Third_Party/FreeRTOS/Source/portable/GCC/ARM_CM33_NTZ/non_secure/port.c **** 
 560:Middlewares/Third_Party/FreeRTOS/Source/portable/GCC/ARM_CM33_NTZ/non_secure/port.c **** /**
 561:Middlewares/Third_Party/FreeRTOS/Source/portable/GCC/ARM_CM33_NTZ/non_secure/port.c ****  * @brief Saved as part of the task context to indicate which context the
 562:Middlewares/Third_Party/FreeRTOS/Source/portable/GCC/ARM_CM33_NTZ/non_secure/port.c ****  * task is using on the secure side.
 563:Middlewares/Third_Party/FreeRTOS/Source/portable/GCC/ARM_CM33_NTZ/non_secure/port.c ****  */
 564:Middlewares/Third_Party/FreeRTOS/Source/portable/GCC/ARM_CM33_NTZ/non_secure/port.c ****     PRIVILEGED_DATA portDONT_DISCARD volatile SecureContextHandle_t xSecureContext = portNO_SECURE_
 565:Middlewares/Third_Party/FreeRTOS/Source/portable/GCC/ARM_CM33_NTZ/non_secure/port.c **** #endif /* configENABLE_TRUSTZONE */
 566:Middlewares/Third_Party/FreeRTOS/Source/portable/GCC/ARM_CM33_NTZ/non_secure/port.c **** 
 567:Middlewares/Third_Party/FreeRTOS/Source/portable/GCC/ARM_CM33_NTZ/non_secure/port.c **** /**
 568:Middlewares/Third_Party/FreeRTOS/Source/portable/GCC/ARM_CM33_NTZ/non_secure/port.c ****  * @brief Used by the portASSERT_IF_INTERRUPT_PRIORITY_INVALID() macro to ensure
 569:Middlewares/Third_Party/FreeRTOS/Source/portable/GCC/ARM_CM33_NTZ/non_secure/port.c ****  * FreeRTOS API functions are not called from interrupts that have been assigned
 570:Middlewares/Third_Party/FreeRTOS/Source/portable/GCC/ARM_CM33_NTZ/non_secure/port.c ****  * a priority above configMAX_SYSCALL_INTERRUPT_PRIORITY.
 571:Middlewares/Third_Party/FreeRTOS/Source/portable/GCC/ARM_CM33_NTZ/non_secure/port.c ****  */
 572:Middlewares/Third_Party/FreeRTOS/Source/portable/GCC/ARM_CM33_NTZ/non_secure/port.c **** #if ( ( configASSERT_DEFINED == 1 ) && ( portHAS_ARMV8M_MAIN_EXTENSION == 1 ) )
 573:Middlewares/Third_Party/FreeRTOS/Source/portable/GCC/ARM_CM33_NTZ/non_secure/port.c **** 
 574:Middlewares/Third_Party/FreeRTOS/Source/portable/GCC/ARM_CM33_NTZ/non_secure/port.c ****     static uint8_t ucMaxSysCallPriority = 0;
 575:Middlewares/Third_Party/FreeRTOS/Source/portable/GCC/ARM_CM33_NTZ/non_secure/port.c ****     static uint32_t ulMaxPRIGROUPValue = 0;
 576:Middlewares/Third_Party/FreeRTOS/Source/portable/GCC/ARM_CM33_NTZ/non_secure/port.c ****     static const volatile uint8_t * const pcInterruptPriorityRegisters = ( const volatile uint8_t *
 577:Middlewares/Third_Party/FreeRTOS/Source/portable/GCC/ARM_CM33_NTZ/non_secure/port.c **** 
 578:Middlewares/Third_Party/FreeRTOS/Source/portable/GCC/ARM_CM33_NTZ/non_secure/port.c **** #endif /* #if ( ( configASSERT_DEFINED == 1 ) && ( portHAS_ARMV8M_MAIN_EXTENSION == 1 ) ) */
 579:Middlewares/Third_Party/FreeRTOS/Source/portable/GCC/ARM_CM33_NTZ/non_secure/port.c **** 
 580:Middlewares/Third_Party/FreeRTOS/Source/portable/GCC/ARM_CM33_NTZ/non_secure/port.c **** #if ( configUSE_TICKLESS_IDLE == 1 )
 581:Middlewares/Third_Party/FreeRTOS/Source/portable/GCC/ARM_CM33_NTZ/non_secure/port.c **** 
 582:Middlewares/Third_Party/FreeRTOS/Source/portable/GCC/ARM_CM33_NTZ/non_secure/port.c **** /**
 583:Middlewares/Third_Party/FreeRTOS/Source/portable/GCC/ARM_CM33_NTZ/non_secure/port.c ****  * @brief The number of SysTick increments that make up one tick period.
 584:Middlewares/Third_Party/FreeRTOS/Source/portable/GCC/ARM_CM33_NTZ/non_secure/port.c ****  */
 585:Middlewares/Third_Party/FreeRTOS/Source/portable/GCC/ARM_CM33_NTZ/non_secure/port.c ****     PRIVILEGED_DATA static uint32_t ulTimerCountsForOneTick = 0;
 586:Middlewares/Third_Party/FreeRTOS/Source/portable/GCC/ARM_CM33_NTZ/non_secure/port.c **** 
 587:Middlewares/Third_Party/FreeRTOS/Source/portable/GCC/ARM_CM33_NTZ/non_secure/port.c **** /**
 588:Middlewares/Third_Party/FreeRTOS/Source/portable/GCC/ARM_CM33_NTZ/non_secure/port.c ****  * @brief The maximum number of tick periods that can be suppressed is
 589:Middlewares/Third_Party/FreeRTOS/Source/portable/GCC/ARM_CM33_NTZ/non_secure/port.c ****  * limited by the 24 bit resolution of the SysTick timer.
 590:Middlewares/Third_Party/FreeRTOS/Source/portable/GCC/ARM_CM33_NTZ/non_secure/port.c ****  */
 591:Middlewares/Third_Party/FreeRTOS/Source/portable/GCC/ARM_CM33_NTZ/non_secure/port.c ****     PRIVILEGED_DATA static uint32_t xMaximumPossibleSuppressedTicks = 0;
 592:Middlewares/Third_Party/FreeRTOS/Source/portable/GCC/ARM_CM33_NTZ/non_secure/port.c **** 
 593:Middlewares/Third_Party/FreeRTOS/Source/portable/GCC/ARM_CM33_NTZ/non_secure/port.c **** /**
 594:Middlewares/Third_Party/FreeRTOS/Source/portable/GCC/ARM_CM33_NTZ/non_secure/port.c ****  * @brief Compensate for the CPU cycles that pass while the SysTick is
 595:Middlewares/Third_Party/FreeRTOS/Source/portable/GCC/ARM_CM33_NTZ/non_secure/port.c ****  * stopped (low power functionality only).
 596:Middlewares/Third_Party/FreeRTOS/Source/portable/GCC/ARM_CM33_NTZ/non_secure/port.c ****  */
 597:Middlewares/Third_Party/FreeRTOS/Source/portable/GCC/ARM_CM33_NTZ/non_secure/port.c ****     PRIVILEGED_DATA static uint32_t ulStoppedTimerCompensation = 0;
 598:Middlewares/Third_Party/FreeRTOS/Source/portable/GCC/ARM_CM33_NTZ/non_secure/port.c **** #endif /* configUSE_TICKLESS_IDLE */
 599:Middlewares/Third_Party/FreeRTOS/Source/portable/GCC/ARM_CM33_NTZ/non_secure/port.c **** /*-----------------------------------------------------------*/
 600:Middlewares/Third_Party/FreeRTOS/Source/portable/GCC/ARM_CM33_NTZ/non_secure/port.c **** 
ARM GAS  /tmp/ccroD92D.s 			page 12


 601:Middlewares/Third_Party/FreeRTOS/Source/portable/GCC/ARM_CM33_NTZ/non_secure/port.c **** #if ( configUSE_TICKLESS_IDLE == 1 )
 602:Middlewares/Third_Party/FreeRTOS/Source/portable/GCC/ARM_CM33_NTZ/non_secure/port.c **** 
 603:Middlewares/Third_Party/FreeRTOS/Source/portable/GCC/ARM_CM33_NTZ/non_secure/port.c ****     __attribute__( ( weak ) ) void vPortSuppressTicksAndSleep( TickType_t xExpectedIdleTime )
 604:Middlewares/Third_Party/FreeRTOS/Source/portable/GCC/ARM_CM33_NTZ/non_secure/port.c ****     {
 605:Middlewares/Third_Party/FreeRTOS/Source/portable/GCC/ARM_CM33_NTZ/non_secure/port.c ****         uint32_t ulReloadValue, ulCompleteTickPeriods, ulCompletedSysTickDecrements, ulSysTickDecre
 606:Middlewares/Third_Party/FreeRTOS/Source/portable/GCC/ARM_CM33_NTZ/non_secure/port.c ****         TickType_t xModifiableIdleTime;
 607:Middlewares/Third_Party/FreeRTOS/Source/portable/GCC/ARM_CM33_NTZ/non_secure/port.c **** 
 608:Middlewares/Third_Party/FreeRTOS/Source/portable/GCC/ARM_CM33_NTZ/non_secure/port.c ****         /* Make sure the SysTick reload value does not overflow the counter. */
 609:Middlewares/Third_Party/FreeRTOS/Source/portable/GCC/ARM_CM33_NTZ/non_secure/port.c ****         if( xExpectedIdleTime > xMaximumPossibleSuppressedTicks )
 610:Middlewares/Third_Party/FreeRTOS/Source/portable/GCC/ARM_CM33_NTZ/non_secure/port.c ****         {
 611:Middlewares/Third_Party/FreeRTOS/Source/portable/GCC/ARM_CM33_NTZ/non_secure/port.c ****             xExpectedIdleTime = xMaximumPossibleSuppressedTicks;
 612:Middlewares/Third_Party/FreeRTOS/Source/portable/GCC/ARM_CM33_NTZ/non_secure/port.c ****         }
 613:Middlewares/Third_Party/FreeRTOS/Source/portable/GCC/ARM_CM33_NTZ/non_secure/port.c **** 
 614:Middlewares/Third_Party/FreeRTOS/Source/portable/GCC/ARM_CM33_NTZ/non_secure/port.c ****         /* Enter a critical section but don't use the taskENTER_CRITICAL()
 615:Middlewares/Third_Party/FreeRTOS/Source/portable/GCC/ARM_CM33_NTZ/non_secure/port.c ****          * method as that will mask interrupts that should exit sleep mode. */
 616:Middlewares/Third_Party/FreeRTOS/Source/portable/GCC/ARM_CM33_NTZ/non_secure/port.c ****         __asm volatile ( "cpsid i" ::: "memory" );
 617:Middlewares/Third_Party/FreeRTOS/Source/portable/GCC/ARM_CM33_NTZ/non_secure/port.c ****         __asm volatile ( "dsb" );
 618:Middlewares/Third_Party/FreeRTOS/Source/portable/GCC/ARM_CM33_NTZ/non_secure/port.c ****         __asm volatile ( "isb" );
 619:Middlewares/Third_Party/FreeRTOS/Source/portable/GCC/ARM_CM33_NTZ/non_secure/port.c **** 
 620:Middlewares/Third_Party/FreeRTOS/Source/portable/GCC/ARM_CM33_NTZ/non_secure/port.c ****         /* If a context switch is pending or a task is waiting for the scheduler
 621:Middlewares/Third_Party/FreeRTOS/Source/portable/GCC/ARM_CM33_NTZ/non_secure/port.c ****          * to be unsuspended then abandon the low power entry. */
 622:Middlewares/Third_Party/FreeRTOS/Source/portable/GCC/ARM_CM33_NTZ/non_secure/port.c ****         if( eTaskConfirmSleepModeStatus() == eAbortSleep )
 623:Middlewares/Third_Party/FreeRTOS/Source/portable/GCC/ARM_CM33_NTZ/non_secure/port.c ****         {
 624:Middlewares/Third_Party/FreeRTOS/Source/portable/GCC/ARM_CM33_NTZ/non_secure/port.c ****             /* Re-enable interrupts - see comments above the cpsid instruction
 625:Middlewares/Third_Party/FreeRTOS/Source/portable/GCC/ARM_CM33_NTZ/non_secure/port.c ****              * above. */
 626:Middlewares/Third_Party/FreeRTOS/Source/portable/GCC/ARM_CM33_NTZ/non_secure/port.c ****             __asm volatile ( "cpsie i" ::: "memory" );
 627:Middlewares/Third_Party/FreeRTOS/Source/portable/GCC/ARM_CM33_NTZ/non_secure/port.c ****         }
 628:Middlewares/Third_Party/FreeRTOS/Source/portable/GCC/ARM_CM33_NTZ/non_secure/port.c ****         else
 629:Middlewares/Third_Party/FreeRTOS/Source/portable/GCC/ARM_CM33_NTZ/non_secure/port.c ****         {
 630:Middlewares/Third_Party/FreeRTOS/Source/portable/GCC/ARM_CM33_NTZ/non_secure/port.c ****             /* Stop the SysTick momentarily.  The time the SysTick is stopped for
 631:Middlewares/Third_Party/FreeRTOS/Source/portable/GCC/ARM_CM33_NTZ/non_secure/port.c ****              * is accounted for as best it can be, but using the tickless mode will
 632:Middlewares/Third_Party/FreeRTOS/Source/portable/GCC/ARM_CM33_NTZ/non_secure/port.c ****              * inevitably result in some tiny drift of the time maintained by the
 633:Middlewares/Third_Party/FreeRTOS/Source/portable/GCC/ARM_CM33_NTZ/non_secure/port.c ****              * kernel with respect to calendar time. */
 634:Middlewares/Third_Party/FreeRTOS/Source/portable/GCC/ARM_CM33_NTZ/non_secure/port.c ****             portNVIC_SYSTICK_CTRL_REG = ( portNVIC_SYSTICK_CLK_BIT_CONFIG | portNVIC_SYSTICK_INT_BI
 635:Middlewares/Third_Party/FreeRTOS/Source/portable/GCC/ARM_CM33_NTZ/non_secure/port.c **** 
 636:Middlewares/Third_Party/FreeRTOS/Source/portable/GCC/ARM_CM33_NTZ/non_secure/port.c ****             /* Use the SysTick current-value register to determine the number of
 637:Middlewares/Third_Party/FreeRTOS/Source/portable/GCC/ARM_CM33_NTZ/non_secure/port.c ****              * SysTick decrements remaining until the next tick interrupt.  If the
 638:Middlewares/Third_Party/FreeRTOS/Source/portable/GCC/ARM_CM33_NTZ/non_secure/port.c ****              * current-value register is zero, then there are actually
 639:Middlewares/Third_Party/FreeRTOS/Source/portable/GCC/ARM_CM33_NTZ/non_secure/port.c ****              * ulTimerCountsForOneTick decrements remaining, not zero, because the
 640:Middlewares/Third_Party/FreeRTOS/Source/portable/GCC/ARM_CM33_NTZ/non_secure/port.c ****              * SysTick requests the interrupt when decrementing from 1 to 0. */
 641:Middlewares/Third_Party/FreeRTOS/Source/portable/GCC/ARM_CM33_NTZ/non_secure/port.c ****             ulSysTickDecrementsLeft = portNVIC_SYSTICK_CURRENT_VALUE_REG;
 642:Middlewares/Third_Party/FreeRTOS/Source/portable/GCC/ARM_CM33_NTZ/non_secure/port.c **** 
 643:Middlewares/Third_Party/FreeRTOS/Source/portable/GCC/ARM_CM33_NTZ/non_secure/port.c ****             if( ulSysTickDecrementsLeft == 0 )
 644:Middlewares/Third_Party/FreeRTOS/Source/portable/GCC/ARM_CM33_NTZ/non_secure/port.c ****             {
 645:Middlewares/Third_Party/FreeRTOS/Source/portable/GCC/ARM_CM33_NTZ/non_secure/port.c ****                 ulSysTickDecrementsLeft = ulTimerCountsForOneTick;
 646:Middlewares/Third_Party/FreeRTOS/Source/portable/GCC/ARM_CM33_NTZ/non_secure/port.c ****             }
 647:Middlewares/Third_Party/FreeRTOS/Source/portable/GCC/ARM_CM33_NTZ/non_secure/port.c **** 
 648:Middlewares/Third_Party/FreeRTOS/Source/portable/GCC/ARM_CM33_NTZ/non_secure/port.c ****             /* Calculate the reload value required to wait xExpectedIdleTime
 649:Middlewares/Third_Party/FreeRTOS/Source/portable/GCC/ARM_CM33_NTZ/non_secure/port.c ****              * tick periods.  -1 is used because this code normally executes part
 650:Middlewares/Third_Party/FreeRTOS/Source/portable/GCC/ARM_CM33_NTZ/non_secure/port.c ****              * way through the first tick period.  But if the SysTick IRQ is now
 651:Middlewares/Third_Party/FreeRTOS/Source/portable/GCC/ARM_CM33_NTZ/non_secure/port.c ****              * pending, then clear the IRQ, suppressing the first tick, and correct
 652:Middlewares/Third_Party/FreeRTOS/Source/portable/GCC/ARM_CM33_NTZ/non_secure/port.c ****              * the reload value to reflect that the second tick period is already
 653:Middlewares/Third_Party/FreeRTOS/Source/portable/GCC/ARM_CM33_NTZ/non_secure/port.c ****              * underway.  The expected idle time is always at least two ticks. */
 654:Middlewares/Third_Party/FreeRTOS/Source/portable/GCC/ARM_CM33_NTZ/non_secure/port.c ****             ulReloadValue = ulSysTickDecrementsLeft + ( ulTimerCountsForOneTick * ( xExpectedIdleTi
 655:Middlewares/Third_Party/FreeRTOS/Source/portable/GCC/ARM_CM33_NTZ/non_secure/port.c **** 
 656:Middlewares/Third_Party/FreeRTOS/Source/portable/GCC/ARM_CM33_NTZ/non_secure/port.c ****             if( ( portNVIC_INT_CTRL_REG & portNVIC_PEND_SYSTICK_SET_BIT ) != 0 )
 657:Middlewares/Third_Party/FreeRTOS/Source/portable/GCC/ARM_CM33_NTZ/non_secure/port.c ****             {
ARM GAS  /tmp/ccroD92D.s 			page 13


 658:Middlewares/Third_Party/FreeRTOS/Source/portable/GCC/ARM_CM33_NTZ/non_secure/port.c ****                 portNVIC_INT_CTRL_REG = portNVIC_PEND_SYSTICK_CLEAR_BIT;
 659:Middlewares/Third_Party/FreeRTOS/Source/portable/GCC/ARM_CM33_NTZ/non_secure/port.c ****                 ulReloadValue -= ulTimerCountsForOneTick;
 660:Middlewares/Third_Party/FreeRTOS/Source/portable/GCC/ARM_CM33_NTZ/non_secure/port.c ****             }
 661:Middlewares/Third_Party/FreeRTOS/Source/portable/GCC/ARM_CM33_NTZ/non_secure/port.c **** 
 662:Middlewares/Third_Party/FreeRTOS/Source/portable/GCC/ARM_CM33_NTZ/non_secure/port.c ****             if( ulReloadValue > ulStoppedTimerCompensation )
 663:Middlewares/Third_Party/FreeRTOS/Source/portable/GCC/ARM_CM33_NTZ/non_secure/port.c ****             {
 664:Middlewares/Third_Party/FreeRTOS/Source/portable/GCC/ARM_CM33_NTZ/non_secure/port.c ****                 ulReloadValue -= ulStoppedTimerCompensation;
 665:Middlewares/Third_Party/FreeRTOS/Source/portable/GCC/ARM_CM33_NTZ/non_secure/port.c ****             }
 666:Middlewares/Third_Party/FreeRTOS/Source/portable/GCC/ARM_CM33_NTZ/non_secure/port.c **** 
 667:Middlewares/Third_Party/FreeRTOS/Source/portable/GCC/ARM_CM33_NTZ/non_secure/port.c ****             /* Set the new reload value. */
 668:Middlewares/Third_Party/FreeRTOS/Source/portable/GCC/ARM_CM33_NTZ/non_secure/port.c ****             portNVIC_SYSTICK_LOAD_REG = ulReloadValue;
 669:Middlewares/Third_Party/FreeRTOS/Source/portable/GCC/ARM_CM33_NTZ/non_secure/port.c **** 
 670:Middlewares/Third_Party/FreeRTOS/Source/portable/GCC/ARM_CM33_NTZ/non_secure/port.c ****             /* Clear the SysTick count flag and set the count value back to
 671:Middlewares/Third_Party/FreeRTOS/Source/portable/GCC/ARM_CM33_NTZ/non_secure/port.c ****              * zero. */
 672:Middlewares/Third_Party/FreeRTOS/Source/portable/GCC/ARM_CM33_NTZ/non_secure/port.c ****             portNVIC_SYSTICK_CURRENT_VALUE_REG = 0UL;
 673:Middlewares/Third_Party/FreeRTOS/Source/portable/GCC/ARM_CM33_NTZ/non_secure/port.c **** 
 674:Middlewares/Third_Party/FreeRTOS/Source/portable/GCC/ARM_CM33_NTZ/non_secure/port.c ****             /* Restart SysTick. */
 675:Middlewares/Third_Party/FreeRTOS/Source/portable/GCC/ARM_CM33_NTZ/non_secure/port.c ****             portNVIC_SYSTICK_CTRL_REG |= portNVIC_SYSTICK_ENABLE_BIT;
 676:Middlewares/Third_Party/FreeRTOS/Source/portable/GCC/ARM_CM33_NTZ/non_secure/port.c **** 
 677:Middlewares/Third_Party/FreeRTOS/Source/portable/GCC/ARM_CM33_NTZ/non_secure/port.c ****             /* Sleep until something happens.  configPRE_SLEEP_PROCESSING() can
 678:Middlewares/Third_Party/FreeRTOS/Source/portable/GCC/ARM_CM33_NTZ/non_secure/port.c ****              * set its parameter to 0 to indicate that its implementation contains
 679:Middlewares/Third_Party/FreeRTOS/Source/portable/GCC/ARM_CM33_NTZ/non_secure/port.c ****              * its own wait for interrupt or wait for event instruction, and so wfi
 680:Middlewares/Third_Party/FreeRTOS/Source/portable/GCC/ARM_CM33_NTZ/non_secure/port.c ****              * should not be executed again.  However, the original expected idle
 681:Middlewares/Third_Party/FreeRTOS/Source/portable/GCC/ARM_CM33_NTZ/non_secure/port.c ****              * time variable must remain unmodified, so a copy is taken. */
 682:Middlewares/Third_Party/FreeRTOS/Source/portable/GCC/ARM_CM33_NTZ/non_secure/port.c ****             xModifiableIdleTime = xExpectedIdleTime;
 683:Middlewares/Third_Party/FreeRTOS/Source/portable/GCC/ARM_CM33_NTZ/non_secure/port.c ****             configPRE_SLEEP_PROCESSING( xModifiableIdleTime );
 684:Middlewares/Third_Party/FreeRTOS/Source/portable/GCC/ARM_CM33_NTZ/non_secure/port.c **** 
 685:Middlewares/Third_Party/FreeRTOS/Source/portable/GCC/ARM_CM33_NTZ/non_secure/port.c ****             if( xModifiableIdleTime > 0 )
 686:Middlewares/Third_Party/FreeRTOS/Source/portable/GCC/ARM_CM33_NTZ/non_secure/port.c ****             {
 687:Middlewares/Third_Party/FreeRTOS/Source/portable/GCC/ARM_CM33_NTZ/non_secure/port.c ****                 __asm volatile ( "dsb" ::: "memory" );
 688:Middlewares/Third_Party/FreeRTOS/Source/portable/GCC/ARM_CM33_NTZ/non_secure/port.c ****                 __asm volatile ( "wfi" );
 689:Middlewares/Third_Party/FreeRTOS/Source/portable/GCC/ARM_CM33_NTZ/non_secure/port.c ****                 __asm volatile ( "isb" );
 690:Middlewares/Third_Party/FreeRTOS/Source/portable/GCC/ARM_CM33_NTZ/non_secure/port.c ****             }
 691:Middlewares/Third_Party/FreeRTOS/Source/portable/GCC/ARM_CM33_NTZ/non_secure/port.c **** 
 692:Middlewares/Third_Party/FreeRTOS/Source/portable/GCC/ARM_CM33_NTZ/non_secure/port.c ****             configPOST_SLEEP_PROCESSING( xExpectedIdleTime );
 693:Middlewares/Third_Party/FreeRTOS/Source/portable/GCC/ARM_CM33_NTZ/non_secure/port.c **** 
 694:Middlewares/Third_Party/FreeRTOS/Source/portable/GCC/ARM_CM33_NTZ/non_secure/port.c ****             /* Re-enable interrupts to allow the interrupt that brought the MCU
 695:Middlewares/Third_Party/FreeRTOS/Source/portable/GCC/ARM_CM33_NTZ/non_secure/port.c ****              * out of sleep mode to execute immediately.  See comments above
 696:Middlewares/Third_Party/FreeRTOS/Source/portable/GCC/ARM_CM33_NTZ/non_secure/port.c ****              * the cpsid instruction above. */
 697:Middlewares/Third_Party/FreeRTOS/Source/portable/GCC/ARM_CM33_NTZ/non_secure/port.c ****             __asm volatile ( "cpsie i" ::: "memory" );
 698:Middlewares/Third_Party/FreeRTOS/Source/portable/GCC/ARM_CM33_NTZ/non_secure/port.c ****             __asm volatile ( "dsb" );
 699:Middlewares/Third_Party/FreeRTOS/Source/portable/GCC/ARM_CM33_NTZ/non_secure/port.c ****             __asm volatile ( "isb" );
 700:Middlewares/Third_Party/FreeRTOS/Source/portable/GCC/ARM_CM33_NTZ/non_secure/port.c **** 
 701:Middlewares/Third_Party/FreeRTOS/Source/portable/GCC/ARM_CM33_NTZ/non_secure/port.c ****             /* Disable interrupts again because the clock is about to be stopped
 702:Middlewares/Third_Party/FreeRTOS/Source/portable/GCC/ARM_CM33_NTZ/non_secure/port.c ****              * and interrupts that execute while the clock is stopped will increase
 703:Middlewares/Third_Party/FreeRTOS/Source/portable/GCC/ARM_CM33_NTZ/non_secure/port.c ****              * any slippage between the time maintained by the RTOS and calendar
 704:Middlewares/Third_Party/FreeRTOS/Source/portable/GCC/ARM_CM33_NTZ/non_secure/port.c ****              * time. */
 705:Middlewares/Third_Party/FreeRTOS/Source/portable/GCC/ARM_CM33_NTZ/non_secure/port.c ****             __asm volatile ( "cpsid i" ::: "memory" );
 706:Middlewares/Third_Party/FreeRTOS/Source/portable/GCC/ARM_CM33_NTZ/non_secure/port.c ****             __asm volatile ( "dsb" );
 707:Middlewares/Third_Party/FreeRTOS/Source/portable/GCC/ARM_CM33_NTZ/non_secure/port.c ****             __asm volatile ( "isb" );
 708:Middlewares/Third_Party/FreeRTOS/Source/portable/GCC/ARM_CM33_NTZ/non_secure/port.c **** 
 709:Middlewares/Third_Party/FreeRTOS/Source/portable/GCC/ARM_CM33_NTZ/non_secure/port.c ****             /* Disable the SysTick clock without reading the
 710:Middlewares/Third_Party/FreeRTOS/Source/portable/GCC/ARM_CM33_NTZ/non_secure/port.c ****              * portNVIC_SYSTICK_CTRL_REG register to ensure the
 711:Middlewares/Third_Party/FreeRTOS/Source/portable/GCC/ARM_CM33_NTZ/non_secure/port.c ****              * portNVIC_SYSTICK_COUNT_FLAG_BIT is not cleared if it is set.  Again,
 712:Middlewares/Third_Party/FreeRTOS/Source/portable/GCC/ARM_CM33_NTZ/non_secure/port.c ****              * the time the SysTick is stopped for is accounted for as best it can
 713:Middlewares/Third_Party/FreeRTOS/Source/portable/GCC/ARM_CM33_NTZ/non_secure/port.c ****              * be, but using the tickless mode will inevitably result in some tiny
 714:Middlewares/Third_Party/FreeRTOS/Source/portable/GCC/ARM_CM33_NTZ/non_secure/port.c ****              * drift of the time maintained by the kernel with respect to calendar
ARM GAS  /tmp/ccroD92D.s 			page 14


 715:Middlewares/Third_Party/FreeRTOS/Source/portable/GCC/ARM_CM33_NTZ/non_secure/port.c ****              * time*/
 716:Middlewares/Third_Party/FreeRTOS/Source/portable/GCC/ARM_CM33_NTZ/non_secure/port.c ****             portNVIC_SYSTICK_CTRL_REG = ( portNVIC_SYSTICK_CLK_BIT_CONFIG | portNVIC_SYSTICK_INT_BI
 717:Middlewares/Third_Party/FreeRTOS/Source/portable/GCC/ARM_CM33_NTZ/non_secure/port.c **** 
 718:Middlewares/Third_Party/FreeRTOS/Source/portable/GCC/ARM_CM33_NTZ/non_secure/port.c ****             /* Determine whether the SysTick has already counted to zero. */
 719:Middlewares/Third_Party/FreeRTOS/Source/portable/GCC/ARM_CM33_NTZ/non_secure/port.c ****             if( ( portNVIC_SYSTICK_CTRL_REG & portNVIC_SYSTICK_COUNT_FLAG_BIT ) != 0 )
 720:Middlewares/Third_Party/FreeRTOS/Source/portable/GCC/ARM_CM33_NTZ/non_secure/port.c ****             {
 721:Middlewares/Third_Party/FreeRTOS/Source/portable/GCC/ARM_CM33_NTZ/non_secure/port.c ****                 uint32_t ulCalculatedLoadValue;
 722:Middlewares/Third_Party/FreeRTOS/Source/portable/GCC/ARM_CM33_NTZ/non_secure/port.c **** 
 723:Middlewares/Third_Party/FreeRTOS/Source/portable/GCC/ARM_CM33_NTZ/non_secure/port.c ****                 /* The tick interrupt ended the sleep (or is now pending), and
 724:Middlewares/Third_Party/FreeRTOS/Source/portable/GCC/ARM_CM33_NTZ/non_secure/port.c ****                  * a new tick period has started.  Reset portNVIC_SYSTICK_LOAD_REG
 725:Middlewares/Third_Party/FreeRTOS/Source/portable/GCC/ARM_CM33_NTZ/non_secure/port.c ****                  * with whatever remains of the new tick period. */
 726:Middlewares/Third_Party/FreeRTOS/Source/portable/GCC/ARM_CM33_NTZ/non_secure/port.c ****                 ulCalculatedLoadValue = ( ulTimerCountsForOneTick - 1UL ) - ( ulReloadValue - portN
 727:Middlewares/Third_Party/FreeRTOS/Source/portable/GCC/ARM_CM33_NTZ/non_secure/port.c **** 
 728:Middlewares/Third_Party/FreeRTOS/Source/portable/GCC/ARM_CM33_NTZ/non_secure/port.c ****                 /* Don't allow a tiny value, or values that have somehow
 729:Middlewares/Third_Party/FreeRTOS/Source/portable/GCC/ARM_CM33_NTZ/non_secure/port.c ****                  * underflowed because the post sleep hook did something
 730:Middlewares/Third_Party/FreeRTOS/Source/portable/GCC/ARM_CM33_NTZ/non_secure/port.c ****                  * that took too long or because the SysTick current-value register
 731:Middlewares/Third_Party/FreeRTOS/Source/portable/GCC/ARM_CM33_NTZ/non_secure/port.c ****                  * is zero. */
 732:Middlewares/Third_Party/FreeRTOS/Source/portable/GCC/ARM_CM33_NTZ/non_secure/port.c ****                 if( ( ulCalculatedLoadValue <= ulStoppedTimerCompensation ) || ( ulCalculatedLoadVa
 733:Middlewares/Third_Party/FreeRTOS/Source/portable/GCC/ARM_CM33_NTZ/non_secure/port.c ****                 {
 734:Middlewares/Third_Party/FreeRTOS/Source/portable/GCC/ARM_CM33_NTZ/non_secure/port.c ****                     ulCalculatedLoadValue = ( ulTimerCountsForOneTick - 1UL );
 735:Middlewares/Third_Party/FreeRTOS/Source/portable/GCC/ARM_CM33_NTZ/non_secure/port.c ****                 }
 736:Middlewares/Third_Party/FreeRTOS/Source/portable/GCC/ARM_CM33_NTZ/non_secure/port.c **** 
 737:Middlewares/Third_Party/FreeRTOS/Source/portable/GCC/ARM_CM33_NTZ/non_secure/port.c ****                 portNVIC_SYSTICK_LOAD_REG = ulCalculatedLoadValue;
 738:Middlewares/Third_Party/FreeRTOS/Source/portable/GCC/ARM_CM33_NTZ/non_secure/port.c **** 
 739:Middlewares/Third_Party/FreeRTOS/Source/portable/GCC/ARM_CM33_NTZ/non_secure/port.c ****                 /* As the pending tick will be processed as soon as this
 740:Middlewares/Third_Party/FreeRTOS/Source/portable/GCC/ARM_CM33_NTZ/non_secure/port.c ****                  * function exits, the tick value maintained by the tick is stepped
 741:Middlewares/Third_Party/FreeRTOS/Source/portable/GCC/ARM_CM33_NTZ/non_secure/port.c ****                  * forward by one less than the time spent waiting. */
 742:Middlewares/Third_Party/FreeRTOS/Source/portable/GCC/ARM_CM33_NTZ/non_secure/port.c ****                 ulCompleteTickPeriods = xExpectedIdleTime - 1UL;
 743:Middlewares/Third_Party/FreeRTOS/Source/portable/GCC/ARM_CM33_NTZ/non_secure/port.c ****             }
 744:Middlewares/Third_Party/FreeRTOS/Source/portable/GCC/ARM_CM33_NTZ/non_secure/port.c ****             else
 745:Middlewares/Third_Party/FreeRTOS/Source/portable/GCC/ARM_CM33_NTZ/non_secure/port.c ****             {
 746:Middlewares/Third_Party/FreeRTOS/Source/portable/GCC/ARM_CM33_NTZ/non_secure/port.c ****                 /* Something other than the tick interrupt ended the sleep. */
 747:Middlewares/Third_Party/FreeRTOS/Source/portable/GCC/ARM_CM33_NTZ/non_secure/port.c **** 
 748:Middlewares/Third_Party/FreeRTOS/Source/portable/GCC/ARM_CM33_NTZ/non_secure/port.c ****                 /* Use the SysTick current-value register to determine the
 749:Middlewares/Third_Party/FreeRTOS/Source/portable/GCC/ARM_CM33_NTZ/non_secure/port.c ****                  * number of SysTick decrements remaining until the expected idle
 750:Middlewares/Third_Party/FreeRTOS/Source/portable/GCC/ARM_CM33_NTZ/non_secure/port.c ****                  * time would have ended. */
 751:Middlewares/Third_Party/FreeRTOS/Source/portable/GCC/ARM_CM33_NTZ/non_secure/port.c ****                 ulSysTickDecrementsLeft = portNVIC_SYSTICK_CURRENT_VALUE_REG;
 752:Middlewares/Third_Party/FreeRTOS/Source/portable/GCC/ARM_CM33_NTZ/non_secure/port.c ****                 #if ( portNVIC_SYSTICK_CLK_BIT_CONFIG != portNVIC_SYSTICK_CLK_BIT )
 753:Middlewares/Third_Party/FreeRTOS/Source/portable/GCC/ARM_CM33_NTZ/non_secure/port.c ****                 {
 754:Middlewares/Third_Party/FreeRTOS/Source/portable/GCC/ARM_CM33_NTZ/non_secure/port.c ****                     /* If the SysTick is not using the core clock, the current-
 755:Middlewares/Third_Party/FreeRTOS/Source/portable/GCC/ARM_CM33_NTZ/non_secure/port.c ****                      * value register might still be zero here.  In that case, the
 756:Middlewares/Third_Party/FreeRTOS/Source/portable/GCC/ARM_CM33_NTZ/non_secure/port.c ****                      * SysTick didn't load from the reload register, and there are
 757:Middlewares/Third_Party/FreeRTOS/Source/portable/GCC/ARM_CM33_NTZ/non_secure/port.c ****                      * ulReloadValue decrements remaining in the expected idle
 758:Middlewares/Third_Party/FreeRTOS/Source/portable/GCC/ARM_CM33_NTZ/non_secure/port.c ****                      * time, not zero. */
 759:Middlewares/Third_Party/FreeRTOS/Source/portable/GCC/ARM_CM33_NTZ/non_secure/port.c ****                     if( ulSysTickDecrementsLeft == 0 )
 760:Middlewares/Third_Party/FreeRTOS/Source/portable/GCC/ARM_CM33_NTZ/non_secure/port.c ****                     {
 761:Middlewares/Third_Party/FreeRTOS/Source/portable/GCC/ARM_CM33_NTZ/non_secure/port.c ****                         ulSysTickDecrementsLeft = ulReloadValue;
 762:Middlewares/Third_Party/FreeRTOS/Source/portable/GCC/ARM_CM33_NTZ/non_secure/port.c ****                     }
 763:Middlewares/Third_Party/FreeRTOS/Source/portable/GCC/ARM_CM33_NTZ/non_secure/port.c ****                 }
 764:Middlewares/Third_Party/FreeRTOS/Source/portable/GCC/ARM_CM33_NTZ/non_secure/port.c ****                 #endif /* portNVIC_SYSTICK_CLK_BIT_CONFIG */
 765:Middlewares/Third_Party/FreeRTOS/Source/portable/GCC/ARM_CM33_NTZ/non_secure/port.c **** 
 766:Middlewares/Third_Party/FreeRTOS/Source/portable/GCC/ARM_CM33_NTZ/non_secure/port.c ****                 /* Work out how long the sleep lasted rounded to complete tick
 767:Middlewares/Third_Party/FreeRTOS/Source/portable/GCC/ARM_CM33_NTZ/non_secure/port.c ****                  * periods (not the ulReload value which accounted for part
 768:Middlewares/Third_Party/FreeRTOS/Source/portable/GCC/ARM_CM33_NTZ/non_secure/port.c ****                  * ticks). */
 769:Middlewares/Third_Party/FreeRTOS/Source/portable/GCC/ARM_CM33_NTZ/non_secure/port.c ****                 ulCompletedSysTickDecrements = ( xExpectedIdleTime * ulTimerCountsForOneTick ) - ul
 770:Middlewares/Third_Party/FreeRTOS/Source/portable/GCC/ARM_CM33_NTZ/non_secure/port.c **** 
 771:Middlewares/Third_Party/FreeRTOS/Source/portable/GCC/ARM_CM33_NTZ/non_secure/port.c ****                 /* How many complete tick periods passed while the processor
ARM GAS  /tmp/ccroD92D.s 			page 15


 772:Middlewares/Third_Party/FreeRTOS/Source/portable/GCC/ARM_CM33_NTZ/non_secure/port.c ****                  * was waiting? */
 773:Middlewares/Third_Party/FreeRTOS/Source/portable/GCC/ARM_CM33_NTZ/non_secure/port.c ****                 ulCompleteTickPeriods = ulCompletedSysTickDecrements / ulTimerCountsForOneTick;
 774:Middlewares/Third_Party/FreeRTOS/Source/portable/GCC/ARM_CM33_NTZ/non_secure/port.c **** 
 775:Middlewares/Third_Party/FreeRTOS/Source/portable/GCC/ARM_CM33_NTZ/non_secure/port.c ****                 /* The reload value is set to whatever fraction of a single tick
 776:Middlewares/Third_Party/FreeRTOS/Source/portable/GCC/ARM_CM33_NTZ/non_secure/port.c ****                  * period remains. */
 777:Middlewares/Third_Party/FreeRTOS/Source/portable/GCC/ARM_CM33_NTZ/non_secure/port.c ****                 portNVIC_SYSTICK_LOAD_REG = ( ( ulCompleteTickPeriods + 1UL ) * ulTimerCountsForOne
 778:Middlewares/Third_Party/FreeRTOS/Source/portable/GCC/ARM_CM33_NTZ/non_secure/port.c ****             }
 779:Middlewares/Third_Party/FreeRTOS/Source/portable/GCC/ARM_CM33_NTZ/non_secure/port.c **** 
 780:Middlewares/Third_Party/FreeRTOS/Source/portable/GCC/ARM_CM33_NTZ/non_secure/port.c ****             /* Restart SysTick so it runs from portNVIC_SYSTICK_LOAD_REG again,
 781:Middlewares/Third_Party/FreeRTOS/Source/portable/GCC/ARM_CM33_NTZ/non_secure/port.c ****              * then set portNVIC_SYSTICK_LOAD_REG back to its standard value.  If
 782:Middlewares/Third_Party/FreeRTOS/Source/portable/GCC/ARM_CM33_NTZ/non_secure/port.c ****              * the SysTick is not using the core clock, temporarily configure it to
 783:Middlewares/Third_Party/FreeRTOS/Source/portable/GCC/ARM_CM33_NTZ/non_secure/port.c ****              * use the core clock.  This configuration forces the SysTick to load
 784:Middlewares/Third_Party/FreeRTOS/Source/portable/GCC/ARM_CM33_NTZ/non_secure/port.c ****              * from portNVIC_SYSTICK_LOAD_REG immediately instead of at the next
 785:Middlewares/Third_Party/FreeRTOS/Source/portable/GCC/ARM_CM33_NTZ/non_secure/port.c ****              * cycle of the other clock.  Then portNVIC_SYSTICK_LOAD_REG is ready
 786:Middlewares/Third_Party/FreeRTOS/Source/portable/GCC/ARM_CM33_NTZ/non_secure/port.c ****              * to receive the standard value immediately. */
 787:Middlewares/Third_Party/FreeRTOS/Source/portable/GCC/ARM_CM33_NTZ/non_secure/port.c ****             portNVIC_SYSTICK_CURRENT_VALUE_REG = 0UL;
 788:Middlewares/Third_Party/FreeRTOS/Source/portable/GCC/ARM_CM33_NTZ/non_secure/port.c ****             portNVIC_SYSTICK_CTRL_REG = portNVIC_SYSTICK_CLK_BIT | portNVIC_SYSTICK_INT_BIT | portN
 789:Middlewares/Third_Party/FreeRTOS/Source/portable/GCC/ARM_CM33_NTZ/non_secure/port.c ****             #if ( portNVIC_SYSTICK_CLK_BIT_CONFIG == portNVIC_SYSTICK_CLK_BIT )
 790:Middlewares/Third_Party/FreeRTOS/Source/portable/GCC/ARM_CM33_NTZ/non_secure/port.c ****             {
 791:Middlewares/Third_Party/FreeRTOS/Source/portable/GCC/ARM_CM33_NTZ/non_secure/port.c ****                 portNVIC_SYSTICK_LOAD_REG = ulTimerCountsForOneTick - 1UL;
 792:Middlewares/Third_Party/FreeRTOS/Source/portable/GCC/ARM_CM33_NTZ/non_secure/port.c ****             }
 793:Middlewares/Third_Party/FreeRTOS/Source/portable/GCC/ARM_CM33_NTZ/non_secure/port.c ****             #else
 794:Middlewares/Third_Party/FreeRTOS/Source/portable/GCC/ARM_CM33_NTZ/non_secure/port.c ****             {
 795:Middlewares/Third_Party/FreeRTOS/Source/portable/GCC/ARM_CM33_NTZ/non_secure/port.c ****                 /* The temporary usage of the core clock has served its purpose,
 796:Middlewares/Third_Party/FreeRTOS/Source/portable/GCC/ARM_CM33_NTZ/non_secure/port.c ****                  * as described above.  Resume usage of the other clock. */
 797:Middlewares/Third_Party/FreeRTOS/Source/portable/GCC/ARM_CM33_NTZ/non_secure/port.c ****                 portNVIC_SYSTICK_CTRL_REG = portNVIC_SYSTICK_CLK_BIT | portNVIC_SYSTICK_INT_BIT;
 798:Middlewares/Third_Party/FreeRTOS/Source/portable/GCC/ARM_CM33_NTZ/non_secure/port.c **** 
 799:Middlewares/Third_Party/FreeRTOS/Source/portable/GCC/ARM_CM33_NTZ/non_secure/port.c ****                 if( ( portNVIC_SYSTICK_CTRL_REG & portNVIC_SYSTICK_COUNT_FLAG_BIT ) != 0 )
 800:Middlewares/Third_Party/FreeRTOS/Source/portable/GCC/ARM_CM33_NTZ/non_secure/port.c ****                 {
 801:Middlewares/Third_Party/FreeRTOS/Source/portable/GCC/ARM_CM33_NTZ/non_secure/port.c ****                     /* The partial tick period already ended.  Be sure the SysTick
 802:Middlewares/Third_Party/FreeRTOS/Source/portable/GCC/ARM_CM33_NTZ/non_secure/port.c ****                      * counts it only once. */
 803:Middlewares/Third_Party/FreeRTOS/Source/portable/GCC/ARM_CM33_NTZ/non_secure/port.c ****                     portNVIC_SYSTICK_CURRENT_VALUE_REG = 0;
 804:Middlewares/Third_Party/FreeRTOS/Source/portable/GCC/ARM_CM33_NTZ/non_secure/port.c ****                 }
 805:Middlewares/Third_Party/FreeRTOS/Source/portable/GCC/ARM_CM33_NTZ/non_secure/port.c **** 
 806:Middlewares/Third_Party/FreeRTOS/Source/portable/GCC/ARM_CM33_NTZ/non_secure/port.c ****                 portNVIC_SYSTICK_LOAD_REG = ulTimerCountsForOneTick - 1UL;
 807:Middlewares/Third_Party/FreeRTOS/Source/portable/GCC/ARM_CM33_NTZ/non_secure/port.c ****                 portNVIC_SYSTICK_CTRL_REG = portNVIC_SYSTICK_CLK_BIT_CONFIG | portNVIC_SYSTICK_INT_
 808:Middlewares/Third_Party/FreeRTOS/Source/portable/GCC/ARM_CM33_NTZ/non_secure/port.c ****             }
 809:Middlewares/Third_Party/FreeRTOS/Source/portable/GCC/ARM_CM33_NTZ/non_secure/port.c ****             #endif /* portNVIC_SYSTICK_CLK_BIT_CONFIG */
 810:Middlewares/Third_Party/FreeRTOS/Source/portable/GCC/ARM_CM33_NTZ/non_secure/port.c **** 
 811:Middlewares/Third_Party/FreeRTOS/Source/portable/GCC/ARM_CM33_NTZ/non_secure/port.c ****             /* Step the tick to account for any tick periods that elapsed. */
 812:Middlewares/Third_Party/FreeRTOS/Source/portable/GCC/ARM_CM33_NTZ/non_secure/port.c ****             vTaskStepTick( ulCompleteTickPeriods );
 813:Middlewares/Third_Party/FreeRTOS/Source/portable/GCC/ARM_CM33_NTZ/non_secure/port.c **** 
 814:Middlewares/Third_Party/FreeRTOS/Source/portable/GCC/ARM_CM33_NTZ/non_secure/port.c ****             /* Exit with interrupts enabled. */
 815:Middlewares/Third_Party/FreeRTOS/Source/portable/GCC/ARM_CM33_NTZ/non_secure/port.c ****             __asm volatile ( "cpsie i" ::: "memory" );
 816:Middlewares/Third_Party/FreeRTOS/Source/portable/GCC/ARM_CM33_NTZ/non_secure/port.c ****         }
 817:Middlewares/Third_Party/FreeRTOS/Source/portable/GCC/ARM_CM33_NTZ/non_secure/port.c ****     }
 818:Middlewares/Third_Party/FreeRTOS/Source/portable/GCC/ARM_CM33_NTZ/non_secure/port.c **** 
 819:Middlewares/Third_Party/FreeRTOS/Source/portable/GCC/ARM_CM33_NTZ/non_secure/port.c **** #endif /* configUSE_TICKLESS_IDLE */
 820:Middlewares/Third_Party/FreeRTOS/Source/portable/GCC/ARM_CM33_NTZ/non_secure/port.c **** /*-----------------------------------------------------------*/
 821:Middlewares/Third_Party/FreeRTOS/Source/portable/GCC/ARM_CM33_NTZ/non_secure/port.c **** 
 822:Middlewares/Third_Party/FreeRTOS/Source/portable/GCC/ARM_CM33_NTZ/non_secure/port.c **** __attribute__( ( weak ) ) void vPortSetupTimerInterrupt( void ) /* PRIVILEGED_FUNCTION */
 823:Middlewares/Third_Party/FreeRTOS/Source/portable/GCC/ARM_CM33_NTZ/non_secure/port.c **** {
 824:Middlewares/Third_Party/FreeRTOS/Source/portable/GCC/ARM_CM33_NTZ/non_secure/port.c ****     /* Calculate the constants required to configure the tick interrupt. */
 825:Middlewares/Third_Party/FreeRTOS/Source/portable/GCC/ARM_CM33_NTZ/non_secure/port.c ****     #if ( configUSE_TICKLESS_IDLE == 1 )
 826:Middlewares/Third_Party/FreeRTOS/Source/portable/GCC/ARM_CM33_NTZ/non_secure/port.c ****     {
 827:Middlewares/Third_Party/FreeRTOS/Source/portable/GCC/ARM_CM33_NTZ/non_secure/port.c ****         ulTimerCountsForOneTick = ( configSYSTICK_CLOCK_HZ / configTICK_RATE_HZ );
 828:Middlewares/Third_Party/FreeRTOS/Source/portable/GCC/ARM_CM33_NTZ/non_secure/port.c ****         xMaximumPossibleSuppressedTicks = portMAX_24_BIT_NUMBER / ulTimerCountsForOneTick;
ARM GAS  /tmp/ccroD92D.s 			page 16


 829:Middlewares/Third_Party/FreeRTOS/Source/portable/GCC/ARM_CM33_NTZ/non_secure/port.c ****         ulStoppedTimerCompensation = portMISSED_COUNTS_FACTOR / ( configCPU_CLOCK_HZ / configSYSTIC
 830:Middlewares/Third_Party/FreeRTOS/Source/portable/GCC/ARM_CM33_NTZ/non_secure/port.c ****     }
 831:Middlewares/Third_Party/FreeRTOS/Source/portable/GCC/ARM_CM33_NTZ/non_secure/port.c ****     #endif /* configUSE_TICKLESS_IDLE */
 832:Middlewares/Third_Party/FreeRTOS/Source/portable/GCC/ARM_CM33_NTZ/non_secure/port.c **** 
 833:Middlewares/Third_Party/FreeRTOS/Source/portable/GCC/ARM_CM33_NTZ/non_secure/port.c ****     /* Stop and reset SysTick.
 834:Middlewares/Third_Party/FreeRTOS/Source/portable/GCC/ARM_CM33_NTZ/non_secure/port.c ****      *
 835:Middlewares/Third_Party/FreeRTOS/Source/portable/GCC/ARM_CM33_NTZ/non_secure/port.c ****      * QEMU versions older than 7.0.0 contain a bug which causes an error if we
 836:Middlewares/Third_Party/FreeRTOS/Source/portable/GCC/ARM_CM33_NTZ/non_secure/port.c ****      * enable SysTick without first selecting a valid clock source. We trigger
 837:Middlewares/Third_Party/FreeRTOS/Source/portable/GCC/ARM_CM33_NTZ/non_secure/port.c ****      * the bug if we change clock sources from a clock with a zero clock period
 838:Middlewares/Third_Party/FreeRTOS/Source/portable/GCC/ARM_CM33_NTZ/non_secure/port.c ****      * to one with a nonzero clock period and enable Systick at the same time.
 839:Middlewares/Third_Party/FreeRTOS/Source/portable/GCC/ARM_CM33_NTZ/non_secure/port.c ****      * So we configure the CLKSOURCE bit here, prior to setting the ENABLE bit.
 840:Middlewares/Third_Party/FreeRTOS/Source/portable/GCC/ARM_CM33_NTZ/non_secure/port.c ****      * This workaround avoids the bug in QEMU versions older than 7.0.0. */
 841:Middlewares/Third_Party/FreeRTOS/Source/portable/GCC/ARM_CM33_NTZ/non_secure/port.c ****     portNVIC_SYSTICK_CTRL_REG = portNVIC_SYSTICK_CLK_BIT_CONFIG;
 842:Middlewares/Third_Party/FreeRTOS/Source/portable/GCC/ARM_CM33_NTZ/non_secure/port.c ****     portNVIC_SYSTICK_CURRENT_VALUE_REG = 0UL;
 843:Middlewares/Third_Party/FreeRTOS/Source/portable/GCC/ARM_CM33_NTZ/non_secure/port.c **** 
 844:Middlewares/Third_Party/FreeRTOS/Source/portable/GCC/ARM_CM33_NTZ/non_secure/port.c ****     /* Configure SysTick to interrupt at the requested rate. */
 845:Middlewares/Third_Party/FreeRTOS/Source/portable/GCC/ARM_CM33_NTZ/non_secure/port.c ****     portNVIC_SYSTICK_LOAD_REG = ( configSYSTICK_CLOCK_HZ / configTICK_RATE_HZ ) - 1UL;
 846:Middlewares/Third_Party/FreeRTOS/Source/portable/GCC/ARM_CM33_NTZ/non_secure/port.c ****     portNVIC_SYSTICK_CTRL_REG = portNVIC_SYSTICK_CLK_BIT_CONFIG | portNVIC_SYSTICK_INT_BIT | portNV
 847:Middlewares/Third_Party/FreeRTOS/Source/portable/GCC/ARM_CM33_NTZ/non_secure/port.c **** }
 848:Middlewares/Third_Party/FreeRTOS/Source/portable/GCC/ARM_CM33_NTZ/non_secure/port.c **** /*-----------------------------------------------------------*/
 849:Middlewares/Third_Party/FreeRTOS/Source/portable/GCC/ARM_CM33_NTZ/non_secure/port.c **** 
 850:Middlewares/Third_Party/FreeRTOS/Source/portable/GCC/ARM_CM33_NTZ/non_secure/port.c **** static void prvTaskExitError( void )
 851:Middlewares/Third_Party/FreeRTOS/Source/portable/GCC/ARM_CM33_NTZ/non_secure/port.c **** {
  29              		.loc 1 851 1 view -0
  30              		.cfi_startproc
  31              		@ args = 0, pretend = 0, frame = 8
  32              		@ frame_needed = 0, uses_anonymous_args = 0
  33 0000 00B5     		push	{lr}
  34              	.LCFI0:
  35              		.cfi_def_cfa_offset 4
  36              		.cfi_offset 14, -4
  37 0002 83B0     		sub	sp, sp, #12
  38              	.LCFI1:
  39              		.cfi_def_cfa_offset 16
 852:Middlewares/Third_Party/FreeRTOS/Source/portable/GCC/ARM_CM33_NTZ/non_secure/port.c ****     volatile uint32_t ulDummy = 0UL;
  40              		.loc 1 852 5 view .LVU1
  41              		.loc 1 852 23 is_stmt 0 view .LVU2
  42 0004 0023     		movs	r3, #0
  43 0006 0193     		str	r3, [sp, #4]
 853:Middlewares/Third_Party/FreeRTOS/Source/portable/GCC/ARM_CM33_NTZ/non_secure/port.c **** 
 854:Middlewares/Third_Party/FreeRTOS/Source/portable/GCC/ARM_CM33_NTZ/non_secure/port.c ****     /* A function that implements a task must not exit or attempt to return to
 855:Middlewares/Third_Party/FreeRTOS/Source/portable/GCC/ARM_CM33_NTZ/non_secure/port.c ****      * its caller as there is nothing to return to. If a task wants to exit it
 856:Middlewares/Third_Party/FreeRTOS/Source/portable/GCC/ARM_CM33_NTZ/non_secure/port.c ****      * should instead call vTaskDelete( NULL ). Artificially force an assert()
 857:Middlewares/Third_Party/FreeRTOS/Source/portable/GCC/ARM_CM33_NTZ/non_secure/port.c ****      * to be triggered if configASSERT() is defined, then stop here so
 858:Middlewares/Third_Party/FreeRTOS/Source/portable/GCC/ARM_CM33_NTZ/non_secure/port.c ****      * application writers can catch the error. */
 859:Middlewares/Third_Party/FreeRTOS/Source/portable/GCC/ARM_CM33_NTZ/non_secure/port.c ****     configASSERT( ulCriticalNesting == ~0UL );
  44              		.loc 1 859 5 is_stmt 1 view .LVU3
  45 0008 074B     		ldr	r3, .L6
  46 000a 1B68     		ldr	r3, [r3]
  47 000c B3F1FF3F 		cmp	r3, #-1
  48 0010 02D0     		beq	.L2
  49              		.loc 1 859 5 discriminator 1 view .LVU4
  50 0012 FFF7FEFF 		bl	ulSetInterruptMask
  51              	.LVL0:
  52              	.L3:
  53              		.loc 1 859 5 discriminator 3 view .LVU5
  54              		.loc 1 859 5 discriminator 3 view .LVU6
ARM GAS  /tmp/ccroD92D.s 			page 17


  55 0016 FEE7     		b	.L3
  56              	.L2:
  57              		.loc 1 859 46 discriminator 2 view .LVU7
 860:Middlewares/Third_Party/FreeRTOS/Source/portable/GCC/ARM_CM33_NTZ/non_secure/port.c ****     portDISABLE_INTERRUPTS();
  58              		.loc 1 860 5 view .LVU8
  59 0018 FFF7FEFF 		bl	ulSetInterruptMask
  60              	.LVL1:
 861:Middlewares/Third_Party/FreeRTOS/Source/portable/GCC/ARM_CM33_NTZ/non_secure/port.c **** 
 862:Middlewares/Third_Party/FreeRTOS/Source/portable/GCC/ARM_CM33_NTZ/non_secure/port.c ****     while( ulDummy == 0 )
  61              		.loc 1 862 5 view .LVU9
  62              	.L4:
 863:Middlewares/Third_Party/FreeRTOS/Source/portable/GCC/ARM_CM33_NTZ/non_secure/port.c ****     {
 864:Middlewares/Third_Party/FreeRTOS/Source/portable/GCC/ARM_CM33_NTZ/non_secure/port.c ****         /* This file calls prvTaskExitError() after the scheduler has been
 865:Middlewares/Third_Party/FreeRTOS/Source/portable/GCC/ARM_CM33_NTZ/non_secure/port.c ****          * started to remove a compiler warning about the function being
 866:Middlewares/Third_Party/FreeRTOS/Source/portable/GCC/ARM_CM33_NTZ/non_secure/port.c ****          * defined but never called.  ulDummy is used purely to quieten other
 867:Middlewares/Third_Party/FreeRTOS/Source/portable/GCC/ARM_CM33_NTZ/non_secure/port.c ****          * warnings about code appearing after this function is called - making
 868:Middlewares/Third_Party/FreeRTOS/Source/portable/GCC/ARM_CM33_NTZ/non_secure/port.c ****          * ulDummy volatile makes the compiler think the function could return
 869:Middlewares/Third_Party/FreeRTOS/Source/portable/GCC/ARM_CM33_NTZ/non_secure/port.c ****          * and therefore not output an 'unreachable code' warning for code that
 870:Middlewares/Third_Party/FreeRTOS/Source/portable/GCC/ARM_CM33_NTZ/non_secure/port.c ****          * appears after it. */
 871:Middlewares/Third_Party/FreeRTOS/Source/portable/GCC/ARM_CM33_NTZ/non_secure/port.c ****     }
  63              		.loc 1 871 5 view .LVU10
 862:Middlewares/Third_Party/FreeRTOS/Source/portable/GCC/ARM_CM33_NTZ/non_secure/port.c ****     {
  64              		.loc 1 862 20 discriminator 1 view .LVU11
  65 001c 019B     		ldr	r3, [sp, #4]
  66 001e 002B     		cmp	r3, #0
  67 0020 FCD0     		beq	.L4
 872:Middlewares/Third_Party/FreeRTOS/Source/portable/GCC/ARM_CM33_NTZ/non_secure/port.c **** }
  68              		.loc 1 872 1 is_stmt 0 view .LVU12
  69 0022 03B0     		add	sp, sp, #12
  70              	.LCFI2:
  71              		.cfi_def_cfa_offset 4
  72              		@ sp needed
  73 0024 5DF804FB 		ldr	pc, [sp], #4
  74              	.L7:
  75              		.align	2
  76              	.L6:
  77 0028 00000000 		.word	ulCriticalNesting
  78              		.cfi_endproc
  79              	.LFE1:
  81              		.section	.text.vPortSetupTimerInterrupt,"ax",%progbits
  82              		.align	1
  83              		.weak	vPortSetupTimerInterrupt
  84              		.syntax unified
  85              		.thumb
  86              		.thumb_func
  88              	vPortSetupTimerInterrupt:
  89              	.LFB0:
 823:Middlewares/Third_Party/FreeRTOS/Source/portable/GCC/ARM_CM33_NTZ/non_secure/port.c ****     /* Calculate the constants required to configure the tick interrupt. */
  90              		.loc 1 823 1 is_stmt 1 view -0
  91              		.cfi_startproc
  92              		@ args = 0, pretend = 0, frame = 0
  93              		@ frame_needed = 0, uses_anonymous_args = 0
  94              		@ link register save eliminated.
 841:Middlewares/Third_Party/FreeRTOS/Source/portable/GCC/ARM_CM33_NTZ/non_secure/port.c ****     portNVIC_SYSTICK_CURRENT_VALUE_REG = 0UL;
  95              		.loc 1 841 5 view .LVU14
 841:Middlewares/Third_Party/FreeRTOS/Source/portable/GCC/ARM_CM33_NTZ/non_secure/port.c ****     portNVIC_SYSTICK_CURRENT_VALUE_REG = 0UL;
  96              		.loc 1 841 31 is_stmt 0 view .LVU15
ARM GAS  /tmp/ccroD92D.s 			page 18


  97 0000 4FF0E022 		mov	r2, #-536813568
  98 0004 0423     		movs	r3, #4
  99 0006 1361     		str	r3, [r2, #16]
 842:Middlewares/Third_Party/FreeRTOS/Source/portable/GCC/ARM_CM33_NTZ/non_secure/port.c **** 
 100              		.loc 1 842 5 is_stmt 1 view .LVU16
 842:Middlewares/Third_Party/FreeRTOS/Source/portable/GCC/ARM_CM33_NTZ/non_secure/port.c **** 
 101              		.loc 1 842 40 is_stmt 0 view .LVU17
 102 0008 0023     		movs	r3, #0
 103 000a 9361     		str	r3, [r2, #24]
 845:Middlewares/Third_Party/FreeRTOS/Source/portable/GCC/ARM_CM33_NTZ/non_secure/port.c ****     portNVIC_SYSTICK_CTRL_REG = portNVIC_SYSTICK_CLK_BIT_CONFIG | portNVIC_SYSTICK_INT_BIT | portNV
 104              		.loc 1 845 5 is_stmt 1 view .LVU18
 845:Middlewares/Third_Party/FreeRTOS/Source/portable/GCC/ARM_CM33_NTZ/non_secure/port.c ****     portNVIC_SYSTICK_CTRL_REG = portNVIC_SYSTICK_CLK_BIT_CONFIG | portNVIC_SYSTICK_INT_BIT | portNV
 105              		.loc 1 845 58 is_stmt 0 view .LVU19
 106 000c 054B     		ldr	r3, .L9
 107 000e 1B68     		ldr	r3, [r3]
 108 0010 0549     		ldr	r1, .L9+4
 109 0012 A1FB0313 		umull	r1, r3, r1, r3
 110 0016 9B09     		lsrs	r3, r3, #6
 845:Middlewares/Third_Party/FreeRTOS/Source/portable/GCC/ARM_CM33_NTZ/non_secure/port.c ****     portNVIC_SYSTICK_CTRL_REG = portNVIC_SYSTICK_CLK_BIT_CONFIG | portNVIC_SYSTICK_INT_BIT | portNV
 111              		.loc 1 845 81 view .LVU20
 112 0018 013B     		subs	r3, r3, #1
 845:Middlewares/Third_Party/FreeRTOS/Source/portable/GCC/ARM_CM33_NTZ/non_secure/port.c ****     portNVIC_SYSTICK_CTRL_REG = portNVIC_SYSTICK_CLK_BIT_CONFIG | portNVIC_SYSTICK_INT_BIT | portNV
 113              		.loc 1 845 31 view .LVU21
 114 001a 5361     		str	r3, [r2, #20]
 846:Middlewares/Third_Party/FreeRTOS/Source/portable/GCC/ARM_CM33_NTZ/non_secure/port.c **** }
 115              		.loc 1 846 5 is_stmt 1 view .LVU22
 846:Middlewares/Third_Party/FreeRTOS/Source/portable/GCC/ARM_CM33_NTZ/non_secure/port.c **** }
 116              		.loc 1 846 31 is_stmt 0 view .LVU23
 117 001c 0723     		movs	r3, #7
 118 001e 1361     		str	r3, [r2, #16]
 847:Middlewares/Third_Party/FreeRTOS/Source/portable/GCC/ARM_CM33_NTZ/non_secure/port.c **** /*-----------------------------------------------------------*/
 119              		.loc 1 847 1 view .LVU24
 120 0020 7047     		bx	lr
 121              	.L10:
 122 0022 00BF     		.align	2
 123              	.L9:
 124 0024 00000000 		.word	SystemCoreClock
 125 0028 D34D6210 		.word	274877907
 126              		.cfi_endproc
 127              	.LFE0:
 129              		.section	.text.vPortYield,"ax",%progbits
 130              		.align	1
 131              		.global	vPortYield
 132              		.syntax unified
 133              		.thumb
 134              		.thumb_func
 136              	vPortYield:
 137              	.LFB2:
 873:Middlewares/Third_Party/FreeRTOS/Source/portable/GCC/ARM_CM33_NTZ/non_secure/port.c **** /*-----------------------------------------------------------*/
 874:Middlewares/Third_Party/FreeRTOS/Source/portable/GCC/ARM_CM33_NTZ/non_secure/port.c **** 
 875:Middlewares/Third_Party/FreeRTOS/Source/portable/GCC/ARM_CM33_NTZ/non_secure/port.c **** #if ( ( configENABLE_MPU == 1 ) && ( configUSE_MPU_WRAPPERS_V1 == 0 ) )
 876:Middlewares/Third_Party/FreeRTOS/Source/portable/GCC/ARM_CM33_NTZ/non_secure/port.c **** 
 877:Middlewares/Third_Party/FreeRTOS/Source/portable/GCC/ARM_CM33_NTZ/non_secure/port.c ****     static uint32_t prvGetRegionAccessPermissions( uint32_t ulRBARValue ) /* PRIVILEGED_FUNCTION */
 878:Middlewares/Third_Party/FreeRTOS/Source/portable/GCC/ARM_CM33_NTZ/non_secure/port.c ****     {
 879:Middlewares/Third_Party/FreeRTOS/Source/portable/GCC/ARM_CM33_NTZ/non_secure/port.c ****         uint32_t ulAccessPermissions = 0;
 880:Middlewares/Third_Party/FreeRTOS/Source/portable/GCC/ARM_CM33_NTZ/non_secure/port.c **** 
 881:Middlewares/Third_Party/FreeRTOS/Source/portable/GCC/ARM_CM33_NTZ/non_secure/port.c ****         if( ( ulRBARValue & portMPU_RBAR_ACCESS_PERMISSIONS_MASK ) == portMPU_REGION_READ_ONLY )
ARM GAS  /tmp/ccroD92D.s 			page 19


 882:Middlewares/Third_Party/FreeRTOS/Source/portable/GCC/ARM_CM33_NTZ/non_secure/port.c ****         {
 883:Middlewares/Third_Party/FreeRTOS/Source/portable/GCC/ARM_CM33_NTZ/non_secure/port.c ****             ulAccessPermissions = tskMPU_READ_PERMISSION;
 884:Middlewares/Third_Party/FreeRTOS/Source/portable/GCC/ARM_CM33_NTZ/non_secure/port.c ****         }
 885:Middlewares/Third_Party/FreeRTOS/Source/portable/GCC/ARM_CM33_NTZ/non_secure/port.c **** 
 886:Middlewares/Third_Party/FreeRTOS/Source/portable/GCC/ARM_CM33_NTZ/non_secure/port.c ****         if( ( ulRBARValue & portMPU_RBAR_ACCESS_PERMISSIONS_MASK ) == portMPU_REGION_READ_WRITE )
 887:Middlewares/Third_Party/FreeRTOS/Source/portable/GCC/ARM_CM33_NTZ/non_secure/port.c ****         {
 888:Middlewares/Third_Party/FreeRTOS/Source/portable/GCC/ARM_CM33_NTZ/non_secure/port.c ****             ulAccessPermissions = ( tskMPU_READ_PERMISSION | tskMPU_WRITE_PERMISSION );
 889:Middlewares/Third_Party/FreeRTOS/Source/portable/GCC/ARM_CM33_NTZ/non_secure/port.c ****         }
 890:Middlewares/Third_Party/FreeRTOS/Source/portable/GCC/ARM_CM33_NTZ/non_secure/port.c **** 
 891:Middlewares/Third_Party/FreeRTOS/Source/portable/GCC/ARM_CM33_NTZ/non_secure/port.c ****         return ulAccessPermissions;
 892:Middlewares/Third_Party/FreeRTOS/Source/portable/GCC/ARM_CM33_NTZ/non_secure/port.c ****     }
 893:Middlewares/Third_Party/FreeRTOS/Source/portable/GCC/ARM_CM33_NTZ/non_secure/port.c **** 
 894:Middlewares/Third_Party/FreeRTOS/Source/portable/GCC/ARM_CM33_NTZ/non_secure/port.c **** #endif /* configENABLE_MPU == 1 && configUSE_MPU_WRAPPERS_V1 == 0 */
 895:Middlewares/Third_Party/FreeRTOS/Source/portable/GCC/ARM_CM33_NTZ/non_secure/port.c **** /*-----------------------------------------------------------*/
 896:Middlewares/Third_Party/FreeRTOS/Source/portable/GCC/ARM_CM33_NTZ/non_secure/port.c **** 
 897:Middlewares/Third_Party/FreeRTOS/Source/portable/GCC/ARM_CM33_NTZ/non_secure/port.c **** #if ( configENABLE_MPU == 1 )
 898:Middlewares/Third_Party/FreeRTOS/Source/portable/GCC/ARM_CM33_NTZ/non_secure/port.c **** 
 899:Middlewares/Third_Party/FreeRTOS/Source/portable/GCC/ARM_CM33_NTZ/non_secure/port.c ****     static void prvSetupMPU( void ) /* PRIVILEGED_FUNCTION */
 900:Middlewares/Third_Party/FreeRTOS/Source/portable/GCC/ARM_CM33_NTZ/non_secure/port.c ****     {
 901:Middlewares/Third_Party/FreeRTOS/Source/portable/GCC/ARM_CM33_NTZ/non_secure/port.c ****         #if defined( __ARMCC_VERSION )
 902:Middlewares/Third_Party/FreeRTOS/Source/portable/GCC/ARM_CM33_NTZ/non_secure/port.c **** 
 903:Middlewares/Third_Party/FreeRTOS/Source/portable/GCC/ARM_CM33_NTZ/non_secure/port.c ****             /* Declaration when these variable are defined in code instead of being
 904:Middlewares/Third_Party/FreeRTOS/Source/portable/GCC/ARM_CM33_NTZ/non_secure/port.c ****              * exported from linker scripts. */
 905:Middlewares/Third_Party/FreeRTOS/Source/portable/GCC/ARM_CM33_NTZ/non_secure/port.c ****             extern uint32_t * __privileged_functions_start__;
 906:Middlewares/Third_Party/FreeRTOS/Source/portable/GCC/ARM_CM33_NTZ/non_secure/port.c ****             extern uint32_t * __privileged_functions_end__;
 907:Middlewares/Third_Party/FreeRTOS/Source/portable/GCC/ARM_CM33_NTZ/non_secure/port.c ****             extern uint32_t * __syscalls_flash_start__;
 908:Middlewares/Third_Party/FreeRTOS/Source/portable/GCC/ARM_CM33_NTZ/non_secure/port.c ****             extern uint32_t * __syscalls_flash_end__;
 909:Middlewares/Third_Party/FreeRTOS/Source/portable/GCC/ARM_CM33_NTZ/non_secure/port.c ****             extern uint32_t * __unprivileged_flash_start__;
 910:Middlewares/Third_Party/FreeRTOS/Source/portable/GCC/ARM_CM33_NTZ/non_secure/port.c ****             extern uint32_t * __unprivileged_flash_end__;
 911:Middlewares/Third_Party/FreeRTOS/Source/portable/GCC/ARM_CM33_NTZ/non_secure/port.c ****             extern uint32_t * __privileged_sram_start__;
 912:Middlewares/Third_Party/FreeRTOS/Source/portable/GCC/ARM_CM33_NTZ/non_secure/port.c ****             extern uint32_t * __privileged_sram_end__;
 913:Middlewares/Third_Party/FreeRTOS/Source/portable/GCC/ARM_CM33_NTZ/non_secure/port.c ****         #else /* if defined( __ARMCC_VERSION ) */
 914:Middlewares/Third_Party/FreeRTOS/Source/portable/GCC/ARM_CM33_NTZ/non_secure/port.c ****             /* Declaration when these variable are exported from linker scripts. */
 915:Middlewares/Third_Party/FreeRTOS/Source/portable/GCC/ARM_CM33_NTZ/non_secure/port.c ****             extern uint32_t __privileged_functions_start__[];
 916:Middlewares/Third_Party/FreeRTOS/Source/portable/GCC/ARM_CM33_NTZ/non_secure/port.c ****             extern uint32_t __privileged_functions_end__[];
 917:Middlewares/Third_Party/FreeRTOS/Source/portable/GCC/ARM_CM33_NTZ/non_secure/port.c ****             extern uint32_t __syscalls_flash_start__[];
 918:Middlewares/Third_Party/FreeRTOS/Source/portable/GCC/ARM_CM33_NTZ/non_secure/port.c ****             extern uint32_t __syscalls_flash_end__[];
 919:Middlewares/Third_Party/FreeRTOS/Source/portable/GCC/ARM_CM33_NTZ/non_secure/port.c ****             extern uint32_t __unprivileged_flash_start__[];
 920:Middlewares/Third_Party/FreeRTOS/Source/portable/GCC/ARM_CM33_NTZ/non_secure/port.c ****             extern uint32_t __unprivileged_flash_end__[];
 921:Middlewares/Third_Party/FreeRTOS/Source/portable/GCC/ARM_CM33_NTZ/non_secure/port.c ****             extern uint32_t __privileged_sram_start__[];
 922:Middlewares/Third_Party/FreeRTOS/Source/portable/GCC/ARM_CM33_NTZ/non_secure/port.c ****             extern uint32_t __privileged_sram_end__[];
 923:Middlewares/Third_Party/FreeRTOS/Source/portable/GCC/ARM_CM33_NTZ/non_secure/port.c ****         #endif /* defined( __ARMCC_VERSION ) */
 924:Middlewares/Third_Party/FreeRTOS/Source/portable/GCC/ARM_CM33_NTZ/non_secure/port.c **** 
 925:Middlewares/Third_Party/FreeRTOS/Source/portable/GCC/ARM_CM33_NTZ/non_secure/port.c ****         /* The only permitted number of regions are 8 or 16. */
 926:Middlewares/Third_Party/FreeRTOS/Source/portable/GCC/ARM_CM33_NTZ/non_secure/port.c ****         configASSERT( ( configTOTAL_MPU_REGIONS == 8 ) || ( configTOTAL_MPU_REGIONS == 16 ) );
 927:Middlewares/Third_Party/FreeRTOS/Source/portable/GCC/ARM_CM33_NTZ/non_secure/port.c **** 
 928:Middlewares/Third_Party/FreeRTOS/Source/portable/GCC/ARM_CM33_NTZ/non_secure/port.c ****         /* Ensure that the configTOTAL_MPU_REGIONS is configured correctly. */
 929:Middlewares/Third_Party/FreeRTOS/Source/portable/GCC/ARM_CM33_NTZ/non_secure/port.c ****         configASSERT( portMPU_TYPE_REG == portEXPECTED_MPU_TYPE_VALUE );
 930:Middlewares/Third_Party/FreeRTOS/Source/portable/GCC/ARM_CM33_NTZ/non_secure/port.c **** 
 931:Middlewares/Third_Party/FreeRTOS/Source/portable/GCC/ARM_CM33_NTZ/non_secure/port.c ****         /* Check that the MPU is present. */
 932:Middlewares/Third_Party/FreeRTOS/Source/portable/GCC/ARM_CM33_NTZ/non_secure/port.c ****         if( portMPU_TYPE_REG == portEXPECTED_MPU_TYPE_VALUE )
 933:Middlewares/Third_Party/FreeRTOS/Source/portable/GCC/ARM_CM33_NTZ/non_secure/port.c ****         {
 934:Middlewares/Third_Party/FreeRTOS/Source/portable/GCC/ARM_CM33_NTZ/non_secure/port.c ****             /* MAIR0 - Index 0. */
 935:Middlewares/Third_Party/FreeRTOS/Source/portable/GCC/ARM_CM33_NTZ/non_secure/port.c ****             portMPU_MAIR0_REG |= ( ( portMPU_NORMAL_MEMORY_BUFFERABLE_CACHEABLE << portMPU_MAIR_ATT
 936:Middlewares/Third_Party/FreeRTOS/Source/portable/GCC/ARM_CM33_NTZ/non_secure/port.c ****             /* MAIR0 - Index 1. */
 937:Middlewares/Third_Party/FreeRTOS/Source/portable/GCC/ARM_CM33_NTZ/non_secure/port.c ****             portMPU_MAIR0_REG |= ( ( portMPU_DEVICE_MEMORY_nGnRE << portMPU_MAIR_ATTR1_POS ) & port
 938:Middlewares/Third_Party/FreeRTOS/Source/portable/GCC/ARM_CM33_NTZ/non_secure/port.c **** 
ARM GAS  /tmp/ccroD92D.s 			page 20


 939:Middlewares/Third_Party/FreeRTOS/Source/portable/GCC/ARM_CM33_NTZ/non_secure/port.c ****             /* Setup privileged flash as Read Only so that privileged tasks can
 940:Middlewares/Third_Party/FreeRTOS/Source/portable/GCC/ARM_CM33_NTZ/non_secure/port.c ****              * read it but not modify. */
 941:Middlewares/Third_Party/FreeRTOS/Source/portable/GCC/ARM_CM33_NTZ/non_secure/port.c ****             portMPU_RNR_REG = portPRIVILEGED_FLASH_REGION;
 942:Middlewares/Third_Party/FreeRTOS/Source/portable/GCC/ARM_CM33_NTZ/non_secure/port.c ****             portMPU_RBAR_REG = ( ( ( uint32_t ) __privileged_functions_start__ ) & portMPU_RBAR_ADD
 943:Middlewares/Third_Party/FreeRTOS/Source/portable/GCC/ARM_CM33_NTZ/non_secure/port.c ****                                ( portMPU_REGION_NON_SHAREABLE ) |
 944:Middlewares/Third_Party/FreeRTOS/Source/portable/GCC/ARM_CM33_NTZ/non_secure/port.c ****                                ( portMPU_REGION_PRIVILEGED_READ_ONLY );
 945:Middlewares/Third_Party/FreeRTOS/Source/portable/GCC/ARM_CM33_NTZ/non_secure/port.c ****             portMPU_RLAR_REG = ( ( ( uint32_t ) __privileged_functions_end__ ) & portMPU_RLAR_ADDRE
 946:Middlewares/Third_Party/FreeRTOS/Source/portable/GCC/ARM_CM33_NTZ/non_secure/port.c ****                                ( portMPU_RLAR_ATTR_INDEX0 ) |
 947:Middlewares/Third_Party/FreeRTOS/Source/portable/GCC/ARM_CM33_NTZ/non_secure/port.c ****                                ( portMPU_RLAR_REGION_ENABLE );
 948:Middlewares/Third_Party/FreeRTOS/Source/portable/GCC/ARM_CM33_NTZ/non_secure/port.c **** 
 949:Middlewares/Third_Party/FreeRTOS/Source/portable/GCC/ARM_CM33_NTZ/non_secure/port.c ****             /* Setup unprivileged flash as Read Only by both privileged and
 950:Middlewares/Third_Party/FreeRTOS/Source/portable/GCC/ARM_CM33_NTZ/non_secure/port.c ****              * unprivileged tasks. All tasks can read it but no-one can modify. */
 951:Middlewares/Third_Party/FreeRTOS/Source/portable/GCC/ARM_CM33_NTZ/non_secure/port.c ****             portMPU_RNR_REG = portUNPRIVILEGED_FLASH_REGION;
 952:Middlewares/Third_Party/FreeRTOS/Source/portable/GCC/ARM_CM33_NTZ/non_secure/port.c ****             portMPU_RBAR_REG = ( ( ( uint32_t ) __unprivileged_flash_start__ ) & portMPU_RBAR_ADDRE
 953:Middlewares/Third_Party/FreeRTOS/Source/portable/GCC/ARM_CM33_NTZ/non_secure/port.c ****                                ( portMPU_REGION_NON_SHAREABLE ) |
 954:Middlewares/Third_Party/FreeRTOS/Source/portable/GCC/ARM_CM33_NTZ/non_secure/port.c ****                                ( portMPU_REGION_READ_ONLY );
 955:Middlewares/Third_Party/FreeRTOS/Source/portable/GCC/ARM_CM33_NTZ/non_secure/port.c ****             portMPU_RLAR_REG = ( ( ( uint32_t ) __unprivileged_flash_end__ ) & portMPU_RLAR_ADDRESS
 956:Middlewares/Third_Party/FreeRTOS/Source/portable/GCC/ARM_CM33_NTZ/non_secure/port.c ****                                ( portMPU_RLAR_ATTR_INDEX0 ) |
 957:Middlewares/Third_Party/FreeRTOS/Source/portable/GCC/ARM_CM33_NTZ/non_secure/port.c ****                                ( portMPU_RLAR_REGION_ENABLE );
 958:Middlewares/Third_Party/FreeRTOS/Source/portable/GCC/ARM_CM33_NTZ/non_secure/port.c **** 
 959:Middlewares/Third_Party/FreeRTOS/Source/portable/GCC/ARM_CM33_NTZ/non_secure/port.c ****             /* Setup unprivileged syscalls flash as Read Only by both privileged
 960:Middlewares/Third_Party/FreeRTOS/Source/portable/GCC/ARM_CM33_NTZ/non_secure/port.c ****              * and unprivileged tasks. All tasks can read it but no-one can modify. */
 961:Middlewares/Third_Party/FreeRTOS/Source/portable/GCC/ARM_CM33_NTZ/non_secure/port.c ****             portMPU_RNR_REG = portUNPRIVILEGED_SYSCALLS_REGION;
 962:Middlewares/Third_Party/FreeRTOS/Source/portable/GCC/ARM_CM33_NTZ/non_secure/port.c ****             portMPU_RBAR_REG = ( ( ( uint32_t ) __syscalls_flash_start__ ) & portMPU_RBAR_ADDRESS_M
 963:Middlewares/Third_Party/FreeRTOS/Source/portable/GCC/ARM_CM33_NTZ/non_secure/port.c ****                                ( portMPU_REGION_NON_SHAREABLE ) |
 964:Middlewares/Third_Party/FreeRTOS/Source/portable/GCC/ARM_CM33_NTZ/non_secure/port.c ****                                ( portMPU_REGION_READ_ONLY );
 965:Middlewares/Third_Party/FreeRTOS/Source/portable/GCC/ARM_CM33_NTZ/non_secure/port.c ****             portMPU_RLAR_REG = ( ( ( uint32_t ) __syscalls_flash_end__ ) & portMPU_RLAR_ADDRESS_MAS
 966:Middlewares/Third_Party/FreeRTOS/Source/portable/GCC/ARM_CM33_NTZ/non_secure/port.c ****                                ( portMPU_RLAR_ATTR_INDEX0 ) |
 967:Middlewares/Third_Party/FreeRTOS/Source/portable/GCC/ARM_CM33_NTZ/non_secure/port.c ****                                ( portMPU_RLAR_REGION_ENABLE );
 968:Middlewares/Third_Party/FreeRTOS/Source/portable/GCC/ARM_CM33_NTZ/non_secure/port.c **** 
 969:Middlewares/Third_Party/FreeRTOS/Source/portable/GCC/ARM_CM33_NTZ/non_secure/port.c ****             /* Setup RAM containing kernel data for privileged access only. */
 970:Middlewares/Third_Party/FreeRTOS/Source/portable/GCC/ARM_CM33_NTZ/non_secure/port.c ****             portMPU_RNR_REG = portPRIVILEGED_RAM_REGION;
 971:Middlewares/Third_Party/FreeRTOS/Source/portable/GCC/ARM_CM33_NTZ/non_secure/port.c ****             portMPU_RBAR_REG = ( ( ( uint32_t ) __privileged_sram_start__ ) & portMPU_RBAR_ADDRESS_
 972:Middlewares/Third_Party/FreeRTOS/Source/portable/GCC/ARM_CM33_NTZ/non_secure/port.c ****                                ( portMPU_REGION_NON_SHAREABLE ) |
 973:Middlewares/Third_Party/FreeRTOS/Source/portable/GCC/ARM_CM33_NTZ/non_secure/port.c ****                                ( portMPU_REGION_PRIVILEGED_READ_WRITE ) |
 974:Middlewares/Third_Party/FreeRTOS/Source/portable/GCC/ARM_CM33_NTZ/non_secure/port.c ****                                ( portMPU_REGION_EXECUTE_NEVER );
 975:Middlewares/Third_Party/FreeRTOS/Source/portable/GCC/ARM_CM33_NTZ/non_secure/port.c ****             portMPU_RLAR_REG = ( ( ( uint32_t ) __privileged_sram_end__ ) & portMPU_RLAR_ADDRESS_MA
 976:Middlewares/Third_Party/FreeRTOS/Source/portable/GCC/ARM_CM33_NTZ/non_secure/port.c ****                                ( portMPU_RLAR_ATTR_INDEX0 ) |
 977:Middlewares/Third_Party/FreeRTOS/Source/portable/GCC/ARM_CM33_NTZ/non_secure/port.c ****                                ( portMPU_RLAR_REGION_ENABLE );
 978:Middlewares/Third_Party/FreeRTOS/Source/portable/GCC/ARM_CM33_NTZ/non_secure/port.c **** 
 979:Middlewares/Third_Party/FreeRTOS/Source/portable/GCC/ARM_CM33_NTZ/non_secure/port.c ****             /* Enable mem fault. */
 980:Middlewares/Third_Party/FreeRTOS/Source/portable/GCC/ARM_CM33_NTZ/non_secure/port.c ****             portSCB_SYS_HANDLER_CTRL_STATE_REG |= portSCB_MEM_FAULT_ENABLE_BIT;
 981:Middlewares/Third_Party/FreeRTOS/Source/portable/GCC/ARM_CM33_NTZ/non_secure/port.c **** 
 982:Middlewares/Third_Party/FreeRTOS/Source/portable/GCC/ARM_CM33_NTZ/non_secure/port.c ****             /* Enable MPU with privileged background access i.e. unmapped
 983:Middlewares/Third_Party/FreeRTOS/Source/portable/GCC/ARM_CM33_NTZ/non_secure/port.c ****              * regions have privileged access. */
 984:Middlewares/Third_Party/FreeRTOS/Source/portable/GCC/ARM_CM33_NTZ/non_secure/port.c ****             portMPU_CTRL_REG |= ( portMPU_PRIV_BACKGROUND_ENABLE_BIT | portMPU_ENABLE_BIT );
 985:Middlewares/Third_Party/FreeRTOS/Source/portable/GCC/ARM_CM33_NTZ/non_secure/port.c ****         }
 986:Middlewares/Third_Party/FreeRTOS/Source/portable/GCC/ARM_CM33_NTZ/non_secure/port.c ****     }
 987:Middlewares/Third_Party/FreeRTOS/Source/portable/GCC/ARM_CM33_NTZ/non_secure/port.c **** 
 988:Middlewares/Third_Party/FreeRTOS/Source/portable/GCC/ARM_CM33_NTZ/non_secure/port.c **** #endif /* configENABLE_MPU */
 989:Middlewares/Third_Party/FreeRTOS/Source/portable/GCC/ARM_CM33_NTZ/non_secure/port.c **** /*-----------------------------------------------------------*/
 990:Middlewares/Third_Party/FreeRTOS/Source/portable/GCC/ARM_CM33_NTZ/non_secure/port.c **** 
 991:Middlewares/Third_Party/FreeRTOS/Source/portable/GCC/ARM_CM33_NTZ/non_secure/port.c **** #if ( configENABLE_FPU == 1 )
 992:Middlewares/Third_Party/FreeRTOS/Source/portable/GCC/ARM_CM33_NTZ/non_secure/port.c **** 
 993:Middlewares/Third_Party/FreeRTOS/Source/portable/GCC/ARM_CM33_NTZ/non_secure/port.c ****     static void prvSetupFPU( void ) /* PRIVILEGED_FUNCTION */
 994:Middlewares/Third_Party/FreeRTOS/Source/portable/GCC/ARM_CM33_NTZ/non_secure/port.c ****     {
 995:Middlewares/Third_Party/FreeRTOS/Source/portable/GCC/ARM_CM33_NTZ/non_secure/port.c ****         #if ( configENABLE_TRUSTZONE == 1 )
ARM GAS  /tmp/ccroD92D.s 			page 21


 996:Middlewares/Third_Party/FreeRTOS/Source/portable/GCC/ARM_CM33_NTZ/non_secure/port.c ****         {
 997:Middlewares/Third_Party/FreeRTOS/Source/portable/GCC/ARM_CM33_NTZ/non_secure/port.c ****             /* Enable non-secure access to the FPU. */
 998:Middlewares/Third_Party/FreeRTOS/Source/portable/GCC/ARM_CM33_NTZ/non_secure/port.c ****             SecureInit_EnableNSFPUAccess();
 999:Middlewares/Third_Party/FreeRTOS/Source/portable/GCC/ARM_CM33_NTZ/non_secure/port.c ****         }
1000:Middlewares/Third_Party/FreeRTOS/Source/portable/GCC/ARM_CM33_NTZ/non_secure/port.c ****         #endif /* configENABLE_TRUSTZONE */
1001:Middlewares/Third_Party/FreeRTOS/Source/portable/GCC/ARM_CM33_NTZ/non_secure/port.c **** 
1002:Middlewares/Third_Party/FreeRTOS/Source/portable/GCC/ARM_CM33_NTZ/non_secure/port.c ****         /* CP10 = 11 ==> Full access to FPU i.e. both privileged and
1003:Middlewares/Third_Party/FreeRTOS/Source/portable/GCC/ARM_CM33_NTZ/non_secure/port.c ****          * unprivileged code should be able to access FPU. CP11 should be
1004:Middlewares/Third_Party/FreeRTOS/Source/portable/GCC/ARM_CM33_NTZ/non_secure/port.c ****          * programmed to the same value as CP10. */
1005:Middlewares/Third_Party/FreeRTOS/Source/portable/GCC/ARM_CM33_NTZ/non_secure/port.c ****         *( portCPACR ) |= ( ( portCPACR_CP10_VALUE << portCPACR_CP10_POS ) |
1006:Middlewares/Third_Party/FreeRTOS/Source/portable/GCC/ARM_CM33_NTZ/non_secure/port.c ****                             ( portCPACR_CP11_VALUE << portCPACR_CP11_POS )
1007:Middlewares/Third_Party/FreeRTOS/Source/portable/GCC/ARM_CM33_NTZ/non_secure/port.c ****                             );
1008:Middlewares/Third_Party/FreeRTOS/Source/portable/GCC/ARM_CM33_NTZ/non_secure/port.c **** 
1009:Middlewares/Third_Party/FreeRTOS/Source/portable/GCC/ARM_CM33_NTZ/non_secure/port.c ****         /* ASPEN = 1 ==> Hardware should automatically preserve floating point
1010:Middlewares/Third_Party/FreeRTOS/Source/portable/GCC/ARM_CM33_NTZ/non_secure/port.c ****          * context on exception entry and restore on exception return.
1011:Middlewares/Third_Party/FreeRTOS/Source/portable/GCC/ARM_CM33_NTZ/non_secure/port.c ****          * LSPEN = 1 ==> Enable lazy context save of FP state. */
1012:Middlewares/Third_Party/FreeRTOS/Source/portable/GCC/ARM_CM33_NTZ/non_secure/port.c ****         *( portFPCCR ) |= ( portFPCCR_ASPEN_MASK | portFPCCR_LSPEN_MASK );
1013:Middlewares/Third_Party/FreeRTOS/Source/portable/GCC/ARM_CM33_NTZ/non_secure/port.c ****     }
1014:Middlewares/Third_Party/FreeRTOS/Source/portable/GCC/ARM_CM33_NTZ/non_secure/port.c **** 
1015:Middlewares/Third_Party/FreeRTOS/Source/portable/GCC/ARM_CM33_NTZ/non_secure/port.c **** #endif /* configENABLE_FPU */
1016:Middlewares/Third_Party/FreeRTOS/Source/portable/GCC/ARM_CM33_NTZ/non_secure/port.c **** /*-----------------------------------------------------------*/
1017:Middlewares/Third_Party/FreeRTOS/Source/portable/GCC/ARM_CM33_NTZ/non_secure/port.c **** 
1018:Middlewares/Third_Party/FreeRTOS/Source/portable/GCC/ARM_CM33_NTZ/non_secure/port.c **** void vPortYield( void ) /* PRIVILEGED_FUNCTION */
1019:Middlewares/Third_Party/FreeRTOS/Source/portable/GCC/ARM_CM33_NTZ/non_secure/port.c **** {
 138              		.loc 1 1019 1 is_stmt 1 view -0
 139              		.cfi_startproc
 140              		@ args = 0, pretend = 0, frame = 0
 141              		@ frame_needed = 0, uses_anonymous_args = 0
 142              		@ link register save eliminated.
1020:Middlewares/Third_Party/FreeRTOS/Source/portable/GCC/ARM_CM33_NTZ/non_secure/port.c ****     /* Set a PendSV to request a context switch. */
1021:Middlewares/Third_Party/FreeRTOS/Source/portable/GCC/ARM_CM33_NTZ/non_secure/port.c ****     portNVIC_INT_CTRL_REG = portNVIC_PENDSVSET_BIT;
 143              		.loc 1 1021 5 view .LVU26
 144              		.loc 1 1021 27 is_stmt 0 view .LVU27
 145 0000 4FF0E023 		mov	r3, #-536813568
 146 0004 4FF08052 		mov	r2, #268435456
 147 0008 C3F8042D 		str	r2, [r3, #3332]
1022:Middlewares/Third_Party/FreeRTOS/Source/portable/GCC/ARM_CM33_NTZ/non_secure/port.c **** 
1023:Middlewares/Third_Party/FreeRTOS/Source/portable/GCC/ARM_CM33_NTZ/non_secure/port.c ****     /* Barriers are normally not required but do ensure the code is
1024:Middlewares/Third_Party/FreeRTOS/Source/portable/GCC/ARM_CM33_NTZ/non_secure/port.c ****      * completely within the specified behaviour for the architecture. */
1025:Middlewares/Third_Party/FreeRTOS/Source/portable/GCC/ARM_CM33_NTZ/non_secure/port.c ****     __asm volatile ( "dsb" ::: "memory" );
 148              		.loc 1 1025 5 is_stmt 1 view .LVU28
 149              		.syntax unified
 150              	@ 1025 "Middlewares/Third_Party/FreeRTOS/Source/portable/GCC/ARM_CM33_NTZ/non_secure/port.c" 1
 151 000c BFF34F8F 		dsb
 152              	@ 0 "" 2
1026:Middlewares/Third_Party/FreeRTOS/Source/portable/GCC/ARM_CM33_NTZ/non_secure/port.c ****     __asm volatile ( "isb" );
 153              		.loc 1 1026 5 view .LVU29
 154              	@ 1026 "Middlewares/Third_Party/FreeRTOS/Source/portable/GCC/ARM_CM33_NTZ/non_secure/port.c" 1
 155 0010 BFF36F8F 		isb
 156              	@ 0 "" 2
1027:Middlewares/Third_Party/FreeRTOS/Source/portable/GCC/ARM_CM33_NTZ/non_secure/port.c **** }
 157              		.loc 1 1027 1 is_stmt 0 view .LVU30
 158              		.thumb
 159              		.syntax unified
 160 0014 7047     		bx	lr
 161              		.cfi_endproc
 162              	.LFE2:
ARM GAS  /tmp/ccroD92D.s 			page 22


 164              		.section	.text.vPortEnterCritical,"ax",%progbits
 165              		.align	1
 166              		.global	vPortEnterCritical
 167              		.syntax unified
 168              		.thumb
 169              		.thumb_func
 171              	vPortEnterCritical:
 172              	.LFB3:
1028:Middlewares/Third_Party/FreeRTOS/Source/portable/GCC/ARM_CM33_NTZ/non_secure/port.c **** /*-----------------------------------------------------------*/
1029:Middlewares/Third_Party/FreeRTOS/Source/portable/GCC/ARM_CM33_NTZ/non_secure/port.c **** 
1030:Middlewares/Third_Party/FreeRTOS/Source/portable/GCC/ARM_CM33_NTZ/non_secure/port.c **** void vPortEnterCritical( void ) /* PRIVILEGED_FUNCTION */
1031:Middlewares/Third_Party/FreeRTOS/Source/portable/GCC/ARM_CM33_NTZ/non_secure/port.c **** {
 173              		.loc 1 1031 1 is_stmt 1 view -0
 174              		.cfi_startproc
 175              		@ args = 0, pretend = 0, frame = 0
 176              		@ frame_needed = 0, uses_anonymous_args = 0
 177 0000 08B5     		push	{r3, lr}
 178              	.LCFI3:
 179              		.cfi_def_cfa_offset 8
 180              		.cfi_offset 3, -8
 181              		.cfi_offset 14, -4
1032:Middlewares/Third_Party/FreeRTOS/Source/portable/GCC/ARM_CM33_NTZ/non_secure/port.c ****     portDISABLE_INTERRUPTS();
 182              		.loc 1 1032 5 view .LVU32
 183 0002 FFF7FEFF 		bl	ulSetInterruptMask
 184              	.LVL2:
1033:Middlewares/Third_Party/FreeRTOS/Source/portable/GCC/ARM_CM33_NTZ/non_secure/port.c ****     ulCriticalNesting++;
 185              		.loc 1 1033 5 view .LVU33
 186              		.loc 1 1033 22 is_stmt 0 view .LVU34
 187 0006 044A     		ldr	r2, .L14
 188 0008 1368     		ldr	r3, [r2]
 189 000a 0133     		adds	r3, r3, #1
 190 000c 1360     		str	r3, [r2]
1034:Middlewares/Third_Party/FreeRTOS/Source/portable/GCC/ARM_CM33_NTZ/non_secure/port.c **** 
1035:Middlewares/Third_Party/FreeRTOS/Source/portable/GCC/ARM_CM33_NTZ/non_secure/port.c ****     /* Barriers are normally not required but do ensure the code is
1036:Middlewares/Third_Party/FreeRTOS/Source/portable/GCC/ARM_CM33_NTZ/non_secure/port.c ****      * completely within the specified behaviour for the architecture. */
1037:Middlewares/Third_Party/FreeRTOS/Source/portable/GCC/ARM_CM33_NTZ/non_secure/port.c ****     __asm volatile ( "dsb" ::: "memory" );
 191              		.loc 1 1037 5 is_stmt 1 view .LVU35
 192              		.syntax unified
 193              	@ 1037 "Middlewares/Third_Party/FreeRTOS/Source/portable/GCC/ARM_CM33_NTZ/non_secure/port.c" 1
 194 000e BFF34F8F 		dsb
 195              	@ 0 "" 2
1038:Middlewares/Third_Party/FreeRTOS/Source/portable/GCC/ARM_CM33_NTZ/non_secure/port.c ****     __asm volatile ( "isb" );
 196              		.loc 1 1038 5 view .LVU36
 197              	@ 1038 "Middlewares/Third_Party/FreeRTOS/Source/portable/GCC/ARM_CM33_NTZ/non_secure/port.c" 1
 198 0012 BFF36F8F 		isb
 199              	@ 0 "" 2
1039:Middlewares/Third_Party/FreeRTOS/Source/portable/GCC/ARM_CM33_NTZ/non_secure/port.c **** }
 200              		.loc 1 1039 1 is_stmt 0 view .LVU37
 201              		.thumb
 202              		.syntax unified
 203 0016 08BD     		pop	{r3, pc}
 204              	.L15:
 205              		.align	2
 206              	.L14:
 207 0018 00000000 		.word	ulCriticalNesting
 208              		.cfi_endproc
 209              	.LFE3:
ARM GAS  /tmp/ccroD92D.s 			page 23


 211              		.section	.text.vPortExitCritical,"ax",%progbits
 212              		.align	1
 213              		.global	vPortExitCritical
 214              		.syntax unified
 215              		.thumb
 216              		.thumb_func
 218              	vPortExitCritical:
 219              	.LFB4:
1040:Middlewares/Third_Party/FreeRTOS/Source/portable/GCC/ARM_CM33_NTZ/non_secure/port.c **** /*-----------------------------------------------------------*/
1041:Middlewares/Third_Party/FreeRTOS/Source/portable/GCC/ARM_CM33_NTZ/non_secure/port.c **** 
1042:Middlewares/Third_Party/FreeRTOS/Source/portable/GCC/ARM_CM33_NTZ/non_secure/port.c **** void vPortExitCritical( void ) /* PRIVILEGED_FUNCTION */
1043:Middlewares/Third_Party/FreeRTOS/Source/portable/GCC/ARM_CM33_NTZ/non_secure/port.c **** {
 220              		.loc 1 1043 1 is_stmt 1 view -0
 221              		.cfi_startproc
 222              		@ args = 0, pretend = 0, frame = 0
 223              		@ frame_needed = 0, uses_anonymous_args = 0
 224 0000 08B5     		push	{r3, lr}
 225              	.LCFI4:
 226              		.cfi_def_cfa_offset 8
 227              		.cfi_offset 3, -8
 228              		.cfi_offset 14, -4
1044:Middlewares/Third_Party/FreeRTOS/Source/portable/GCC/ARM_CM33_NTZ/non_secure/port.c ****     configASSERT( ulCriticalNesting );
 229              		.loc 1 1044 5 view .LVU39
 230 0002 084B     		ldr	r3, .L23
 231 0004 1B68     		ldr	r3, [r3]
 232 0006 33B1     		cbz	r3, .L21
 233              		.loc 1 1044 38 discriminator 2 view .LVU40
1045:Middlewares/Third_Party/FreeRTOS/Source/portable/GCC/ARM_CM33_NTZ/non_secure/port.c ****     ulCriticalNesting--;
 234              		.loc 1 1045 5 view .LVU41
 235              		.loc 1 1045 22 is_stmt 0 view .LVU42
 236 0008 064B     		ldr	r3, .L23
 237 000a 1A68     		ldr	r2, [r3]
 238 000c 013A     		subs	r2, r2, #1
 239 000e 1A60     		str	r2, [r3]
1046:Middlewares/Third_Party/FreeRTOS/Source/portable/GCC/ARM_CM33_NTZ/non_secure/port.c **** 
1047:Middlewares/Third_Party/FreeRTOS/Source/portable/GCC/ARM_CM33_NTZ/non_secure/port.c ****     if( ulCriticalNesting == 0 )
 240              		.loc 1 1047 5 is_stmt 1 view .LVU43
 241              		.loc 1 1047 27 is_stmt 0 view .LVU44
 242 0010 1B68     		ldr	r3, [r3]
 243              		.loc 1 1047 7 view .LVU45
 244 0012 1BB1     		cbz	r3, .L22
 245              	.L16:
1048:Middlewares/Third_Party/FreeRTOS/Source/portable/GCC/ARM_CM33_NTZ/non_secure/port.c ****     {
1049:Middlewares/Third_Party/FreeRTOS/Source/portable/GCC/ARM_CM33_NTZ/non_secure/port.c ****         portENABLE_INTERRUPTS();
1050:Middlewares/Third_Party/FreeRTOS/Source/portable/GCC/ARM_CM33_NTZ/non_secure/port.c ****     }
1051:Middlewares/Third_Party/FreeRTOS/Source/portable/GCC/ARM_CM33_NTZ/non_secure/port.c **** }
 246              		.loc 1 1051 1 view .LVU46
 247 0014 08BD     		pop	{r3, pc}
 248              	.L21:
1044:Middlewares/Third_Party/FreeRTOS/Source/portable/GCC/ARM_CM33_NTZ/non_secure/port.c ****     ulCriticalNesting--;
 249              		.loc 1 1044 5 is_stmt 1 discriminator 1 view .LVU47
 250 0016 FFF7FEFF 		bl	ulSetInterruptMask
 251              	.LVL3:
 252              	.L18:
1044:Middlewares/Third_Party/FreeRTOS/Source/portable/GCC/ARM_CM33_NTZ/non_secure/port.c ****     ulCriticalNesting--;
 253              		.loc 1 1044 5 discriminator 3 view .LVU48
1044:Middlewares/Third_Party/FreeRTOS/Source/portable/GCC/ARM_CM33_NTZ/non_secure/port.c ****     ulCriticalNesting--;
ARM GAS  /tmp/ccroD92D.s 			page 24


 254              		.loc 1 1044 5 discriminator 3 view .LVU49
 255 001a FEE7     		b	.L18
 256              	.L22:
1049:Middlewares/Third_Party/FreeRTOS/Source/portable/GCC/ARM_CM33_NTZ/non_secure/port.c ****     }
 257              		.loc 1 1049 9 view .LVU50
 258 001c 0020     		movs	r0, #0
 259 001e FFF7FEFF 		bl	vClearInterruptMask
 260              	.LVL4:
 261              		.loc 1 1051 1 is_stmt 0 view .LVU51
 262 0022 F7E7     		b	.L16
 263              	.L24:
 264              		.align	2
 265              	.L23:
 266 0024 00000000 		.word	ulCriticalNesting
 267              		.cfi_endproc
 268              	.LFE4:
 270              		.section	.text.xPortSysTickHandler,"ax",%progbits
 271              		.align	1
 272              		.global	xPortSysTickHandler
 273              		.syntax unified
 274              		.thumb
 275              		.thumb_func
 277              	xPortSysTickHandler:
 278              	.LFB5:
1052:Middlewares/Third_Party/FreeRTOS/Source/portable/GCC/ARM_CM33_NTZ/non_secure/port.c **** /*-----------------------------------------------------------*/
1053:Middlewares/Third_Party/FreeRTOS/Source/portable/GCC/ARM_CM33_NTZ/non_secure/port.c **** 
1054:Middlewares/Third_Party/FreeRTOS/Source/portable/GCC/ARM_CM33_NTZ/non_secure/port.c **** void SysTick_Handler( void ) /* PRIVILEGED_FUNCTION */
1055:Middlewares/Third_Party/FreeRTOS/Source/portable/GCC/ARM_CM33_NTZ/non_secure/port.c **** {
 279              		.loc 1 1055 1 is_stmt 1 view -0
 280              		.cfi_startproc
 281              		@ args = 0, pretend = 0, frame = 0
 282              		@ frame_needed = 0, uses_anonymous_args = 0
 283 0000 10B5     		push	{r4, lr}
 284              	.LCFI5:
 285              		.cfi_def_cfa_offset 8
 286              		.cfi_offset 4, -8
 287              		.cfi_offset 14, -4
1056:Middlewares/Third_Party/FreeRTOS/Source/portable/GCC/ARM_CM33_NTZ/non_secure/port.c ****     uint32_t ulPreviousMask;
 288              		.loc 1 1056 5 view .LVU53
1057:Middlewares/Third_Party/FreeRTOS/Source/portable/GCC/ARM_CM33_NTZ/non_secure/port.c **** 
1058:Middlewares/Third_Party/FreeRTOS/Source/portable/GCC/ARM_CM33_NTZ/non_secure/port.c ****     ulPreviousMask = portSET_INTERRUPT_MASK_FROM_ISR();
 289              		.loc 1 1058 5 view .LVU54
 290              		.loc 1 1058 22 is_stmt 0 view .LVU55
 291 0002 FFF7FEFF 		bl	ulSetInterruptMask
 292              	.LVL5:
 293 0006 0446     		mov	r4, r0
 294              	.LVL6:
1059:Middlewares/Third_Party/FreeRTOS/Source/portable/GCC/ARM_CM33_NTZ/non_secure/port.c ****     traceISR_ENTER();
 295              		.loc 1 1059 21 is_stmt 1 view .LVU56
1060:Middlewares/Third_Party/FreeRTOS/Source/portable/GCC/ARM_CM33_NTZ/non_secure/port.c ****     {
1061:Middlewares/Third_Party/FreeRTOS/Source/portable/GCC/ARM_CM33_NTZ/non_secure/port.c ****         /* Increment the RTOS tick. */
1062:Middlewares/Third_Party/FreeRTOS/Source/portable/GCC/ARM_CM33_NTZ/non_secure/port.c ****         if( xTaskIncrementTick() != pdFALSE )
 296              		.loc 1 1062 9 view .LVU57
 297              		.loc 1 1062 13 is_stmt 0 view .LVU58
 298 0008 FFF7FEFF 		bl	xTaskIncrementTick
 299              	.LVL7:
 300              		.loc 1 1062 11 discriminator 1 view .LVU59
ARM GAS  /tmp/ccroD92D.s 			page 25


 301 000c 28B1     		cbz	r0, .L26
1063:Middlewares/Third_Party/FreeRTOS/Source/portable/GCC/ARM_CM33_NTZ/non_secure/port.c ****         {
1064:Middlewares/Third_Party/FreeRTOS/Source/portable/GCC/ARM_CM33_NTZ/non_secure/port.c ****             traceISR_EXIT_TO_SCHEDULER();
 302              		.loc 1 1064 41 is_stmt 1 view .LVU60
1065:Middlewares/Third_Party/FreeRTOS/Source/portable/GCC/ARM_CM33_NTZ/non_secure/port.c ****             /* Pend a context switch. */
1066:Middlewares/Third_Party/FreeRTOS/Source/portable/GCC/ARM_CM33_NTZ/non_secure/port.c ****             portNVIC_INT_CTRL_REG = portNVIC_PENDSVSET_BIT;
 303              		.loc 1 1066 13 view .LVU61
 304              		.loc 1 1066 35 is_stmt 0 view .LVU62
 305 000e 4FF0E023 		mov	r3, #-536813568
 306 0012 4FF08052 		mov	r2, #268435456
 307 0016 C3F8042D 		str	r2, [r3, #3332]
 308              	.L26:
1067:Middlewares/Third_Party/FreeRTOS/Source/portable/GCC/ARM_CM33_NTZ/non_secure/port.c ****         }
1068:Middlewares/Third_Party/FreeRTOS/Source/portable/GCC/ARM_CM33_NTZ/non_secure/port.c ****         else
1069:Middlewares/Third_Party/FreeRTOS/Source/portable/GCC/ARM_CM33_NTZ/non_secure/port.c ****         {
1070:Middlewares/Third_Party/FreeRTOS/Source/portable/GCC/ARM_CM33_NTZ/non_secure/port.c ****             traceISR_EXIT();
 309              		.loc 1 1070 28 is_stmt 1 view .LVU63
1071:Middlewares/Third_Party/FreeRTOS/Source/portable/GCC/ARM_CM33_NTZ/non_secure/port.c ****         }
1072:Middlewares/Third_Party/FreeRTOS/Source/portable/GCC/ARM_CM33_NTZ/non_secure/port.c ****     }
1073:Middlewares/Third_Party/FreeRTOS/Source/portable/GCC/ARM_CM33_NTZ/non_secure/port.c ****     portCLEAR_INTERRUPT_MASK_FROM_ISR( ulPreviousMask );
 310              		.loc 1 1073 5 view .LVU64
 311 001a 2046     		mov	r0, r4
 312 001c FFF7FEFF 		bl	vClearInterruptMask
 313              	.LVL8:
1074:Middlewares/Third_Party/FreeRTOS/Source/portable/GCC/ARM_CM33_NTZ/non_secure/port.c **** }
 314              		.loc 1 1074 1 is_stmt 0 view .LVU65
 315 0020 10BD     		pop	{r4, pc}
 316              		.loc 1 1074 1 view .LVU66
 317              		.cfi_endproc
 318              	.LFE5:
 320              		.section	.text.vPortSVCHandler_C,"ax",%progbits
 321              		.align	1
 322              		.global	vPortSVCHandler_C
 323              		.syntax unified
 324              		.thumb
 325              		.thumb_func
 327              	vPortSVCHandler_C:
 328              	.LVL9:
 329              	.LFB6:
1075:Middlewares/Third_Party/FreeRTOS/Source/portable/GCC/ARM_CM33_NTZ/non_secure/port.c **** /*-----------------------------------------------------------*/
1076:Middlewares/Third_Party/FreeRTOS/Source/portable/GCC/ARM_CM33_NTZ/non_secure/port.c **** 
1077:Middlewares/Third_Party/FreeRTOS/Source/portable/GCC/ARM_CM33_NTZ/non_secure/port.c **** void vPortSVCHandler_C( uint32_t * pulCallerStackAddress ) /* PRIVILEGED_FUNCTION portDONT_DISCARD 
1078:Middlewares/Third_Party/FreeRTOS/Source/portable/GCC/ARM_CM33_NTZ/non_secure/port.c **** {
 330              		.loc 1 1078 1 is_stmt 1 view -0
 331              		.cfi_startproc
 332              		@ args = 0, pretend = 0, frame = 0
 333              		@ frame_needed = 0, uses_anonymous_args = 0
 334              		.loc 1 1078 1 is_stmt 0 view .LVU68
 335 0000 08B5     		push	{r3, lr}
 336              	.LCFI6:
 337              		.cfi_def_cfa_offset 8
 338              		.cfi_offset 3, -8
 339              		.cfi_offset 14, -4
1079:Middlewares/Third_Party/FreeRTOS/Source/portable/GCC/ARM_CM33_NTZ/non_secure/port.c ****     #if ( ( configENABLE_MPU == 1 ) && ( configUSE_MPU_WRAPPERS_V1 == 1 ) )
1080:Middlewares/Third_Party/FreeRTOS/Source/portable/GCC/ARM_CM33_NTZ/non_secure/port.c ****         #if defined( __ARMCC_VERSION )
1081:Middlewares/Third_Party/FreeRTOS/Source/portable/GCC/ARM_CM33_NTZ/non_secure/port.c **** 
1082:Middlewares/Third_Party/FreeRTOS/Source/portable/GCC/ARM_CM33_NTZ/non_secure/port.c ****             /* Declaration when these variable are defined in code instead of being
ARM GAS  /tmp/ccroD92D.s 			page 26


1083:Middlewares/Third_Party/FreeRTOS/Source/portable/GCC/ARM_CM33_NTZ/non_secure/port.c ****              * exported from linker scripts. */
1084:Middlewares/Third_Party/FreeRTOS/Source/portable/GCC/ARM_CM33_NTZ/non_secure/port.c ****             extern uint32_t * __syscalls_flash_start__;
1085:Middlewares/Third_Party/FreeRTOS/Source/portable/GCC/ARM_CM33_NTZ/non_secure/port.c ****             extern uint32_t * __syscalls_flash_end__;
1086:Middlewares/Third_Party/FreeRTOS/Source/portable/GCC/ARM_CM33_NTZ/non_secure/port.c ****         #else
1087:Middlewares/Third_Party/FreeRTOS/Source/portable/GCC/ARM_CM33_NTZ/non_secure/port.c ****             /* Declaration when these variable are exported from linker scripts. */
1088:Middlewares/Third_Party/FreeRTOS/Source/portable/GCC/ARM_CM33_NTZ/non_secure/port.c ****             extern uint32_t __syscalls_flash_start__[];
1089:Middlewares/Third_Party/FreeRTOS/Source/portable/GCC/ARM_CM33_NTZ/non_secure/port.c ****             extern uint32_t __syscalls_flash_end__[];
1090:Middlewares/Third_Party/FreeRTOS/Source/portable/GCC/ARM_CM33_NTZ/non_secure/port.c ****         #endif /* defined( __ARMCC_VERSION ) */
1091:Middlewares/Third_Party/FreeRTOS/Source/portable/GCC/ARM_CM33_NTZ/non_secure/port.c ****     #endif /* ( configENABLE_MPU == 1 ) && ( configUSE_MPU_WRAPPERS_V1 == 1 ) */
1092:Middlewares/Third_Party/FreeRTOS/Source/portable/GCC/ARM_CM33_NTZ/non_secure/port.c **** 
1093:Middlewares/Third_Party/FreeRTOS/Source/portable/GCC/ARM_CM33_NTZ/non_secure/port.c ****     uint32_t ulPC;
 340              		.loc 1 1093 5 is_stmt 1 view .LVU69
1094:Middlewares/Third_Party/FreeRTOS/Source/portable/GCC/ARM_CM33_NTZ/non_secure/port.c **** 
1095:Middlewares/Third_Party/FreeRTOS/Source/portable/GCC/ARM_CM33_NTZ/non_secure/port.c ****     #if ( configENABLE_TRUSTZONE == 1 )
1096:Middlewares/Third_Party/FreeRTOS/Source/portable/GCC/ARM_CM33_NTZ/non_secure/port.c ****         uint32_t ulR0, ulR1;
1097:Middlewares/Third_Party/FreeRTOS/Source/portable/GCC/ARM_CM33_NTZ/non_secure/port.c ****         extern TaskHandle_t pxCurrentTCB;
1098:Middlewares/Third_Party/FreeRTOS/Source/portable/GCC/ARM_CM33_NTZ/non_secure/port.c ****         #if ( configENABLE_MPU == 1 )
1099:Middlewares/Third_Party/FreeRTOS/Source/portable/GCC/ARM_CM33_NTZ/non_secure/port.c ****             uint32_t ulControl, ulIsTaskPrivileged;
1100:Middlewares/Third_Party/FreeRTOS/Source/portable/GCC/ARM_CM33_NTZ/non_secure/port.c ****         #endif /* configENABLE_MPU */
1101:Middlewares/Third_Party/FreeRTOS/Source/portable/GCC/ARM_CM33_NTZ/non_secure/port.c ****     #endif /* configENABLE_TRUSTZONE */
1102:Middlewares/Third_Party/FreeRTOS/Source/portable/GCC/ARM_CM33_NTZ/non_secure/port.c ****     uint8_t ucSVCNumber;
 341              		.loc 1 1102 5 view .LVU70
1103:Middlewares/Third_Party/FreeRTOS/Source/portable/GCC/ARM_CM33_NTZ/non_secure/port.c **** 
1104:Middlewares/Third_Party/FreeRTOS/Source/portable/GCC/ARM_CM33_NTZ/non_secure/port.c ****     /* Register are stored on the stack in the following order - R0, R1, R2, R3,
1105:Middlewares/Third_Party/FreeRTOS/Source/portable/GCC/ARM_CM33_NTZ/non_secure/port.c ****      * R12, LR, PC, xPSR. */
1106:Middlewares/Third_Party/FreeRTOS/Source/portable/GCC/ARM_CM33_NTZ/non_secure/port.c ****     ulPC = pulCallerStackAddress[ portOFFSET_TO_PC ];
 342              		.loc 1 1106 5 view .LVU71
 343              		.loc 1 1106 10 is_stmt 0 view .LVU72
 344 0002 8369     		ldr	r3, [r0, #24]
 345              	.LVL10:
1107:Middlewares/Third_Party/FreeRTOS/Source/portable/GCC/ARM_CM33_NTZ/non_secure/port.c ****     ucSVCNumber = ( ( uint8_t * ) ulPC )[ -2 ];
 346              		.loc 1 1107 5 is_stmt 1 view .LVU73
 347              		.loc 1 1107 17 is_stmt 0 view .LVU74
 348 0004 13F8023C 		ldrb	r3, [r3, #-2]	@ zero_extendqisi2
 349              	.LVL11:
1108:Middlewares/Third_Party/FreeRTOS/Source/portable/GCC/ARM_CM33_NTZ/non_secure/port.c **** 
1109:Middlewares/Third_Party/FreeRTOS/Source/portable/GCC/ARM_CM33_NTZ/non_secure/port.c ****     switch( ucSVCNumber )
 350              		.loc 1 1109 5 is_stmt 1 view .LVU75
 351 0008 662B     		cmp	r3, #102
 352 000a 02D0     		beq	.L33
1110:Middlewares/Third_Party/FreeRTOS/Source/portable/GCC/ARM_CM33_NTZ/non_secure/port.c ****     {
1111:Middlewares/Third_Party/FreeRTOS/Source/portable/GCC/ARM_CM33_NTZ/non_secure/port.c ****         #if ( configENABLE_TRUSTZONE == 1 )
1112:Middlewares/Third_Party/FreeRTOS/Source/portable/GCC/ARM_CM33_NTZ/non_secure/port.c ****             case portSVC_ALLOCATE_SECURE_CONTEXT:
1113:Middlewares/Third_Party/FreeRTOS/Source/portable/GCC/ARM_CM33_NTZ/non_secure/port.c **** 
1114:Middlewares/Third_Party/FreeRTOS/Source/portable/GCC/ARM_CM33_NTZ/non_secure/port.c ****                 /* R0 contains the stack size passed as parameter to the
1115:Middlewares/Third_Party/FreeRTOS/Source/portable/GCC/ARM_CM33_NTZ/non_secure/port.c ****                  * vPortAllocateSecureContext function. */
1116:Middlewares/Third_Party/FreeRTOS/Source/portable/GCC/ARM_CM33_NTZ/non_secure/port.c ****                 ulR0 = pulCallerStackAddress[ 0 ];
1117:Middlewares/Third_Party/FreeRTOS/Source/portable/GCC/ARM_CM33_NTZ/non_secure/port.c **** 
1118:Middlewares/Third_Party/FreeRTOS/Source/portable/GCC/ARM_CM33_NTZ/non_secure/port.c ****                 #if ( configENABLE_MPU == 1 )
1119:Middlewares/Third_Party/FreeRTOS/Source/portable/GCC/ARM_CM33_NTZ/non_secure/port.c ****                 {
1120:Middlewares/Third_Party/FreeRTOS/Source/portable/GCC/ARM_CM33_NTZ/non_secure/port.c ****                     /* Read the CONTROL register value. */
1121:Middlewares/Third_Party/FreeRTOS/Source/portable/GCC/ARM_CM33_NTZ/non_secure/port.c ****                     __asm volatile ( "mrs %0, control"  : "=r" ( ulControl ) );
1122:Middlewares/Third_Party/FreeRTOS/Source/portable/GCC/ARM_CM33_NTZ/non_secure/port.c **** 
1123:Middlewares/Third_Party/FreeRTOS/Source/portable/GCC/ARM_CM33_NTZ/non_secure/port.c ****                     /* The task that raised the SVC is privileged if Bit[0]
1124:Middlewares/Third_Party/FreeRTOS/Source/portable/GCC/ARM_CM33_NTZ/non_secure/port.c ****                      * in the CONTROL register is 0. */
1125:Middlewares/Third_Party/FreeRTOS/Source/portable/GCC/ARM_CM33_NTZ/non_secure/port.c ****                     ulIsTaskPrivileged = ( ( ulControl & portCONTROL_PRIVILEGED_MASK ) == 0 );
1126:Middlewares/Third_Party/FreeRTOS/Source/portable/GCC/ARM_CM33_NTZ/non_secure/port.c **** 
ARM GAS  /tmp/ccroD92D.s 			page 27


1127:Middlewares/Third_Party/FreeRTOS/Source/portable/GCC/ARM_CM33_NTZ/non_secure/port.c ****                     /* Allocate and load a context for the secure task. */
1128:Middlewares/Third_Party/FreeRTOS/Source/portable/GCC/ARM_CM33_NTZ/non_secure/port.c ****                     xSecureContext = SecureContext_AllocateContext( ulR0, ulIsTaskPrivileged, pxCur
1129:Middlewares/Third_Party/FreeRTOS/Source/portable/GCC/ARM_CM33_NTZ/non_secure/port.c ****                 }
1130:Middlewares/Third_Party/FreeRTOS/Source/portable/GCC/ARM_CM33_NTZ/non_secure/port.c ****                 #else /* if ( configENABLE_MPU == 1 ) */
1131:Middlewares/Third_Party/FreeRTOS/Source/portable/GCC/ARM_CM33_NTZ/non_secure/port.c ****                 {
1132:Middlewares/Third_Party/FreeRTOS/Source/portable/GCC/ARM_CM33_NTZ/non_secure/port.c ****                     /* Allocate and load a context for the secure task. */
1133:Middlewares/Third_Party/FreeRTOS/Source/portable/GCC/ARM_CM33_NTZ/non_secure/port.c ****                     xSecureContext = SecureContext_AllocateContext( ulR0, pxCurrentTCB );
1134:Middlewares/Third_Party/FreeRTOS/Source/portable/GCC/ARM_CM33_NTZ/non_secure/port.c ****                 }
1135:Middlewares/Third_Party/FreeRTOS/Source/portable/GCC/ARM_CM33_NTZ/non_secure/port.c ****                 #endif /* configENABLE_MPU */
1136:Middlewares/Third_Party/FreeRTOS/Source/portable/GCC/ARM_CM33_NTZ/non_secure/port.c **** 
1137:Middlewares/Third_Party/FreeRTOS/Source/portable/GCC/ARM_CM33_NTZ/non_secure/port.c ****                 configASSERT( xSecureContext != securecontextINVALID_CONTEXT_ID );
1138:Middlewares/Third_Party/FreeRTOS/Source/portable/GCC/ARM_CM33_NTZ/non_secure/port.c ****                 SecureContext_LoadContext( xSecureContext, pxCurrentTCB );
1139:Middlewares/Third_Party/FreeRTOS/Source/portable/GCC/ARM_CM33_NTZ/non_secure/port.c ****                 break;
1140:Middlewares/Third_Party/FreeRTOS/Source/portable/GCC/ARM_CM33_NTZ/non_secure/port.c **** 
1141:Middlewares/Third_Party/FreeRTOS/Source/portable/GCC/ARM_CM33_NTZ/non_secure/port.c ****             case portSVC_FREE_SECURE_CONTEXT:
1142:Middlewares/Third_Party/FreeRTOS/Source/portable/GCC/ARM_CM33_NTZ/non_secure/port.c **** 
1143:Middlewares/Third_Party/FreeRTOS/Source/portable/GCC/ARM_CM33_NTZ/non_secure/port.c ****                 /* R0 contains TCB being freed and R1 contains the secure
1144:Middlewares/Third_Party/FreeRTOS/Source/portable/GCC/ARM_CM33_NTZ/non_secure/port.c ****                  * context handle to be freed. */
1145:Middlewares/Third_Party/FreeRTOS/Source/portable/GCC/ARM_CM33_NTZ/non_secure/port.c ****                 ulR0 = pulCallerStackAddress[ 0 ];
1146:Middlewares/Third_Party/FreeRTOS/Source/portable/GCC/ARM_CM33_NTZ/non_secure/port.c ****                 ulR1 = pulCallerStackAddress[ 1 ];
1147:Middlewares/Third_Party/FreeRTOS/Source/portable/GCC/ARM_CM33_NTZ/non_secure/port.c **** 
1148:Middlewares/Third_Party/FreeRTOS/Source/portable/GCC/ARM_CM33_NTZ/non_secure/port.c ****                 /* Free the secure context. */
1149:Middlewares/Third_Party/FreeRTOS/Source/portable/GCC/ARM_CM33_NTZ/non_secure/port.c ****                 SecureContext_FreeContext( ( SecureContextHandle_t ) ulR1, ( void * ) ulR0 );
1150:Middlewares/Third_Party/FreeRTOS/Source/portable/GCC/ARM_CM33_NTZ/non_secure/port.c ****                 break;
1151:Middlewares/Third_Party/FreeRTOS/Source/portable/GCC/ARM_CM33_NTZ/non_secure/port.c ****         #endif /* configENABLE_TRUSTZONE */
1152:Middlewares/Third_Party/FreeRTOS/Source/portable/GCC/ARM_CM33_NTZ/non_secure/port.c **** 
1153:Middlewares/Third_Party/FreeRTOS/Source/portable/GCC/ARM_CM33_NTZ/non_secure/port.c ****         case portSVC_START_SCHEDULER:
1154:Middlewares/Third_Party/FreeRTOS/Source/portable/GCC/ARM_CM33_NTZ/non_secure/port.c ****             #if ( configENABLE_TRUSTZONE == 1 )
1155:Middlewares/Third_Party/FreeRTOS/Source/portable/GCC/ARM_CM33_NTZ/non_secure/port.c ****             {
1156:Middlewares/Third_Party/FreeRTOS/Source/portable/GCC/ARM_CM33_NTZ/non_secure/port.c ****                 /* De-prioritize the non-secure exceptions so that the
1157:Middlewares/Third_Party/FreeRTOS/Source/portable/GCC/ARM_CM33_NTZ/non_secure/port.c ****                  * non-secure pendSV runs at the lowest priority. */
1158:Middlewares/Third_Party/FreeRTOS/Source/portable/GCC/ARM_CM33_NTZ/non_secure/port.c ****                 SecureInit_DePrioritizeNSExceptions();
1159:Middlewares/Third_Party/FreeRTOS/Source/portable/GCC/ARM_CM33_NTZ/non_secure/port.c **** 
1160:Middlewares/Third_Party/FreeRTOS/Source/portable/GCC/ARM_CM33_NTZ/non_secure/port.c ****                 /* Initialize the secure context management system. */
1161:Middlewares/Third_Party/FreeRTOS/Source/portable/GCC/ARM_CM33_NTZ/non_secure/port.c ****                 SecureContext_Init();
1162:Middlewares/Third_Party/FreeRTOS/Source/portable/GCC/ARM_CM33_NTZ/non_secure/port.c ****             }
1163:Middlewares/Third_Party/FreeRTOS/Source/portable/GCC/ARM_CM33_NTZ/non_secure/port.c ****             #endif /* configENABLE_TRUSTZONE */
1164:Middlewares/Third_Party/FreeRTOS/Source/portable/GCC/ARM_CM33_NTZ/non_secure/port.c **** 
1165:Middlewares/Third_Party/FreeRTOS/Source/portable/GCC/ARM_CM33_NTZ/non_secure/port.c ****             #if ( configENABLE_FPU == 1 )
1166:Middlewares/Third_Party/FreeRTOS/Source/portable/GCC/ARM_CM33_NTZ/non_secure/port.c ****             {
1167:Middlewares/Third_Party/FreeRTOS/Source/portable/GCC/ARM_CM33_NTZ/non_secure/port.c ****                 /* Setup the Floating Point Unit (FPU). */
1168:Middlewares/Third_Party/FreeRTOS/Source/portable/GCC/ARM_CM33_NTZ/non_secure/port.c ****                 prvSetupFPU();
1169:Middlewares/Third_Party/FreeRTOS/Source/portable/GCC/ARM_CM33_NTZ/non_secure/port.c ****             }
1170:Middlewares/Third_Party/FreeRTOS/Source/portable/GCC/ARM_CM33_NTZ/non_secure/port.c ****             #endif /* configENABLE_FPU */
1171:Middlewares/Third_Party/FreeRTOS/Source/portable/GCC/ARM_CM33_NTZ/non_secure/port.c **** 
1172:Middlewares/Third_Party/FreeRTOS/Source/portable/GCC/ARM_CM33_NTZ/non_secure/port.c ****             /* Setup the context of the first task so that the first task starts
1173:Middlewares/Third_Party/FreeRTOS/Source/portable/GCC/ARM_CM33_NTZ/non_secure/port.c ****              * executing. */
1174:Middlewares/Third_Party/FreeRTOS/Source/portable/GCC/ARM_CM33_NTZ/non_secure/port.c ****             vRestoreContextOfFirstTask();
1175:Middlewares/Third_Party/FreeRTOS/Source/portable/GCC/ARM_CM33_NTZ/non_secure/port.c ****             break;
1176:Middlewares/Third_Party/FreeRTOS/Source/portable/GCC/ARM_CM33_NTZ/non_secure/port.c **** 
1177:Middlewares/Third_Party/FreeRTOS/Source/portable/GCC/ARM_CM33_NTZ/non_secure/port.c ****             #if ( ( configENABLE_MPU == 1 ) && ( configUSE_MPU_WRAPPERS_V1 == 1 ) )
1178:Middlewares/Third_Party/FreeRTOS/Source/portable/GCC/ARM_CM33_NTZ/non_secure/port.c ****                 case portSVC_RAISE_PRIVILEGE:
1179:Middlewares/Third_Party/FreeRTOS/Source/portable/GCC/ARM_CM33_NTZ/non_secure/port.c **** 
1180:Middlewares/Third_Party/FreeRTOS/Source/portable/GCC/ARM_CM33_NTZ/non_secure/port.c ****                     /* Only raise the privilege, if the svc was raised from any of
1181:Middlewares/Third_Party/FreeRTOS/Source/portable/GCC/ARM_CM33_NTZ/non_secure/port.c ****                      * the system calls. */
1182:Middlewares/Third_Party/FreeRTOS/Source/portable/GCC/ARM_CM33_NTZ/non_secure/port.c ****                     if( ( ulPC >= ( uint32_t ) __syscalls_flash_start__ ) &&
1183:Middlewares/Third_Party/FreeRTOS/Source/portable/GCC/ARM_CM33_NTZ/non_secure/port.c ****                         ( ulPC <= ( uint32_t ) __syscalls_flash_end__ ) )
ARM GAS  /tmp/ccroD92D.s 			page 28


1184:Middlewares/Third_Party/FreeRTOS/Source/portable/GCC/ARM_CM33_NTZ/non_secure/port.c ****                     {
1185:Middlewares/Third_Party/FreeRTOS/Source/portable/GCC/ARM_CM33_NTZ/non_secure/port.c ****                         vRaisePrivilege();
1186:Middlewares/Third_Party/FreeRTOS/Source/portable/GCC/ARM_CM33_NTZ/non_secure/port.c ****                     }
1187:Middlewares/Third_Party/FreeRTOS/Source/portable/GCC/ARM_CM33_NTZ/non_secure/port.c ****                     break;
1188:Middlewares/Third_Party/FreeRTOS/Source/portable/GCC/ARM_CM33_NTZ/non_secure/port.c ****             #endif /* ( configENABLE_MPU == 1 ) && ( configUSE_MPU_WRAPPERS_V1 == 1 ) */
1189:Middlewares/Third_Party/FreeRTOS/Source/portable/GCC/ARM_CM33_NTZ/non_secure/port.c **** 
1190:Middlewares/Third_Party/FreeRTOS/Source/portable/GCC/ARM_CM33_NTZ/non_secure/port.c ****             #if ( configENABLE_MPU == 1 )
1191:Middlewares/Third_Party/FreeRTOS/Source/portable/GCC/ARM_CM33_NTZ/non_secure/port.c ****                 case portSVC_YIELD:
1192:Middlewares/Third_Party/FreeRTOS/Source/portable/GCC/ARM_CM33_NTZ/non_secure/port.c ****                     vPortYield();
1193:Middlewares/Third_Party/FreeRTOS/Source/portable/GCC/ARM_CM33_NTZ/non_secure/port.c ****                     break;
1194:Middlewares/Third_Party/FreeRTOS/Source/portable/GCC/ARM_CM33_NTZ/non_secure/port.c ****             #endif /* configENABLE_MPU == 1 */
1195:Middlewares/Third_Party/FreeRTOS/Source/portable/GCC/ARM_CM33_NTZ/non_secure/port.c **** 
1196:Middlewares/Third_Party/FreeRTOS/Source/portable/GCC/ARM_CM33_NTZ/non_secure/port.c ****         default:
1197:Middlewares/Third_Party/FreeRTOS/Source/portable/GCC/ARM_CM33_NTZ/non_secure/port.c ****             /* Incorrect SVC call. */
1198:Middlewares/Third_Party/FreeRTOS/Source/portable/GCC/ARM_CM33_NTZ/non_secure/port.c ****             configASSERT( pdFALSE );
 353              		.loc 1 1198 13 view .LVU76
 354              		.loc 1 1198 13 discriminator 1 view .LVU77
 355 000c FFF7FEFF 		bl	ulSetInterruptMask
 356              	.LVL12:
 357              	.L30:
 358              		.loc 1 1198 13 discriminator 3 view .LVU78
 359              		.loc 1 1198 13 discriminator 3 view .LVU79
 360 0010 FEE7     		b	.L30
 361              	.LVL13:
 362              	.L33:
1174:Middlewares/Third_Party/FreeRTOS/Source/portable/GCC/ARM_CM33_NTZ/non_secure/port.c ****             break;
 363              		.loc 1 1174 13 view .LVU80
 364 0012 FFF7FEFF 		bl	vRestoreContextOfFirstTask
 365              	.LVL14:
1175:Middlewares/Third_Party/FreeRTOS/Source/portable/GCC/ARM_CM33_NTZ/non_secure/port.c **** 
 366              		.loc 1 1175 13 view .LVU81
 367              		.loc 1 1198 36 discriminator 2 view .LVU82
1199:Middlewares/Third_Party/FreeRTOS/Source/portable/GCC/ARM_CM33_NTZ/non_secure/port.c ****     }
1200:Middlewares/Third_Party/FreeRTOS/Source/portable/GCC/ARM_CM33_NTZ/non_secure/port.c **** }
 368              		.loc 1 1200 1 is_stmt 0 view .LVU83
 369 0016 08BD     		pop	{r3, pc}
 370              		.cfi_endproc
 371              	.LFE6:
 373              		.section	.text.pxPortInitialiseStack,"ax",%progbits
 374              		.align	1
 375              		.global	pxPortInitialiseStack
 376              		.syntax unified
 377              		.thumb
 378              		.thumb_func
 380              	pxPortInitialiseStack:
 381              	.LVL15:
 382              	.LFB7:
1201:Middlewares/Third_Party/FreeRTOS/Source/portable/GCC/ARM_CM33_NTZ/non_secure/port.c **** /*-----------------------------------------------------------*/
1202:Middlewares/Third_Party/FreeRTOS/Source/portable/GCC/ARM_CM33_NTZ/non_secure/port.c **** 
1203:Middlewares/Third_Party/FreeRTOS/Source/portable/GCC/ARM_CM33_NTZ/non_secure/port.c **** #if ( ( configENABLE_MPU == 1 ) && ( configUSE_MPU_WRAPPERS_V1 == 0 ) )
1204:Middlewares/Third_Party/FreeRTOS/Source/portable/GCC/ARM_CM33_NTZ/non_secure/port.c **** 
1205:Middlewares/Third_Party/FreeRTOS/Source/portable/GCC/ARM_CM33_NTZ/non_secure/port.c ****     void vSystemCallEnter( uint32_t * pulTaskStack,
1206:Middlewares/Third_Party/FreeRTOS/Source/portable/GCC/ARM_CM33_NTZ/non_secure/port.c ****                            uint32_t ulLR,
1207:Middlewares/Third_Party/FreeRTOS/Source/portable/GCC/ARM_CM33_NTZ/non_secure/port.c ****                            uint8_t ucSystemCallNumber ) /* PRIVILEGED_FUNCTION */
1208:Middlewares/Third_Party/FreeRTOS/Source/portable/GCC/ARM_CM33_NTZ/non_secure/port.c ****     {
1209:Middlewares/Third_Party/FreeRTOS/Source/portable/GCC/ARM_CM33_NTZ/non_secure/port.c ****         extern TaskHandle_t pxCurrentTCB;
1210:Middlewares/Third_Party/FreeRTOS/Source/portable/GCC/ARM_CM33_NTZ/non_secure/port.c ****         extern UBaseType_t uxSystemCallImplementations[ NUM_SYSTEM_CALLS ];
ARM GAS  /tmp/ccroD92D.s 			page 29


1211:Middlewares/Third_Party/FreeRTOS/Source/portable/GCC/ARM_CM33_NTZ/non_secure/port.c ****         xMPU_SETTINGS * pxMpuSettings;
1212:Middlewares/Third_Party/FreeRTOS/Source/portable/GCC/ARM_CM33_NTZ/non_secure/port.c ****         uint32_t * pulSystemCallStack;
1213:Middlewares/Third_Party/FreeRTOS/Source/portable/GCC/ARM_CM33_NTZ/non_secure/port.c ****         uint32_t ulStackFrameSize, ulSystemCallLocation, i;
1214:Middlewares/Third_Party/FreeRTOS/Source/portable/GCC/ARM_CM33_NTZ/non_secure/port.c **** 
1215:Middlewares/Third_Party/FreeRTOS/Source/portable/GCC/ARM_CM33_NTZ/non_secure/port.c ****         #if defined( __ARMCC_VERSION )
1216:Middlewares/Third_Party/FreeRTOS/Source/portable/GCC/ARM_CM33_NTZ/non_secure/port.c **** 
1217:Middlewares/Third_Party/FreeRTOS/Source/portable/GCC/ARM_CM33_NTZ/non_secure/port.c ****             /* Declaration when these variable are defined in code instead of being
1218:Middlewares/Third_Party/FreeRTOS/Source/portable/GCC/ARM_CM33_NTZ/non_secure/port.c ****              * exported from linker scripts. */
1219:Middlewares/Third_Party/FreeRTOS/Source/portable/GCC/ARM_CM33_NTZ/non_secure/port.c ****             extern uint32_t * __syscalls_flash_start__;
1220:Middlewares/Third_Party/FreeRTOS/Source/portable/GCC/ARM_CM33_NTZ/non_secure/port.c ****             extern uint32_t * __syscalls_flash_end__;
1221:Middlewares/Third_Party/FreeRTOS/Source/portable/GCC/ARM_CM33_NTZ/non_secure/port.c ****         #else
1222:Middlewares/Third_Party/FreeRTOS/Source/portable/GCC/ARM_CM33_NTZ/non_secure/port.c ****             /* Declaration when these variable are exported from linker scripts. */
1223:Middlewares/Third_Party/FreeRTOS/Source/portable/GCC/ARM_CM33_NTZ/non_secure/port.c ****             extern uint32_t __syscalls_flash_start__[];
1224:Middlewares/Third_Party/FreeRTOS/Source/portable/GCC/ARM_CM33_NTZ/non_secure/port.c ****             extern uint32_t __syscalls_flash_end__[];
1225:Middlewares/Third_Party/FreeRTOS/Source/portable/GCC/ARM_CM33_NTZ/non_secure/port.c ****         #endif /* #if defined( __ARMCC_VERSION ) */
1226:Middlewares/Third_Party/FreeRTOS/Source/portable/GCC/ARM_CM33_NTZ/non_secure/port.c **** 
1227:Middlewares/Third_Party/FreeRTOS/Source/portable/GCC/ARM_CM33_NTZ/non_secure/port.c ****         ulSystemCallLocation = pulTaskStack[ portOFFSET_TO_PC ];
1228:Middlewares/Third_Party/FreeRTOS/Source/portable/GCC/ARM_CM33_NTZ/non_secure/port.c ****         pxMpuSettings = xTaskGetMPUSettings( pxCurrentTCB );
1229:Middlewares/Third_Party/FreeRTOS/Source/portable/GCC/ARM_CM33_NTZ/non_secure/port.c **** 
1230:Middlewares/Third_Party/FreeRTOS/Source/portable/GCC/ARM_CM33_NTZ/non_secure/port.c ****         /* Checks:
1231:Middlewares/Third_Party/FreeRTOS/Source/portable/GCC/ARM_CM33_NTZ/non_secure/port.c ****          * 1. SVC is raised from the system call section (i.e. application is
1232:Middlewares/Third_Party/FreeRTOS/Source/portable/GCC/ARM_CM33_NTZ/non_secure/port.c ****          *    not raising SVC directly).
1233:Middlewares/Third_Party/FreeRTOS/Source/portable/GCC/ARM_CM33_NTZ/non_secure/port.c ****          * 2. pxMpuSettings->xSystemCallStackInfo.pulTaskStack must be NULL as
1234:Middlewares/Third_Party/FreeRTOS/Source/portable/GCC/ARM_CM33_NTZ/non_secure/port.c ****          *    it is non-NULL only during the execution of a system call (i.e.
1235:Middlewares/Third_Party/FreeRTOS/Source/portable/GCC/ARM_CM33_NTZ/non_secure/port.c ****          *    between system call enter and exit).
1236:Middlewares/Third_Party/FreeRTOS/Source/portable/GCC/ARM_CM33_NTZ/non_secure/port.c ****          * 3. System call is not for a kernel API disabled by the configuration
1237:Middlewares/Third_Party/FreeRTOS/Source/portable/GCC/ARM_CM33_NTZ/non_secure/port.c ****          *    in FreeRTOSConfig.h.
1238:Middlewares/Third_Party/FreeRTOS/Source/portable/GCC/ARM_CM33_NTZ/non_secure/port.c ****          * 4. We do not need to check that ucSystemCallNumber is within range
1239:Middlewares/Third_Party/FreeRTOS/Source/portable/GCC/ARM_CM33_NTZ/non_secure/port.c ****          *    because the assembly SVC handler checks that before calling
1240:Middlewares/Third_Party/FreeRTOS/Source/portable/GCC/ARM_CM33_NTZ/non_secure/port.c ****          *    this function.
1241:Middlewares/Third_Party/FreeRTOS/Source/portable/GCC/ARM_CM33_NTZ/non_secure/port.c ****          */
1242:Middlewares/Third_Party/FreeRTOS/Source/portable/GCC/ARM_CM33_NTZ/non_secure/port.c ****         if( ( ulSystemCallLocation >= ( uint32_t ) __syscalls_flash_start__ ) &&
1243:Middlewares/Third_Party/FreeRTOS/Source/portable/GCC/ARM_CM33_NTZ/non_secure/port.c ****             ( ulSystemCallLocation <= ( uint32_t ) __syscalls_flash_end__ ) &&
1244:Middlewares/Third_Party/FreeRTOS/Source/portable/GCC/ARM_CM33_NTZ/non_secure/port.c ****             ( pxMpuSettings->xSystemCallStackInfo.pulTaskStack == NULL ) &&
1245:Middlewares/Third_Party/FreeRTOS/Source/portable/GCC/ARM_CM33_NTZ/non_secure/port.c ****             ( uxSystemCallImplementations[ ucSystemCallNumber ] != ( UBaseType_t ) 0 ) )
1246:Middlewares/Third_Party/FreeRTOS/Source/portable/GCC/ARM_CM33_NTZ/non_secure/port.c ****         {
1247:Middlewares/Third_Party/FreeRTOS/Source/portable/GCC/ARM_CM33_NTZ/non_secure/port.c ****             pulSystemCallStack = pxMpuSettings->xSystemCallStackInfo.pulSystemCallStack;
1248:Middlewares/Third_Party/FreeRTOS/Source/portable/GCC/ARM_CM33_NTZ/non_secure/port.c **** 
1249:Middlewares/Third_Party/FreeRTOS/Source/portable/GCC/ARM_CM33_NTZ/non_secure/port.c ****             #if ( ( configENABLE_FPU == 1 ) || ( configENABLE_MVE == 1 ) )
1250:Middlewares/Third_Party/FreeRTOS/Source/portable/GCC/ARM_CM33_NTZ/non_secure/port.c ****             {
1251:Middlewares/Third_Party/FreeRTOS/Source/portable/GCC/ARM_CM33_NTZ/non_secure/port.c ****                 if( ( ulLR & portEXC_RETURN_STACK_FRAME_TYPE_MASK ) == 0UL )
1252:Middlewares/Third_Party/FreeRTOS/Source/portable/GCC/ARM_CM33_NTZ/non_secure/port.c ****                 {
1253:Middlewares/Third_Party/FreeRTOS/Source/portable/GCC/ARM_CM33_NTZ/non_secure/port.c ****                     /* Extended frame i.e. FPU in use. */
1254:Middlewares/Third_Party/FreeRTOS/Source/portable/GCC/ARM_CM33_NTZ/non_secure/port.c ****                     ulStackFrameSize = 26;
1255:Middlewares/Third_Party/FreeRTOS/Source/portable/GCC/ARM_CM33_NTZ/non_secure/port.c ****                     __asm volatile (
1256:Middlewares/Third_Party/FreeRTOS/Source/portable/GCC/ARM_CM33_NTZ/non_secure/port.c ****                         " vpush {s0}         \n" /* Trigger lazy stacking. */
1257:Middlewares/Third_Party/FreeRTOS/Source/portable/GCC/ARM_CM33_NTZ/non_secure/port.c ****                         " vpop  {s0}         \n" /* Nullify the affect of the above instruction. */
1258:Middlewares/Third_Party/FreeRTOS/Source/portable/GCC/ARM_CM33_NTZ/non_secure/port.c ****                         ::: "memory"
1259:Middlewares/Third_Party/FreeRTOS/Source/portable/GCC/ARM_CM33_NTZ/non_secure/port.c ****                         );
1260:Middlewares/Third_Party/FreeRTOS/Source/portable/GCC/ARM_CM33_NTZ/non_secure/port.c ****                 }
1261:Middlewares/Third_Party/FreeRTOS/Source/portable/GCC/ARM_CM33_NTZ/non_secure/port.c ****                 else
1262:Middlewares/Third_Party/FreeRTOS/Source/portable/GCC/ARM_CM33_NTZ/non_secure/port.c ****                 {
1263:Middlewares/Third_Party/FreeRTOS/Source/portable/GCC/ARM_CM33_NTZ/non_secure/port.c ****                     /* Standard frame i.e. FPU not in use. */
1264:Middlewares/Third_Party/FreeRTOS/Source/portable/GCC/ARM_CM33_NTZ/non_secure/port.c ****                     ulStackFrameSize = 8;
1265:Middlewares/Third_Party/FreeRTOS/Source/portable/GCC/ARM_CM33_NTZ/non_secure/port.c ****                 }
1266:Middlewares/Third_Party/FreeRTOS/Source/portable/GCC/ARM_CM33_NTZ/non_secure/port.c ****             }
1267:Middlewares/Third_Party/FreeRTOS/Source/portable/GCC/ARM_CM33_NTZ/non_secure/port.c ****             #else /* if ( ( configENABLE_FPU == 1 ) || ( configENABLE_MVE == 1 ) ) */
ARM GAS  /tmp/ccroD92D.s 			page 30


1268:Middlewares/Third_Party/FreeRTOS/Source/portable/GCC/ARM_CM33_NTZ/non_secure/port.c ****             {
1269:Middlewares/Third_Party/FreeRTOS/Source/portable/GCC/ARM_CM33_NTZ/non_secure/port.c ****                 ulStackFrameSize = 8;
1270:Middlewares/Third_Party/FreeRTOS/Source/portable/GCC/ARM_CM33_NTZ/non_secure/port.c ****             }
1271:Middlewares/Third_Party/FreeRTOS/Source/portable/GCC/ARM_CM33_NTZ/non_secure/port.c ****             #endif /* configENABLE_FPU || configENABLE_MVE */
1272:Middlewares/Third_Party/FreeRTOS/Source/portable/GCC/ARM_CM33_NTZ/non_secure/port.c **** 
1273:Middlewares/Third_Party/FreeRTOS/Source/portable/GCC/ARM_CM33_NTZ/non_secure/port.c ****             /* Make space on the system call stack for the stack frame. */
1274:Middlewares/Third_Party/FreeRTOS/Source/portable/GCC/ARM_CM33_NTZ/non_secure/port.c ****             pulSystemCallStack = pulSystemCallStack - ulStackFrameSize;
1275:Middlewares/Third_Party/FreeRTOS/Source/portable/GCC/ARM_CM33_NTZ/non_secure/port.c **** 
1276:Middlewares/Third_Party/FreeRTOS/Source/portable/GCC/ARM_CM33_NTZ/non_secure/port.c ****             /* Copy the stack frame. */
1277:Middlewares/Third_Party/FreeRTOS/Source/portable/GCC/ARM_CM33_NTZ/non_secure/port.c ****             for( i = 0; i < ulStackFrameSize; i++ )
1278:Middlewares/Third_Party/FreeRTOS/Source/portable/GCC/ARM_CM33_NTZ/non_secure/port.c ****             {
1279:Middlewares/Third_Party/FreeRTOS/Source/portable/GCC/ARM_CM33_NTZ/non_secure/port.c ****                 pulSystemCallStack[ i ] = pulTaskStack[ i ];
1280:Middlewares/Third_Party/FreeRTOS/Source/portable/GCC/ARM_CM33_NTZ/non_secure/port.c ****             }
1281:Middlewares/Third_Party/FreeRTOS/Source/portable/GCC/ARM_CM33_NTZ/non_secure/port.c **** 
1282:Middlewares/Third_Party/FreeRTOS/Source/portable/GCC/ARM_CM33_NTZ/non_secure/port.c ****             /* Store the value of the Link Register before the SVC was raised.
1283:Middlewares/Third_Party/FreeRTOS/Source/portable/GCC/ARM_CM33_NTZ/non_secure/port.c ****              * It contains the address of the caller of the System Call entry
1284:Middlewares/Third_Party/FreeRTOS/Source/portable/GCC/ARM_CM33_NTZ/non_secure/port.c ****              * point (i.e. the caller of the MPU_<API>). We need to restore it
1285:Middlewares/Third_Party/FreeRTOS/Source/portable/GCC/ARM_CM33_NTZ/non_secure/port.c ****              * when we exit from the system call. */
1286:Middlewares/Third_Party/FreeRTOS/Source/portable/GCC/ARM_CM33_NTZ/non_secure/port.c ****             pxMpuSettings->xSystemCallStackInfo.ulLinkRegisterAtSystemCallEntry = pulTaskStack[ por
1287:Middlewares/Third_Party/FreeRTOS/Source/portable/GCC/ARM_CM33_NTZ/non_secure/port.c **** 
1288:Middlewares/Third_Party/FreeRTOS/Source/portable/GCC/ARM_CM33_NTZ/non_secure/port.c ****             /* Store the value of the PSPLIM register before the SVC was raised.
1289:Middlewares/Third_Party/FreeRTOS/Source/portable/GCC/ARM_CM33_NTZ/non_secure/port.c ****              * We need to restore it when we exit from the system call. */
1290:Middlewares/Third_Party/FreeRTOS/Source/portable/GCC/ARM_CM33_NTZ/non_secure/port.c ****             #if ( portUSE_PSPLIM_REGISTER == 1 )
1291:Middlewares/Third_Party/FreeRTOS/Source/portable/GCC/ARM_CM33_NTZ/non_secure/port.c ****             {
1292:Middlewares/Third_Party/FreeRTOS/Source/portable/GCC/ARM_CM33_NTZ/non_secure/port.c ****                 __asm volatile ( "mrs %0, psplim" : "=r" ( pxMpuSettings->xSystemCallStackInfo.ulSt
1293:Middlewares/Third_Party/FreeRTOS/Source/portable/GCC/ARM_CM33_NTZ/non_secure/port.c ****             }
1294:Middlewares/Third_Party/FreeRTOS/Source/portable/GCC/ARM_CM33_NTZ/non_secure/port.c ****             #endif
1295:Middlewares/Third_Party/FreeRTOS/Source/portable/GCC/ARM_CM33_NTZ/non_secure/port.c **** 
1296:Middlewares/Third_Party/FreeRTOS/Source/portable/GCC/ARM_CM33_NTZ/non_secure/port.c ****             /* Use the pulSystemCallStack in thread mode. */
1297:Middlewares/Third_Party/FreeRTOS/Source/portable/GCC/ARM_CM33_NTZ/non_secure/port.c ****             __asm volatile ( "msr psp, %0" : : "r" ( pulSystemCallStack ) );
1298:Middlewares/Third_Party/FreeRTOS/Source/portable/GCC/ARM_CM33_NTZ/non_secure/port.c ****             #if ( portUSE_PSPLIM_REGISTER == 1 )
1299:Middlewares/Third_Party/FreeRTOS/Source/portable/GCC/ARM_CM33_NTZ/non_secure/port.c ****             {
1300:Middlewares/Third_Party/FreeRTOS/Source/portable/GCC/ARM_CM33_NTZ/non_secure/port.c ****                 __asm volatile ( "msr psplim, %0" : : "r" ( pxMpuSettings->xSystemCallStackInfo.pul
1301:Middlewares/Third_Party/FreeRTOS/Source/portable/GCC/ARM_CM33_NTZ/non_secure/port.c ****             }
1302:Middlewares/Third_Party/FreeRTOS/Source/portable/GCC/ARM_CM33_NTZ/non_secure/port.c ****             #endif
1303:Middlewares/Third_Party/FreeRTOS/Source/portable/GCC/ARM_CM33_NTZ/non_secure/port.c **** 
1304:Middlewares/Third_Party/FreeRTOS/Source/portable/GCC/ARM_CM33_NTZ/non_secure/port.c ****             /* Start executing the system call upon returning from this handler. */
1305:Middlewares/Third_Party/FreeRTOS/Source/portable/GCC/ARM_CM33_NTZ/non_secure/port.c ****             pulSystemCallStack[ portOFFSET_TO_PC ] = uxSystemCallImplementations[ ucSystemCallNumbe
1306:Middlewares/Third_Party/FreeRTOS/Source/portable/GCC/ARM_CM33_NTZ/non_secure/port.c **** 
1307:Middlewares/Third_Party/FreeRTOS/Source/portable/GCC/ARM_CM33_NTZ/non_secure/port.c ****             /* Raise a request to exit from the system call upon finishing the
1308:Middlewares/Third_Party/FreeRTOS/Source/portable/GCC/ARM_CM33_NTZ/non_secure/port.c ****              * system call. */
1309:Middlewares/Third_Party/FreeRTOS/Source/portable/GCC/ARM_CM33_NTZ/non_secure/port.c ****             pulSystemCallStack[ portOFFSET_TO_LR ] = ( uint32_t ) vRequestSystemCallExit;
1310:Middlewares/Third_Party/FreeRTOS/Source/portable/GCC/ARM_CM33_NTZ/non_secure/port.c **** 
1311:Middlewares/Third_Party/FreeRTOS/Source/portable/GCC/ARM_CM33_NTZ/non_secure/port.c ****             /* Remember the location where we should copy the stack frame when we exit from
1312:Middlewares/Third_Party/FreeRTOS/Source/portable/GCC/ARM_CM33_NTZ/non_secure/port.c ****              * the system call. */
1313:Middlewares/Third_Party/FreeRTOS/Source/portable/GCC/ARM_CM33_NTZ/non_secure/port.c ****             pxMpuSettings->xSystemCallStackInfo.pulTaskStack = pulTaskStack + ulStackFrameSize;
1314:Middlewares/Third_Party/FreeRTOS/Source/portable/GCC/ARM_CM33_NTZ/non_secure/port.c **** 
1315:Middlewares/Third_Party/FreeRTOS/Source/portable/GCC/ARM_CM33_NTZ/non_secure/port.c ****             /* Record if the hardware used padding to force the stack pointer
1316:Middlewares/Third_Party/FreeRTOS/Source/portable/GCC/ARM_CM33_NTZ/non_secure/port.c ****              * to be double word aligned. */
1317:Middlewares/Third_Party/FreeRTOS/Source/portable/GCC/ARM_CM33_NTZ/non_secure/port.c ****             if( ( pulTaskStack[ portOFFSET_TO_PSR ] & portPSR_STACK_PADDING_MASK ) == portPSR_STACK
1318:Middlewares/Third_Party/FreeRTOS/Source/portable/GCC/ARM_CM33_NTZ/non_secure/port.c ****             {
1319:Middlewares/Third_Party/FreeRTOS/Source/portable/GCC/ARM_CM33_NTZ/non_secure/port.c ****                 pxMpuSettings->ulTaskFlags |= portSTACK_FRAME_HAS_PADDING_FLAG;
1320:Middlewares/Third_Party/FreeRTOS/Source/portable/GCC/ARM_CM33_NTZ/non_secure/port.c ****             }
1321:Middlewares/Third_Party/FreeRTOS/Source/portable/GCC/ARM_CM33_NTZ/non_secure/port.c ****             else
1322:Middlewares/Third_Party/FreeRTOS/Source/portable/GCC/ARM_CM33_NTZ/non_secure/port.c ****             {
1323:Middlewares/Third_Party/FreeRTOS/Source/portable/GCC/ARM_CM33_NTZ/non_secure/port.c ****                 pxMpuSettings->ulTaskFlags &= ( ~portSTACK_FRAME_HAS_PADDING_FLAG );
1324:Middlewares/Third_Party/FreeRTOS/Source/portable/GCC/ARM_CM33_NTZ/non_secure/port.c ****             }
ARM GAS  /tmp/ccroD92D.s 			page 31


1325:Middlewares/Third_Party/FreeRTOS/Source/portable/GCC/ARM_CM33_NTZ/non_secure/port.c **** 
1326:Middlewares/Third_Party/FreeRTOS/Source/portable/GCC/ARM_CM33_NTZ/non_secure/port.c ****             /* We ensure in pxPortInitialiseStack that the system call stack is
1327:Middlewares/Third_Party/FreeRTOS/Source/portable/GCC/ARM_CM33_NTZ/non_secure/port.c ****              * double word aligned and therefore, there is no need of padding.
1328:Middlewares/Third_Party/FreeRTOS/Source/portable/GCC/ARM_CM33_NTZ/non_secure/port.c ****              * Clear the bit[9] of stacked xPSR. */
1329:Middlewares/Third_Party/FreeRTOS/Source/portable/GCC/ARM_CM33_NTZ/non_secure/port.c ****             pulSystemCallStack[ portOFFSET_TO_PSR ] &= ( ~portPSR_STACK_PADDING_MASK );
1330:Middlewares/Third_Party/FreeRTOS/Source/portable/GCC/ARM_CM33_NTZ/non_secure/port.c **** 
1331:Middlewares/Third_Party/FreeRTOS/Source/portable/GCC/ARM_CM33_NTZ/non_secure/port.c ****             /* Raise the privilege for the duration of the system call. */
1332:Middlewares/Third_Party/FreeRTOS/Source/portable/GCC/ARM_CM33_NTZ/non_secure/port.c ****             __asm volatile (
1333:Middlewares/Third_Party/FreeRTOS/Source/portable/GCC/ARM_CM33_NTZ/non_secure/port.c ****                 " mrs r0, control     \n" /* Obtain current control value. */
1334:Middlewares/Third_Party/FreeRTOS/Source/portable/GCC/ARM_CM33_NTZ/non_secure/port.c ****                 " movs r1, #1         \n" /* r1 = 1. */
1335:Middlewares/Third_Party/FreeRTOS/Source/portable/GCC/ARM_CM33_NTZ/non_secure/port.c ****                 " bics r0, r1         \n" /* Clear nPRIV bit. */
1336:Middlewares/Third_Party/FreeRTOS/Source/portable/GCC/ARM_CM33_NTZ/non_secure/port.c ****                 " msr control, r0     \n" /* Write back new control value. */
1337:Middlewares/Third_Party/FreeRTOS/Source/portable/GCC/ARM_CM33_NTZ/non_secure/port.c ****                 ::: "r0", "r1", "memory"
1338:Middlewares/Third_Party/FreeRTOS/Source/portable/GCC/ARM_CM33_NTZ/non_secure/port.c ****                 );
1339:Middlewares/Third_Party/FreeRTOS/Source/portable/GCC/ARM_CM33_NTZ/non_secure/port.c ****         }
1340:Middlewares/Third_Party/FreeRTOS/Source/portable/GCC/ARM_CM33_NTZ/non_secure/port.c ****     }
1341:Middlewares/Third_Party/FreeRTOS/Source/portable/GCC/ARM_CM33_NTZ/non_secure/port.c **** 
1342:Middlewares/Third_Party/FreeRTOS/Source/portable/GCC/ARM_CM33_NTZ/non_secure/port.c **** #endif /* ( configENABLE_MPU == 1 ) && ( configUSE_MPU_WRAPPERS_V1 == 0 ) */
1343:Middlewares/Third_Party/FreeRTOS/Source/portable/GCC/ARM_CM33_NTZ/non_secure/port.c **** /*-----------------------------------------------------------*/
1344:Middlewares/Third_Party/FreeRTOS/Source/portable/GCC/ARM_CM33_NTZ/non_secure/port.c **** 
1345:Middlewares/Third_Party/FreeRTOS/Source/portable/GCC/ARM_CM33_NTZ/non_secure/port.c **** #if ( ( configENABLE_MPU == 1 ) && ( configUSE_MPU_WRAPPERS_V1 == 0 ) )
1346:Middlewares/Third_Party/FreeRTOS/Source/portable/GCC/ARM_CM33_NTZ/non_secure/port.c **** 
1347:Middlewares/Third_Party/FreeRTOS/Source/portable/GCC/ARM_CM33_NTZ/non_secure/port.c ****     void vRequestSystemCallExit( void ) /* __attribute__( ( naked ) ) PRIVILEGED_FUNCTION */
1348:Middlewares/Third_Party/FreeRTOS/Source/portable/GCC/ARM_CM33_NTZ/non_secure/port.c ****     {
1349:Middlewares/Third_Party/FreeRTOS/Source/portable/GCC/ARM_CM33_NTZ/non_secure/port.c ****         __asm volatile ( "svc %0 \n" ::"i" ( portSVC_SYSTEM_CALL_EXIT ) : "memory" );
1350:Middlewares/Third_Party/FreeRTOS/Source/portable/GCC/ARM_CM33_NTZ/non_secure/port.c ****     }
1351:Middlewares/Third_Party/FreeRTOS/Source/portable/GCC/ARM_CM33_NTZ/non_secure/port.c **** 
1352:Middlewares/Third_Party/FreeRTOS/Source/portable/GCC/ARM_CM33_NTZ/non_secure/port.c **** #endif /* ( configENABLE_MPU == 1 ) && ( configUSE_MPU_WRAPPERS_V1 == 0 ) */
1353:Middlewares/Third_Party/FreeRTOS/Source/portable/GCC/ARM_CM33_NTZ/non_secure/port.c **** /*-----------------------------------------------------------*/
1354:Middlewares/Third_Party/FreeRTOS/Source/portable/GCC/ARM_CM33_NTZ/non_secure/port.c **** 
1355:Middlewares/Third_Party/FreeRTOS/Source/portable/GCC/ARM_CM33_NTZ/non_secure/port.c **** #if ( ( configENABLE_MPU == 1 ) && ( configUSE_MPU_WRAPPERS_V1 == 0 ) )
1356:Middlewares/Third_Party/FreeRTOS/Source/portable/GCC/ARM_CM33_NTZ/non_secure/port.c **** 
1357:Middlewares/Third_Party/FreeRTOS/Source/portable/GCC/ARM_CM33_NTZ/non_secure/port.c ****     void vSystemCallExit( uint32_t * pulSystemCallStack,
1358:Middlewares/Third_Party/FreeRTOS/Source/portable/GCC/ARM_CM33_NTZ/non_secure/port.c ****                           uint32_t ulLR ) /* PRIVILEGED_FUNCTION */
1359:Middlewares/Third_Party/FreeRTOS/Source/portable/GCC/ARM_CM33_NTZ/non_secure/port.c ****     {
1360:Middlewares/Third_Party/FreeRTOS/Source/portable/GCC/ARM_CM33_NTZ/non_secure/port.c ****         extern TaskHandle_t pxCurrentTCB;
1361:Middlewares/Third_Party/FreeRTOS/Source/portable/GCC/ARM_CM33_NTZ/non_secure/port.c ****         xMPU_SETTINGS * pxMpuSettings;
1362:Middlewares/Third_Party/FreeRTOS/Source/portable/GCC/ARM_CM33_NTZ/non_secure/port.c ****         uint32_t * pulTaskStack;
1363:Middlewares/Third_Party/FreeRTOS/Source/portable/GCC/ARM_CM33_NTZ/non_secure/port.c ****         uint32_t ulStackFrameSize, ulSystemCallLocation, i;
1364:Middlewares/Third_Party/FreeRTOS/Source/portable/GCC/ARM_CM33_NTZ/non_secure/port.c **** 
1365:Middlewares/Third_Party/FreeRTOS/Source/portable/GCC/ARM_CM33_NTZ/non_secure/port.c ****         #if defined( __ARMCC_VERSION )
1366:Middlewares/Third_Party/FreeRTOS/Source/portable/GCC/ARM_CM33_NTZ/non_secure/port.c **** 
1367:Middlewares/Third_Party/FreeRTOS/Source/portable/GCC/ARM_CM33_NTZ/non_secure/port.c ****             /* Declaration when these variable are defined in code instead of being
1368:Middlewares/Third_Party/FreeRTOS/Source/portable/GCC/ARM_CM33_NTZ/non_secure/port.c ****              * exported from linker scripts. */
1369:Middlewares/Third_Party/FreeRTOS/Source/portable/GCC/ARM_CM33_NTZ/non_secure/port.c ****             extern uint32_t * __privileged_functions_start__;
1370:Middlewares/Third_Party/FreeRTOS/Source/portable/GCC/ARM_CM33_NTZ/non_secure/port.c ****             extern uint32_t * __privileged_functions_end__;
1371:Middlewares/Third_Party/FreeRTOS/Source/portable/GCC/ARM_CM33_NTZ/non_secure/port.c ****         #else
1372:Middlewares/Third_Party/FreeRTOS/Source/portable/GCC/ARM_CM33_NTZ/non_secure/port.c ****             /* Declaration when these variable are exported from linker scripts. */
1373:Middlewares/Third_Party/FreeRTOS/Source/portable/GCC/ARM_CM33_NTZ/non_secure/port.c ****             extern uint32_t __privileged_functions_start__[];
1374:Middlewares/Third_Party/FreeRTOS/Source/portable/GCC/ARM_CM33_NTZ/non_secure/port.c ****             extern uint32_t __privileged_functions_end__[];
1375:Middlewares/Third_Party/FreeRTOS/Source/portable/GCC/ARM_CM33_NTZ/non_secure/port.c ****         #endif /* #if defined( __ARMCC_VERSION ) */
1376:Middlewares/Third_Party/FreeRTOS/Source/portable/GCC/ARM_CM33_NTZ/non_secure/port.c **** 
1377:Middlewares/Third_Party/FreeRTOS/Source/portable/GCC/ARM_CM33_NTZ/non_secure/port.c ****         ulSystemCallLocation = pulSystemCallStack[ portOFFSET_TO_PC ];
1378:Middlewares/Third_Party/FreeRTOS/Source/portable/GCC/ARM_CM33_NTZ/non_secure/port.c ****         pxMpuSettings = xTaskGetMPUSettings( pxCurrentTCB );
1379:Middlewares/Third_Party/FreeRTOS/Source/portable/GCC/ARM_CM33_NTZ/non_secure/port.c **** 
1380:Middlewares/Third_Party/FreeRTOS/Source/portable/GCC/ARM_CM33_NTZ/non_secure/port.c ****         /* Checks:
1381:Middlewares/Third_Party/FreeRTOS/Source/portable/GCC/ARM_CM33_NTZ/non_secure/port.c ****          * 1. SVC is raised from the privileged code (i.e. application is not
ARM GAS  /tmp/ccroD92D.s 			page 32


1382:Middlewares/Third_Party/FreeRTOS/Source/portable/GCC/ARM_CM33_NTZ/non_secure/port.c ****          *    raising SVC directly). This SVC is only raised from
1383:Middlewares/Third_Party/FreeRTOS/Source/portable/GCC/ARM_CM33_NTZ/non_secure/port.c ****          *    vRequestSystemCallExit which is in the privileged code section.
1384:Middlewares/Third_Party/FreeRTOS/Source/portable/GCC/ARM_CM33_NTZ/non_secure/port.c ****          * 2. pxMpuSettings->xSystemCallStackInfo.pulTaskStack must not be NULL -
1385:Middlewares/Third_Party/FreeRTOS/Source/portable/GCC/ARM_CM33_NTZ/non_secure/port.c ****          *    this means that we previously entered a system call and the
1386:Middlewares/Third_Party/FreeRTOS/Source/portable/GCC/ARM_CM33_NTZ/non_secure/port.c ****          *    application is not attempting to exit without entering a system
1387:Middlewares/Third_Party/FreeRTOS/Source/portable/GCC/ARM_CM33_NTZ/non_secure/port.c ****          *    call.
1388:Middlewares/Third_Party/FreeRTOS/Source/portable/GCC/ARM_CM33_NTZ/non_secure/port.c ****          */
1389:Middlewares/Third_Party/FreeRTOS/Source/portable/GCC/ARM_CM33_NTZ/non_secure/port.c ****         if( ( ulSystemCallLocation >= ( uint32_t ) __privileged_functions_start__ ) &&
1390:Middlewares/Third_Party/FreeRTOS/Source/portable/GCC/ARM_CM33_NTZ/non_secure/port.c ****             ( ulSystemCallLocation <= ( uint32_t ) __privileged_functions_end__ ) &&
1391:Middlewares/Third_Party/FreeRTOS/Source/portable/GCC/ARM_CM33_NTZ/non_secure/port.c ****             ( pxMpuSettings->xSystemCallStackInfo.pulTaskStack != NULL ) )
1392:Middlewares/Third_Party/FreeRTOS/Source/portable/GCC/ARM_CM33_NTZ/non_secure/port.c ****         {
1393:Middlewares/Third_Party/FreeRTOS/Source/portable/GCC/ARM_CM33_NTZ/non_secure/port.c ****             pulTaskStack = pxMpuSettings->xSystemCallStackInfo.pulTaskStack;
1394:Middlewares/Third_Party/FreeRTOS/Source/portable/GCC/ARM_CM33_NTZ/non_secure/port.c **** 
1395:Middlewares/Third_Party/FreeRTOS/Source/portable/GCC/ARM_CM33_NTZ/non_secure/port.c ****             #if ( ( configENABLE_FPU == 1 ) || ( configENABLE_MVE == 1 ) )
1396:Middlewares/Third_Party/FreeRTOS/Source/portable/GCC/ARM_CM33_NTZ/non_secure/port.c ****             {
1397:Middlewares/Third_Party/FreeRTOS/Source/portable/GCC/ARM_CM33_NTZ/non_secure/port.c ****                 if( ( ulLR & portEXC_RETURN_STACK_FRAME_TYPE_MASK ) == 0UL )
1398:Middlewares/Third_Party/FreeRTOS/Source/portable/GCC/ARM_CM33_NTZ/non_secure/port.c ****                 {
1399:Middlewares/Third_Party/FreeRTOS/Source/portable/GCC/ARM_CM33_NTZ/non_secure/port.c ****                     /* Extended frame i.e. FPU in use. */
1400:Middlewares/Third_Party/FreeRTOS/Source/portable/GCC/ARM_CM33_NTZ/non_secure/port.c ****                     ulStackFrameSize = 26;
1401:Middlewares/Third_Party/FreeRTOS/Source/portable/GCC/ARM_CM33_NTZ/non_secure/port.c ****                     __asm volatile (
1402:Middlewares/Third_Party/FreeRTOS/Source/portable/GCC/ARM_CM33_NTZ/non_secure/port.c ****                         " vpush {s0}         \n" /* Trigger lazy stacking. */
1403:Middlewares/Third_Party/FreeRTOS/Source/portable/GCC/ARM_CM33_NTZ/non_secure/port.c ****                         " vpop  {s0}         \n" /* Nullify the affect of the above instruction. */
1404:Middlewares/Third_Party/FreeRTOS/Source/portable/GCC/ARM_CM33_NTZ/non_secure/port.c ****                         ::: "memory"
1405:Middlewares/Third_Party/FreeRTOS/Source/portable/GCC/ARM_CM33_NTZ/non_secure/port.c ****                         );
1406:Middlewares/Third_Party/FreeRTOS/Source/portable/GCC/ARM_CM33_NTZ/non_secure/port.c ****                 }
1407:Middlewares/Third_Party/FreeRTOS/Source/portable/GCC/ARM_CM33_NTZ/non_secure/port.c ****                 else
1408:Middlewares/Third_Party/FreeRTOS/Source/portable/GCC/ARM_CM33_NTZ/non_secure/port.c ****                 {
1409:Middlewares/Third_Party/FreeRTOS/Source/portable/GCC/ARM_CM33_NTZ/non_secure/port.c ****                     /* Standard frame i.e. FPU not in use. */
1410:Middlewares/Third_Party/FreeRTOS/Source/portable/GCC/ARM_CM33_NTZ/non_secure/port.c ****                     ulStackFrameSize = 8;
1411:Middlewares/Third_Party/FreeRTOS/Source/portable/GCC/ARM_CM33_NTZ/non_secure/port.c ****                 }
1412:Middlewares/Third_Party/FreeRTOS/Source/portable/GCC/ARM_CM33_NTZ/non_secure/port.c ****             }
1413:Middlewares/Third_Party/FreeRTOS/Source/portable/GCC/ARM_CM33_NTZ/non_secure/port.c ****             #else /* if ( ( configENABLE_FPU == 1 ) || ( configENABLE_MVE == 1 ) ) */
1414:Middlewares/Third_Party/FreeRTOS/Source/portable/GCC/ARM_CM33_NTZ/non_secure/port.c ****             {
1415:Middlewares/Third_Party/FreeRTOS/Source/portable/GCC/ARM_CM33_NTZ/non_secure/port.c ****                 ulStackFrameSize = 8;
1416:Middlewares/Third_Party/FreeRTOS/Source/portable/GCC/ARM_CM33_NTZ/non_secure/port.c ****             }
1417:Middlewares/Third_Party/FreeRTOS/Source/portable/GCC/ARM_CM33_NTZ/non_secure/port.c ****             #endif /* configENABLE_FPU || configENABLE_MVE */
1418:Middlewares/Third_Party/FreeRTOS/Source/portable/GCC/ARM_CM33_NTZ/non_secure/port.c **** 
1419:Middlewares/Third_Party/FreeRTOS/Source/portable/GCC/ARM_CM33_NTZ/non_secure/port.c ****             /* Make space on the task stack for the stack frame. */
1420:Middlewares/Third_Party/FreeRTOS/Source/portable/GCC/ARM_CM33_NTZ/non_secure/port.c ****             pulTaskStack = pulTaskStack - ulStackFrameSize;
1421:Middlewares/Third_Party/FreeRTOS/Source/portable/GCC/ARM_CM33_NTZ/non_secure/port.c **** 
1422:Middlewares/Third_Party/FreeRTOS/Source/portable/GCC/ARM_CM33_NTZ/non_secure/port.c ****             /* Copy the stack frame. */
1423:Middlewares/Third_Party/FreeRTOS/Source/portable/GCC/ARM_CM33_NTZ/non_secure/port.c ****             for( i = 0; i < ulStackFrameSize; i++ )
1424:Middlewares/Third_Party/FreeRTOS/Source/portable/GCC/ARM_CM33_NTZ/non_secure/port.c ****             {
1425:Middlewares/Third_Party/FreeRTOS/Source/portable/GCC/ARM_CM33_NTZ/non_secure/port.c ****                 pulTaskStack[ i ] = pulSystemCallStack[ i ];
1426:Middlewares/Third_Party/FreeRTOS/Source/portable/GCC/ARM_CM33_NTZ/non_secure/port.c ****             }
1427:Middlewares/Third_Party/FreeRTOS/Source/portable/GCC/ARM_CM33_NTZ/non_secure/port.c **** 
1428:Middlewares/Third_Party/FreeRTOS/Source/portable/GCC/ARM_CM33_NTZ/non_secure/port.c ****             /* Use the pulTaskStack in thread mode. */
1429:Middlewares/Third_Party/FreeRTOS/Source/portable/GCC/ARM_CM33_NTZ/non_secure/port.c ****             __asm volatile ( "msr psp, %0" : : "r" ( pulTaskStack ) );
1430:Middlewares/Third_Party/FreeRTOS/Source/portable/GCC/ARM_CM33_NTZ/non_secure/port.c **** 
1431:Middlewares/Third_Party/FreeRTOS/Source/portable/GCC/ARM_CM33_NTZ/non_secure/port.c ****             /* Return to the caller of the System Call entry point (i.e. the
1432:Middlewares/Third_Party/FreeRTOS/Source/portable/GCC/ARM_CM33_NTZ/non_secure/port.c ****              * caller of the MPU_<API>). */
1433:Middlewares/Third_Party/FreeRTOS/Source/portable/GCC/ARM_CM33_NTZ/non_secure/port.c ****             pulTaskStack[ portOFFSET_TO_PC ] = pxMpuSettings->xSystemCallStackInfo.ulLinkRegisterAt
1434:Middlewares/Third_Party/FreeRTOS/Source/portable/GCC/ARM_CM33_NTZ/non_secure/port.c ****             /* Ensure that LR has a valid value.*/
1435:Middlewares/Third_Party/FreeRTOS/Source/portable/GCC/ARM_CM33_NTZ/non_secure/port.c ****             pulTaskStack[ portOFFSET_TO_LR ] = pxMpuSettings->xSystemCallStackInfo.ulLinkRegisterAt
1436:Middlewares/Third_Party/FreeRTOS/Source/portable/GCC/ARM_CM33_NTZ/non_secure/port.c **** 
1437:Middlewares/Third_Party/FreeRTOS/Source/portable/GCC/ARM_CM33_NTZ/non_secure/port.c ****             /* Restore the PSPLIM register to what it was at the time of
1438:Middlewares/Third_Party/FreeRTOS/Source/portable/GCC/ARM_CM33_NTZ/non_secure/port.c ****              * system call entry. */
ARM GAS  /tmp/ccroD92D.s 			page 33


1439:Middlewares/Third_Party/FreeRTOS/Source/portable/GCC/ARM_CM33_NTZ/non_secure/port.c ****             #if ( portUSE_PSPLIM_REGISTER == 1 )
1440:Middlewares/Third_Party/FreeRTOS/Source/portable/GCC/ARM_CM33_NTZ/non_secure/port.c ****             {
1441:Middlewares/Third_Party/FreeRTOS/Source/portable/GCC/ARM_CM33_NTZ/non_secure/port.c ****                 __asm volatile ( "msr psplim, %0" : : "r" ( pxMpuSettings->xSystemCallStackInfo.ulS
1442:Middlewares/Third_Party/FreeRTOS/Source/portable/GCC/ARM_CM33_NTZ/non_secure/port.c ****             }
1443:Middlewares/Third_Party/FreeRTOS/Source/portable/GCC/ARM_CM33_NTZ/non_secure/port.c ****             #endif
1444:Middlewares/Third_Party/FreeRTOS/Source/portable/GCC/ARM_CM33_NTZ/non_secure/port.c **** 
1445:Middlewares/Third_Party/FreeRTOS/Source/portable/GCC/ARM_CM33_NTZ/non_secure/port.c ****             /* If the hardware used padding to force the stack pointer
1446:Middlewares/Third_Party/FreeRTOS/Source/portable/GCC/ARM_CM33_NTZ/non_secure/port.c ****              * to be double word aligned, set the stacked xPSR bit[9],
1447:Middlewares/Third_Party/FreeRTOS/Source/portable/GCC/ARM_CM33_NTZ/non_secure/port.c ****              * otherwise clear it. */
1448:Middlewares/Third_Party/FreeRTOS/Source/portable/GCC/ARM_CM33_NTZ/non_secure/port.c ****             if( ( pxMpuSettings->ulTaskFlags & portSTACK_FRAME_HAS_PADDING_FLAG ) == portSTACK_FRAM
1449:Middlewares/Third_Party/FreeRTOS/Source/portable/GCC/ARM_CM33_NTZ/non_secure/port.c ****             {
1450:Middlewares/Third_Party/FreeRTOS/Source/portable/GCC/ARM_CM33_NTZ/non_secure/port.c ****                 pulTaskStack[ portOFFSET_TO_PSR ] |= portPSR_STACK_PADDING_MASK;
1451:Middlewares/Third_Party/FreeRTOS/Source/portable/GCC/ARM_CM33_NTZ/non_secure/port.c ****             }
1452:Middlewares/Third_Party/FreeRTOS/Source/portable/GCC/ARM_CM33_NTZ/non_secure/port.c ****             else
1453:Middlewares/Third_Party/FreeRTOS/Source/portable/GCC/ARM_CM33_NTZ/non_secure/port.c ****             {
1454:Middlewares/Third_Party/FreeRTOS/Source/portable/GCC/ARM_CM33_NTZ/non_secure/port.c ****                 pulTaskStack[ portOFFSET_TO_PSR ] &= ( ~portPSR_STACK_PADDING_MASK );
1455:Middlewares/Third_Party/FreeRTOS/Source/portable/GCC/ARM_CM33_NTZ/non_secure/port.c ****             }
1456:Middlewares/Third_Party/FreeRTOS/Source/portable/GCC/ARM_CM33_NTZ/non_secure/port.c **** 
1457:Middlewares/Third_Party/FreeRTOS/Source/portable/GCC/ARM_CM33_NTZ/non_secure/port.c ****             /* This is not NULL only for the duration of the system call. */
1458:Middlewares/Third_Party/FreeRTOS/Source/portable/GCC/ARM_CM33_NTZ/non_secure/port.c ****             pxMpuSettings->xSystemCallStackInfo.pulTaskStack = NULL;
1459:Middlewares/Third_Party/FreeRTOS/Source/portable/GCC/ARM_CM33_NTZ/non_secure/port.c **** 
1460:Middlewares/Third_Party/FreeRTOS/Source/portable/GCC/ARM_CM33_NTZ/non_secure/port.c ****             /* Drop the privilege before returning to the thread mode. */
1461:Middlewares/Third_Party/FreeRTOS/Source/portable/GCC/ARM_CM33_NTZ/non_secure/port.c ****             __asm volatile (
1462:Middlewares/Third_Party/FreeRTOS/Source/portable/GCC/ARM_CM33_NTZ/non_secure/port.c ****                 " mrs r0, control     \n" /* Obtain current control value. */
1463:Middlewares/Third_Party/FreeRTOS/Source/portable/GCC/ARM_CM33_NTZ/non_secure/port.c ****                 " movs r1, #1         \n" /* r1 = 1. */
1464:Middlewares/Third_Party/FreeRTOS/Source/portable/GCC/ARM_CM33_NTZ/non_secure/port.c ****                 " orrs r0, r1         \n" /* Set nPRIV bit. */
1465:Middlewares/Third_Party/FreeRTOS/Source/portable/GCC/ARM_CM33_NTZ/non_secure/port.c ****                 " msr control, r0     \n" /* Write back new control value. */
1466:Middlewares/Third_Party/FreeRTOS/Source/portable/GCC/ARM_CM33_NTZ/non_secure/port.c ****                 ::: "r0", "r1", "memory"
1467:Middlewares/Third_Party/FreeRTOS/Source/portable/GCC/ARM_CM33_NTZ/non_secure/port.c ****                 );
1468:Middlewares/Third_Party/FreeRTOS/Source/portable/GCC/ARM_CM33_NTZ/non_secure/port.c ****         }
1469:Middlewares/Third_Party/FreeRTOS/Source/portable/GCC/ARM_CM33_NTZ/non_secure/port.c ****     }
1470:Middlewares/Third_Party/FreeRTOS/Source/portable/GCC/ARM_CM33_NTZ/non_secure/port.c **** 
1471:Middlewares/Third_Party/FreeRTOS/Source/portable/GCC/ARM_CM33_NTZ/non_secure/port.c **** #endif /* ( configENABLE_MPU == 1 ) && ( configUSE_MPU_WRAPPERS_V1 == 0 ) */
1472:Middlewares/Third_Party/FreeRTOS/Source/portable/GCC/ARM_CM33_NTZ/non_secure/port.c **** /*-----------------------------------------------------------*/
1473:Middlewares/Third_Party/FreeRTOS/Source/portable/GCC/ARM_CM33_NTZ/non_secure/port.c **** 
1474:Middlewares/Third_Party/FreeRTOS/Source/portable/GCC/ARM_CM33_NTZ/non_secure/port.c **** #if ( configENABLE_MPU == 1 )
1475:Middlewares/Third_Party/FreeRTOS/Source/portable/GCC/ARM_CM33_NTZ/non_secure/port.c **** 
1476:Middlewares/Third_Party/FreeRTOS/Source/portable/GCC/ARM_CM33_NTZ/non_secure/port.c ****     BaseType_t xPortIsTaskPrivileged( void ) /* PRIVILEGED_FUNCTION */
1477:Middlewares/Third_Party/FreeRTOS/Source/portable/GCC/ARM_CM33_NTZ/non_secure/port.c ****     {
1478:Middlewares/Third_Party/FreeRTOS/Source/portable/GCC/ARM_CM33_NTZ/non_secure/port.c ****         BaseType_t xTaskIsPrivileged = pdFALSE;
1479:Middlewares/Third_Party/FreeRTOS/Source/portable/GCC/ARM_CM33_NTZ/non_secure/port.c ****         const xMPU_SETTINGS * xTaskMpuSettings = xTaskGetMPUSettings( NULL ); /* Calling task's MPU
1480:Middlewares/Third_Party/FreeRTOS/Source/portable/GCC/ARM_CM33_NTZ/non_secure/port.c **** 
1481:Middlewares/Third_Party/FreeRTOS/Source/portable/GCC/ARM_CM33_NTZ/non_secure/port.c ****         if( ( xTaskMpuSettings->ulTaskFlags & portTASK_IS_PRIVILEGED_FLAG ) == portTASK_IS_PRIVILEG
1482:Middlewares/Third_Party/FreeRTOS/Source/portable/GCC/ARM_CM33_NTZ/non_secure/port.c ****         {
1483:Middlewares/Third_Party/FreeRTOS/Source/portable/GCC/ARM_CM33_NTZ/non_secure/port.c ****             xTaskIsPrivileged = pdTRUE;
1484:Middlewares/Third_Party/FreeRTOS/Source/portable/GCC/ARM_CM33_NTZ/non_secure/port.c ****         }
1485:Middlewares/Third_Party/FreeRTOS/Source/portable/GCC/ARM_CM33_NTZ/non_secure/port.c **** 
1486:Middlewares/Third_Party/FreeRTOS/Source/portable/GCC/ARM_CM33_NTZ/non_secure/port.c ****         return xTaskIsPrivileged;
1487:Middlewares/Third_Party/FreeRTOS/Source/portable/GCC/ARM_CM33_NTZ/non_secure/port.c ****     }
1488:Middlewares/Third_Party/FreeRTOS/Source/portable/GCC/ARM_CM33_NTZ/non_secure/port.c **** 
1489:Middlewares/Third_Party/FreeRTOS/Source/portable/GCC/ARM_CM33_NTZ/non_secure/port.c **** #endif /* configENABLE_MPU == 1 */
1490:Middlewares/Third_Party/FreeRTOS/Source/portable/GCC/ARM_CM33_NTZ/non_secure/port.c **** /*-----------------------------------------------------------*/
1491:Middlewares/Third_Party/FreeRTOS/Source/portable/GCC/ARM_CM33_NTZ/non_secure/port.c **** 
1492:Middlewares/Third_Party/FreeRTOS/Source/portable/GCC/ARM_CM33_NTZ/non_secure/port.c **** #if ( configENABLE_MPU == 1 )
1493:Middlewares/Third_Party/FreeRTOS/Source/portable/GCC/ARM_CM33_NTZ/non_secure/port.c **** 
1494:Middlewares/Third_Party/FreeRTOS/Source/portable/GCC/ARM_CM33_NTZ/non_secure/port.c ****     StackType_t * pxPortInitialiseStack( StackType_t * pxTopOfStack,
1495:Middlewares/Third_Party/FreeRTOS/Source/portable/GCC/ARM_CM33_NTZ/non_secure/port.c ****                                          StackType_t * pxEndOfStack,
ARM GAS  /tmp/ccroD92D.s 			page 34


1496:Middlewares/Third_Party/FreeRTOS/Source/portable/GCC/ARM_CM33_NTZ/non_secure/port.c ****                                          TaskFunction_t pxCode,
1497:Middlewares/Third_Party/FreeRTOS/Source/portable/GCC/ARM_CM33_NTZ/non_secure/port.c ****                                          void * pvParameters,
1498:Middlewares/Third_Party/FreeRTOS/Source/portable/GCC/ARM_CM33_NTZ/non_secure/port.c ****                                          BaseType_t xRunPrivileged,
1499:Middlewares/Third_Party/FreeRTOS/Source/portable/GCC/ARM_CM33_NTZ/non_secure/port.c ****                                          xMPU_SETTINGS * xMPUSettings ) /* PRIVILEGED_FUNCTION */
1500:Middlewares/Third_Party/FreeRTOS/Source/portable/GCC/ARM_CM33_NTZ/non_secure/port.c ****     {
1501:Middlewares/Third_Party/FreeRTOS/Source/portable/GCC/ARM_CM33_NTZ/non_secure/port.c ****         uint32_t ulIndex = 0;
1502:Middlewares/Third_Party/FreeRTOS/Source/portable/GCC/ARM_CM33_NTZ/non_secure/port.c ****         uint32_t ulControl = 0x0;
1503:Middlewares/Third_Party/FreeRTOS/Source/portable/GCC/ARM_CM33_NTZ/non_secure/port.c **** 
1504:Middlewares/Third_Party/FreeRTOS/Source/portable/GCC/ARM_CM33_NTZ/non_secure/port.c ****         xMPUSettings->ulContext[ ulIndex ] = 0x04040404; /* r4. */
1505:Middlewares/Third_Party/FreeRTOS/Source/portable/GCC/ARM_CM33_NTZ/non_secure/port.c ****         ulIndex++;
1506:Middlewares/Third_Party/FreeRTOS/Source/portable/GCC/ARM_CM33_NTZ/non_secure/port.c ****         xMPUSettings->ulContext[ ulIndex ] = 0x05050505; /* r5. */
1507:Middlewares/Third_Party/FreeRTOS/Source/portable/GCC/ARM_CM33_NTZ/non_secure/port.c ****         ulIndex++;
1508:Middlewares/Third_Party/FreeRTOS/Source/portable/GCC/ARM_CM33_NTZ/non_secure/port.c ****         xMPUSettings->ulContext[ ulIndex ] = 0x06060606; /* r6. */
1509:Middlewares/Third_Party/FreeRTOS/Source/portable/GCC/ARM_CM33_NTZ/non_secure/port.c ****         ulIndex++;
1510:Middlewares/Third_Party/FreeRTOS/Source/portable/GCC/ARM_CM33_NTZ/non_secure/port.c ****         xMPUSettings->ulContext[ ulIndex ] = 0x07070707; /* r7. */
1511:Middlewares/Third_Party/FreeRTOS/Source/portable/GCC/ARM_CM33_NTZ/non_secure/port.c ****         ulIndex++;
1512:Middlewares/Third_Party/FreeRTOS/Source/portable/GCC/ARM_CM33_NTZ/non_secure/port.c ****         xMPUSettings->ulContext[ ulIndex ] = 0x08080808; /* r8. */
1513:Middlewares/Third_Party/FreeRTOS/Source/portable/GCC/ARM_CM33_NTZ/non_secure/port.c ****         ulIndex++;
1514:Middlewares/Third_Party/FreeRTOS/Source/portable/GCC/ARM_CM33_NTZ/non_secure/port.c ****         xMPUSettings->ulContext[ ulIndex ] = 0x09090909; /* r9. */
1515:Middlewares/Third_Party/FreeRTOS/Source/portable/GCC/ARM_CM33_NTZ/non_secure/port.c ****         ulIndex++;
1516:Middlewares/Third_Party/FreeRTOS/Source/portable/GCC/ARM_CM33_NTZ/non_secure/port.c ****         xMPUSettings->ulContext[ ulIndex ] = 0x10101010; /* r10. */
1517:Middlewares/Third_Party/FreeRTOS/Source/portable/GCC/ARM_CM33_NTZ/non_secure/port.c ****         ulIndex++;
1518:Middlewares/Third_Party/FreeRTOS/Source/portable/GCC/ARM_CM33_NTZ/non_secure/port.c ****         xMPUSettings->ulContext[ ulIndex ] = 0x11111111; /* r11. */
1519:Middlewares/Third_Party/FreeRTOS/Source/portable/GCC/ARM_CM33_NTZ/non_secure/port.c ****         ulIndex++;
1520:Middlewares/Third_Party/FreeRTOS/Source/portable/GCC/ARM_CM33_NTZ/non_secure/port.c **** 
1521:Middlewares/Third_Party/FreeRTOS/Source/portable/GCC/ARM_CM33_NTZ/non_secure/port.c ****         xMPUSettings->ulContext[ ulIndex ] = ( uint32_t ) pvParameters;            /* r0. */
1522:Middlewares/Third_Party/FreeRTOS/Source/portable/GCC/ARM_CM33_NTZ/non_secure/port.c ****         ulIndex++;
1523:Middlewares/Third_Party/FreeRTOS/Source/portable/GCC/ARM_CM33_NTZ/non_secure/port.c ****         xMPUSettings->ulContext[ ulIndex ] = 0x01010101;                           /* r1. */
1524:Middlewares/Third_Party/FreeRTOS/Source/portable/GCC/ARM_CM33_NTZ/non_secure/port.c ****         ulIndex++;
1525:Middlewares/Third_Party/FreeRTOS/Source/portable/GCC/ARM_CM33_NTZ/non_secure/port.c ****         xMPUSettings->ulContext[ ulIndex ] = 0x02020202;                           /* r2. */
1526:Middlewares/Third_Party/FreeRTOS/Source/portable/GCC/ARM_CM33_NTZ/non_secure/port.c ****         ulIndex++;
1527:Middlewares/Third_Party/FreeRTOS/Source/portable/GCC/ARM_CM33_NTZ/non_secure/port.c ****         xMPUSettings->ulContext[ ulIndex ] = 0x03030303;                           /* r3. */
1528:Middlewares/Third_Party/FreeRTOS/Source/portable/GCC/ARM_CM33_NTZ/non_secure/port.c ****         ulIndex++;
1529:Middlewares/Third_Party/FreeRTOS/Source/portable/GCC/ARM_CM33_NTZ/non_secure/port.c ****         xMPUSettings->ulContext[ ulIndex ] = 0x12121212;                           /* r12. */
1530:Middlewares/Third_Party/FreeRTOS/Source/portable/GCC/ARM_CM33_NTZ/non_secure/port.c ****         ulIndex++;
1531:Middlewares/Third_Party/FreeRTOS/Source/portable/GCC/ARM_CM33_NTZ/non_secure/port.c ****         xMPUSettings->ulContext[ ulIndex ] = ( uint32_t ) portTASK_RETURN_ADDRESS; /* LR. */
1532:Middlewares/Third_Party/FreeRTOS/Source/portable/GCC/ARM_CM33_NTZ/non_secure/port.c ****         ulIndex++;
1533:Middlewares/Third_Party/FreeRTOS/Source/portable/GCC/ARM_CM33_NTZ/non_secure/port.c ****         xMPUSettings->ulContext[ ulIndex ] = ( uint32_t ) pxCode;                  /* PC. */
1534:Middlewares/Third_Party/FreeRTOS/Source/portable/GCC/ARM_CM33_NTZ/non_secure/port.c ****         ulIndex++;
1535:Middlewares/Third_Party/FreeRTOS/Source/portable/GCC/ARM_CM33_NTZ/non_secure/port.c ****         xMPUSettings->ulContext[ ulIndex ] = portINITIAL_XPSR;                     /* xPSR. */
1536:Middlewares/Third_Party/FreeRTOS/Source/portable/GCC/ARM_CM33_NTZ/non_secure/port.c ****         ulIndex++;
1537:Middlewares/Third_Party/FreeRTOS/Source/portable/GCC/ARM_CM33_NTZ/non_secure/port.c **** 
1538:Middlewares/Third_Party/FreeRTOS/Source/portable/GCC/ARM_CM33_NTZ/non_secure/port.c ****         #if ( configENABLE_TRUSTZONE == 1 )
1539:Middlewares/Third_Party/FreeRTOS/Source/portable/GCC/ARM_CM33_NTZ/non_secure/port.c ****         {
1540:Middlewares/Third_Party/FreeRTOS/Source/portable/GCC/ARM_CM33_NTZ/non_secure/port.c ****             xMPUSettings->ulContext[ ulIndex ] = portNO_SECURE_CONTEXT; /* xSecureContext. */
1541:Middlewares/Third_Party/FreeRTOS/Source/portable/GCC/ARM_CM33_NTZ/non_secure/port.c ****             ulIndex++;
1542:Middlewares/Third_Party/FreeRTOS/Source/portable/GCC/ARM_CM33_NTZ/non_secure/port.c ****         }
1543:Middlewares/Third_Party/FreeRTOS/Source/portable/GCC/ARM_CM33_NTZ/non_secure/port.c ****         #endif /* configENABLE_TRUSTZONE */
1544:Middlewares/Third_Party/FreeRTOS/Source/portable/GCC/ARM_CM33_NTZ/non_secure/port.c ****         xMPUSettings->ulContext[ ulIndex ] = ( uint32_t ) ( pxTopOfStack - 8 ); /* PSP with the har
1545:Middlewares/Third_Party/FreeRTOS/Source/portable/GCC/ARM_CM33_NTZ/non_secure/port.c ****         ulIndex++;
1546:Middlewares/Third_Party/FreeRTOS/Source/portable/GCC/ARM_CM33_NTZ/non_secure/port.c ****         xMPUSettings->ulContext[ ulIndex ] = ( uint32_t ) pxEndOfStack;         /* PSPLIM. */
1547:Middlewares/Third_Party/FreeRTOS/Source/portable/GCC/ARM_CM33_NTZ/non_secure/port.c ****         ulIndex++;
1548:Middlewares/Third_Party/FreeRTOS/Source/portable/GCC/ARM_CM33_NTZ/non_secure/port.c **** 
1549:Middlewares/Third_Party/FreeRTOS/Source/portable/GCC/ARM_CM33_NTZ/non_secure/port.c ****         #if ( ( configENABLE_PAC == 1 ) || ( configENABLE_BTI == 1 ) )
1550:Middlewares/Third_Party/FreeRTOS/Source/portable/GCC/ARM_CM33_NTZ/non_secure/port.c ****         {
1551:Middlewares/Third_Party/FreeRTOS/Source/portable/GCC/ARM_CM33_NTZ/non_secure/port.c ****             /* Check PACBTI security feature configuration before pushing the
1552:Middlewares/Third_Party/FreeRTOS/Source/portable/GCC/ARM_CM33_NTZ/non_secure/port.c ****              * CONTROL register's value on task's TCB. */
ARM GAS  /tmp/ccroD92D.s 			page 35


1553:Middlewares/Third_Party/FreeRTOS/Source/portable/GCC/ARM_CM33_NTZ/non_secure/port.c ****             ulControl = prvConfigurePACBTI( pdFALSE );
1554:Middlewares/Third_Party/FreeRTOS/Source/portable/GCC/ARM_CM33_NTZ/non_secure/port.c ****         }
1555:Middlewares/Third_Party/FreeRTOS/Source/portable/GCC/ARM_CM33_NTZ/non_secure/port.c ****         #endif /* configENABLE_PAC == 1 || configENABLE_BTI == 1 */
1556:Middlewares/Third_Party/FreeRTOS/Source/portable/GCC/ARM_CM33_NTZ/non_secure/port.c **** 
1557:Middlewares/Third_Party/FreeRTOS/Source/portable/GCC/ARM_CM33_NTZ/non_secure/port.c ****         if( xRunPrivileged == pdTRUE )
1558:Middlewares/Third_Party/FreeRTOS/Source/portable/GCC/ARM_CM33_NTZ/non_secure/port.c ****         {
1559:Middlewares/Third_Party/FreeRTOS/Source/portable/GCC/ARM_CM33_NTZ/non_secure/port.c ****             xMPUSettings->ulTaskFlags |= portTASK_IS_PRIVILEGED_FLAG;
1560:Middlewares/Third_Party/FreeRTOS/Source/portable/GCC/ARM_CM33_NTZ/non_secure/port.c ****             xMPUSettings->ulContext[ ulIndex ] = ( ulControl | ( uint32_t ) portINITIAL_CONTROL_PRI
1561:Middlewares/Third_Party/FreeRTOS/Source/portable/GCC/ARM_CM33_NTZ/non_secure/port.c ****             ulIndex++;
1562:Middlewares/Third_Party/FreeRTOS/Source/portable/GCC/ARM_CM33_NTZ/non_secure/port.c ****         }
1563:Middlewares/Third_Party/FreeRTOS/Source/portable/GCC/ARM_CM33_NTZ/non_secure/port.c ****         else
1564:Middlewares/Third_Party/FreeRTOS/Source/portable/GCC/ARM_CM33_NTZ/non_secure/port.c ****         {
1565:Middlewares/Third_Party/FreeRTOS/Source/portable/GCC/ARM_CM33_NTZ/non_secure/port.c ****             xMPUSettings->ulTaskFlags &= ( ~portTASK_IS_PRIVILEGED_FLAG );
1566:Middlewares/Third_Party/FreeRTOS/Source/portable/GCC/ARM_CM33_NTZ/non_secure/port.c ****             xMPUSettings->ulContext[ ulIndex ] = ( ulControl | ( uint32_t ) portINITIAL_CONTROL_UNP
1567:Middlewares/Third_Party/FreeRTOS/Source/portable/GCC/ARM_CM33_NTZ/non_secure/port.c ****             ulIndex++;
1568:Middlewares/Third_Party/FreeRTOS/Source/portable/GCC/ARM_CM33_NTZ/non_secure/port.c ****         }
1569:Middlewares/Third_Party/FreeRTOS/Source/portable/GCC/ARM_CM33_NTZ/non_secure/port.c **** 
1570:Middlewares/Third_Party/FreeRTOS/Source/portable/GCC/ARM_CM33_NTZ/non_secure/port.c ****         xMPUSettings->ulContext[ ulIndex ] = portINITIAL_EXC_RETURN; /* LR (EXC_RETURN). */
1571:Middlewares/Third_Party/FreeRTOS/Source/portable/GCC/ARM_CM33_NTZ/non_secure/port.c ****         ulIndex++;
1572:Middlewares/Third_Party/FreeRTOS/Source/portable/GCC/ARM_CM33_NTZ/non_secure/port.c **** 
1573:Middlewares/Third_Party/FreeRTOS/Source/portable/GCC/ARM_CM33_NTZ/non_secure/port.c ****         #if ( configUSE_MPU_WRAPPERS_V1 == 0 )
1574:Middlewares/Third_Party/FreeRTOS/Source/portable/GCC/ARM_CM33_NTZ/non_secure/port.c ****         {
1575:Middlewares/Third_Party/FreeRTOS/Source/portable/GCC/ARM_CM33_NTZ/non_secure/port.c ****             /* Ensure that the system call stack is double word aligned. */
1576:Middlewares/Third_Party/FreeRTOS/Source/portable/GCC/ARM_CM33_NTZ/non_secure/port.c ****             xMPUSettings->xSystemCallStackInfo.pulSystemCallStack = &( xMPUSettings->xSystemCallSta
1577:Middlewares/Third_Party/FreeRTOS/Source/portable/GCC/ARM_CM33_NTZ/non_secure/port.c ****             xMPUSettings->xSystemCallStackInfo.pulSystemCallStack = ( uint32_t * ) ( ( uint32_t ) (
1578:Middlewares/Third_Party/FreeRTOS/Source/portable/GCC/ARM_CM33_NTZ/non_secure/port.c ****                                                                                      ( uint32_t ) (
1579:Middlewares/Third_Party/FreeRTOS/Source/portable/GCC/ARM_CM33_NTZ/non_secure/port.c **** 
1580:Middlewares/Third_Party/FreeRTOS/Source/portable/GCC/ARM_CM33_NTZ/non_secure/port.c ****             xMPUSettings->xSystemCallStackInfo.pulSystemCallStackLimit = &( xMPUSettings->xSystemCa
1581:Middlewares/Third_Party/FreeRTOS/Source/portable/GCC/ARM_CM33_NTZ/non_secure/port.c ****             xMPUSettings->xSystemCallStackInfo.pulSystemCallStackLimit = ( uint32_t * ) ( ( ( uint3
1582:Middlewares/Third_Party/FreeRTOS/Source/portable/GCC/ARM_CM33_NTZ/non_secure/port.c ****                                                                                             ( uint3
1583:Middlewares/Third_Party/FreeRTOS/Source/portable/GCC/ARM_CM33_NTZ/non_secure/port.c ****                                                                                           ( uint32_
1584:Middlewares/Third_Party/FreeRTOS/Source/portable/GCC/ARM_CM33_NTZ/non_secure/port.c **** 
1585:Middlewares/Third_Party/FreeRTOS/Source/portable/GCC/ARM_CM33_NTZ/non_secure/port.c ****             /* This is not NULL only for the duration of a system call. */
1586:Middlewares/Third_Party/FreeRTOS/Source/portable/GCC/ARM_CM33_NTZ/non_secure/port.c ****             xMPUSettings->xSystemCallStackInfo.pulTaskStack = NULL;
1587:Middlewares/Third_Party/FreeRTOS/Source/portable/GCC/ARM_CM33_NTZ/non_secure/port.c ****         }
1588:Middlewares/Third_Party/FreeRTOS/Source/portable/GCC/ARM_CM33_NTZ/non_secure/port.c ****         #endif /* configUSE_MPU_WRAPPERS_V1 == 0 */
1589:Middlewares/Third_Party/FreeRTOS/Source/portable/GCC/ARM_CM33_NTZ/non_secure/port.c **** 
1590:Middlewares/Third_Party/FreeRTOS/Source/portable/GCC/ARM_CM33_NTZ/non_secure/port.c ****         #if ( configENABLE_PAC == 1 )
1591:Middlewares/Third_Party/FreeRTOS/Source/portable/GCC/ARM_CM33_NTZ/non_secure/port.c ****         {
1592:Middlewares/Third_Party/FreeRTOS/Source/portable/GCC/ARM_CM33_NTZ/non_secure/port.c ****             uint32_t ulTaskPacKey[ 4 ], i;
1593:Middlewares/Third_Party/FreeRTOS/Source/portable/GCC/ARM_CM33_NTZ/non_secure/port.c **** 
1594:Middlewares/Third_Party/FreeRTOS/Source/portable/GCC/ARM_CM33_NTZ/non_secure/port.c ****             vApplicationGenerateTaskRandomPacKey( &( ulTaskPacKey[ 0 ] ) );
1595:Middlewares/Third_Party/FreeRTOS/Source/portable/GCC/ARM_CM33_NTZ/non_secure/port.c **** 
1596:Middlewares/Third_Party/FreeRTOS/Source/portable/GCC/ARM_CM33_NTZ/non_secure/port.c ****             for( i = 0; i < 4; i++ )
1597:Middlewares/Third_Party/FreeRTOS/Source/portable/GCC/ARM_CM33_NTZ/non_secure/port.c ****             {
1598:Middlewares/Third_Party/FreeRTOS/Source/portable/GCC/ARM_CM33_NTZ/non_secure/port.c ****                 xMPUSettings->ulContext[ ulIndex ] = ulTaskPacKey[ i ];
1599:Middlewares/Third_Party/FreeRTOS/Source/portable/GCC/ARM_CM33_NTZ/non_secure/port.c ****                 ulIndex++;
1600:Middlewares/Third_Party/FreeRTOS/Source/portable/GCC/ARM_CM33_NTZ/non_secure/port.c ****             }
1601:Middlewares/Third_Party/FreeRTOS/Source/portable/GCC/ARM_CM33_NTZ/non_secure/port.c ****         }
1602:Middlewares/Third_Party/FreeRTOS/Source/portable/GCC/ARM_CM33_NTZ/non_secure/port.c ****         #endif /* configENABLE_PAC */
1603:Middlewares/Third_Party/FreeRTOS/Source/portable/GCC/ARM_CM33_NTZ/non_secure/port.c **** 
1604:Middlewares/Third_Party/FreeRTOS/Source/portable/GCC/ARM_CM33_NTZ/non_secure/port.c ****         return &( xMPUSettings->ulContext[ ulIndex ] );
1605:Middlewares/Third_Party/FreeRTOS/Source/portable/GCC/ARM_CM33_NTZ/non_secure/port.c ****     }
1606:Middlewares/Third_Party/FreeRTOS/Source/portable/GCC/ARM_CM33_NTZ/non_secure/port.c **** 
1607:Middlewares/Third_Party/FreeRTOS/Source/portable/GCC/ARM_CM33_NTZ/non_secure/port.c **** #else /* configENABLE_MPU */
1608:Middlewares/Third_Party/FreeRTOS/Source/portable/GCC/ARM_CM33_NTZ/non_secure/port.c **** 
1609:Middlewares/Third_Party/FreeRTOS/Source/portable/GCC/ARM_CM33_NTZ/non_secure/port.c ****     StackType_t * pxPortInitialiseStack( StackType_t * pxTopOfStack,
ARM GAS  /tmp/ccroD92D.s 			page 36


1610:Middlewares/Third_Party/FreeRTOS/Source/portable/GCC/ARM_CM33_NTZ/non_secure/port.c ****                                          StackType_t * pxEndOfStack,
1611:Middlewares/Third_Party/FreeRTOS/Source/portable/GCC/ARM_CM33_NTZ/non_secure/port.c ****                                          TaskFunction_t pxCode,
1612:Middlewares/Third_Party/FreeRTOS/Source/portable/GCC/ARM_CM33_NTZ/non_secure/port.c ****                                          void * pvParameters ) /* PRIVILEGED_FUNCTION */
1613:Middlewares/Third_Party/FreeRTOS/Source/portable/GCC/ARM_CM33_NTZ/non_secure/port.c ****     {
 383              		.loc 1 1613 5 is_stmt 1 view -0
 384              		.cfi_startproc
 385              		@ args = 0, pretend = 0, frame = 0
 386              		@ frame_needed = 0, uses_anonymous_args = 0
 387              		@ link register save eliminated.
 388              		.loc 1 1613 5 is_stmt 0 view .LVU85
 389 0000 10B4     		push	{r4}
 390              	.LCFI7:
 391              		.cfi_def_cfa_offset 4
 392              		.cfi_offset 4, -4
1614:Middlewares/Third_Party/FreeRTOS/Source/portable/GCC/ARM_CM33_NTZ/non_secure/port.c ****         /* Simulate the stack frame as it would be created by a context switch
1615:Middlewares/Third_Party/FreeRTOS/Source/portable/GCC/ARM_CM33_NTZ/non_secure/port.c ****          * interrupt. */
1616:Middlewares/Third_Party/FreeRTOS/Source/portable/GCC/ARM_CM33_NTZ/non_secure/port.c ****         #if ( portPRELOAD_REGISTERS == 0 )
1617:Middlewares/Third_Party/FreeRTOS/Source/portable/GCC/ARM_CM33_NTZ/non_secure/port.c ****         {
1618:Middlewares/Third_Party/FreeRTOS/Source/portable/GCC/ARM_CM33_NTZ/non_secure/port.c ****             pxTopOfStack--;                                          /* Offset added to account for
1619:Middlewares/Third_Party/FreeRTOS/Source/portable/GCC/ARM_CM33_NTZ/non_secure/port.c ****             *pxTopOfStack = portINITIAL_XPSR;                        /* xPSR. */
1620:Middlewares/Third_Party/FreeRTOS/Source/portable/GCC/ARM_CM33_NTZ/non_secure/port.c ****             pxTopOfStack--;
1621:Middlewares/Third_Party/FreeRTOS/Source/portable/GCC/ARM_CM33_NTZ/non_secure/port.c ****             *pxTopOfStack = ( StackType_t ) pxCode;                  /* PC. */
1622:Middlewares/Third_Party/FreeRTOS/Source/portable/GCC/ARM_CM33_NTZ/non_secure/port.c ****             pxTopOfStack--;
1623:Middlewares/Third_Party/FreeRTOS/Source/portable/GCC/ARM_CM33_NTZ/non_secure/port.c ****             *pxTopOfStack = ( StackType_t ) portTASK_RETURN_ADDRESS; /* LR. */
1624:Middlewares/Third_Party/FreeRTOS/Source/portable/GCC/ARM_CM33_NTZ/non_secure/port.c ****             pxTopOfStack -= 5;                                       /* R12, R3, R2 and R1. */
1625:Middlewares/Third_Party/FreeRTOS/Source/portable/GCC/ARM_CM33_NTZ/non_secure/port.c ****             *pxTopOfStack = ( StackType_t ) pvParameters;            /* R0. */
1626:Middlewares/Third_Party/FreeRTOS/Source/portable/GCC/ARM_CM33_NTZ/non_secure/port.c ****             pxTopOfStack -= 9;                                       /* R11..R4, EXC_RETURN. */
1627:Middlewares/Third_Party/FreeRTOS/Source/portable/GCC/ARM_CM33_NTZ/non_secure/port.c ****             *pxTopOfStack = portINITIAL_EXC_RETURN;
1628:Middlewares/Third_Party/FreeRTOS/Source/portable/GCC/ARM_CM33_NTZ/non_secure/port.c ****             pxTopOfStack--;
1629:Middlewares/Third_Party/FreeRTOS/Source/portable/GCC/ARM_CM33_NTZ/non_secure/port.c ****             *pxTopOfStack = ( StackType_t ) pxEndOfStack; /* Slot used to hold this task's PSPLIM v
1630:Middlewares/Third_Party/FreeRTOS/Source/portable/GCC/ARM_CM33_NTZ/non_secure/port.c **** 
1631:Middlewares/Third_Party/FreeRTOS/Source/portable/GCC/ARM_CM33_NTZ/non_secure/port.c ****             #if ( configENABLE_TRUSTZONE == 1 )
1632:Middlewares/Third_Party/FreeRTOS/Source/portable/GCC/ARM_CM33_NTZ/non_secure/port.c ****             {
1633:Middlewares/Third_Party/FreeRTOS/Source/portable/GCC/ARM_CM33_NTZ/non_secure/port.c ****                 pxTopOfStack--;
1634:Middlewares/Third_Party/FreeRTOS/Source/portable/GCC/ARM_CM33_NTZ/non_secure/port.c ****                 *pxTopOfStack = portNO_SECURE_CONTEXT; /* Slot used to hold this task's xSecureCont
1635:Middlewares/Third_Party/FreeRTOS/Source/portable/GCC/ARM_CM33_NTZ/non_secure/port.c ****             }
1636:Middlewares/Third_Party/FreeRTOS/Source/portable/GCC/ARM_CM33_NTZ/non_secure/port.c ****             #endif /* configENABLE_TRUSTZONE */
1637:Middlewares/Third_Party/FreeRTOS/Source/portable/GCC/ARM_CM33_NTZ/non_secure/port.c ****         }
1638:Middlewares/Third_Party/FreeRTOS/Source/portable/GCC/ARM_CM33_NTZ/non_secure/port.c ****         #else /* portPRELOAD_REGISTERS */
1639:Middlewares/Third_Party/FreeRTOS/Source/portable/GCC/ARM_CM33_NTZ/non_secure/port.c ****         {
1640:Middlewares/Third_Party/FreeRTOS/Source/portable/GCC/ARM_CM33_NTZ/non_secure/port.c ****             pxTopOfStack--;                                          /* Offset added to account for
 393              		.loc 1 1640 13 is_stmt 1 view .LVU86
 394              	.LVL16:
1641:Middlewares/Third_Party/FreeRTOS/Source/portable/GCC/ARM_CM33_NTZ/non_secure/port.c ****             *pxTopOfStack = portINITIAL_XPSR;                        /* xPSR. */
 395              		.loc 1 1641 13 view .LVU87
 396              		.loc 1 1641 27 is_stmt 0 view .LVU88
 397 0002 4FF08074 		mov	r4, #16777216
 398 0006 40F8044C 		str	r4, [r0, #-4]
1642:Middlewares/Third_Party/FreeRTOS/Source/portable/GCC/ARM_CM33_NTZ/non_secure/port.c ****             pxTopOfStack--;
 399              		.loc 1 1642 13 is_stmt 1 view .LVU89
 400              	.LVL17:
1643:Middlewares/Third_Party/FreeRTOS/Source/portable/GCC/ARM_CM33_NTZ/non_secure/port.c ****             *pxTopOfStack = ( StackType_t ) pxCode;                  /* PC. */
 401              		.loc 1 1643 13 view .LVU90
 402              		.loc 1 1643 27 is_stmt 0 view .LVU91
 403 000a 40F8082C 		str	r2, [r0, #-8]
1644:Middlewares/Third_Party/FreeRTOS/Source/portable/GCC/ARM_CM33_NTZ/non_secure/port.c ****             pxTopOfStack--;
 404              		.loc 1 1644 13 is_stmt 1 view .LVU92
ARM GAS  /tmp/ccroD92D.s 			page 37


 405              	.LVL18:
1645:Middlewares/Third_Party/FreeRTOS/Source/portable/GCC/ARM_CM33_NTZ/non_secure/port.c ****             *pxTopOfStack = ( StackType_t ) portTASK_RETURN_ADDRESS; /* LR. */
 406              		.loc 1 1645 13 view .LVU93
 407              		.loc 1 1645 29 is_stmt 0 view .LVU94
 408 000e 1F4A     		ldr	r2, .L36
 409              	.LVL19:
 410              		.loc 1 1645 27 view .LVU95
 411 0010 40F80C2C 		str	r2, [r0, #-12]
1646:Middlewares/Third_Party/FreeRTOS/Source/portable/GCC/ARM_CM33_NTZ/non_secure/port.c ****             pxTopOfStack--;
 412              		.loc 1 1646 13 is_stmt 1 view .LVU96
 413              	.LVL20:
1647:Middlewares/Third_Party/FreeRTOS/Source/portable/GCC/ARM_CM33_NTZ/non_secure/port.c ****             *pxTopOfStack = ( StackType_t ) 0x12121212UL;            /* R12. */
 414              		.loc 1 1647 13 view .LVU97
 415              		.loc 1 1647 27 is_stmt 0 view .LVU98
 416 0014 4FF01232 		mov	r2, #303174162
 417 0018 40F8102C 		str	r2, [r0, #-16]
1648:Middlewares/Third_Party/FreeRTOS/Source/portable/GCC/ARM_CM33_NTZ/non_secure/port.c ****             pxTopOfStack--;
 418              		.loc 1 1648 13 is_stmt 1 view .LVU99
 419              	.LVL21:
1649:Middlewares/Third_Party/FreeRTOS/Source/portable/GCC/ARM_CM33_NTZ/non_secure/port.c ****             *pxTopOfStack = ( StackType_t ) 0x03030303UL;            /* R3. */
 420              		.loc 1 1649 13 view .LVU100
 421              		.loc 1 1649 27 is_stmt 0 view .LVU101
 422 001c 4FF00332 		mov	r2, #50529027
 423 0020 40F8142C 		str	r2, [r0, #-20]
1650:Middlewares/Third_Party/FreeRTOS/Source/portable/GCC/ARM_CM33_NTZ/non_secure/port.c ****             pxTopOfStack--;
 424              		.loc 1 1650 13 is_stmt 1 view .LVU102
 425              	.LVL22:
1651:Middlewares/Third_Party/FreeRTOS/Source/portable/GCC/ARM_CM33_NTZ/non_secure/port.c ****             *pxTopOfStack = ( StackType_t ) 0x02020202UL;            /* R2. */
 426              		.loc 1 1651 13 view .LVU103
 427              		.loc 1 1651 27 is_stmt 0 view .LVU104
 428 0024 4FF00232 		mov	r2, #33686018
 429 0028 40F8182C 		str	r2, [r0, #-24]
1652:Middlewares/Third_Party/FreeRTOS/Source/portable/GCC/ARM_CM33_NTZ/non_secure/port.c ****             pxTopOfStack--;
 430              		.loc 1 1652 13 is_stmt 1 view .LVU105
 431              	.LVL23:
1653:Middlewares/Third_Party/FreeRTOS/Source/portable/GCC/ARM_CM33_NTZ/non_secure/port.c ****             *pxTopOfStack = ( StackType_t ) 0x01010101UL;            /* R1. */
 432              		.loc 1 1653 13 view .LVU106
 433              		.loc 1 1653 27 is_stmt 0 view .LVU107
 434 002c 4FF00132 		mov	r2, #16843009
 435 0030 40F81C2C 		str	r2, [r0, #-28]
1654:Middlewares/Third_Party/FreeRTOS/Source/portable/GCC/ARM_CM33_NTZ/non_secure/port.c ****             pxTopOfStack--;
 436              		.loc 1 1654 13 is_stmt 1 view .LVU108
 437              	.LVL24:
1655:Middlewares/Third_Party/FreeRTOS/Source/portable/GCC/ARM_CM33_NTZ/non_secure/port.c ****             *pxTopOfStack = ( StackType_t ) pvParameters;            /* R0. */
 438              		.loc 1 1655 13 view .LVU109
 439              		.loc 1 1655 27 is_stmt 0 view .LVU110
 440 0034 40F8203C 		str	r3, [r0, #-32]
1656:Middlewares/Third_Party/FreeRTOS/Source/portable/GCC/ARM_CM33_NTZ/non_secure/port.c ****             pxTopOfStack--;
 441              		.loc 1 1656 13 is_stmt 1 view .LVU111
 442              	.LVL25:
1657:Middlewares/Third_Party/FreeRTOS/Source/portable/GCC/ARM_CM33_NTZ/non_secure/port.c ****             *pxTopOfStack = ( StackType_t ) 0x11111111UL;            /* R11. */
 443              		.loc 1 1657 13 view .LVU112
 444              		.loc 1 1657 27 is_stmt 0 view .LVU113
 445 0038 4FF01133 		mov	r3, #286331153
 446              	.LVL26:
 447              		.loc 1 1657 27 view .LVU114
 448 003c 40F8243C 		str	r3, [r0, #-36]
ARM GAS  /tmp/ccroD92D.s 			page 38


1658:Middlewares/Third_Party/FreeRTOS/Source/portable/GCC/ARM_CM33_NTZ/non_secure/port.c ****             pxTopOfStack--;
 449              		.loc 1 1658 13 is_stmt 1 view .LVU115
 450              	.LVL27:
1659:Middlewares/Third_Party/FreeRTOS/Source/portable/GCC/ARM_CM33_NTZ/non_secure/port.c ****             *pxTopOfStack = ( StackType_t ) 0x10101010UL;            /* R10. */
 451              		.loc 1 1659 13 view .LVU116
 452              		.loc 1 1659 27 is_stmt 0 view .LVU117
 453 0040 4FF01033 		mov	r3, #269488144
 454 0044 40F8283C 		str	r3, [r0, #-40]
1660:Middlewares/Third_Party/FreeRTOS/Source/portable/GCC/ARM_CM33_NTZ/non_secure/port.c ****             pxTopOfStack--;
 455              		.loc 1 1660 13 is_stmt 1 view .LVU118
 456              	.LVL28:
1661:Middlewares/Third_Party/FreeRTOS/Source/portable/GCC/ARM_CM33_NTZ/non_secure/port.c ****             *pxTopOfStack = ( StackType_t ) 0x09090909UL;            /* R09. */
 457              		.loc 1 1661 13 view .LVU119
 458              		.loc 1 1661 27 is_stmt 0 view .LVU120
 459 0048 4FF00933 		mov	r3, #151587081
 460 004c 40F82C3C 		str	r3, [r0, #-44]
1662:Middlewares/Third_Party/FreeRTOS/Source/portable/GCC/ARM_CM33_NTZ/non_secure/port.c ****             pxTopOfStack--;
 461              		.loc 1 1662 13 is_stmt 1 view .LVU121
 462              	.LVL29:
1663:Middlewares/Third_Party/FreeRTOS/Source/portable/GCC/ARM_CM33_NTZ/non_secure/port.c ****             *pxTopOfStack = ( StackType_t ) 0x08080808UL;            /* R08. */
 463              		.loc 1 1663 13 view .LVU122
 464              		.loc 1 1663 27 is_stmt 0 view .LVU123
 465 0050 4FF00833 		mov	r3, #134744072
 466 0054 40F8303C 		str	r3, [r0, #-48]
1664:Middlewares/Third_Party/FreeRTOS/Source/portable/GCC/ARM_CM33_NTZ/non_secure/port.c ****             pxTopOfStack--;
 467              		.loc 1 1664 13 is_stmt 1 view .LVU124
 468              	.LVL30:
1665:Middlewares/Third_Party/FreeRTOS/Source/portable/GCC/ARM_CM33_NTZ/non_secure/port.c ****             *pxTopOfStack = ( StackType_t ) 0x07070707UL;            /* R07. */
 469              		.loc 1 1665 13 view .LVU125
 470              		.loc 1 1665 27 is_stmt 0 view .LVU126
 471 0058 4FF00733 		mov	r3, #117901063
 472 005c 40F8343C 		str	r3, [r0, #-52]
1666:Middlewares/Third_Party/FreeRTOS/Source/portable/GCC/ARM_CM33_NTZ/non_secure/port.c ****             pxTopOfStack--;
 473              		.loc 1 1666 13 is_stmt 1 view .LVU127
 474              	.LVL31:
1667:Middlewares/Third_Party/FreeRTOS/Source/portable/GCC/ARM_CM33_NTZ/non_secure/port.c ****             *pxTopOfStack = ( StackType_t ) 0x06060606UL;            /* R06. */
 475              		.loc 1 1667 13 view .LVU128
 476              		.loc 1 1667 27 is_stmt 0 view .LVU129
 477 0060 4FF00633 		mov	r3, #101058054
 478 0064 40F8383C 		str	r3, [r0, #-56]
1668:Middlewares/Third_Party/FreeRTOS/Source/portable/GCC/ARM_CM33_NTZ/non_secure/port.c ****             pxTopOfStack--;
 479              		.loc 1 1668 13 is_stmt 1 view .LVU130
 480              	.LVL32:
1669:Middlewares/Third_Party/FreeRTOS/Source/portable/GCC/ARM_CM33_NTZ/non_secure/port.c ****             *pxTopOfStack = ( StackType_t ) 0x05050505UL;            /* R05. */
 481              		.loc 1 1669 13 view .LVU131
 482              		.loc 1 1669 27 is_stmt 0 view .LVU132
 483 0068 4FF00533 		mov	r3, #84215045
 484 006c 40F83C3C 		str	r3, [r0, #-60]
1670:Middlewares/Third_Party/FreeRTOS/Source/portable/GCC/ARM_CM33_NTZ/non_secure/port.c ****             pxTopOfStack--;
 485              		.loc 1 1670 13 is_stmt 1 view .LVU133
 486              	.LVL33:
1671:Middlewares/Third_Party/FreeRTOS/Source/portable/GCC/ARM_CM33_NTZ/non_secure/port.c ****             *pxTopOfStack = ( StackType_t ) 0x04040404UL;            /* R04. */
 487              		.loc 1 1671 13 view .LVU134
 488              		.loc 1 1671 27 is_stmt 0 view .LVU135
 489 0070 4FF00433 		mov	r3, #67372036
 490 0074 40F8403C 		str	r3, [r0, #-64]
1672:Middlewares/Third_Party/FreeRTOS/Source/portable/GCC/ARM_CM33_NTZ/non_secure/port.c ****             pxTopOfStack--;
ARM GAS  /tmp/ccroD92D.s 			page 39


 491              		.loc 1 1672 13 is_stmt 1 view .LVU136
 492              	.LVL34:
1673:Middlewares/Third_Party/FreeRTOS/Source/portable/GCC/ARM_CM33_NTZ/non_secure/port.c ****             *pxTopOfStack = portINITIAL_EXC_RETURN;                  /* EXC_RETURN. */
 493              		.loc 1 1673 13 view .LVU137
 494              		.loc 1 1673 27 is_stmt 0 view .LVU138
 495 0078 6FF04303 		mvn	r3, #67
 496 007c 40F8443C 		str	r3, [r0, #-68]
1674:Middlewares/Third_Party/FreeRTOS/Source/portable/GCC/ARM_CM33_NTZ/non_secure/port.c ****             pxTopOfStack--;
 497              		.loc 1 1674 13 is_stmt 1 view .LVU139
 498              	.LVL35:
1675:Middlewares/Third_Party/FreeRTOS/Source/portable/GCC/ARM_CM33_NTZ/non_secure/port.c ****             *pxTopOfStack = ( StackType_t ) pxEndOfStack;            /* Slot used to hold this task
 499              		.loc 1 1675 13 view .LVU140
 500              		.loc 1 1675 27 is_stmt 0 view .LVU141
 501 0080 40F8481C 		str	r1, [r0, #-72]
1676:Middlewares/Third_Party/FreeRTOS/Source/portable/GCC/ARM_CM33_NTZ/non_secure/port.c **** 
1677:Middlewares/Third_Party/FreeRTOS/Source/portable/GCC/ARM_CM33_NTZ/non_secure/port.c ****             #if ( configENABLE_TRUSTZONE == 1 )
1678:Middlewares/Third_Party/FreeRTOS/Source/portable/GCC/ARM_CM33_NTZ/non_secure/port.c ****             {
1679:Middlewares/Third_Party/FreeRTOS/Source/portable/GCC/ARM_CM33_NTZ/non_secure/port.c ****                 pxTopOfStack--;
1680:Middlewares/Third_Party/FreeRTOS/Source/portable/GCC/ARM_CM33_NTZ/non_secure/port.c ****                 *pxTopOfStack = portNO_SECURE_CONTEXT; /* Slot used to hold this task's xSecureCont
1681:Middlewares/Third_Party/FreeRTOS/Source/portable/GCC/ARM_CM33_NTZ/non_secure/port.c ****             }
1682:Middlewares/Third_Party/FreeRTOS/Source/portable/GCC/ARM_CM33_NTZ/non_secure/port.c ****             #endif /* configENABLE_TRUSTZONE */
1683:Middlewares/Third_Party/FreeRTOS/Source/portable/GCC/ARM_CM33_NTZ/non_secure/port.c ****         }
1684:Middlewares/Third_Party/FreeRTOS/Source/portable/GCC/ARM_CM33_NTZ/non_secure/port.c ****         #endif /* portPRELOAD_REGISTERS */
1685:Middlewares/Third_Party/FreeRTOS/Source/portable/GCC/ARM_CM33_NTZ/non_secure/port.c **** 
1686:Middlewares/Third_Party/FreeRTOS/Source/portable/GCC/ARM_CM33_NTZ/non_secure/port.c ****         #if ( configENABLE_PAC == 1 )
1687:Middlewares/Third_Party/FreeRTOS/Source/portable/GCC/ARM_CM33_NTZ/non_secure/port.c ****         {
1688:Middlewares/Third_Party/FreeRTOS/Source/portable/GCC/ARM_CM33_NTZ/non_secure/port.c ****             uint32_t ulTaskPacKey[ 4 ], i;
1689:Middlewares/Third_Party/FreeRTOS/Source/portable/GCC/ARM_CM33_NTZ/non_secure/port.c **** 
1690:Middlewares/Third_Party/FreeRTOS/Source/portable/GCC/ARM_CM33_NTZ/non_secure/port.c ****             vApplicationGenerateTaskRandomPacKey( &( ulTaskPacKey[ 0 ] ) );
1691:Middlewares/Third_Party/FreeRTOS/Source/portable/GCC/ARM_CM33_NTZ/non_secure/port.c **** 
1692:Middlewares/Third_Party/FreeRTOS/Source/portable/GCC/ARM_CM33_NTZ/non_secure/port.c ****             for( i = 0; i < 4; i++ )
1693:Middlewares/Third_Party/FreeRTOS/Source/portable/GCC/ARM_CM33_NTZ/non_secure/port.c ****             {
1694:Middlewares/Third_Party/FreeRTOS/Source/portable/GCC/ARM_CM33_NTZ/non_secure/port.c ****                 pxTopOfStack--;
1695:Middlewares/Third_Party/FreeRTOS/Source/portable/GCC/ARM_CM33_NTZ/non_secure/port.c ****                 *pxTopOfStack = ulTaskPacKey[ i ];
1696:Middlewares/Third_Party/FreeRTOS/Source/portable/GCC/ARM_CM33_NTZ/non_secure/port.c ****             }
1697:Middlewares/Third_Party/FreeRTOS/Source/portable/GCC/ARM_CM33_NTZ/non_secure/port.c ****         }
1698:Middlewares/Third_Party/FreeRTOS/Source/portable/GCC/ARM_CM33_NTZ/non_secure/port.c ****         #endif /* configENABLE_PAC */
1699:Middlewares/Third_Party/FreeRTOS/Source/portable/GCC/ARM_CM33_NTZ/non_secure/port.c **** 
1700:Middlewares/Third_Party/FreeRTOS/Source/portable/GCC/ARM_CM33_NTZ/non_secure/port.c ****         return pxTopOfStack;
 502              		.loc 1 1700 9 is_stmt 1 view .LVU142
1701:Middlewares/Third_Party/FreeRTOS/Source/portable/GCC/ARM_CM33_NTZ/non_secure/port.c ****     }
 503              		.loc 1 1701 5 is_stmt 0 view .LVU143
 504 0084 4838     		subs	r0, r0, #72
 505              	.LVL36:
 506              		.loc 1 1701 5 view .LVU144
 507 0086 5DF8044B 		ldr	r4, [sp], #4
 508              	.LCFI8:
 509              		.cfi_restore 4
 510              		.cfi_def_cfa_offset 0
 511 008a 7047     		bx	lr
 512              	.L37:
 513              		.align	2
 514              	.L36:
 515 008c 00000000 		.word	prvTaskExitError
 516              		.cfi_endproc
 517              	.LFE7:
 519              		.section	.text.xPortStartScheduler,"ax",%progbits
ARM GAS  /tmp/ccroD92D.s 			page 40


 520              		.align	1
 521              		.global	xPortStartScheduler
 522              		.syntax unified
 523              		.thumb
 524              		.thumb_func
 526              	xPortStartScheduler:
 527              	.LFB8:
1702:Middlewares/Third_Party/FreeRTOS/Source/portable/GCC/ARM_CM33_NTZ/non_secure/port.c **** 
1703:Middlewares/Third_Party/FreeRTOS/Source/portable/GCC/ARM_CM33_NTZ/non_secure/port.c **** #endif /* configENABLE_MPU */
1704:Middlewares/Third_Party/FreeRTOS/Source/portable/GCC/ARM_CM33_NTZ/non_secure/port.c **** /*-----------------------------------------------------------*/
1705:Middlewares/Third_Party/FreeRTOS/Source/portable/GCC/ARM_CM33_NTZ/non_secure/port.c **** 
1706:Middlewares/Third_Party/FreeRTOS/Source/portable/GCC/ARM_CM33_NTZ/non_secure/port.c **** BaseType_t xPortStartScheduler( void ) /* PRIVILEGED_FUNCTION */
1707:Middlewares/Third_Party/FreeRTOS/Source/portable/GCC/ARM_CM33_NTZ/non_secure/port.c **** {
 528              		.loc 1 1707 1 is_stmt 1 view -0
 529              		.cfi_startproc
 530              		@ args = 0, pretend = 0, frame = 8
 531              		@ frame_needed = 0, uses_anonymous_args = 0
 532 0000 10B5     		push	{r4, lr}
 533              	.LCFI9:
 534              		.cfi_def_cfa_offset 8
 535              		.cfi_offset 4, -8
 536              		.cfi_offset 14, -4
 537 0002 82B0     		sub	sp, sp, #8
 538              	.LCFI10:
 539              		.cfi_def_cfa_offset 16
 540              	.LBB2:
1708:Middlewares/Third_Party/FreeRTOS/Source/portable/GCC/ARM_CM33_NTZ/non_secure/port.c ****     /* An application can install FreeRTOS interrupt handlers in one of the
1709:Middlewares/Third_Party/FreeRTOS/Source/portable/GCC/ARM_CM33_NTZ/non_secure/port.c ****      * following ways:
1710:Middlewares/Third_Party/FreeRTOS/Source/portable/GCC/ARM_CM33_NTZ/non_secure/port.c ****      * 1. Direct Routing - Install the functions SVC_Handler and PendSV_Handler
1711:Middlewares/Third_Party/FreeRTOS/Source/portable/GCC/ARM_CM33_NTZ/non_secure/port.c ****      *    for SVCall and PendSV interrupts respectively.
1712:Middlewares/Third_Party/FreeRTOS/Source/portable/GCC/ARM_CM33_NTZ/non_secure/port.c ****      * 2. Indirect Routing - Install separate handlers for SVCall and PendSV
1713:Middlewares/Third_Party/FreeRTOS/Source/portable/GCC/ARM_CM33_NTZ/non_secure/port.c ****      *    interrupts and route program control from those handlers to
1714:Middlewares/Third_Party/FreeRTOS/Source/portable/GCC/ARM_CM33_NTZ/non_secure/port.c ****      *    SVC_Handler and PendSV_Handler functions.
1715:Middlewares/Third_Party/FreeRTOS/Source/portable/GCC/ARM_CM33_NTZ/non_secure/port.c ****      *
1716:Middlewares/Third_Party/FreeRTOS/Source/portable/GCC/ARM_CM33_NTZ/non_secure/port.c ****      * Applications that use Indirect Routing must set
1717:Middlewares/Third_Party/FreeRTOS/Source/portable/GCC/ARM_CM33_NTZ/non_secure/port.c ****      * configCHECK_HANDLER_INSTALLATION to 0 in their FreeRTOSConfig.h. Direct
1718:Middlewares/Third_Party/FreeRTOS/Source/portable/GCC/ARM_CM33_NTZ/non_secure/port.c ****      * routing, which is validated here when configCHECK_HANDLER_INSTALLATION
1719:Middlewares/Third_Party/FreeRTOS/Source/portable/GCC/ARM_CM33_NTZ/non_secure/port.c ****      * is 1, should be preferred when possible. */
1720:Middlewares/Third_Party/FreeRTOS/Source/portable/GCC/ARM_CM33_NTZ/non_secure/port.c ****     #if ( configCHECK_HANDLER_INSTALLATION == 1 )
1721:Middlewares/Third_Party/FreeRTOS/Source/portable/GCC/ARM_CM33_NTZ/non_secure/port.c ****     {
1722:Middlewares/Third_Party/FreeRTOS/Source/portable/GCC/ARM_CM33_NTZ/non_secure/port.c ****         const portISR_t * const pxVectorTable = portSCB_VTOR_REG;
 541              		.loc 1 1722 9 view .LVU146
 542              		.loc 1 1722 33 is_stmt 0 view .LVU147
 543 0004 4FF0E023 		mov	r3, #-536813568
 544 0008 D3F8083D 		ldr	r3, [r3, #3336]
 545              	.LVL37:
1723:Middlewares/Third_Party/FreeRTOS/Source/portable/GCC/ARM_CM33_NTZ/non_secure/port.c **** 
1724:Middlewares/Third_Party/FreeRTOS/Source/portable/GCC/ARM_CM33_NTZ/non_secure/port.c ****         /* Validate that the application has correctly installed the FreeRTOS
1725:Middlewares/Third_Party/FreeRTOS/Source/portable/GCC/ARM_CM33_NTZ/non_secure/port.c ****          * handlers for SVCall and PendSV interrupts. We do not check the
1726:Middlewares/Third_Party/FreeRTOS/Source/portable/GCC/ARM_CM33_NTZ/non_secure/port.c ****          * installation of the SysTick handler because the application may
1727:Middlewares/Third_Party/FreeRTOS/Source/portable/GCC/ARM_CM33_NTZ/non_secure/port.c ****          * choose to drive the RTOS tick using a timer other than the SysTick
1728:Middlewares/Third_Party/FreeRTOS/Source/portable/GCC/ARM_CM33_NTZ/non_secure/port.c ****          * timer by overriding the weak function vPortSetupTimerInterrupt().
1729:Middlewares/Third_Party/FreeRTOS/Source/portable/GCC/ARM_CM33_NTZ/non_secure/port.c ****          *
1730:Middlewares/Third_Party/FreeRTOS/Source/portable/GCC/ARM_CM33_NTZ/non_secure/port.c ****          * Assertion failures here indicate incorrect installation of the
1731:Middlewares/Third_Party/FreeRTOS/Source/portable/GCC/ARM_CM33_NTZ/non_secure/port.c ****          * FreeRTOS handlers. For help installing the FreeRTOS handlers, see
1732:Middlewares/Third_Party/FreeRTOS/Source/portable/GCC/ARM_CM33_NTZ/non_secure/port.c ****          * https://www.freertos.org/Why-FreeRTOS/FAQs.
1733:Middlewares/Third_Party/FreeRTOS/Source/portable/GCC/ARM_CM33_NTZ/non_secure/port.c ****          *
ARM GAS  /tmp/ccroD92D.s 			page 41


1734:Middlewares/Third_Party/FreeRTOS/Source/portable/GCC/ARM_CM33_NTZ/non_secure/port.c ****          * Systems with a configurable address for the interrupt vector table
1735:Middlewares/Third_Party/FreeRTOS/Source/portable/GCC/ARM_CM33_NTZ/non_secure/port.c ****          * can also encounter assertion failures or even system faults here if
1736:Middlewares/Third_Party/FreeRTOS/Source/portable/GCC/ARM_CM33_NTZ/non_secure/port.c ****          * VTOR is not set correctly to point to the application's vector table. */
1737:Middlewares/Third_Party/FreeRTOS/Source/portable/GCC/ARM_CM33_NTZ/non_secure/port.c ****         configASSERT( pxVectorTable[ portVECTOR_INDEX_SVC ] == SVC_Handler );
 546              		.loc 1 1737 9 is_stmt 1 view .LVU148
 547 000c D96A     		ldr	r1, [r3, #44]
 548 000e 364A     		ldr	r2, .L53
 549 0010 9142     		cmp	r1, r2
 550 0012 02D0     		beq	.L39
 551              		.loc 1 1737 9 discriminator 1 view .LVU149
 552 0014 FFF7FEFF 		bl	ulSetInterruptMask
 553              	.LVL38:
 554              	.L40:
 555              		.loc 1 1737 9 discriminator 3 view .LVU150
 556              		.loc 1 1737 9 discriminator 3 view .LVU151
 557 0018 FEE7     		b	.L40
 558              	.LVL39:
 559              	.L39:
 560              		.loc 1 1737 77 discriminator 2 view .LVU152
1738:Middlewares/Third_Party/FreeRTOS/Source/portable/GCC/ARM_CM33_NTZ/non_secure/port.c ****         configASSERT( pxVectorTable[ portVECTOR_INDEX_PENDSV ] == PendSV_Handler );
 561              		.loc 1 1738 9 view .LVU153
 562 001a 9A6B     		ldr	r2, [r3, #56]
 563 001c 334B     		ldr	r3, .L53+4
 564              	.LVL40:
 565              		.loc 1 1738 9 is_stmt 0 view .LVU154
 566 001e 9A42     		cmp	r2, r3
 567 0020 02D0     		beq	.L41
 568              		.loc 1 1738 9 is_stmt 1 discriminator 1 view .LVU155
 569 0022 FFF7FEFF 		bl	ulSetInterruptMask
 570              	.LVL41:
 571              	.L42:
 572              		.loc 1 1738 9 discriminator 3 view .LVU156
 573              		.loc 1 1738 9 discriminator 3 view .LVU157
 574 0026 FEE7     		b	.L42
 575              	.LVL42:
 576              	.L41:
 577              		.loc 1 1738 83 discriminator 2 view .LVU158
 578              	.LBE2:
 579              	.LBB3:
1739:Middlewares/Third_Party/FreeRTOS/Source/portable/GCC/ARM_CM33_NTZ/non_secure/port.c ****     }
1740:Middlewares/Third_Party/FreeRTOS/Source/portable/GCC/ARM_CM33_NTZ/non_secure/port.c ****     #endif /* configCHECK_HANDLER_INSTALLATION */
1741:Middlewares/Third_Party/FreeRTOS/Source/portable/GCC/ARM_CM33_NTZ/non_secure/port.c **** 
1742:Middlewares/Third_Party/FreeRTOS/Source/portable/GCC/ARM_CM33_NTZ/non_secure/port.c ****     #if ( ( configASSERT_DEFINED == 1 ) && ( portHAS_ARMV8M_MAIN_EXTENSION == 1 ) )
1743:Middlewares/Third_Party/FreeRTOS/Source/portable/GCC/ARM_CM33_NTZ/non_secure/port.c ****     {
1744:Middlewares/Third_Party/FreeRTOS/Source/portable/GCC/ARM_CM33_NTZ/non_secure/port.c ****         volatile uint32_t ulImplementedPrioBits = 0;
 580              		.loc 1 1744 9 view .LVU159
 581              		.loc 1 1744 27 is_stmt 0 view .LVU160
 582 0028 0023     		movs	r3, #0
 583 002a 0193     		str	r3, [sp, #4]
 584              	.LVL43:
1745:Middlewares/Third_Party/FreeRTOS/Source/portable/GCC/ARM_CM33_NTZ/non_secure/port.c ****         volatile uint8_t ucMaxPriorityValue;
 585              		.loc 1 1745 9 is_stmt 1 view .LVU161
1746:Middlewares/Third_Party/FreeRTOS/Source/portable/GCC/ARM_CM33_NTZ/non_secure/port.c **** 
1747:Middlewares/Third_Party/FreeRTOS/Source/portable/GCC/ARM_CM33_NTZ/non_secure/port.c ****         /* Determine the maximum priority from which ISR safe FreeRTOS API
1748:Middlewares/Third_Party/FreeRTOS/Source/portable/GCC/ARM_CM33_NTZ/non_secure/port.c ****          * functions can be called. ISR safe functions are those that end in
1749:Middlewares/Third_Party/FreeRTOS/Source/portable/GCC/ARM_CM33_NTZ/non_secure/port.c ****          * "FromISR". FreeRTOS maintains separate thread and ISR API functions to
1750:Middlewares/Third_Party/FreeRTOS/Source/portable/GCC/ARM_CM33_NTZ/non_secure/port.c ****          * ensure interrupt entry is as fast and simple as possible.
ARM GAS  /tmp/ccroD92D.s 			page 42


1751:Middlewares/Third_Party/FreeRTOS/Source/portable/GCC/ARM_CM33_NTZ/non_secure/port.c ****          *
1752:Middlewares/Third_Party/FreeRTOS/Source/portable/GCC/ARM_CM33_NTZ/non_secure/port.c ****          * First, determine the number of priority bits available. Write to all
1753:Middlewares/Third_Party/FreeRTOS/Source/portable/GCC/ARM_CM33_NTZ/non_secure/port.c ****          * possible bits in the priority setting for SVCall. */
1754:Middlewares/Third_Party/FreeRTOS/Source/portable/GCC/ARM_CM33_NTZ/non_secure/port.c ****         portNVIC_SHPR2_REG = 0xFF000000;
 586              		.loc 1 1754 9 view .LVU162
 587              		.loc 1 1754 28 is_stmt 0 view .LVU163
 588 002c 4FF0E023 		mov	r3, #-536813568
 589 0030 4FF07F42 		mov	r2, #-16777216
 590 0034 C3F81C2D 		str	r2, [r3, #3356]
1755:Middlewares/Third_Party/FreeRTOS/Source/portable/GCC/ARM_CM33_NTZ/non_secure/port.c **** 
1756:Middlewares/Third_Party/FreeRTOS/Source/portable/GCC/ARM_CM33_NTZ/non_secure/port.c ****         /* Read the value back to see how many bits stuck. */
1757:Middlewares/Third_Party/FreeRTOS/Source/portable/GCC/ARM_CM33_NTZ/non_secure/port.c ****         ucMaxPriorityValue = ( uint8_t ) ( ( portNVIC_SHPR2_REG & 0xFF000000 ) >> 24 );
 591              		.loc 1 1757 9 is_stmt 1 view .LVU164
 592              		.loc 1 1757 46 is_stmt 0 view .LVU165
 593 0038 D3F81C3D 		ldr	r3, [r3, #3356]
 594              		.loc 1 1757 30 view .LVU166
 595 003c 1B0E     		lsrs	r3, r3, #24
 596              		.loc 1 1757 28 view .LVU167
 597 003e 8DF80330 		strb	r3, [sp, #3]
1758:Middlewares/Third_Party/FreeRTOS/Source/portable/GCC/ARM_CM33_NTZ/non_secure/port.c **** 
1759:Middlewares/Third_Party/FreeRTOS/Source/portable/GCC/ARM_CM33_NTZ/non_secure/port.c ****         /* Use the same mask on the maximum system call priority. */
1760:Middlewares/Third_Party/FreeRTOS/Source/portable/GCC/ARM_CM33_NTZ/non_secure/port.c ****         ucMaxSysCallPriority = configMAX_SYSCALL_INTERRUPT_PRIORITY & ucMaxPriorityValue;
 598              		.loc 1 1760 9 is_stmt 1 view .LVU168
 599              		.loc 1 1760 69 is_stmt 0 view .LVU169
 600 0042 9DF80330 		ldrb	r3, [sp, #3]	@ zero_extendqisi2
 601 0046 03F05003 		and	r3, r3, #80
 602              		.loc 1 1760 30 view .LVU170
 603 004a 294A     		ldr	r2, .L53+8
 604 004c 1370     		strb	r3, [r2]
1761:Middlewares/Third_Party/FreeRTOS/Source/portable/GCC/ARM_CM33_NTZ/non_secure/port.c **** 
1762:Middlewares/Third_Party/FreeRTOS/Source/portable/GCC/ARM_CM33_NTZ/non_secure/port.c ****         /* Check that the maximum system call priority is nonzero after
1763:Middlewares/Third_Party/FreeRTOS/Source/portable/GCC/ARM_CM33_NTZ/non_secure/port.c ****          * accounting for the number of priority bits supported by the
1764:Middlewares/Third_Party/FreeRTOS/Source/portable/GCC/ARM_CM33_NTZ/non_secure/port.c ****          * hardware. A priority of 0 is invalid because setting the BASEPRI
1765:Middlewares/Third_Party/FreeRTOS/Source/portable/GCC/ARM_CM33_NTZ/non_secure/port.c ****          * register to 0 unmasks all interrupts, and interrupts with priority 0
1766:Middlewares/Third_Party/FreeRTOS/Source/portable/GCC/ARM_CM33_NTZ/non_secure/port.c ****          * cannot be masked using BASEPRI.
1767:Middlewares/Third_Party/FreeRTOS/Source/portable/GCC/ARM_CM33_NTZ/non_secure/port.c ****          * See https://www.FreeRTOS.org/RTOS-Cortex-M3-M4.html */
1768:Middlewares/Third_Party/FreeRTOS/Source/portable/GCC/ARM_CM33_NTZ/non_secure/port.c ****         configASSERT( ucMaxSysCallPriority );
 605              		.loc 1 1768 9 is_stmt 1 view .LVU171
 606 004e 43B1     		cbz	r3, .L51
 607              		.loc 1 1768 45 discriminator 2 view .LVU172
1769:Middlewares/Third_Party/FreeRTOS/Source/portable/GCC/ARM_CM33_NTZ/non_secure/port.c **** 
1770:Middlewares/Third_Party/FreeRTOS/Source/portable/GCC/ARM_CM33_NTZ/non_secure/port.c ****         /* Check that the bits not implemented in hardware are zero in
1771:Middlewares/Third_Party/FreeRTOS/Source/portable/GCC/ARM_CM33_NTZ/non_secure/port.c ****          * configMAX_SYSCALL_INTERRUPT_PRIORITY. */
1772:Middlewares/Third_Party/FreeRTOS/Source/portable/GCC/ARM_CM33_NTZ/non_secure/port.c ****         configASSERT( ( configMAX_SYSCALL_INTERRUPT_PRIORITY & ( uint8_t ) ( ~( uint32_t ) ucMaxPri
 608              		.loc 1 1772 9 view .LVU173
 609 0050 9DF80330 		ldrb	r3, [sp, #3]	@ zero_extendqisi2
 610 0054 DB43     		mvns	r3, r3
 611 0056 13F0500F 		tst	r3, #80
 612 005a 0ED0     		beq	.L45
 613              		.loc 1 1772 9 discriminator 1 view .LVU174
 614 005c FFF7FEFF 		bl	ulSetInterruptMask
 615              	.LVL44:
 616              	.L46:
 617              		.loc 1 1772 9 discriminator 3 view .LVU175
 618              		.loc 1 1772 9 discriminator 3 view .LVU176
 619 0060 FEE7     		b	.L46
 620              	.L51:
ARM GAS  /tmp/ccroD92D.s 			page 43


1768:Middlewares/Third_Party/FreeRTOS/Source/portable/GCC/ARM_CM33_NTZ/non_secure/port.c **** 
 621              		.loc 1 1768 9 discriminator 1 view .LVU177
 622 0062 FFF7FEFF 		bl	ulSetInterruptMask
 623              	.LVL45:
 624              	.L44:
1768:Middlewares/Third_Party/FreeRTOS/Source/portable/GCC/ARM_CM33_NTZ/non_secure/port.c **** 
 625              		.loc 1 1768 9 discriminator 3 view .LVU178
1768:Middlewares/Third_Party/FreeRTOS/Source/portable/GCC/ARM_CM33_NTZ/non_secure/port.c **** 
 626              		.loc 1 1768 9 discriminator 3 view .LVU179
 627 0066 FEE7     		b	.L44
 628              	.L47:
1773:Middlewares/Third_Party/FreeRTOS/Source/portable/GCC/ARM_CM33_NTZ/non_secure/port.c **** 
1774:Middlewares/Third_Party/FreeRTOS/Source/portable/GCC/ARM_CM33_NTZ/non_secure/port.c ****         /* Calculate the maximum acceptable priority group value for the number
1775:Middlewares/Third_Party/FreeRTOS/Source/portable/GCC/ARM_CM33_NTZ/non_secure/port.c ****          * of bits read back. */
1776:Middlewares/Third_Party/FreeRTOS/Source/portable/GCC/ARM_CM33_NTZ/non_secure/port.c ****         while( ( ucMaxPriorityValue & portTOP_BIT_OF_BYTE ) == portTOP_BIT_OF_BYTE )
1777:Middlewares/Third_Party/FreeRTOS/Source/portable/GCC/ARM_CM33_NTZ/non_secure/port.c ****         {
1778:Middlewares/Third_Party/FreeRTOS/Source/portable/GCC/ARM_CM33_NTZ/non_secure/port.c ****             ulImplementedPrioBits++;
 629              		.loc 1 1778 13 view .LVU180
 630              		.loc 1 1778 34 is_stmt 0 view .LVU181
 631 0068 019B     		ldr	r3, [sp, #4]
 632 006a 0133     		adds	r3, r3, #1
 633 006c 0193     		str	r3, [sp, #4]
1779:Middlewares/Third_Party/FreeRTOS/Source/portable/GCC/ARM_CM33_NTZ/non_secure/port.c ****             ucMaxPriorityValue <<= ( uint8_t ) 0x01;
 634              		.loc 1 1779 13 is_stmt 1 view .LVU182
 635              		.loc 1 1779 32 is_stmt 0 view .LVU183
 636 006e 9DF80330 		ldrb	r3, [sp, #3]	@ zero_extendqisi2
 637 0072 5B00     		lsls	r3, r3, #1
 638 0074 DBB2     		uxtb	r3, r3
 639 0076 8DF80330 		strb	r3, [sp, #3]
 640              	.L45:
1776:Middlewares/Third_Party/FreeRTOS/Source/portable/GCC/ARM_CM33_NTZ/non_secure/port.c ****         {
 641              		.loc 1 1776 61 is_stmt 1 view .LVU184
1776:Middlewares/Third_Party/FreeRTOS/Source/portable/GCC/ARM_CM33_NTZ/non_secure/port.c ****         {
 642              		.loc 1 1776 37 is_stmt 0 view .LVU185
 643 007a 9DF80330 		ldrb	r3, [sp, #3]	@ zero_extendqisi2
1776:Middlewares/Third_Party/FreeRTOS/Source/portable/GCC/ARM_CM33_NTZ/non_secure/port.c ****         {
 644              		.loc 1 1776 61 view .LVU186
 645 007e 13F0800F 		tst	r3, #128
 646 0082 F1D1     		bne	.L47
1780:Middlewares/Third_Party/FreeRTOS/Source/portable/GCC/ARM_CM33_NTZ/non_secure/port.c ****         }
1781:Middlewares/Third_Party/FreeRTOS/Source/portable/GCC/ARM_CM33_NTZ/non_secure/port.c **** 
1782:Middlewares/Third_Party/FreeRTOS/Source/portable/GCC/ARM_CM33_NTZ/non_secure/port.c ****         if( ulImplementedPrioBits == 8 )
 647              		.loc 1 1782 9 is_stmt 1 view .LVU187
 648              		.loc 1 1782 35 is_stmt 0 view .LVU188
 649 0084 019B     		ldr	r3, [sp, #4]
 650              		.loc 1 1782 11 view .LVU189
 651 0086 082B     		cmp	r3, #8
 652 0088 29D0     		beq	.L52
1783:Middlewares/Third_Party/FreeRTOS/Source/portable/GCC/ARM_CM33_NTZ/non_secure/port.c ****         {
1784:Middlewares/Third_Party/FreeRTOS/Source/portable/GCC/ARM_CM33_NTZ/non_secure/port.c ****             /* When the hardware implements 8 priority bits, there is no way for
1785:Middlewares/Third_Party/FreeRTOS/Source/portable/GCC/ARM_CM33_NTZ/non_secure/port.c ****              * the software to configure PRIGROUP to not have sub-priorities. As
1786:Middlewares/Third_Party/FreeRTOS/Source/portable/GCC/ARM_CM33_NTZ/non_secure/port.c ****              * a result, the least significant bit is always used for sub-priority
1787:Middlewares/Third_Party/FreeRTOS/Source/portable/GCC/ARM_CM33_NTZ/non_secure/port.c ****              * and there are 128 preemption priorities and 2 sub-priorities.
1788:Middlewares/Third_Party/FreeRTOS/Source/portable/GCC/ARM_CM33_NTZ/non_secure/port.c ****              *
1789:Middlewares/Third_Party/FreeRTOS/Source/portable/GCC/ARM_CM33_NTZ/non_secure/port.c ****              * This may cause some confusion in some cases - for example, if
1790:Middlewares/Third_Party/FreeRTOS/Source/portable/GCC/ARM_CM33_NTZ/non_secure/port.c ****              * configMAX_SYSCALL_INTERRUPT_PRIORITY is set to 5, both 5 and 4
1791:Middlewares/Third_Party/FreeRTOS/Source/portable/GCC/ARM_CM33_NTZ/non_secure/port.c ****              * priority interrupts will be masked in Critical Sections as those
ARM GAS  /tmp/ccroD92D.s 			page 44


1792:Middlewares/Third_Party/FreeRTOS/Source/portable/GCC/ARM_CM33_NTZ/non_secure/port.c ****              * are at the same preemption priority. This may appear confusing as
1793:Middlewares/Third_Party/FreeRTOS/Source/portable/GCC/ARM_CM33_NTZ/non_secure/port.c ****              * 4 is higher (numerically lower) priority than
1794:Middlewares/Third_Party/FreeRTOS/Source/portable/GCC/ARM_CM33_NTZ/non_secure/port.c ****              * configMAX_SYSCALL_INTERRUPT_PRIORITY and therefore, should not
1795:Middlewares/Third_Party/FreeRTOS/Source/portable/GCC/ARM_CM33_NTZ/non_secure/port.c ****              * have been masked. Instead, if we set configMAX_SYSCALL_INTERRUPT_PRIORITY
1796:Middlewares/Third_Party/FreeRTOS/Source/portable/GCC/ARM_CM33_NTZ/non_secure/port.c ****              * to 4, this confusion does not happen and the behaviour remains the same.
1797:Middlewares/Third_Party/FreeRTOS/Source/portable/GCC/ARM_CM33_NTZ/non_secure/port.c ****              *
1798:Middlewares/Third_Party/FreeRTOS/Source/portable/GCC/ARM_CM33_NTZ/non_secure/port.c ****              * The following assert ensures that the sub-priority bit in the
1799:Middlewares/Third_Party/FreeRTOS/Source/portable/GCC/ARM_CM33_NTZ/non_secure/port.c ****              * configMAX_SYSCALL_INTERRUPT_PRIORITY is clear to avoid the above mentioned
1800:Middlewares/Third_Party/FreeRTOS/Source/portable/GCC/ARM_CM33_NTZ/non_secure/port.c ****              * confusion. */
1801:Middlewares/Third_Party/FreeRTOS/Source/portable/GCC/ARM_CM33_NTZ/non_secure/port.c ****             configASSERT( ( configMAX_SYSCALL_INTERRUPT_PRIORITY & 0x1U ) == 0U );
1802:Middlewares/Third_Party/FreeRTOS/Source/portable/GCC/ARM_CM33_NTZ/non_secure/port.c ****             ulMaxPRIGROUPValue = 0;
1803:Middlewares/Third_Party/FreeRTOS/Source/portable/GCC/ARM_CM33_NTZ/non_secure/port.c ****         }
1804:Middlewares/Third_Party/FreeRTOS/Source/portable/GCC/ARM_CM33_NTZ/non_secure/port.c ****         else
1805:Middlewares/Third_Party/FreeRTOS/Source/portable/GCC/ARM_CM33_NTZ/non_secure/port.c ****         {
1806:Middlewares/Third_Party/FreeRTOS/Source/portable/GCC/ARM_CM33_NTZ/non_secure/port.c ****             ulMaxPRIGROUPValue = portMAX_PRIGROUP_BITS - ulImplementedPrioBits;
 653              		.loc 1 1806 13 is_stmt 1 view .LVU190
 654              		.loc 1 1806 56 is_stmt 0 view .LVU191
 655 008a 019B     		ldr	r3, [sp, #4]
 656 008c C3F10703 		rsb	r3, r3, #7
 657              		.loc 1 1806 32 view .LVU192
 658 0090 184A     		ldr	r2, .L53+12
 659 0092 1360     		str	r3, [r2]
 660              	.L49:
1807:Middlewares/Third_Party/FreeRTOS/Source/portable/GCC/ARM_CM33_NTZ/non_secure/port.c ****         }
1808:Middlewares/Third_Party/FreeRTOS/Source/portable/GCC/ARM_CM33_NTZ/non_secure/port.c **** 
1809:Middlewares/Third_Party/FreeRTOS/Source/portable/GCC/ARM_CM33_NTZ/non_secure/port.c ****         /* Shift the priority group value back to its position within the AIRCR
1810:Middlewares/Third_Party/FreeRTOS/Source/portable/GCC/ARM_CM33_NTZ/non_secure/port.c ****          * register. */
1811:Middlewares/Third_Party/FreeRTOS/Source/portable/GCC/ARM_CM33_NTZ/non_secure/port.c ****         ulMaxPRIGROUPValue <<= portPRIGROUP_SHIFT;
 661              		.loc 1 1811 9 is_stmt 1 view .LVU193
 662              		.loc 1 1811 28 is_stmt 0 view .LVU194
 663 0094 174A     		ldr	r2, .L53+12
 664 0096 1368     		ldr	r3, [r2]
 665 0098 1B02     		lsls	r3, r3, #8
 666 009a 1360     		str	r3, [r2]
1812:Middlewares/Third_Party/FreeRTOS/Source/portable/GCC/ARM_CM33_NTZ/non_secure/port.c ****         ulMaxPRIGROUPValue &= portPRIORITY_GROUP_MASK;
 667              		.loc 1 1812 9 is_stmt 1 view .LVU195
 668              		.loc 1 1812 28 is_stmt 0 view .LVU196
 669 009c 03F4E063 		and	r3, r3, #1792
 670 00a0 1360     		str	r3, [r2]
 671              	.LBE3:
1813:Middlewares/Third_Party/FreeRTOS/Source/portable/GCC/ARM_CM33_NTZ/non_secure/port.c ****     }
1814:Middlewares/Third_Party/FreeRTOS/Source/portable/GCC/ARM_CM33_NTZ/non_secure/port.c ****     #endif /* #if ( ( configASSERT_DEFINED == 1 ) && ( portHAS_ARMV8M_MAIN_EXTENSION == 1 ) ) */
1815:Middlewares/Third_Party/FreeRTOS/Source/portable/GCC/ARM_CM33_NTZ/non_secure/port.c **** 
1816:Middlewares/Third_Party/FreeRTOS/Source/portable/GCC/ARM_CM33_NTZ/non_secure/port.c ****     /* Make PendSV and SysTick the lowest priority interrupts, and make SVCall
1817:Middlewares/Third_Party/FreeRTOS/Source/portable/GCC/ARM_CM33_NTZ/non_secure/port.c ****      * the highest priority. */
1818:Middlewares/Third_Party/FreeRTOS/Source/portable/GCC/ARM_CM33_NTZ/non_secure/port.c ****     portNVIC_SHPR3_REG |= portNVIC_PENDSV_PRI;
 672              		.loc 1 1818 5 is_stmt 1 view .LVU197
 673 00a2 4FF0E023 		mov	r3, #-536813568
 674 00a6 D3F8202D 		ldr	r2, [r3, #3360]
 675              		.loc 1 1818 24 is_stmt 0 view .LVU198
 676 00aa 42F47F02 		orr	r2, r2, #16711680
 677 00ae C3F8202D 		str	r2, [r3, #3360]
1819:Middlewares/Third_Party/FreeRTOS/Source/portable/GCC/ARM_CM33_NTZ/non_secure/port.c ****     portNVIC_SHPR3_REG |= portNVIC_SYSTICK_PRI;
 678              		.loc 1 1819 5 is_stmt 1 view .LVU199
 679 00b2 D3F8202D 		ldr	r2, [r3, #3360]
 680              		.loc 1 1819 24 is_stmt 0 view .LVU200
 681 00b6 42F07F42 		orr	r2, r2, #-16777216
ARM GAS  /tmp/ccroD92D.s 			page 45


 682 00ba C3F8202D 		str	r2, [r3, #3360]
1820:Middlewares/Third_Party/FreeRTOS/Source/portable/GCC/ARM_CM33_NTZ/non_secure/port.c ****     portNVIC_SHPR2_REG = 0;
 683              		.loc 1 1820 5 is_stmt 1 view .LVU201
 684              		.loc 1 1820 24 is_stmt 0 view .LVU202
 685 00be 0024     		movs	r4, #0
 686 00c0 C3F81C4D 		str	r4, [r3, #3356]
1821:Middlewares/Third_Party/FreeRTOS/Source/portable/GCC/ARM_CM33_NTZ/non_secure/port.c **** 
1822:Middlewares/Third_Party/FreeRTOS/Source/portable/GCC/ARM_CM33_NTZ/non_secure/port.c ****     #if ( ( configENABLE_PAC == 1 ) || ( configENABLE_BTI == 1 ) )
1823:Middlewares/Third_Party/FreeRTOS/Source/portable/GCC/ARM_CM33_NTZ/non_secure/port.c ****     {
1824:Middlewares/Third_Party/FreeRTOS/Source/portable/GCC/ARM_CM33_NTZ/non_secure/port.c ****         /* Set the CONTROL register value based on PACBTI security feature
1825:Middlewares/Third_Party/FreeRTOS/Source/portable/GCC/ARM_CM33_NTZ/non_secure/port.c ****          * configuration before starting the first task. */
1826:Middlewares/Third_Party/FreeRTOS/Source/portable/GCC/ARM_CM33_NTZ/non_secure/port.c ****         ( void ) prvConfigurePACBTI( pdTRUE );
1827:Middlewares/Third_Party/FreeRTOS/Source/portable/GCC/ARM_CM33_NTZ/non_secure/port.c ****     }
1828:Middlewares/Third_Party/FreeRTOS/Source/portable/GCC/ARM_CM33_NTZ/non_secure/port.c ****     #endif /* configENABLE_PAC == 1 || configENABLE_BTI == 1 */
1829:Middlewares/Third_Party/FreeRTOS/Source/portable/GCC/ARM_CM33_NTZ/non_secure/port.c **** 
1830:Middlewares/Third_Party/FreeRTOS/Source/portable/GCC/ARM_CM33_NTZ/non_secure/port.c ****     #if ( configENABLE_MPU == 1 )
1831:Middlewares/Third_Party/FreeRTOS/Source/portable/GCC/ARM_CM33_NTZ/non_secure/port.c ****     {
1832:Middlewares/Third_Party/FreeRTOS/Source/portable/GCC/ARM_CM33_NTZ/non_secure/port.c ****         /* Setup the Memory Protection Unit (MPU). */
1833:Middlewares/Third_Party/FreeRTOS/Source/portable/GCC/ARM_CM33_NTZ/non_secure/port.c ****         prvSetupMPU();
1834:Middlewares/Third_Party/FreeRTOS/Source/portable/GCC/ARM_CM33_NTZ/non_secure/port.c ****     }
1835:Middlewares/Third_Party/FreeRTOS/Source/portable/GCC/ARM_CM33_NTZ/non_secure/port.c ****     #endif /* configENABLE_MPU */
1836:Middlewares/Third_Party/FreeRTOS/Source/portable/GCC/ARM_CM33_NTZ/non_secure/port.c **** 
1837:Middlewares/Third_Party/FreeRTOS/Source/portable/GCC/ARM_CM33_NTZ/non_secure/port.c ****     /* Start the timer that generates the tick ISR. Interrupts are disabled
1838:Middlewares/Third_Party/FreeRTOS/Source/portable/GCC/ARM_CM33_NTZ/non_secure/port.c ****      * here already. */
1839:Middlewares/Third_Party/FreeRTOS/Source/portable/GCC/ARM_CM33_NTZ/non_secure/port.c ****     vPortSetupTimerInterrupt();
 687              		.loc 1 1839 5 is_stmt 1 view .LVU203
 688 00c4 FFF7FEFF 		bl	vPortSetupTimerInterrupt
 689              	.LVL46:
1840:Middlewares/Third_Party/FreeRTOS/Source/portable/GCC/ARM_CM33_NTZ/non_secure/port.c **** 
1841:Middlewares/Third_Party/FreeRTOS/Source/portable/GCC/ARM_CM33_NTZ/non_secure/port.c ****     /* Initialize the critical nesting count ready for the first task. */
1842:Middlewares/Third_Party/FreeRTOS/Source/portable/GCC/ARM_CM33_NTZ/non_secure/port.c ****     ulCriticalNesting = 0;
 690              		.loc 1 1842 5 view .LVU204
 691              		.loc 1 1842 23 is_stmt 0 view .LVU205
 692 00c8 0B4B     		ldr	r3, .L53+16
 693 00ca 1C60     		str	r4, [r3]
1843:Middlewares/Third_Party/FreeRTOS/Source/portable/GCC/ARM_CM33_NTZ/non_secure/port.c **** 
1844:Middlewares/Third_Party/FreeRTOS/Source/portable/GCC/ARM_CM33_NTZ/non_secure/port.c ****     #if ( ( configENABLE_MPU == 1 ) && ( configUSE_MPU_WRAPPERS_V1 == 0 ) )
1845:Middlewares/Third_Party/FreeRTOS/Source/portable/GCC/ARM_CM33_NTZ/non_secure/port.c ****     {
1846:Middlewares/Third_Party/FreeRTOS/Source/portable/GCC/ARM_CM33_NTZ/non_secure/port.c ****         xSchedulerRunning = pdTRUE;
1847:Middlewares/Third_Party/FreeRTOS/Source/portable/GCC/ARM_CM33_NTZ/non_secure/port.c ****     }
1848:Middlewares/Third_Party/FreeRTOS/Source/portable/GCC/ARM_CM33_NTZ/non_secure/port.c ****     #endif /* ( ( configENABLE_MPU == 1 ) && ( configUSE_MPU_WRAPPERS_V1 == 0 ) ) */
1849:Middlewares/Third_Party/FreeRTOS/Source/portable/GCC/ARM_CM33_NTZ/non_secure/port.c **** 
1850:Middlewares/Third_Party/FreeRTOS/Source/portable/GCC/ARM_CM33_NTZ/non_secure/port.c ****     /* Start the first task. */
1851:Middlewares/Third_Party/FreeRTOS/Source/portable/GCC/ARM_CM33_NTZ/non_secure/port.c ****     vStartFirstTask();
 694              		.loc 1 1851 5 is_stmt 1 view .LVU206
 695 00cc FFF7FEFF 		bl	vStartFirstTask
 696              	.LVL47:
1852:Middlewares/Third_Party/FreeRTOS/Source/portable/GCC/ARM_CM33_NTZ/non_secure/port.c **** 
1853:Middlewares/Third_Party/FreeRTOS/Source/portable/GCC/ARM_CM33_NTZ/non_secure/port.c ****     /* Should never get here as the tasks will now be executing. Call the task
1854:Middlewares/Third_Party/FreeRTOS/Source/portable/GCC/ARM_CM33_NTZ/non_secure/port.c ****      * exit error function to prevent compiler warnings about a static function
1855:Middlewares/Third_Party/FreeRTOS/Source/portable/GCC/ARM_CM33_NTZ/non_secure/port.c ****      * not being called in the case that the application writer overrides this
1856:Middlewares/Third_Party/FreeRTOS/Source/portable/GCC/ARM_CM33_NTZ/non_secure/port.c ****      * functionality by defining configTASK_RETURN_ADDRESS. Call
1857:Middlewares/Third_Party/FreeRTOS/Source/portable/GCC/ARM_CM33_NTZ/non_secure/port.c ****      * vTaskSwitchContext() so link time optimization does not remove the
1858:Middlewares/Third_Party/FreeRTOS/Source/portable/GCC/ARM_CM33_NTZ/non_secure/port.c ****      * symbol. */
1859:Middlewares/Third_Party/FreeRTOS/Source/portable/GCC/ARM_CM33_NTZ/non_secure/port.c ****     vTaskSwitchContext();
 697              		.loc 1 1859 5 view .LVU207
 698 00d0 FFF7FEFF 		bl	vTaskSwitchContext
ARM GAS  /tmp/ccroD92D.s 			page 46


 699              	.LVL48:
1860:Middlewares/Third_Party/FreeRTOS/Source/portable/GCC/ARM_CM33_NTZ/non_secure/port.c ****     prvTaskExitError();
 700              		.loc 1 1860 5 view .LVU208
 701 00d4 FFF7FEFF 		bl	prvTaskExitError
 702              	.LVL49:
1861:Middlewares/Third_Party/FreeRTOS/Source/portable/GCC/ARM_CM33_NTZ/non_secure/port.c **** 
1862:Middlewares/Third_Party/FreeRTOS/Source/portable/GCC/ARM_CM33_NTZ/non_secure/port.c ****     /* Should not get here. */
1863:Middlewares/Third_Party/FreeRTOS/Source/portable/GCC/ARM_CM33_NTZ/non_secure/port.c ****     return 0;
 703              		.loc 1 1863 5 view .LVU209
1864:Middlewares/Third_Party/FreeRTOS/Source/portable/GCC/ARM_CM33_NTZ/non_secure/port.c **** }
 704              		.loc 1 1864 1 is_stmt 0 view .LVU210
 705 00d8 2046     		mov	r0, r4
 706 00da 02B0     		add	sp, sp, #8
 707              	.LCFI11:
 708              		.cfi_remember_state
 709              		.cfi_def_cfa_offset 8
 710              		@ sp needed
 711 00dc 10BD     		pop	{r4, pc}
 712              	.L52:
 713              	.LCFI12:
 714              		.cfi_restore_state
 715              	.LBB4:
1801:Middlewares/Third_Party/FreeRTOS/Source/portable/GCC/ARM_CM33_NTZ/non_secure/port.c ****             ulMaxPRIGROUPValue = 0;
 716              		.loc 1 1801 13 is_stmt 1 view .LVU211
1801:Middlewares/Third_Party/FreeRTOS/Source/portable/GCC/ARM_CM33_NTZ/non_secure/port.c ****             ulMaxPRIGROUPValue = 0;
 717              		.loc 1 1801 82 discriminator 2 view .LVU212
1802:Middlewares/Third_Party/FreeRTOS/Source/portable/GCC/ARM_CM33_NTZ/non_secure/port.c ****         }
 718              		.loc 1 1802 13 view .LVU213
1802:Middlewares/Third_Party/FreeRTOS/Source/portable/GCC/ARM_CM33_NTZ/non_secure/port.c ****         }
 719              		.loc 1 1802 32 is_stmt 0 view .LVU214
 720 00de 054B     		ldr	r3, .L53+12
 721 00e0 0022     		movs	r2, #0
 722 00e2 1A60     		str	r2, [r3]
 723 00e4 D6E7     		b	.L49
 724              	.L54:
 725 00e6 00BF     		.align	2
 726              	.L53:
 727 00e8 00000000 		.word	SVC_Handler
 728 00ec 00000000 		.word	PendSV_Handler
 729 00f0 00000000 		.word	ucMaxSysCallPriority
 730 00f4 00000000 		.word	ulMaxPRIGROUPValue
 731 00f8 00000000 		.word	ulCriticalNesting
 732              	.LBE4:
 733              		.cfi_endproc
 734              	.LFE8:
 736              		.section	.text.vPortEndScheduler,"ax",%progbits
 737              		.align	1
 738              		.global	vPortEndScheduler
 739              		.syntax unified
 740              		.thumb
 741              		.thumb_func
 743              	vPortEndScheduler:
 744              	.LFB9:
1865:Middlewares/Third_Party/FreeRTOS/Source/portable/GCC/ARM_CM33_NTZ/non_secure/port.c **** /*-----------------------------------------------------------*/
1866:Middlewares/Third_Party/FreeRTOS/Source/portable/GCC/ARM_CM33_NTZ/non_secure/port.c **** 
1867:Middlewares/Third_Party/FreeRTOS/Source/portable/GCC/ARM_CM33_NTZ/non_secure/port.c **** void vPortEndScheduler( void ) /* PRIVILEGED_FUNCTION */
1868:Middlewares/Third_Party/FreeRTOS/Source/portable/GCC/ARM_CM33_NTZ/non_secure/port.c **** {
ARM GAS  /tmp/ccroD92D.s 			page 47


 745              		.loc 1 1868 1 is_stmt 1 view -0
 746              		.cfi_startproc
 747              		@ args = 0, pretend = 0, frame = 0
 748              		@ frame_needed = 0, uses_anonymous_args = 0
 749 0000 08B5     		push	{r3, lr}
 750              	.LCFI13:
 751              		.cfi_def_cfa_offset 8
 752              		.cfi_offset 3, -8
 753              		.cfi_offset 14, -4
1869:Middlewares/Third_Party/FreeRTOS/Source/portable/GCC/ARM_CM33_NTZ/non_secure/port.c ****     /* Not implemented in ports where there is nothing to return to.
1870:Middlewares/Third_Party/FreeRTOS/Source/portable/GCC/ARM_CM33_NTZ/non_secure/port.c ****      * Artificially force an assert. */
1871:Middlewares/Third_Party/FreeRTOS/Source/portable/GCC/ARM_CM33_NTZ/non_secure/port.c ****     configASSERT( ulCriticalNesting == 1000UL );
 754              		.loc 1 1871 5 view .LVU216
 755 0002 044B     		ldr	r3, .L60
 756 0004 1B68     		ldr	r3, [r3]
 757 0006 B3F57A7F 		cmp	r3, #1000
 758 000a 00D1     		bne	.L59
1872:Middlewares/Third_Party/FreeRTOS/Source/portable/GCC/ARM_CM33_NTZ/non_secure/port.c **** }
 759              		.loc 1 1872 1 is_stmt 0 view .LVU217
 760 000c 08BD     		pop	{r3, pc}
 761              	.L59:
1871:Middlewares/Third_Party/FreeRTOS/Source/portable/GCC/ARM_CM33_NTZ/non_secure/port.c **** }
 762              		.loc 1 1871 5 is_stmt 1 discriminator 1 view .LVU218
 763 000e FFF7FEFF 		bl	ulSetInterruptMask
 764              	.LVL50:
 765              	.L57:
1871:Middlewares/Third_Party/FreeRTOS/Source/portable/GCC/ARM_CM33_NTZ/non_secure/port.c **** }
 766              		.loc 1 1871 5 discriminator 3 view .LVU219
1871:Middlewares/Third_Party/FreeRTOS/Source/portable/GCC/ARM_CM33_NTZ/non_secure/port.c **** }
 767              		.loc 1 1871 5 discriminator 3 view .LVU220
 768 0012 FEE7     		b	.L57
 769              	.L61:
 770              		.align	2
 771              	.L60:
 772 0014 00000000 		.word	ulCriticalNesting
 773              		.cfi_endproc
 774              	.LFE9:
 776              		.section	.text.xPortIsInsideInterrupt,"ax",%progbits
 777              		.align	1
 778              		.global	xPortIsInsideInterrupt
 779              		.syntax unified
 780              		.thumb
 781              		.thumb_func
 783              	xPortIsInsideInterrupt:
 784              	.LFB10:
1873:Middlewares/Third_Party/FreeRTOS/Source/portable/GCC/ARM_CM33_NTZ/non_secure/port.c **** /*-----------------------------------------------------------*/
1874:Middlewares/Third_Party/FreeRTOS/Source/portable/GCC/ARM_CM33_NTZ/non_secure/port.c **** 
1875:Middlewares/Third_Party/FreeRTOS/Source/portable/GCC/ARM_CM33_NTZ/non_secure/port.c **** #if ( configENABLE_MPU == 1 )
1876:Middlewares/Third_Party/FreeRTOS/Source/portable/GCC/ARM_CM33_NTZ/non_secure/port.c **** 
1877:Middlewares/Third_Party/FreeRTOS/Source/portable/GCC/ARM_CM33_NTZ/non_secure/port.c ****     void vPortStoreTaskMPUSettings( xMPU_SETTINGS * xMPUSettings,
1878:Middlewares/Third_Party/FreeRTOS/Source/portable/GCC/ARM_CM33_NTZ/non_secure/port.c ****                                     const struct xMEMORY_REGION * const xRegions,
1879:Middlewares/Third_Party/FreeRTOS/Source/portable/GCC/ARM_CM33_NTZ/non_secure/port.c ****                                     StackType_t * pxBottomOfStack,
1880:Middlewares/Third_Party/FreeRTOS/Source/portable/GCC/ARM_CM33_NTZ/non_secure/port.c ****                                     configSTACK_DEPTH_TYPE uxStackDepth )
1881:Middlewares/Third_Party/FreeRTOS/Source/portable/GCC/ARM_CM33_NTZ/non_secure/port.c ****     {
1882:Middlewares/Third_Party/FreeRTOS/Source/portable/GCC/ARM_CM33_NTZ/non_secure/port.c ****         uint32_t ulRegionStartAddress, ulRegionEndAddress, ulRegionNumber;
1883:Middlewares/Third_Party/FreeRTOS/Source/portable/GCC/ARM_CM33_NTZ/non_secure/port.c ****         int32_t lIndex = 0;
1884:Middlewares/Third_Party/FreeRTOS/Source/portable/GCC/ARM_CM33_NTZ/non_secure/port.c **** 
ARM GAS  /tmp/ccroD92D.s 			page 48


1885:Middlewares/Third_Party/FreeRTOS/Source/portable/GCC/ARM_CM33_NTZ/non_secure/port.c ****         #if defined( __ARMCC_VERSION )
1886:Middlewares/Third_Party/FreeRTOS/Source/portable/GCC/ARM_CM33_NTZ/non_secure/port.c **** 
1887:Middlewares/Third_Party/FreeRTOS/Source/portable/GCC/ARM_CM33_NTZ/non_secure/port.c ****             /* Declaration when these variable are defined in code instead of being
1888:Middlewares/Third_Party/FreeRTOS/Source/portable/GCC/ARM_CM33_NTZ/non_secure/port.c ****              * exported from linker scripts. */
1889:Middlewares/Third_Party/FreeRTOS/Source/portable/GCC/ARM_CM33_NTZ/non_secure/port.c ****             extern uint32_t * __privileged_sram_start__;
1890:Middlewares/Third_Party/FreeRTOS/Source/portable/GCC/ARM_CM33_NTZ/non_secure/port.c ****             extern uint32_t * __privileged_sram_end__;
1891:Middlewares/Third_Party/FreeRTOS/Source/portable/GCC/ARM_CM33_NTZ/non_secure/port.c ****         #else
1892:Middlewares/Third_Party/FreeRTOS/Source/portable/GCC/ARM_CM33_NTZ/non_secure/port.c ****             /* Declaration when these variable are exported from linker scripts. */
1893:Middlewares/Third_Party/FreeRTOS/Source/portable/GCC/ARM_CM33_NTZ/non_secure/port.c ****             extern uint32_t __privileged_sram_start__[];
1894:Middlewares/Third_Party/FreeRTOS/Source/portable/GCC/ARM_CM33_NTZ/non_secure/port.c ****             extern uint32_t __privileged_sram_end__[];
1895:Middlewares/Third_Party/FreeRTOS/Source/portable/GCC/ARM_CM33_NTZ/non_secure/port.c ****         #endif /* defined( __ARMCC_VERSION ) */
1896:Middlewares/Third_Party/FreeRTOS/Source/portable/GCC/ARM_CM33_NTZ/non_secure/port.c **** 
1897:Middlewares/Third_Party/FreeRTOS/Source/portable/GCC/ARM_CM33_NTZ/non_secure/port.c ****         /* Setup MAIR0. */
1898:Middlewares/Third_Party/FreeRTOS/Source/portable/GCC/ARM_CM33_NTZ/non_secure/port.c ****         xMPUSettings->ulMAIR0 = ( ( portMPU_NORMAL_MEMORY_BUFFERABLE_CACHEABLE << portMPU_MAIR_ATTR
1899:Middlewares/Third_Party/FreeRTOS/Source/portable/GCC/ARM_CM33_NTZ/non_secure/port.c ****         xMPUSettings->ulMAIR0 |= ( ( portMPU_DEVICE_MEMORY_nGnRE << portMPU_MAIR_ATTR1_POS ) & port
1900:Middlewares/Third_Party/FreeRTOS/Source/portable/GCC/ARM_CM33_NTZ/non_secure/port.c **** 
1901:Middlewares/Third_Party/FreeRTOS/Source/portable/GCC/ARM_CM33_NTZ/non_secure/port.c ****         /* This function is called automatically when the task is created - in
1902:Middlewares/Third_Party/FreeRTOS/Source/portable/GCC/ARM_CM33_NTZ/non_secure/port.c ****          * which case the stack region parameters will be valid.  At all other
1903:Middlewares/Third_Party/FreeRTOS/Source/portable/GCC/ARM_CM33_NTZ/non_secure/port.c ****          * times the stack parameters will not be valid and it is assumed that
1904:Middlewares/Third_Party/FreeRTOS/Source/portable/GCC/ARM_CM33_NTZ/non_secure/port.c ****          * the stack region has already been configured. */
1905:Middlewares/Third_Party/FreeRTOS/Source/portable/GCC/ARM_CM33_NTZ/non_secure/port.c ****         if( uxStackDepth > 0 )
1906:Middlewares/Third_Party/FreeRTOS/Source/portable/GCC/ARM_CM33_NTZ/non_secure/port.c ****         {
1907:Middlewares/Third_Party/FreeRTOS/Source/portable/GCC/ARM_CM33_NTZ/non_secure/port.c ****             ulRegionStartAddress = ( uint32_t ) pxBottomOfStack;
1908:Middlewares/Third_Party/FreeRTOS/Source/portable/GCC/ARM_CM33_NTZ/non_secure/port.c ****             ulRegionEndAddress = ( uint32_t ) pxBottomOfStack + ( uxStackDepth * ( configSTACK_DEPT
1909:Middlewares/Third_Party/FreeRTOS/Source/portable/GCC/ARM_CM33_NTZ/non_secure/port.c **** 
1910:Middlewares/Third_Party/FreeRTOS/Source/portable/GCC/ARM_CM33_NTZ/non_secure/port.c ****             /* If the stack is within the privileged SRAM, do not protect it
1911:Middlewares/Third_Party/FreeRTOS/Source/portable/GCC/ARM_CM33_NTZ/non_secure/port.c ****              * using a separate MPU region. This is needed because privileged
1912:Middlewares/Third_Party/FreeRTOS/Source/portable/GCC/ARM_CM33_NTZ/non_secure/port.c ****              * SRAM is already protected using an MPU region and ARMv8-M does
1913:Middlewares/Third_Party/FreeRTOS/Source/portable/GCC/ARM_CM33_NTZ/non_secure/port.c ****              * not allow overlapping MPU regions. */
1914:Middlewares/Third_Party/FreeRTOS/Source/portable/GCC/ARM_CM33_NTZ/non_secure/port.c ****             if( ( ulRegionStartAddress >= ( uint32_t ) __privileged_sram_start__ ) &&
1915:Middlewares/Third_Party/FreeRTOS/Source/portable/GCC/ARM_CM33_NTZ/non_secure/port.c ****                 ( ulRegionEndAddress <= ( uint32_t ) __privileged_sram_end__ ) )
1916:Middlewares/Third_Party/FreeRTOS/Source/portable/GCC/ARM_CM33_NTZ/non_secure/port.c ****             {
1917:Middlewares/Third_Party/FreeRTOS/Source/portable/GCC/ARM_CM33_NTZ/non_secure/port.c ****                 xMPUSettings->xRegionsSettings[ 0 ].ulRBAR = 0;
1918:Middlewares/Third_Party/FreeRTOS/Source/portable/GCC/ARM_CM33_NTZ/non_secure/port.c ****                 xMPUSettings->xRegionsSettings[ 0 ].ulRLAR = 0;
1919:Middlewares/Third_Party/FreeRTOS/Source/portable/GCC/ARM_CM33_NTZ/non_secure/port.c ****             }
1920:Middlewares/Third_Party/FreeRTOS/Source/portable/GCC/ARM_CM33_NTZ/non_secure/port.c ****             else
1921:Middlewares/Third_Party/FreeRTOS/Source/portable/GCC/ARM_CM33_NTZ/non_secure/port.c ****             {
1922:Middlewares/Third_Party/FreeRTOS/Source/portable/GCC/ARM_CM33_NTZ/non_secure/port.c ****                 /* Define the region that allows access to the stack. */
1923:Middlewares/Third_Party/FreeRTOS/Source/portable/GCC/ARM_CM33_NTZ/non_secure/port.c ****                 ulRegionStartAddress &= portMPU_RBAR_ADDRESS_MASK;
1924:Middlewares/Third_Party/FreeRTOS/Source/portable/GCC/ARM_CM33_NTZ/non_secure/port.c ****                 ulRegionEndAddress &= portMPU_RLAR_ADDRESS_MASK;
1925:Middlewares/Third_Party/FreeRTOS/Source/portable/GCC/ARM_CM33_NTZ/non_secure/port.c **** 
1926:Middlewares/Third_Party/FreeRTOS/Source/portable/GCC/ARM_CM33_NTZ/non_secure/port.c ****                 xMPUSettings->xRegionsSettings[ 0 ].ulRBAR = ( ulRegionStartAddress ) |
1927:Middlewares/Third_Party/FreeRTOS/Source/portable/GCC/ARM_CM33_NTZ/non_secure/port.c ****                                                              ( portMPU_REGION_NON_SHAREABLE ) |
1928:Middlewares/Third_Party/FreeRTOS/Source/portable/GCC/ARM_CM33_NTZ/non_secure/port.c ****                                                              ( portMPU_REGION_READ_WRITE ) |
1929:Middlewares/Third_Party/FreeRTOS/Source/portable/GCC/ARM_CM33_NTZ/non_secure/port.c ****                                                              ( portMPU_REGION_EXECUTE_NEVER );
1930:Middlewares/Third_Party/FreeRTOS/Source/portable/GCC/ARM_CM33_NTZ/non_secure/port.c **** 
1931:Middlewares/Third_Party/FreeRTOS/Source/portable/GCC/ARM_CM33_NTZ/non_secure/port.c ****                 xMPUSettings->xRegionsSettings[ 0 ].ulRLAR = ( ulRegionEndAddress ) |
1932:Middlewares/Third_Party/FreeRTOS/Source/portable/GCC/ARM_CM33_NTZ/non_secure/port.c ****                                                              ( portMPU_RLAR_ATTR_INDEX0 ) |
1933:Middlewares/Third_Party/FreeRTOS/Source/portable/GCC/ARM_CM33_NTZ/non_secure/port.c ****                                                              ( portMPU_RLAR_REGION_ENABLE );
1934:Middlewares/Third_Party/FreeRTOS/Source/portable/GCC/ARM_CM33_NTZ/non_secure/port.c ****             }
1935:Middlewares/Third_Party/FreeRTOS/Source/portable/GCC/ARM_CM33_NTZ/non_secure/port.c ****         }
1936:Middlewares/Third_Party/FreeRTOS/Source/portable/GCC/ARM_CM33_NTZ/non_secure/port.c **** 
1937:Middlewares/Third_Party/FreeRTOS/Source/portable/GCC/ARM_CM33_NTZ/non_secure/port.c ****         /* User supplied configurable regions. */
1938:Middlewares/Third_Party/FreeRTOS/Source/portable/GCC/ARM_CM33_NTZ/non_secure/port.c ****         for( ulRegionNumber = 1; ulRegionNumber <= portNUM_CONFIGURABLE_REGIONS; ulRegionNumber++ )
1939:Middlewares/Third_Party/FreeRTOS/Source/portable/GCC/ARM_CM33_NTZ/non_secure/port.c ****         {
1940:Middlewares/Third_Party/FreeRTOS/Source/portable/GCC/ARM_CM33_NTZ/non_secure/port.c ****             /* If xRegions is NULL i.e. the task has not specified any MPU
1941:Middlewares/Third_Party/FreeRTOS/Source/portable/GCC/ARM_CM33_NTZ/non_secure/port.c ****              * region, the else part ensures that all the configurable MPU
ARM GAS  /tmp/ccroD92D.s 			page 49


1942:Middlewares/Third_Party/FreeRTOS/Source/portable/GCC/ARM_CM33_NTZ/non_secure/port.c ****              * regions are invalidated. */
1943:Middlewares/Third_Party/FreeRTOS/Source/portable/GCC/ARM_CM33_NTZ/non_secure/port.c ****             if( ( xRegions != NULL ) && ( xRegions[ lIndex ].ulLengthInBytes > 0UL ) )
1944:Middlewares/Third_Party/FreeRTOS/Source/portable/GCC/ARM_CM33_NTZ/non_secure/port.c ****             {
1945:Middlewares/Third_Party/FreeRTOS/Source/portable/GCC/ARM_CM33_NTZ/non_secure/port.c ****                 /* Translate the generic region definition contained in xRegions
1946:Middlewares/Third_Party/FreeRTOS/Source/portable/GCC/ARM_CM33_NTZ/non_secure/port.c ****                  * into the ARMv8 specific MPU settings that are then stored in
1947:Middlewares/Third_Party/FreeRTOS/Source/portable/GCC/ARM_CM33_NTZ/non_secure/port.c ****                  * xMPUSettings. */
1948:Middlewares/Third_Party/FreeRTOS/Source/portable/GCC/ARM_CM33_NTZ/non_secure/port.c ****                 ulRegionStartAddress = ( ( uint32_t ) xRegions[ lIndex ].pvBaseAddress ) & portMPU_
1949:Middlewares/Third_Party/FreeRTOS/Source/portable/GCC/ARM_CM33_NTZ/non_secure/port.c ****                 ulRegionEndAddress = ( uint32_t ) xRegions[ lIndex ].pvBaseAddress + xRegions[ lInd
1950:Middlewares/Third_Party/FreeRTOS/Source/portable/GCC/ARM_CM33_NTZ/non_secure/port.c ****                 ulRegionEndAddress &= portMPU_RLAR_ADDRESS_MASK;
1951:Middlewares/Third_Party/FreeRTOS/Source/portable/GCC/ARM_CM33_NTZ/non_secure/port.c **** 
1952:Middlewares/Third_Party/FreeRTOS/Source/portable/GCC/ARM_CM33_NTZ/non_secure/port.c ****                 /* Start address. */
1953:Middlewares/Third_Party/FreeRTOS/Source/portable/GCC/ARM_CM33_NTZ/non_secure/port.c ****                 xMPUSettings->xRegionsSettings[ ulRegionNumber ].ulRBAR = ( ulRegionStartAddress ) 
1954:Middlewares/Third_Party/FreeRTOS/Source/portable/GCC/ARM_CM33_NTZ/non_secure/port.c ****                                                                           ( portMPU_REGION_NON_SHAR
1955:Middlewares/Third_Party/FreeRTOS/Source/portable/GCC/ARM_CM33_NTZ/non_secure/port.c **** 
1956:Middlewares/Third_Party/FreeRTOS/Source/portable/GCC/ARM_CM33_NTZ/non_secure/port.c ****                 /* RO/RW. */
1957:Middlewares/Third_Party/FreeRTOS/Source/portable/GCC/ARM_CM33_NTZ/non_secure/port.c ****                 if( ( xRegions[ lIndex ].ulParameters & tskMPU_REGION_READ_ONLY ) != 0 )
1958:Middlewares/Third_Party/FreeRTOS/Source/portable/GCC/ARM_CM33_NTZ/non_secure/port.c ****                 {
1959:Middlewares/Third_Party/FreeRTOS/Source/portable/GCC/ARM_CM33_NTZ/non_secure/port.c ****                     xMPUSettings->xRegionsSettings[ ulRegionNumber ].ulRBAR |= ( portMPU_REGION_REA
1960:Middlewares/Third_Party/FreeRTOS/Source/portable/GCC/ARM_CM33_NTZ/non_secure/port.c ****                 }
1961:Middlewares/Third_Party/FreeRTOS/Source/portable/GCC/ARM_CM33_NTZ/non_secure/port.c ****                 else
1962:Middlewares/Third_Party/FreeRTOS/Source/portable/GCC/ARM_CM33_NTZ/non_secure/port.c ****                 {
1963:Middlewares/Third_Party/FreeRTOS/Source/portable/GCC/ARM_CM33_NTZ/non_secure/port.c ****                     xMPUSettings->xRegionsSettings[ ulRegionNumber ].ulRBAR |= ( portMPU_REGION_REA
1964:Middlewares/Third_Party/FreeRTOS/Source/portable/GCC/ARM_CM33_NTZ/non_secure/port.c ****                 }
1965:Middlewares/Third_Party/FreeRTOS/Source/portable/GCC/ARM_CM33_NTZ/non_secure/port.c **** 
1966:Middlewares/Third_Party/FreeRTOS/Source/portable/GCC/ARM_CM33_NTZ/non_secure/port.c ****                 /* XN. */
1967:Middlewares/Third_Party/FreeRTOS/Source/portable/GCC/ARM_CM33_NTZ/non_secure/port.c ****                 if( ( xRegions[ lIndex ].ulParameters & tskMPU_REGION_EXECUTE_NEVER ) != 0 )
1968:Middlewares/Third_Party/FreeRTOS/Source/portable/GCC/ARM_CM33_NTZ/non_secure/port.c ****                 {
1969:Middlewares/Third_Party/FreeRTOS/Source/portable/GCC/ARM_CM33_NTZ/non_secure/port.c ****                     xMPUSettings->xRegionsSettings[ ulRegionNumber ].ulRBAR |= ( portMPU_REGION_EXE
1970:Middlewares/Third_Party/FreeRTOS/Source/portable/GCC/ARM_CM33_NTZ/non_secure/port.c ****                 }
1971:Middlewares/Third_Party/FreeRTOS/Source/portable/GCC/ARM_CM33_NTZ/non_secure/port.c **** 
1972:Middlewares/Third_Party/FreeRTOS/Source/portable/GCC/ARM_CM33_NTZ/non_secure/port.c ****                 /* End Address. */
1973:Middlewares/Third_Party/FreeRTOS/Source/portable/GCC/ARM_CM33_NTZ/non_secure/port.c ****                 xMPUSettings->xRegionsSettings[ ulRegionNumber ].ulRLAR = ( ulRegionEndAddress ) |
1974:Middlewares/Third_Party/FreeRTOS/Source/portable/GCC/ARM_CM33_NTZ/non_secure/port.c ****                                                                           ( portMPU_RLAR_REGION_ENA
1975:Middlewares/Third_Party/FreeRTOS/Source/portable/GCC/ARM_CM33_NTZ/non_secure/port.c **** 
1976:Middlewares/Third_Party/FreeRTOS/Source/portable/GCC/ARM_CM33_NTZ/non_secure/port.c ****                 /* PXN. */
1977:Middlewares/Third_Party/FreeRTOS/Source/portable/GCC/ARM_CM33_NTZ/non_secure/port.c ****                 #if ( portARMV8M_MINOR_VERSION >= 1 )
1978:Middlewares/Third_Party/FreeRTOS/Source/portable/GCC/ARM_CM33_NTZ/non_secure/port.c ****                 {
1979:Middlewares/Third_Party/FreeRTOS/Source/portable/GCC/ARM_CM33_NTZ/non_secure/port.c ****                     if( ( xRegions[ lIndex ].ulParameters & tskMPU_REGION_PRIVILEGED_EXECUTE_NEVER 
1980:Middlewares/Third_Party/FreeRTOS/Source/portable/GCC/ARM_CM33_NTZ/non_secure/port.c ****                     {
1981:Middlewares/Third_Party/FreeRTOS/Source/portable/GCC/ARM_CM33_NTZ/non_secure/port.c ****                         xMPUSettings->xRegionsSettings[ ulRegionNumber ].ulRLAR |= ( portMPU_RLAR_P
1982:Middlewares/Third_Party/FreeRTOS/Source/portable/GCC/ARM_CM33_NTZ/non_secure/port.c ****                     }
1983:Middlewares/Third_Party/FreeRTOS/Source/portable/GCC/ARM_CM33_NTZ/non_secure/port.c ****                 }
1984:Middlewares/Third_Party/FreeRTOS/Source/portable/GCC/ARM_CM33_NTZ/non_secure/port.c ****                 #endif /* portARMV8M_MINOR_VERSION >= 1 */
1985:Middlewares/Third_Party/FreeRTOS/Source/portable/GCC/ARM_CM33_NTZ/non_secure/port.c **** 
1986:Middlewares/Third_Party/FreeRTOS/Source/portable/GCC/ARM_CM33_NTZ/non_secure/port.c ****                 /* Normal memory/ Device memory. */
1987:Middlewares/Third_Party/FreeRTOS/Source/portable/GCC/ARM_CM33_NTZ/non_secure/port.c ****                 if( ( xRegions[ lIndex ].ulParameters & tskMPU_REGION_DEVICE_MEMORY ) != 0 )
1988:Middlewares/Third_Party/FreeRTOS/Source/portable/GCC/ARM_CM33_NTZ/non_secure/port.c ****                 {
1989:Middlewares/Third_Party/FreeRTOS/Source/portable/GCC/ARM_CM33_NTZ/non_secure/port.c ****                     /* Attr1 in MAIR0 is configured as device memory. */
1990:Middlewares/Third_Party/FreeRTOS/Source/portable/GCC/ARM_CM33_NTZ/non_secure/port.c ****                     xMPUSettings->xRegionsSettings[ ulRegionNumber ].ulRLAR |= portMPU_RLAR_ATTR_IN
1991:Middlewares/Third_Party/FreeRTOS/Source/portable/GCC/ARM_CM33_NTZ/non_secure/port.c ****                 }
1992:Middlewares/Third_Party/FreeRTOS/Source/portable/GCC/ARM_CM33_NTZ/non_secure/port.c ****                 else
1993:Middlewares/Third_Party/FreeRTOS/Source/portable/GCC/ARM_CM33_NTZ/non_secure/port.c ****                 {
1994:Middlewares/Third_Party/FreeRTOS/Source/portable/GCC/ARM_CM33_NTZ/non_secure/port.c ****                     /* Attr0 in MAIR0 is configured as normal memory. */
1995:Middlewares/Third_Party/FreeRTOS/Source/portable/GCC/ARM_CM33_NTZ/non_secure/port.c ****                     xMPUSettings->xRegionsSettings[ ulRegionNumber ].ulRLAR |= portMPU_RLAR_ATTR_IN
1996:Middlewares/Third_Party/FreeRTOS/Source/portable/GCC/ARM_CM33_NTZ/non_secure/port.c ****                 }
1997:Middlewares/Third_Party/FreeRTOS/Source/portable/GCC/ARM_CM33_NTZ/non_secure/port.c ****             }
1998:Middlewares/Third_Party/FreeRTOS/Source/portable/GCC/ARM_CM33_NTZ/non_secure/port.c ****             else
ARM GAS  /tmp/ccroD92D.s 			page 50


1999:Middlewares/Third_Party/FreeRTOS/Source/portable/GCC/ARM_CM33_NTZ/non_secure/port.c ****             {
2000:Middlewares/Third_Party/FreeRTOS/Source/portable/GCC/ARM_CM33_NTZ/non_secure/port.c ****                 /* Invalidate the region. */
2001:Middlewares/Third_Party/FreeRTOS/Source/portable/GCC/ARM_CM33_NTZ/non_secure/port.c ****                 xMPUSettings->xRegionsSettings[ ulRegionNumber ].ulRBAR = 0UL;
2002:Middlewares/Third_Party/FreeRTOS/Source/portable/GCC/ARM_CM33_NTZ/non_secure/port.c ****                 xMPUSettings->xRegionsSettings[ ulRegionNumber ].ulRLAR = 0UL;
2003:Middlewares/Third_Party/FreeRTOS/Source/portable/GCC/ARM_CM33_NTZ/non_secure/port.c ****             }
2004:Middlewares/Third_Party/FreeRTOS/Source/portable/GCC/ARM_CM33_NTZ/non_secure/port.c **** 
2005:Middlewares/Third_Party/FreeRTOS/Source/portable/GCC/ARM_CM33_NTZ/non_secure/port.c ****             lIndex++;
2006:Middlewares/Third_Party/FreeRTOS/Source/portable/GCC/ARM_CM33_NTZ/non_secure/port.c ****         }
2007:Middlewares/Third_Party/FreeRTOS/Source/portable/GCC/ARM_CM33_NTZ/non_secure/port.c ****     }
2008:Middlewares/Third_Party/FreeRTOS/Source/portable/GCC/ARM_CM33_NTZ/non_secure/port.c **** 
2009:Middlewares/Third_Party/FreeRTOS/Source/portable/GCC/ARM_CM33_NTZ/non_secure/port.c **** #endif /* configENABLE_MPU */
2010:Middlewares/Third_Party/FreeRTOS/Source/portable/GCC/ARM_CM33_NTZ/non_secure/port.c **** /*-----------------------------------------------------------*/
2011:Middlewares/Third_Party/FreeRTOS/Source/portable/GCC/ARM_CM33_NTZ/non_secure/port.c **** 
2012:Middlewares/Third_Party/FreeRTOS/Source/portable/GCC/ARM_CM33_NTZ/non_secure/port.c **** #if ( ( configENABLE_MPU == 1 ) && ( configUSE_MPU_WRAPPERS_V1 == 0 ) )
2013:Middlewares/Third_Party/FreeRTOS/Source/portable/GCC/ARM_CM33_NTZ/non_secure/port.c **** 
2014:Middlewares/Third_Party/FreeRTOS/Source/portable/GCC/ARM_CM33_NTZ/non_secure/port.c ****     BaseType_t xPortIsAuthorizedToAccessBuffer( const void * pvBuffer,
2015:Middlewares/Third_Party/FreeRTOS/Source/portable/GCC/ARM_CM33_NTZ/non_secure/port.c ****                                                 uint32_t ulBufferLength,
2016:Middlewares/Third_Party/FreeRTOS/Source/portable/GCC/ARM_CM33_NTZ/non_secure/port.c ****                                                 uint32_t ulAccessRequested ) /* PRIVILEGED_FUNCTION
2017:Middlewares/Third_Party/FreeRTOS/Source/portable/GCC/ARM_CM33_NTZ/non_secure/port.c **** 
2018:Middlewares/Third_Party/FreeRTOS/Source/portable/GCC/ARM_CM33_NTZ/non_secure/port.c ****     {
2019:Middlewares/Third_Party/FreeRTOS/Source/portable/GCC/ARM_CM33_NTZ/non_secure/port.c ****         uint32_t i, ulBufferStartAddress, ulBufferEndAddress;
2020:Middlewares/Third_Party/FreeRTOS/Source/portable/GCC/ARM_CM33_NTZ/non_secure/port.c ****         BaseType_t xAccessGranted = pdFALSE;
2021:Middlewares/Third_Party/FreeRTOS/Source/portable/GCC/ARM_CM33_NTZ/non_secure/port.c ****         const xMPU_SETTINGS * xTaskMpuSettings = xTaskGetMPUSettings( NULL ); /* Calling task's MPU
2022:Middlewares/Third_Party/FreeRTOS/Source/portable/GCC/ARM_CM33_NTZ/non_secure/port.c **** 
2023:Middlewares/Third_Party/FreeRTOS/Source/portable/GCC/ARM_CM33_NTZ/non_secure/port.c ****         if( xSchedulerRunning == pdFALSE )
2024:Middlewares/Third_Party/FreeRTOS/Source/portable/GCC/ARM_CM33_NTZ/non_secure/port.c ****         {
2025:Middlewares/Third_Party/FreeRTOS/Source/portable/GCC/ARM_CM33_NTZ/non_secure/port.c ****             /* Grant access to all the kernel objects before the scheduler
2026:Middlewares/Third_Party/FreeRTOS/Source/portable/GCC/ARM_CM33_NTZ/non_secure/port.c ****              * is started. It is necessary because there is no task running
2027:Middlewares/Third_Party/FreeRTOS/Source/portable/GCC/ARM_CM33_NTZ/non_secure/port.c ****              * yet and therefore, we cannot use the permissions of any
2028:Middlewares/Third_Party/FreeRTOS/Source/portable/GCC/ARM_CM33_NTZ/non_secure/port.c ****              * task. */
2029:Middlewares/Third_Party/FreeRTOS/Source/portable/GCC/ARM_CM33_NTZ/non_secure/port.c ****             xAccessGranted = pdTRUE;
2030:Middlewares/Third_Party/FreeRTOS/Source/portable/GCC/ARM_CM33_NTZ/non_secure/port.c ****         }
2031:Middlewares/Third_Party/FreeRTOS/Source/portable/GCC/ARM_CM33_NTZ/non_secure/port.c ****         else if( ( xTaskMpuSettings->ulTaskFlags & portTASK_IS_PRIVILEGED_FLAG ) == portTASK_IS_PRI
2032:Middlewares/Third_Party/FreeRTOS/Source/portable/GCC/ARM_CM33_NTZ/non_secure/port.c ****         {
2033:Middlewares/Third_Party/FreeRTOS/Source/portable/GCC/ARM_CM33_NTZ/non_secure/port.c ****             xAccessGranted = pdTRUE;
2034:Middlewares/Third_Party/FreeRTOS/Source/portable/GCC/ARM_CM33_NTZ/non_secure/port.c ****         }
2035:Middlewares/Third_Party/FreeRTOS/Source/portable/GCC/ARM_CM33_NTZ/non_secure/port.c ****         else
2036:Middlewares/Third_Party/FreeRTOS/Source/portable/GCC/ARM_CM33_NTZ/non_secure/port.c ****         {
2037:Middlewares/Third_Party/FreeRTOS/Source/portable/GCC/ARM_CM33_NTZ/non_secure/port.c ****             if( portADD_UINT32_WILL_OVERFLOW( ( ( uint32_t ) pvBuffer ), ( ulBufferLength - 1UL ) )
2038:Middlewares/Third_Party/FreeRTOS/Source/portable/GCC/ARM_CM33_NTZ/non_secure/port.c ****             {
2039:Middlewares/Third_Party/FreeRTOS/Source/portable/GCC/ARM_CM33_NTZ/non_secure/port.c ****                 ulBufferStartAddress = ( uint32_t ) pvBuffer;
2040:Middlewares/Third_Party/FreeRTOS/Source/portable/GCC/ARM_CM33_NTZ/non_secure/port.c ****                 ulBufferEndAddress = ( ( ( uint32_t ) pvBuffer ) + ulBufferLength - 1UL );
2041:Middlewares/Third_Party/FreeRTOS/Source/portable/GCC/ARM_CM33_NTZ/non_secure/port.c **** 
2042:Middlewares/Third_Party/FreeRTOS/Source/portable/GCC/ARM_CM33_NTZ/non_secure/port.c ****                 for( i = 0; i < portTOTAL_NUM_REGIONS; i++ )
2043:Middlewares/Third_Party/FreeRTOS/Source/portable/GCC/ARM_CM33_NTZ/non_secure/port.c ****                 {
2044:Middlewares/Third_Party/FreeRTOS/Source/portable/GCC/ARM_CM33_NTZ/non_secure/port.c ****                     /* Is the MPU region enabled? */
2045:Middlewares/Third_Party/FreeRTOS/Source/portable/GCC/ARM_CM33_NTZ/non_secure/port.c ****                     if( ( xTaskMpuSettings->xRegionsSettings[ i ].ulRLAR & portMPU_RLAR_REGION_ENAB
2046:Middlewares/Third_Party/FreeRTOS/Source/portable/GCC/ARM_CM33_NTZ/non_secure/port.c ****                     {
2047:Middlewares/Third_Party/FreeRTOS/Source/portable/GCC/ARM_CM33_NTZ/non_secure/port.c ****                         if( portIS_ADDRESS_WITHIN_RANGE( ulBufferStartAddress,
2048:Middlewares/Third_Party/FreeRTOS/Source/portable/GCC/ARM_CM33_NTZ/non_secure/port.c ****                                                          portEXTRACT_FIRST_ADDRESS_FROM_RBAR( xTask
2049:Middlewares/Third_Party/FreeRTOS/Source/portable/GCC/ARM_CM33_NTZ/non_secure/port.c ****                                                          portEXTRACT_LAST_ADDRESS_FROM_RLAR( xTaskM
2050:Middlewares/Third_Party/FreeRTOS/Source/portable/GCC/ARM_CM33_NTZ/non_secure/port.c ****                             portIS_ADDRESS_WITHIN_RANGE( ulBufferEndAddress,
2051:Middlewares/Third_Party/FreeRTOS/Source/portable/GCC/ARM_CM33_NTZ/non_secure/port.c ****                                                          portEXTRACT_FIRST_ADDRESS_FROM_RBAR( xTask
2052:Middlewares/Third_Party/FreeRTOS/Source/portable/GCC/ARM_CM33_NTZ/non_secure/port.c ****                                                          portEXTRACT_LAST_ADDRESS_FROM_RLAR( xTaskM
2053:Middlewares/Third_Party/FreeRTOS/Source/portable/GCC/ARM_CM33_NTZ/non_secure/port.c ****                             portIS_AUTHORIZED( ulAccessRequested,
2054:Middlewares/Third_Party/FreeRTOS/Source/portable/GCC/ARM_CM33_NTZ/non_secure/port.c ****                                                prvGetRegionAccessPermissions( xTaskMpuSettings->xRe
2055:Middlewares/Third_Party/FreeRTOS/Source/portable/GCC/ARM_CM33_NTZ/non_secure/port.c ****                         {
ARM GAS  /tmp/ccroD92D.s 			page 51


2056:Middlewares/Third_Party/FreeRTOS/Source/portable/GCC/ARM_CM33_NTZ/non_secure/port.c ****                             xAccessGranted = pdTRUE;
2057:Middlewares/Third_Party/FreeRTOS/Source/portable/GCC/ARM_CM33_NTZ/non_secure/port.c ****                             break;
2058:Middlewares/Third_Party/FreeRTOS/Source/portable/GCC/ARM_CM33_NTZ/non_secure/port.c ****                         }
2059:Middlewares/Third_Party/FreeRTOS/Source/portable/GCC/ARM_CM33_NTZ/non_secure/port.c ****                     }
2060:Middlewares/Third_Party/FreeRTOS/Source/portable/GCC/ARM_CM33_NTZ/non_secure/port.c ****                 }
2061:Middlewares/Third_Party/FreeRTOS/Source/portable/GCC/ARM_CM33_NTZ/non_secure/port.c ****             }
2062:Middlewares/Third_Party/FreeRTOS/Source/portable/GCC/ARM_CM33_NTZ/non_secure/port.c ****         }
2063:Middlewares/Third_Party/FreeRTOS/Source/portable/GCC/ARM_CM33_NTZ/non_secure/port.c **** 
2064:Middlewares/Third_Party/FreeRTOS/Source/portable/GCC/ARM_CM33_NTZ/non_secure/port.c ****         return xAccessGranted;
2065:Middlewares/Third_Party/FreeRTOS/Source/portable/GCC/ARM_CM33_NTZ/non_secure/port.c ****     }
2066:Middlewares/Third_Party/FreeRTOS/Source/portable/GCC/ARM_CM33_NTZ/non_secure/port.c **** 
2067:Middlewares/Third_Party/FreeRTOS/Source/portable/GCC/ARM_CM33_NTZ/non_secure/port.c **** #endif /* #if ( configENABLE_MPU == 1 ) && ( configUSE_MPU_WRAPPERS_V1 == 0 ) */
2068:Middlewares/Third_Party/FreeRTOS/Source/portable/GCC/ARM_CM33_NTZ/non_secure/port.c **** /*-----------------------------------------------------------*/
2069:Middlewares/Third_Party/FreeRTOS/Source/portable/GCC/ARM_CM33_NTZ/non_secure/port.c **** 
2070:Middlewares/Third_Party/FreeRTOS/Source/portable/GCC/ARM_CM33_NTZ/non_secure/port.c **** BaseType_t xPortIsInsideInterrupt( void )
2071:Middlewares/Third_Party/FreeRTOS/Source/portable/GCC/ARM_CM33_NTZ/non_secure/port.c **** {
 785              		.loc 1 2071 1 view -0
 786              		.cfi_startproc
 787              		@ args = 0, pretend = 0, frame = 0
 788              		@ frame_needed = 0, uses_anonymous_args = 0
 789              		@ link register save eliminated.
2072:Middlewares/Third_Party/FreeRTOS/Source/portable/GCC/ARM_CM33_NTZ/non_secure/port.c ****     uint32_t ulCurrentInterrupt;
 790              		.loc 1 2072 5 view .LVU222
2073:Middlewares/Third_Party/FreeRTOS/Source/portable/GCC/ARM_CM33_NTZ/non_secure/port.c ****     BaseType_t xReturn;
 791              		.loc 1 2073 5 view .LVU223
2074:Middlewares/Third_Party/FreeRTOS/Source/portable/GCC/ARM_CM33_NTZ/non_secure/port.c **** 
2075:Middlewares/Third_Party/FreeRTOS/Source/portable/GCC/ARM_CM33_NTZ/non_secure/port.c ****     /* Obtain the number of the currently executing interrupt. Interrupt Program
2076:Middlewares/Third_Party/FreeRTOS/Source/portable/GCC/ARM_CM33_NTZ/non_secure/port.c ****      * Status Register (IPSR) holds the exception number of the currently-executing
2077:Middlewares/Third_Party/FreeRTOS/Source/portable/GCC/ARM_CM33_NTZ/non_secure/port.c ****      * exception or zero for Thread mode.*/
2078:Middlewares/Third_Party/FreeRTOS/Source/portable/GCC/ARM_CM33_NTZ/non_secure/port.c ****     __asm volatile ( "mrs %0, ipsr" : "=r" ( ulCurrentInterrupt )::"memory" );
 792              		.loc 1 2078 5 view .LVU224
 793              		.syntax unified
 794              	@ 2078 "Middlewares/Third_Party/FreeRTOS/Source/portable/GCC/ARM_CM33_NTZ/non_secure/port.c" 1
 795 0000 EFF30583 		mrs r3, ipsr
 796              	@ 0 "" 2
 797              	.LVL51:
2079:Middlewares/Third_Party/FreeRTOS/Source/portable/GCC/ARM_CM33_NTZ/non_secure/port.c **** 
2080:Middlewares/Third_Party/FreeRTOS/Source/portable/GCC/ARM_CM33_NTZ/non_secure/port.c ****     if( ulCurrentInterrupt == 0 )
 798              		.loc 1 2080 5 view .LVU225
 799              		.loc 1 2080 7 is_stmt 0 view .LVU226
 800              		.thumb
 801              		.syntax unified
 802 0004 0BB9     		cbnz	r3, .L64
2081:Middlewares/Third_Party/FreeRTOS/Source/portable/GCC/ARM_CM33_NTZ/non_secure/port.c ****     {
2082:Middlewares/Third_Party/FreeRTOS/Source/portable/GCC/ARM_CM33_NTZ/non_secure/port.c ****         xReturn = pdFALSE;
 803              		.loc 1 2082 17 view .LVU227
 804 0006 0020     		movs	r0, #0
 805 0008 7047     		bx	lr
 806              	.L64:
2083:Middlewares/Third_Party/FreeRTOS/Source/portable/GCC/ARM_CM33_NTZ/non_secure/port.c ****     }
2084:Middlewares/Third_Party/FreeRTOS/Source/portable/GCC/ARM_CM33_NTZ/non_secure/port.c ****     else
2085:Middlewares/Third_Party/FreeRTOS/Source/portable/GCC/ARM_CM33_NTZ/non_secure/port.c ****     {
2086:Middlewares/Third_Party/FreeRTOS/Source/portable/GCC/ARM_CM33_NTZ/non_secure/port.c ****         xReturn = pdTRUE;
 807              		.loc 1 2086 17 view .LVU228
 808 000a 0120     		movs	r0, #1
 809              	.LVL52:
2087:Middlewares/Third_Party/FreeRTOS/Source/portable/GCC/ARM_CM33_NTZ/non_secure/port.c ****     }
ARM GAS  /tmp/ccroD92D.s 			page 52


2088:Middlewares/Third_Party/FreeRTOS/Source/portable/GCC/ARM_CM33_NTZ/non_secure/port.c **** 
2089:Middlewares/Third_Party/FreeRTOS/Source/portable/GCC/ARM_CM33_NTZ/non_secure/port.c ****     return xReturn;
 810              		.loc 1 2089 5 is_stmt 1 view .LVU229
2090:Middlewares/Third_Party/FreeRTOS/Source/portable/GCC/ARM_CM33_NTZ/non_secure/port.c **** }
 811              		.loc 1 2090 1 is_stmt 0 view .LVU230
 812 000c 7047     		bx	lr
 813              		.cfi_endproc
 814              	.LFE10:
 816              		.section	.text.vPortValidateInterruptPriority,"ax",%progbits
 817              		.align	1
 818              		.global	vPortValidateInterruptPriority
 819              		.syntax unified
 820              		.thumb
 821              		.thumb_func
 823              	vPortValidateInterruptPriority:
 824              	.LFB11:
2091:Middlewares/Third_Party/FreeRTOS/Source/portable/GCC/ARM_CM33_NTZ/non_secure/port.c **** /*-----------------------------------------------------------*/
2092:Middlewares/Third_Party/FreeRTOS/Source/portable/GCC/ARM_CM33_NTZ/non_secure/port.c **** 
2093:Middlewares/Third_Party/FreeRTOS/Source/portable/GCC/ARM_CM33_NTZ/non_secure/port.c **** #if ( ( configASSERT_DEFINED == 1 ) && ( portHAS_ARMV8M_MAIN_EXTENSION == 1 ) )
2094:Middlewares/Third_Party/FreeRTOS/Source/portable/GCC/ARM_CM33_NTZ/non_secure/port.c **** 
2095:Middlewares/Third_Party/FreeRTOS/Source/portable/GCC/ARM_CM33_NTZ/non_secure/port.c ****     void vPortValidateInterruptPriority( void )
2096:Middlewares/Third_Party/FreeRTOS/Source/portable/GCC/ARM_CM33_NTZ/non_secure/port.c ****     {
 825              		.loc 1 2096 5 is_stmt 1 view -0
 826              		.cfi_startproc
 827              		@ args = 0, pretend = 0, frame = 0
 828              		@ frame_needed = 0, uses_anonymous_args = 0
 829 0000 08B5     		push	{r3, lr}
 830              	.LCFI14:
 831              		.cfi_def_cfa_offset 8
 832              		.cfi_offset 3, -8
 833              		.cfi_offset 14, -4
2097:Middlewares/Third_Party/FreeRTOS/Source/portable/GCC/ARM_CM33_NTZ/non_secure/port.c ****         uint32_t ulCurrentInterrupt;
 834              		.loc 1 2097 9 view .LVU232
2098:Middlewares/Third_Party/FreeRTOS/Source/portable/GCC/ARM_CM33_NTZ/non_secure/port.c ****         uint8_t ucCurrentPriority;
 835              		.loc 1 2098 9 view .LVU233
2099:Middlewares/Third_Party/FreeRTOS/Source/portable/GCC/ARM_CM33_NTZ/non_secure/port.c **** 
2100:Middlewares/Third_Party/FreeRTOS/Source/portable/GCC/ARM_CM33_NTZ/non_secure/port.c ****         /* Obtain the number of the currently executing interrupt. */
2101:Middlewares/Third_Party/FreeRTOS/Source/portable/GCC/ARM_CM33_NTZ/non_secure/port.c ****         __asm volatile ( "mrs %0, ipsr" : "=r" ( ulCurrentInterrupt )::"memory" );
 836              		.loc 1 2101 9 view .LVU234
 837              		.syntax unified
 838              	@ 2101 "Middlewares/Third_Party/FreeRTOS/Source/portable/GCC/ARM_CM33_NTZ/non_secure/port.c" 1
 839 0002 EFF30583 		mrs r3, ipsr
 840              	@ 0 "" 2
 841              	.LVL53:
2102:Middlewares/Third_Party/FreeRTOS/Source/portable/GCC/ARM_CM33_NTZ/non_secure/port.c **** 
2103:Middlewares/Third_Party/FreeRTOS/Source/portable/GCC/ARM_CM33_NTZ/non_secure/port.c ****         /* Is the interrupt number a user defined interrupt? */
2104:Middlewares/Third_Party/FreeRTOS/Source/portable/GCC/ARM_CM33_NTZ/non_secure/port.c ****         if( ulCurrentInterrupt >= portFIRST_USER_INTERRUPT_NUMBER )
 842              		.loc 1 2104 9 view .LVU235
 843              		.loc 1 2104 11 is_stmt 0 view .LVU236
 844              		.thumb
 845              		.syntax unified
 846 0006 0F2B     		cmp	r3, #15
 847 0008 06D9     		bls	.L66
2105:Middlewares/Third_Party/FreeRTOS/Source/portable/GCC/ARM_CM33_NTZ/non_secure/port.c ****         {
2106:Middlewares/Third_Party/FreeRTOS/Source/portable/GCC/ARM_CM33_NTZ/non_secure/port.c ****             /* Look up the interrupt's priority. */
2107:Middlewares/Third_Party/FreeRTOS/Source/portable/GCC/ARM_CM33_NTZ/non_secure/port.c ****             ucCurrentPriority = pcInterruptPriorityRegisters[ ulCurrentInterrupt ];
 848              		.loc 1 2107 13 is_stmt 1 view .LVU237
ARM GAS  /tmp/ccroD92D.s 			page 53


 849              		.loc 1 2107 61 is_stmt 0 view .LVU238
 850 000a 0C4A     		ldr	r2, .L73
 851              		.loc 1 2107 31 view .LVU239
 852 000c 9B5C     		ldrb	r3, [r3, r2]	@ zero_extendqisi2
 853              	.LVL54:
 854              		.loc 1 2107 31 view .LVU240
 855 000e DBB2     		uxtb	r3, r3
 856              	.LVL55:
2108:Middlewares/Third_Party/FreeRTOS/Source/portable/GCC/ARM_CM33_NTZ/non_secure/port.c **** 
2109:Middlewares/Third_Party/FreeRTOS/Source/portable/GCC/ARM_CM33_NTZ/non_secure/port.c ****             /* The following assertion will fail if a service routine (ISR) for
2110:Middlewares/Third_Party/FreeRTOS/Source/portable/GCC/ARM_CM33_NTZ/non_secure/port.c ****              * an interrupt that has been assigned a priority above
2111:Middlewares/Third_Party/FreeRTOS/Source/portable/GCC/ARM_CM33_NTZ/non_secure/port.c ****              * configMAX_SYSCALL_INTERRUPT_PRIORITY calls an ISR safe FreeRTOS API
2112:Middlewares/Third_Party/FreeRTOS/Source/portable/GCC/ARM_CM33_NTZ/non_secure/port.c ****              * function.  ISR safe FreeRTOS API functions must *only* be called
2113:Middlewares/Third_Party/FreeRTOS/Source/portable/GCC/ARM_CM33_NTZ/non_secure/port.c ****              * from interrupts that have been assigned a priority at or below
2114:Middlewares/Third_Party/FreeRTOS/Source/portable/GCC/ARM_CM33_NTZ/non_secure/port.c ****              * configMAX_SYSCALL_INTERRUPT_PRIORITY.
2115:Middlewares/Third_Party/FreeRTOS/Source/portable/GCC/ARM_CM33_NTZ/non_secure/port.c ****              *
2116:Middlewares/Third_Party/FreeRTOS/Source/portable/GCC/ARM_CM33_NTZ/non_secure/port.c ****              * Numerically low interrupt priority numbers represent logically high
2117:Middlewares/Third_Party/FreeRTOS/Source/portable/GCC/ARM_CM33_NTZ/non_secure/port.c ****              * interrupt priorities, therefore the priority of the interrupt must
2118:Middlewares/Third_Party/FreeRTOS/Source/portable/GCC/ARM_CM33_NTZ/non_secure/port.c ****              * be set to a value equal to or numerically *higher* than
2119:Middlewares/Third_Party/FreeRTOS/Source/portable/GCC/ARM_CM33_NTZ/non_secure/port.c ****              * configMAX_SYSCALL_INTERRUPT_PRIORITY.
2120:Middlewares/Third_Party/FreeRTOS/Source/portable/GCC/ARM_CM33_NTZ/non_secure/port.c ****              *
2121:Middlewares/Third_Party/FreeRTOS/Source/portable/GCC/ARM_CM33_NTZ/non_secure/port.c ****              * Interrupts that  use the FreeRTOS API must not be left at their
2122:Middlewares/Third_Party/FreeRTOS/Source/portable/GCC/ARM_CM33_NTZ/non_secure/port.c ****              * default priority of  zero as that is the highest possible priority,
2123:Middlewares/Third_Party/FreeRTOS/Source/portable/GCC/ARM_CM33_NTZ/non_secure/port.c ****              * which is guaranteed to be above configMAX_SYSCALL_INTERRUPT_PRIORITY,
2124:Middlewares/Third_Party/FreeRTOS/Source/portable/GCC/ARM_CM33_NTZ/non_secure/port.c ****              * and  therefore also guaranteed to be invalid.
2125:Middlewares/Third_Party/FreeRTOS/Source/portable/GCC/ARM_CM33_NTZ/non_secure/port.c ****              *
2126:Middlewares/Third_Party/FreeRTOS/Source/portable/GCC/ARM_CM33_NTZ/non_secure/port.c ****              * FreeRTOS maintains separate thread and ISR API functions to ensure
2127:Middlewares/Third_Party/FreeRTOS/Source/portable/GCC/ARM_CM33_NTZ/non_secure/port.c ****              * interrupt entry is as fast and simple as possible.
2128:Middlewares/Third_Party/FreeRTOS/Source/portable/GCC/ARM_CM33_NTZ/non_secure/port.c ****              *
2129:Middlewares/Third_Party/FreeRTOS/Source/portable/GCC/ARM_CM33_NTZ/non_secure/port.c ****              * The following links provide detailed information:
2130:Middlewares/Third_Party/FreeRTOS/Source/portable/GCC/ARM_CM33_NTZ/non_secure/port.c ****              * https://www.FreeRTOS.org/RTOS-Cortex-M3-M4.html
2131:Middlewares/Third_Party/FreeRTOS/Source/portable/GCC/ARM_CM33_NTZ/non_secure/port.c ****              * https://www.freertos.org/Why-FreeRTOS/FAQs */
2132:Middlewares/Third_Party/FreeRTOS/Source/portable/GCC/ARM_CM33_NTZ/non_secure/port.c ****             configASSERT( ucCurrentPriority >= ucMaxSysCallPriority );
 857              		.loc 1 2132 13 is_stmt 1 view .LVU241
 858 0010 0B4A     		ldr	r2, .L73+4
 859 0012 1278     		ldrb	r2, [r2]	@ zero_extendqisi2
 860 0014 9A42     		cmp	r2, r3
 861 0016 0AD8     		bhi	.L71
 862              	.LVL56:
 863              	.L66:
 864              		.loc 1 2132 70 discriminator 2 view .LVU242
2133:Middlewares/Third_Party/FreeRTOS/Source/portable/GCC/ARM_CM33_NTZ/non_secure/port.c ****         }
2134:Middlewares/Third_Party/FreeRTOS/Source/portable/GCC/ARM_CM33_NTZ/non_secure/port.c **** 
2135:Middlewares/Third_Party/FreeRTOS/Source/portable/GCC/ARM_CM33_NTZ/non_secure/port.c ****         /* Priority grouping:  The interrupt controller (NVIC) allows the bits
2136:Middlewares/Third_Party/FreeRTOS/Source/portable/GCC/ARM_CM33_NTZ/non_secure/port.c ****          * that define each interrupt's priority to be split between bits that
2137:Middlewares/Third_Party/FreeRTOS/Source/portable/GCC/ARM_CM33_NTZ/non_secure/port.c ****          * define the interrupt's pre-emption priority bits and bits that define
2138:Middlewares/Third_Party/FreeRTOS/Source/portable/GCC/ARM_CM33_NTZ/non_secure/port.c ****          * the interrupt's sub-priority.  For simplicity all bits must be defined
2139:Middlewares/Third_Party/FreeRTOS/Source/portable/GCC/ARM_CM33_NTZ/non_secure/port.c ****          * to be pre-emption priority bits.  The following assertion will fail if
2140:Middlewares/Third_Party/FreeRTOS/Source/portable/GCC/ARM_CM33_NTZ/non_secure/port.c ****          * this is not the case (if some bits represent a sub-priority).
2141:Middlewares/Third_Party/FreeRTOS/Source/portable/GCC/ARM_CM33_NTZ/non_secure/port.c ****          *
2142:Middlewares/Third_Party/FreeRTOS/Source/portable/GCC/ARM_CM33_NTZ/non_secure/port.c ****          * If the application only uses CMSIS libraries for interrupt
2143:Middlewares/Third_Party/FreeRTOS/Source/portable/GCC/ARM_CM33_NTZ/non_secure/port.c ****          * configuration then the correct setting can be achieved on all Cortex-M
2144:Middlewares/Third_Party/FreeRTOS/Source/portable/GCC/ARM_CM33_NTZ/non_secure/port.c ****          * devices by calling NVIC_SetPriorityGrouping( 0 ); before starting the
2145:Middlewares/Third_Party/FreeRTOS/Source/portable/GCC/ARM_CM33_NTZ/non_secure/port.c ****          * scheduler.  Note however that some vendor specific peripheral libraries
2146:Middlewares/Third_Party/FreeRTOS/Source/portable/GCC/ARM_CM33_NTZ/non_secure/port.c ****          * assume a non-zero priority group setting, in which cases using a value
2147:Middlewares/Third_Party/FreeRTOS/Source/portable/GCC/ARM_CM33_NTZ/non_secure/port.c ****          * of zero will result in unpredictable behaviour. */
2148:Middlewares/Third_Party/FreeRTOS/Source/portable/GCC/ARM_CM33_NTZ/non_secure/port.c ****         configASSERT( ( portAIRCR_REG & portPRIORITY_GROUP_MASK ) <= ulMaxPRIGROUPValue );
ARM GAS  /tmp/ccroD92D.s 			page 54


 865              		.loc 1 2148 9 view .LVU243
 866 0018 4FF0E023 		mov	r3, #-536813568
 867 001c D3F80C3D 		ldr	r3, [r3, #3340]
 868 0020 03F4E063 		and	r3, r3, #1792
 869 0024 074A     		ldr	r2, .L73+8
 870 0026 1268     		ldr	r2, [r2]
 871 0028 9342     		cmp	r3, r2
 872 002a 03D8     		bhi	.L72
2149:Middlewares/Third_Party/FreeRTOS/Source/portable/GCC/ARM_CM33_NTZ/non_secure/port.c ****     }
 873              		.loc 1 2149 5 is_stmt 0 view .LVU244
 874 002c 08BD     		pop	{r3, pc}
 875              	.LVL57:
 876              	.L71:
2132:Middlewares/Third_Party/FreeRTOS/Source/portable/GCC/ARM_CM33_NTZ/non_secure/port.c ****         }
 877              		.loc 1 2132 13 is_stmt 1 discriminator 1 view .LVU245
 878 002e FFF7FEFF 		bl	ulSetInterruptMask
 879              	.LVL58:
 880              	.L67:
2132:Middlewares/Third_Party/FreeRTOS/Source/portable/GCC/ARM_CM33_NTZ/non_secure/port.c ****         }
 881              		.loc 1 2132 13 discriminator 3 view .LVU246
2132:Middlewares/Third_Party/FreeRTOS/Source/portable/GCC/ARM_CM33_NTZ/non_secure/port.c ****         }
 882              		.loc 1 2132 13 discriminator 3 view .LVU247
 883 0032 FEE7     		b	.L67
 884              	.LVL59:
 885              	.L72:
2148:Middlewares/Third_Party/FreeRTOS/Source/portable/GCC/ARM_CM33_NTZ/non_secure/port.c ****     }
 886              		.loc 1 2148 9 discriminator 1 view .LVU248
 887 0034 FFF7FEFF 		bl	ulSetInterruptMask
 888              	.LVL60:
 889              	.L69:
2148:Middlewares/Third_Party/FreeRTOS/Source/portable/GCC/ARM_CM33_NTZ/non_secure/port.c ****     }
 890              		.loc 1 2148 9 discriminator 3 view .LVU249
2148:Middlewares/Third_Party/FreeRTOS/Source/portable/GCC/ARM_CM33_NTZ/non_secure/port.c ****     }
 891              		.loc 1 2148 9 discriminator 3 view .LVU250
 892 0038 FEE7     		b	.L69
 893              	.L74:
 894 003a 00BF     		.align	2
 895              	.L73:
 896 003c F0E300E0 		.word	-536812560
 897 0040 00000000 		.word	ucMaxSysCallPriority
 898 0044 00000000 		.word	ulMaxPRIGROUPValue
 899              		.cfi_endproc
 900              	.LFE11:
 902              		.section	.bss.ulMaxPRIGROUPValue,"aw",%nobits
 903              		.align	2
 906              	ulMaxPRIGROUPValue:
 907 0000 00000000 		.space	4
 908              		.section	.bss.ucMaxSysCallPriority,"aw",%nobits
 911              	ucMaxSysCallPriority:
 912 0000 00       		.space	1
 913              		.section	.data.ulCriticalNesting,"aw"
 914              		.align	2
 917              	ulCriticalNesting:
 918 0000 AAAAAAAA 		.word	-1431655766
 919              		.text
 920              	.Letext0:
 921              		.file 2 "/usr/lib/gcc/arm-none-eabi/13.2.1/include/stdint.h"
ARM GAS  /tmp/ccroD92D.s 			page 55


 922              		.file 3 "Middlewares/Third_Party/FreeRTOS/Source/include/projdefs.h"
 923              		.file 4 "Middlewares/Third_Party/FreeRTOS/Source/portable/GCC/ARM_CM33_NTZ/non_secure/portmacrocom
 924              		.file 5 "Middlewares/Third_Party/FreeRTOS/Source/include/task.h"
 925              		.file 6 "Middlewares/Third_Party/FreeRTOS/Source/portable/GCC/ARM_CM33_NTZ/non_secure/portasm.h"
 926              		.file 7 "Core/Inc/FreeRTOSConfig.h"
ARM GAS  /tmp/ccroD92D.s 			page 56


DEFINED SYMBOLS
                            *ABS*:00000000 port.c
     /tmp/ccroD92D.s:22     .text.prvTaskExitError:00000000 $t
     /tmp/ccroD92D.s:27     .text.prvTaskExitError:00000000 prvTaskExitError
     /tmp/ccroD92D.s:77     .text.prvTaskExitError:00000028 $d
     /tmp/ccroD92D.s:917    .data.ulCriticalNesting:00000000 ulCriticalNesting
     /tmp/ccroD92D.s:82     .text.vPortSetupTimerInterrupt:00000000 $t
     /tmp/ccroD92D.s:88     .text.vPortSetupTimerInterrupt:00000000 vPortSetupTimerInterrupt
     /tmp/ccroD92D.s:124    .text.vPortSetupTimerInterrupt:00000024 $d
     /tmp/ccroD92D.s:130    .text.vPortYield:00000000 $t
     /tmp/ccroD92D.s:136    .text.vPortYield:00000000 vPortYield
     /tmp/ccroD92D.s:165    .text.vPortEnterCritical:00000000 $t
     /tmp/ccroD92D.s:171    .text.vPortEnterCritical:00000000 vPortEnterCritical
     /tmp/ccroD92D.s:207    .text.vPortEnterCritical:00000018 $d
     /tmp/ccroD92D.s:212    .text.vPortExitCritical:00000000 $t
     /tmp/ccroD92D.s:218    .text.vPortExitCritical:00000000 vPortExitCritical
     /tmp/ccroD92D.s:266    .text.vPortExitCritical:00000024 $d
     /tmp/ccroD92D.s:271    .text.xPortSysTickHandler:00000000 $t
     /tmp/ccroD92D.s:277    .text.xPortSysTickHandler:00000000 xPortSysTickHandler
     /tmp/ccroD92D.s:321    .text.vPortSVCHandler_C:00000000 $t
     /tmp/ccroD92D.s:327    .text.vPortSVCHandler_C:00000000 vPortSVCHandler_C
     /tmp/ccroD92D.s:374    .text.pxPortInitialiseStack:00000000 $t
     /tmp/ccroD92D.s:380    .text.pxPortInitialiseStack:00000000 pxPortInitialiseStack
     /tmp/ccroD92D.s:515    .text.pxPortInitialiseStack:0000008c $d
     /tmp/ccroD92D.s:520    .text.xPortStartScheduler:00000000 $t
     /tmp/ccroD92D.s:526    .text.xPortStartScheduler:00000000 xPortStartScheduler
     /tmp/ccroD92D.s:727    .text.xPortStartScheduler:000000e8 $d
     /tmp/ccroD92D.s:911    .bss.ucMaxSysCallPriority:00000000 ucMaxSysCallPriority
     /tmp/ccroD92D.s:906    .bss.ulMaxPRIGROUPValue:00000000 ulMaxPRIGROUPValue
     /tmp/ccroD92D.s:737    .text.vPortEndScheduler:00000000 $t
     /tmp/ccroD92D.s:743    .text.vPortEndScheduler:00000000 vPortEndScheduler
     /tmp/ccroD92D.s:772    .text.vPortEndScheduler:00000014 $d
     /tmp/ccroD92D.s:777    .text.xPortIsInsideInterrupt:00000000 $t
     /tmp/ccroD92D.s:783    .text.xPortIsInsideInterrupt:00000000 xPortIsInsideInterrupt
     /tmp/ccroD92D.s:817    .text.vPortValidateInterruptPriority:00000000 $t
     /tmp/ccroD92D.s:823    .text.vPortValidateInterruptPriority:00000000 vPortValidateInterruptPriority
     /tmp/ccroD92D.s:896    .text.vPortValidateInterruptPriority:0000003c $d
     /tmp/ccroD92D.s:903    .bss.ulMaxPRIGROUPValue:00000000 $d
     /tmp/ccroD92D.s:912    .bss.ucMaxSysCallPriority:00000000 $d
     /tmp/ccroD92D.s:914    .data.ulCriticalNesting:00000000 $d

UNDEFINED SYMBOLS
ulSetInterruptMask
SystemCoreClock
vClearInterruptMask
xTaskIncrementTick
vRestoreContextOfFirstTask
vStartFirstTask
vTaskSwitchContext
SVC_Handler
PendSV_Handler
