ARM GAS  /tmp/ccmofomj.s 			page 1


   1              		.cpu cortex-m33
   2              		.arch armv8-m.main
   3              		.fpu fpv5-sp-d16
   4              		.arch_extension dsp
   5              		.eabi_attribute 27, 1
   6              		.eabi_attribute 28, 1
   7              		.eabi_attribute 20, 1
   8              		.eabi_attribute 21, 1
   9              		.eabi_attribute 23, 3
  10              		.eabi_attribute 24, 1
  11              		.eabi_attribute 25, 1
  12              		.eabi_attribute 26, 1
  13              		.eabi_attribute 30, 1
  14              		.eabi_attribute 34, 1
  15              		.eabi_attribute 18, 4
  16              		.file	"queue.c"
  17              		.text
  18              	.Ltext0:
  19              		.cfi_sections	.debug_frame
  20              		.file 1 "Middlewares/Third_Party/FreeRTOS/Source/queue.c"
  21              		.section	.text.prvGetHighestPriorityOfWaitToReceiveList,"ax",%progbits
  22              		.align	1
  23              		.syntax unified
  24              		.thumb
  25              		.thumb_func
  27              	prvGetHighestPriorityOfWaitToReceiveList:
  28              	.LVL0:
  29              	.LFB31:
   1:Middlewares/Third_Party/FreeRTOS/Source/queue.c **** /*
   2:Middlewares/Third_Party/FreeRTOS/Source/queue.c ****  * FreeRTOS Kernel V11.2.0
   3:Middlewares/Third_Party/FreeRTOS/Source/queue.c ****  * Copyright (C) 2021 Amazon.com, Inc. or its affiliates. All Rights Reserved.
   4:Middlewares/Third_Party/FreeRTOS/Source/queue.c ****  *
   5:Middlewares/Third_Party/FreeRTOS/Source/queue.c ****  * SPDX-License-Identifier: MIT
   6:Middlewares/Third_Party/FreeRTOS/Source/queue.c ****  *
   7:Middlewares/Third_Party/FreeRTOS/Source/queue.c ****  * Permission is hereby granted, free of charge, to any person obtaining a copy of
   8:Middlewares/Third_Party/FreeRTOS/Source/queue.c ****  * this software and associated documentation files (the "Software"), to deal in
   9:Middlewares/Third_Party/FreeRTOS/Source/queue.c ****  * the Software without restriction, including without limitation the rights to
  10:Middlewares/Third_Party/FreeRTOS/Source/queue.c ****  * use, copy, modify, merge, publish, distribute, sublicense, and/or sell copies of
  11:Middlewares/Third_Party/FreeRTOS/Source/queue.c ****  * the Software, and to permit persons to whom the Software is furnished to do so,
  12:Middlewares/Third_Party/FreeRTOS/Source/queue.c ****  * subject to the following conditions:
  13:Middlewares/Third_Party/FreeRTOS/Source/queue.c ****  *
  14:Middlewares/Third_Party/FreeRTOS/Source/queue.c ****  * The above copyright notice and this permission notice shall be included in all
  15:Middlewares/Third_Party/FreeRTOS/Source/queue.c ****  * copies or substantial portions of the Software.
  16:Middlewares/Third_Party/FreeRTOS/Source/queue.c ****  *
  17:Middlewares/Third_Party/FreeRTOS/Source/queue.c ****  * THE SOFTWARE IS PROVIDED "AS IS", WITHOUT WARRANTY OF ANY KIND, EXPRESS OR
  18:Middlewares/Third_Party/FreeRTOS/Source/queue.c ****  * IMPLIED, INCLUDING BUT NOT LIMITED TO THE WARRANTIES OF MERCHANTABILITY, FITNESS
  19:Middlewares/Third_Party/FreeRTOS/Source/queue.c ****  * FOR A PARTICULAR PURPOSE AND NONINFRINGEMENT. IN NO EVENT SHALL THE AUTHORS OR
  20:Middlewares/Third_Party/FreeRTOS/Source/queue.c ****  * COPYRIGHT HOLDERS BE LIABLE FOR ANY CLAIM, DAMAGES OR OTHER LIABILITY, WHETHER
  21:Middlewares/Third_Party/FreeRTOS/Source/queue.c ****  * IN AN ACTION OF CONTRACT, TORT OR OTHERWISE, ARISING FROM, OUT OF OR IN
  22:Middlewares/Third_Party/FreeRTOS/Source/queue.c ****  * CONNECTION WITH THE SOFTWARE OR THE USE OR OTHER DEALINGS IN THE SOFTWARE.
  23:Middlewares/Third_Party/FreeRTOS/Source/queue.c ****  *
  24:Middlewares/Third_Party/FreeRTOS/Source/queue.c ****  * https://www.FreeRTOS.org
  25:Middlewares/Third_Party/FreeRTOS/Source/queue.c ****  * https://github.com/FreeRTOS
  26:Middlewares/Third_Party/FreeRTOS/Source/queue.c ****  *
  27:Middlewares/Third_Party/FreeRTOS/Source/queue.c ****  */
  28:Middlewares/Third_Party/FreeRTOS/Source/queue.c **** 
  29:Middlewares/Third_Party/FreeRTOS/Source/queue.c **** #include <stdlib.h>
ARM GAS  /tmp/ccmofomj.s 			page 2


  30:Middlewares/Third_Party/FreeRTOS/Source/queue.c **** #include <string.h>
  31:Middlewares/Third_Party/FreeRTOS/Source/queue.c **** 
  32:Middlewares/Third_Party/FreeRTOS/Source/queue.c **** /* Defining MPU_WRAPPERS_INCLUDED_FROM_API_FILE prevents task.h from redefining
  33:Middlewares/Third_Party/FreeRTOS/Source/queue.c ****  * all the API functions to use the MPU wrappers.  That should only be done when
  34:Middlewares/Third_Party/FreeRTOS/Source/queue.c ****  * task.h is included from an application file. */
  35:Middlewares/Third_Party/FreeRTOS/Source/queue.c **** #define MPU_WRAPPERS_INCLUDED_FROM_API_FILE
  36:Middlewares/Third_Party/FreeRTOS/Source/queue.c **** 
  37:Middlewares/Third_Party/FreeRTOS/Source/queue.c **** #include "FreeRTOS.h"
  38:Middlewares/Third_Party/FreeRTOS/Source/queue.c **** #include "task.h"
  39:Middlewares/Third_Party/FreeRTOS/Source/queue.c **** #include "queue.h"
  40:Middlewares/Third_Party/FreeRTOS/Source/queue.c **** 
  41:Middlewares/Third_Party/FreeRTOS/Source/queue.c **** #if ( configUSE_CO_ROUTINES == 1 )
  42:Middlewares/Third_Party/FreeRTOS/Source/queue.c ****     #include "croutine.h"
  43:Middlewares/Third_Party/FreeRTOS/Source/queue.c **** #endif
  44:Middlewares/Third_Party/FreeRTOS/Source/queue.c **** 
  45:Middlewares/Third_Party/FreeRTOS/Source/queue.c **** /* The MPU ports require MPU_WRAPPERS_INCLUDED_FROM_API_FILE to be defined
  46:Middlewares/Third_Party/FreeRTOS/Source/queue.c ****  * for the header files above, but not in this file, in order to generate the
  47:Middlewares/Third_Party/FreeRTOS/Source/queue.c ****  * correct privileged Vs unprivileged linkage and placement. */
  48:Middlewares/Third_Party/FreeRTOS/Source/queue.c **** #undef MPU_WRAPPERS_INCLUDED_FROM_API_FILE
  49:Middlewares/Third_Party/FreeRTOS/Source/queue.c **** 
  50:Middlewares/Third_Party/FreeRTOS/Source/queue.c **** 
  51:Middlewares/Third_Party/FreeRTOS/Source/queue.c **** /* Constants used with the cRxLock and cTxLock structure members. */
  52:Middlewares/Third_Party/FreeRTOS/Source/queue.c **** #define queueUNLOCKED             ( ( int8_t ) -1 )
  53:Middlewares/Third_Party/FreeRTOS/Source/queue.c **** #define queueLOCKED_UNMODIFIED    ( ( int8_t ) 0 )
  54:Middlewares/Third_Party/FreeRTOS/Source/queue.c **** #define queueINT8_MAX             ( ( int8_t ) 127 )
  55:Middlewares/Third_Party/FreeRTOS/Source/queue.c **** 
  56:Middlewares/Third_Party/FreeRTOS/Source/queue.c **** /* When the Queue_t structure is used to represent a base queue its pcHead and
  57:Middlewares/Third_Party/FreeRTOS/Source/queue.c ****  * pcTail members are used as pointers into the queue storage area.  When the
  58:Middlewares/Third_Party/FreeRTOS/Source/queue.c ****  * Queue_t structure is used to represent a mutex pcHead and pcTail pointers are
  59:Middlewares/Third_Party/FreeRTOS/Source/queue.c ****  * not necessary, and the pcHead pointer is set to NULL to indicate that the
  60:Middlewares/Third_Party/FreeRTOS/Source/queue.c ****  * structure instead holds a pointer to the mutex holder (if any).  Map alternative
  61:Middlewares/Third_Party/FreeRTOS/Source/queue.c ****  * names to the pcHead and structure member to ensure the readability of the code
  62:Middlewares/Third_Party/FreeRTOS/Source/queue.c ****  * is maintained.  The QueuePointers_t and SemaphoreData_t types are used to form
  63:Middlewares/Third_Party/FreeRTOS/Source/queue.c ****  * a union as their usage is mutually exclusive dependent on what the queue is
  64:Middlewares/Third_Party/FreeRTOS/Source/queue.c ****  * being used for. */
  65:Middlewares/Third_Party/FreeRTOS/Source/queue.c **** #define uxQueueType               pcHead
  66:Middlewares/Third_Party/FreeRTOS/Source/queue.c **** #define queueQUEUE_IS_MUTEX       NULL
  67:Middlewares/Third_Party/FreeRTOS/Source/queue.c **** 
  68:Middlewares/Third_Party/FreeRTOS/Source/queue.c **** typedef struct QueuePointers
  69:Middlewares/Third_Party/FreeRTOS/Source/queue.c **** {
  70:Middlewares/Third_Party/FreeRTOS/Source/queue.c ****     int8_t * pcTail;     /**< Points to the byte at the end of the queue storage area.  Once more b
  71:Middlewares/Third_Party/FreeRTOS/Source/queue.c ****     int8_t * pcReadFrom; /**< Points to the last place that a queued item was read from when the st
  72:Middlewares/Third_Party/FreeRTOS/Source/queue.c **** } QueuePointers_t;
  73:Middlewares/Third_Party/FreeRTOS/Source/queue.c **** 
  74:Middlewares/Third_Party/FreeRTOS/Source/queue.c **** typedef struct SemaphoreData
  75:Middlewares/Third_Party/FreeRTOS/Source/queue.c **** {
  76:Middlewares/Third_Party/FreeRTOS/Source/queue.c ****     TaskHandle_t xMutexHolder;        /**< The handle of the task that holds the mutex. */
  77:Middlewares/Third_Party/FreeRTOS/Source/queue.c ****     UBaseType_t uxRecursiveCallCount; /**< Maintains a count of the number of times a recursive mut
  78:Middlewares/Third_Party/FreeRTOS/Source/queue.c **** } SemaphoreData_t;
  79:Middlewares/Third_Party/FreeRTOS/Source/queue.c **** 
  80:Middlewares/Third_Party/FreeRTOS/Source/queue.c **** /* Semaphores do not actually store or copy data, so have an item size of
  81:Middlewares/Third_Party/FreeRTOS/Source/queue.c ****  * zero. */
  82:Middlewares/Third_Party/FreeRTOS/Source/queue.c **** #define queueSEMAPHORE_QUEUE_ITEM_LENGTH    ( ( UBaseType_t ) 0 )
  83:Middlewares/Third_Party/FreeRTOS/Source/queue.c **** #define queueMUTEX_GIVE_BLOCK_TIME          ( ( TickType_t ) 0U )
  84:Middlewares/Third_Party/FreeRTOS/Source/queue.c **** 
  85:Middlewares/Third_Party/FreeRTOS/Source/queue.c **** #if ( configUSE_PREEMPTION == 0 )
  86:Middlewares/Third_Party/FreeRTOS/Source/queue.c **** 
ARM GAS  /tmp/ccmofomj.s 			page 3


  87:Middlewares/Third_Party/FreeRTOS/Source/queue.c **** /* If the cooperative scheduler is being used then a yield should not be
  88:Middlewares/Third_Party/FreeRTOS/Source/queue.c ****  * performed just because a higher priority task has been woken. */
  89:Middlewares/Third_Party/FreeRTOS/Source/queue.c ****     #define queueYIELD_IF_USING_PREEMPTION()
  90:Middlewares/Third_Party/FreeRTOS/Source/queue.c **** #else
  91:Middlewares/Third_Party/FreeRTOS/Source/queue.c ****     #if ( configNUMBER_OF_CORES == 1 )
  92:Middlewares/Third_Party/FreeRTOS/Source/queue.c ****         #define queueYIELD_IF_USING_PREEMPTION()    portYIELD_WITHIN_API()
  93:Middlewares/Third_Party/FreeRTOS/Source/queue.c ****     #else /* #if ( configNUMBER_OF_CORES == 1 ) */
  94:Middlewares/Third_Party/FreeRTOS/Source/queue.c ****         #define queueYIELD_IF_USING_PREEMPTION()    vTaskYieldWithinAPI()
  95:Middlewares/Third_Party/FreeRTOS/Source/queue.c ****     #endif /* #if ( configNUMBER_OF_CORES == 1 ) */
  96:Middlewares/Third_Party/FreeRTOS/Source/queue.c **** #endif
  97:Middlewares/Third_Party/FreeRTOS/Source/queue.c **** 
  98:Middlewares/Third_Party/FreeRTOS/Source/queue.c **** /*
  99:Middlewares/Third_Party/FreeRTOS/Source/queue.c ****  * Definition of the queue used by the scheduler.
 100:Middlewares/Third_Party/FreeRTOS/Source/queue.c ****  * Items are queued by copy, not reference.  See the following link for the
 101:Middlewares/Third_Party/FreeRTOS/Source/queue.c ****  * rationale: https://www.FreeRTOS.org/Embedded-RTOS-Queues.html
 102:Middlewares/Third_Party/FreeRTOS/Source/queue.c ****  */
 103:Middlewares/Third_Party/FreeRTOS/Source/queue.c **** typedef struct QueueDefinition /* The old naming convention is used to prevent breaking kernel awar
 104:Middlewares/Third_Party/FreeRTOS/Source/queue.c **** {
 105:Middlewares/Third_Party/FreeRTOS/Source/queue.c ****     int8_t * pcHead;           /**< Points to the beginning of the queue storage area. */
 106:Middlewares/Third_Party/FreeRTOS/Source/queue.c ****     int8_t * pcWriteTo;        /**< Points to the free next place in the storage area. */
 107:Middlewares/Third_Party/FreeRTOS/Source/queue.c **** 
 108:Middlewares/Third_Party/FreeRTOS/Source/queue.c ****     union
 109:Middlewares/Third_Party/FreeRTOS/Source/queue.c ****     {
 110:Middlewares/Third_Party/FreeRTOS/Source/queue.c ****         QueuePointers_t xQueue;     /**< Data required exclusively when this structure is used as a
 111:Middlewares/Third_Party/FreeRTOS/Source/queue.c ****         SemaphoreData_t xSemaphore; /**< Data required exclusively when this structure is used as a
 112:Middlewares/Third_Party/FreeRTOS/Source/queue.c ****     } u;
 113:Middlewares/Third_Party/FreeRTOS/Source/queue.c **** 
 114:Middlewares/Third_Party/FreeRTOS/Source/queue.c ****     List_t xTasksWaitingToSend;             /**< List of tasks that are blocked waiting to post ont
 115:Middlewares/Third_Party/FreeRTOS/Source/queue.c ****     List_t xTasksWaitingToReceive;          /**< List of tasks that are blocked waiting to read fro
 116:Middlewares/Third_Party/FreeRTOS/Source/queue.c **** 
 117:Middlewares/Third_Party/FreeRTOS/Source/queue.c ****     volatile UBaseType_t uxMessagesWaiting; /**< The number of items currently in the queue. */
 118:Middlewares/Third_Party/FreeRTOS/Source/queue.c ****     UBaseType_t uxLength;                   /**< The length of the queue defined as the number of i
 119:Middlewares/Third_Party/FreeRTOS/Source/queue.c ****     UBaseType_t uxItemSize;                 /**< The size of each items that the queue will hold. *
 120:Middlewares/Third_Party/FreeRTOS/Source/queue.c **** 
 121:Middlewares/Third_Party/FreeRTOS/Source/queue.c ****     volatile int8_t cRxLock;                /**< Stores the number of items received from the queue
 122:Middlewares/Third_Party/FreeRTOS/Source/queue.c ****     volatile int8_t cTxLock;                /**< Stores the number of items transmitted to the queu
 123:Middlewares/Third_Party/FreeRTOS/Source/queue.c **** 
 124:Middlewares/Third_Party/FreeRTOS/Source/queue.c ****     #if ( ( configSUPPORT_STATIC_ALLOCATION == 1 ) && ( configSUPPORT_DYNAMIC_ALLOCATION == 1 ) )
 125:Middlewares/Third_Party/FreeRTOS/Source/queue.c ****         uint8_t ucStaticallyAllocated; /**< Set to pdTRUE if the memory used by the queue was stati
 126:Middlewares/Third_Party/FreeRTOS/Source/queue.c ****     #endif
 127:Middlewares/Third_Party/FreeRTOS/Source/queue.c **** 
 128:Middlewares/Third_Party/FreeRTOS/Source/queue.c ****     #if ( configUSE_QUEUE_SETS == 1 )
 129:Middlewares/Third_Party/FreeRTOS/Source/queue.c ****         struct QueueDefinition * pxQueueSetContainer;
 130:Middlewares/Third_Party/FreeRTOS/Source/queue.c ****     #endif
 131:Middlewares/Third_Party/FreeRTOS/Source/queue.c **** 
 132:Middlewares/Third_Party/FreeRTOS/Source/queue.c ****     #if ( configUSE_TRACE_FACILITY == 1 )
 133:Middlewares/Third_Party/FreeRTOS/Source/queue.c ****         UBaseType_t uxQueueNumber;
 134:Middlewares/Third_Party/FreeRTOS/Source/queue.c ****         uint8_t ucQueueType;
 135:Middlewares/Third_Party/FreeRTOS/Source/queue.c ****     #endif
 136:Middlewares/Third_Party/FreeRTOS/Source/queue.c **** } xQUEUE;
 137:Middlewares/Third_Party/FreeRTOS/Source/queue.c **** 
 138:Middlewares/Third_Party/FreeRTOS/Source/queue.c **** /* The old xQUEUE name is maintained above then typedefed to the new Queue_t
 139:Middlewares/Third_Party/FreeRTOS/Source/queue.c ****  * name below to enable the use of older kernel aware debuggers. */
 140:Middlewares/Third_Party/FreeRTOS/Source/queue.c **** typedef xQUEUE Queue_t;
 141:Middlewares/Third_Party/FreeRTOS/Source/queue.c **** 
 142:Middlewares/Third_Party/FreeRTOS/Source/queue.c **** /*-----------------------------------------------------------*/
 143:Middlewares/Third_Party/FreeRTOS/Source/queue.c **** 
ARM GAS  /tmp/ccmofomj.s 			page 4


 144:Middlewares/Third_Party/FreeRTOS/Source/queue.c **** /*
 145:Middlewares/Third_Party/FreeRTOS/Source/queue.c ****  * The queue registry is just a means for kernel aware debuggers to locate
 146:Middlewares/Third_Party/FreeRTOS/Source/queue.c ****  * queue structures.  It has no other purpose so is an optional component.
 147:Middlewares/Third_Party/FreeRTOS/Source/queue.c ****  */
 148:Middlewares/Third_Party/FreeRTOS/Source/queue.c **** #if ( configQUEUE_REGISTRY_SIZE > 0 )
 149:Middlewares/Third_Party/FreeRTOS/Source/queue.c **** 
 150:Middlewares/Third_Party/FreeRTOS/Source/queue.c **** /* The type stored within the queue registry array.  This allows a name
 151:Middlewares/Third_Party/FreeRTOS/Source/queue.c ****  * to be assigned to each queue making kernel aware debugging a little
 152:Middlewares/Third_Party/FreeRTOS/Source/queue.c ****  * more user friendly. */
 153:Middlewares/Third_Party/FreeRTOS/Source/queue.c ****     typedef struct QUEUE_REGISTRY_ITEM
 154:Middlewares/Third_Party/FreeRTOS/Source/queue.c ****     {
 155:Middlewares/Third_Party/FreeRTOS/Source/queue.c ****         const char * pcQueueName;
 156:Middlewares/Third_Party/FreeRTOS/Source/queue.c ****         QueueHandle_t xHandle;
 157:Middlewares/Third_Party/FreeRTOS/Source/queue.c ****     } xQueueRegistryItem;
 158:Middlewares/Third_Party/FreeRTOS/Source/queue.c **** 
 159:Middlewares/Third_Party/FreeRTOS/Source/queue.c **** /* The old xQueueRegistryItem name is maintained above then typedefed to the
 160:Middlewares/Third_Party/FreeRTOS/Source/queue.c ****  * new xQueueRegistryItem name below to enable the use of older kernel aware
 161:Middlewares/Third_Party/FreeRTOS/Source/queue.c ****  * debuggers. */
 162:Middlewares/Third_Party/FreeRTOS/Source/queue.c ****     typedef xQueueRegistryItem QueueRegistryItem_t;
 163:Middlewares/Third_Party/FreeRTOS/Source/queue.c **** 
 164:Middlewares/Third_Party/FreeRTOS/Source/queue.c **** /* The queue registry is simply an array of QueueRegistryItem_t structures.
 165:Middlewares/Third_Party/FreeRTOS/Source/queue.c ****  * The pcQueueName member of a structure being NULL is indicative of the
 166:Middlewares/Third_Party/FreeRTOS/Source/queue.c ****  * array position being vacant. */
 167:Middlewares/Third_Party/FreeRTOS/Source/queue.c **** 
 168:Middlewares/Third_Party/FreeRTOS/Source/queue.c **** /* MISRA Ref 8.4.2 [Declaration shall be visible] */
 169:Middlewares/Third_Party/FreeRTOS/Source/queue.c **** /* More details at: https://github.com/FreeRTOS/FreeRTOS-Kernel/blob/main/MISRA.md#rule-84 */
 170:Middlewares/Third_Party/FreeRTOS/Source/queue.c **** /* coverity[misra_c_2012_rule_8_4_violation] */
 171:Middlewares/Third_Party/FreeRTOS/Source/queue.c ****     PRIVILEGED_DATA QueueRegistryItem_t xQueueRegistry[ configQUEUE_REGISTRY_SIZE ];
 172:Middlewares/Third_Party/FreeRTOS/Source/queue.c **** 
 173:Middlewares/Third_Party/FreeRTOS/Source/queue.c **** #endif /* configQUEUE_REGISTRY_SIZE */
 174:Middlewares/Third_Party/FreeRTOS/Source/queue.c **** 
 175:Middlewares/Third_Party/FreeRTOS/Source/queue.c **** /*
 176:Middlewares/Third_Party/FreeRTOS/Source/queue.c ****  * Unlocks a queue locked by a call to prvLockQueue.  Locking a queue does not
 177:Middlewares/Third_Party/FreeRTOS/Source/queue.c ****  * prevent an ISR from adding or removing items to the queue, but does prevent
 178:Middlewares/Third_Party/FreeRTOS/Source/queue.c ****  * an ISR from removing tasks from the queue event lists.  If an ISR finds a
 179:Middlewares/Third_Party/FreeRTOS/Source/queue.c ****  * queue is locked it will instead increment the appropriate queue lock count
 180:Middlewares/Third_Party/FreeRTOS/Source/queue.c ****  * to indicate that a task may require unblocking.  When the queue in unlocked
 181:Middlewares/Third_Party/FreeRTOS/Source/queue.c ****  * these lock counts are inspected, and the appropriate action taken.
 182:Middlewares/Third_Party/FreeRTOS/Source/queue.c ****  */
 183:Middlewares/Third_Party/FreeRTOS/Source/queue.c **** static void prvUnlockQueue( Queue_t * const pxQueue ) PRIVILEGED_FUNCTION;
 184:Middlewares/Third_Party/FreeRTOS/Source/queue.c **** 
 185:Middlewares/Third_Party/FreeRTOS/Source/queue.c **** /*
 186:Middlewares/Third_Party/FreeRTOS/Source/queue.c ****  * Uses a critical section to determine if there is any data in a queue.
 187:Middlewares/Third_Party/FreeRTOS/Source/queue.c ****  *
 188:Middlewares/Third_Party/FreeRTOS/Source/queue.c ****  * @return pdTRUE if the queue contains no items, otherwise pdFALSE.
 189:Middlewares/Third_Party/FreeRTOS/Source/queue.c ****  */
 190:Middlewares/Third_Party/FreeRTOS/Source/queue.c **** static BaseType_t prvIsQueueEmpty( const Queue_t * pxQueue ) PRIVILEGED_FUNCTION;
 191:Middlewares/Third_Party/FreeRTOS/Source/queue.c **** 
 192:Middlewares/Third_Party/FreeRTOS/Source/queue.c **** /*
 193:Middlewares/Third_Party/FreeRTOS/Source/queue.c ****  * Uses a critical section to determine if there is any space in a queue.
 194:Middlewares/Third_Party/FreeRTOS/Source/queue.c ****  *
 195:Middlewares/Third_Party/FreeRTOS/Source/queue.c ****  * @return pdTRUE if there is no space, otherwise pdFALSE;
 196:Middlewares/Third_Party/FreeRTOS/Source/queue.c ****  */
 197:Middlewares/Third_Party/FreeRTOS/Source/queue.c **** static BaseType_t prvIsQueueFull( const Queue_t * pxQueue ) PRIVILEGED_FUNCTION;
 198:Middlewares/Third_Party/FreeRTOS/Source/queue.c **** 
 199:Middlewares/Third_Party/FreeRTOS/Source/queue.c **** /*
 200:Middlewares/Third_Party/FreeRTOS/Source/queue.c ****  * Copies an item into the queue, either at the front of the queue or the
ARM GAS  /tmp/ccmofomj.s 			page 5


 201:Middlewares/Third_Party/FreeRTOS/Source/queue.c ****  * back of the queue.
 202:Middlewares/Third_Party/FreeRTOS/Source/queue.c ****  */
 203:Middlewares/Third_Party/FreeRTOS/Source/queue.c **** static BaseType_t prvCopyDataToQueue( Queue_t * const pxQueue,
 204:Middlewares/Third_Party/FreeRTOS/Source/queue.c ****                                       const void * pvItemToQueue,
 205:Middlewares/Third_Party/FreeRTOS/Source/queue.c ****                                       const BaseType_t xPosition ) PRIVILEGED_FUNCTION;
 206:Middlewares/Third_Party/FreeRTOS/Source/queue.c **** 
 207:Middlewares/Third_Party/FreeRTOS/Source/queue.c **** /*
 208:Middlewares/Third_Party/FreeRTOS/Source/queue.c ****  * Copies an item out of a queue.
 209:Middlewares/Third_Party/FreeRTOS/Source/queue.c ****  */
 210:Middlewares/Third_Party/FreeRTOS/Source/queue.c **** static void prvCopyDataFromQueue( Queue_t * const pxQueue,
 211:Middlewares/Third_Party/FreeRTOS/Source/queue.c ****                                   void * const pvBuffer ) PRIVILEGED_FUNCTION;
 212:Middlewares/Third_Party/FreeRTOS/Source/queue.c **** 
 213:Middlewares/Third_Party/FreeRTOS/Source/queue.c **** #if ( configUSE_QUEUE_SETS == 1 )
 214:Middlewares/Third_Party/FreeRTOS/Source/queue.c **** 
 215:Middlewares/Third_Party/FreeRTOS/Source/queue.c **** /*
 216:Middlewares/Third_Party/FreeRTOS/Source/queue.c ****  * Checks to see if a queue is a member of a queue set, and if so, notifies
 217:Middlewares/Third_Party/FreeRTOS/Source/queue.c ****  * the queue set that the queue contains data.
 218:Middlewares/Third_Party/FreeRTOS/Source/queue.c ****  */
 219:Middlewares/Third_Party/FreeRTOS/Source/queue.c ****     static BaseType_t prvNotifyQueueSetContainer( const Queue_t * const pxQueue ) PRIVILEGED_FUNCTI
 220:Middlewares/Third_Party/FreeRTOS/Source/queue.c **** #endif
 221:Middlewares/Third_Party/FreeRTOS/Source/queue.c **** 
 222:Middlewares/Third_Party/FreeRTOS/Source/queue.c **** /*
 223:Middlewares/Third_Party/FreeRTOS/Source/queue.c ****  * Called after a Queue_t structure has been allocated either statically or
 224:Middlewares/Third_Party/FreeRTOS/Source/queue.c ****  * dynamically to fill in the structure's members.
 225:Middlewares/Third_Party/FreeRTOS/Source/queue.c ****  */
 226:Middlewares/Third_Party/FreeRTOS/Source/queue.c **** static void prvInitialiseNewQueue( const UBaseType_t uxQueueLength,
 227:Middlewares/Third_Party/FreeRTOS/Source/queue.c ****                                    const UBaseType_t uxItemSize,
 228:Middlewares/Third_Party/FreeRTOS/Source/queue.c ****                                    uint8_t * pucQueueStorage,
 229:Middlewares/Third_Party/FreeRTOS/Source/queue.c ****                                    const uint8_t ucQueueType,
 230:Middlewares/Third_Party/FreeRTOS/Source/queue.c ****                                    Queue_t * pxNewQueue ) PRIVILEGED_FUNCTION;
 231:Middlewares/Third_Party/FreeRTOS/Source/queue.c **** 
 232:Middlewares/Third_Party/FreeRTOS/Source/queue.c **** /*
 233:Middlewares/Third_Party/FreeRTOS/Source/queue.c ****  * Mutexes are a special type of queue.  When a mutex is created, first the
 234:Middlewares/Third_Party/FreeRTOS/Source/queue.c ****  * queue is created, then prvInitialiseMutex() is called to configure the queue
 235:Middlewares/Third_Party/FreeRTOS/Source/queue.c ****  * as a mutex.
 236:Middlewares/Third_Party/FreeRTOS/Source/queue.c ****  */
 237:Middlewares/Third_Party/FreeRTOS/Source/queue.c **** #if ( configUSE_MUTEXES == 1 )
 238:Middlewares/Third_Party/FreeRTOS/Source/queue.c ****     static void prvInitialiseMutex( Queue_t * pxNewQueue ) PRIVILEGED_FUNCTION;
 239:Middlewares/Third_Party/FreeRTOS/Source/queue.c **** #endif
 240:Middlewares/Third_Party/FreeRTOS/Source/queue.c **** 
 241:Middlewares/Third_Party/FreeRTOS/Source/queue.c **** #if ( configUSE_MUTEXES == 1 )
 242:Middlewares/Third_Party/FreeRTOS/Source/queue.c **** 
 243:Middlewares/Third_Party/FreeRTOS/Source/queue.c **** /*
 244:Middlewares/Third_Party/FreeRTOS/Source/queue.c ****  * If a task waiting for a mutex causes the mutex holder to inherit a
 245:Middlewares/Third_Party/FreeRTOS/Source/queue.c ****  * priority, but the waiting task times out, then the holder should
 246:Middlewares/Third_Party/FreeRTOS/Source/queue.c ****  * disinherit the priority - but only down to the highest priority of any
 247:Middlewares/Third_Party/FreeRTOS/Source/queue.c ****  * other tasks that are waiting for the same mutex.  This function returns
 248:Middlewares/Third_Party/FreeRTOS/Source/queue.c ****  * that priority.
 249:Middlewares/Third_Party/FreeRTOS/Source/queue.c ****  */
 250:Middlewares/Third_Party/FreeRTOS/Source/queue.c ****     static UBaseType_t prvGetHighestPriorityOfWaitToReceiveList( const Queue_t * const pxQueue ) PR
 251:Middlewares/Third_Party/FreeRTOS/Source/queue.c **** #endif
 252:Middlewares/Third_Party/FreeRTOS/Source/queue.c **** /*-----------------------------------------------------------*/
 253:Middlewares/Third_Party/FreeRTOS/Source/queue.c **** 
 254:Middlewares/Third_Party/FreeRTOS/Source/queue.c **** /*
 255:Middlewares/Third_Party/FreeRTOS/Source/queue.c ****  * Macro to mark a queue as locked.  Locking a queue prevents an ISR from
 256:Middlewares/Third_Party/FreeRTOS/Source/queue.c ****  * accessing the queue event lists.
 257:Middlewares/Third_Party/FreeRTOS/Source/queue.c ****  */
ARM GAS  /tmp/ccmofomj.s 			page 6


 258:Middlewares/Third_Party/FreeRTOS/Source/queue.c **** #define prvLockQueue( pxQueue )                            \
 259:Middlewares/Third_Party/FreeRTOS/Source/queue.c ****     taskENTER_CRITICAL();                                  \
 260:Middlewares/Third_Party/FreeRTOS/Source/queue.c ****     {                                                      \
 261:Middlewares/Third_Party/FreeRTOS/Source/queue.c ****         if( ( pxQueue )->cRxLock == queueUNLOCKED )        \
 262:Middlewares/Third_Party/FreeRTOS/Source/queue.c ****         {                                                  \
 263:Middlewares/Third_Party/FreeRTOS/Source/queue.c ****             ( pxQueue )->cRxLock = queueLOCKED_UNMODIFIED; \
 264:Middlewares/Third_Party/FreeRTOS/Source/queue.c ****         }                                                  \
 265:Middlewares/Third_Party/FreeRTOS/Source/queue.c ****         if( ( pxQueue )->cTxLock == queueUNLOCKED )        \
 266:Middlewares/Third_Party/FreeRTOS/Source/queue.c ****         {                                                  \
 267:Middlewares/Third_Party/FreeRTOS/Source/queue.c ****             ( pxQueue )->cTxLock = queueLOCKED_UNMODIFIED; \
 268:Middlewares/Third_Party/FreeRTOS/Source/queue.c ****         }                                                  \
 269:Middlewares/Third_Party/FreeRTOS/Source/queue.c ****     }                                                      \
 270:Middlewares/Third_Party/FreeRTOS/Source/queue.c ****     taskEXIT_CRITICAL()
 271:Middlewares/Third_Party/FreeRTOS/Source/queue.c **** 
 272:Middlewares/Third_Party/FreeRTOS/Source/queue.c **** /*
 273:Middlewares/Third_Party/FreeRTOS/Source/queue.c ****  * Macro to increment cTxLock member of the queue data structure. It is
 274:Middlewares/Third_Party/FreeRTOS/Source/queue.c ****  * capped at the number of tasks in the system as we cannot unblock more
 275:Middlewares/Third_Party/FreeRTOS/Source/queue.c ****  * tasks than the number of tasks in the system.
 276:Middlewares/Third_Party/FreeRTOS/Source/queue.c ****  */
 277:Middlewares/Third_Party/FreeRTOS/Source/queue.c **** #define prvIncrementQueueTxLock( pxQueue, cTxLock )                           \
 278:Middlewares/Third_Party/FreeRTOS/Source/queue.c ****     do {                                                                      \
 279:Middlewares/Third_Party/FreeRTOS/Source/queue.c ****         const UBaseType_t uxNumberOfTasks = uxTaskGetNumberOfTasks();         \
 280:Middlewares/Third_Party/FreeRTOS/Source/queue.c ****         if( ( UBaseType_t ) ( cTxLock ) < uxNumberOfTasks )                   \
 281:Middlewares/Third_Party/FreeRTOS/Source/queue.c ****         {                                                                     \
 282:Middlewares/Third_Party/FreeRTOS/Source/queue.c ****             configASSERT( ( cTxLock ) != queueINT8_MAX );                     \
 283:Middlewares/Third_Party/FreeRTOS/Source/queue.c ****             ( pxQueue )->cTxLock = ( int8_t ) ( ( cTxLock ) + ( int8_t ) 1 ); \
 284:Middlewares/Third_Party/FreeRTOS/Source/queue.c ****         }                                                                     \
 285:Middlewares/Third_Party/FreeRTOS/Source/queue.c ****     } while( 0 )
 286:Middlewares/Third_Party/FreeRTOS/Source/queue.c **** 
 287:Middlewares/Third_Party/FreeRTOS/Source/queue.c **** /*
 288:Middlewares/Third_Party/FreeRTOS/Source/queue.c ****  * Macro to increment cRxLock member of the queue data structure. It is
 289:Middlewares/Third_Party/FreeRTOS/Source/queue.c ****  * capped at the number of tasks in the system as we cannot unblock more
 290:Middlewares/Third_Party/FreeRTOS/Source/queue.c ****  * tasks than the number of tasks in the system.
 291:Middlewares/Third_Party/FreeRTOS/Source/queue.c ****  */
 292:Middlewares/Third_Party/FreeRTOS/Source/queue.c **** #define prvIncrementQueueRxLock( pxQueue, cRxLock )                           \
 293:Middlewares/Third_Party/FreeRTOS/Source/queue.c ****     do {                                                                      \
 294:Middlewares/Third_Party/FreeRTOS/Source/queue.c ****         const UBaseType_t uxNumberOfTasks = uxTaskGetNumberOfTasks();         \
 295:Middlewares/Third_Party/FreeRTOS/Source/queue.c ****         if( ( UBaseType_t ) ( cRxLock ) < uxNumberOfTasks )                   \
 296:Middlewares/Third_Party/FreeRTOS/Source/queue.c ****         {                                                                     \
 297:Middlewares/Third_Party/FreeRTOS/Source/queue.c ****             configASSERT( ( cRxLock ) != queueINT8_MAX );                     \
 298:Middlewares/Third_Party/FreeRTOS/Source/queue.c ****             ( pxQueue )->cRxLock = ( int8_t ) ( ( cRxLock ) + ( int8_t ) 1 ); \
 299:Middlewares/Third_Party/FreeRTOS/Source/queue.c ****         }                                                                     \
 300:Middlewares/Third_Party/FreeRTOS/Source/queue.c ****     } while( 0 )
 301:Middlewares/Third_Party/FreeRTOS/Source/queue.c **** /*-----------------------------------------------------------*/
 302:Middlewares/Third_Party/FreeRTOS/Source/queue.c **** 
 303:Middlewares/Third_Party/FreeRTOS/Source/queue.c **** BaseType_t xQueueGenericReset( QueueHandle_t xQueue,
 304:Middlewares/Third_Party/FreeRTOS/Source/queue.c ****                                BaseType_t xNewQueue )
 305:Middlewares/Third_Party/FreeRTOS/Source/queue.c **** {
 306:Middlewares/Third_Party/FreeRTOS/Source/queue.c ****     BaseType_t xReturn = pdPASS;
 307:Middlewares/Third_Party/FreeRTOS/Source/queue.c ****     Queue_t * const pxQueue = xQueue;
 308:Middlewares/Third_Party/FreeRTOS/Source/queue.c **** 
 309:Middlewares/Third_Party/FreeRTOS/Source/queue.c ****     traceENTER_xQueueGenericReset( xQueue, xNewQueue );
 310:Middlewares/Third_Party/FreeRTOS/Source/queue.c **** 
 311:Middlewares/Third_Party/FreeRTOS/Source/queue.c ****     configASSERT( pxQueue );
 312:Middlewares/Third_Party/FreeRTOS/Source/queue.c **** 
 313:Middlewares/Third_Party/FreeRTOS/Source/queue.c ****     if( ( pxQueue != NULL ) &&
 314:Middlewares/Third_Party/FreeRTOS/Source/queue.c ****         ( pxQueue->uxLength >= 1U ) &&
ARM GAS  /tmp/ccmofomj.s 			page 7


 315:Middlewares/Third_Party/FreeRTOS/Source/queue.c ****         /* Check for multiplication overflow. */
 316:Middlewares/Third_Party/FreeRTOS/Source/queue.c ****         ( ( SIZE_MAX / pxQueue->uxLength ) >= pxQueue->uxItemSize ) )
 317:Middlewares/Third_Party/FreeRTOS/Source/queue.c ****     {
 318:Middlewares/Third_Party/FreeRTOS/Source/queue.c ****         taskENTER_CRITICAL();
 319:Middlewares/Third_Party/FreeRTOS/Source/queue.c ****         {
 320:Middlewares/Third_Party/FreeRTOS/Source/queue.c ****             pxQueue->u.xQueue.pcTail = pxQueue->pcHead + ( pxQueue->uxLength * pxQueue->uxItemSize 
 321:Middlewares/Third_Party/FreeRTOS/Source/queue.c ****             pxQueue->uxMessagesWaiting = ( UBaseType_t ) 0U;
 322:Middlewares/Third_Party/FreeRTOS/Source/queue.c ****             pxQueue->pcWriteTo = pxQueue->pcHead;
 323:Middlewares/Third_Party/FreeRTOS/Source/queue.c ****             pxQueue->u.xQueue.pcReadFrom = pxQueue->pcHead + ( ( pxQueue->uxLength - 1U ) * pxQueue
 324:Middlewares/Third_Party/FreeRTOS/Source/queue.c ****             pxQueue->cRxLock = queueUNLOCKED;
 325:Middlewares/Third_Party/FreeRTOS/Source/queue.c ****             pxQueue->cTxLock = queueUNLOCKED;
 326:Middlewares/Third_Party/FreeRTOS/Source/queue.c **** 
 327:Middlewares/Third_Party/FreeRTOS/Source/queue.c ****             if( xNewQueue == pdFALSE )
 328:Middlewares/Third_Party/FreeRTOS/Source/queue.c ****             {
 329:Middlewares/Third_Party/FreeRTOS/Source/queue.c ****                 /* If there are tasks blocked waiting to read from the queue, then
 330:Middlewares/Third_Party/FreeRTOS/Source/queue.c ****                  * the tasks will remain blocked as after this function exits the queue
 331:Middlewares/Third_Party/FreeRTOS/Source/queue.c ****                  * will still be empty.  If there are tasks blocked waiting to write to
 332:Middlewares/Third_Party/FreeRTOS/Source/queue.c ****                  * the queue, then one should be unblocked as after this function exits
 333:Middlewares/Third_Party/FreeRTOS/Source/queue.c ****                  * it will be possible to write to it. */
 334:Middlewares/Third_Party/FreeRTOS/Source/queue.c ****                 if( listLIST_IS_EMPTY( &( pxQueue->xTasksWaitingToSend ) ) == pdFALSE )
 335:Middlewares/Third_Party/FreeRTOS/Source/queue.c ****                 {
 336:Middlewares/Third_Party/FreeRTOS/Source/queue.c ****                     if( xTaskRemoveFromEventList( &( pxQueue->xTasksWaitingToSend ) ) != pdFALSE )
 337:Middlewares/Third_Party/FreeRTOS/Source/queue.c ****                     {
 338:Middlewares/Third_Party/FreeRTOS/Source/queue.c ****                         queueYIELD_IF_USING_PREEMPTION();
 339:Middlewares/Third_Party/FreeRTOS/Source/queue.c ****                     }
 340:Middlewares/Third_Party/FreeRTOS/Source/queue.c ****                     else
 341:Middlewares/Third_Party/FreeRTOS/Source/queue.c ****                     {
 342:Middlewares/Third_Party/FreeRTOS/Source/queue.c ****                         mtCOVERAGE_TEST_MARKER();
 343:Middlewares/Third_Party/FreeRTOS/Source/queue.c ****                     }
 344:Middlewares/Third_Party/FreeRTOS/Source/queue.c ****                 }
 345:Middlewares/Third_Party/FreeRTOS/Source/queue.c ****                 else
 346:Middlewares/Third_Party/FreeRTOS/Source/queue.c ****                 {
 347:Middlewares/Third_Party/FreeRTOS/Source/queue.c ****                     mtCOVERAGE_TEST_MARKER();
 348:Middlewares/Third_Party/FreeRTOS/Source/queue.c ****                 }
 349:Middlewares/Third_Party/FreeRTOS/Source/queue.c ****             }
 350:Middlewares/Third_Party/FreeRTOS/Source/queue.c ****             else
 351:Middlewares/Third_Party/FreeRTOS/Source/queue.c ****             {
 352:Middlewares/Third_Party/FreeRTOS/Source/queue.c ****                 /* Ensure the event queues start in the correct state. */
 353:Middlewares/Third_Party/FreeRTOS/Source/queue.c ****                 vListInitialise( &( pxQueue->xTasksWaitingToSend ) );
 354:Middlewares/Third_Party/FreeRTOS/Source/queue.c ****                 vListInitialise( &( pxQueue->xTasksWaitingToReceive ) );
 355:Middlewares/Third_Party/FreeRTOS/Source/queue.c ****             }
 356:Middlewares/Third_Party/FreeRTOS/Source/queue.c ****         }
 357:Middlewares/Third_Party/FreeRTOS/Source/queue.c ****         taskEXIT_CRITICAL();
 358:Middlewares/Third_Party/FreeRTOS/Source/queue.c ****     }
 359:Middlewares/Third_Party/FreeRTOS/Source/queue.c ****     else
 360:Middlewares/Third_Party/FreeRTOS/Source/queue.c ****     {
 361:Middlewares/Third_Party/FreeRTOS/Source/queue.c ****         xReturn = pdFAIL;
 362:Middlewares/Third_Party/FreeRTOS/Source/queue.c ****     }
 363:Middlewares/Third_Party/FreeRTOS/Source/queue.c **** 
 364:Middlewares/Third_Party/FreeRTOS/Source/queue.c ****     configASSERT( xReturn != pdFAIL );
 365:Middlewares/Third_Party/FreeRTOS/Source/queue.c **** 
 366:Middlewares/Third_Party/FreeRTOS/Source/queue.c ****     /* A value is returned for calling semantic consistency with previous
 367:Middlewares/Third_Party/FreeRTOS/Source/queue.c ****      * versions. */
 368:Middlewares/Third_Party/FreeRTOS/Source/queue.c ****     traceRETURN_xQueueGenericReset( xReturn );
 369:Middlewares/Third_Party/FreeRTOS/Source/queue.c **** 
 370:Middlewares/Third_Party/FreeRTOS/Source/queue.c ****     return xReturn;
 371:Middlewares/Third_Party/FreeRTOS/Source/queue.c **** }
ARM GAS  /tmp/ccmofomj.s 			page 8


 372:Middlewares/Third_Party/FreeRTOS/Source/queue.c **** /*-----------------------------------------------------------*/
 373:Middlewares/Third_Party/FreeRTOS/Source/queue.c **** 
 374:Middlewares/Third_Party/FreeRTOS/Source/queue.c **** #if ( configSUPPORT_STATIC_ALLOCATION == 1 )
 375:Middlewares/Third_Party/FreeRTOS/Source/queue.c **** 
 376:Middlewares/Third_Party/FreeRTOS/Source/queue.c ****     QueueHandle_t xQueueGenericCreateStatic( const UBaseType_t uxQueueLength,
 377:Middlewares/Third_Party/FreeRTOS/Source/queue.c ****                                              const UBaseType_t uxItemSize,
 378:Middlewares/Third_Party/FreeRTOS/Source/queue.c ****                                              uint8_t * pucQueueStorage,
 379:Middlewares/Third_Party/FreeRTOS/Source/queue.c ****                                              StaticQueue_t * pxStaticQueue,
 380:Middlewares/Third_Party/FreeRTOS/Source/queue.c ****                                              const uint8_t ucQueueType )
 381:Middlewares/Third_Party/FreeRTOS/Source/queue.c ****     {
 382:Middlewares/Third_Party/FreeRTOS/Source/queue.c ****         Queue_t * pxNewQueue = NULL;
 383:Middlewares/Third_Party/FreeRTOS/Source/queue.c **** 
 384:Middlewares/Third_Party/FreeRTOS/Source/queue.c ****         traceENTER_xQueueGenericCreateStatic( uxQueueLength, uxItemSize, pucQueueStorage, pxStaticQ
 385:Middlewares/Third_Party/FreeRTOS/Source/queue.c **** 
 386:Middlewares/Third_Party/FreeRTOS/Source/queue.c ****         /* The StaticQueue_t structure and the queue storage area must be
 387:Middlewares/Third_Party/FreeRTOS/Source/queue.c ****          * supplied. */
 388:Middlewares/Third_Party/FreeRTOS/Source/queue.c ****         configASSERT( pxStaticQueue );
 389:Middlewares/Third_Party/FreeRTOS/Source/queue.c **** 
 390:Middlewares/Third_Party/FreeRTOS/Source/queue.c ****         if( ( uxQueueLength > ( UBaseType_t ) 0 ) &&
 391:Middlewares/Third_Party/FreeRTOS/Source/queue.c ****             ( pxStaticQueue != NULL ) &&
 392:Middlewares/Third_Party/FreeRTOS/Source/queue.c **** 
 393:Middlewares/Third_Party/FreeRTOS/Source/queue.c ****             /* A queue storage area should be provided if the item size is not 0, and
 394:Middlewares/Third_Party/FreeRTOS/Source/queue.c ****              * should not be provided if the item size is 0. */
 395:Middlewares/Third_Party/FreeRTOS/Source/queue.c ****             ( !( ( pucQueueStorage != NULL ) && ( uxItemSize == 0U ) ) ) &&
 396:Middlewares/Third_Party/FreeRTOS/Source/queue.c ****             ( !( ( pucQueueStorage == NULL ) && ( uxItemSize != 0U ) ) ) )
 397:Middlewares/Third_Party/FreeRTOS/Source/queue.c ****         {
 398:Middlewares/Third_Party/FreeRTOS/Source/queue.c ****             #if ( configASSERT_DEFINED == 1 )
 399:Middlewares/Third_Party/FreeRTOS/Source/queue.c ****             {
 400:Middlewares/Third_Party/FreeRTOS/Source/queue.c ****                 /* Sanity check that the size of the structure used to declare a
 401:Middlewares/Third_Party/FreeRTOS/Source/queue.c ****                  * variable of type StaticQueue_t or StaticSemaphore_t equals the size of
 402:Middlewares/Third_Party/FreeRTOS/Source/queue.c ****                  * the real queue and semaphore structures. */
 403:Middlewares/Third_Party/FreeRTOS/Source/queue.c ****                 volatile size_t xSize = sizeof( StaticQueue_t );
 404:Middlewares/Third_Party/FreeRTOS/Source/queue.c **** 
 405:Middlewares/Third_Party/FreeRTOS/Source/queue.c ****                 /* This assertion cannot be branch covered in unit tests */
 406:Middlewares/Third_Party/FreeRTOS/Source/queue.c ****                 configASSERT( xSize == sizeof( Queue_t ) ); /* LCOV_EXCL_BR_LINE */
 407:Middlewares/Third_Party/FreeRTOS/Source/queue.c ****                 ( void ) xSize;                             /* Prevent unused variable warning when
 408:Middlewares/Third_Party/FreeRTOS/Source/queue.c ****             }
 409:Middlewares/Third_Party/FreeRTOS/Source/queue.c ****             #endif /* configASSERT_DEFINED */
 410:Middlewares/Third_Party/FreeRTOS/Source/queue.c **** 
 411:Middlewares/Third_Party/FreeRTOS/Source/queue.c ****             /* The address of a statically allocated queue was passed in, use it.
 412:Middlewares/Third_Party/FreeRTOS/Source/queue.c ****              * The address of a statically allocated storage area was also passed in
 413:Middlewares/Third_Party/FreeRTOS/Source/queue.c ****              * but is already set. */
 414:Middlewares/Third_Party/FreeRTOS/Source/queue.c ****             /* MISRA Ref 11.3.1 [Misaligned access] */
 415:Middlewares/Third_Party/FreeRTOS/Source/queue.c ****             /* More details at: https://github.com/FreeRTOS/FreeRTOS-Kernel/blob/main/MISRA.md#rule
 416:Middlewares/Third_Party/FreeRTOS/Source/queue.c ****             /* coverity[misra_c_2012_rule_11_3_violation] */
 417:Middlewares/Third_Party/FreeRTOS/Source/queue.c ****             pxNewQueue = ( Queue_t * ) pxStaticQueue;
 418:Middlewares/Third_Party/FreeRTOS/Source/queue.c **** 
 419:Middlewares/Third_Party/FreeRTOS/Source/queue.c ****             #if ( configSUPPORT_DYNAMIC_ALLOCATION == 1 )
 420:Middlewares/Third_Party/FreeRTOS/Source/queue.c ****             {
 421:Middlewares/Third_Party/FreeRTOS/Source/queue.c ****                 /* Queues can be allocated either statically or dynamically, so
 422:Middlewares/Third_Party/FreeRTOS/Source/queue.c ****                  * note this queue was allocated statically in case the queue is
 423:Middlewares/Third_Party/FreeRTOS/Source/queue.c ****                  * later deleted. */
 424:Middlewares/Third_Party/FreeRTOS/Source/queue.c ****                 pxNewQueue->ucStaticallyAllocated = pdTRUE;
 425:Middlewares/Third_Party/FreeRTOS/Source/queue.c ****             }
 426:Middlewares/Third_Party/FreeRTOS/Source/queue.c ****             #endif /* configSUPPORT_DYNAMIC_ALLOCATION */
 427:Middlewares/Third_Party/FreeRTOS/Source/queue.c **** 
 428:Middlewares/Third_Party/FreeRTOS/Source/queue.c ****             prvInitialiseNewQueue( uxQueueLength, uxItemSize, pucQueueStorage, ucQueueType, pxNewQu
ARM GAS  /tmp/ccmofomj.s 			page 9


 429:Middlewares/Third_Party/FreeRTOS/Source/queue.c ****         }
 430:Middlewares/Third_Party/FreeRTOS/Source/queue.c ****         else
 431:Middlewares/Third_Party/FreeRTOS/Source/queue.c ****         {
 432:Middlewares/Third_Party/FreeRTOS/Source/queue.c ****             configASSERT( pxNewQueue );
 433:Middlewares/Third_Party/FreeRTOS/Source/queue.c ****             mtCOVERAGE_TEST_MARKER();
 434:Middlewares/Third_Party/FreeRTOS/Source/queue.c ****         }
 435:Middlewares/Third_Party/FreeRTOS/Source/queue.c **** 
 436:Middlewares/Third_Party/FreeRTOS/Source/queue.c ****         traceRETURN_xQueueGenericCreateStatic( pxNewQueue );
 437:Middlewares/Third_Party/FreeRTOS/Source/queue.c **** 
 438:Middlewares/Third_Party/FreeRTOS/Source/queue.c ****         return pxNewQueue;
 439:Middlewares/Third_Party/FreeRTOS/Source/queue.c ****     }
 440:Middlewares/Third_Party/FreeRTOS/Source/queue.c **** 
 441:Middlewares/Third_Party/FreeRTOS/Source/queue.c **** #endif /* configSUPPORT_STATIC_ALLOCATION */
 442:Middlewares/Third_Party/FreeRTOS/Source/queue.c **** /*-----------------------------------------------------------*/
 443:Middlewares/Third_Party/FreeRTOS/Source/queue.c **** 
 444:Middlewares/Third_Party/FreeRTOS/Source/queue.c **** #if ( configSUPPORT_STATIC_ALLOCATION == 1 )
 445:Middlewares/Third_Party/FreeRTOS/Source/queue.c **** 
 446:Middlewares/Third_Party/FreeRTOS/Source/queue.c ****     BaseType_t xQueueGenericGetStaticBuffers( QueueHandle_t xQueue,
 447:Middlewares/Third_Party/FreeRTOS/Source/queue.c ****                                               uint8_t ** ppucQueueStorage,
 448:Middlewares/Third_Party/FreeRTOS/Source/queue.c ****                                               StaticQueue_t ** ppxStaticQueue )
 449:Middlewares/Third_Party/FreeRTOS/Source/queue.c ****     {
 450:Middlewares/Third_Party/FreeRTOS/Source/queue.c ****         BaseType_t xReturn;
 451:Middlewares/Third_Party/FreeRTOS/Source/queue.c ****         Queue_t * const pxQueue = xQueue;
 452:Middlewares/Third_Party/FreeRTOS/Source/queue.c **** 
 453:Middlewares/Third_Party/FreeRTOS/Source/queue.c ****         traceENTER_xQueueGenericGetStaticBuffers( xQueue, ppucQueueStorage, ppxStaticQueue );
 454:Middlewares/Third_Party/FreeRTOS/Source/queue.c **** 
 455:Middlewares/Third_Party/FreeRTOS/Source/queue.c ****         configASSERT( pxQueue );
 456:Middlewares/Third_Party/FreeRTOS/Source/queue.c ****         configASSERT( ppxStaticQueue );
 457:Middlewares/Third_Party/FreeRTOS/Source/queue.c **** 
 458:Middlewares/Third_Party/FreeRTOS/Source/queue.c ****         #if ( configSUPPORT_DYNAMIC_ALLOCATION == 1 )
 459:Middlewares/Third_Party/FreeRTOS/Source/queue.c ****         {
 460:Middlewares/Third_Party/FreeRTOS/Source/queue.c ****             /* Check if the queue was statically allocated. */
 461:Middlewares/Third_Party/FreeRTOS/Source/queue.c ****             if( pxQueue->ucStaticallyAllocated == ( uint8_t ) pdTRUE )
 462:Middlewares/Third_Party/FreeRTOS/Source/queue.c ****             {
 463:Middlewares/Third_Party/FreeRTOS/Source/queue.c ****                 if( ppucQueueStorage != NULL )
 464:Middlewares/Third_Party/FreeRTOS/Source/queue.c ****                 {
 465:Middlewares/Third_Party/FreeRTOS/Source/queue.c ****                     *ppucQueueStorage = ( uint8_t * ) pxQueue->pcHead;
 466:Middlewares/Third_Party/FreeRTOS/Source/queue.c ****                 }
 467:Middlewares/Third_Party/FreeRTOS/Source/queue.c **** 
 468:Middlewares/Third_Party/FreeRTOS/Source/queue.c ****                 /* MISRA Ref 11.3.1 [Misaligned access] */
 469:Middlewares/Third_Party/FreeRTOS/Source/queue.c ****                 /* More details at: https://github.com/FreeRTOS/FreeRTOS-Kernel/blob/main/MISRA.md#
 470:Middlewares/Third_Party/FreeRTOS/Source/queue.c ****                 /* coverity[misra_c_2012_rule_11_3_violation] */
 471:Middlewares/Third_Party/FreeRTOS/Source/queue.c ****                 *ppxStaticQueue = ( StaticQueue_t * ) pxQueue;
 472:Middlewares/Third_Party/FreeRTOS/Source/queue.c ****                 xReturn = pdTRUE;
 473:Middlewares/Third_Party/FreeRTOS/Source/queue.c ****             }
 474:Middlewares/Third_Party/FreeRTOS/Source/queue.c ****             else
 475:Middlewares/Third_Party/FreeRTOS/Source/queue.c ****             {
 476:Middlewares/Third_Party/FreeRTOS/Source/queue.c ****                 xReturn = pdFALSE;
 477:Middlewares/Third_Party/FreeRTOS/Source/queue.c ****             }
 478:Middlewares/Third_Party/FreeRTOS/Source/queue.c ****         }
 479:Middlewares/Third_Party/FreeRTOS/Source/queue.c ****         #else /* configSUPPORT_DYNAMIC_ALLOCATION */
 480:Middlewares/Third_Party/FreeRTOS/Source/queue.c ****         {
 481:Middlewares/Third_Party/FreeRTOS/Source/queue.c ****             /* Queue must have been statically allocated. */
 482:Middlewares/Third_Party/FreeRTOS/Source/queue.c ****             if( ppucQueueStorage != NULL )
 483:Middlewares/Third_Party/FreeRTOS/Source/queue.c ****             {
 484:Middlewares/Third_Party/FreeRTOS/Source/queue.c ****                 *ppucQueueStorage = ( uint8_t * ) pxQueue->pcHead;
 485:Middlewares/Third_Party/FreeRTOS/Source/queue.c ****             }
ARM GAS  /tmp/ccmofomj.s 			page 10


 486:Middlewares/Third_Party/FreeRTOS/Source/queue.c **** 
 487:Middlewares/Third_Party/FreeRTOS/Source/queue.c ****             *ppxStaticQueue = ( StaticQueue_t * ) pxQueue;
 488:Middlewares/Third_Party/FreeRTOS/Source/queue.c ****             xReturn = pdTRUE;
 489:Middlewares/Third_Party/FreeRTOS/Source/queue.c ****         }
 490:Middlewares/Third_Party/FreeRTOS/Source/queue.c ****         #endif /* configSUPPORT_DYNAMIC_ALLOCATION */
 491:Middlewares/Third_Party/FreeRTOS/Source/queue.c **** 
 492:Middlewares/Third_Party/FreeRTOS/Source/queue.c ****         traceRETURN_xQueueGenericGetStaticBuffers( xReturn );
 493:Middlewares/Third_Party/FreeRTOS/Source/queue.c **** 
 494:Middlewares/Third_Party/FreeRTOS/Source/queue.c ****         return xReturn;
 495:Middlewares/Third_Party/FreeRTOS/Source/queue.c ****     }
 496:Middlewares/Third_Party/FreeRTOS/Source/queue.c **** 
 497:Middlewares/Third_Party/FreeRTOS/Source/queue.c **** #endif /* configSUPPORT_STATIC_ALLOCATION */
 498:Middlewares/Third_Party/FreeRTOS/Source/queue.c **** /*-----------------------------------------------------------*/
 499:Middlewares/Third_Party/FreeRTOS/Source/queue.c **** 
 500:Middlewares/Third_Party/FreeRTOS/Source/queue.c **** #if ( configSUPPORT_DYNAMIC_ALLOCATION == 1 )
 501:Middlewares/Third_Party/FreeRTOS/Source/queue.c **** 
 502:Middlewares/Third_Party/FreeRTOS/Source/queue.c ****     QueueHandle_t xQueueGenericCreate( const UBaseType_t uxQueueLength,
 503:Middlewares/Third_Party/FreeRTOS/Source/queue.c ****                                        const UBaseType_t uxItemSize,
 504:Middlewares/Third_Party/FreeRTOS/Source/queue.c ****                                        const uint8_t ucQueueType )
 505:Middlewares/Third_Party/FreeRTOS/Source/queue.c ****     {
 506:Middlewares/Third_Party/FreeRTOS/Source/queue.c ****         Queue_t * pxNewQueue = NULL;
 507:Middlewares/Third_Party/FreeRTOS/Source/queue.c ****         size_t xQueueSizeInBytes;
 508:Middlewares/Third_Party/FreeRTOS/Source/queue.c ****         uint8_t * pucQueueStorage;
 509:Middlewares/Third_Party/FreeRTOS/Source/queue.c **** 
 510:Middlewares/Third_Party/FreeRTOS/Source/queue.c ****         traceENTER_xQueueGenericCreate( uxQueueLength, uxItemSize, ucQueueType );
 511:Middlewares/Third_Party/FreeRTOS/Source/queue.c **** 
 512:Middlewares/Third_Party/FreeRTOS/Source/queue.c ****         if( ( uxQueueLength > ( UBaseType_t ) 0 ) &&
 513:Middlewares/Third_Party/FreeRTOS/Source/queue.c ****             /* Check for multiplication overflow. */
 514:Middlewares/Third_Party/FreeRTOS/Source/queue.c ****             ( ( SIZE_MAX / uxQueueLength ) >= uxItemSize ) &&
 515:Middlewares/Third_Party/FreeRTOS/Source/queue.c ****             /* Check for addition overflow. */
 516:Middlewares/Third_Party/FreeRTOS/Source/queue.c ****             /* MISRA Ref 14.3.1 [Configuration dependent invariant] */
 517:Middlewares/Third_Party/FreeRTOS/Source/queue.c ****             /* More details at: https://github.com/FreeRTOS/FreeRTOS-Kernel/blob/main/MISRA.md#rule
 518:Middlewares/Third_Party/FreeRTOS/Source/queue.c ****             /* coverity[misra_c_2012_rule_14_3_violation] */
 519:Middlewares/Third_Party/FreeRTOS/Source/queue.c ****             ( ( SIZE_MAX - sizeof( Queue_t ) ) >= ( size_t ) ( ( size_t ) uxQueueLength * ( size_t 
 520:Middlewares/Third_Party/FreeRTOS/Source/queue.c ****         {
 521:Middlewares/Third_Party/FreeRTOS/Source/queue.c ****             /* Allocate enough space to hold the maximum number of items that
 522:Middlewares/Third_Party/FreeRTOS/Source/queue.c ****              * can be in the queue at any time.  It is valid for uxItemSize to be
 523:Middlewares/Third_Party/FreeRTOS/Source/queue.c ****              * zero in the case the queue is used as a semaphore. */
 524:Middlewares/Third_Party/FreeRTOS/Source/queue.c ****             xQueueSizeInBytes = ( size_t ) ( ( size_t ) uxQueueLength * ( size_t ) uxItemSize );
 525:Middlewares/Third_Party/FreeRTOS/Source/queue.c **** 
 526:Middlewares/Third_Party/FreeRTOS/Source/queue.c ****             /* MISRA Ref 11.5.1 [Malloc memory assignment] */
 527:Middlewares/Third_Party/FreeRTOS/Source/queue.c ****             /* More details at: https://github.com/FreeRTOS/FreeRTOS-Kernel/blob/main/MISRA.md#rule
 528:Middlewares/Third_Party/FreeRTOS/Source/queue.c ****             /* coverity[misra_c_2012_rule_11_5_violation] */
 529:Middlewares/Third_Party/FreeRTOS/Source/queue.c ****             pxNewQueue = ( Queue_t * ) pvPortMalloc( sizeof( Queue_t ) + xQueueSizeInBytes );
 530:Middlewares/Third_Party/FreeRTOS/Source/queue.c **** 
 531:Middlewares/Third_Party/FreeRTOS/Source/queue.c ****             if( pxNewQueue != NULL )
 532:Middlewares/Third_Party/FreeRTOS/Source/queue.c ****             {
 533:Middlewares/Third_Party/FreeRTOS/Source/queue.c ****                 /* Jump past the queue structure to find the location of the queue
 534:Middlewares/Third_Party/FreeRTOS/Source/queue.c ****                  * storage area. */
 535:Middlewares/Third_Party/FreeRTOS/Source/queue.c ****                 pucQueueStorage = ( uint8_t * ) pxNewQueue;
 536:Middlewares/Third_Party/FreeRTOS/Source/queue.c ****                 pucQueueStorage += sizeof( Queue_t );
 537:Middlewares/Third_Party/FreeRTOS/Source/queue.c **** 
 538:Middlewares/Third_Party/FreeRTOS/Source/queue.c ****                 #if ( configSUPPORT_STATIC_ALLOCATION == 1 )
 539:Middlewares/Third_Party/FreeRTOS/Source/queue.c ****                 {
 540:Middlewares/Third_Party/FreeRTOS/Source/queue.c ****                     /* Queues can be created either statically or dynamically, so
 541:Middlewares/Third_Party/FreeRTOS/Source/queue.c ****                      * note this task was created dynamically in case it is later
 542:Middlewares/Third_Party/FreeRTOS/Source/queue.c ****                      * deleted. */
ARM GAS  /tmp/ccmofomj.s 			page 11


 543:Middlewares/Third_Party/FreeRTOS/Source/queue.c ****                     pxNewQueue->ucStaticallyAllocated = pdFALSE;
 544:Middlewares/Third_Party/FreeRTOS/Source/queue.c ****                 }
 545:Middlewares/Third_Party/FreeRTOS/Source/queue.c ****                 #endif /* configSUPPORT_STATIC_ALLOCATION */
 546:Middlewares/Third_Party/FreeRTOS/Source/queue.c **** 
 547:Middlewares/Third_Party/FreeRTOS/Source/queue.c ****                 prvInitialiseNewQueue( uxQueueLength, uxItemSize, pucQueueStorage, ucQueueType, pxN
 548:Middlewares/Third_Party/FreeRTOS/Source/queue.c ****             }
 549:Middlewares/Third_Party/FreeRTOS/Source/queue.c ****             else
 550:Middlewares/Third_Party/FreeRTOS/Source/queue.c ****             {
 551:Middlewares/Third_Party/FreeRTOS/Source/queue.c ****                 traceQUEUE_CREATE_FAILED( ucQueueType );
 552:Middlewares/Third_Party/FreeRTOS/Source/queue.c ****                 mtCOVERAGE_TEST_MARKER();
 553:Middlewares/Third_Party/FreeRTOS/Source/queue.c ****             }
 554:Middlewares/Third_Party/FreeRTOS/Source/queue.c ****         }
 555:Middlewares/Third_Party/FreeRTOS/Source/queue.c ****         else
 556:Middlewares/Third_Party/FreeRTOS/Source/queue.c ****         {
 557:Middlewares/Third_Party/FreeRTOS/Source/queue.c ****             configASSERT( pxNewQueue );
 558:Middlewares/Third_Party/FreeRTOS/Source/queue.c ****             mtCOVERAGE_TEST_MARKER();
 559:Middlewares/Third_Party/FreeRTOS/Source/queue.c ****         }
 560:Middlewares/Third_Party/FreeRTOS/Source/queue.c **** 
 561:Middlewares/Third_Party/FreeRTOS/Source/queue.c ****         traceRETURN_xQueueGenericCreate( pxNewQueue );
 562:Middlewares/Third_Party/FreeRTOS/Source/queue.c **** 
 563:Middlewares/Third_Party/FreeRTOS/Source/queue.c ****         return pxNewQueue;
 564:Middlewares/Third_Party/FreeRTOS/Source/queue.c ****     }
 565:Middlewares/Third_Party/FreeRTOS/Source/queue.c **** 
 566:Middlewares/Third_Party/FreeRTOS/Source/queue.c **** #endif /* configSUPPORT_STATIC_ALLOCATION */
 567:Middlewares/Third_Party/FreeRTOS/Source/queue.c **** /*-----------------------------------------------------------*/
 568:Middlewares/Third_Party/FreeRTOS/Source/queue.c **** 
 569:Middlewares/Third_Party/FreeRTOS/Source/queue.c **** static void prvInitialiseNewQueue( const UBaseType_t uxQueueLength,
 570:Middlewares/Third_Party/FreeRTOS/Source/queue.c ****                                    const UBaseType_t uxItemSize,
 571:Middlewares/Third_Party/FreeRTOS/Source/queue.c ****                                    uint8_t * pucQueueStorage,
 572:Middlewares/Third_Party/FreeRTOS/Source/queue.c ****                                    const uint8_t ucQueueType,
 573:Middlewares/Third_Party/FreeRTOS/Source/queue.c ****                                    Queue_t * pxNewQueue )
 574:Middlewares/Third_Party/FreeRTOS/Source/queue.c **** {
 575:Middlewares/Third_Party/FreeRTOS/Source/queue.c ****     /* Remove compiler warnings about unused parameters should
 576:Middlewares/Third_Party/FreeRTOS/Source/queue.c ****      * configUSE_TRACE_FACILITY not be set to 1. */
 577:Middlewares/Third_Party/FreeRTOS/Source/queue.c ****     ( void ) ucQueueType;
 578:Middlewares/Third_Party/FreeRTOS/Source/queue.c **** 
 579:Middlewares/Third_Party/FreeRTOS/Source/queue.c ****     if( uxItemSize == ( UBaseType_t ) 0 )
 580:Middlewares/Third_Party/FreeRTOS/Source/queue.c ****     {
 581:Middlewares/Third_Party/FreeRTOS/Source/queue.c ****         /* No RAM was allocated for the queue storage area, but PC head cannot
 582:Middlewares/Third_Party/FreeRTOS/Source/queue.c ****          * be set to NULL because NULL is used as a key to say the queue is used as
 583:Middlewares/Third_Party/FreeRTOS/Source/queue.c ****          * a mutex.  Therefore just set pcHead to point to the queue as a benign
 584:Middlewares/Third_Party/FreeRTOS/Source/queue.c ****          * value that is known to be within the memory map. */
 585:Middlewares/Third_Party/FreeRTOS/Source/queue.c ****         pxNewQueue->pcHead = ( int8_t * ) pxNewQueue;
 586:Middlewares/Third_Party/FreeRTOS/Source/queue.c ****     }
 587:Middlewares/Third_Party/FreeRTOS/Source/queue.c ****     else
 588:Middlewares/Third_Party/FreeRTOS/Source/queue.c ****     {
 589:Middlewares/Third_Party/FreeRTOS/Source/queue.c ****         /* Set the head to the start of the queue storage area. */
 590:Middlewares/Third_Party/FreeRTOS/Source/queue.c ****         pxNewQueue->pcHead = ( int8_t * ) pucQueueStorage;
 591:Middlewares/Third_Party/FreeRTOS/Source/queue.c ****     }
 592:Middlewares/Third_Party/FreeRTOS/Source/queue.c **** 
 593:Middlewares/Third_Party/FreeRTOS/Source/queue.c ****     /* Initialise the queue members as described where the queue type is
 594:Middlewares/Third_Party/FreeRTOS/Source/queue.c ****      * defined. */
 595:Middlewares/Third_Party/FreeRTOS/Source/queue.c ****     pxNewQueue->uxLength = uxQueueLength;
 596:Middlewares/Third_Party/FreeRTOS/Source/queue.c ****     pxNewQueue->uxItemSize = uxItemSize;
 597:Middlewares/Third_Party/FreeRTOS/Source/queue.c ****     ( void ) xQueueGenericReset( pxNewQueue, pdTRUE );
 598:Middlewares/Third_Party/FreeRTOS/Source/queue.c **** 
 599:Middlewares/Third_Party/FreeRTOS/Source/queue.c ****     #if ( configUSE_TRACE_FACILITY == 1 )
ARM GAS  /tmp/ccmofomj.s 			page 12


 600:Middlewares/Third_Party/FreeRTOS/Source/queue.c ****     {
 601:Middlewares/Third_Party/FreeRTOS/Source/queue.c ****         pxNewQueue->ucQueueType = ucQueueType;
 602:Middlewares/Third_Party/FreeRTOS/Source/queue.c ****     }
 603:Middlewares/Third_Party/FreeRTOS/Source/queue.c ****     #endif /* configUSE_TRACE_FACILITY */
 604:Middlewares/Third_Party/FreeRTOS/Source/queue.c **** 
 605:Middlewares/Third_Party/FreeRTOS/Source/queue.c ****     #if ( configUSE_QUEUE_SETS == 1 )
 606:Middlewares/Third_Party/FreeRTOS/Source/queue.c ****     {
 607:Middlewares/Third_Party/FreeRTOS/Source/queue.c ****         pxNewQueue->pxQueueSetContainer = NULL;
 608:Middlewares/Third_Party/FreeRTOS/Source/queue.c ****     }
 609:Middlewares/Third_Party/FreeRTOS/Source/queue.c ****     #endif /* configUSE_QUEUE_SETS */
 610:Middlewares/Third_Party/FreeRTOS/Source/queue.c **** 
 611:Middlewares/Third_Party/FreeRTOS/Source/queue.c ****     traceQUEUE_CREATE( pxNewQueue );
 612:Middlewares/Third_Party/FreeRTOS/Source/queue.c **** }
 613:Middlewares/Third_Party/FreeRTOS/Source/queue.c **** /*-----------------------------------------------------------*/
 614:Middlewares/Third_Party/FreeRTOS/Source/queue.c **** 
 615:Middlewares/Third_Party/FreeRTOS/Source/queue.c **** #if ( configUSE_MUTEXES == 1 )
 616:Middlewares/Third_Party/FreeRTOS/Source/queue.c **** 
 617:Middlewares/Third_Party/FreeRTOS/Source/queue.c ****     static void prvInitialiseMutex( Queue_t * pxNewQueue )
 618:Middlewares/Third_Party/FreeRTOS/Source/queue.c ****     {
 619:Middlewares/Third_Party/FreeRTOS/Source/queue.c ****         if( pxNewQueue != NULL )
 620:Middlewares/Third_Party/FreeRTOS/Source/queue.c ****         {
 621:Middlewares/Third_Party/FreeRTOS/Source/queue.c ****             /* The queue create function will set all the queue structure members
 622:Middlewares/Third_Party/FreeRTOS/Source/queue.c ****             * correctly for a generic queue, but this function is creating a
 623:Middlewares/Third_Party/FreeRTOS/Source/queue.c ****             * mutex.  Overwrite those members that need to be set differently -
 624:Middlewares/Third_Party/FreeRTOS/Source/queue.c ****             * in particular the information required for priority inheritance. */
 625:Middlewares/Third_Party/FreeRTOS/Source/queue.c ****             pxNewQueue->u.xSemaphore.xMutexHolder = NULL;
 626:Middlewares/Third_Party/FreeRTOS/Source/queue.c ****             pxNewQueue->uxQueueType = queueQUEUE_IS_MUTEX;
 627:Middlewares/Third_Party/FreeRTOS/Source/queue.c **** 
 628:Middlewares/Third_Party/FreeRTOS/Source/queue.c ****             /* In case this is a recursive mutex. */
 629:Middlewares/Third_Party/FreeRTOS/Source/queue.c ****             pxNewQueue->u.xSemaphore.uxRecursiveCallCount = 0;
 630:Middlewares/Third_Party/FreeRTOS/Source/queue.c **** 
 631:Middlewares/Third_Party/FreeRTOS/Source/queue.c ****             traceCREATE_MUTEX( pxNewQueue );
 632:Middlewares/Third_Party/FreeRTOS/Source/queue.c **** 
 633:Middlewares/Third_Party/FreeRTOS/Source/queue.c ****             /* Start with the semaphore in the expected state. */
 634:Middlewares/Third_Party/FreeRTOS/Source/queue.c ****             ( void ) xQueueGenericSend( pxNewQueue, NULL, ( TickType_t ) 0U, queueSEND_TO_BACK );
 635:Middlewares/Third_Party/FreeRTOS/Source/queue.c ****         }
 636:Middlewares/Third_Party/FreeRTOS/Source/queue.c ****         else
 637:Middlewares/Third_Party/FreeRTOS/Source/queue.c ****         {
 638:Middlewares/Third_Party/FreeRTOS/Source/queue.c ****             traceCREATE_MUTEX_FAILED();
 639:Middlewares/Third_Party/FreeRTOS/Source/queue.c ****         }
 640:Middlewares/Third_Party/FreeRTOS/Source/queue.c ****     }
 641:Middlewares/Third_Party/FreeRTOS/Source/queue.c **** 
 642:Middlewares/Third_Party/FreeRTOS/Source/queue.c **** #endif /* configUSE_MUTEXES */
 643:Middlewares/Third_Party/FreeRTOS/Source/queue.c **** /*-----------------------------------------------------------*/
 644:Middlewares/Third_Party/FreeRTOS/Source/queue.c **** 
 645:Middlewares/Third_Party/FreeRTOS/Source/queue.c **** #if ( ( configUSE_MUTEXES == 1 ) && ( configSUPPORT_DYNAMIC_ALLOCATION == 1 ) )
 646:Middlewares/Third_Party/FreeRTOS/Source/queue.c **** 
 647:Middlewares/Third_Party/FreeRTOS/Source/queue.c ****     QueueHandle_t xQueueCreateMutex( const uint8_t ucQueueType )
 648:Middlewares/Third_Party/FreeRTOS/Source/queue.c ****     {
 649:Middlewares/Third_Party/FreeRTOS/Source/queue.c ****         QueueHandle_t xNewQueue;
 650:Middlewares/Third_Party/FreeRTOS/Source/queue.c ****         const UBaseType_t uxMutexLength = ( UBaseType_t ) 1, uxMutexSize = ( UBaseType_t ) 0;
 651:Middlewares/Third_Party/FreeRTOS/Source/queue.c **** 
 652:Middlewares/Third_Party/FreeRTOS/Source/queue.c ****         traceENTER_xQueueCreateMutex( ucQueueType );
 653:Middlewares/Third_Party/FreeRTOS/Source/queue.c **** 
 654:Middlewares/Third_Party/FreeRTOS/Source/queue.c ****         xNewQueue = xQueueGenericCreate( uxMutexLength, uxMutexSize, ucQueueType );
 655:Middlewares/Third_Party/FreeRTOS/Source/queue.c ****         prvInitialiseMutex( ( Queue_t * ) xNewQueue );
 656:Middlewares/Third_Party/FreeRTOS/Source/queue.c **** 
ARM GAS  /tmp/ccmofomj.s 			page 13


 657:Middlewares/Third_Party/FreeRTOS/Source/queue.c ****         traceRETURN_xQueueCreateMutex( xNewQueue );
 658:Middlewares/Third_Party/FreeRTOS/Source/queue.c **** 
 659:Middlewares/Third_Party/FreeRTOS/Source/queue.c ****         return xNewQueue;
 660:Middlewares/Third_Party/FreeRTOS/Source/queue.c ****     }
 661:Middlewares/Third_Party/FreeRTOS/Source/queue.c **** 
 662:Middlewares/Third_Party/FreeRTOS/Source/queue.c **** #endif /* configUSE_MUTEXES */
 663:Middlewares/Third_Party/FreeRTOS/Source/queue.c **** /*-----------------------------------------------------------*/
 664:Middlewares/Third_Party/FreeRTOS/Source/queue.c **** 
 665:Middlewares/Third_Party/FreeRTOS/Source/queue.c **** #if ( ( configUSE_MUTEXES == 1 ) && ( configSUPPORT_STATIC_ALLOCATION == 1 ) )
 666:Middlewares/Third_Party/FreeRTOS/Source/queue.c **** 
 667:Middlewares/Third_Party/FreeRTOS/Source/queue.c ****     QueueHandle_t xQueueCreateMutexStatic( const uint8_t ucQueueType,
 668:Middlewares/Third_Party/FreeRTOS/Source/queue.c ****                                            StaticQueue_t * pxStaticQueue )
 669:Middlewares/Third_Party/FreeRTOS/Source/queue.c ****     {
 670:Middlewares/Third_Party/FreeRTOS/Source/queue.c ****         QueueHandle_t xNewQueue;
 671:Middlewares/Third_Party/FreeRTOS/Source/queue.c ****         const UBaseType_t uxMutexLength = ( UBaseType_t ) 1, uxMutexSize = ( UBaseType_t ) 0;
 672:Middlewares/Third_Party/FreeRTOS/Source/queue.c **** 
 673:Middlewares/Third_Party/FreeRTOS/Source/queue.c ****         traceENTER_xQueueCreateMutexStatic( ucQueueType, pxStaticQueue );
 674:Middlewares/Third_Party/FreeRTOS/Source/queue.c **** 
 675:Middlewares/Third_Party/FreeRTOS/Source/queue.c ****         /* Prevent compiler warnings about unused parameters if
 676:Middlewares/Third_Party/FreeRTOS/Source/queue.c ****          * configUSE_TRACE_FACILITY does not equal 1. */
 677:Middlewares/Third_Party/FreeRTOS/Source/queue.c ****         ( void ) ucQueueType;
 678:Middlewares/Third_Party/FreeRTOS/Source/queue.c **** 
 679:Middlewares/Third_Party/FreeRTOS/Source/queue.c ****         xNewQueue = xQueueGenericCreateStatic( uxMutexLength, uxMutexSize, NULL, pxStaticQueue, ucQ
 680:Middlewares/Third_Party/FreeRTOS/Source/queue.c ****         prvInitialiseMutex( ( Queue_t * ) xNewQueue );
 681:Middlewares/Third_Party/FreeRTOS/Source/queue.c **** 
 682:Middlewares/Third_Party/FreeRTOS/Source/queue.c ****         traceRETURN_xQueueCreateMutexStatic( xNewQueue );
 683:Middlewares/Third_Party/FreeRTOS/Source/queue.c **** 
 684:Middlewares/Third_Party/FreeRTOS/Source/queue.c ****         return xNewQueue;
 685:Middlewares/Third_Party/FreeRTOS/Source/queue.c ****     }
 686:Middlewares/Third_Party/FreeRTOS/Source/queue.c **** 
 687:Middlewares/Third_Party/FreeRTOS/Source/queue.c **** #endif /* configUSE_MUTEXES */
 688:Middlewares/Third_Party/FreeRTOS/Source/queue.c **** /*-----------------------------------------------------------*/
 689:Middlewares/Third_Party/FreeRTOS/Source/queue.c **** 
 690:Middlewares/Third_Party/FreeRTOS/Source/queue.c **** #if ( ( configUSE_MUTEXES == 1 ) && ( INCLUDE_xSemaphoreGetMutexHolder == 1 ) )
 691:Middlewares/Third_Party/FreeRTOS/Source/queue.c **** 
 692:Middlewares/Third_Party/FreeRTOS/Source/queue.c ****     TaskHandle_t xQueueGetMutexHolder( QueueHandle_t xSemaphore )
 693:Middlewares/Third_Party/FreeRTOS/Source/queue.c ****     {
 694:Middlewares/Third_Party/FreeRTOS/Source/queue.c ****         TaskHandle_t pxReturn;
 695:Middlewares/Third_Party/FreeRTOS/Source/queue.c ****         Queue_t * const pxSemaphore = ( Queue_t * ) xSemaphore;
 696:Middlewares/Third_Party/FreeRTOS/Source/queue.c **** 
 697:Middlewares/Third_Party/FreeRTOS/Source/queue.c ****         traceENTER_xQueueGetMutexHolder( xSemaphore );
 698:Middlewares/Third_Party/FreeRTOS/Source/queue.c **** 
 699:Middlewares/Third_Party/FreeRTOS/Source/queue.c ****         configASSERT( xSemaphore );
 700:Middlewares/Third_Party/FreeRTOS/Source/queue.c **** 
 701:Middlewares/Third_Party/FreeRTOS/Source/queue.c ****         /* This function is called by xSemaphoreGetMutexHolder(), and should not
 702:Middlewares/Third_Party/FreeRTOS/Source/queue.c ****          * be called directly.  Note:  This is a good way of determining if the
 703:Middlewares/Third_Party/FreeRTOS/Source/queue.c ****          * calling task is the mutex holder, but not a good way of determining the
 704:Middlewares/Third_Party/FreeRTOS/Source/queue.c ****          * identity of the mutex holder, as the holder may change between the
 705:Middlewares/Third_Party/FreeRTOS/Source/queue.c ****          * following critical section exiting and the function returning. */
 706:Middlewares/Third_Party/FreeRTOS/Source/queue.c ****         taskENTER_CRITICAL();
 707:Middlewares/Third_Party/FreeRTOS/Source/queue.c ****         {
 708:Middlewares/Third_Party/FreeRTOS/Source/queue.c ****             if( pxSemaphore->uxQueueType == queueQUEUE_IS_MUTEX )
 709:Middlewares/Third_Party/FreeRTOS/Source/queue.c ****             {
 710:Middlewares/Third_Party/FreeRTOS/Source/queue.c ****                 pxReturn = pxSemaphore->u.xSemaphore.xMutexHolder;
 711:Middlewares/Third_Party/FreeRTOS/Source/queue.c ****             }
 712:Middlewares/Third_Party/FreeRTOS/Source/queue.c ****             else
 713:Middlewares/Third_Party/FreeRTOS/Source/queue.c ****             {
ARM GAS  /tmp/ccmofomj.s 			page 14


 714:Middlewares/Third_Party/FreeRTOS/Source/queue.c ****                 pxReturn = NULL;
 715:Middlewares/Third_Party/FreeRTOS/Source/queue.c ****             }
 716:Middlewares/Third_Party/FreeRTOS/Source/queue.c ****         }
 717:Middlewares/Third_Party/FreeRTOS/Source/queue.c ****         taskEXIT_CRITICAL();
 718:Middlewares/Third_Party/FreeRTOS/Source/queue.c **** 
 719:Middlewares/Third_Party/FreeRTOS/Source/queue.c ****         traceRETURN_xQueueGetMutexHolder( pxReturn );
 720:Middlewares/Third_Party/FreeRTOS/Source/queue.c **** 
 721:Middlewares/Third_Party/FreeRTOS/Source/queue.c ****         return pxReturn;
 722:Middlewares/Third_Party/FreeRTOS/Source/queue.c ****     }
 723:Middlewares/Third_Party/FreeRTOS/Source/queue.c **** 
 724:Middlewares/Third_Party/FreeRTOS/Source/queue.c **** #endif /* if ( ( configUSE_MUTEXES == 1 ) && ( INCLUDE_xSemaphoreGetMutexHolder == 1 ) ) */
 725:Middlewares/Third_Party/FreeRTOS/Source/queue.c **** /*-----------------------------------------------------------*/
 726:Middlewares/Third_Party/FreeRTOS/Source/queue.c **** 
 727:Middlewares/Third_Party/FreeRTOS/Source/queue.c **** #if ( ( configUSE_MUTEXES == 1 ) && ( INCLUDE_xSemaphoreGetMutexHolder == 1 ) )
 728:Middlewares/Third_Party/FreeRTOS/Source/queue.c **** 
 729:Middlewares/Third_Party/FreeRTOS/Source/queue.c ****     TaskHandle_t xQueueGetMutexHolderFromISR( QueueHandle_t xSemaphore )
 730:Middlewares/Third_Party/FreeRTOS/Source/queue.c ****     {
 731:Middlewares/Third_Party/FreeRTOS/Source/queue.c ****         TaskHandle_t pxReturn;
 732:Middlewares/Third_Party/FreeRTOS/Source/queue.c **** 
 733:Middlewares/Third_Party/FreeRTOS/Source/queue.c ****         traceENTER_xQueueGetMutexHolderFromISR( xSemaphore );
 734:Middlewares/Third_Party/FreeRTOS/Source/queue.c **** 
 735:Middlewares/Third_Party/FreeRTOS/Source/queue.c ****         configASSERT( xSemaphore );
 736:Middlewares/Third_Party/FreeRTOS/Source/queue.c **** 
 737:Middlewares/Third_Party/FreeRTOS/Source/queue.c ****         /* Mutexes cannot be used in interrupt service routines, so the mutex
 738:Middlewares/Third_Party/FreeRTOS/Source/queue.c ****          * holder should not change in an ISR, and therefore a critical section is
 739:Middlewares/Third_Party/FreeRTOS/Source/queue.c ****          * not required here. */
 740:Middlewares/Third_Party/FreeRTOS/Source/queue.c ****         if( ( ( Queue_t * ) xSemaphore )->uxQueueType == queueQUEUE_IS_MUTEX )
 741:Middlewares/Third_Party/FreeRTOS/Source/queue.c ****         {
 742:Middlewares/Third_Party/FreeRTOS/Source/queue.c ****             pxReturn = ( ( Queue_t * ) xSemaphore )->u.xSemaphore.xMutexHolder;
 743:Middlewares/Third_Party/FreeRTOS/Source/queue.c ****         }
 744:Middlewares/Third_Party/FreeRTOS/Source/queue.c ****         else
 745:Middlewares/Third_Party/FreeRTOS/Source/queue.c ****         {
 746:Middlewares/Third_Party/FreeRTOS/Source/queue.c ****             pxReturn = NULL;
 747:Middlewares/Third_Party/FreeRTOS/Source/queue.c ****         }
 748:Middlewares/Third_Party/FreeRTOS/Source/queue.c **** 
 749:Middlewares/Third_Party/FreeRTOS/Source/queue.c ****         traceRETURN_xQueueGetMutexHolderFromISR( pxReturn );
 750:Middlewares/Third_Party/FreeRTOS/Source/queue.c **** 
 751:Middlewares/Third_Party/FreeRTOS/Source/queue.c ****         return pxReturn;
 752:Middlewares/Third_Party/FreeRTOS/Source/queue.c ****     }
 753:Middlewares/Third_Party/FreeRTOS/Source/queue.c **** 
 754:Middlewares/Third_Party/FreeRTOS/Source/queue.c **** #endif /* if ( ( configUSE_MUTEXES == 1 ) && ( INCLUDE_xSemaphoreGetMutexHolder == 1 ) ) */
 755:Middlewares/Third_Party/FreeRTOS/Source/queue.c **** /*-----------------------------------------------------------*/
 756:Middlewares/Third_Party/FreeRTOS/Source/queue.c **** 
 757:Middlewares/Third_Party/FreeRTOS/Source/queue.c **** #if ( configUSE_RECURSIVE_MUTEXES == 1 )
 758:Middlewares/Third_Party/FreeRTOS/Source/queue.c **** 
 759:Middlewares/Third_Party/FreeRTOS/Source/queue.c ****     BaseType_t xQueueGiveMutexRecursive( QueueHandle_t xMutex )
 760:Middlewares/Third_Party/FreeRTOS/Source/queue.c ****     {
 761:Middlewares/Third_Party/FreeRTOS/Source/queue.c ****         BaseType_t xReturn;
 762:Middlewares/Third_Party/FreeRTOS/Source/queue.c ****         Queue_t * const pxMutex = ( Queue_t * ) xMutex;
 763:Middlewares/Third_Party/FreeRTOS/Source/queue.c **** 
 764:Middlewares/Third_Party/FreeRTOS/Source/queue.c ****         traceENTER_xQueueGiveMutexRecursive( xMutex );
 765:Middlewares/Third_Party/FreeRTOS/Source/queue.c **** 
 766:Middlewares/Third_Party/FreeRTOS/Source/queue.c ****         configASSERT( pxMutex );
 767:Middlewares/Third_Party/FreeRTOS/Source/queue.c **** 
 768:Middlewares/Third_Party/FreeRTOS/Source/queue.c ****         /* If this is the task that holds the mutex then xMutexHolder will not
 769:Middlewares/Third_Party/FreeRTOS/Source/queue.c ****          * change outside of this task.  If this task does not hold the mutex then
 770:Middlewares/Third_Party/FreeRTOS/Source/queue.c ****          * pxMutexHolder can never coincidentally equal the tasks handle, and as
ARM GAS  /tmp/ccmofomj.s 			page 15


 771:Middlewares/Third_Party/FreeRTOS/Source/queue.c ****          * this is the only condition we are interested in it does not matter if
 772:Middlewares/Third_Party/FreeRTOS/Source/queue.c ****          * pxMutexHolder is accessed simultaneously by another task.  Therefore no
 773:Middlewares/Third_Party/FreeRTOS/Source/queue.c ****          * mutual exclusion is required to test the pxMutexHolder variable. */
 774:Middlewares/Third_Party/FreeRTOS/Source/queue.c ****         if( pxMutex->u.xSemaphore.xMutexHolder == xTaskGetCurrentTaskHandle() )
 775:Middlewares/Third_Party/FreeRTOS/Source/queue.c ****         {
 776:Middlewares/Third_Party/FreeRTOS/Source/queue.c ****             traceGIVE_MUTEX_RECURSIVE( pxMutex );
 777:Middlewares/Third_Party/FreeRTOS/Source/queue.c **** 
 778:Middlewares/Third_Party/FreeRTOS/Source/queue.c ****             /* uxRecursiveCallCount cannot be zero if xMutexHolder is equal to
 779:Middlewares/Third_Party/FreeRTOS/Source/queue.c ****              * the task handle, therefore no underflow check is required.  Also,
 780:Middlewares/Third_Party/FreeRTOS/Source/queue.c ****              * uxRecursiveCallCount is only modified by the mutex holder, and as
 781:Middlewares/Third_Party/FreeRTOS/Source/queue.c ****              * there can only be one, no mutual exclusion is required to modify the
 782:Middlewares/Third_Party/FreeRTOS/Source/queue.c ****              * uxRecursiveCallCount member. */
 783:Middlewares/Third_Party/FreeRTOS/Source/queue.c ****             ( pxMutex->u.xSemaphore.uxRecursiveCallCount )--;
 784:Middlewares/Third_Party/FreeRTOS/Source/queue.c **** 
 785:Middlewares/Third_Party/FreeRTOS/Source/queue.c ****             /* Has the recursive call count unwound to 0? */
 786:Middlewares/Third_Party/FreeRTOS/Source/queue.c ****             if( pxMutex->u.xSemaphore.uxRecursiveCallCount == ( UBaseType_t ) 0 )
 787:Middlewares/Third_Party/FreeRTOS/Source/queue.c ****             {
 788:Middlewares/Third_Party/FreeRTOS/Source/queue.c ****                 /* Return the mutex.  This will automatically unblock any other
 789:Middlewares/Third_Party/FreeRTOS/Source/queue.c ****                  * task that might be waiting to access the mutex. */
 790:Middlewares/Third_Party/FreeRTOS/Source/queue.c ****                 ( void ) xQueueGenericSend( pxMutex, NULL, queueMUTEX_GIVE_BLOCK_TIME, queueSEND_TO
 791:Middlewares/Third_Party/FreeRTOS/Source/queue.c ****             }
 792:Middlewares/Third_Party/FreeRTOS/Source/queue.c ****             else
 793:Middlewares/Third_Party/FreeRTOS/Source/queue.c ****             {
 794:Middlewares/Third_Party/FreeRTOS/Source/queue.c ****                 mtCOVERAGE_TEST_MARKER();
 795:Middlewares/Third_Party/FreeRTOS/Source/queue.c ****             }
 796:Middlewares/Third_Party/FreeRTOS/Source/queue.c **** 
 797:Middlewares/Third_Party/FreeRTOS/Source/queue.c ****             xReturn = pdPASS;
 798:Middlewares/Third_Party/FreeRTOS/Source/queue.c ****         }
 799:Middlewares/Third_Party/FreeRTOS/Source/queue.c ****         else
 800:Middlewares/Third_Party/FreeRTOS/Source/queue.c ****         {
 801:Middlewares/Third_Party/FreeRTOS/Source/queue.c ****             /* The mutex cannot be given because the calling task is not the
 802:Middlewares/Third_Party/FreeRTOS/Source/queue.c ****              * holder. */
 803:Middlewares/Third_Party/FreeRTOS/Source/queue.c ****             xReturn = pdFAIL;
 804:Middlewares/Third_Party/FreeRTOS/Source/queue.c **** 
 805:Middlewares/Third_Party/FreeRTOS/Source/queue.c ****             traceGIVE_MUTEX_RECURSIVE_FAILED( pxMutex );
 806:Middlewares/Third_Party/FreeRTOS/Source/queue.c ****         }
 807:Middlewares/Third_Party/FreeRTOS/Source/queue.c **** 
 808:Middlewares/Third_Party/FreeRTOS/Source/queue.c ****         traceRETURN_xQueueGiveMutexRecursive( xReturn );
 809:Middlewares/Third_Party/FreeRTOS/Source/queue.c **** 
 810:Middlewares/Third_Party/FreeRTOS/Source/queue.c ****         return xReturn;
 811:Middlewares/Third_Party/FreeRTOS/Source/queue.c ****     }
 812:Middlewares/Third_Party/FreeRTOS/Source/queue.c **** 
 813:Middlewares/Third_Party/FreeRTOS/Source/queue.c **** #endif /* configUSE_RECURSIVE_MUTEXES */
 814:Middlewares/Third_Party/FreeRTOS/Source/queue.c **** /*-----------------------------------------------------------*/
 815:Middlewares/Third_Party/FreeRTOS/Source/queue.c **** 
 816:Middlewares/Third_Party/FreeRTOS/Source/queue.c **** #if ( configUSE_RECURSIVE_MUTEXES == 1 )
 817:Middlewares/Third_Party/FreeRTOS/Source/queue.c **** 
 818:Middlewares/Third_Party/FreeRTOS/Source/queue.c ****     BaseType_t xQueueTakeMutexRecursive( QueueHandle_t xMutex,
 819:Middlewares/Third_Party/FreeRTOS/Source/queue.c ****                                          TickType_t xTicksToWait )
 820:Middlewares/Third_Party/FreeRTOS/Source/queue.c ****     {
 821:Middlewares/Third_Party/FreeRTOS/Source/queue.c ****         BaseType_t xReturn;
 822:Middlewares/Third_Party/FreeRTOS/Source/queue.c ****         Queue_t * const pxMutex = ( Queue_t * ) xMutex;
 823:Middlewares/Third_Party/FreeRTOS/Source/queue.c **** 
 824:Middlewares/Third_Party/FreeRTOS/Source/queue.c ****         traceENTER_xQueueTakeMutexRecursive( xMutex, xTicksToWait );
 825:Middlewares/Third_Party/FreeRTOS/Source/queue.c **** 
 826:Middlewares/Third_Party/FreeRTOS/Source/queue.c ****         configASSERT( pxMutex );
 827:Middlewares/Third_Party/FreeRTOS/Source/queue.c **** 
ARM GAS  /tmp/ccmofomj.s 			page 16


 828:Middlewares/Third_Party/FreeRTOS/Source/queue.c ****         /* Comments regarding mutual exclusion as per those within
 829:Middlewares/Third_Party/FreeRTOS/Source/queue.c ****          * xQueueGiveMutexRecursive(). */
 830:Middlewares/Third_Party/FreeRTOS/Source/queue.c **** 
 831:Middlewares/Third_Party/FreeRTOS/Source/queue.c ****         traceTAKE_MUTEX_RECURSIVE( pxMutex );
 832:Middlewares/Third_Party/FreeRTOS/Source/queue.c **** 
 833:Middlewares/Third_Party/FreeRTOS/Source/queue.c ****         if( pxMutex->u.xSemaphore.xMutexHolder == xTaskGetCurrentTaskHandle() )
 834:Middlewares/Third_Party/FreeRTOS/Source/queue.c ****         {
 835:Middlewares/Third_Party/FreeRTOS/Source/queue.c ****             ( pxMutex->u.xSemaphore.uxRecursiveCallCount )++;
 836:Middlewares/Third_Party/FreeRTOS/Source/queue.c ****             xReturn = pdPASS;
 837:Middlewares/Third_Party/FreeRTOS/Source/queue.c ****         }
 838:Middlewares/Third_Party/FreeRTOS/Source/queue.c ****         else
 839:Middlewares/Third_Party/FreeRTOS/Source/queue.c ****         {
 840:Middlewares/Third_Party/FreeRTOS/Source/queue.c ****             xReturn = xQueueSemaphoreTake( pxMutex, xTicksToWait );
 841:Middlewares/Third_Party/FreeRTOS/Source/queue.c **** 
 842:Middlewares/Third_Party/FreeRTOS/Source/queue.c ****             /* pdPASS will only be returned if the mutex was successfully
 843:Middlewares/Third_Party/FreeRTOS/Source/queue.c ****              * obtained.  The calling task may have entered the Blocked state
 844:Middlewares/Third_Party/FreeRTOS/Source/queue.c ****              * before reaching here. */
 845:Middlewares/Third_Party/FreeRTOS/Source/queue.c ****             if( xReturn != pdFAIL )
 846:Middlewares/Third_Party/FreeRTOS/Source/queue.c ****             {
 847:Middlewares/Third_Party/FreeRTOS/Source/queue.c ****                 ( pxMutex->u.xSemaphore.uxRecursiveCallCount )++;
 848:Middlewares/Third_Party/FreeRTOS/Source/queue.c ****             }
 849:Middlewares/Third_Party/FreeRTOS/Source/queue.c ****             else
 850:Middlewares/Third_Party/FreeRTOS/Source/queue.c ****             {
 851:Middlewares/Third_Party/FreeRTOS/Source/queue.c ****                 traceTAKE_MUTEX_RECURSIVE_FAILED( pxMutex );
 852:Middlewares/Third_Party/FreeRTOS/Source/queue.c ****             }
 853:Middlewares/Third_Party/FreeRTOS/Source/queue.c ****         }
 854:Middlewares/Third_Party/FreeRTOS/Source/queue.c **** 
 855:Middlewares/Third_Party/FreeRTOS/Source/queue.c ****         traceRETURN_xQueueTakeMutexRecursive( xReturn );
 856:Middlewares/Third_Party/FreeRTOS/Source/queue.c **** 
 857:Middlewares/Third_Party/FreeRTOS/Source/queue.c ****         return xReturn;
 858:Middlewares/Third_Party/FreeRTOS/Source/queue.c ****     }
 859:Middlewares/Third_Party/FreeRTOS/Source/queue.c **** 
 860:Middlewares/Third_Party/FreeRTOS/Source/queue.c **** #endif /* configUSE_RECURSIVE_MUTEXES */
 861:Middlewares/Third_Party/FreeRTOS/Source/queue.c **** /*-----------------------------------------------------------*/
 862:Middlewares/Third_Party/FreeRTOS/Source/queue.c **** 
 863:Middlewares/Third_Party/FreeRTOS/Source/queue.c **** #if ( ( configUSE_COUNTING_SEMAPHORES == 1 ) && ( configSUPPORT_STATIC_ALLOCATION == 1 ) )
 864:Middlewares/Third_Party/FreeRTOS/Source/queue.c **** 
 865:Middlewares/Third_Party/FreeRTOS/Source/queue.c ****     QueueHandle_t xQueueCreateCountingSemaphoreStatic( const UBaseType_t uxMaxCount,
 866:Middlewares/Third_Party/FreeRTOS/Source/queue.c ****                                                        const UBaseType_t uxInitialCount,
 867:Middlewares/Third_Party/FreeRTOS/Source/queue.c ****                                                        StaticQueue_t * pxStaticQueue )
 868:Middlewares/Third_Party/FreeRTOS/Source/queue.c ****     {
 869:Middlewares/Third_Party/FreeRTOS/Source/queue.c ****         QueueHandle_t xHandle = NULL;
 870:Middlewares/Third_Party/FreeRTOS/Source/queue.c **** 
 871:Middlewares/Third_Party/FreeRTOS/Source/queue.c ****         traceENTER_xQueueCreateCountingSemaphoreStatic( uxMaxCount, uxInitialCount, pxStaticQueue )
 872:Middlewares/Third_Party/FreeRTOS/Source/queue.c **** 
 873:Middlewares/Third_Party/FreeRTOS/Source/queue.c ****         if( ( uxMaxCount != 0U ) &&
 874:Middlewares/Third_Party/FreeRTOS/Source/queue.c ****             ( uxInitialCount <= uxMaxCount ) )
 875:Middlewares/Third_Party/FreeRTOS/Source/queue.c ****         {
 876:Middlewares/Third_Party/FreeRTOS/Source/queue.c ****             xHandle = xQueueGenericCreateStatic( uxMaxCount, queueSEMAPHORE_QUEUE_ITEM_LENGTH, NULL
 877:Middlewares/Third_Party/FreeRTOS/Source/queue.c **** 
 878:Middlewares/Third_Party/FreeRTOS/Source/queue.c ****             if( xHandle != NULL )
 879:Middlewares/Third_Party/FreeRTOS/Source/queue.c ****             {
 880:Middlewares/Third_Party/FreeRTOS/Source/queue.c ****                 ( ( Queue_t * ) xHandle )->uxMessagesWaiting = uxInitialCount;
 881:Middlewares/Third_Party/FreeRTOS/Source/queue.c **** 
 882:Middlewares/Third_Party/FreeRTOS/Source/queue.c ****                 traceCREATE_COUNTING_SEMAPHORE();
 883:Middlewares/Third_Party/FreeRTOS/Source/queue.c ****             }
 884:Middlewares/Third_Party/FreeRTOS/Source/queue.c ****             else
ARM GAS  /tmp/ccmofomj.s 			page 17


 885:Middlewares/Third_Party/FreeRTOS/Source/queue.c ****             {
 886:Middlewares/Third_Party/FreeRTOS/Source/queue.c ****                 traceCREATE_COUNTING_SEMAPHORE_FAILED();
 887:Middlewares/Third_Party/FreeRTOS/Source/queue.c ****             }
 888:Middlewares/Third_Party/FreeRTOS/Source/queue.c ****         }
 889:Middlewares/Third_Party/FreeRTOS/Source/queue.c ****         else
 890:Middlewares/Third_Party/FreeRTOS/Source/queue.c ****         {
 891:Middlewares/Third_Party/FreeRTOS/Source/queue.c ****             configASSERT( xHandle );
 892:Middlewares/Third_Party/FreeRTOS/Source/queue.c ****             mtCOVERAGE_TEST_MARKER();
 893:Middlewares/Third_Party/FreeRTOS/Source/queue.c ****         }
 894:Middlewares/Third_Party/FreeRTOS/Source/queue.c **** 
 895:Middlewares/Third_Party/FreeRTOS/Source/queue.c ****         traceRETURN_xQueueCreateCountingSemaphoreStatic( xHandle );
 896:Middlewares/Third_Party/FreeRTOS/Source/queue.c **** 
 897:Middlewares/Third_Party/FreeRTOS/Source/queue.c ****         return xHandle;
 898:Middlewares/Third_Party/FreeRTOS/Source/queue.c ****     }
 899:Middlewares/Third_Party/FreeRTOS/Source/queue.c **** 
 900:Middlewares/Third_Party/FreeRTOS/Source/queue.c **** #endif /* ( ( configUSE_COUNTING_SEMAPHORES == 1 ) && ( configSUPPORT_DYNAMIC_ALLOCATION == 1 ) ) *
 901:Middlewares/Third_Party/FreeRTOS/Source/queue.c **** /*-----------------------------------------------------------*/
 902:Middlewares/Third_Party/FreeRTOS/Source/queue.c **** 
 903:Middlewares/Third_Party/FreeRTOS/Source/queue.c **** #if ( ( configUSE_COUNTING_SEMAPHORES == 1 ) && ( configSUPPORT_DYNAMIC_ALLOCATION == 1 ) )
 904:Middlewares/Third_Party/FreeRTOS/Source/queue.c **** 
 905:Middlewares/Third_Party/FreeRTOS/Source/queue.c ****     QueueHandle_t xQueueCreateCountingSemaphore( const UBaseType_t uxMaxCount,
 906:Middlewares/Third_Party/FreeRTOS/Source/queue.c ****                                                  const UBaseType_t uxInitialCount )
 907:Middlewares/Third_Party/FreeRTOS/Source/queue.c ****     {
 908:Middlewares/Third_Party/FreeRTOS/Source/queue.c ****         QueueHandle_t xHandle = NULL;
 909:Middlewares/Third_Party/FreeRTOS/Source/queue.c **** 
 910:Middlewares/Third_Party/FreeRTOS/Source/queue.c ****         traceENTER_xQueueCreateCountingSemaphore( uxMaxCount, uxInitialCount );
 911:Middlewares/Third_Party/FreeRTOS/Source/queue.c **** 
 912:Middlewares/Third_Party/FreeRTOS/Source/queue.c ****         if( ( uxMaxCount != 0U ) &&
 913:Middlewares/Third_Party/FreeRTOS/Source/queue.c ****             ( uxInitialCount <= uxMaxCount ) )
 914:Middlewares/Third_Party/FreeRTOS/Source/queue.c ****         {
 915:Middlewares/Third_Party/FreeRTOS/Source/queue.c ****             xHandle = xQueueGenericCreate( uxMaxCount, queueSEMAPHORE_QUEUE_ITEM_LENGTH, queueQUEUE
 916:Middlewares/Third_Party/FreeRTOS/Source/queue.c **** 
 917:Middlewares/Third_Party/FreeRTOS/Source/queue.c ****             if( xHandle != NULL )
 918:Middlewares/Third_Party/FreeRTOS/Source/queue.c ****             {
 919:Middlewares/Third_Party/FreeRTOS/Source/queue.c ****                 ( ( Queue_t * ) xHandle )->uxMessagesWaiting = uxInitialCount;
 920:Middlewares/Third_Party/FreeRTOS/Source/queue.c **** 
 921:Middlewares/Third_Party/FreeRTOS/Source/queue.c ****                 traceCREATE_COUNTING_SEMAPHORE();
 922:Middlewares/Third_Party/FreeRTOS/Source/queue.c ****             }
 923:Middlewares/Third_Party/FreeRTOS/Source/queue.c ****             else
 924:Middlewares/Third_Party/FreeRTOS/Source/queue.c ****             {
 925:Middlewares/Third_Party/FreeRTOS/Source/queue.c ****                 traceCREATE_COUNTING_SEMAPHORE_FAILED();
 926:Middlewares/Third_Party/FreeRTOS/Source/queue.c ****             }
 927:Middlewares/Third_Party/FreeRTOS/Source/queue.c ****         }
 928:Middlewares/Third_Party/FreeRTOS/Source/queue.c ****         else
 929:Middlewares/Third_Party/FreeRTOS/Source/queue.c ****         {
 930:Middlewares/Third_Party/FreeRTOS/Source/queue.c ****             configASSERT( xHandle );
 931:Middlewares/Third_Party/FreeRTOS/Source/queue.c ****             mtCOVERAGE_TEST_MARKER();
 932:Middlewares/Third_Party/FreeRTOS/Source/queue.c ****         }
 933:Middlewares/Third_Party/FreeRTOS/Source/queue.c **** 
 934:Middlewares/Third_Party/FreeRTOS/Source/queue.c ****         traceRETURN_xQueueCreateCountingSemaphore( xHandle );
 935:Middlewares/Third_Party/FreeRTOS/Source/queue.c **** 
 936:Middlewares/Third_Party/FreeRTOS/Source/queue.c ****         return xHandle;
 937:Middlewares/Third_Party/FreeRTOS/Source/queue.c ****     }
 938:Middlewares/Third_Party/FreeRTOS/Source/queue.c **** 
 939:Middlewares/Third_Party/FreeRTOS/Source/queue.c **** #endif /* ( ( configUSE_COUNTING_SEMAPHORES == 1 ) && ( configSUPPORT_DYNAMIC_ALLOCATION == 1 ) ) *
 940:Middlewares/Third_Party/FreeRTOS/Source/queue.c **** /*-----------------------------------------------------------*/
 941:Middlewares/Third_Party/FreeRTOS/Source/queue.c **** 
ARM GAS  /tmp/ccmofomj.s 			page 18


 942:Middlewares/Third_Party/FreeRTOS/Source/queue.c **** BaseType_t xQueueGenericSend( QueueHandle_t xQueue,
 943:Middlewares/Third_Party/FreeRTOS/Source/queue.c ****                               const void * const pvItemToQueue,
 944:Middlewares/Third_Party/FreeRTOS/Source/queue.c ****                               TickType_t xTicksToWait,
 945:Middlewares/Third_Party/FreeRTOS/Source/queue.c ****                               const BaseType_t xCopyPosition )
 946:Middlewares/Third_Party/FreeRTOS/Source/queue.c **** {
 947:Middlewares/Third_Party/FreeRTOS/Source/queue.c ****     BaseType_t xEntryTimeSet = pdFALSE, xYieldRequired;
 948:Middlewares/Third_Party/FreeRTOS/Source/queue.c ****     TimeOut_t xTimeOut;
 949:Middlewares/Third_Party/FreeRTOS/Source/queue.c ****     Queue_t * const pxQueue = xQueue;
 950:Middlewares/Third_Party/FreeRTOS/Source/queue.c **** 
 951:Middlewares/Third_Party/FreeRTOS/Source/queue.c ****     traceENTER_xQueueGenericSend( xQueue, pvItemToQueue, xTicksToWait, xCopyPosition );
 952:Middlewares/Third_Party/FreeRTOS/Source/queue.c **** 
 953:Middlewares/Third_Party/FreeRTOS/Source/queue.c ****     configASSERT( pxQueue );
 954:Middlewares/Third_Party/FreeRTOS/Source/queue.c ****     configASSERT( !( ( pvItemToQueue == NULL ) && ( pxQueue->uxItemSize != ( UBaseType_t ) 0U ) ) )
 955:Middlewares/Third_Party/FreeRTOS/Source/queue.c ****     configASSERT( !( ( xCopyPosition == queueOVERWRITE ) && ( pxQueue->uxLength != 1 ) ) );
 956:Middlewares/Third_Party/FreeRTOS/Source/queue.c ****     #if ( ( INCLUDE_xTaskGetSchedulerState == 1 ) || ( configUSE_TIMERS == 1 ) )
 957:Middlewares/Third_Party/FreeRTOS/Source/queue.c ****     {
 958:Middlewares/Third_Party/FreeRTOS/Source/queue.c ****         configASSERT( !( ( xTaskGetSchedulerState() == taskSCHEDULER_SUSPENDED ) && ( xTicksToWait 
 959:Middlewares/Third_Party/FreeRTOS/Source/queue.c ****     }
 960:Middlewares/Third_Party/FreeRTOS/Source/queue.c ****     #endif
 961:Middlewares/Third_Party/FreeRTOS/Source/queue.c **** 
 962:Middlewares/Third_Party/FreeRTOS/Source/queue.c ****     for( ; ; )
 963:Middlewares/Third_Party/FreeRTOS/Source/queue.c ****     {
 964:Middlewares/Third_Party/FreeRTOS/Source/queue.c ****         taskENTER_CRITICAL();
 965:Middlewares/Third_Party/FreeRTOS/Source/queue.c ****         {
 966:Middlewares/Third_Party/FreeRTOS/Source/queue.c ****             /* Is there room on the queue now?  The running task must be the
 967:Middlewares/Third_Party/FreeRTOS/Source/queue.c ****              * highest priority task wanting to access the queue.  If the head item
 968:Middlewares/Third_Party/FreeRTOS/Source/queue.c ****              * in the queue is to be overwritten then it does not matter if the
 969:Middlewares/Third_Party/FreeRTOS/Source/queue.c ****              * queue is full. */
 970:Middlewares/Third_Party/FreeRTOS/Source/queue.c ****             if( ( pxQueue->uxMessagesWaiting < pxQueue->uxLength ) || ( xCopyPosition == queueOVERW
 971:Middlewares/Third_Party/FreeRTOS/Source/queue.c ****             {
 972:Middlewares/Third_Party/FreeRTOS/Source/queue.c ****                 traceQUEUE_SEND( pxQueue );
 973:Middlewares/Third_Party/FreeRTOS/Source/queue.c **** 
 974:Middlewares/Third_Party/FreeRTOS/Source/queue.c ****                 #if ( configUSE_QUEUE_SETS == 1 )
 975:Middlewares/Third_Party/FreeRTOS/Source/queue.c ****                 {
 976:Middlewares/Third_Party/FreeRTOS/Source/queue.c ****                     const UBaseType_t uxPreviousMessagesWaiting = pxQueue->uxMessagesWaiting;
 977:Middlewares/Third_Party/FreeRTOS/Source/queue.c **** 
 978:Middlewares/Third_Party/FreeRTOS/Source/queue.c ****                     xYieldRequired = prvCopyDataToQueue( pxQueue, pvItemToQueue, xCopyPosition );
 979:Middlewares/Third_Party/FreeRTOS/Source/queue.c **** 
 980:Middlewares/Third_Party/FreeRTOS/Source/queue.c ****                     if( pxQueue->pxQueueSetContainer != NULL )
 981:Middlewares/Third_Party/FreeRTOS/Source/queue.c ****                     {
 982:Middlewares/Third_Party/FreeRTOS/Source/queue.c ****                         if( ( xCopyPosition == queueOVERWRITE ) && ( uxPreviousMessagesWaiting != (
 983:Middlewares/Third_Party/FreeRTOS/Source/queue.c ****                         {
 984:Middlewares/Third_Party/FreeRTOS/Source/queue.c ****                             /* Do not notify the queue set as an existing item
 985:Middlewares/Third_Party/FreeRTOS/Source/queue.c ****                              * was overwritten in the queue so the number of items
 986:Middlewares/Third_Party/FreeRTOS/Source/queue.c ****                              * in the queue has not changed. */
 987:Middlewares/Third_Party/FreeRTOS/Source/queue.c ****                             mtCOVERAGE_TEST_MARKER();
 988:Middlewares/Third_Party/FreeRTOS/Source/queue.c ****                         }
 989:Middlewares/Third_Party/FreeRTOS/Source/queue.c ****                         else if( prvNotifyQueueSetContainer( pxQueue ) != pdFALSE )
 990:Middlewares/Third_Party/FreeRTOS/Source/queue.c ****                         {
 991:Middlewares/Third_Party/FreeRTOS/Source/queue.c ****                             /* The queue is a member of a queue set, and posting
 992:Middlewares/Third_Party/FreeRTOS/Source/queue.c ****                              * to the queue set caused a higher priority task to
 993:Middlewares/Third_Party/FreeRTOS/Source/queue.c ****                              * unblock. A context switch is required. */
 994:Middlewares/Third_Party/FreeRTOS/Source/queue.c ****                             queueYIELD_IF_USING_PREEMPTION();
 995:Middlewares/Third_Party/FreeRTOS/Source/queue.c ****                         }
 996:Middlewares/Third_Party/FreeRTOS/Source/queue.c ****                         else
 997:Middlewares/Third_Party/FreeRTOS/Source/queue.c ****                         {
 998:Middlewares/Third_Party/FreeRTOS/Source/queue.c ****                             mtCOVERAGE_TEST_MARKER();
ARM GAS  /tmp/ccmofomj.s 			page 19


 999:Middlewares/Third_Party/FreeRTOS/Source/queue.c ****                         }
1000:Middlewares/Third_Party/FreeRTOS/Source/queue.c ****                     }
1001:Middlewares/Third_Party/FreeRTOS/Source/queue.c ****                     else
1002:Middlewares/Third_Party/FreeRTOS/Source/queue.c ****                     {
1003:Middlewares/Third_Party/FreeRTOS/Source/queue.c ****                         /* If there was a task waiting for data to arrive on the
1004:Middlewares/Third_Party/FreeRTOS/Source/queue.c ****                          * queue then unblock it now. */
1005:Middlewares/Third_Party/FreeRTOS/Source/queue.c ****                         if( listLIST_IS_EMPTY( &( pxQueue->xTasksWaitingToReceive ) ) == pdFALSE )
1006:Middlewares/Third_Party/FreeRTOS/Source/queue.c ****                         {
1007:Middlewares/Third_Party/FreeRTOS/Source/queue.c ****                             if( xTaskRemoveFromEventList( &( pxQueue->xTasksWaitingToReceive ) ) !=
1008:Middlewares/Third_Party/FreeRTOS/Source/queue.c ****                             {
1009:Middlewares/Third_Party/FreeRTOS/Source/queue.c ****                                 /* The unblocked task has a priority higher than
1010:Middlewares/Third_Party/FreeRTOS/Source/queue.c ****                                  * our own so yield immediately.  Yes it is ok to
1011:Middlewares/Third_Party/FreeRTOS/Source/queue.c ****                                  * do this from within the critical section - the
1012:Middlewares/Third_Party/FreeRTOS/Source/queue.c ****                                  * kernel takes care of that. */
1013:Middlewares/Third_Party/FreeRTOS/Source/queue.c ****                                 queueYIELD_IF_USING_PREEMPTION();
1014:Middlewares/Third_Party/FreeRTOS/Source/queue.c ****                             }
1015:Middlewares/Third_Party/FreeRTOS/Source/queue.c ****                             else
1016:Middlewares/Third_Party/FreeRTOS/Source/queue.c ****                             {
1017:Middlewares/Third_Party/FreeRTOS/Source/queue.c ****                                 mtCOVERAGE_TEST_MARKER();
1018:Middlewares/Third_Party/FreeRTOS/Source/queue.c ****                             }
1019:Middlewares/Third_Party/FreeRTOS/Source/queue.c ****                         }
1020:Middlewares/Third_Party/FreeRTOS/Source/queue.c ****                         else if( xYieldRequired != pdFALSE )
1021:Middlewares/Third_Party/FreeRTOS/Source/queue.c ****                         {
1022:Middlewares/Third_Party/FreeRTOS/Source/queue.c ****                             /* This path is a special case that will only get
1023:Middlewares/Third_Party/FreeRTOS/Source/queue.c ****                              * executed if the task was holding multiple mutexes
1024:Middlewares/Third_Party/FreeRTOS/Source/queue.c ****                              * and the mutexes were given back in an order that is
1025:Middlewares/Third_Party/FreeRTOS/Source/queue.c ****                              * different to that in which they were taken. */
1026:Middlewares/Third_Party/FreeRTOS/Source/queue.c ****                             queueYIELD_IF_USING_PREEMPTION();
1027:Middlewares/Third_Party/FreeRTOS/Source/queue.c ****                         }
1028:Middlewares/Third_Party/FreeRTOS/Source/queue.c ****                         else
1029:Middlewares/Third_Party/FreeRTOS/Source/queue.c ****                         {
1030:Middlewares/Third_Party/FreeRTOS/Source/queue.c ****                             mtCOVERAGE_TEST_MARKER();
1031:Middlewares/Third_Party/FreeRTOS/Source/queue.c ****                         }
1032:Middlewares/Third_Party/FreeRTOS/Source/queue.c ****                     }
1033:Middlewares/Third_Party/FreeRTOS/Source/queue.c ****                 }
1034:Middlewares/Third_Party/FreeRTOS/Source/queue.c ****                 #else /* configUSE_QUEUE_SETS */
1035:Middlewares/Third_Party/FreeRTOS/Source/queue.c ****                 {
1036:Middlewares/Third_Party/FreeRTOS/Source/queue.c ****                     xYieldRequired = prvCopyDataToQueue( pxQueue, pvItemToQueue, xCopyPosition );
1037:Middlewares/Third_Party/FreeRTOS/Source/queue.c **** 
1038:Middlewares/Third_Party/FreeRTOS/Source/queue.c ****                     /* If there was a task waiting for data to arrive on the
1039:Middlewares/Third_Party/FreeRTOS/Source/queue.c ****                      * queue then unblock it now. */
1040:Middlewares/Third_Party/FreeRTOS/Source/queue.c ****                     if( listLIST_IS_EMPTY( &( pxQueue->xTasksWaitingToReceive ) ) == pdFALSE )
1041:Middlewares/Third_Party/FreeRTOS/Source/queue.c ****                     {
1042:Middlewares/Third_Party/FreeRTOS/Source/queue.c ****                         if( xTaskRemoveFromEventList( &( pxQueue->xTasksWaitingToReceive ) ) != pdF
1043:Middlewares/Third_Party/FreeRTOS/Source/queue.c ****                         {
1044:Middlewares/Third_Party/FreeRTOS/Source/queue.c ****                             /* The unblocked task has a priority higher than
1045:Middlewares/Third_Party/FreeRTOS/Source/queue.c ****                              * our own so yield immediately.  Yes it is ok to do
1046:Middlewares/Third_Party/FreeRTOS/Source/queue.c ****                              * this from within the critical section - the kernel
1047:Middlewares/Third_Party/FreeRTOS/Source/queue.c ****                              * takes care of that. */
1048:Middlewares/Third_Party/FreeRTOS/Source/queue.c ****                             queueYIELD_IF_USING_PREEMPTION();
1049:Middlewares/Third_Party/FreeRTOS/Source/queue.c ****                         }
1050:Middlewares/Third_Party/FreeRTOS/Source/queue.c ****                         else
1051:Middlewares/Third_Party/FreeRTOS/Source/queue.c ****                         {
1052:Middlewares/Third_Party/FreeRTOS/Source/queue.c ****                             mtCOVERAGE_TEST_MARKER();
1053:Middlewares/Third_Party/FreeRTOS/Source/queue.c ****                         }
1054:Middlewares/Third_Party/FreeRTOS/Source/queue.c ****                     }
1055:Middlewares/Third_Party/FreeRTOS/Source/queue.c ****                     else if( xYieldRequired != pdFALSE )
ARM GAS  /tmp/ccmofomj.s 			page 20


1056:Middlewares/Third_Party/FreeRTOS/Source/queue.c ****                     {
1057:Middlewares/Third_Party/FreeRTOS/Source/queue.c ****                         /* This path is a special case that will only get
1058:Middlewares/Third_Party/FreeRTOS/Source/queue.c ****                          * executed if the task was holding multiple mutexes and
1059:Middlewares/Third_Party/FreeRTOS/Source/queue.c ****                          * the mutexes were given back in an order that is
1060:Middlewares/Third_Party/FreeRTOS/Source/queue.c ****                          * different to that in which they were taken. */
1061:Middlewares/Third_Party/FreeRTOS/Source/queue.c ****                         queueYIELD_IF_USING_PREEMPTION();
1062:Middlewares/Third_Party/FreeRTOS/Source/queue.c ****                     }
1063:Middlewares/Third_Party/FreeRTOS/Source/queue.c ****                     else
1064:Middlewares/Third_Party/FreeRTOS/Source/queue.c ****                     {
1065:Middlewares/Third_Party/FreeRTOS/Source/queue.c ****                         mtCOVERAGE_TEST_MARKER();
1066:Middlewares/Third_Party/FreeRTOS/Source/queue.c ****                     }
1067:Middlewares/Third_Party/FreeRTOS/Source/queue.c ****                 }
1068:Middlewares/Third_Party/FreeRTOS/Source/queue.c ****                 #endif /* configUSE_QUEUE_SETS */
1069:Middlewares/Third_Party/FreeRTOS/Source/queue.c **** 
1070:Middlewares/Third_Party/FreeRTOS/Source/queue.c ****                 taskEXIT_CRITICAL();
1071:Middlewares/Third_Party/FreeRTOS/Source/queue.c **** 
1072:Middlewares/Third_Party/FreeRTOS/Source/queue.c ****                 traceRETURN_xQueueGenericSend( pdPASS );
1073:Middlewares/Third_Party/FreeRTOS/Source/queue.c **** 
1074:Middlewares/Third_Party/FreeRTOS/Source/queue.c ****                 return pdPASS;
1075:Middlewares/Third_Party/FreeRTOS/Source/queue.c ****             }
1076:Middlewares/Third_Party/FreeRTOS/Source/queue.c ****             else
1077:Middlewares/Third_Party/FreeRTOS/Source/queue.c ****             {
1078:Middlewares/Third_Party/FreeRTOS/Source/queue.c ****                 if( xTicksToWait == ( TickType_t ) 0 )
1079:Middlewares/Third_Party/FreeRTOS/Source/queue.c ****                 {
1080:Middlewares/Third_Party/FreeRTOS/Source/queue.c ****                     /* The queue was full and no block time is specified (or
1081:Middlewares/Third_Party/FreeRTOS/Source/queue.c ****                      * the block time has expired) so leave now. */
1082:Middlewares/Third_Party/FreeRTOS/Source/queue.c ****                     taskEXIT_CRITICAL();
1083:Middlewares/Third_Party/FreeRTOS/Source/queue.c **** 
1084:Middlewares/Third_Party/FreeRTOS/Source/queue.c ****                     /* Return to the original privilege level before exiting
1085:Middlewares/Third_Party/FreeRTOS/Source/queue.c ****                      * the function. */
1086:Middlewares/Third_Party/FreeRTOS/Source/queue.c ****                     traceQUEUE_SEND_FAILED( pxQueue );
1087:Middlewares/Third_Party/FreeRTOS/Source/queue.c ****                     traceRETURN_xQueueGenericSend( errQUEUE_FULL );
1088:Middlewares/Third_Party/FreeRTOS/Source/queue.c **** 
1089:Middlewares/Third_Party/FreeRTOS/Source/queue.c ****                     return errQUEUE_FULL;
1090:Middlewares/Third_Party/FreeRTOS/Source/queue.c ****                 }
1091:Middlewares/Third_Party/FreeRTOS/Source/queue.c ****                 else if( xEntryTimeSet == pdFALSE )
1092:Middlewares/Third_Party/FreeRTOS/Source/queue.c ****                 {
1093:Middlewares/Third_Party/FreeRTOS/Source/queue.c ****                     /* The queue was full and a block time was specified so
1094:Middlewares/Third_Party/FreeRTOS/Source/queue.c ****                      * configure the timeout structure. */
1095:Middlewares/Third_Party/FreeRTOS/Source/queue.c ****                     vTaskInternalSetTimeOutState( &xTimeOut );
1096:Middlewares/Third_Party/FreeRTOS/Source/queue.c ****                     xEntryTimeSet = pdTRUE;
1097:Middlewares/Third_Party/FreeRTOS/Source/queue.c ****                 }
1098:Middlewares/Third_Party/FreeRTOS/Source/queue.c ****                 else
1099:Middlewares/Third_Party/FreeRTOS/Source/queue.c ****                 {
1100:Middlewares/Third_Party/FreeRTOS/Source/queue.c ****                     /* Entry time was already set. */
1101:Middlewares/Third_Party/FreeRTOS/Source/queue.c ****                     mtCOVERAGE_TEST_MARKER();
1102:Middlewares/Third_Party/FreeRTOS/Source/queue.c ****                 }
1103:Middlewares/Third_Party/FreeRTOS/Source/queue.c ****             }
1104:Middlewares/Third_Party/FreeRTOS/Source/queue.c ****         }
1105:Middlewares/Third_Party/FreeRTOS/Source/queue.c ****         taskEXIT_CRITICAL();
1106:Middlewares/Third_Party/FreeRTOS/Source/queue.c **** 
1107:Middlewares/Third_Party/FreeRTOS/Source/queue.c ****         /* Interrupts and other tasks can send to and receive from the queue
1108:Middlewares/Third_Party/FreeRTOS/Source/queue.c ****          * now the critical section has been exited. */
1109:Middlewares/Third_Party/FreeRTOS/Source/queue.c **** 
1110:Middlewares/Third_Party/FreeRTOS/Source/queue.c ****         vTaskSuspendAll();
1111:Middlewares/Third_Party/FreeRTOS/Source/queue.c ****         prvLockQueue( pxQueue );
1112:Middlewares/Third_Party/FreeRTOS/Source/queue.c **** 
ARM GAS  /tmp/ccmofomj.s 			page 21


1113:Middlewares/Third_Party/FreeRTOS/Source/queue.c ****         /* Update the timeout state to see if it has expired yet. */
1114:Middlewares/Third_Party/FreeRTOS/Source/queue.c ****         if( xTaskCheckForTimeOut( &xTimeOut, &xTicksToWait ) == pdFALSE )
1115:Middlewares/Third_Party/FreeRTOS/Source/queue.c ****         {
1116:Middlewares/Third_Party/FreeRTOS/Source/queue.c ****             if( prvIsQueueFull( pxQueue ) != pdFALSE )
1117:Middlewares/Third_Party/FreeRTOS/Source/queue.c ****             {
1118:Middlewares/Third_Party/FreeRTOS/Source/queue.c ****                 traceBLOCKING_ON_QUEUE_SEND( pxQueue );
1119:Middlewares/Third_Party/FreeRTOS/Source/queue.c ****                 vTaskPlaceOnEventList( &( pxQueue->xTasksWaitingToSend ), xTicksToWait );
1120:Middlewares/Third_Party/FreeRTOS/Source/queue.c **** 
1121:Middlewares/Third_Party/FreeRTOS/Source/queue.c ****                 /* Unlocking the queue means queue events can effect the
1122:Middlewares/Third_Party/FreeRTOS/Source/queue.c ****                  * event list. It is possible that interrupts occurring now
1123:Middlewares/Third_Party/FreeRTOS/Source/queue.c ****                  * remove this task from the event list again - but as the
1124:Middlewares/Third_Party/FreeRTOS/Source/queue.c ****                  * scheduler is suspended the task will go onto the pending
1125:Middlewares/Third_Party/FreeRTOS/Source/queue.c ****                  * ready list instead of the actual ready list. */
1126:Middlewares/Third_Party/FreeRTOS/Source/queue.c ****                 prvUnlockQueue( pxQueue );
1127:Middlewares/Third_Party/FreeRTOS/Source/queue.c **** 
1128:Middlewares/Third_Party/FreeRTOS/Source/queue.c ****                 /* Resuming the scheduler will move tasks from the pending
1129:Middlewares/Third_Party/FreeRTOS/Source/queue.c ****                  * ready list into the ready list - so it is feasible that this
1130:Middlewares/Third_Party/FreeRTOS/Source/queue.c ****                  * task is already in the ready list before it yields - in which
1131:Middlewares/Third_Party/FreeRTOS/Source/queue.c ****                  * case the yield will not cause a context switch unless there
1132:Middlewares/Third_Party/FreeRTOS/Source/queue.c ****                  * is also a higher priority task in the pending ready list. */
1133:Middlewares/Third_Party/FreeRTOS/Source/queue.c ****                 if( xTaskResumeAll() == pdFALSE )
1134:Middlewares/Third_Party/FreeRTOS/Source/queue.c ****                 {
1135:Middlewares/Third_Party/FreeRTOS/Source/queue.c ****                     taskYIELD_WITHIN_API();
1136:Middlewares/Third_Party/FreeRTOS/Source/queue.c ****                 }
1137:Middlewares/Third_Party/FreeRTOS/Source/queue.c ****             }
1138:Middlewares/Third_Party/FreeRTOS/Source/queue.c ****             else
1139:Middlewares/Third_Party/FreeRTOS/Source/queue.c ****             {
1140:Middlewares/Third_Party/FreeRTOS/Source/queue.c ****                 /* Try again. */
1141:Middlewares/Third_Party/FreeRTOS/Source/queue.c ****                 prvUnlockQueue( pxQueue );
1142:Middlewares/Third_Party/FreeRTOS/Source/queue.c ****                 ( void ) xTaskResumeAll();
1143:Middlewares/Third_Party/FreeRTOS/Source/queue.c ****             }
1144:Middlewares/Third_Party/FreeRTOS/Source/queue.c ****         }
1145:Middlewares/Third_Party/FreeRTOS/Source/queue.c ****         else
1146:Middlewares/Third_Party/FreeRTOS/Source/queue.c ****         {
1147:Middlewares/Third_Party/FreeRTOS/Source/queue.c ****             /* The timeout has expired. */
1148:Middlewares/Third_Party/FreeRTOS/Source/queue.c ****             prvUnlockQueue( pxQueue );
1149:Middlewares/Third_Party/FreeRTOS/Source/queue.c ****             ( void ) xTaskResumeAll();
1150:Middlewares/Third_Party/FreeRTOS/Source/queue.c **** 
1151:Middlewares/Third_Party/FreeRTOS/Source/queue.c ****             traceQUEUE_SEND_FAILED( pxQueue );
1152:Middlewares/Third_Party/FreeRTOS/Source/queue.c ****             traceRETURN_xQueueGenericSend( errQUEUE_FULL );
1153:Middlewares/Third_Party/FreeRTOS/Source/queue.c **** 
1154:Middlewares/Third_Party/FreeRTOS/Source/queue.c ****             return errQUEUE_FULL;
1155:Middlewares/Third_Party/FreeRTOS/Source/queue.c ****         }
1156:Middlewares/Third_Party/FreeRTOS/Source/queue.c ****     }
1157:Middlewares/Third_Party/FreeRTOS/Source/queue.c **** }
1158:Middlewares/Third_Party/FreeRTOS/Source/queue.c **** /*-----------------------------------------------------------*/
1159:Middlewares/Third_Party/FreeRTOS/Source/queue.c **** 
1160:Middlewares/Third_Party/FreeRTOS/Source/queue.c **** BaseType_t xQueueGenericSendFromISR( QueueHandle_t xQueue,
1161:Middlewares/Third_Party/FreeRTOS/Source/queue.c ****                                      const void * const pvItemToQueue,
1162:Middlewares/Third_Party/FreeRTOS/Source/queue.c ****                                      BaseType_t * const pxHigherPriorityTaskWoken,
1163:Middlewares/Third_Party/FreeRTOS/Source/queue.c ****                                      const BaseType_t xCopyPosition )
1164:Middlewares/Third_Party/FreeRTOS/Source/queue.c **** {
1165:Middlewares/Third_Party/FreeRTOS/Source/queue.c ****     BaseType_t xReturn;
1166:Middlewares/Third_Party/FreeRTOS/Source/queue.c ****     UBaseType_t uxSavedInterruptStatus;
1167:Middlewares/Third_Party/FreeRTOS/Source/queue.c ****     Queue_t * const pxQueue = xQueue;
1168:Middlewares/Third_Party/FreeRTOS/Source/queue.c **** 
1169:Middlewares/Third_Party/FreeRTOS/Source/queue.c ****     traceENTER_xQueueGenericSendFromISR( xQueue, pvItemToQueue, pxHigherPriorityTaskWoken, xCopyPos
ARM GAS  /tmp/ccmofomj.s 			page 22


1170:Middlewares/Third_Party/FreeRTOS/Source/queue.c **** 
1171:Middlewares/Third_Party/FreeRTOS/Source/queue.c ****     configASSERT( pxQueue );
1172:Middlewares/Third_Party/FreeRTOS/Source/queue.c ****     configASSERT( !( ( pvItemToQueue == NULL ) && ( pxQueue->uxItemSize != ( UBaseType_t ) 0U ) ) )
1173:Middlewares/Third_Party/FreeRTOS/Source/queue.c ****     configASSERT( !( ( xCopyPosition == queueOVERWRITE ) && ( pxQueue->uxLength != 1 ) ) );
1174:Middlewares/Third_Party/FreeRTOS/Source/queue.c **** 
1175:Middlewares/Third_Party/FreeRTOS/Source/queue.c ****     /* RTOS ports that support interrupt nesting have the concept of a maximum
1176:Middlewares/Third_Party/FreeRTOS/Source/queue.c ****      * system call (or maximum API call) interrupt priority.  Interrupts that are
1177:Middlewares/Third_Party/FreeRTOS/Source/queue.c ****      * above the maximum system call priority are kept permanently enabled, even
1178:Middlewares/Third_Party/FreeRTOS/Source/queue.c ****      * when the RTOS kernel is in a critical section, but cannot make any calls to
1179:Middlewares/Third_Party/FreeRTOS/Source/queue.c ****      * FreeRTOS API functions.  If configASSERT() is defined in FreeRTOSConfig.h
1180:Middlewares/Third_Party/FreeRTOS/Source/queue.c ****      * then portASSERT_IF_INTERRUPT_PRIORITY_INVALID() will result in an assertion
1181:Middlewares/Third_Party/FreeRTOS/Source/queue.c ****      * failure if a FreeRTOS API function is called from an interrupt that has been
1182:Middlewares/Third_Party/FreeRTOS/Source/queue.c ****      * assigned a priority above the configured maximum system call priority.
1183:Middlewares/Third_Party/FreeRTOS/Source/queue.c ****      * Only FreeRTOS functions that end in FromISR can be called from interrupts
1184:Middlewares/Third_Party/FreeRTOS/Source/queue.c ****      * that have been assigned a priority at or (logically) below the maximum
1185:Middlewares/Third_Party/FreeRTOS/Source/queue.c ****      * system call interrupt priority.  FreeRTOS maintains a separate interrupt
1186:Middlewares/Third_Party/FreeRTOS/Source/queue.c ****      * safe API to ensure interrupt entry is as fast and as simple as possible.
1187:Middlewares/Third_Party/FreeRTOS/Source/queue.c ****      * More information (albeit Cortex-M specific) is provided on the following
1188:Middlewares/Third_Party/FreeRTOS/Source/queue.c ****      * link: https://www.FreeRTOS.org/RTOS-Cortex-M3-M4.html */
1189:Middlewares/Third_Party/FreeRTOS/Source/queue.c ****     portASSERT_IF_INTERRUPT_PRIORITY_INVALID();
1190:Middlewares/Third_Party/FreeRTOS/Source/queue.c **** 
1191:Middlewares/Third_Party/FreeRTOS/Source/queue.c ****     /* Similar to xQueueGenericSend, except without blocking if there is no room
1192:Middlewares/Third_Party/FreeRTOS/Source/queue.c ****      * in the queue.  Also don't directly wake a task that was blocked on a queue
1193:Middlewares/Third_Party/FreeRTOS/Source/queue.c ****      * read, instead return a flag to say whether a context switch is required or
1194:Middlewares/Third_Party/FreeRTOS/Source/queue.c ****      * not (i.e. has a task with a higher priority than us been woken by this
1195:Middlewares/Third_Party/FreeRTOS/Source/queue.c ****      * post). */
1196:Middlewares/Third_Party/FreeRTOS/Source/queue.c ****     /* MISRA Ref 4.7.1 [Return value shall be checked] */
1197:Middlewares/Third_Party/FreeRTOS/Source/queue.c ****     /* More details at: https://github.com/FreeRTOS/FreeRTOS-Kernel/blob/main/MISRA.md#dir-47 */
1198:Middlewares/Third_Party/FreeRTOS/Source/queue.c ****     /* coverity[misra_c_2012_directive_4_7_violation] */
1199:Middlewares/Third_Party/FreeRTOS/Source/queue.c ****     uxSavedInterruptStatus = ( UBaseType_t ) taskENTER_CRITICAL_FROM_ISR();
1200:Middlewares/Third_Party/FreeRTOS/Source/queue.c ****     {
1201:Middlewares/Third_Party/FreeRTOS/Source/queue.c ****         if( ( pxQueue->uxMessagesWaiting < pxQueue->uxLength ) || ( xCopyPosition == queueOVERWRITE
1202:Middlewares/Third_Party/FreeRTOS/Source/queue.c ****         {
1203:Middlewares/Third_Party/FreeRTOS/Source/queue.c ****             const int8_t cTxLock = pxQueue->cTxLock;
1204:Middlewares/Third_Party/FreeRTOS/Source/queue.c ****             const UBaseType_t uxPreviousMessagesWaiting = pxQueue->uxMessagesWaiting;
1205:Middlewares/Third_Party/FreeRTOS/Source/queue.c **** 
1206:Middlewares/Third_Party/FreeRTOS/Source/queue.c ****             traceQUEUE_SEND_FROM_ISR( pxQueue );
1207:Middlewares/Third_Party/FreeRTOS/Source/queue.c **** 
1208:Middlewares/Third_Party/FreeRTOS/Source/queue.c ****             /* Semaphores use xQueueGiveFromISR(), so pxQueue will not be a
1209:Middlewares/Third_Party/FreeRTOS/Source/queue.c ****              *  semaphore or mutex.  That means prvCopyDataToQueue() cannot result
1210:Middlewares/Third_Party/FreeRTOS/Source/queue.c ****              *  in a task disinheriting a priority and prvCopyDataToQueue() can be
1211:Middlewares/Third_Party/FreeRTOS/Source/queue.c ****              *  called here even though the disinherit function does not check if
1212:Middlewares/Third_Party/FreeRTOS/Source/queue.c ****              *  the scheduler is suspended before accessing the ready lists. */
1213:Middlewares/Third_Party/FreeRTOS/Source/queue.c ****             ( void ) prvCopyDataToQueue( pxQueue, pvItemToQueue, xCopyPosition );
1214:Middlewares/Third_Party/FreeRTOS/Source/queue.c **** 
1215:Middlewares/Third_Party/FreeRTOS/Source/queue.c ****             /* The event list is not altered if the queue is locked.  This will
1216:Middlewares/Third_Party/FreeRTOS/Source/queue.c ****              * be done when the queue is unlocked later. */
1217:Middlewares/Third_Party/FreeRTOS/Source/queue.c ****             if( cTxLock == queueUNLOCKED )
1218:Middlewares/Third_Party/FreeRTOS/Source/queue.c ****             {
1219:Middlewares/Third_Party/FreeRTOS/Source/queue.c ****                 #if ( configUSE_QUEUE_SETS == 1 )
1220:Middlewares/Third_Party/FreeRTOS/Source/queue.c ****                 {
1221:Middlewares/Third_Party/FreeRTOS/Source/queue.c ****                     if( pxQueue->pxQueueSetContainer != NULL )
1222:Middlewares/Third_Party/FreeRTOS/Source/queue.c ****                     {
1223:Middlewares/Third_Party/FreeRTOS/Source/queue.c ****                         if( ( xCopyPosition == queueOVERWRITE ) && ( uxPreviousMessagesWaiting != (
1224:Middlewares/Third_Party/FreeRTOS/Source/queue.c ****                         {
1225:Middlewares/Third_Party/FreeRTOS/Source/queue.c ****                             /* Do not notify the queue set as an existing item
1226:Middlewares/Third_Party/FreeRTOS/Source/queue.c ****                              * was overwritten in the queue so the number of items
ARM GAS  /tmp/ccmofomj.s 			page 23


1227:Middlewares/Third_Party/FreeRTOS/Source/queue.c ****                              * in the queue has not changed. */
1228:Middlewares/Third_Party/FreeRTOS/Source/queue.c ****                             mtCOVERAGE_TEST_MARKER();
1229:Middlewares/Third_Party/FreeRTOS/Source/queue.c ****                         }
1230:Middlewares/Third_Party/FreeRTOS/Source/queue.c ****                         else if( prvNotifyQueueSetContainer( pxQueue ) != pdFALSE )
1231:Middlewares/Third_Party/FreeRTOS/Source/queue.c ****                         {
1232:Middlewares/Third_Party/FreeRTOS/Source/queue.c ****                             /* The queue is a member of a queue set, and posting
1233:Middlewares/Third_Party/FreeRTOS/Source/queue.c ****                              * to the queue set caused a higher priority task to
1234:Middlewares/Third_Party/FreeRTOS/Source/queue.c ****                              * unblock.  A context switch is required. */
1235:Middlewares/Third_Party/FreeRTOS/Source/queue.c ****                             if( pxHigherPriorityTaskWoken != NULL )
1236:Middlewares/Third_Party/FreeRTOS/Source/queue.c ****                             {
1237:Middlewares/Third_Party/FreeRTOS/Source/queue.c ****                                 *pxHigherPriorityTaskWoken = pdTRUE;
1238:Middlewares/Third_Party/FreeRTOS/Source/queue.c ****                             }
1239:Middlewares/Third_Party/FreeRTOS/Source/queue.c ****                             else
1240:Middlewares/Third_Party/FreeRTOS/Source/queue.c ****                             {
1241:Middlewares/Third_Party/FreeRTOS/Source/queue.c ****                                 mtCOVERAGE_TEST_MARKER();
1242:Middlewares/Third_Party/FreeRTOS/Source/queue.c ****                             }
1243:Middlewares/Third_Party/FreeRTOS/Source/queue.c ****                         }
1244:Middlewares/Third_Party/FreeRTOS/Source/queue.c ****                         else
1245:Middlewares/Third_Party/FreeRTOS/Source/queue.c ****                         {
1246:Middlewares/Third_Party/FreeRTOS/Source/queue.c ****                             mtCOVERAGE_TEST_MARKER();
1247:Middlewares/Third_Party/FreeRTOS/Source/queue.c ****                         }
1248:Middlewares/Third_Party/FreeRTOS/Source/queue.c ****                     }
1249:Middlewares/Third_Party/FreeRTOS/Source/queue.c ****                     else
1250:Middlewares/Third_Party/FreeRTOS/Source/queue.c ****                     {
1251:Middlewares/Third_Party/FreeRTOS/Source/queue.c ****                         if( listLIST_IS_EMPTY( &( pxQueue->xTasksWaitingToReceive ) ) == pdFALSE )
1252:Middlewares/Third_Party/FreeRTOS/Source/queue.c ****                         {
1253:Middlewares/Third_Party/FreeRTOS/Source/queue.c ****                             if( xTaskRemoveFromEventList( &( pxQueue->xTasksWaitingToReceive ) ) !=
1254:Middlewares/Third_Party/FreeRTOS/Source/queue.c ****                             {
1255:Middlewares/Third_Party/FreeRTOS/Source/queue.c ****                                 /* The task waiting has a higher priority so
1256:Middlewares/Third_Party/FreeRTOS/Source/queue.c ****                                  *  record that a context switch is required. */
1257:Middlewares/Third_Party/FreeRTOS/Source/queue.c ****                                 if( pxHigherPriorityTaskWoken != NULL )
1258:Middlewares/Third_Party/FreeRTOS/Source/queue.c ****                                 {
1259:Middlewares/Third_Party/FreeRTOS/Source/queue.c ****                                     *pxHigherPriorityTaskWoken = pdTRUE;
1260:Middlewares/Third_Party/FreeRTOS/Source/queue.c ****                                 }
1261:Middlewares/Third_Party/FreeRTOS/Source/queue.c ****                                 else
1262:Middlewares/Third_Party/FreeRTOS/Source/queue.c ****                                 {
1263:Middlewares/Third_Party/FreeRTOS/Source/queue.c ****                                     mtCOVERAGE_TEST_MARKER();
1264:Middlewares/Third_Party/FreeRTOS/Source/queue.c ****                                 }
1265:Middlewares/Third_Party/FreeRTOS/Source/queue.c ****                             }
1266:Middlewares/Third_Party/FreeRTOS/Source/queue.c ****                             else
1267:Middlewares/Third_Party/FreeRTOS/Source/queue.c ****                             {
1268:Middlewares/Third_Party/FreeRTOS/Source/queue.c ****                                 mtCOVERAGE_TEST_MARKER();
1269:Middlewares/Third_Party/FreeRTOS/Source/queue.c ****                             }
1270:Middlewares/Third_Party/FreeRTOS/Source/queue.c ****                         }
1271:Middlewares/Third_Party/FreeRTOS/Source/queue.c ****                         else
1272:Middlewares/Third_Party/FreeRTOS/Source/queue.c ****                         {
1273:Middlewares/Third_Party/FreeRTOS/Source/queue.c ****                             mtCOVERAGE_TEST_MARKER();
1274:Middlewares/Third_Party/FreeRTOS/Source/queue.c ****                         }
1275:Middlewares/Third_Party/FreeRTOS/Source/queue.c ****                     }
1276:Middlewares/Third_Party/FreeRTOS/Source/queue.c ****                 }
1277:Middlewares/Third_Party/FreeRTOS/Source/queue.c ****                 #else /* configUSE_QUEUE_SETS */
1278:Middlewares/Third_Party/FreeRTOS/Source/queue.c ****                 {
1279:Middlewares/Third_Party/FreeRTOS/Source/queue.c ****                     if( listLIST_IS_EMPTY( &( pxQueue->xTasksWaitingToReceive ) ) == pdFALSE )
1280:Middlewares/Third_Party/FreeRTOS/Source/queue.c ****                     {
1281:Middlewares/Third_Party/FreeRTOS/Source/queue.c ****                         if( xTaskRemoveFromEventList( &( pxQueue->xTasksWaitingToReceive ) ) != pdF
1282:Middlewares/Third_Party/FreeRTOS/Source/queue.c ****                         {
1283:Middlewares/Third_Party/FreeRTOS/Source/queue.c ****                             /* The task waiting has a higher priority so record that a
ARM GAS  /tmp/ccmofomj.s 			page 24


1284:Middlewares/Third_Party/FreeRTOS/Source/queue.c ****                              * context switch is required. */
1285:Middlewares/Third_Party/FreeRTOS/Source/queue.c ****                             if( pxHigherPriorityTaskWoken != NULL )
1286:Middlewares/Third_Party/FreeRTOS/Source/queue.c ****                             {
1287:Middlewares/Third_Party/FreeRTOS/Source/queue.c ****                                 *pxHigherPriorityTaskWoken = pdTRUE;
1288:Middlewares/Third_Party/FreeRTOS/Source/queue.c ****                             }
1289:Middlewares/Third_Party/FreeRTOS/Source/queue.c ****                             else
1290:Middlewares/Third_Party/FreeRTOS/Source/queue.c ****                             {
1291:Middlewares/Third_Party/FreeRTOS/Source/queue.c ****                                 mtCOVERAGE_TEST_MARKER();
1292:Middlewares/Third_Party/FreeRTOS/Source/queue.c ****                             }
1293:Middlewares/Third_Party/FreeRTOS/Source/queue.c ****                         }
1294:Middlewares/Third_Party/FreeRTOS/Source/queue.c ****                         else
1295:Middlewares/Third_Party/FreeRTOS/Source/queue.c ****                         {
1296:Middlewares/Third_Party/FreeRTOS/Source/queue.c ****                             mtCOVERAGE_TEST_MARKER();
1297:Middlewares/Third_Party/FreeRTOS/Source/queue.c ****                         }
1298:Middlewares/Third_Party/FreeRTOS/Source/queue.c ****                     }
1299:Middlewares/Third_Party/FreeRTOS/Source/queue.c ****                     else
1300:Middlewares/Third_Party/FreeRTOS/Source/queue.c ****                     {
1301:Middlewares/Third_Party/FreeRTOS/Source/queue.c ****                         mtCOVERAGE_TEST_MARKER();
1302:Middlewares/Third_Party/FreeRTOS/Source/queue.c ****                     }
1303:Middlewares/Third_Party/FreeRTOS/Source/queue.c **** 
1304:Middlewares/Third_Party/FreeRTOS/Source/queue.c ****                     /* Not used in this path. */
1305:Middlewares/Third_Party/FreeRTOS/Source/queue.c ****                     ( void ) uxPreviousMessagesWaiting;
1306:Middlewares/Third_Party/FreeRTOS/Source/queue.c ****                 }
1307:Middlewares/Third_Party/FreeRTOS/Source/queue.c ****                 #endif /* configUSE_QUEUE_SETS */
1308:Middlewares/Third_Party/FreeRTOS/Source/queue.c ****             }
1309:Middlewares/Third_Party/FreeRTOS/Source/queue.c ****             else
1310:Middlewares/Third_Party/FreeRTOS/Source/queue.c ****             {
1311:Middlewares/Third_Party/FreeRTOS/Source/queue.c ****                 /* Increment the lock count so the task that unlocks the queue
1312:Middlewares/Third_Party/FreeRTOS/Source/queue.c ****                  * knows that data was posted while it was locked. */
1313:Middlewares/Third_Party/FreeRTOS/Source/queue.c ****                 prvIncrementQueueTxLock( pxQueue, cTxLock );
1314:Middlewares/Third_Party/FreeRTOS/Source/queue.c ****             }
1315:Middlewares/Third_Party/FreeRTOS/Source/queue.c **** 
1316:Middlewares/Third_Party/FreeRTOS/Source/queue.c ****             xReturn = pdPASS;
1317:Middlewares/Third_Party/FreeRTOS/Source/queue.c ****         }
1318:Middlewares/Third_Party/FreeRTOS/Source/queue.c ****         else
1319:Middlewares/Third_Party/FreeRTOS/Source/queue.c ****         {
1320:Middlewares/Third_Party/FreeRTOS/Source/queue.c ****             traceQUEUE_SEND_FROM_ISR_FAILED( pxQueue );
1321:Middlewares/Third_Party/FreeRTOS/Source/queue.c ****             xReturn = errQUEUE_FULL;
1322:Middlewares/Third_Party/FreeRTOS/Source/queue.c ****         }
1323:Middlewares/Third_Party/FreeRTOS/Source/queue.c ****     }
1324:Middlewares/Third_Party/FreeRTOS/Source/queue.c ****     taskEXIT_CRITICAL_FROM_ISR( uxSavedInterruptStatus );
1325:Middlewares/Third_Party/FreeRTOS/Source/queue.c **** 
1326:Middlewares/Third_Party/FreeRTOS/Source/queue.c ****     traceRETURN_xQueueGenericSendFromISR( xReturn );
1327:Middlewares/Third_Party/FreeRTOS/Source/queue.c **** 
1328:Middlewares/Third_Party/FreeRTOS/Source/queue.c ****     return xReturn;
1329:Middlewares/Third_Party/FreeRTOS/Source/queue.c **** }
1330:Middlewares/Third_Party/FreeRTOS/Source/queue.c **** /*-----------------------------------------------------------*/
1331:Middlewares/Third_Party/FreeRTOS/Source/queue.c **** 
1332:Middlewares/Third_Party/FreeRTOS/Source/queue.c **** BaseType_t xQueueGiveFromISR( QueueHandle_t xQueue,
1333:Middlewares/Third_Party/FreeRTOS/Source/queue.c ****                               BaseType_t * const pxHigherPriorityTaskWoken )
1334:Middlewares/Third_Party/FreeRTOS/Source/queue.c **** {
1335:Middlewares/Third_Party/FreeRTOS/Source/queue.c ****     BaseType_t xReturn;
1336:Middlewares/Third_Party/FreeRTOS/Source/queue.c ****     UBaseType_t uxSavedInterruptStatus;
1337:Middlewares/Third_Party/FreeRTOS/Source/queue.c ****     Queue_t * const pxQueue = xQueue;
1338:Middlewares/Third_Party/FreeRTOS/Source/queue.c **** 
1339:Middlewares/Third_Party/FreeRTOS/Source/queue.c ****     traceENTER_xQueueGiveFromISR( xQueue, pxHigherPriorityTaskWoken );
1340:Middlewares/Third_Party/FreeRTOS/Source/queue.c **** 
ARM GAS  /tmp/ccmofomj.s 			page 25


1341:Middlewares/Third_Party/FreeRTOS/Source/queue.c ****     /* Similar to xQueueGenericSendFromISR() but used with semaphores where the
1342:Middlewares/Third_Party/FreeRTOS/Source/queue.c ****      * item size is 0.  Don't directly wake a task that was blocked on a queue
1343:Middlewares/Third_Party/FreeRTOS/Source/queue.c ****      * read, instead return a flag to say whether a context switch is required or
1344:Middlewares/Third_Party/FreeRTOS/Source/queue.c ****      * not (i.e. has a task with a higher priority than us been woken by this
1345:Middlewares/Third_Party/FreeRTOS/Source/queue.c ****      * post). */
1346:Middlewares/Third_Party/FreeRTOS/Source/queue.c **** 
1347:Middlewares/Third_Party/FreeRTOS/Source/queue.c ****     configASSERT( pxQueue );
1348:Middlewares/Third_Party/FreeRTOS/Source/queue.c **** 
1349:Middlewares/Third_Party/FreeRTOS/Source/queue.c ****     /* xQueueGenericSendFromISR() should be used instead of xQueueGiveFromISR()
1350:Middlewares/Third_Party/FreeRTOS/Source/queue.c ****      * if the item size is not 0. */
1351:Middlewares/Third_Party/FreeRTOS/Source/queue.c ****     configASSERT( pxQueue->uxItemSize == 0 );
1352:Middlewares/Third_Party/FreeRTOS/Source/queue.c **** 
1353:Middlewares/Third_Party/FreeRTOS/Source/queue.c ****     /* Normally a mutex would not be given from an interrupt, especially if
1354:Middlewares/Third_Party/FreeRTOS/Source/queue.c ****      * there is a mutex holder, as priority inheritance makes no sense for an
1355:Middlewares/Third_Party/FreeRTOS/Source/queue.c ****      * interrupts, only tasks. */
1356:Middlewares/Third_Party/FreeRTOS/Source/queue.c ****     configASSERT( !( ( pxQueue->uxQueueType == queueQUEUE_IS_MUTEX ) && ( pxQueue->u.xSemaphore.xMu
1357:Middlewares/Third_Party/FreeRTOS/Source/queue.c **** 
1358:Middlewares/Third_Party/FreeRTOS/Source/queue.c ****     /* RTOS ports that support interrupt nesting have the concept of a maximum
1359:Middlewares/Third_Party/FreeRTOS/Source/queue.c ****      * system call (or maximum API call) interrupt priority.  Interrupts that are
1360:Middlewares/Third_Party/FreeRTOS/Source/queue.c ****      * above the maximum system call priority are kept permanently enabled, even
1361:Middlewares/Third_Party/FreeRTOS/Source/queue.c ****      * when the RTOS kernel is in a critical section, but cannot make any calls to
1362:Middlewares/Third_Party/FreeRTOS/Source/queue.c ****      * FreeRTOS API functions.  If configASSERT() is defined in FreeRTOSConfig.h
1363:Middlewares/Third_Party/FreeRTOS/Source/queue.c ****      * then portASSERT_IF_INTERRUPT_PRIORITY_INVALID() will result in an assertion
1364:Middlewares/Third_Party/FreeRTOS/Source/queue.c ****      * failure if a FreeRTOS API function is called from an interrupt that has been
1365:Middlewares/Third_Party/FreeRTOS/Source/queue.c ****      * assigned a priority above the configured maximum system call priority.
1366:Middlewares/Third_Party/FreeRTOS/Source/queue.c ****      * Only FreeRTOS functions that end in FromISR can be called from interrupts
1367:Middlewares/Third_Party/FreeRTOS/Source/queue.c ****      * that have been assigned a priority at or (logically) below the maximum
1368:Middlewares/Third_Party/FreeRTOS/Source/queue.c ****      * system call interrupt priority.  FreeRTOS maintains a separate interrupt
1369:Middlewares/Third_Party/FreeRTOS/Source/queue.c ****      * safe API to ensure interrupt entry is as fast and as simple as possible.
1370:Middlewares/Third_Party/FreeRTOS/Source/queue.c ****      * More information (albeit Cortex-M specific) is provided on the following
1371:Middlewares/Third_Party/FreeRTOS/Source/queue.c ****      * link: https://www.FreeRTOS.org/RTOS-Cortex-M3-M4.html */
1372:Middlewares/Third_Party/FreeRTOS/Source/queue.c ****     portASSERT_IF_INTERRUPT_PRIORITY_INVALID();
1373:Middlewares/Third_Party/FreeRTOS/Source/queue.c **** 
1374:Middlewares/Third_Party/FreeRTOS/Source/queue.c ****     /* MISRA Ref 4.7.1 [Return value shall be checked] */
1375:Middlewares/Third_Party/FreeRTOS/Source/queue.c ****     /* More details at: https://github.com/FreeRTOS/FreeRTOS-Kernel/blob/main/MISRA.md#dir-47 */
1376:Middlewares/Third_Party/FreeRTOS/Source/queue.c ****     /* coverity[misra_c_2012_directive_4_7_violation] */
1377:Middlewares/Third_Party/FreeRTOS/Source/queue.c ****     uxSavedInterruptStatus = ( UBaseType_t ) taskENTER_CRITICAL_FROM_ISR();
1378:Middlewares/Third_Party/FreeRTOS/Source/queue.c ****     {
1379:Middlewares/Third_Party/FreeRTOS/Source/queue.c ****         const UBaseType_t uxMessagesWaiting = pxQueue->uxMessagesWaiting;
1380:Middlewares/Third_Party/FreeRTOS/Source/queue.c **** 
1381:Middlewares/Third_Party/FreeRTOS/Source/queue.c ****         /* When the queue is used to implement a semaphore no data is ever
1382:Middlewares/Third_Party/FreeRTOS/Source/queue.c ****          * moved through the queue but it is still valid to see if the queue 'has
1383:Middlewares/Third_Party/FreeRTOS/Source/queue.c ****          * space'. */
1384:Middlewares/Third_Party/FreeRTOS/Source/queue.c ****         if( uxMessagesWaiting < pxQueue->uxLength )
1385:Middlewares/Third_Party/FreeRTOS/Source/queue.c ****         {
1386:Middlewares/Third_Party/FreeRTOS/Source/queue.c ****             const int8_t cTxLock = pxQueue->cTxLock;
1387:Middlewares/Third_Party/FreeRTOS/Source/queue.c **** 
1388:Middlewares/Third_Party/FreeRTOS/Source/queue.c ****             traceQUEUE_SEND_FROM_ISR( pxQueue );
1389:Middlewares/Third_Party/FreeRTOS/Source/queue.c **** 
1390:Middlewares/Third_Party/FreeRTOS/Source/queue.c ****             /* A task can only have an inherited priority if it is a mutex
1391:Middlewares/Third_Party/FreeRTOS/Source/queue.c ****              * holder - and if there is a mutex holder then the mutex cannot be
1392:Middlewares/Third_Party/FreeRTOS/Source/queue.c ****              * given from an ISR.  As this is the ISR version of the function it
1393:Middlewares/Third_Party/FreeRTOS/Source/queue.c ****              * can be assumed there is no mutex holder and no need to determine if
1394:Middlewares/Third_Party/FreeRTOS/Source/queue.c ****              * priority disinheritance is needed.  Simply increase the count of
1395:Middlewares/Third_Party/FreeRTOS/Source/queue.c ****              * messages (semaphores) available. */
1396:Middlewares/Third_Party/FreeRTOS/Source/queue.c ****             pxQueue->uxMessagesWaiting = ( UBaseType_t ) ( uxMessagesWaiting + ( UBaseType_t ) 1 );
1397:Middlewares/Third_Party/FreeRTOS/Source/queue.c **** 
ARM GAS  /tmp/ccmofomj.s 			page 26


1398:Middlewares/Third_Party/FreeRTOS/Source/queue.c ****             /* The event list is not altered if the queue is locked.  This will
1399:Middlewares/Third_Party/FreeRTOS/Source/queue.c ****              * be done when the queue is unlocked later. */
1400:Middlewares/Third_Party/FreeRTOS/Source/queue.c ****             if( cTxLock == queueUNLOCKED )
1401:Middlewares/Third_Party/FreeRTOS/Source/queue.c ****             {
1402:Middlewares/Third_Party/FreeRTOS/Source/queue.c ****                 #if ( configUSE_QUEUE_SETS == 1 )
1403:Middlewares/Third_Party/FreeRTOS/Source/queue.c ****                 {
1404:Middlewares/Third_Party/FreeRTOS/Source/queue.c ****                     if( pxQueue->pxQueueSetContainer != NULL )
1405:Middlewares/Third_Party/FreeRTOS/Source/queue.c ****                     {
1406:Middlewares/Third_Party/FreeRTOS/Source/queue.c ****                         if( prvNotifyQueueSetContainer( pxQueue ) != pdFALSE )
1407:Middlewares/Third_Party/FreeRTOS/Source/queue.c ****                         {
1408:Middlewares/Third_Party/FreeRTOS/Source/queue.c ****                             /* The semaphore is a member of a queue set, and
1409:Middlewares/Third_Party/FreeRTOS/Source/queue.c ****                              * posting to the queue set caused a higher priority
1410:Middlewares/Third_Party/FreeRTOS/Source/queue.c ****                              * task to unblock.  A context switch is required. */
1411:Middlewares/Third_Party/FreeRTOS/Source/queue.c ****                             if( pxHigherPriorityTaskWoken != NULL )
1412:Middlewares/Third_Party/FreeRTOS/Source/queue.c ****                             {
1413:Middlewares/Third_Party/FreeRTOS/Source/queue.c ****                                 *pxHigherPriorityTaskWoken = pdTRUE;
1414:Middlewares/Third_Party/FreeRTOS/Source/queue.c ****                             }
1415:Middlewares/Third_Party/FreeRTOS/Source/queue.c ****                             else
1416:Middlewares/Third_Party/FreeRTOS/Source/queue.c ****                             {
1417:Middlewares/Third_Party/FreeRTOS/Source/queue.c ****                                 mtCOVERAGE_TEST_MARKER();
1418:Middlewares/Third_Party/FreeRTOS/Source/queue.c ****                             }
1419:Middlewares/Third_Party/FreeRTOS/Source/queue.c ****                         }
1420:Middlewares/Third_Party/FreeRTOS/Source/queue.c ****                         else
1421:Middlewares/Third_Party/FreeRTOS/Source/queue.c ****                         {
1422:Middlewares/Third_Party/FreeRTOS/Source/queue.c ****                             mtCOVERAGE_TEST_MARKER();
1423:Middlewares/Third_Party/FreeRTOS/Source/queue.c ****                         }
1424:Middlewares/Third_Party/FreeRTOS/Source/queue.c ****                     }
1425:Middlewares/Third_Party/FreeRTOS/Source/queue.c ****                     else
1426:Middlewares/Third_Party/FreeRTOS/Source/queue.c ****                     {
1427:Middlewares/Third_Party/FreeRTOS/Source/queue.c ****                         if( listLIST_IS_EMPTY( &( pxQueue->xTasksWaitingToReceive ) ) == pdFALSE )
1428:Middlewares/Third_Party/FreeRTOS/Source/queue.c ****                         {
1429:Middlewares/Third_Party/FreeRTOS/Source/queue.c ****                             if( xTaskRemoveFromEventList( &( pxQueue->xTasksWaitingToReceive ) ) !=
1430:Middlewares/Third_Party/FreeRTOS/Source/queue.c ****                             {
1431:Middlewares/Third_Party/FreeRTOS/Source/queue.c ****                                 /* The task waiting has a higher priority so
1432:Middlewares/Third_Party/FreeRTOS/Source/queue.c ****                                  *  record that a context switch is required. */
1433:Middlewares/Third_Party/FreeRTOS/Source/queue.c ****                                 if( pxHigherPriorityTaskWoken != NULL )
1434:Middlewares/Third_Party/FreeRTOS/Source/queue.c ****                                 {
1435:Middlewares/Third_Party/FreeRTOS/Source/queue.c ****                                     *pxHigherPriorityTaskWoken = pdTRUE;
1436:Middlewares/Third_Party/FreeRTOS/Source/queue.c ****                                 }
1437:Middlewares/Third_Party/FreeRTOS/Source/queue.c ****                                 else
1438:Middlewares/Third_Party/FreeRTOS/Source/queue.c ****                                 {
1439:Middlewares/Third_Party/FreeRTOS/Source/queue.c ****                                     mtCOVERAGE_TEST_MARKER();
1440:Middlewares/Third_Party/FreeRTOS/Source/queue.c ****                                 }
1441:Middlewares/Third_Party/FreeRTOS/Source/queue.c ****                             }
1442:Middlewares/Third_Party/FreeRTOS/Source/queue.c ****                             else
1443:Middlewares/Third_Party/FreeRTOS/Source/queue.c ****                             {
1444:Middlewares/Third_Party/FreeRTOS/Source/queue.c ****                                 mtCOVERAGE_TEST_MARKER();
1445:Middlewares/Third_Party/FreeRTOS/Source/queue.c ****                             }
1446:Middlewares/Third_Party/FreeRTOS/Source/queue.c ****                         }
1447:Middlewares/Third_Party/FreeRTOS/Source/queue.c ****                         else
1448:Middlewares/Third_Party/FreeRTOS/Source/queue.c ****                         {
1449:Middlewares/Third_Party/FreeRTOS/Source/queue.c ****                             mtCOVERAGE_TEST_MARKER();
1450:Middlewares/Third_Party/FreeRTOS/Source/queue.c ****                         }
1451:Middlewares/Third_Party/FreeRTOS/Source/queue.c ****                     }
1452:Middlewares/Third_Party/FreeRTOS/Source/queue.c ****                 }
1453:Middlewares/Third_Party/FreeRTOS/Source/queue.c ****                 #else /* configUSE_QUEUE_SETS */
1454:Middlewares/Third_Party/FreeRTOS/Source/queue.c ****                 {
ARM GAS  /tmp/ccmofomj.s 			page 27


1455:Middlewares/Third_Party/FreeRTOS/Source/queue.c ****                     if( listLIST_IS_EMPTY( &( pxQueue->xTasksWaitingToReceive ) ) == pdFALSE )
1456:Middlewares/Third_Party/FreeRTOS/Source/queue.c ****                     {
1457:Middlewares/Third_Party/FreeRTOS/Source/queue.c ****                         if( xTaskRemoveFromEventList( &( pxQueue->xTasksWaitingToReceive ) ) != pdF
1458:Middlewares/Third_Party/FreeRTOS/Source/queue.c ****                         {
1459:Middlewares/Third_Party/FreeRTOS/Source/queue.c ****                             /* The task waiting has a higher priority so record that a
1460:Middlewares/Third_Party/FreeRTOS/Source/queue.c ****                              * context switch is required. */
1461:Middlewares/Third_Party/FreeRTOS/Source/queue.c ****                             if( pxHigherPriorityTaskWoken != NULL )
1462:Middlewares/Third_Party/FreeRTOS/Source/queue.c ****                             {
1463:Middlewares/Third_Party/FreeRTOS/Source/queue.c ****                                 *pxHigherPriorityTaskWoken = pdTRUE;
1464:Middlewares/Third_Party/FreeRTOS/Source/queue.c ****                             }
1465:Middlewares/Third_Party/FreeRTOS/Source/queue.c ****                             else
1466:Middlewares/Third_Party/FreeRTOS/Source/queue.c ****                             {
1467:Middlewares/Third_Party/FreeRTOS/Source/queue.c ****                                 mtCOVERAGE_TEST_MARKER();
1468:Middlewares/Third_Party/FreeRTOS/Source/queue.c ****                             }
1469:Middlewares/Third_Party/FreeRTOS/Source/queue.c ****                         }
1470:Middlewares/Third_Party/FreeRTOS/Source/queue.c ****                         else
1471:Middlewares/Third_Party/FreeRTOS/Source/queue.c ****                         {
1472:Middlewares/Third_Party/FreeRTOS/Source/queue.c ****                             mtCOVERAGE_TEST_MARKER();
1473:Middlewares/Third_Party/FreeRTOS/Source/queue.c ****                         }
1474:Middlewares/Third_Party/FreeRTOS/Source/queue.c ****                     }
1475:Middlewares/Third_Party/FreeRTOS/Source/queue.c ****                     else
1476:Middlewares/Third_Party/FreeRTOS/Source/queue.c ****                     {
1477:Middlewares/Third_Party/FreeRTOS/Source/queue.c ****                         mtCOVERAGE_TEST_MARKER();
1478:Middlewares/Third_Party/FreeRTOS/Source/queue.c ****                     }
1479:Middlewares/Third_Party/FreeRTOS/Source/queue.c ****                 }
1480:Middlewares/Third_Party/FreeRTOS/Source/queue.c ****                 #endif /* configUSE_QUEUE_SETS */
1481:Middlewares/Third_Party/FreeRTOS/Source/queue.c ****             }
1482:Middlewares/Third_Party/FreeRTOS/Source/queue.c ****             else
1483:Middlewares/Third_Party/FreeRTOS/Source/queue.c ****             {
1484:Middlewares/Third_Party/FreeRTOS/Source/queue.c ****                 /* Increment the lock count so the task that unlocks the queue
1485:Middlewares/Third_Party/FreeRTOS/Source/queue.c ****                  * knows that data was posted while it was locked. */
1486:Middlewares/Third_Party/FreeRTOS/Source/queue.c ****                 prvIncrementQueueTxLock( pxQueue, cTxLock );
1487:Middlewares/Third_Party/FreeRTOS/Source/queue.c ****             }
1488:Middlewares/Third_Party/FreeRTOS/Source/queue.c **** 
1489:Middlewares/Third_Party/FreeRTOS/Source/queue.c ****             xReturn = pdPASS;
1490:Middlewares/Third_Party/FreeRTOS/Source/queue.c ****         }
1491:Middlewares/Third_Party/FreeRTOS/Source/queue.c ****         else
1492:Middlewares/Third_Party/FreeRTOS/Source/queue.c ****         {
1493:Middlewares/Third_Party/FreeRTOS/Source/queue.c ****             traceQUEUE_SEND_FROM_ISR_FAILED( pxQueue );
1494:Middlewares/Third_Party/FreeRTOS/Source/queue.c ****             xReturn = errQUEUE_FULL;
1495:Middlewares/Third_Party/FreeRTOS/Source/queue.c ****         }
1496:Middlewares/Third_Party/FreeRTOS/Source/queue.c ****     }
1497:Middlewares/Third_Party/FreeRTOS/Source/queue.c ****     taskEXIT_CRITICAL_FROM_ISR( uxSavedInterruptStatus );
1498:Middlewares/Third_Party/FreeRTOS/Source/queue.c **** 
1499:Middlewares/Third_Party/FreeRTOS/Source/queue.c ****     traceRETURN_xQueueGiveFromISR( xReturn );
1500:Middlewares/Third_Party/FreeRTOS/Source/queue.c **** 
1501:Middlewares/Third_Party/FreeRTOS/Source/queue.c ****     return xReturn;
1502:Middlewares/Third_Party/FreeRTOS/Source/queue.c **** }
1503:Middlewares/Third_Party/FreeRTOS/Source/queue.c **** /*-----------------------------------------------------------*/
1504:Middlewares/Third_Party/FreeRTOS/Source/queue.c **** 
1505:Middlewares/Third_Party/FreeRTOS/Source/queue.c **** BaseType_t xQueueReceive( QueueHandle_t xQueue,
1506:Middlewares/Third_Party/FreeRTOS/Source/queue.c ****                           void * const pvBuffer,
1507:Middlewares/Third_Party/FreeRTOS/Source/queue.c ****                           TickType_t xTicksToWait )
1508:Middlewares/Third_Party/FreeRTOS/Source/queue.c **** {
1509:Middlewares/Third_Party/FreeRTOS/Source/queue.c ****     BaseType_t xEntryTimeSet = pdFALSE;
1510:Middlewares/Third_Party/FreeRTOS/Source/queue.c ****     TimeOut_t xTimeOut;
1511:Middlewares/Third_Party/FreeRTOS/Source/queue.c ****     Queue_t * const pxQueue = xQueue;
ARM GAS  /tmp/ccmofomj.s 			page 28


1512:Middlewares/Third_Party/FreeRTOS/Source/queue.c **** 
1513:Middlewares/Third_Party/FreeRTOS/Source/queue.c ****     traceENTER_xQueueReceive( xQueue, pvBuffer, xTicksToWait );
1514:Middlewares/Third_Party/FreeRTOS/Source/queue.c **** 
1515:Middlewares/Third_Party/FreeRTOS/Source/queue.c ****     /* Check the pointer is not NULL. */
1516:Middlewares/Third_Party/FreeRTOS/Source/queue.c ****     configASSERT( ( pxQueue ) );
1517:Middlewares/Third_Party/FreeRTOS/Source/queue.c **** 
1518:Middlewares/Third_Party/FreeRTOS/Source/queue.c ****     /* The buffer into which data is received can only be NULL if the data size
1519:Middlewares/Third_Party/FreeRTOS/Source/queue.c ****      * is zero (so no data is copied into the buffer). */
1520:Middlewares/Third_Party/FreeRTOS/Source/queue.c ****     configASSERT( !( ( ( pvBuffer ) == NULL ) && ( ( pxQueue )->uxItemSize != ( UBaseType_t ) 0U ) 
1521:Middlewares/Third_Party/FreeRTOS/Source/queue.c **** 
1522:Middlewares/Third_Party/FreeRTOS/Source/queue.c ****     /* Cannot block if the scheduler is suspended. */
1523:Middlewares/Third_Party/FreeRTOS/Source/queue.c ****     #if ( ( INCLUDE_xTaskGetSchedulerState == 1 ) || ( configUSE_TIMERS == 1 ) )
1524:Middlewares/Third_Party/FreeRTOS/Source/queue.c ****     {
1525:Middlewares/Third_Party/FreeRTOS/Source/queue.c ****         configASSERT( !( ( xTaskGetSchedulerState() == taskSCHEDULER_SUSPENDED ) && ( xTicksToWait 
1526:Middlewares/Third_Party/FreeRTOS/Source/queue.c ****     }
1527:Middlewares/Third_Party/FreeRTOS/Source/queue.c ****     #endif
1528:Middlewares/Third_Party/FreeRTOS/Source/queue.c **** 
1529:Middlewares/Third_Party/FreeRTOS/Source/queue.c ****     for( ; ; )
1530:Middlewares/Third_Party/FreeRTOS/Source/queue.c ****     {
1531:Middlewares/Third_Party/FreeRTOS/Source/queue.c ****         taskENTER_CRITICAL();
1532:Middlewares/Third_Party/FreeRTOS/Source/queue.c ****         {
1533:Middlewares/Third_Party/FreeRTOS/Source/queue.c ****             const UBaseType_t uxMessagesWaiting = pxQueue->uxMessagesWaiting;
1534:Middlewares/Third_Party/FreeRTOS/Source/queue.c **** 
1535:Middlewares/Third_Party/FreeRTOS/Source/queue.c ****             /* Is there data in the queue now?  To be running the calling task
1536:Middlewares/Third_Party/FreeRTOS/Source/queue.c ****              * must be the highest priority task wanting to access the queue. */
1537:Middlewares/Third_Party/FreeRTOS/Source/queue.c ****             if( uxMessagesWaiting > ( UBaseType_t ) 0 )
1538:Middlewares/Third_Party/FreeRTOS/Source/queue.c ****             {
1539:Middlewares/Third_Party/FreeRTOS/Source/queue.c ****                 /* Data available, remove one item. */
1540:Middlewares/Third_Party/FreeRTOS/Source/queue.c ****                 prvCopyDataFromQueue( pxQueue, pvBuffer );
1541:Middlewares/Third_Party/FreeRTOS/Source/queue.c ****                 traceQUEUE_RECEIVE( pxQueue );
1542:Middlewares/Third_Party/FreeRTOS/Source/queue.c ****                 pxQueue->uxMessagesWaiting = ( UBaseType_t ) ( uxMessagesWaiting - ( UBaseType_t ) 
1543:Middlewares/Third_Party/FreeRTOS/Source/queue.c **** 
1544:Middlewares/Third_Party/FreeRTOS/Source/queue.c ****                 /* There is now space in the queue, were any tasks waiting to
1545:Middlewares/Third_Party/FreeRTOS/Source/queue.c ****                  * post to the queue?  If so, unblock the highest priority waiting
1546:Middlewares/Third_Party/FreeRTOS/Source/queue.c ****                  * task. */
1547:Middlewares/Third_Party/FreeRTOS/Source/queue.c ****                 if( listLIST_IS_EMPTY( &( pxQueue->xTasksWaitingToSend ) ) == pdFALSE )
1548:Middlewares/Third_Party/FreeRTOS/Source/queue.c ****                 {
1549:Middlewares/Third_Party/FreeRTOS/Source/queue.c ****                     if( xTaskRemoveFromEventList( &( pxQueue->xTasksWaitingToSend ) ) != pdFALSE )
1550:Middlewares/Third_Party/FreeRTOS/Source/queue.c ****                     {
1551:Middlewares/Third_Party/FreeRTOS/Source/queue.c ****                         queueYIELD_IF_USING_PREEMPTION();
1552:Middlewares/Third_Party/FreeRTOS/Source/queue.c ****                     }
1553:Middlewares/Third_Party/FreeRTOS/Source/queue.c ****                     else
1554:Middlewares/Third_Party/FreeRTOS/Source/queue.c ****                     {
1555:Middlewares/Third_Party/FreeRTOS/Source/queue.c ****                         mtCOVERAGE_TEST_MARKER();
1556:Middlewares/Third_Party/FreeRTOS/Source/queue.c ****                     }
1557:Middlewares/Third_Party/FreeRTOS/Source/queue.c ****                 }
1558:Middlewares/Third_Party/FreeRTOS/Source/queue.c ****                 else
1559:Middlewares/Third_Party/FreeRTOS/Source/queue.c ****                 {
1560:Middlewares/Third_Party/FreeRTOS/Source/queue.c ****                     mtCOVERAGE_TEST_MARKER();
1561:Middlewares/Third_Party/FreeRTOS/Source/queue.c ****                 }
1562:Middlewares/Third_Party/FreeRTOS/Source/queue.c **** 
1563:Middlewares/Third_Party/FreeRTOS/Source/queue.c ****                 taskEXIT_CRITICAL();
1564:Middlewares/Third_Party/FreeRTOS/Source/queue.c **** 
1565:Middlewares/Third_Party/FreeRTOS/Source/queue.c ****                 traceRETURN_xQueueReceive( pdPASS );
1566:Middlewares/Third_Party/FreeRTOS/Source/queue.c **** 
1567:Middlewares/Third_Party/FreeRTOS/Source/queue.c ****                 return pdPASS;
1568:Middlewares/Third_Party/FreeRTOS/Source/queue.c ****             }
ARM GAS  /tmp/ccmofomj.s 			page 29


1569:Middlewares/Third_Party/FreeRTOS/Source/queue.c ****             else
1570:Middlewares/Third_Party/FreeRTOS/Source/queue.c ****             {
1571:Middlewares/Third_Party/FreeRTOS/Source/queue.c ****                 if( xTicksToWait == ( TickType_t ) 0 )
1572:Middlewares/Third_Party/FreeRTOS/Source/queue.c ****                 {
1573:Middlewares/Third_Party/FreeRTOS/Source/queue.c ****                     /* The queue was empty and no block time is specified (or
1574:Middlewares/Third_Party/FreeRTOS/Source/queue.c ****                      * the block time has expired) so leave now. */
1575:Middlewares/Third_Party/FreeRTOS/Source/queue.c ****                     taskEXIT_CRITICAL();
1576:Middlewares/Third_Party/FreeRTOS/Source/queue.c **** 
1577:Middlewares/Third_Party/FreeRTOS/Source/queue.c ****                     traceQUEUE_RECEIVE_FAILED( pxQueue );
1578:Middlewares/Third_Party/FreeRTOS/Source/queue.c ****                     traceRETURN_xQueueReceive( errQUEUE_EMPTY );
1579:Middlewares/Third_Party/FreeRTOS/Source/queue.c **** 
1580:Middlewares/Third_Party/FreeRTOS/Source/queue.c ****                     return errQUEUE_EMPTY;
1581:Middlewares/Third_Party/FreeRTOS/Source/queue.c ****                 }
1582:Middlewares/Third_Party/FreeRTOS/Source/queue.c ****                 else if( xEntryTimeSet == pdFALSE )
1583:Middlewares/Third_Party/FreeRTOS/Source/queue.c ****                 {
1584:Middlewares/Third_Party/FreeRTOS/Source/queue.c ****                     /* The queue was empty and a block time was specified so
1585:Middlewares/Third_Party/FreeRTOS/Source/queue.c ****                      * configure the timeout structure. */
1586:Middlewares/Third_Party/FreeRTOS/Source/queue.c ****                     vTaskInternalSetTimeOutState( &xTimeOut );
1587:Middlewares/Third_Party/FreeRTOS/Source/queue.c ****                     xEntryTimeSet = pdTRUE;
1588:Middlewares/Third_Party/FreeRTOS/Source/queue.c ****                 }
1589:Middlewares/Third_Party/FreeRTOS/Source/queue.c ****                 else
1590:Middlewares/Third_Party/FreeRTOS/Source/queue.c ****                 {
1591:Middlewares/Third_Party/FreeRTOS/Source/queue.c ****                     /* Entry time was already set. */
1592:Middlewares/Third_Party/FreeRTOS/Source/queue.c ****                     mtCOVERAGE_TEST_MARKER();
1593:Middlewares/Third_Party/FreeRTOS/Source/queue.c ****                 }
1594:Middlewares/Third_Party/FreeRTOS/Source/queue.c ****             }
1595:Middlewares/Third_Party/FreeRTOS/Source/queue.c ****         }
1596:Middlewares/Third_Party/FreeRTOS/Source/queue.c ****         taskEXIT_CRITICAL();
1597:Middlewares/Third_Party/FreeRTOS/Source/queue.c **** 
1598:Middlewares/Third_Party/FreeRTOS/Source/queue.c ****         /* Interrupts and other tasks can send to and receive from the queue
1599:Middlewares/Third_Party/FreeRTOS/Source/queue.c ****          * now the critical section has been exited. */
1600:Middlewares/Third_Party/FreeRTOS/Source/queue.c **** 
1601:Middlewares/Third_Party/FreeRTOS/Source/queue.c ****         vTaskSuspendAll();
1602:Middlewares/Third_Party/FreeRTOS/Source/queue.c ****         prvLockQueue( pxQueue );
1603:Middlewares/Third_Party/FreeRTOS/Source/queue.c **** 
1604:Middlewares/Third_Party/FreeRTOS/Source/queue.c ****         /* Update the timeout state to see if it has expired yet. */
1605:Middlewares/Third_Party/FreeRTOS/Source/queue.c ****         if( xTaskCheckForTimeOut( &xTimeOut, &xTicksToWait ) == pdFALSE )
1606:Middlewares/Third_Party/FreeRTOS/Source/queue.c ****         {
1607:Middlewares/Third_Party/FreeRTOS/Source/queue.c ****             /* The timeout has not expired.  If the queue is still empty place
1608:Middlewares/Third_Party/FreeRTOS/Source/queue.c ****              * the task on the list of tasks waiting to receive from the queue. */
1609:Middlewares/Third_Party/FreeRTOS/Source/queue.c ****             if( prvIsQueueEmpty( pxQueue ) != pdFALSE )
1610:Middlewares/Third_Party/FreeRTOS/Source/queue.c ****             {
1611:Middlewares/Third_Party/FreeRTOS/Source/queue.c ****                 traceBLOCKING_ON_QUEUE_RECEIVE( pxQueue );
1612:Middlewares/Third_Party/FreeRTOS/Source/queue.c ****                 vTaskPlaceOnEventList( &( pxQueue->xTasksWaitingToReceive ), xTicksToWait );
1613:Middlewares/Third_Party/FreeRTOS/Source/queue.c ****                 prvUnlockQueue( pxQueue );
1614:Middlewares/Third_Party/FreeRTOS/Source/queue.c **** 
1615:Middlewares/Third_Party/FreeRTOS/Source/queue.c ****                 if( xTaskResumeAll() == pdFALSE )
1616:Middlewares/Third_Party/FreeRTOS/Source/queue.c ****                 {
1617:Middlewares/Third_Party/FreeRTOS/Source/queue.c ****                     taskYIELD_WITHIN_API();
1618:Middlewares/Third_Party/FreeRTOS/Source/queue.c ****                 }
1619:Middlewares/Third_Party/FreeRTOS/Source/queue.c ****                 else
1620:Middlewares/Third_Party/FreeRTOS/Source/queue.c ****                 {
1621:Middlewares/Third_Party/FreeRTOS/Source/queue.c ****                     mtCOVERAGE_TEST_MARKER();
1622:Middlewares/Third_Party/FreeRTOS/Source/queue.c ****                 }
1623:Middlewares/Third_Party/FreeRTOS/Source/queue.c ****             }
1624:Middlewares/Third_Party/FreeRTOS/Source/queue.c ****             else
1625:Middlewares/Third_Party/FreeRTOS/Source/queue.c ****             {
ARM GAS  /tmp/ccmofomj.s 			page 30


1626:Middlewares/Third_Party/FreeRTOS/Source/queue.c ****                 /* The queue contains data again.  Loop back to try and read the
1627:Middlewares/Third_Party/FreeRTOS/Source/queue.c ****                  * data. */
1628:Middlewares/Third_Party/FreeRTOS/Source/queue.c ****                 prvUnlockQueue( pxQueue );
1629:Middlewares/Third_Party/FreeRTOS/Source/queue.c ****                 ( void ) xTaskResumeAll();
1630:Middlewares/Third_Party/FreeRTOS/Source/queue.c ****             }
1631:Middlewares/Third_Party/FreeRTOS/Source/queue.c ****         }
1632:Middlewares/Third_Party/FreeRTOS/Source/queue.c ****         else
1633:Middlewares/Third_Party/FreeRTOS/Source/queue.c ****         {
1634:Middlewares/Third_Party/FreeRTOS/Source/queue.c ****             /* Timed out.  If there is no data in the queue exit, otherwise loop
1635:Middlewares/Third_Party/FreeRTOS/Source/queue.c ****              * back and attempt to read the data. */
1636:Middlewares/Third_Party/FreeRTOS/Source/queue.c ****             prvUnlockQueue( pxQueue );
1637:Middlewares/Third_Party/FreeRTOS/Source/queue.c ****             ( void ) xTaskResumeAll();
1638:Middlewares/Third_Party/FreeRTOS/Source/queue.c **** 
1639:Middlewares/Third_Party/FreeRTOS/Source/queue.c ****             if( prvIsQueueEmpty( pxQueue ) != pdFALSE )
1640:Middlewares/Third_Party/FreeRTOS/Source/queue.c ****             {
1641:Middlewares/Third_Party/FreeRTOS/Source/queue.c ****                 traceQUEUE_RECEIVE_FAILED( pxQueue );
1642:Middlewares/Third_Party/FreeRTOS/Source/queue.c ****                 traceRETURN_xQueueReceive( errQUEUE_EMPTY );
1643:Middlewares/Third_Party/FreeRTOS/Source/queue.c **** 
1644:Middlewares/Third_Party/FreeRTOS/Source/queue.c ****                 return errQUEUE_EMPTY;
1645:Middlewares/Third_Party/FreeRTOS/Source/queue.c ****             }
1646:Middlewares/Third_Party/FreeRTOS/Source/queue.c ****             else
1647:Middlewares/Third_Party/FreeRTOS/Source/queue.c ****             {
1648:Middlewares/Third_Party/FreeRTOS/Source/queue.c ****                 mtCOVERAGE_TEST_MARKER();
1649:Middlewares/Third_Party/FreeRTOS/Source/queue.c ****             }
1650:Middlewares/Third_Party/FreeRTOS/Source/queue.c ****         }
1651:Middlewares/Third_Party/FreeRTOS/Source/queue.c ****     }
1652:Middlewares/Third_Party/FreeRTOS/Source/queue.c **** }
1653:Middlewares/Third_Party/FreeRTOS/Source/queue.c **** /*-----------------------------------------------------------*/
1654:Middlewares/Third_Party/FreeRTOS/Source/queue.c **** 
1655:Middlewares/Third_Party/FreeRTOS/Source/queue.c **** BaseType_t xQueueSemaphoreTake( QueueHandle_t xQueue,
1656:Middlewares/Third_Party/FreeRTOS/Source/queue.c ****                                 TickType_t xTicksToWait )
1657:Middlewares/Third_Party/FreeRTOS/Source/queue.c **** {
1658:Middlewares/Third_Party/FreeRTOS/Source/queue.c ****     BaseType_t xEntryTimeSet = pdFALSE;
1659:Middlewares/Third_Party/FreeRTOS/Source/queue.c ****     TimeOut_t xTimeOut;
1660:Middlewares/Third_Party/FreeRTOS/Source/queue.c ****     Queue_t * const pxQueue = xQueue;
1661:Middlewares/Third_Party/FreeRTOS/Source/queue.c **** 
1662:Middlewares/Third_Party/FreeRTOS/Source/queue.c ****     #if ( configUSE_MUTEXES == 1 )
1663:Middlewares/Third_Party/FreeRTOS/Source/queue.c ****         BaseType_t xInheritanceOccurred = pdFALSE;
1664:Middlewares/Third_Party/FreeRTOS/Source/queue.c ****     #endif
1665:Middlewares/Third_Party/FreeRTOS/Source/queue.c **** 
1666:Middlewares/Third_Party/FreeRTOS/Source/queue.c ****     traceENTER_xQueueSemaphoreTake( xQueue, xTicksToWait );
1667:Middlewares/Third_Party/FreeRTOS/Source/queue.c **** 
1668:Middlewares/Third_Party/FreeRTOS/Source/queue.c ****     /* Check the queue pointer is not NULL. */
1669:Middlewares/Third_Party/FreeRTOS/Source/queue.c ****     configASSERT( ( pxQueue ) );
1670:Middlewares/Third_Party/FreeRTOS/Source/queue.c **** 
1671:Middlewares/Third_Party/FreeRTOS/Source/queue.c ****     /* Check this really is a semaphore, in which case the item size will be
1672:Middlewares/Third_Party/FreeRTOS/Source/queue.c ****      * 0. */
1673:Middlewares/Third_Party/FreeRTOS/Source/queue.c ****     configASSERT( pxQueue->uxItemSize == 0 );
1674:Middlewares/Third_Party/FreeRTOS/Source/queue.c **** 
1675:Middlewares/Third_Party/FreeRTOS/Source/queue.c ****     /* Cannot block if the scheduler is suspended. */
1676:Middlewares/Third_Party/FreeRTOS/Source/queue.c ****     #if ( ( INCLUDE_xTaskGetSchedulerState == 1 ) || ( configUSE_TIMERS == 1 ) )
1677:Middlewares/Third_Party/FreeRTOS/Source/queue.c ****     {
1678:Middlewares/Third_Party/FreeRTOS/Source/queue.c ****         configASSERT( !( ( xTaskGetSchedulerState() == taskSCHEDULER_SUSPENDED ) && ( xTicksToWait 
1679:Middlewares/Third_Party/FreeRTOS/Source/queue.c ****     }
1680:Middlewares/Third_Party/FreeRTOS/Source/queue.c ****     #endif
1681:Middlewares/Third_Party/FreeRTOS/Source/queue.c **** 
1682:Middlewares/Third_Party/FreeRTOS/Source/queue.c ****     for( ; ; )
ARM GAS  /tmp/ccmofomj.s 			page 31


1683:Middlewares/Third_Party/FreeRTOS/Source/queue.c ****     {
1684:Middlewares/Third_Party/FreeRTOS/Source/queue.c ****         taskENTER_CRITICAL();
1685:Middlewares/Third_Party/FreeRTOS/Source/queue.c ****         {
1686:Middlewares/Third_Party/FreeRTOS/Source/queue.c ****             /* Semaphores are queues with an item size of 0, and where the
1687:Middlewares/Third_Party/FreeRTOS/Source/queue.c ****              * number of messages in the queue is the semaphore's count value. */
1688:Middlewares/Third_Party/FreeRTOS/Source/queue.c ****             const UBaseType_t uxSemaphoreCount = pxQueue->uxMessagesWaiting;
1689:Middlewares/Third_Party/FreeRTOS/Source/queue.c **** 
1690:Middlewares/Third_Party/FreeRTOS/Source/queue.c ****             /* Is there data in the queue now?  To be running the calling task
1691:Middlewares/Third_Party/FreeRTOS/Source/queue.c ****              * must be the highest priority task wanting to access the queue. */
1692:Middlewares/Third_Party/FreeRTOS/Source/queue.c ****             if( uxSemaphoreCount > ( UBaseType_t ) 0 )
1693:Middlewares/Third_Party/FreeRTOS/Source/queue.c ****             {
1694:Middlewares/Third_Party/FreeRTOS/Source/queue.c ****                 traceQUEUE_RECEIVE( pxQueue );
1695:Middlewares/Third_Party/FreeRTOS/Source/queue.c **** 
1696:Middlewares/Third_Party/FreeRTOS/Source/queue.c ****                 /* Semaphores are queues with a data size of zero and where the
1697:Middlewares/Third_Party/FreeRTOS/Source/queue.c ****                  * messages waiting is the semaphore's count.  Reduce the count. */
1698:Middlewares/Third_Party/FreeRTOS/Source/queue.c ****                 pxQueue->uxMessagesWaiting = ( UBaseType_t ) ( uxSemaphoreCount - ( UBaseType_t ) 1
1699:Middlewares/Third_Party/FreeRTOS/Source/queue.c **** 
1700:Middlewares/Third_Party/FreeRTOS/Source/queue.c ****                 #if ( configUSE_MUTEXES == 1 )
1701:Middlewares/Third_Party/FreeRTOS/Source/queue.c ****                 {
1702:Middlewares/Third_Party/FreeRTOS/Source/queue.c ****                     if( pxQueue->uxQueueType == queueQUEUE_IS_MUTEX )
1703:Middlewares/Third_Party/FreeRTOS/Source/queue.c ****                     {
1704:Middlewares/Third_Party/FreeRTOS/Source/queue.c ****                         /* Record the information required to implement
1705:Middlewares/Third_Party/FreeRTOS/Source/queue.c ****                          * priority inheritance should it become necessary. */
1706:Middlewares/Third_Party/FreeRTOS/Source/queue.c ****                         pxQueue->u.xSemaphore.xMutexHolder = pvTaskIncrementMutexHeldCount();
1707:Middlewares/Third_Party/FreeRTOS/Source/queue.c ****                     }
1708:Middlewares/Third_Party/FreeRTOS/Source/queue.c ****                     else
1709:Middlewares/Third_Party/FreeRTOS/Source/queue.c ****                     {
1710:Middlewares/Third_Party/FreeRTOS/Source/queue.c ****                         mtCOVERAGE_TEST_MARKER();
1711:Middlewares/Third_Party/FreeRTOS/Source/queue.c ****                     }
1712:Middlewares/Third_Party/FreeRTOS/Source/queue.c ****                 }
1713:Middlewares/Third_Party/FreeRTOS/Source/queue.c ****                 #endif /* configUSE_MUTEXES */
1714:Middlewares/Third_Party/FreeRTOS/Source/queue.c **** 
1715:Middlewares/Third_Party/FreeRTOS/Source/queue.c ****                 /* Check to see if other tasks are blocked waiting to give the
1716:Middlewares/Third_Party/FreeRTOS/Source/queue.c ****                  * semaphore, and if so, unblock the highest priority such task. */
1717:Middlewares/Third_Party/FreeRTOS/Source/queue.c ****                 if( listLIST_IS_EMPTY( &( pxQueue->xTasksWaitingToSend ) ) == pdFALSE )
1718:Middlewares/Third_Party/FreeRTOS/Source/queue.c ****                 {
1719:Middlewares/Third_Party/FreeRTOS/Source/queue.c ****                     if( xTaskRemoveFromEventList( &( pxQueue->xTasksWaitingToSend ) ) != pdFALSE )
1720:Middlewares/Third_Party/FreeRTOS/Source/queue.c ****                     {
1721:Middlewares/Third_Party/FreeRTOS/Source/queue.c ****                         queueYIELD_IF_USING_PREEMPTION();
1722:Middlewares/Third_Party/FreeRTOS/Source/queue.c ****                     }
1723:Middlewares/Third_Party/FreeRTOS/Source/queue.c ****                     else
1724:Middlewares/Third_Party/FreeRTOS/Source/queue.c ****                     {
1725:Middlewares/Third_Party/FreeRTOS/Source/queue.c ****                         mtCOVERAGE_TEST_MARKER();
1726:Middlewares/Third_Party/FreeRTOS/Source/queue.c ****                     }
1727:Middlewares/Third_Party/FreeRTOS/Source/queue.c ****                 }
1728:Middlewares/Third_Party/FreeRTOS/Source/queue.c ****                 else
1729:Middlewares/Third_Party/FreeRTOS/Source/queue.c ****                 {
1730:Middlewares/Third_Party/FreeRTOS/Source/queue.c ****                     mtCOVERAGE_TEST_MARKER();
1731:Middlewares/Third_Party/FreeRTOS/Source/queue.c ****                 }
1732:Middlewares/Third_Party/FreeRTOS/Source/queue.c **** 
1733:Middlewares/Third_Party/FreeRTOS/Source/queue.c ****                 taskEXIT_CRITICAL();
1734:Middlewares/Third_Party/FreeRTOS/Source/queue.c **** 
1735:Middlewares/Third_Party/FreeRTOS/Source/queue.c ****                 traceRETURN_xQueueSemaphoreTake( pdPASS );
1736:Middlewares/Third_Party/FreeRTOS/Source/queue.c **** 
1737:Middlewares/Third_Party/FreeRTOS/Source/queue.c ****                 return pdPASS;
1738:Middlewares/Third_Party/FreeRTOS/Source/queue.c ****             }
1739:Middlewares/Third_Party/FreeRTOS/Source/queue.c ****             else
ARM GAS  /tmp/ccmofomj.s 			page 32


1740:Middlewares/Third_Party/FreeRTOS/Source/queue.c ****             {
1741:Middlewares/Third_Party/FreeRTOS/Source/queue.c ****                 if( xTicksToWait == ( TickType_t ) 0 )
1742:Middlewares/Third_Party/FreeRTOS/Source/queue.c ****                 {
1743:Middlewares/Third_Party/FreeRTOS/Source/queue.c ****                     /* The semaphore count was 0 and no block time is specified
1744:Middlewares/Third_Party/FreeRTOS/Source/queue.c ****                      * (or the block time has expired) so exit now. */
1745:Middlewares/Third_Party/FreeRTOS/Source/queue.c ****                     taskEXIT_CRITICAL();
1746:Middlewares/Third_Party/FreeRTOS/Source/queue.c **** 
1747:Middlewares/Third_Party/FreeRTOS/Source/queue.c ****                     traceQUEUE_RECEIVE_FAILED( pxQueue );
1748:Middlewares/Third_Party/FreeRTOS/Source/queue.c ****                     traceRETURN_xQueueSemaphoreTake( errQUEUE_EMPTY );
1749:Middlewares/Third_Party/FreeRTOS/Source/queue.c **** 
1750:Middlewares/Third_Party/FreeRTOS/Source/queue.c ****                     return errQUEUE_EMPTY;
1751:Middlewares/Third_Party/FreeRTOS/Source/queue.c ****                 }
1752:Middlewares/Third_Party/FreeRTOS/Source/queue.c ****                 else if( xEntryTimeSet == pdFALSE )
1753:Middlewares/Third_Party/FreeRTOS/Source/queue.c ****                 {
1754:Middlewares/Third_Party/FreeRTOS/Source/queue.c ****                     /* The semaphore count was 0 and a block time was specified
1755:Middlewares/Third_Party/FreeRTOS/Source/queue.c ****                      * so configure the timeout structure ready to block. */
1756:Middlewares/Third_Party/FreeRTOS/Source/queue.c ****                     vTaskInternalSetTimeOutState( &xTimeOut );
1757:Middlewares/Third_Party/FreeRTOS/Source/queue.c ****                     xEntryTimeSet = pdTRUE;
1758:Middlewares/Third_Party/FreeRTOS/Source/queue.c ****                 }
1759:Middlewares/Third_Party/FreeRTOS/Source/queue.c ****                 else
1760:Middlewares/Third_Party/FreeRTOS/Source/queue.c ****                 {
1761:Middlewares/Third_Party/FreeRTOS/Source/queue.c ****                     /* Entry time was already set. */
1762:Middlewares/Third_Party/FreeRTOS/Source/queue.c ****                     mtCOVERAGE_TEST_MARKER();
1763:Middlewares/Third_Party/FreeRTOS/Source/queue.c ****                 }
1764:Middlewares/Third_Party/FreeRTOS/Source/queue.c ****             }
1765:Middlewares/Third_Party/FreeRTOS/Source/queue.c ****         }
1766:Middlewares/Third_Party/FreeRTOS/Source/queue.c ****         taskEXIT_CRITICAL();
1767:Middlewares/Third_Party/FreeRTOS/Source/queue.c **** 
1768:Middlewares/Third_Party/FreeRTOS/Source/queue.c ****         /* Interrupts and other tasks can give to and take from the semaphore
1769:Middlewares/Third_Party/FreeRTOS/Source/queue.c ****          * now the critical section has been exited. */
1770:Middlewares/Third_Party/FreeRTOS/Source/queue.c **** 
1771:Middlewares/Third_Party/FreeRTOS/Source/queue.c ****         vTaskSuspendAll();
1772:Middlewares/Third_Party/FreeRTOS/Source/queue.c ****         prvLockQueue( pxQueue );
1773:Middlewares/Third_Party/FreeRTOS/Source/queue.c **** 
1774:Middlewares/Third_Party/FreeRTOS/Source/queue.c ****         /* Update the timeout state to see if it has expired yet. */
1775:Middlewares/Third_Party/FreeRTOS/Source/queue.c ****         if( xTaskCheckForTimeOut( &xTimeOut, &xTicksToWait ) == pdFALSE )
1776:Middlewares/Third_Party/FreeRTOS/Source/queue.c ****         {
1777:Middlewares/Third_Party/FreeRTOS/Source/queue.c ****             /* A block time is specified and not expired.  If the semaphore
1778:Middlewares/Third_Party/FreeRTOS/Source/queue.c ****              * count is 0 then enter the Blocked state to wait for a semaphore to
1779:Middlewares/Third_Party/FreeRTOS/Source/queue.c ****              * become available.  As semaphores are implemented with queues the
1780:Middlewares/Third_Party/FreeRTOS/Source/queue.c ****              * queue being empty is equivalent to the semaphore count being 0. */
1781:Middlewares/Third_Party/FreeRTOS/Source/queue.c ****             if( prvIsQueueEmpty( pxQueue ) != pdFALSE )
1782:Middlewares/Third_Party/FreeRTOS/Source/queue.c ****             {
1783:Middlewares/Third_Party/FreeRTOS/Source/queue.c ****                 traceBLOCKING_ON_QUEUE_RECEIVE( pxQueue );
1784:Middlewares/Third_Party/FreeRTOS/Source/queue.c **** 
1785:Middlewares/Third_Party/FreeRTOS/Source/queue.c ****                 #if ( configUSE_MUTEXES == 1 )
1786:Middlewares/Third_Party/FreeRTOS/Source/queue.c ****                 {
1787:Middlewares/Third_Party/FreeRTOS/Source/queue.c ****                     if( pxQueue->uxQueueType == queueQUEUE_IS_MUTEX )
1788:Middlewares/Third_Party/FreeRTOS/Source/queue.c ****                     {
1789:Middlewares/Third_Party/FreeRTOS/Source/queue.c ****                         taskENTER_CRITICAL();
1790:Middlewares/Third_Party/FreeRTOS/Source/queue.c ****                         {
1791:Middlewares/Third_Party/FreeRTOS/Source/queue.c ****                             xInheritanceOccurred = xTaskPriorityInherit( pxQueue->u.xSemaphore.xMut
1792:Middlewares/Third_Party/FreeRTOS/Source/queue.c ****                         }
1793:Middlewares/Third_Party/FreeRTOS/Source/queue.c ****                         taskEXIT_CRITICAL();
1794:Middlewares/Third_Party/FreeRTOS/Source/queue.c ****                     }
1795:Middlewares/Third_Party/FreeRTOS/Source/queue.c ****                     else
1796:Middlewares/Third_Party/FreeRTOS/Source/queue.c ****                     {
ARM GAS  /tmp/ccmofomj.s 			page 33


1797:Middlewares/Third_Party/FreeRTOS/Source/queue.c ****                         mtCOVERAGE_TEST_MARKER();
1798:Middlewares/Third_Party/FreeRTOS/Source/queue.c ****                     }
1799:Middlewares/Third_Party/FreeRTOS/Source/queue.c ****                 }
1800:Middlewares/Third_Party/FreeRTOS/Source/queue.c ****                 #endif /* if ( configUSE_MUTEXES == 1 ) */
1801:Middlewares/Third_Party/FreeRTOS/Source/queue.c **** 
1802:Middlewares/Third_Party/FreeRTOS/Source/queue.c ****                 vTaskPlaceOnEventList( &( pxQueue->xTasksWaitingToReceive ), xTicksToWait );
1803:Middlewares/Third_Party/FreeRTOS/Source/queue.c ****                 prvUnlockQueue( pxQueue );
1804:Middlewares/Third_Party/FreeRTOS/Source/queue.c **** 
1805:Middlewares/Third_Party/FreeRTOS/Source/queue.c ****                 if( xTaskResumeAll() == pdFALSE )
1806:Middlewares/Third_Party/FreeRTOS/Source/queue.c ****                 {
1807:Middlewares/Third_Party/FreeRTOS/Source/queue.c ****                     taskYIELD_WITHIN_API();
1808:Middlewares/Third_Party/FreeRTOS/Source/queue.c ****                 }
1809:Middlewares/Third_Party/FreeRTOS/Source/queue.c ****                 else
1810:Middlewares/Third_Party/FreeRTOS/Source/queue.c ****                 {
1811:Middlewares/Third_Party/FreeRTOS/Source/queue.c ****                     mtCOVERAGE_TEST_MARKER();
1812:Middlewares/Third_Party/FreeRTOS/Source/queue.c ****                 }
1813:Middlewares/Third_Party/FreeRTOS/Source/queue.c ****             }
1814:Middlewares/Third_Party/FreeRTOS/Source/queue.c ****             else
1815:Middlewares/Third_Party/FreeRTOS/Source/queue.c ****             {
1816:Middlewares/Third_Party/FreeRTOS/Source/queue.c ****                 /* There was no timeout and the semaphore count was not 0, so
1817:Middlewares/Third_Party/FreeRTOS/Source/queue.c ****                  * attempt to take the semaphore again. */
1818:Middlewares/Third_Party/FreeRTOS/Source/queue.c ****                 prvUnlockQueue( pxQueue );
1819:Middlewares/Third_Party/FreeRTOS/Source/queue.c ****                 ( void ) xTaskResumeAll();
1820:Middlewares/Third_Party/FreeRTOS/Source/queue.c ****             }
1821:Middlewares/Third_Party/FreeRTOS/Source/queue.c ****         }
1822:Middlewares/Third_Party/FreeRTOS/Source/queue.c ****         else
1823:Middlewares/Third_Party/FreeRTOS/Source/queue.c ****         {
1824:Middlewares/Third_Party/FreeRTOS/Source/queue.c ****             /* Timed out. */
1825:Middlewares/Third_Party/FreeRTOS/Source/queue.c ****             prvUnlockQueue( pxQueue );
1826:Middlewares/Third_Party/FreeRTOS/Source/queue.c ****             ( void ) xTaskResumeAll();
1827:Middlewares/Third_Party/FreeRTOS/Source/queue.c **** 
1828:Middlewares/Third_Party/FreeRTOS/Source/queue.c ****             /* If the semaphore count is 0 exit now as the timeout has
1829:Middlewares/Third_Party/FreeRTOS/Source/queue.c ****              * expired.  Otherwise return to attempt to take the semaphore that is
1830:Middlewares/Third_Party/FreeRTOS/Source/queue.c ****              * known to be available.  As semaphores are implemented by queues the
1831:Middlewares/Third_Party/FreeRTOS/Source/queue.c ****              * queue being empty is equivalent to the semaphore count being 0. */
1832:Middlewares/Third_Party/FreeRTOS/Source/queue.c ****             if( prvIsQueueEmpty( pxQueue ) != pdFALSE )
1833:Middlewares/Third_Party/FreeRTOS/Source/queue.c ****             {
1834:Middlewares/Third_Party/FreeRTOS/Source/queue.c ****                 #if ( configUSE_MUTEXES == 1 )
1835:Middlewares/Third_Party/FreeRTOS/Source/queue.c ****                 {
1836:Middlewares/Third_Party/FreeRTOS/Source/queue.c ****                     /* xInheritanceOccurred could only have be set if
1837:Middlewares/Third_Party/FreeRTOS/Source/queue.c ****                      * pxQueue->uxQueueType == queueQUEUE_IS_MUTEX so no need to
1838:Middlewares/Third_Party/FreeRTOS/Source/queue.c ****                      * test the mutex type again to check it is actually a mutex. */
1839:Middlewares/Third_Party/FreeRTOS/Source/queue.c ****                     if( xInheritanceOccurred != pdFALSE )
1840:Middlewares/Third_Party/FreeRTOS/Source/queue.c ****                     {
1841:Middlewares/Third_Party/FreeRTOS/Source/queue.c ****                         taskENTER_CRITICAL();
1842:Middlewares/Third_Party/FreeRTOS/Source/queue.c ****                         {
1843:Middlewares/Third_Party/FreeRTOS/Source/queue.c ****                             UBaseType_t uxHighestWaitingPriority;
1844:Middlewares/Third_Party/FreeRTOS/Source/queue.c **** 
1845:Middlewares/Third_Party/FreeRTOS/Source/queue.c ****                             /* This task blocking on the mutex caused another
1846:Middlewares/Third_Party/FreeRTOS/Source/queue.c ****                              * task to inherit this task's priority.  Now this task
1847:Middlewares/Third_Party/FreeRTOS/Source/queue.c ****                              * has timed out the priority should be disinherited
1848:Middlewares/Third_Party/FreeRTOS/Source/queue.c ****                              * again, but only as low as the next highest priority
1849:Middlewares/Third_Party/FreeRTOS/Source/queue.c ****                              * task that is waiting for the same mutex. */
1850:Middlewares/Third_Party/FreeRTOS/Source/queue.c ****                             uxHighestWaitingPriority = prvGetHighestPriorityOfWaitToReceiveList( px
1851:Middlewares/Third_Party/FreeRTOS/Source/queue.c **** 
1852:Middlewares/Third_Party/FreeRTOS/Source/queue.c ****                             /* vTaskPriorityDisinheritAfterTimeout uses the uxHighestWaitingPriorit
1853:Middlewares/Third_Party/FreeRTOS/Source/queue.c ****                              * parameter to index pxReadyTasksLists when adding the task holding
ARM GAS  /tmp/ccmofomj.s 			page 34


1854:Middlewares/Third_Party/FreeRTOS/Source/queue.c ****                              * mutex to the ready list for its new priority. Coverity thinks that
1855:Middlewares/Third_Party/FreeRTOS/Source/queue.c ****                              * it can result in out-of-bounds access which is not true because
1856:Middlewares/Third_Party/FreeRTOS/Source/queue.c ****                              * uxHighestWaitingPriority, as returned by prvGetHighestPriorityOfWait
1857:Middlewares/Third_Party/FreeRTOS/Source/queue.c ****                              * is capped at ( configMAX_PRIORITIES - 1 ). */
1858:Middlewares/Third_Party/FreeRTOS/Source/queue.c ****                             /* coverity[overrun] */
1859:Middlewares/Third_Party/FreeRTOS/Source/queue.c ****                             vTaskPriorityDisinheritAfterTimeout( pxQueue->u.xSemaphore.xMutexHolder
1860:Middlewares/Third_Party/FreeRTOS/Source/queue.c ****                         }
1861:Middlewares/Third_Party/FreeRTOS/Source/queue.c ****                         taskEXIT_CRITICAL();
1862:Middlewares/Third_Party/FreeRTOS/Source/queue.c ****                     }
1863:Middlewares/Third_Party/FreeRTOS/Source/queue.c ****                 }
1864:Middlewares/Third_Party/FreeRTOS/Source/queue.c ****                 #endif /* configUSE_MUTEXES */
1865:Middlewares/Third_Party/FreeRTOS/Source/queue.c **** 
1866:Middlewares/Third_Party/FreeRTOS/Source/queue.c ****                 traceQUEUE_RECEIVE_FAILED( pxQueue );
1867:Middlewares/Third_Party/FreeRTOS/Source/queue.c ****                 traceRETURN_xQueueSemaphoreTake( errQUEUE_EMPTY );
1868:Middlewares/Third_Party/FreeRTOS/Source/queue.c **** 
1869:Middlewares/Third_Party/FreeRTOS/Source/queue.c ****                 return errQUEUE_EMPTY;
1870:Middlewares/Third_Party/FreeRTOS/Source/queue.c ****             }
1871:Middlewares/Third_Party/FreeRTOS/Source/queue.c ****             else
1872:Middlewares/Third_Party/FreeRTOS/Source/queue.c ****             {
1873:Middlewares/Third_Party/FreeRTOS/Source/queue.c ****                 mtCOVERAGE_TEST_MARKER();
1874:Middlewares/Third_Party/FreeRTOS/Source/queue.c ****             }
1875:Middlewares/Third_Party/FreeRTOS/Source/queue.c ****         }
1876:Middlewares/Third_Party/FreeRTOS/Source/queue.c ****     }
1877:Middlewares/Third_Party/FreeRTOS/Source/queue.c **** }
1878:Middlewares/Third_Party/FreeRTOS/Source/queue.c **** /*-----------------------------------------------------------*/
1879:Middlewares/Third_Party/FreeRTOS/Source/queue.c **** 
1880:Middlewares/Third_Party/FreeRTOS/Source/queue.c **** BaseType_t xQueuePeek( QueueHandle_t xQueue,
1881:Middlewares/Third_Party/FreeRTOS/Source/queue.c ****                        void * const pvBuffer,
1882:Middlewares/Third_Party/FreeRTOS/Source/queue.c ****                        TickType_t xTicksToWait )
1883:Middlewares/Third_Party/FreeRTOS/Source/queue.c **** {
1884:Middlewares/Third_Party/FreeRTOS/Source/queue.c ****     BaseType_t xEntryTimeSet = pdFALSE;
1885:Middlewares/Third_Party/FreeRTOS/Source/queue.c ****     TimeOut_t xTimeOut;
1886:Middlewares/Third_Party/FreeRTOS/Source/queue.c ****     int8_t * pcOriginalReadPosition;
1887:Middlewares/Third_Party/FreeRTOS/Source/queue.c ****     Queue_t * const pxQueue = xQueue;
1888:Middlewares/Third_Party/FreeRTOS/Source/queue.c **** 
1889:Middlewares/Third_Party/FreeRTOS/Source/queue.c ****     traceENTER_xQueuePeek( xQueue, pvBuffer, xTicksToWait );
1890:Middlewares/Third_Party/FreeRTOS/Source/queue.c **** 
1891:Middlewares/Third_Party/FreeRTOS/Source/queue.c ****     /* Check the pointer is not NULL. */
1892:Middlewares/Third_Party/FreeRTOS/Source/queue.c ****     configASSERT( ( pxQueue ) );
1893:Middlewares/Third_Party/FreeRTOS/Source/queue.c **** 
1894:Middlewares/Third_Party/FreeRTOS/Source/queue.c ****     /* The buffer into which data is received can only be NULL if the data size
1895:Middlewares/Third_Party/FreeRTOS/Source/queue.c ****      * is zero (so no data is copied into the buffer. */
1896:Middlewares/Third_Party/FreeRTOS/Source/queue.c ****     configASSERT( !( ( ( pvBuffer ) == NULL ) && ( ( pxQueue )->uxItemSize != ( UBaseType_t ) 0U ) 
1897:Middlewares/Third_Party/FreeRTOS/Source/queue.c **** 
1898:Middlewares/Third_Party/FreeRTOS/Source/queue.c ****     /* Cannot block if the scheduler is suspended. */
1899:Middlewares/Third_Party/FreeRTOS/Source/queue.c ****     #if ( ( INCLUDE_xTaskGetSchedulerState == 1 ) || ( configUSE_TIMERS == 1 ) )
1900:Middlewares/Third_Party/FreeRTOS/Source/queue.c ****     {
1901:Middlewares/Third_Party/FreeRTOS/Source/queue.c ****         configASSERT( !( ( xTaskGetSchedulerState() == taskSCHEDULER_SUSPENDED ) && ( xTicksToWait 
1902:Middlewares/Third_Party/FreeRTOS/Source/queue.c ****     }
1903:Middlewares/Third_Party/FreeRTOS/Source/queue.c ****     #endif
1904:Middlewares/Third_Party/FreeRTOS/Source/queue.c **** 
1905:Middlewares/Third_Party/FreeRTOS/Source/queue.c ****     for( ; ; )
1906:Middlewares/Third_Party/FreeRTOS/Source/queue.c ****     {
1907:Middlewares/Third_Party/FreeRTOS/Source/queue.c ****         taskENTER_CRITICAL();
1908:Middlewares/Third_Party/FreeRTOS/Source/queue.c ****         {
1909:Middlewares/Third_Party/FreeRTOS/Source/queue.c ****             const UBaseType_t uxMessagesWaiting = pxQueue->uxMessagesWaiting;
1910:Middlewares/Third_Party/FreeRTOS/Source/queue.c **** 
ARM GAS  /tmp/ccmofomj.s 			page 35


1911:Middlewares/Third_Party/FreeRTOS/Source/queue.c ****             /* Is there data in the queue now?  To be running the calling task
1912:Middlewares/Third_Party/FreeRTOS/Source/queue.c ****              * must be the highest priority task wanting to access the queue. */
1913:Middlewares/Third_Party/FreeRTOS/Source/queue.c ****             if( uxMessagesWaiting > ( UBaseType_t ) 0 )
1914:Middlewares/Third_Party/FreeRTOS/Source/queue.c ****             {
1915:Middlewares/Third_Party/FreeRTOS/Source/queue.c ****                 /* Remember the read position so it can be reset after the data
1916:Middlewares/Third_Party/FreeRTOS/Source/queue.c ****                  * is read from the queue as this function is only peeking the
1917:Middlewares/Third_Party/FreeRTOS/Source/queue.c ****                  * data, not removing it. */
1918:Middlewares/Third_Party/FreeRTOS/Source/queue.c ****                 pcOriginalReadPosition = pxQueue->u.xQueue.pcReadFrom;
1919:Middlewares/Third_Party/FreeRTOS/Source/queue.c **** 
1920:Middlewares/Third_Party/FreeRTOS/Source/queue.c ****                 prvCopyDataFromQueue( pxQueue, pvBuffer );
1921:Middlewares/Third_Party/FreeRTOS/Source/queue.c ****                 traceQUEUE_PEEK( pxQueue );
1922:Middlewares/Third_Party/FreeRTOS/Source/queue.c **** 
1923:Middlewares/Third_Party/FreeRTOS/Source/queue.c ****                 /* The data is not being removed, so reset the read pointer. */
1924:Middlewares/Third_Party/FreeRTOS/Source/queue.c ****                 pxQueue->u.xQueue.pcReadFrom = pcOriginalReadPosition;
1925:Middlewares/Third_Party/FreeRTOS/Source/queue.c **** 
1926:Middlewares/Third_Party/FreeRTOS/Source/queue.c ****                 /* The data is being left in the queue, so see if there are
1927:Middlewares/Third_Party/FreeRTOS/Source/queue.c ****                  * any other tasks waiting for the data. */
1928:Middlewares/Third_Party/FreeRTOS/Source/queue.c ****                 if( listLIST_IS_EMPTY( &( pxQueue->xTasksWaitingToReceive ) ) == pdFALSE )
1929:Middlewares/Third_Party/FreeRTOS/Source/queue.c ****                 {
1930:Middlewares/Third_Party/FreeRTOS/Source/queue.c ****                     if( xTaskRemoveFromEventList( &( pxQueue->xTasksWaitingToReceive ) ) != pdFALSE
1931:Middlewares/Third_Party/FreeRTOS/Source/queue.c ****                     {
1932:Middlewares/Third_Party/FreeRTOS/Source/queue.c ****                         /* The task waiting has a higher priority than this task. */
1933:Middlewares/Third_Party/FreeRTOS/Source/queue.c ****                         queueYIELD_IF_USING_PREEMPTION();
1934:Middlewares/Third_Party/FreeRTOS/Source/queue.c ****                     }
1935:Middlewares/Third_Party/FreeRTOS/Source/queue.c ****                     else
1936:Middlewares/Third_Party/FreeRTOS/Source/queue.c ****                     {
1937:Middlewares/Third_Party/FreeRTOS/Source/queue.c ****                         mtCOVERAGE_TEST_MARKER();
1938:Middlewares/Third_Party/FreeRTOS/Source/queue.c ****                     }
1939:Middlewares/Third_Party/FreeRTOS/Source/queue.c ****                 }
1940:Middlewares/Third_Party/FreeRTOS/Source/queue.c ****                 else
1941:Middlewares/Third_Party/FreeRTOS/Source/queue.c ****                 {
1942:Middlewares/Third_Party/FreeRTOS/Source/queue.c ****                     mtCOVERAGE_TEST_MARKER();
1943:Middlewares/Third_Party/FreeRTOS/Source/queue.c ****                 }
1944:Middlewares/Third_Party/FreeRTOS/Source/queue.c **** 
1945:Middlewares/Third_Party/FreeRTOS/Source/queue.c ****                 taskEXIT_CRITICAL();
1946:Middlewares/Third_Party/FreeRTOS/Source/queue.c **** 
1947:Middlewares/Third_Party/FreeRTOS/Source/queue.c ****                 traceRETURN_xQueuePeek( pdPASS );
1948:Middlewares/Third_Party/FreeRTOS/Source/queue.c **** 
1949:Middlewares/Third_Party/FreeRTOS/Source/queue.c ****                 return pdPASS;
1950:Middlewares/Third_Party/FreeRTOS/Source/queue.c ****             }
1951:Middlewares/Third_Party/FreeRTOS/Source/queue.c ****             else
1952:Middlewares/Third_Party/FreeRTOS/Source/queue.c ****             {
1953:Middlewares/Third_Party/FreeRTOS/Source/queue.c ****                 if( xTicksToWait == ( TickType_t ) 0 )
1954:Middlewares/Third_Party/FreeRTOS/Source/queue.c ****                 {
1955:Middlewares/Third_Party/FreeRTOS/Source/queue.c ****                     /* The queue was empty and no block time is specified (or
1956:Middlewares/Third_Party/FreeRTOS/Source/queue.c ****                      * the block time has expired) so leave now. */
1957:Middlewares/Third_Party/FreeRTOS/Source/queue.c ****                     taskEXIT_CRITICAL();
1958:Middlewares/Third_Party/FreeRTOS/Source/queue.c **** 
1959:Middlewares/Third_Party/FreeRTOS/Source/queue.c ****                     traceQUEUE_PEEK_FAILED( pxQueue );
1960:Middlewares/Third_Party/FreeRTOS/Source/queue.c ****                     traceRETURN_xQueuePeek( errQUEUE_EMPTY );
1961:Middlewares/Third_Party/FreeRTOS/Source/queue.c **** 
1962:Middlewares/Third_Party/FreeRTOS/Source/queue.c ****                     return errQUEUE_EMPTY;
1963:Middlewares/Third_Party/FreeRTOS/Source/queue.c ****                 }
1964:Middlewares/Third_Party/FreeRTOS/Source/queue.c ****                 else if( xEntryTimeSet == pdFALSE )
1965:Middlewares/Third_Party/FreeRTOS/Source/queue.c ****                 {
1966:Middlewares/Third_Party/FreeRTOS/Source/queue.c ****                     /* The queue was empty and a block time was specified so
1967:Middlewares/Third_Party/FreeRTOS/Source/queue.c ****                      * configure the timeout structure ready to enter the blocked
ARM GAS  /tmp/ccmofomj.s 			page 36


1968:Middlewares/Third_Party/FreeRTOS/Source/queue.c ****                      * state. */
1969:Middlewares/Third_Party/FreeRTOS/Source/queue.c ****                     vTaskInternalSetTimeOutState( &xTimeOut );
1970:Middlewares/Third_Party/FreeRTOS/Source/queue.c ****                     xEntryTimeSet = pdTRUE;
1971:Middlewares/Third_Party/FreeRTOS/Source/queue.c ****                 }
1972:Middlewares/Third_Party/FreeRTOS/Source/queue.c ****                 else
1973:Middlewares/Third_Party/FreeRTOS/Source/queue.c ****                 {
1974:Middlewares/Third_Party/FreeRTOS/Source/queue.c ****                     /* Entry time was already set. */
1975:Middlewares/Third_Party/FreeRTOS/Source/queue.c ****                     mtCOVERAGE_TEST_MARKER();
1976:Middlewares/Third_Party/FreeRTOS/Source/queue.c ****                 }
1977:Middlewares/Third_Party/FreeRTOS/Source/queue.c ****             }
1978:Middlewares/Third_Party/FreeRTOS/Source/queue.c ****         }
1979:Middlewares/Third_Party/FreeRTOS/Source/queue.c ****         taskEXIT_CRITICAL();
1980:Middlewares/Third_Party/FreeRTOS/Source/queue.c **** 
1981:Middlewares/Third_Party/FreeRTOS/Source/queue.c ****         /* Interrupts and other tasks can send to and receive from the queue
1982:Middlewares/Third_Party/FreeRTOS/Source/queue.c ****          * now that the critical section has been exited. */
1983:Middlewares/Third_Party/FreeRTOS/Source/queue.c **** 
1984:Middlewares/Third_Party/FreeRTOS/Source/queue.c ****         vTaskSuspendAll();
1985:Middlewares/Third_Party/FreeRTOS/Source/queue.c ****         prvLockQueue( pxQueue );
1986:Middlewares/Third_Party/FreeRTOS/Source/queue.c **** 
1987:Middlewares/Third_Party/FreeRTOS/Source/queue.c ****         /* Update the timeout state to see if it has expired yet. */
1988:Middlewares/Third_Party/FreeRTOS/Source/queue.c ****         if( xTaskCheckForTimeOut( &xTimeOut, &xTicksToWait ) == pdFALSE )
1989:Middlewares/Third_Party/FreeRTOS/Source/queue.c ****         {
1990:Middlewares/Third_Party/FreeRTOS/Source/queue.c ****             /* Timeout has not expired yet, check to see if there is data in the
1991:Middlewares/Third_Party/FreeRTOS/Source/queue.c ****             * queue now, and if not enter the Blocked state to wait for data. */
1992:Middlewares/Third_Party/FreeRTOS/Source/queue.c ****             if( prvIsQueueEmpty( pxQueue ) != pdFALSE )
1993:Middlewares/Third_Party/FreeRTOS/Source/queue.c ****             {
1994:Middlewares/Third_Party/FreeRTOS/Source/queue.c ****                 traceBLOCKING_ON_QUEUE_PEEK( pxQueue );
1995:Middlewares/Third_Party/FreeRTOS/Source/queue.c ****                 vTaskPlaceOnEventList( &( pxQueue->xTasksWaitingToReceive ), xTicksToWait );
1996:Middlewares/Third_Party/FreeRTOS/Source/queue.c ****                 prvUnlockQueue( pxQueue );
1997:Middlewares/Third_Party/FreeRTOS/Source/queue.c **** 
1998:Middlewares/Third_Party/FreeRTOS/Source/queue.c ****                 if( xTaskResumeAll() == pdFALSE )
1999:Middlewares/Third_Party/FreeRTOS/Source/queue.c ****                 {
2000:Middlewares/Third_Party/FreeRTOS/Source/queue.c ****                     taskYIELD_WITHIN_API();
2001:Middlewares/Third_Party/FreeRTOS/Source/queue.c ****                 }
2002:Middlewares/Third_Party/FreeRTOS/Source/queue.c ****                 else
2003:Middlewares/Third_Party/FreeRTOS/Source/queue.c ****                 {
2004:Middlewares/Third_Party/FreeRTOS/Source/queue.c ****                     mtCOVERAGE_TEST_MARKER();
2005:Middlewares/Third_Party/FreeRTOS/Source/queue.c ****                 }
2006:Middlewares/Third_Party/FreeRTOS/Source/queue.c ****             }
2007:Middlewares/Third_Party/FreeRTOS/Source/queue.c ****             else
2008:Middlewares/Third_Party/FreeRTOS/Source/queue.c ****             {
2009:Middlewares/Third_Party/FreeRTOS/Source/queue.c ****                 /* There is data in the queue now, so don't enter the blocked
2010:Middlewares/Third_Party/FreeRTOS/Source/queue.c ****                  * state, instead return to try and obtain the data. */
2011:Middlewares/Third_Party/FreeRTOS/Source/queue.c ****                 prvUnlockQueue( pxQueue );
2012:Middlewares/Third_Party/FreeRTOS/Source/queue.c ****                 ( void ) xTaskResumeAll();
2013:Middlewares/Third_Party/FreeRTOS/Source/queue.c ****             }
2014:Middlewares/Third_Party/FreeRTOS/Source/queue.c ****         }
2015:Middlewares/Third_Party/FreeRTOS/Source/queue.c ****         else
2016:Middlewares/Third_Party/FreeRTOS/Source/queue.c ****         {
2017:Middlewares/Third_Party/FreeRTOS/Source/queue.c ****             /* The timeout has expired.  If there is still no data in the queue
2018:Middlewares/Third_Party/FreeRTOS/Source/queue.c ****              * exit, otherwise go back and try to read the data again. */
2019:Middlewares/Third_Party/FreeRTOS/Source/queue.c ****             prvUnlockQueue( pxQueue );
2020:Middlewares/Third_Party/FreeRTOS/Source/queue.c ****             ( void ) xTaskResumeAll();
2021:Middlewares/Third_Party/FreeRTOS/Source/queue.c **** 
2022:Middlewares/Third_Party/FreeRTOS/Source/queue.c ****             if( prvIsQueueEmpty( pxQueue ) != pdFALSE )
2023:Middlewares/Third_Party/FreeRTOS/Source/queue.c ****             {
2024:Middlewares/Third_Party/FreeRTOS/Source/queue.c ****                 traceQUEUE_PEEK_FAILED( pxQueue );
ARM GAS  /tmp/ccmofomj.s 			page 37


2025:Middlewares/Third_Party/FreeRTOS/Source/queue.c ****                 traceRETURN_xQueuePeek( errQUEUE_EMPTY );
2026:Middlewares/Third_Party/FreeRTOS/Source/queue.c **** 
2027:Middlewares/Third_Party/FreeRTOS/Source/queue.c ****                 return errQUEUE_EMPTY;
2028:Middlewares/Third_Party/FreeRTOS/Source/queue.c ****             }
2029:Middlewares/Third_Party/FreeRTOS/Source/queue.c ****             else
2030:Middlewares/Third_Party/FreeRTOS/Source/queue.c ****             {
2031:Middlewares/Third_Party/FreeRTOS/Source/queue.c ****                 mtCOVERAGE_TEST_MARKER();
2032:Middlewares/Third_Party/FreeRTOS/Source/queue.c ****             }
2033:Middlewares/Third_Party/FreeRTOS/Source/queue.c ****         }
2034:Middlewares/Third_Party/FreeRTOS/Source/queue.c ****     }
2035:Middlewares/Third_Party/FreeRTOS/Source/queue.c **** }
2036:Middlewares/Third_Party/FreeRTOS/Source/queue.c **** /*-----------------------------------------------------------*/
2037:Middlewares/Third_Party/FreeRTOS/Source/queue.c **** 
2038:Middlewares/Third_Party/FreeRTOS/Source/queue.c **** BaseType_t xQueueReceiveFromISR( QueueHandle_t xQueue,
2039:Middlewares/Third_Party/FreeRTOS/Source/queue.c ****                                  void * const pvBuffer,
2040:Middlewares/Third_Party/FreeRTOS/Source/queue.c ****                                  BaseType_t * const pxHigherPriorityTaskWoken )
2041:Middlewares/Third_Party/FreeRTOS/Source/queue.c **** {
2042:Middlewares/Third_Party/FreeRTOS/Source/queue.c ****     BaseType_t xReturn;
2043:Middlewares/Third_Party/FreeRTOS/Source/queue.c ****     UBaseType_t uxSavedInterruptStatus;
2044:Middlewares/Third_Party/FreeRTOS/Source/queue.c ****     Queue_t * const pxQueue = xQueue;
2045:Middlewares/Third_Party/FreeRTOS/Source/queue.c **** 
2046:Middlewares/Third_Party/FreeRTOS/Source/queue.c ****     traceENTER_xQueueReceiveFromISR( xQueue, pvBuffer, pxHigherPriorityTaskWoken );
2047:Middlewares/Third_Party/FreeRTOS/Source/queue.c **** 
2048:Middlewares/Third_Party/FreeRTOS/Source/queue.c ****     configASSERT( pxQueue );
2049:Middlewares/Third_Party/FreeRTOS/Source/queue.c ****     configASSERT( !( ( pvBuffer == NULL ) && ( pxQueue->uxItemSize != ( UBaseType_t ) 0U ) ) );
2050:Middlewares/Third_Party/FreeRTOS/Source/queue.c **** 
2051:Middlewares/Third_Party/FreeRTOS/Source/queue.c ****     /* RTOS ports that support interrupt nesting have the concept of a maximum
2052:Middlewares/Third_Party/FreeRTOS/Source/queue.c ****      * system call (or maximum API call) interrupt priority.  Interrupts that are
2053:Middlewares/Third_Party/FreeRTOS/Source/queue.c ****      * above the maximum system call priority are kept permanently enabled, even
2054:Middlewares/Third_Party/FreeRTOS/Source/queue.c ****      * when the RTOS kernel is in a critical section, but cannot make any calls to
2055:Middlewares/Third_Party/FreeRTOS/Source/queue.c ****      * FreeRTOS API functions.  If configASSERT() is defined in FreeRTOSConfig.h
2056:Middlewares/Third_Party/FreeRTOS/Source/queue.c ****      * then portASSERT_IF_INTERRUPT_PRIORITY_INVALID() will result in an assertion
2057:Middlewares/Third_Party/FreeRTOS/Source/queue.c ****      * failure if a FreeRTOS API function is called from an interrupt that has been
2058:Middlewares/Third_Party/FreeRTOS/Source/queue.c ****      * assigned a priority above the configured maximum system call priority.
2059:Middlewares/Third_Party/FreeRTOS/Source/queue.c ****      * Only FreeRTOS functions that end in FromISR can be called from interrupts
2060:Middlewares/Third_Party/FreeRTOS/Source/queue.c ****      * that have been assigned a priority at or (logically) below the maximum
2061:Middlewares/Third_Party/FreeRTOS/Source/queue.c ****      * system call interrupt priority.  FreeRTOS maintains a separate interrupt
2062:Middlewares/Third_Party/FreeRTOS/Source/queue.c ****      * safe API to ensure interrupt entry is as fast and as simple as possible.
2063:Middlewares/Third_Party/FreeRTOS/Source/queue.c ****      * More information (albeit Cortex-M specific) is provided on the following
2064:Middlewares/Third_Party/FreeRTOS/Source/queue.c ****      * link: https://www.FreeRTOS.org/RTOS-Cortex-M3-M4.html */
2065:Middlewares/Third_Party/FreeRTOS/Source/queue.c ****     portASSERT_IF_INTERRUPT_PRIORITY_INVALID();
2066:Middlewares/Third_Party/FreeRTOS/Source/queue.c **** 
2067:Middlewares/Third_Party/FreeRTOS/Source/queue.c ****     /* MISRA Ref 4.7.1 [Return value shall be checked] */
2068:Middlewares/Third_Party/FreeRTOS/Source/queue.c ****     /* More details at: https://github.com/FreeRTOS/FreeRTOS-Kernel/blob/main/MISRA.md#dir-47 */
2069:Middlewares/Third_Party/FreeRTOS/Source/queue.c ****     /* coverity[misra_c_2012_directive_4_7_violation] */
2070:Middlewares/Third_Party/FreeRTOS/Source/queue.c ****     uxSavedInterruptStatus = ( UBaseType_t ) taskENTER_CRITICAL_FROM_ISR();
2071:Middlewares/Third_Party/FreeRTOS/Source/queue.c ****     {
2072:Middlewares/Third_Party/FreeRTOS/Source/queue.c ****         const UBaseType_t uxMessagesWaiting = pxQueue->uxMessagesWaiting;
2073:Middlewares/Third_Party/FreeRTOS/Source/queue.c **** 
2074:Middlewares/Third_Party/FreeRTOS/Source/queue.c ****         /* Cannot block in an ISR, so check there is data available. */
2075:Middlewares/Third_Party/FreeRTOS/Source/queue.c ****         if( uxMessagesWaiting > ( UBaseType_t ) 0 )
2076:Middlewares/Third_Party/FreeRTOS/Source/queue.c ****         {
2077:Middlewares/Third_Party/FreeRTOS/Source/queue.c ****             const int8_t cRxLock = pxQueue->cRxLock;
2078:Middlewares/Third_Party/FreeRTOS/Source/queue.c **** 
2079:Middlewares/Third_Party/FreeRTOS/Source/queue.c ****             traceQUEUE_RECEIVE_FROM_ISR( pxQueue );
2080:Middlewares/Third_Party/FreeRTOS/Source/queue.c **** 
2081:Middlewares/Third_Party/FreeRTOS/Source/queue.c ****             prvCopyDataFromQueue( pxQueue, pvBuffer );
ARM GAS  /tmp/ccmofomj.s 			page 38


2082:Middlewares/Third_Party/FreeRTOS/Source/queue.c ****             pxQueue->uxMessagesWaiting = ( UBaseType_t ) ( uxMessagesWaiting - ( UBaseType_t ) 1 );
2083:Middlewares/Third_Party/FreeRTOS/Source/queue.c **** 
2084:Middlewares/Third_Party/FreeRTOS/Source/queue.c ****             /* If the queue is locked the event list will not be modified.
2085:Middlewares/Third_Party/FreeRTOS/Source/queue.c ****              * Instead update the lock count so the task that unlocks the queue
2086:Middlewares/Third_Party/FreeRTOS/Source/queue.c ****              * will know that an ISR has removed data while the queue was
2087:Middlewares/Third_Party/FreeRTOS/Source/queue.c ****              * locked. */
2088:Middlewares/Third_Party/FreeRTOS/Source/queue.c ****             if( cRxLock == queueUNLOCKED )
2089:Middlewares/Third_Party/FreeRTOS/Source/queue.c ****             {
2090:Middlewares/Third_Party/FreeRTOS/Source/queue.c ****                 if( listLIST_IS_EMPTY( &( pxQueue->xTasksWaitingToSend ) ) == pdFALSE )
2091:Middlewares/Third_Party/FreeRTOS/Source/queue.c ****                 {
2092:Middlewares/Third_Party/FreeRTOS/Source/queue.c ****                     if( xTaskRemoveFromEventList( &( pxQueue->xTasksWaitingToSend ) ) != pdFALSE )
2093:Middlewares/Third_Party/FreeRTOS/Source/queue.c ****                     {
2094:Middlewares/Third_Party/FreeRTOS/Source/queue.c ****                         /* The task waiting has a higher priority than us so
2095:Middlewares/Third_Party/FreeRTOS/Source/queue.c ****                          * force a context switch. */
2096:Middlewares/Third_Party/FreeRTOS/Source/queue.c ****                         if( pxHigherPriorityTaskWoken != NULL )
2097:Middlewares/Third_Party/FreeRTOS/Source/queue.c ****                         {
2098:Middlewares/Third_Party/FreeRTOS/Source/queue.c ****                             *pxHigherPriorityTaskWoken = pdTRUE;
2099:Middlewares/Third_Party/FreeRTOS/Source/queue.c ****                         }
2100:Middlewares/Third_Party/FreeRTOS/Source/queue.c ****                         else
2101:Middlewares/Third_Party/FreeRTOS/Source/queue.c ****                         {
2102:Middlewares/Third_Party/FreeRTOS/Source/queue.c ****                             mtCOVERAGE_TEST_MARKER();
2103:Middlewares/Third_Party/FreeRTOS/Source/queue.c ****                         }
2104:Middlewares/Third_Party/FreeRTOS/Source/queue.c ****                     }
2105:Middlewares/Third_Party/FreeRTOS/Source/queue.c ****                     else
2106:Middlewares/Third_Party/FreeRTOS/Source/queue.c ****                     {
2107:Middlewares/Third_Party/FreeRTOS/Source/queue.c ****                         mtCOVERAGE_TEST_MARKER();
2108:Middlewares/Third_Party/FreeRTOS/Source/queue.c ****                     }
2109:Middlewares/Third_Party/FreeRTOS/Source/queue.c ****                 }
2110:Middlewares/Third_Party/FreeRTOS/Source/queue.c ****                 else
2111:Middlewares/Third_Party/FreeRTOS/Source/queue.c ****                 {
2112:Middlewares/Third_Party/FreeRTOS/Source/queue.c ****                     mtCOVERAGE_TEST_MARKER();
2113:Middlewares/Third_Party/FreeRTOS/Source/queue.c ****                 }
2114:Middlewares/Third_Party/FreeRTOS/Source/queue.c ****             }
2115:Middlewares/Third_Party/FreeRTOS/Source/queue.c ****             else
2116:Middlewares/Third_Party/FreeRTOS/Source/queue.c ****             {
2117:Middlewares/Third_Party/FreeRTOS/Source/queue.c ****                 /* Increment the lock count so the task that unlocks the queue
2118:Middlewares/Third_Party/FreeRTOS/Source/queue.c ****                  * knows that data was removed while it was locked. */
2119:Middlewares/Third_Party/FreeRTOS/Source/queue.c ****                 prvIncrementQueueRxLock( pxQueue, cRxLock );
2120:Middlewares/Third_Party/FreeRTOS/Source/queue.c ****             }
2121:Middlewares/Third_Party/FreeRTOS/Source/queue.c **** 
2122:Middlewares/Third_Party/FreeRTOS/Source/queue.c ****             xReturn = pdPASS;
2123:Middlewares/Third_Party/FreeRTOS/Source/queue.c ****         }
2124:Middlewares/Third_Party/FreeRTOS/Source/queue.c ****         else
2125:Middlewares/Third_Party/FreeRTOS/Source/queue.c ****         {
2126:Middlewares/Third_Party/FreeRTOS/Source/queue.c ****             xReturn = pdFAIL;
2127:Middlewares/Third_Party/FreeRTOS/Source/queue.c ****             traceQUEUE_RECEIVE_FROM_ISR_FAILED( pxQueue );
2128:Middlewares/Third_Party/FreeRTOS/Source/queue.c ****         }
2129:Middlewares/Third_Party/FreeRTOS/Source/queue.c ****     }
2130:Middlewares/Third_Party/FreeRTOS/Source/queue.c ****     taskEXIT_CRITICAL_FROM_ISR( uxSavedInterruptStatus );
2131:Middlewares/Third_Party/FreeRTOS/Source/queue.c **** 
2132:Middlewares/Third_Party/FreeRTOS/Source/queue.c ****     traceRETURN_xQueueReceiveFromISR( xReturn );
2133:Middlewares/Third_Party/FreeRTOS/Source/queue.c **** 
2134:Middlewares/Third_Party/FreeRTOS/Source/queue.c ****     return xReturn;
2135:Middlewares/Third_Party/FreeRTOS/Source/queue.c **** }
2136:Middlewares/Third_Party/FreeRTOS/Source/queue.c **** /*-----------------------------------------------------------*/
2137:Middlewares/Third_Party/FreeRTOS/Source/queue.c **** 
2138:Middlewares/Third_Party/FreeRTOS/Source/queue.c **** BaseType_t xQueuePeekFromISR( QueueHandle_t xQueue,
ARM GAS  /tmp/ccmofomj.s 			page 39


2139:Middlewares/Third_Party/FreeRTOS/Source/queue.c ****                               void * const pvBuffer )
2140:Middlewares/Third_Party/FreeRTOS/Source/queue.c **** {
2141:Middlewares/Third_Party/FreeRTOS/Source/queue.c ****     BaseType_t xReturn;
2142:Middlewares/Third_Party/FreeRTOS/Source/queue.c ****     UBaseType_t uxSavedInterruptStatus;
2143:Middlewares/Third_Party/FreeRTOS/Source/queue.c ****     int8_t * pcOriginalReadPosition;
2144:Middlewares/Third_Party/FreeRTOS/Source/queue.c ****     Queue_t * const pxQueue = xQueue;
2145:Middlewares/Third_Party/FreeRTOS/Source/queue.c **** 
2146:Middlewares/Third_Party/FreeRTOS/Source/queue.c ****     traceENTER_xQueuePeekFromISR( xQueue, pvBuffer );
2147:Middlewares/Third_Party/FreeRTOS/Source/queue.c **** 
2148:Middlewares/Third_Party/FreeRTOS/Source/queue.c ****     configASSERT( pxQueue );
2149:Middlewares/Third_Party/FreeRTOS/Source/queue.c ****     configASSERT( !( ( pvBuffer == NULL ) && ( pxQueue->uxItemSize != ( UBaseType_t ) 0U ) ) );
2150:Middlewares/Third_Party/FreeRTOS/Source/queue.c ****     configASSERT( pxQueue->uxItemSize != 0 ); /* Can't peek a semaphore. */
2151:Middlewares/Third_Party/FreeRTOS/Source/queue.c **** 
2152:Middlewares/Third_Party/FreeRTOS/Source/queue.c ****     /* RTOS ports that support interrupt nesting have the concept of a maximum
2153:Middlewares/Third_Party/FreeRTOS/Source/queue.c ****      * system call (or maximum API call) interrupt priority.  Interrupts that are
2154:Middlewares/Third_Party/FreeRTOS/Source/queue.c ****      * above the maximum system call priority are kept permanently enabled, even
2155:Middlewares/Third_Party/FreeRTOS/Source/queue.c ****      * when the RTOS kernel is in a critical section, but cannot make any calls to
2156:Middlewares/Third_Party/FreeRTOS/Source/queue.c ****      * FreeRTOS API functions.  If configASSERT() is defined in FreeRTOSConfig.h
2157:Middlewares/Third_Party/FreeRTOS/Source/queue.c ****      * then portASSERT_IF_INTERRUPT_PRIORITY_INVALID() will result in an assertion
2158:Middlewares/Third_Party/FreeRTOS/Source/queue.c ****      * failure if a FreeRTOS API function is called from an interrupt that has been
2159:Middlewares/Third_Party/FreeRTOS/Source/queue.c ****      * assigned a priority above the configured maximum system call priority.
2160:Middlewares/Third_Party/FreeRTOS/Source/queue.c ****      * Only FreeRTOS functions that end in FromISR can be called from interrupts
2161:Middlewares/Third_Party/FreeRTOS/Source/queue.c ****      * that have been assigned a priority at or (logically) below the maximum
2162:Middlewares/Third_Party/FreeRTOS/Source/queue.c ****      * system call interrupt priority.  FreeRTOS maintains a separate interrupt
2163:Middlewares/Third_Party/FreeRTOS/Source/queue.c ****      * safe API to ensure interrupt entry is as fast and as simple as possible.
2164:Middlewares/Third_Party/FreeRTOS/Source/queue.c ****      * More information (albeit Cortex-M specific) is provided on the following
2165:Middlewares/Third_Party/FreeRTOS/Source/queue.c ****      * link: https://www.FreeRTOS.org/RTOS-Cortex-M3-M4.html */
2166:Middlewares/Third_Party/FreeRTOS/Source/queue.c ****     portASSERT_IF_INTERRUPT_PRIORITY_INVALID();
2167:Middlewares/Third_Party/FreeRTOS/Source/queue.c **** 
2168:Middlewares/Third_Party/FreeRTOS/Source/queue.c ****     /* MISRA Ref 4.7.1 [Return value shall be checked] */
2169:Middlewares/Third_Party/FreeRTOS/Source/queue.c ****     /* More details at: https://github.com/FreeRTOS/FreeRTOS-Kernel/blob/main/MISRA.md#dir-47 */
2170:Middlewares/Third_Party/FreeRTOS/Source/queue.c ****     /* coverity[misra_c_2012_directive_4_7_violation] */
2171:Middlewares/Third_Party/FreeRTOS/Source/queue.c ****     uxSavedInterruptStatus = ( UBaseType_t ) taskENTER_CRITICAL_FROM_ISR();
2172:Middlewares/Third_Party/FreeRTOS/Source/queue.c ****     {
2173:Middlewares/Third_Party/FreeRTOS/Source/queue.c ****         /* Cannot block in an ISR, so check there is data available. */
2174:Middlewares/Third_Party/FreeRTOS/Source/queue.c ****         if( pxQueue->uxMessagesWaiting > ( UBaseType_t ) 0 )
2175:Middlewares/Third_Party/FreeRTOS/Source/queue.c ****         {
2176:Middlewares/Third_Party/FreeRTOS/Source/queue.c ****             traceQUEUE_PEEK_FROM_ISR( pxQueue );
2177:Middlewares/Third_Party/FreeRTOS/Source/queue.c **** 
2178:Middlewares/Third_Party/FreeRTOS/Source/queue.c ****             /* Remember the read position so it can be reset as nothing is
2179:Middlewares/Third_Party/FreeRTOS/Source/queue.c ****              * actually being removed from the queue. */
2180:Middlewares/Third_Party/FreeRTOS/Source/queue.c ****             pcOriginalReadPosition = pxQueue->u.xQueue.pcReadFrom;
2181:Middlewares/Third_Party/FreeRTOS/Source/queue.c ****             prvCopyDataFromQueue( pxQueue, pvBuffer );
2182:Middlewares/Third_Party/FreeRTOS/Source/queue.c ****             pxQueue->u.xQueue.pcReadFrom = pcOriginalReadPosition;
2183:Middlewares/Third_Party/FreeRTOS/Source/queue.c **** 
2184:Middlewares/Third_Party/FreeRTOS/Source/queue.c ****             xReturn = pdPASS;
2185:Middlewares/Third_Party/FreeRTOS/Source/queue.c ****         }
2186:Middlewares/Third_Party/FreeRTOS/Source/queue.c ****         else
2187:Middlewares/Third_Party/FreeRTOS/Source/queue.c ****         {
2188:Middlewares/Third_Party/FreeRTOS/Source/queue.c ****             xReturn = pdFAIL;
2189:Middlewares/Third_Party/FreeRTOS/Source/queue.c ****             traceQUEUE_PEEK_FROM_ISR_FAILED( pxQueue );
2190:Middlewares/Third_Party/FreeRTOS/Source/queue.c ****         }
2191:Middlewares/Third_Party/FreeRTOS/Source/queue.c ****     }
2192:Middlewares/Third_Party/FreeRTOS/Source/queue.c ****     taskEXIT_CRITICAL_FROM_ISR( uxSavedInterruptStatus );
2193:Middlewares/Third_Party/FreeRTOS/Source/queue.c **** 
2194:Middlewares/Third_Party/FreeRTOS/Source/queue.c ****     traceRETURN_xQueuePeekFromISR( xReturn );
2195:Middlewares/Third_Party/FreeRTOS/Source/queue.c **** 
ARM GAS  /tmp/ccmofomj.s 			page 40


2196:Middlewares/Third_Party/FreeRTOS/Source/queue.c ****     return xReturn;
2197:Middlewares/Third_Party/FreeRTOS/Source/queue.c **** }
2198:Middlewares/Third_Party/FreeRTOS/Source/queue.c **** /*-----------------------------------------------------------*/
2199:Middlewares/Third_Party/FreeRTOS/Source/queue.c **** 
2200:Middlewares/Third_Party/FreeRTOS/Source/queue.c **** UBaseType_t uxQueueMessagesWaiting( const QueueHandle_t xQueue )
2201:Middlewares/Third_Party/FreeRTOS/Source/queue.c **** {
2202:Middlewares/Third_Party/FreeRTOS/Source/queue.c ****     UBaseType_t uxReturn;
2203:Middlewares/Third_Party/FreeRTOS/Source/queue.c **** 
2204:Middlewares/Third_Party/FreeRTOS/Source/queue.c ****     traceENTER_uxQueueMessagesWaiting( xQueue );
2205:Middlewares/Third_Party/FreeRTOS/Source/queue.c **** 
2206:Middlewares/Third_Party/FreeRTOS/Source/queue.c ****     configASSERT( xQueue );
2207:Middlewares/Third_Party/FreeRTOS/Source/queue.c **** 
2208:Middlewares/Third_Party/FreeRTOS/Source/queue.c ****     portBASE_TYPE_ENTER_CRITICAL();
2209:Middlewares/Third_Party/FreeRTOS/Source/queue.c ****     {
2210:Middlewares/Third_Party/FreeRTOS/Source/queue.c ****         uxReturn = ( ( Queue_t * ) xQueue )->uxMessagesWaiting;
2211:Middlewares/Third_Party/FreeRTOS/Source/queue.c ****     }
2212:Middlewares/Third_Party/FreeRTOS/Source/queue.c ****     portBASE_TYPE_EXIT_CRITICAL();
2213:Middlewares/Third_Party/FreeRTOS/Source/queue.c **** 
2214:Middlewares/Third_Party/FreeRTOS/Source/queue.c ****     traceRETURN_uxQueueMessagesWaiting( uxReturn );
2215:Middlewares/Third_Party/FreeRTOS/Source/queue.c **** 
2216:Middlewares/Third_Party/FreeRTOS/Source/queue.c ****     return uxReturn;
2217:Middlewares/Third_Party/FreeRTOS/Source/queue.c **** }
2218:Middlewares/Third_Party/FreeRTOS/Source/queue.c **** /*-----------------------------------------------------------*/
2219:Middlewares/Third_Party/FreeRTOS/Source/queue.c **** 
2220:Middlewares/Third_Party/FreeRTOS/Source/queue.c **** UBaseType_t uxQueueSpacesAvailable( const QueueHandle_t xQueue )
2221:Middlewares/Third_Party/FreeRTOS/Source/queue.c **** {
2222:Middlewares/Third_Party/FreeRTOS/Source/queue.c ****     UBaseType_t uxReturn;
2223:Middlewares/Third_Party/FreeRTOS/Source/queue.c ****     Queue_t * const pxQueue = xQueue;
2224:Middlewares/Third_Party/FreeRTOS/Source/queue.c **** 
2225:Middlewares/Third_Party/FreeRTOS/Source/queue.c ****     traceENTER_uxQueueSpacesAvailable( xQueue );
2226:Middlewares/Third_Party/FreeRTOS/Source/queue.c **** 
2227:Middlewares/Third_Party/FreeRTOS/Source/queue.c ****     configASSERT( pxQueue );
2228:Middlewares/Third_Party/FreeRTOS/Source/queue.c **** 
2229:Middlewares/Third_Party/FreeRTOS/Source/queue.c ****     portBASE_TYPE_ENTER_CRITICAL();
2230:Middlewares/Third_Party/FreeRTOS/Source/queue.c ****     {
2231:Middlewares/Third_Party/FreeRTOS/Source/queue.c ****         uxReturn = ( UBaseType_t ) ( pxQueue->uxLength - pxQueue->uxMessagesWaiting );
2232:Middlewares/Third_Party/FreeRTOS/Source/queue.c ****     }
2233:Middlewares/Third_Party/FreeRTOS/Source/queue.c ****     portBASE_TYPE_EXIT_CRITICAL();
2234:Middlewares/Third_Party/FreeRTOS/Source/queue.c **** 
2235:Middlewares/Third_Party/FreeRTOS/Source/queue.c ****     traceRETURN_uxQueueSpacesAvailable( uxReturn );
2236:Middlewares/Third_Party/FreeRTOS/Source/queue.c **** 
2237:Middlewares/Third_Party/FreeRTOS/Source/queue.c ****     return uxReturn;
2238:Middlewares/Third_Party/FreeRTOS/Source/queue.c **** }
2239:Middlewares/Third_Party/FreeRTOS/Source/queue.c **** /*-----------------------------------------------------------*/
2240:Middlewares/Third_Party/FreeRTOS/Source/queue.c **** 
2241:Middlewares/Third_Party/FreeRTOS/Source/queue.c **** UBaseType_t uxQueueMessagesWaitingFromISR( const QueueHandle_t xQueue )
2242:Middlewares/Third_Party/FreeRTOS/Source/queue.c **** {
2243:Middlewares/Third_Party/FreeRTOS/Source/queue.c ****     UBaseType_t uxReturn;
2244:Middlewares/Third_Party/FreeRTOS/Source/queue.c ****     Queue_t * const pxQueue = xQueue;
2245:Middlewares/Third_Party/FreeRTOS/Source/queue.c **** 
2246:Middlewares/Third_Party/FreeRTOS/Source/queue.c ****     traceENTER_uxQueueMessagesWaitingFromISR( xQueue );
2247:Middlewares/Third_Party/FreeRTOS/Source/queue.c **** 
2248:Middlewares/Third_Party/FreeRTOS/Source/queue.c ****     configASSERT( pxQueue );
2249:Middlewares/Third_Party/FreeRTOS/Source/queue.c ****     uxReturn = pxQueue->uxMessagesWaiting;
2250:Middlewares/Third_Party/FreeRTOS/Source/queue.c **** 
2251:Middlewares/Third_Party/FreeRTOS/Source/queue.c ****     traceRETURN_uxQueueMessagesWaitingFromISR( uxReturn );
2252:Middlewares/Third_Party/FreeRTOS/Source/queue.c **** 
ARM GAS  /tmp/ccmofomj.s 			page 41


2253:Middlewares/Third_Party/FreeRTOS/Source/queue.c ****     return uxReturn;
2254:Middlewares/Third_Party/FreeRTOS/Source/queue.c **** }
2255:Middlewares/Third_Party/FreeRTOS/Source/queue.c **** /*-----------------------------------------------------------*/
2256:Middlewares/Third_Party/FreeRTOS/Source/queue.c **** 
2257:Middlewares/Third_Party/FreeRTOS/Source/queue.c **** void vQueueDelete( QueueHandle_t xQueue )
2258:Middlewares/Third_Party/FreeRTOS/Source/queue.c **** {
2259:Middlewares/Third_Party/FreeRTOS/Source/queue.c ****     Queue_t * const pxQueue = xQueue;
2260:Middlewares/Third_Party/FreeRTOS/Source/queue.c **** 
2261:Middlewares/Third_Party/FreeRTOS/Source/queue.c ****     traceENTER_vQueueDelete( xQueue );
2262:Middlewares/Third_Party/FreeRTOS/Source/queue.c **** 
2263:Middlewares/Third_Party/FreeRTOS/Source/queue.c ****     configASSERT( pxQueue );
2264:Middlewares/Third_Party/FreeRTOS/Source/queue.c ****     traceQUEUE_DELETE( pxQueue );
2265:Middlewares/Third_Party/FreeRTOS/Source/queue.c **** 
2266:Middlewares/Third_Party/FreeRTOS/Source/queue.c ****     #if ( configQUEUE_REGISTRY_SIZE > 0 )
2267:Middlewares/Third_Party/FreeRTOS/Source/queue.c ****     {
2268:Middlewares/Third_Party/FreeRTOS/Source/queue.c ****         vQueueUnregisterQueue( pxQueue );
2269:Middlewares/Third_Party/FreeRTOS/Source/queue.c ****     }
2270:Middlewares/Third_Party/FreeRTOS/Source/queue.c ****     #endif
2271:Middlewares/Third_Party/FreeRTOS/Source/queue.c **** 
2272:Middlewares/Third_Party/FreeRTOS/Source/queue.c ****     #if ( ( configSUPPORT_DYNAMIC_ALLOCATION == 1 ) && ( configSUPPORT_STATIC_ALLOCATION == 0 ) )
2273:Middlewares/Third_Party/FreeRTOS/Source/queue.c ****     {
2274:Middlewares/Third_Party/FreeRTOS/Source/queue.c ****         /* The queue can only have been allocated dynamically - free it
2275:Middlewares/Third_Party/FreeRTOS/Source/queue.c ****          * again. */
2276:Middlewares/Third_Party/FreeRTOS/Source/queue.c ****         vPortFree( pxQueue );
2277:Middlewares/Third_Party/FreeRTOS/Source/queue.c ****     }
2278:Middlewares/Third_Party/FreeRTOS/Source/queue.c ****     #elif ( ( configSUPPORT_DYNAMIC_ALLOCATION == 1 ) && ( configSUPPORT_STATIC_ALLOCATION == 1 ) )
2279:Middlewares/Third_Party/FreeRTOS/Source/queue.c ****     {
2280:Middlewares/Third_Party/FreeRTOS/Source/queue.c ****         /* The queue could have been allocated statically or dynamically, so
2281:Middlewares/Third_Party/FreeRTOS/Source/queue.c ****          * check before attempting to free the memory. */
2282:Middlewares/Third_Party/FreeRTOS/Source/queue.c ****         if( pxQueue->ucStaticallyAllocated == ( uint8_t ) pdFALSE )
2283:Middlewares/Third_Party/FreeRTOS/Source/queue.c ****         {
2284:Middlewares/Third_Party/FreeRTOS/Source/queue.c ****             vPortFree( pxQueue );
2285:Middlewares/Third_Party/FreeRTOS/Source/queue.c ****         }
2286:Middlewares/Third_Party/FreeRTOS/Source/queue.c ****         else
2287:Middlewares/Third_Party/FreeRTOS/Source/queue.c ****         {
2288:Middlewares/Third_Party/FreeRTOS/Source/queue.c ****             mtCOVERAGE_TEST_MARKER();
2289:Middlewares/Third_Party/FreeRTOS/Source/queue.c ****         }
2290:Middlewares/Third_Party/FreeRTOS/Source/queue.c ****     }
2291:Middlewares/Third_Party/FreeRTOS/Source/queue.c ****     #else /* if ( ( configSUPPORT_DYNAMIC_ALLOCATION == 1 ) && ( configSUPPORT_STATIC_ALLOCATION ==
2292:Middlewares/Third_Party/FreeRTOS/Source/queue.c ****     {
2293:Middlewares/Third_Party/FreeRTOS/Source/queue.c ****         /* The queue must have been statically allocated, so is not going to be
2294:Middlewares/Third_Party/FreeRTOS/Source/queue.c ****          * deleted.  Avoid compiler warnings about the unused parameter. */
2295:Middlewares/Third_Party/FreeRTOS/Source/queue.c ****         ( void ) pxQueue;
2296:Middlewares/Third_Party/FreeRTOS/Source/queue.c ****     }
2297:Middlewares/Third_Party/FreeRTOS/Source/queue.c ****     #endif /* configSUPPORT_DYNAMIC_ALLOCATION */
2298:Middlewares/Third_Party/FreeRTOS/Source/queue.c **** 
2299:Middlewares/Third_Party/FreeRTOS/Source/queue.c ****     traceRETURN_vQueueDelete();
2300:Middlewares/Third_Party/FreeRTOS/Source/queue.c **** }
2301:Middlewares/Third_Party/FreeRTOS/Source/queue.c **** /*-----------------------------------------------------------*/
2302:Middlewares/Third_Party/FreeRTOS/Source/queue.c **** 
2303:Middlewares/Third_Party/FreeRTOS/Source/queue.c **** #if ( configUSE_TRACE_FACILITY == 1 )
2304:Middlewares/Third_Party/FreeRTOS/Source/queue.c **** 
2305:Middlewares/Third_Party/FreeRTOS/Source/queue.c ****     UBaseType_t uxQueueGetQueueNumber( QueueHandle_t xQueue )
2306:Middlewares/Third_Party/FreeRTOS/Source/queue.c ****     {
2307:Middlewares/Third_Party/FreeRTOS/Source/queue.c ****         traceENTER_uxQueueGetQueueNumber( xQueue );
2308:Middlewares/Third_Party/FreeRTOS/Source/queue.c **** 
2309:Middlewares/Third_Party/FreeRTOS/Source/queue.c ****         traceRETURN_uxQueueGetQueueNumber( ( ( Queue_t * ) xQueue )->uxQueueNumber );
ARM GAS  /tmp/ccmofomj.s 			page 42


2310:Middlewares/Third_Party/FreeRTOS/Source/queue.c **** 
2311:Middlewares/Third_Party/FreeRTOS/Source/queue.c ****         return ( ( Queue_t * ) xQueue )->uxQueueNumber;
2312:Middlewares/Third_Party/FreeRTOS/Source/queue.c ****     }
2313:Middlewares/Third_Party/FreeRTOS/Source/queue.c **** 
2314:Middlewares/Third_Party/FreeRTOS/Source/queue.c **** #endif /* configUSE_TRACE_FACILITY */
2315:Middlewares/Third_Party/FreeRTOS/Source/queue.c **** /*-----------------------------------------------------------*/
2316:Middlewares/Third_Party/FreeRTOS/Source/queue.c **** 
2317:Middlewares/Third_Party/FreeRTOS/Source/queue.c **** #if ( configUSE_TRACE_FACILITY == 1 )
2318:Middlewares/Third_Party/FreeRTOS/Source/queue.c **** 
2319:Middlewares/Third_Party/FreeRTOS/Source/queue.c ****     void vQueueSetQueueNumber( QueueHandle_t xQueue,
2320:Middlewares/Third_Party/FreeRTOS/Source/queue.c ****                                UBaseType_t uxQueueNumber )
2321:Middlewares/Third_Party/FreeRTOS/Source/queue.c ****     {
2322:Middlewares/Third_Party/FreeRTOS/Source/queue.c ****         traceENTER_vQueueSetQueueNumber( xQueue, uxQueueNumber );
2323:Middlewares/Third_Party/FreeRTOS/Source/queue.c **** 
2324:Middlewares/Third_Party/FreeRTOS/Source/queue.c ****         ( ( Queue_t * ) xQueue )->uxQueueNumber = uxQueueNumber;
2325:Middlewares/Third_Party/FreeRTOS/Source/queue.c **** 
2326:Middlewares/Third_Party/FreeRTOS/Source/queue.c ****         traceRETURN_vQueueSetQueueNumber();
2327:Middlewares/Third_Party/FreeRTOS/Source/queue.c ****     }
2328:Middlewares/Third_Party/FreeRTOS/Source/queue.c **** 
2329:Middlewares/Third_Party/FreeRTOS/Source/queue.c **** #endif /* configUSE_TRACE_FACILITY */
2330:Middlewares/Third_Party/FreeRTOS/Source/queue.c **** /*-----------------------------------------------------------*/
2331:Middlewares/Third_Party/FreeRTOS/Source/queue.c **** 
2332:Middlewares/Third_Party/FreeRTOS/Source/queue.c **** #if ( configUSE_TRACE_FACILITY == 1 )
2333:Middlewares/Third_Party/FreeRTOS/Source/queue.c **** 
2334:Middlewares/Third_Party/FreeRTOS/Source/queue.c ****     uint8_t ucQueueGetQueueType( QueueHandle_t xQueue )
2335:Middlewares/Third_Party/FreeRTOS/Source/queue.c ****     {
2336:Middlewares/Third_Party/FreeRTOS/Source/queue.c ****         traceENTER_ucQueueGetQueueType( xQueue );
2337:Middlewares/Third_Party/FreeRTOS/Source/queue.c **** 
2338:Middlewares/Third_Party/FreeRTOS/Source/queue.c ****         traceRETURN_ucQueueGetQueueType( ( ( Queue_t * ) xQueue )->ucQueueType );
2339:Middlewares/Third_Party/FreeRTOS/Source/queue.c **** 
2340:Middlewares/Third_Party/FreeRTOS/Source/queue.c ****         return ( ( Queue_t * ) xQueue )->ucQueueType;
2341:Middlewares/Third_Party/FreeRTOS/Source/queue.c ****     }
2342:Middlewares/Third_Party/FreeRTOS/Source/queue.c **** 
2343:Middlewares/Third_Party/FreeRTOS/Source/queue.c **** #endif /* configUSE_TRACE_FACILITY */
2344:Middlewares/Third_Party/FreeRTOS/Source/queue.c **** /*-----------------------------------------------------------*/
2345:Middlewares/Third_Party/FreeRTOS/Source/queue.c **** 
2346:Middlewares/Third_Party/FreeRTOS/Source/queue.c **** UBaseType_t uxQueueGetQueueItemSize( QueueHandle_t xQueue ) /* PRIVILEGED_FUNCTION */
2347:Middlewares/Third_Party/FreeRTOS/Source/queue.c **** {
2348:Middlewares/Third_Party/FreeRTOS/Source/queue.c ****     traceENTER_uxQueueGetQueueItemSize( xQueue );
2349:Middlewares/Third_Party/FreeRTOS/Source/queue.c **** 
2350:Middlewares/Third_Party/FreeRTOS/Source/queue.c ****     traceRETURN_uxQueueGetQueueItemSize( ( ( Queue_t * ) xQueue )->uxItemSize );
2351:Middlewares/Third_Party/FreeRTOS/Source/queue.c **** 
2352:Middlewares/Third_Party/FreeRTOS/Source/queue.c ****     return ( ( Queue_t * ) xQueue )->uxItemSize;
2353:Middlewares/Third_Party/FreeRTOS/Source/queue.c **** }
2354:Middlewares/Third_Party/FreeRTOS/Source/queue.c **** /*-----------------------------------------------------------*/
2355:Middlewares/Third_Party/FreeRTOS/Source/queue.c **** 
2356:Middlewares/Third_Party/FreeRTOS/Source/queue.c **** UBaseType_t uxQueueGetQueueLength( QueueHandle_t xQueue ) /* PRIVILEGED_FUNCTION */
2357:Middlewares/Third_Party/FreeRTOS/Source/queue.c **** {
2358:Middlewares/Third_Party/FreeRTOS/Source/queue.c ****     traceENTER_uxQueueGetQueueLength( xQueue );
2359:Middlewares/Third_Party/FreeRTOS/Source/queue.c **** 
2360:Middlewares/Third_Party/FreeRTOS/Source/queue.c ****     traceRETURN_uxQueueGetQueueLength( ( ( Queue_t * ) xQueue )->uxLength );
2361:Middlewares/Third_Party/FreeRTOS/Source/queue.c **** 
2362:Middlewares/Third_Party/FreeRTOS/Source/queue.c ****     return ( ( Queue_t * ) xQueue )->uxLength;
2363:Middlewares/Third_Party/FreeRTOS/Source/queue.c **** }
2364:Middlewares/Third_Party/FreeRTOS/Source/queue.c **** /*-----------------------------------------------------------*/
2365:Middlewares/Third_Party/FreeRTOS/Source/queue.c **** 
2366:Middlewares/Third_Party/FreeRTOS/Source/queue.c **** #if ( configUSE_MUTEXES == 1 )
ARM GAS  /tmp/ccmofomj.s 			page 43


2367:Middlewares/Third_Party/FreeRTOS/Source/queue.c **** 
2368:Middlewares/Third_Party/FreeRTOS/Source/queue.c ****     static UBaseType_t prvGetHighestPriorityOfWaitToReceiveList( const Queue_t * const pxQueue )
2369:Middlewares/Third_Party/FreeRTOS/Source/queue.c ****     {
  30              		.loc 1 2369 5 view -0
  31              		.cfi_startproc
  32              		@ args = 0, pretend = 0, frame = 0
  33              		@ frame_needed = 0, uses_anonymous_args = 0
  34              		@ link register save eliminated.
  35              		.loc 1 2369 5 is_stmt 0 view .LVU1
  36 0000 0346     		mov	r3, r0
2370:Middlewares/Third_Party/FreeRTOS/Source/queue.c ****         UBaseType_t uxHighestPriorityOfWaitingTasks;
  37              		.loc 1 2370 9 is_stmt 1 view .LVU2
2371:Middlewares/Third_Party/FreeRTOS/Source/queue.c **** 
2372:Middlewares/Third_Party/FreeRTOS/Source/queue.c ****         /* If a task waiting for a mutex causes the mutex holder to inherit a
2373:Middlewares/Third_Party/FreeRTOS/Source/queue.c ****          * priority, but the waiting task times out, then the holder should
2374:Middlewares/Third_Party/FreeRTOS/Source/queue.c ****          * disinherit the priority - but only down to the highest priority of any
2375:Middlewares/Third_Party/FreeRTOS/Source/queue.c ****          * other tasks that are waiting for the same mutex.  For this purpose,
2376:Middlewares/Third_Party/FreeRTOS/Source/queue.c ****          * return the priority of the highest priority task that is waiting for the
2377:Middlewares/Third_Party/FreeRTOS/Source/queue.c ****          * mutex. */
2378:Middlewares/Third_Party/FreeRTOS/Source/queue.c ****         if( listCURRENT_LIST_LENGTH( &( pxQueue->xTasksWaitingToReceive ) ) > 0U )
  38              		.loc 1 2378 9 view .LVU3
  39              		.loc 1 2378 13 is_stmt 0 view .LVU4
  40 0002 406A     		ldr	r0, [r0, #36]
  41              	.LVL1:
  42              		.loc 1 2378 11 view .LVU5
  43 0004 18B1     		cbz	r0, .L1
2379:Middlewares/Third_Party/FreeRTOS/Source/queue.c ****         {
2380:Middlewares/Third_Party/FreeRTOS/Source/queue.c ****             uxHighestPriorityOfWaitingTasks = ( UBaseType_t ) ( ( UBaseType_t ) configMAX_PRIORITIE
  44              		.loc 1 2380 13 is_stmt 1 view .LVU6
  45              		.loc 1 2380 120 is_stmt 0 view .LVU7
  46 0006 1B6B     		ldr	r3, [r3, #48]
  47              	.LVL2:
  48              		.loc 1 2380 120 view .LVU8
  49 0008 1868     		ldr	r0, [r3]
  50              		.loc 1 2380 45 view .LVU9
  51 000a C0F13800 		rsb	r0, r0, #56
  52              	.LVL3:
2381:Middlewares/Third_Party/FreeRTOS/Source/queue.c ****         }
2382:Middlewares/Third_Party/FreeRTOS/Source/queue.c ****         else
2383:Middlewares/Third_Party/FreeRTOS/Source/queue.c ****         {
2384:Middlewares/Third_Party/FreeRTOS/Source/queue.c ****             uxHighestPriorityOfWaitingTasks = tskIDLE_PRIORITY;
2385:Middlewares/Third_Party/FreeRTOS/Source/queue.c ****         }
2386:Middlewares/Third_Party/FreeRTOS/Source/queue.c **** 
2387:Middlewares/Third_Party/FreeRTOS/Source/queue.c ****         return uxHighestPriorityOfWaitingTasks;
  53              		.loc 1 2387 9 is_stmt 1 view .LVU10
  54              	.L1:
2388:Middlewares/Third_Party/FreeRTOS/Source/queue.c ****     }
  55              		.loc 1 2388 5 is_stmt 0 view .LVU11
  56 000e 7047     		bx	lr
  57              		.cfi_endproc
  58              	.LFE31:
  60              		.section	.text.prvIsQueueFull,"ax",%progbits
  61              		.align	1
  62              		.syntax unified
  63              		.thumb
  64              		.thumb_func
  66              	prvIsQueueFull:
ARM GAS  /tmp/ccmofomj.s 			page 44


  67              	.LVL4:
  68              	.LFB37:
2389:Middlewares/Third_Party/FreeRTOS/Source/queue.c **** 
2390:Middlewares/Third_Party/FreeRTOS/Source/queue.c **** #endif /* configUSE_MUTEXES */
2391:Middlewares/Third_Party/FreeRTOS/Source/queue.c **** /*-----------------------------------------------------------*/
2392:Middlewares/Third_Party/FreeRTOS/Source/queue.c **** 
2393:Middlewares/Third_Party/FreeRTOS/Source/queue.c **** static BaseType_t prvCopyDataToQueue( Queue_t * const pxQueue,
2394:Middlewares/Third_Party/FreeRTOS/Source/queue.c ****                                       const void * pvItemToQueue,
2395:Middlewares/Third_Party/FreeRTOS/Source/queue.c ****                                       const BaseType_t xPosition )
2396:Middlewares/Third_Party/FreeRTOS/Source/queue.c **** {
2397:Middlewares/Third_Party/FreeRTOS/Source/queue.c ****     BaseType_t xReturn = pdFALSE;
2398:Middlewares/Third_Party/FreeRTOS/Source/queue.c ****     UBaseType_t uxMessagesWaiting;
2399:Middlewares/Third_Party/FreeRTOS/Source/queue.c **** 
2400:Middlewares/Third_Party/FreeRTOS/Source/queue.c ****     /* This function is called from a critical section. */
2401:Middlewares/Third_Party/FreeRTOS/Source/queue.c **** 
2402:Middlewares/Third_Party/FreeRTOS/Source/queue.c ****     uxMessagesWaiting = pxQueue->uxMessagesWaiting;
2403:Middlewares/Third_Party/FreeRTOS/Source/queue.c **** 
2404:Middlewares/Third_Party/FreeRTOS/Source/queue.c ****     if( pxQueue->uxItemSize == ( UBaseType_t ) 0 )
2405:Middlewares/Third_Party/FreeRTOS/Source/queue.c ****     {
2406:Middlewares/Third_Party/FreeRTOS/Source/queue.c ****         #if ( configUSE_MUTEXES == 1 )
2407:Middlewares/Third_Party/FreeRTOS/Source/queue.c ****         {
2408:Middlewares/Third_Party/FreeRTOS/Source/queue.c ****             if( pxQueue->uxQueueType == queueQUEUE_IS_MUTEX )
2409:Middlewares/Third_Party/FreeRTOS/Source/queue.c ****             {
2410:Middlewares/Third_Party/FreeRTOS/Source/queue.c ****                 /* The mutex is no longer being held. */
2411:Middlewares/Third_Party/FreeRTOS/Source/queue.c ****                 xReturn = xTaskPriorityDisinherit( pxQueue->u.xSemaphore.xMutexHolder );
2412:Middlewares/Third_Party/FreeRTOS/Source/queue.c ****                 pxQueue->u.xSemaphore.xMutexHolder = NULL;
2413:Middlewares/Third_Party/FreeRTOS/Source/queue.c ****             }
2414:Middlewares/Third_Party/FreeRTOS/Source/queue.c ****             else
2415:Middlewares/Third_Party/FreeRTOS/Source/queue.c ****             {
2416:Middlewares/Third_Party/FreeRTOS/Source/queue.c ****                 mtCOVERAGE_TEST_MARKER();
2417:Middlewares/Third_Party/FreeRTOS/Source/queue.c ****             }
2418:Middlewares/Third_Party/FreeRTOS/Source/queue.c ****         }
2419:Middlewares/Third_Party/FreeRTOS/Source/queue.c ****         #endif /* configUSE_MUTEXES */
2420:Middlewares/Third_Party/FreeRTOS/Source/queue.c ****     }
2421:Middlewares/Third_Party/FreeRTOS/Source/queue.c ****     else if( xPosition == queueSEND_TO_BACK )
2422:Middlewares/Third_Party/FreeRTOS/Source/queue.c ****     {
2423:Middlewares/Third_Party/FreeRTOS/Source/queue.c ****         ( void ) memcpy( ( void * ) pxQueue->pcWriteTo, pvItemToQueue, ( size_t ) pxQueue->uxItemSi
2424:Middlewares/Third_Party/FreeRTOS/Source/queue.c ****         pxQueue->pcWriteTo += pxQueue->uxItemSize;
2425:Middlewares/Third_Party/FreeRTOS/Source/queue.c **** 
2426:Middlewares/Third_Party/FreeRTOS/Source/queue.c ****         if( pxQueue->pcWriteTo >= pxQueue->u.xQueue.pcTail )
2427:Middlewares/Third_Party/FreeRTOS/Source/queue.c ****         {
2428:Middlewares/Third_Party/FreeRTOS/Source/queue.c ****             pxQueue->pcWriteTo = pxQueue->pcHead;
2429:Middlewares/Third_Party/FreeRTOS/Source/queue.c ****         }
2430:Middlewares/Third_Party/FreeRTOS/Source/queue.c ****         else
2431:Middlewares/Third_Party/FreeRTOS/Source/queue.c ****         {
2432:Middlewares/Third_Party/FreeRTOS/Source/queue.c ****             mtCOVERAGE_TEST_MARKER();
2433:Middlewares/Third_Party/FreeRTOS/Source/queue.c ****         }
2434:Middlewares/Third_Party/FreeRTOS/Source/queue.c ****     }
2435:Middlewares/Third_Party/FreeRTOS/Source/queue.c ****     else
2436:Middlewares/Third_Party/FreeRTOS/Source/queue.c ****     {
2437:Middlewares/Third_Party/FreeRTOS/Source/queue.c ****         ( void ) memcpy( ( void * ) pxQueue->u.xQueue.pcReadFrom, pvItemToQueue, ( size_t ) pxQueue
2438:Middlewares/Third_Party/FreeRTOS/Source/queue.c ****         pxQueue->u.xQueue.pcReadFrom -= pxQueue->uxItemSize;
2439:Middlewares/Third_Party/FreeRTOS/Source/queue.c **** 
2440:Middlewares/Third_Party/FreeRTOS/Source/queue.c ****         if( pxQueue->u.xQueue.pcReadFrom < pxQueue->pcHead )
2441:Middlewares/Third_Party/FreeRTOS/Source/queue.c ****         {
2442:Middlewares/Third_Party/FreeRTOS/Source/queue.c ****             pxQueue->u.xQueue.pcReadFrom = ( pxQueue->u.xQueue.pcTail - pxQueue->uxItemSize );
2443:Middlewares/Third_Party/FreeRTOS/Source/queue.c ****         }
ARM GAS  /tmp/ccmofomj.s 			page 45


2444:Middlewares/Third_Party/FreeRTOS/Source/queue.c ****         else
2445:Middlewares/Third_Party/FreeRTOS/Source/queue.c ****         {
2446:Middlewares/Third_Party/FreeRTOS/Source/queue.c ****             mtCOVERAGE_TEST_MARKER();
2447:Middlewares/Third_Party/FreeRTOS/Source/queue.c ****         }
2448:Middlewares/Third_Party/FreeRTOS/Source/queue.c **** 
2449:Middlewares/Third_Party/FreeRTOS/Source/queue.c ****         if( xPosition == queueOVERWRITE )
2450:Middlewares/Third_Party/FreeRTOS/Source/queue.c ****         {
2451:Middlewares/Third_Party/FreeRTOS/Source/queue.c ****             if( uxMessagesWaiting > ( UBaseType_t ) 0 )
2452:Middlewares/Third_Party/FreeRTOS/Source/queue.c ****             {
2453:Middlewares/Third_Party/FreeRTOS/Source/queue.c ****                 /* An item is not being added but overwritten, so subtract
2454:Middlewares/Third_Party/FreeRTOS/Source/queue.c ****                  * one from the recorded number of items in the queue so when
2455:Middlewares/Third_Party/FreeRTOS/Source/queue.c ****                  * one is added again below the number of recorded items remains
2456:Middlewares/Third_Party/FreeRTOS/Source/queue.c ****                  * correct. */
2457:Middlewares/Third_Party/FreeRTOS/Source/queue.c ****                 --uxMessagesWaiting;
2458:Middlewares/Third_Party/FreeRTOS/Source/queue.c ****             }
2459:Middlewares/Third_Party/FreeRTOS/Source/queue.c ****             else
2460:Middlewares/Third_Party/FreeRTOS/Source/queue.c ****             {
2461:Middlewares/Third_Party/FreeRTOS/Source/queue.c ****                 mtCOVERAGE_TEST_MARKER();
2462:Middlewares/Third_Party/FreeRTOS/Source/queue.c ****             }
2463:Middlewares/Third_Party/FreeRTOS/Source/queue.c ****         }
2464:Middlewares/Third_Party/FreeRTOS/Source/queue.c ****         else
2465:Middlewares/Third_Party/FreeRTOS/Source/queue.c ****         {
2466:Middlewares/Third_Party/FreeRTOS/Source/queue.c ****             mtCOVERAGE_TEST_MARKER();
2467:Middlewares/Third_Party/FreeRTOS/Source/queue.c ****         }
2468:Middlewares/Third_Party/FreeRTOS/Source/queue.c ****     }
2469:Middlewares/Third_Party/FreeRTOS/Source/queue.c **** 
2470:Middlewares/Third_Party/FreeRTOS/Source/queue.c ****     pxQueue->uxMessagesWaiting = ( UBaseType_t ) ( uxMessagesWaiting + ( UBaseType_t ) 1 );
2471:Middlewares/Third_Party/FreeRTOS/Source/queue.c **** 
2472:Middlewares/Third_Party/FreeRTOS/Source/queue.c ****     return xReturn;
2473:Middlewares/Third_Party/FreeRTOS/Source/queue.c **** }
2474:Middlewares/Third_Party/FreeRTOS/Source/queue.c **** /*-----------------------------------------------------------*/
2475:Middlewares/Third_Party/FreeRTOS/Source/queue.c **** 
2476:Middlewares/Third_Party/FreeRTOS/Source/queue.c **** static void prvCopyDataFromQueue( Queue_t * const pxQueue,
2477:Middlewares/Third_Party/FreeRTOS/Source/queue.c ****                                   void * const pvBuffer )
2478:Middlewares/Third_Party/FreeRTOS/Source/queue.c **** {
2479:Middlewares/Third_Party/FreeRTOS/Source/queue.c ****     if( pxQueue->uxItemSize != ( UBaseType_t ) 0 )
2480:Middlewares/Third_Party/FreeRTOS/Source/queue.c ****     {
2481:Middlewares/Third_Party/FreeRTOS/Source/queue.c ****         pxQueue->u.xQueue.pcReadFrom += pxQueue->uxItemSize;
2482:Middlewares/Third_Party/FreeRTOS/Source/queue.c **** 
2483:Middlewares/Third_Party/FreeRTOS/Source/queue.c ****         if( pxQueue->u.xQueue.pcReadFrom >= pxQueue->u.xQueue.pcTail )
2484:Middlewares/Third_Party/FreeRTOS/Source/queue.c ****         {
2485:Middlewares/Third_Party/FreeRTOS/Source/queue.c ****             pxQueue->u.xQueue.pcReadFrom = pxQueue->pcHead;
2486:Middlewares/Third_Party/FreeRTOS/Source/queue.c ****         }
2487:Middlewares/Third_Party/FreeRTOS/Source/queue.c ****         else
2488:Middlewares/Third_Party/FreeRTOS/Source/queue.c ****         {
2489:Middlewares/Third_Party/FreeRTOS/Source/queue.c ****             mtCOVERAGE_TEST_MARKER();
2490:Middlewares/Third_Party/FreeRTOS/Source/queue.c ****         }
2491:Middlewares/Third_Party/FreeRTOS/Source/queue.c **** 
2492:Middlewares/Third_Party/FreeRTOS/Source/queue.c ****         ( void ) memcpy( ( void * ) pvBuffer, ( void * ) pxQueue->u.xQueue.pcReadFrom, ( size_t ) p
2493:Middlewares/Third_Party/FreeRTOS/Source/queue.c ****     }
2494:Middlewares/Third_Party/FreeRTOS/Source/queue.c **** }
2495:Middlewares/Third_Party/FreeRTOS/Source/queue.c **** /*-----------------------------------------------------------*/
2496:Middlewares/Third_Party/FreeRTOS/Source/queue.c **** 
2497:Middlewares/Third_Party/FreeRTOS/Source/queue.c **** static void prvUnlockQueue( Queue_t * const pxQueue )
2498:Middlewares/Third_Party/FreeRTOS/Source/queue.c **** {
2499:Middlewares/Third_Party/FreeRTOS/Source/queue.c ****     /* THIS FUNCTION MUST BE CALLED WITH THE SCHEDULER SUSPENDED. */
2500:Middlewares/Third_Party/FreeRTOS/Source/queue.c **** 
ARM GAS  /tmp/ccmofomj.s 			page 46


2501:Middlewares/Third_Party/FreeRTOS/Source/queue.c ****     /* The lock counts contains the number of extra data items placed or
2502:Middlewares/Third_Party/FreeRTOS/Source/queue.c ****      * removed from the queue while the queue was locked.  When a queue is
2503:Middlewares/Third_Party/FreeRTOS/Source/queue.c ****      * locked items can be added or removed, but the event lists cannot be
2504:Middlewares/Third_Party/FreeRTOS/Source/queue.c ****      * updated. */
2505:Middlewares/Third_Party/FreeRTOS/Source/queue.c ****     taskENTER_CRITICAL();
2506:Middlewares/Third_Party/FreeRTOS/Source/queue.c ****     {
2507:Middlewares/Third_Party/FreeRTOS/Source/queue.c ****         int8_t cTxLock = pxQueue->cTxLock;
2508:Middlewares/Third_Party/FreeRTOS/Source/queue.c **** 
2509:Middlewares/Third_Party/FreeRTOS/Source/queue.c ****         /* See if data was added to the queue while it was locked. */
2510:Middlewares/Third_Party/FreeRTOS/Source/queue.c ****         while( cTxLock > queueLOCKED_UNMODIFIED )
2511:Middlewares/Third_Party/FreeRTOS/Source/queue.c ****         {
2512:Middlewares/Third_Party/FreeRTOS/Source/queue.c ****             /* Data was posted while the queue was locked.  Are any tasks
2513:Middlewares/Third_Party/FreeRTOS/Source/queue.c ****              * blocked waiting for data to become available? */
2514:Middlewares/Third_Party/FreeRTOS/Source/queue.c ****             #if ( configUSE_QUEUE_SETS == 1 )
2515:Middlewares/Third_Party/FreeRTOS/Source/queue.c ****             {
2516:Middlewares/Third_Party/FreeRTOS/Source/queue.c ****                 if( pxQueue->pxQueueSetContainer != NULL )
2517:Middlewares/Third_Party/FreeRTOS/Source/queue.c ****                 {
2518:Middlewares/Third_Party/FreeRTOS/Source/queue.c ****                     if( prvNotifyQueueSetContainer( pxQueue ) != pdFALSE )
2519:Middlewares/Third_Party/FreeRTOS/Source/queue.c ****                     {
2520:Middlewares/Third_Party/FreeRTOS/Source/queue.c ****                         /* The queue is a member of a queue set, and posting to
2521:Middlewares/Third_Party/FreeRTOS/Source/queue.c ****                          * the queue set caused a higher priority task to unblock.
2522:Middlewares/Third_Party/FreeRTOS/Source/queue.c ****                          * A context switch is required. */
2523:Middlewares/Third_Party/FreeRTOS/Source/queue.c ****                         vTaskMissedYield();
2524:Middlewares/Third_Party/FreeRTOS/Source/queue.c ****                     }
2525:Middlewares/Third_Party/FreeRTOS/Source/queue.c ****                     else
2526:Middlewares/Third_Party/FreeRTOS/Source/queue.c ****                     {
2527:Middlewares/Third_Party/FreeRTOS/Source/queue.c ****                         mtCOVERAGE_TEST_MARKER();
2528:Middlewares/Third_Party/FreeRTOS/Source/queue.c ****                     }
2529:Middlewares/Third_Party/FreeRTOS/Source/queue.c ****                 }
2530:Middlewares/Third_Party/FreeRTOS/Source/queue.c ****                 else
2531:Middlewares/Third_Party/FreeRTOS/Source/queue.c ****                 {
2532:Middlewares/Third_Party/FreeRTOS/Source/queue.c ****                     /* Tasks that are removed from the event list will get
2533:Middlewares/Third_Party/FreeRTOS/Source/queue.c ****                      * added to the pending ready list as the scheduler is still
2534:Middlewares/Third_Party/FreeRTOS/Source/queue.c ****                      * suspended. */
2535:Middlewares/Third_Party/FreeRTOS/Source/queue.c ****                     if( listLIST_IS_EMPTY( &( pxQueue->xTasksWaitingToReceive ) ) == pdFALSE )
2536:Middlewares/Third_Party/FreeRTOS/Source/queue.c ****                     {
2537:Middlewares/Third_Party/FreeRTOS/Source/queue.c ****                         if( xTaskRemoveFromEventList( &( pxQueue->xTasksWaitingToReceive ) ) != pdF
2538:Middlewares/Third_Party/FreeRTOS/Source/queue.c ****                         {
2539:Middlewares/Third_Party/FreeRTOS/Source/queue.c ****                             /* The task waiting has a higher priority so record that a
2540:Middlewares/Third_Party/FreeRTOS/Source/queue.c ****                              * context switch is required. */
2541:Middlewares/Third_Party/FreeRTOS/Source/queue.c ****                             vTaskMissedYield();
2542:Middlewares/Third_Party/FreeRTOS/Source/queue.c ****                         }
2543:Middlewares/Third_Party/FreeRTOS/Source/queue.c ****                         else
2544:Middlewares/Third_Party/FreeRTOS/Source/queue.c ****                         {
2545:Middlewares/Third_Party/FreeRTOS/Source/queue.c ****                             mtCOVERAGE_TEST_MARKER();
2546:Middlewares/Third_Party/FreeRTOS/Source/queue.c ****                         }
2547:Middlewares/Third_Party/FreeRTOS/Source/queue.c ****                     }
2548:Middlewares/Third_Party/FreeRTOS/Source/queue.c ****                     else
2549:Middlewares/Third_Party/FreeRTOS/Source/queue.c ****                     {
2550:Middlewares/Third_Party/FreeRTOS/Source/queue.c ****                         break;
2551:Middlewares/Third_Party/FreeRTOS/Source/queue.c ****                     }
2552:Middlewares/Third_Party/FreeRTOS/Source/queue.c ****                 }
2553:Middlewares/Third_Party/FreeRTOS/Source/queue.c ****             }
2554:Middlewares/Third_Party/FreeRTOS/Source/queue.c ****             #else /* configUSE_QUEUE_SETS */
2555:Middlewares/Third_Party/FreeRTOS/Source/queue.c ****             {
2556:Middlewares/Third_Party/FreeRTOS/Source/queue.c ****                 /* Tasks that are removed from the event list will get added to
2557:Middlewares/Third_Party/FreeRTOS/Source/queue.c ****                  * the pending ready list as the scheduler is still suspended. */
ARM GAS  /tmp/ccmofomj.s 			page 47


2558:Middlewares/Third_Party/FreeRTOS/Source/queue.c ****                 if( listLIST_IS_EMPTY( &( pxQueue->xTasksWaitingToReceive ) ) == pdFALSE )
2559:Middlewares/Third_Party/FreeRTOS/Source/queue.c ****                 {
2560:Middlewares/Third_Party/FreeRTOS/Source/queue.c ****                     if( xTaskRemoveFromEventList( &( pxQueue->xTasksWaitingToReceive ) ) != pdFALSE
2561:Middlewares/Third_Party/FreeRTOS/Source/queue.c ****                     {
2562:Middlewares/Third_Party/FreeRTOS/Source/queue.c ****                         /* The task waiting has a higher priority so record that
2563:Middlewares/Third_Party/FreeRTOS/Source/queue.c ****                          * a context switch is required. */
2564:Middlewares/Third_Party/FreeRTOS/Source/queue.c ****                         vTaskMissedYield();
2565:Middlewares/Third_Party/FreeRTOS/Source/queue.c ****                     }
2566:Middlewares/Third_Party/FreeRTOS/Source/queue.c ****                     else
2567:Middlewares/Third_Party/FreeRTOS/Source/queue.c ****                     {
2568:Middlewares/Third_Party/FreeRTOS/Source/queue.c ****                         mtCOVERAGE_TEST_MARKER();
2569:Middlewares/Third_Party/FreeRTOS/Source/queue.c ****                     }
2570:Middlewares/Third_Party/FreeRTOS/Source/queue.c ****                 }
2571:Middlewares/Third_Party/FreeRTOS/Source/queue.c ****                 else
2572:Middlewares/Third_Party/FreeRTOS/Source/queue.c ****                 {
2573:Middlewares/Third_Party/FreeRTOS/Source/queue.c ****                     break;
2574:Middlewares/Third_Party/FreeRTOS/Source/queue.c ****                 }
2575:Middlewares/Third_Party/FreeRTOS/Source/queue.c ****             }
2576:Middlewares/Third_Party/FreeRTOS/Source/queue.c ****             #endif /* configUSE_QUEUE_SETS */
2577:Middlewares/Third_Party/FreeRTOS/Source/queue.c **** 
2578:Middlewares/Third_Party/FreeRTOS/Source/queue.c ****             --cTxLock;
2579:Middlewares/Third_Party/FreeRTOS/Source/queue.c ****         }
2580:Middlewares/Third_Party/FreeRTOS/Source/queue.c **** 
2581:Middlewares/Third_Party/FreeRTOS/Source/queue.c ****         pxQueue->cTxLock = queueUNLOCKED;
2582:Middlewares/Third_Party/FreeRTOS/Source/queue.c ****     }
2583:Middlewares/Third_Party/FreeRTOS/Source/queue.c ****     taskEXIT_CRITICAL();
2584:Middlewares/Third_Party/FreeRTOS/Source/queue.c **** 
2585:Middlewares/Third_Party/FreeRTOS/Source/queue.c ****     /* Do the same for the Rx lock. */
2586:Middlewares/Third_Party/FreeRTOS/Source/queue.c ****     taskENTER_CRITICAL();
2587:Middlewares/Third_Party/FreeRTOS/Source/queue.c ****     {
2588:Middlewares/Third_Party/FreeRTOS/Source/queue.c ****         int8_t cRxLock = pxQueue->cRxLock;
2589:Middlewares/Third_Party/FreeRTOS/Source/queue.c **** 
2590:Middlewares/Third_Party/FreeRTOS/Source/queue.c ****         while( cRxLock > queueLOCKED_UNMODIFIED )
2591:Middlewares/Third_Party/FreeRTOS/Source/queue.c ****         {
2592:Middlewares/Third_Party/FreeRTOS/Source/queue.c ****             if( listLIST_IS_EMPTY( &( pxQueue->xTasksWaitingToSend ) ) == pdFALSE )
2593:Middlewares/Third_Party/FreeRTOS/Source/queue.c ****             {
2594:Middlewares/Third_Party/FreeRTOS/Source/queue.c ****                 if( xTaskRemoveFromEventList( &( pxQueue->xTasksWaitingToSend ) ) != pdFALSE )
2595:Middlewares/Third_Party/FreeRTOS/Source/queue.c ****                 {
2596:Middlewares/Third_Party/FreeRTOS/Source/queue.c ****                     vTaskMissedYield();
2597:Middlewares/Third_Party/FreeRTOS/Source/queue.c ****                 }
2598:Middlewares/Third_Party/FreeRTOS/Source/queue.c ****                 else
2599:Middlewares/Third_Party/FreeRTOS/Source/queue.c ****                 {
2600:Middlewares/Third_Party/FreeRTOS/Source/queue.c ****                     mtCOVERAGE_TEST_MARKER();
2601:Middlewares/Third_Party/FreeRTOS/Source/queue.c ****                 }
2602:Middlewares/Third_Party/FreeRTOS/Source/queue.c **** 
2603:Middlewares/Third_Party/FreeRTOS/Source/queue.c ****                 --cRxLock;
2604:Middlewares/Third_Party/FreeRTOS/Source/queue.c ****             }
2605:Middlewares/Third_Party/FreeRTOS/Source/queue.c ****             else
2606:Middlewares/Third_Party/FreeRTOS/Source/queue.c ****             {
2607:Middlewares/Third_Party/FreeRTOS/Source/queue.c ****                 break;
2608:Middlewares/Third_Party/FreeRTOS/Source/queue.c ****             }
2609:Middlewares/Third_Party/FreeRTOS/Source/queue.c ****         }
2610:Middlewares/Third_Party/FreeRTOS/Source/queue.c **** 
2611:Middlewares/Third_Party/FreeRTOS/Source/queue.c ****         pxQueue->cRxLock = queueUNLOCKED;
2612:Middlewares/Third_Party/FreeRTOS/Source/queue.c ****     }
2613:Middlewares/Third_Party/FreeRTOS/Source/queue.c ****     taskEXIT_CRITICAL();
2614:Middlewares/Third_Party/FreeRTOS/Source/queue.c **** }
ARM GAS  /tmp/ccmofomj.s 			page 48


2615:Middlewares/Third_Party/FreeRTOS/Source/queue.c **** /*-----------------------------------------------------------*/
2616:Middlewares/Third_Party/FreeRTOS/Source/queue.c **** 
2617:Middlewares/Third_Party/FreeRTOS/Source/queue.c **** static BaseType_t prvIsQueueEmpty( const Queue_t * pxQueue )
2618:Middlewares/Third_Party/FreeRTOS/Source/queue.c **** {
2619:Middlewares/Third_Party/FreeRTOS/Source/queue.c ****     BaseType_t xReturn;
2620:Middlewares/Third_Party/FreeRTOS/Source/queue.c **** 
2621:Middlewares/Third_Party/FreeRTOS/Source/queue.c ****     taskENTER_CRITICAL();
2622:Middlewares/Third_Party/FreeRTOS/Source/queue.c ****     {
2623:Middlewares/Third_Party/FreeRTOS/Source/queue.c ****         if( pxQueue->uxMessagesWaiting == ( UBaseType_t ) 0 )
2624:Middlewares/Third_Party/FreeRTOS/Source/queue.c ****         {
2625:Middlewares/Third_Party/FreeRTOS/Source/queue.c ****             xReturn = pdTRUE;
2626:Middlewares/Third_Party/FreeRTOS/Source/queue.c ****         }
2627:Middlewares/Third_Party/FreeRTOS/Source/queue.c ****         else
2628:Middlewares/Third_Party/FreeRTOS/Source/queue.c ****         {
2629:Middlewares/Third_Party/FreeRTOS/Source/queue.c ****             xReturn = pdFALSE;
2630:Middlewares/Third_Party/FreeRTOS/Source/queue.c ****         }
2631:Middlewares/Third_Party/FreeRTOS/Source/queue.c ****     }
2632:Middlewares/Third_Party/FreeRTOS/Source/queue.c ****     taskEXIT_CRITICAL();
2633:Middlewares/Third_Party/FreeRTOS/Source/queue.c **** 
2634:Middlewares/Third_Party/FreeRTOS/Source/queue.c ****     return xReturn;
2635:Middlewares/Third_Party/FreeRTOS/Source/queue.c **** }
2636:Middlewares/Third_Party/FreeRTOS/Source/queue.c **** /*-----------------------------------------------------------*/
2637:Middlewares/Third_Party/FreeRTOS/Source/queue.c **** 
2638:Middlewares/Third_Party/FreeRTOS/Source/queue.c **** BaseType_t xQueueIsQueueEmptyFromISR( const QueueHandle_t xQueue )
2639:Middlewares/Third_Party/FreeRTOS/Source/queue.c **** {
2640:Middlewares/Third_Party/FreeRTOS/Source/queue.c ****     BaseType_t xReturn;
2641:Middlewares/Third_Party/FreeRTOS/Source/queue.c ****     Queue_t * const pxQueue = xQueue;
2642:Middlewares/Third_Party/FreeRTOS/Source/queue.c **** 
2643:Middlewares/Third_Party/FreeRTOS/Source/queue.c ****     traceENTER_xQueueIsQueueEmptyFromISR( xQueue );
2644:Middlewares/Third_Party/FreeRTOS/Source/queue.c **** 
2645:Middlewares/Third_Party/FreeRTOS/Source/queue.c ****     configASSERT( pxQueue );
2646:Middlewares/Third_Party/FreeRTOS/Source/queue.c **** 
2647:Middlewares/Third_Party/FreeRTOS/Source/queue.c ****     if( pxQueue->uxMessagesWaiting == ( UBaseType_t ) 0 )
2648:Middlewares/Third_Party/FreeRTOS/Source/queue.c ****     {
2649:Middlewares/Third_Party/FreeRTOS/Source/queue.c ****         xReturn = pdTRUE;
2650:Middlewares/Third_Party/FreeRTOS/Source/queue.c ****     }
2651:Middlewares/Third_Party/FreeRTOS/Source/queue.c ****     else
2652:Middlewares/Third_Party/FreeRTOS/Source/queue.c ****     {
2653:Middlewares/Third_Party/FreeRTOS/Source/queue.c ****         xReturn = pdFALSE;
2654:Middlewares/Third_Party/FreeRTOS/Source/queue.c ****     }
2655:Middlewares/Third_Party/FreeRTOS/Source/queue.c **** 
2656:Middlewares/Third_Party/FreeRTOS/Source/queue.c ****     traceRETURN_xQueueIsQueueEmptyFromISR( xReturn );
2657:Middlewares/Third_Party/FreeRTOS/Source/queue.c **** 
2658:Middlewares/Third_Party/FreeRTOS/Source/queue.c ****     return xReturn;
2659:Middlewares/Third_Party/FreeRTOS/Source/queue.c **** }
2660:Middlewares/Third_Party/FreeRTOS/Source/queue.c **** /*-----------------------------------------------------------*/
2661:Middlewares/Third_Party/FreeRTOS/Source/queue.c **** 
2662:Middlewares/Third_Party/FreeRTOS/Source/queue.c **** static BaseType_t prvIsQueueFull( const Queue_t * pxQueue )
2663:Middlewares/Third_Party/FreeRTOS/Source/queue.c **** {
  69              		.loc 1 2663 1 is_stmt 1 view -0
  70              		.cfi_startproc
  71              		@ args = 0, pretend = 0, frame = 0
  72              		@ frame_needed = 0, uses_anonymous_args = 0
  73              		.loc 1 2663 1 is_stmt 0 view .LVU13
  74 0000 10B5     		push	{r4, lr}
  75              	.LCFI0:
  76              		.cfi_def_cfa_offset 8
ARM GAS  /tmp/ccmofomj.s 			page 49


  77              		.cfi_offset 4, -8
  78              		.cfi_offset 14, -4
  79 0002 0446     		mov	r4, r0
2664:Middlewares/Third_Party/FreeRTOS/Source/queue.c ****     BaseType_t xReturn;
  80              		.loc 1 2664 5 is_stmt 1 view .LVU14
2665:Middlewares/Third_Party/FreeRTOS/Source/queue.c **** 
2666:Middlewares/Third_Party/FreeRTOS/Source/queue.c ****     taskENTER_CRITICAL();
  81              		.loc 1 2666 5 view .LVU15
  82 0004 FFF7FEFF 		bl	vPortEnterCritical
  83              	.LVL5:
2667:Middlewares/Third_Party/FreeRTOS/Source/queue.c ****     {
2668:Middlewares/Third_Party/FreeRTOS/Source/queue.c ****         if( pxQueue->uxMessagesWaiting == pxQueue->uxLength )
  84              		.loc 1 2668 9 view .LVU16
  85              		.loc 1 2668 20 is_stmt 0 view .LVU17
  86 0008 A26B     		ldr	r2, [r4, #56]
  87              		.loc 1 2668 50 view .LVU18
  88 000a E36B     		ldr	r3, [r4, #60]
  89              		.loc 1 2668 11 view .LVU19
  90 000c 9A42     		cmp	r2, r3
  91 000e 04D0     		beq	.L7
2669:Middlewares/Third_Party/FreeRTOS/Source/queue.c ****         {
2670:Middlewares/Third_Party/FreeRTOS/Source/queue.c ****             xReturn = pdTRUE;
2671:Middlewares/Third_Party/FreeRTOS/Source/queue.c ****         }
2672:Middlewares/Third_Party/FreeRTOS/Source/queue.c ****         else
2673:Middlewares/Third_Party/FreeRTOS/Source/queue.c ****         {
2674:Middlewares/Third_Party/FreeRTOS/Source/queue.c ****             xReturn = pdFALSE;
  92              		.loc 1 2674 21 view .LVU20
  93 0010 0024     		movs	r4, #0
  94              	.LVL6:
  95              	.L4:
2675:Middlewares/Third_Party/FreeRTOS/Source/queue.c ****         }
2676:Middlewares/Third_Party/FreeRTOS/Source/queue.c ****     }
2677:Middlewares/Third_Party/FreeRTOS/Source/queue.c ****     taskEXIT_CRITICAL();
  96              		.loc 1 2677 5 is_stmt 1 view .LVU21
  97 0012 FFF7FEFF 		bl	vPortExitCritical
  98              	.LVL7:
2678:Middlewares/Third_Party/FreeRTOS/Source/queue.c **** 
2679:Middlewares/Third_Party/FreeRTOS/Source/queue.c ****     return xReturn;
  99              		.loc 1 2679 5 view .LVU22
2680:Middlewares/Third_Party/FreeRTOS/Source/queue.c **** }
 100              		.loc 1 2680 1 is_stmt 0 view .LVU23
 101 0016 2046     		mov	r0, r4
 102 0018 10BD     		pop	{r4, pc}
 103              	.LVL8:
 104              	.L7:
2670:Middlewares/Third_Party/FreeRTOS/Source/queue.c ****         }
 105              		.loc 1 2670 21 view .LVU24
 106 001a 0124     		movs	r4, #1
 107              	.LVL9:
2670:Middlewares/Third_Party/FreeRTOS/Source/queue.c ****         }
 108              		.loc 1 2670 21 view .LVU25
 109 001c F9E7     		b	.L4
 110              		.cfi_endproc
 111              	.LFE37:
 113              		.section	.text.prvIsQueueEmpty,"ax",%progbits
 114              		.align	1
 115              		.syntax unified
ARM GAS  /tmp/ccmofomj.s 			page 50


 116              		.thumb
 117              		.thumb_func
 119              	prvIsQueueEmpty:
 120              	.LVL10:
 121              	.LFB35:
2618:Middlewares/Third_Party/FreeRTOS/Source/queue.c ****     BaseType_t xReturn;
 122              		.loc 1 2618 1 is_stmt 1 view -0
 123              		.cfi_startproc
 124              		@ args = 0, pretend = 0, frame = 0
 125              		@ frame_needed = 0, uses_anonymous_args = 0
2618:Middlewares/Third_Party/FreeRTOS/Source/queue.c ****     BaseType_t xReturn;
 126              		.loc 1 2618 1 is_stmt 0 view .LVU27
 127 0000 10B5     		push	{r4, lr}
 128              	.LCFI1:
 129              		.cfi_def_cfa_offset 8
 130              		.cfi_offset 4, -8
 131              		.cfi_offset 14, -4
 132 0002 0446     		mov	r4, r0
2619:Middlewares/Third_Party/FreeRTOS/Source/queue.c **** 
 133              		.loc 1 2619 5 is_stmt 1 view .LVU28
2621:Middlewares/Third_Party/FreeRTOS/Source/queue.c ****     {
 134              		.loc 1 2621 5 view .LVU29
 135 0004 FFF7FEFF 		bl	vPortEnterCritical
 136              	.LVL11:
2623:Middlewares/Third_Party/FreeRTOS/Source/queue.c ****         {
 137              		.loc 1 2623 9 view .LVU30
2623:Middlewares/Third_Party/FreeRTOS/Source/queue.c ****         {
 138              		.loc 1 2623 20 is_stmt 0 view .LVU31
 139 0008 A36B     		ldr	r3, [r4, #56]
2623:Middlewares/Third_Party/FreeRTOS/Source/queue.c ****         {
 140              		.loc 1 2623 11 view .LVU32
 141 000a 23B9     		cbnz	r3, .L10
2625:Middlewares/Third_Party/FreeRTOS/Source/queue.c ****         }
 142              		.loc 1 2625 21 view .LVU33
 143 000c 0124     		movs	r4, #1
 144              	.LVL12:
 145              	.L9:
2632:Middlewares/Third_Party/FreeRTOS/Source/queue.c **** 
 146              		.loc 1 2632 5 is_stmt 1 view .LVU34
 147 000e FFF7FEFF 		bl	vPortExitCritical
 148              	.LVL13:
2634:Middlewares/Third_Party/FreeRTOS/Source/queue.c **** }
 149              		.loc 1 2634 5 view .LVU35
2635:Middlewares/Third_Party/FreeRTOS/Source/queue.c **** /*-----------------------------------------------------------*/
 150              		.loc 1 2635 1 is_stmt 0 view .LVU36
 151 0012 2046     		mov	r0, r4
 152 0014 10BD     		pop	{r4, pc}
 153              	.LVL14:
 154              	.L10:
2629:Middlewares/Third_Party/FreeRTOS/Source/queue.c ****         }
 155              		.loc 1 2629 21 view .LVU37
 156 0016 0024     		movs	r4, #0
 157              	.LVL15:
2629:Middlewares/Third_Party/FreeRTOS/Source/queue.c ****         }
 158              		.loc 1 2629 21 view .LVU38
 159 0018 F9E7     		b	.L9
 160              		.cfi_endproc
ARM GAS  /tmp/ccmofomj.s 			page 51


 161              	.LFE35:
 163              		.section	.text.prvCopyDataToQueue,"ax",%progbits
 164              		.align	1
 165              		.syntax unified
 166              		.thumb
 167              		.thumb_func
 169              	prvCopyDataToQueue:
 170              	.LVL16:
 171              	.LFB32:
2396:Middlewares/Third_Party/FreeRTOS/Source/queue.c ****     BaseType_t xReturn = pdFALSE;
 172              		.loc 1 2396 1 is_stmt 1 view -0
 173              		.cfi_startproc
 174              		@ args = 0, pretend = 0, frame = 0
 175              		@ frame_needed = 0, uses_anonymous_args = 0
2396:Middlewares/Third_Party/FreeRTOS/Source/queue.c ****     BaseType_t xReturn = pdFALSE;
 176              		.loc 1 2396 1 is_stmt 0 view .LVU40
 177 0000 70B5     		push	{r4, r5, r6, lr}
 178              	.LCFI2:
 179              		.cfi_def_cfa_offset 16
 180              		.cfi_offset 4, -16
 181              		.cfi_offset 5, -12
 182              		.cfi_offset 6, -8
 183              		.cfi_offset 14, -4
 184 0002 0446     		mov	r4, r0
 185 0004 1546     		mov	r5, r2
2397:Middlewares/Third_Party/FreeRTOS/Source/queue.c ****     UBaseType_t uxMessagesWaiting;
 186              		.loc 1 2397 5 is_stmt 1 view .LVU41
 187              	.LVL17:
2398:Middlewares/Third_Party/FreeRTOS/Source/queue.c **** 
 188              		.loc 1 2398 5 view .LVU42
2402:Middlewares/Third_Party/FreeRTOS/Source/queue.c **** 
 189              		.loc 1 2402 5 view .LVU43
2402:Middlewares/Third_Party/FreeRTOS/Source/queue.c **** 
 190              		.loc 1 2402 23 is_stmt 0 view .LVU44
 191 0006 866B     		ldr	r6, [r0, #56]
 192              	.LVL18:
2404:Middlewares/Third_Party/FreeRTOS/Source/queue.c ****     {
 193              		.loc 1 2404 5 is_stmt 1 view .LVU45
2404:Middlewares/Third_Party/FreeRTOS/Source/queue.c ****     {
 194              		.loc 1 2404 16 is_stmt 0 view .LVU46
 195 0008 026C     		ldr	r2, [r0, #64]
 196              	.LVL19:
2404:Middlewares/Third_Party/FreeRTOS/Source/queue.c ****     {
 197              		.loc 1 2404 7 view .LVU47
 198 000a 5AB9     		cbnz	r2, .L13
2408:Middlewares/Third_Party/FreeRTOS/Source/queue.c ****             {
 199              		.loc 1 2408 13 is_stmt 1 view .LVU48
2408:Middlewares/Third_Party/FreeRTOS/Source/queue.c ****             {
 200              		.loc 1 2408 24 is_stmt 0 view .LVU49
 201 000c 0368     		ldr	r3, [r0]
2408:Middlewares/Third_Party/FreeRTOS/Source/queue.c ****             {
 202              		.loc 1 2408 15 view .LVU50
 203 000e 1BB1     		cbz	r3, .L22
2397:Middlewares/Third_Party/FreeRTOS/Source/queue.c ****     UBaseType_t uxMessagesWaiting;
 204              		.loc 1 2397 16 view .LVU51
 205 0010 0020     		movs	r0, #0
 206              	.LVL20:
ARM GAS  /tmp/ccmofomj.s 			page 52


 207              	.L14:
2466:Middlewares/Third_Party/FreeRTOS/Source/queue.c ****         }
 208              		.loc 1 2466 37 is_stmt 1 view .LVU52
2470:Middlewares/Third_Party/FreeRTOS/Source/queue.c **** 
 209              		.loc 1 2470 5 view .LVU53
2470:Middlewares/Third_Party/FreeRTOS/Source/queue.c **** 
 210              		.loc 1 2470 34 is_stmt 0 view .LVU54
 211 0012 0136     		adds	r6, r6, #1
 212              	.LVL21:
2470:Middlewares/Third_Party/FreeRTOS/Source/queue.c **** 
 213              		.loc 1 2470 32 view .LVU55
 214 0014 A663     		str	r6, [r4, #56]
2472:Middlewares/Third_Party/FreeRTOS/Source/queue.c **** }
 215              		.loc 1 2472 5 is_stmt 1 view .LVU56
2473:Middlewares/Third_Party/FreeRTOS/Source/queue.c **** /*-----------------------------------------------------------*/
 216              		.loc 1 2473 1 is_stmt 0 view .LVU57
 217 0016 70BD     		pop	{r4, r5, r6, pc}
 218              	.LVL22:
 219              	.L22:
2411:Middlewares/Third_Party/FreeRTOS/Source/queue.c ****                 pxQueue->u.xSemaphore.xMutexHolder = NULL;
 220              		.loc 1 2411 17 is_stmt 1 view .LVU58
2411:Middlewares/Third_Party/FreeRTOS/Source/queue.c ****                 pxQueue->u.xSemaphore.xMutexHolder = NULL;
 221              		.loc 1 2411 27 is_stmt 0 view .LVU59
 222 0018 8068     		ldr	r0, [r0, #8]
 223              	.LVL23:
2411:Middlewares/Third_Party/FreeRTOS/Source/queue.c ****                 pxQueue->u.xSemaphore.xMutexHolder = NULL;
 224              		.loc 1 2411 27 view .LVU60
 225 001a FFF7FEFF 		bl	xTaskPriorityDisinherit
 226              	.LVL24:
2412:Middlewares/Third_Party/FreeRTOS/Source/queue.c ****             }
 227              		.loc 1 2412 17 is_stmt 1 view .LVU61
2412:Middlewares/Third_Party/FreeRTOS/Source/queue.c ****             }
 228              		.loc 1 2412 52 is_stmt 0 view .LVU62
 229 001e 0023     		movs	r3, #0
 230 0020 A360     		str	r3, [r4, #8]
 231 0022 F6E7     		b	.L14
 232              	.LVL25:
 233              	.L13:
2421:Middlewares/Third_Party/FreeRTOS/Source/queue.c ****     {
 234              		.loc 1 2421 10 is_stmt 1 view .LVU63
2421:Middlewares/Third_Party/FreeRTOS/Source/queue.c ****     {
 235              		.loc 1 2421 12 is_stmt 0 view .LVU64
 236 0024 6DB9     		cbnz	r5, .L15
2423:Middlewares/Third_Party/FreeRTOS/Source/queue.c ****         pxQueue->pcWriteTo += pxQueue->uxItemSize;
 237              		.loc 1 2423 9 is_stmt 1 view .LVU65
2423:Middlewares/Third_Party/FreeRTOS/Source/queue.c ****         pxQueue->pcWriteTo += pxQueue->uxItemSize;
 238              		.loc 1 2423 18 is_stmt 0 view .LVU66
 239 0026 4068     		ldr	r0, [r0, #4]
 240              	.LVL26:
2423:Middlewares/Third_Party/FreeRTOS/Source/queue.c ****         pxQueue->pcWriteTo += pxQueue->uxItemSize;
 241              		.loc 1 2423 18 view .LVU67
 242 0028 FFF7FEFF 		bl	memcpy
 243              	.LVL27:
2424:Middlewares/Third_Party/FreeRTOS/Source/queue.c **** 
 244              		.loc 1 2424 9 is_stmt 1 view .LVU68
2424:Middlewares/Third_Party/FreeRTOS/Source/queue.c **** 
 245              		.loc 1 2424 16 is_stmt 0 view .LVU69
ARM GAS  /tmp/ccmofomj.s 			page 53


 246 002c 6368     		ldr	r3, [r4, #4]
2424:Middlewares/Third_Party/FreeRTOS/Source/queue.c **** 
 247              		.loc 1 2424 38 view .LVU70
 248 002e 226C     		ldr	r2, [r4, #64]
2424:Middlewares/Third_Party/FreeRTOS/Source/queue.c **** 
 249              		.loc 1 2424 28 view .LVU71
 250 0030 1344     		add	r3, r3, r2
 251 0032 6360     		str	r3, [r4, #4]
2426:Middlewares/Third_Party/FreeRTOS/Source/queue.c ****         {
 252              		.loc 1 2426 9 is_stmt 1 view .LVU72
2426:Middlewares/Third_Party/FreeRTOS/Source/queue.c ****         {
 253              		.loc 1 2426 52 is_stmt 0 view .LVU73
 254 0034 A268     		ldr	r2, [r4, #8]
2426:Middlewares/Third_Party/FreeRTOS/Source/queue.c ****         {
 255              		.loc 1 2426 11 view .LVU74
 256 0036 9342     		cmp	r3, r2
 257 0038 19D3     		bcc	.L18
2428:Middlewares/Third_Party/FreeRTOS/Source/queue.c ****         }
 258              		.loc 1 2428 13 is_stmt 1 view .LVU75
2428:Middlewares/Third_Party/FreeRTOS/Source/queue.c ****         }
 259              		.loc 1 2428 41 is_stmt 0 view .LVU76
 260 003a 2368     		ldr	r3, [r4]
2428:Middlewares/Third_Party/FreeRTOS/Source/queue.c ****         }
 261              		.loc 1 2428 32 view .LVU77
 262 003c 6360     		str	r3, [r4, #4]
2397:Middlewares/Third_Party/FreeRTOS/Source/queue.c ****     UBaseType_t uxMessagesWaiting;
 263              		.loc 1 2397 16 view .LVU78
 264 003e 2846     		mov	r0, r5
 265 0040 E7E7     		b	.L14
 266              	.LVL28:
 267              	.L15:
2437:Middlewares/Third_Party/FreeRTOS/Source/queue.c ****         pxQueue->u.xQueue.pcReadFrom -= pxQueue->uxItemSize;
 268              		.loc 1 2437 9 is_stmt 1 view .LVU79
2437:Middlewares/Third_Party/FreeRTOS/Source/queue.c ****         pxQueue->u.xQueue.pcReadFrom -= pxQueue->uxItemSize;
 269              		.loc 1 2437 18 is_stmt 0 view .LVU80
 270 0042 C068     		ldr	r0, [r0, #12]
 271              	.LVL29:
2437:Middlewares/Third_Party/FreeRTOS/Source/queue.c ****         pxQueue->u.xQueue.pcReadFrom -= pxQueue->uxItemSize;
 272              		.loc 1 2437 18 view .LVU81
 273 0044 FFF7FEFF 		bl	memcpy
 274              	.LVL30:
2438:Middlewares/Third_Party/FreeRTOS/Source/queue.c **** 
 275              		.loc 1 2438 9 is_stmt 1 view .LVU82
2438:Middlewares/Third_Party/FreeRTOS/Source/queue.c **** 
 276              		.loc 1 2438 26 is_stmt 0 view .LVU83
 277 0048 E368     		ldr	r3, [r4, #12]
2438:Middlewares/Third_Party/FreeRTOS/Source/queue.c **** 
 278              		.loc 1 2438 48 view .LVU84
 279 004a 226C     		ldr	r2, [r4, #64]
2438:Middlewares/Third_Party/FreeRTOS/Source/queue.c **** 
 280              		.loc 1 2438 38 view .LVU85
 281 004c 5142     		rsbs	r1, r2, #0
 282 004e 9B1A     		subs	r3, r3, r2
 283 0050 E360     		str	r3, [r4, #12]
2440:Middlewares/Third_Party/FreeRTOS/Source/queue.c ****         {
 284              		.loc 1 2440 9 is_stmt 1 view .LVU86
2440:Middlewares/Third_Party/FreeRTOS/Source/queue.c ****         {
ARM GAS  /tmp/ccmofomj.s 			page 54


 285              		.loc 1 2440 51 is_stmt 0 view .LVU87
 286 0052 2268     		ldr	r2, [r4]
2440:Middlewares/Third_Party/FreeRTOS/Source/queue.c ****         {
 287              		.loc 1 2440 11 view .LVU88
 288 0054 9342     		cmp	r3, r2
 289 0056 02D2     		bcs	.L16
2442:Middlewares/Third_Party/FreeRTOS/Source/queue.c ****         }
 290              		.loc 1 2442 13 is_stmt 1 view .LVU89
2442:Middlewares/Third_Party/FreeRTOS/Source/queue.c ****         }
 291              		.loc 1 2442 63 is_stmt 0 view .LVU90
 292 0058 A368     		ldr	r3, [r4, #8]
2442:Middlewares/Third_Party/FreeRTOS/Source/queue.c ****         }
 293              		.loc 1 2442 71 view .LVU91
 294 005a 0B44     		add	r3, r3, r1
2442:Middlewares/Third_Party/FreeRTOS/Source/queue.c ****         }
 295              		.loc 1 2442 42 view .LVU92
 296 005c E360     		str	r3, [r4, #12]
 297              	.L16:
2446:Middlewares/Third_Party/FreeRTOS/Source/queue.c ****         }
 298              		.loc 1 2446 37 is_stmt 1 view .LVU93
2449:Middlewares/Third_Party/FreeRTOS/Source/queue.c ****         {
 299              		.loc 1 2449 9 view .LVU94
2449:Middlewares/Third_Party/FreeRTOS/Source/queue.c ****         {
 300              		.loc 1 2449 11 is_stmt 0 view .LVU95
 301 005e 022D     		cmp	r5, #2
 302 0060 01D0     		beq	.L23
2397:Middlewares/Third_Party/FreeRTOS/Source/queue.c ****     UBaseType_t uxMessagesWaiting;
 303              		.loc 1 2397 16 view .LVU96
 304 0062 0020     		movs	r0, #0
 305 0064 D5E7     		b	.L14
 306              	.L23:
2451:Middlewares/Third_Party/FreeRTOS/Source/queue.c ****             {
 307              		.loc 1 2451 13 is_stmt 1 view .LVU97
2451:Middlewares/Third_Party/FreeRTOS/Source/queue.c ****             {
 308              		.loc 1 2451 15 is_stmt 0 view .LVU98
 309 0066 26B1     		cbz	r6, .L20
2457:Middlewares/Third_Party/FreeRTOS/Source/queue.c ****             }
 310              		.loc 1 2457 17 is_stmt 1 view .LVU99
 311 0068 013E     		subs	r6, r6, #1
 312              	.LVL31:
2397:Middlewares/Third_Party/FreeRTOS/Source/queue.c ****     UBaseType_t uxMessagesWaiting;
 313              		.loc 1 2397 16 is_stmt 0 view .LVU100
 314 006a 0020     		movs	r0, #0
 315 006c D1E7     		b	.L14
 316              	.L18:
2397:Middlewares/Third_Party/FreeRTOS/Source/queue.c ****     UBaseType_t uxMessagesWaiting;
 317              		.loc 1 2397 16 view .LVU101
 318 006e 2846     		mov	r0, r5
 319 0070 CFE7     		b	.L14
 320              	.L20:
2397:Middlewares/Third_Party/FreeRTOS/Source/queue.c ****     UBaseType_t uxMessagesWaiting;
 321              		.loc 1 2397 16 view .LVU102
 322 0072 0020     		movs	r0, #0
 323 0074 CDE7     		b	.L14
 324              		.cfi_endproc
 325              	.LFE32:
 327              		.section	.text.prvCopyDataFromQueue,"ax",%progbits
ARM GAS  /tmp/ccmofomj.s 			page 55


 328              		.align	1
 329              		.syntax unified
 330              		.thumb
 331              		.thumb_func
 333              	prvCopyDataFromQueue:
 334              	.LVL32:
 335              	.LFB33:
2478:Middlewares/Third_Party/FreeRTOS/Source/queue.c ****     if( pxQueue->uxItemSize != ( UBaseType_t ) 0 )
 336              		.loc 1 2478 1 is_stmt 1 view -0
 337              		.cfi_startproc
 338              		@ args = 0, pretend = 0, frame = 0
 339              		@ frame_needed = 0, uses_anonymous_args = 0
2478:Middlewares/Third_Party/FreeRTOS/Source/queue.c ****     if( pxQueue->uxItemSize != ( UBaseType_t ) 0 )
 340              		.loc 1 2478 1 is_stmt 0 view .LVU104
 341 0000 0346     		mov	r3, r0
2479:Middlewares/Third_Party/FreeRTOS/Source/queue.c ****     {
 342              		.loc 1 2479 5 is_stmt 1 view .LVU105
2479:Middlewares/Third_Party/FreeRTOS/Source/queue.c ****     {
 343              		.loc 1 2479 16 is_stmt 0 view .LVU106
 344 0002 026C     		ldr	r2, [r0, #64]
2479:Middlewares/Third_Party/FreeRTOS/Source/queue.c ****     {
 345              		.loc 1 2479 7 view .LVU107
 346 0004 6AB1     		cbz	r2, .L28
2478:Middlewares/Third_Party/FreeRTOS/Source/queue.c ****     if( pxQueue->uxItemSize != ( UBaseType_t ) 0 )
 347              		.loc 1 2478 1 view .LVU108
 348 0006 10B5     		push	{r4, lr}
 349              	.LCFI3:
 350              		.cfi_def_cfa_offset 8
 351              		.cfi_offset 4, -8
 352              		.cfi_offset 14, -4
 353 0008 0846     		mov	r0, r1
 354              	.LVL33:
2481:Middlewares/Third_Party/FreeRTOS/Source/queue.c **** 
 355              		.loc 1 2481 9 is_stmt 1 view .LVU109
2481:Middlewares/Third_Party/FreeRTOS/Source/queue.c **** 
 356              		.loc 1 2481 26 is_stmt 0 view .LVU110
 357 000a D968     		ldr	r1, [r3, #12]
 358              	.LVL34:
2481:Middlewares/Third_Party/FreeRTOS/Source/queue.c **** 
 359              		.loc 1 2481 38 view .LVU111
 360 000c 1144     		add	r1, r1, r2
 361 000e D960     		str	r1, [r3, #12]
2483:Middlewares/Third_Party/FreeRTOS/Source/queue.c ****         {
 362              		.loc 1 2483 9 is_stmt 1 view .LVU112
2483:Middlewares/Third_Party/FreeRTOS/Source/queue.c ****         {
 363              		.loc 1 2483 11 is_stmt 0 view .LVU113
 364 0010 9C68     		ldr	r4, [r3, #8]
 365 0012 A142     		cmp	r1, r4
 366 0014 01D3     		bcc	.L26
2485:Middlewares/Third_Party/FreeRTOS/Source/queue.c ****         }
 367              		.loc 1 2485 13 is_stmt 1 view .LVU114
2485:Middlewares/Third_Party/FreeRTOS/Source/queue.c ****         }
 368              		.loc 1 2485 51 is_stmt 0 view .LVU115
 369 0016 1968     		ldr	r1, [r3]
2485:Middlewares/Third_Party/FreeRTOS/Source/queue.c ****         }
 370              		.loc 1 2485 42 view .LVU116
 371 0018 D960     		str	r1, [r3, #12]
ARM GAS  /tmp/ccmofomj.s 			page 56


 372              	.L26:
2489:Middlewares/Third_Party/FreeRTOS/Source/queue.c ****         }
 373              		.loc 1 2489 37 is_stmt 1 view .LVU117
2492:Middlewares/Third_Party/FreeRTOS/Source/queue.c ****     }
 374              		.loc 1 2492 9 view .LVU118
2492:Middlewares/Third_Party/FreeRTOS/Source/queue.c ****     }
 375              		.loc 1 2492 18 is_stmt 0 view .LVU119
 376 001a D968     		ldr	r1, [r3, #12]
 377 001c FFF7FEFF 		bl	memcpy
 378              	.LVL35:
2494:Middlewares/Third_Party/FreeRTOS/Source/queue.c **** /*-----------------------------------------------------------*/
 379              		.loc 1 2494 1 view .LVU120
 380 0020 10BD     		pop	{r4, pc}
 381              	.LVL36:
 382              	.L28:
 383              	.LCFI4:
 384              		.cfi_def_cfa_offset 0
 385              		.cfi_restore 4
 386              		.cfi_restore 14
2494:Middlewares/Third_Party/FreeRTOS/Source/queue.c **** /*-----------------------------------------------------------*/
 387              		.loc 1 2494 1 view .LVU121
 388 0022 7047     		bx	lr
 389              		.cfi_endproc
 390              	.LFE33:
 392              		.section	.text.prvUnlockQueue,"ax",%progbits
 393              		.align	1
 394              		.syntax unified
 395              		.thumb
 396              		.thumb_func
 398              	prvUnlockQueue:
 399              	.LVL37:
 400              	.LFB34:
2498:Middlewares/Third_Party/FreeRTOS/Source/queue.c ****     /* THIS FUNCTION MUST BE CALLED WITH THE SCHEDULER SUSPENDED. */
 401              		.loc 1 2498 1 is_stmt 1 view -0
 402              		.cfi_startproc
 403              		@ args = 0, pretend = 0, frame = 0
 404              		@ frame_needed = 0, uses_anonymous_args = 0
2498:Middlewares/Third_Party/FreeRTOS/Source/queue.c ****     /* THIS FUNCTION MUST BE CALLED WITH THE SCHEDULER SUSPENDED. */
 405              		.loc 1 2498 1 is_stmt 0 view .LVU123
 406 0000 38B5     		push	{r3, r4, r5, lr}
 407              	.LCFI5:
 408              		.cfi_def_cfa_offset 16
 409              		.cfi_offset 3, -16
 410              		.cfi_offset 4, -12
 411              		.cfi_offset 5, -8
 412              		.cfi_offset 14, -4
 413 0002 0546     		mov	r5, r0
2505:Middlewares/Third_Party/FreeRTOS/Source/queue.c ****     {
 414              		.loc 1 2505 5 is_stmt 1 view .LVU124
 415 0004 FFF7FEFF 		bl	vPortEnterCritical
 416              	.LVL38:
 417              	.LBB2:
2507:Middlewares/Third_Party/FreeRTOS/Source/queue.c **** 
 418              		.loc 1 2507 9 view .LVU125
2507:Middlewares/Third_Party/FreeRTOS/Source/queue.c **** 
 419              		.loc 1 2507 16 is_stmt 0 view .LVU126
 420 0008 95F84540 		ldrb	r4, [r5, #69]	@ zero_extendqisi2
ARM GAS  /tmp/ccmofomj.s 			page 57


 421 000c 64B2     		sxtb	r4, r4
 422              	.LVL39:
2510:Middlewares/Third_Party/FreeRTOS/Source/queue.c ****         {
 423              		.loc 1 2510 9 is_stmt 1 view .LVU127
2510:Middlewares/Third_Party/FreeRTOS/Source/queue.c ****         {
 424              		.loc 1 2510 14 is_stmt 0 view .LVU128
 425 000e 01E0     		b	.L32
 426              	.L34:
2568:Middlewares/Third_Party/FreeRTOS/Source/queue.c ****                     }
 427              		.loc 1 2568 49 is_stmt 1 view .LVU129
2578:Middlewares/Third_Party/FreeRTOS/Source/queue.c ****         }
 428              		.loc 1 2578 13 view .LVU130
 429 0010 013C     		subs	r4, r4, #1
 430              	.LVL40:
2578:Middlewares/Third_Party/FreeRTOS/Source/queue.c ****         }
 431              		.loc 1 2578 13 is_stmt 0 view .LVU131
 432 0012 64B2     		sxtb	r4, r4
 433              	.LVL41:
 434              	.L32:
2510:Middlewares/Third_Party/FreeRTOS/Source/queue.c ****         {
 435              		.loc 1 2510 24 is_stmt 1 view .LVU132
 436 0014 002C     		cmp	r4, #0
 437 0016 0ADD     		ble	.L33
2558:Middlewares/Third_Party/FreeRTOS/Source/queue.c ****                 {
 438              		.loc 1 2558 17 view .LVU133
2558:Middlewares/Third_Party/FreeRTOS/Source/queue.c ****                 {
 439              		.loc 1 2558 21 is_stmt 0 view .LVU134
 440 0018 6B6A     		ldr	r3, [r5, #36]
2558:Middlewares/Third_Party/FreeRTOS/Source/queue.c ****                 {
 441              		.loc 1 2558 19 view .LVU135
 442 001a 43B1     		cbz	r3, .L33
2560:Middlewares/Third_Party/FreeRTOS/Source/queue.c ****                     {
 443              		.loc 1 2560 21 is_stmt 1 view .LVU136
2560:Middlewares/Third_Party/FreeRTOS/Source/queue.c ****                     {
 444              		.loc 1 2560 25 is_stmt 0 view .LVU137
 445 001c 05F12400 		add	r0, r5, #36
 446 0020 FFF7FEFF 		bl	xTaskRemoveFromEventList
 447              	.LVL42:
2560:Middlewares/Third_Party/FreeRTOS/Source/queue.c ****                     {
 448              		.loc 1 2560 23 discriminator 1 view .LVU138
 449 0024 0028     		cmp	r0, #0
 450 0026 F3D0     		beq	.L34
2564:Middlewares/Third_Party/FreeRTOS/Source/queue.c ****                     }
 451              		.loc 1 2564 25 is_stmt 1 view .LVU139
 452 0028 FFF7FEFF 		bl	vTaskMissedYield
 453              	.LVL43:
 454 002c F0E7     		b	.L34
 455              	.L33:
2581:Middlewares/Third_Party/FreeRTOS/Source/queue.c ****     }
 456              		.loc 1 2581 9 view .LVU140
2581:Middlewares/Third_Party/FreeRTOS/Source/queue.c ****     }
 457              		.loc 1 2581 26 is_stmt 0 view .LVU141
 458 002e FF23     		movs	r3, #255
 459 0030 85F84530 		strb	r3, [r5, #69]
 460              	.LBE2:
2583:Middlewares/Third_Party/FreeRTOS/Source/queue.c **** 
 461              		.loc 1 2583 5 is_stmt 1 view .LVU142
ARM GAS  /tmp/ccmofomj.s 			page 58


 462 0034 FFF7FEFF 		bl	vPortExitCritical
 463              	.LVL44:
2586:Middlewares/Third_Party/FreeRTOS/Source/queue.c ****     {
 464              		.loc 1 2586 5 view .LVU143
 465 0038 FFF7FEFF 		bl	vPortEnterCritical
 466              	.LVL45:
 467              	.LBB3:
2588:Middlewares/Third_Party/FreeRTOS/Source/queue.c **** 
 468              		.loc 1 2588 9 view .LVU144
2588:Middlewares/Third_Party/FreeRTOS/Source/queue.c **** 
 469              		.loc 1 2588 16 is_stmt 0 view .LVU145
 470 003c 95F84440 		ldrb	r4, [r5, #68]	@ zero_extendqisi2
 471              	.LVL46:
2588:Middlewares/Third_Party/FreeRTOS/Source/queue.c **** 
 472              		.loc 1 2588 16 view .LVU146
 473 0040 64B2     		sxtb	r4, r4
 474              	.LVL47:
2590:Middlewares/Third_Party/FreeRTOS/Source/queue.c ****         {
 475              		.loc 1 2590 9 is_stmt 1 view .LVU147
2590:Middlewares/Third_Party/FreeRTOS/Source/queue.c ****         {
 476              		.loc 1 2590 14 is_stmt 0 view .LVU148
 477 0042 01E0     		b	.L36
 478              	.L38:
2600:Middlewares/Third_Party/FreeRTOS/Source/queue.c ****                 }
 479              		.loc 1 2600 45 is_stmt 1 view .LVU149
2603:Middlewares/Third_Party/FreeRTOS/Source/queue.c ****             }
 480              		.loc 1 2603 17 view .LVU150
 481 0044 013C     		subs	r4, r4, #1
 482              	.LVL48:
2603:Middlewares/Third_Party/FreeRTOS/Source/queue.c ****             }
 483              		.loc 1 2603 17 is_stmt 0 view .LVU151
 484 0046 64B2     		sxtb	r4, r4
 485              	.LVL49:
 486              	.L36:
2590:Middlewares/Third_Party/FreeRTOS/Source/queue.c ****         {
 487              		.loc 1 2590 24 is_stmt 1 view .LVU152
 488 0048 002C     		cmp	r4, #0
 489 004a 0ADD     		ble	.L37
2592:Middlewares/Third_Party/FreeRTOS/Source/queue.c ****             {
 490              		.loc 1 2592 13 view .LVU153
2592:Middlewares/Third_Party/FreeRTOS/Source/queue.c ****             {
 491              		.loc 1 2592 17 is_stmt 0 view .LVU154
 492 004c 2B69     		ldr	r3, [r5, #16]
2592:Middlewares/Third_Party/FreeRTOS/Source/queue.c ****             {
 493              		.loc 1 2592 15 view .LVU155
 494 004e 43B1     		cbz	r3, .L37
2594:Middlewares/Third_Party/FreeRTOS/Source/queue.c ****                 {
 495              		.loc 1 2594 17 is_stmt 1 view .LVU156
2594:Middlewares/Third_Party/FreeRTOS/Source/queue.c ****                 {
 496              		.loc 1 2594 21 is_stmt 0 view .LVU157
 497 0050 05F11000 		add	r0, r5, #16
 498 0054 FFF7FEFF 		bl	xTaskRemoveFromEventList
 499              	.LVL50:
2594:Middlewares/Third_Party/FreeRTOS/Source/queue.c ****                 {
 500              		.loc 1 2594 19 discriminator 1 view .LVU158
 501 0058 0028     		cmp	r0, #0
 502 005a F3D0     		beq	.L38
ARM GAS  /tmp/ccmofomj.s 			page 59


2596:Middlewares/Third_Party/FreeRTOS/Source/queue.c ****                 }
 503              		.loc 1 2596 21 is_stmt 1 view .LVU159
 504 005c FFF7FEFF 		bl	vTaskMissedYield
 505              	.LVL51:
 506 0060 F0E7     		b	.L38
 507              	.L37:
2611:Middlewares/Third_Party/FreeRTOS/Source/queue.c ****     }
 508              		.loc 1 2611 9 view .LVU160
2611:Middlewares/Third_Party/FreeRTOS/Source/queue.c ****     }
 509              		.loc 1 2611 26 is_stmt 0 view .LVU161
 510 0062 FF23     		movs	r3, #255
 511 0064 85F84430 		strb	r3, [r5, #68]
 512              	.LBE3:
2613:Middlewares/Third_Party/FreeRTOS/Source/queue.c **** }
 513              		.loc 1 2613 5 is_stmt 1 view .LVU162
 514 0068 FFF7FEFF 		bl	vPortExitCritical
 515              	.LVL52:
2614:Middlewares/Third_Party/FreeRTOS/Source/queue.c **** /*-----------------------------------------------------------*/
 516              		.loc 1 2614 1 is_stmt 0 view .LVU163
 517 006c 38BD     		pop	{r3, r4, r5, pc}
2614:Middlewares/Third_Party/FreeRTOS/Source/queue.c **** /*-----------------------------------------------------------*/
 518              		.loc 1 2614 1 view .LVU164
 519              		.cfi_endproc
 520              	.LFE34:
 522              		.section	.text.xQueueGenericReset,"ax",%progbits
 523              		.align	1
 524              		.global	xQueueGenericReset
 525              		.syntax unified
 526              		.thumb
 527              		.thumb_func
 529              	xQueueGenericReset:
 530              	.LVL53:
 531              	.LFB0:
 305:Middlewares/Third_Party/FreeRTOS/Source/queue.c ****     BaseType_t xReturn = pdPASS;
 532              		.loc 1 305 1 is_stmt 1 view -0
 533              		.cfi_startproc
 534              		@ args = 0, pretend = 0, frame = 0
 535              		@ frame_needed = 0, uses_anonymous_args = 0
 305:Middlewares/Third_Party/FreeRTOS/Source/queue.c ****     BaseType_t xReturn = pdPASS;
 536              		.loc 1 305 1 is_stmt 0 view .LVU166
 537 0000 38B5     		push	{r3, r4, r5, lr}
 538              	.LCFI6:
 539              		.cfi_def_cfa_offset 16
 540              		.cfi_offset 3, -16
 541              		.cfi_offset 4, -12
 542              		.cfi_offset 5, -8
 543              		.cfi_offset 14, -4
 306:Middlewares/Third_Party/FreeRTOS/Source/queue.c ****     Queue_t * const pxQueue = xQueue;
 544              		.loc 1 306 5 is_stmt 1 view .LVU167
 545              	.LVL54:
 307:Middlewares/Third_Party/FreeRTOS/Source/queue.c **** 
 546              		.loc 1 307 5 view .LVU168
 309:Middlewares/Third_Party/FreeRTOS/Source/queue.c **** 
 547              		.loc 1 309 55 view .LVU169
 311:Middlewares/Third_Party/FreeRTOS/Source/queue.c **** 
 548              		.loc 1 311 5 view .LVU170
 549 0002 60B1     		cbz	r0, .L52
ARM GAS  /tmp/ccmofomj.s 			page 60


 550 0004 0D46     		mov	r5, r1
 551 0006 0446     		mov	r4, r0
 311:Middlewares/Third_Party/FreeRTOS/Source/queue.c **** 
 552              		.loc 1 311 28 discriminator 2 view .LVU171
 313:Middlewares/Third_Party/FreeRTOS/Source/queue.c ****         ( pxQueue->uxLength >= 1U ) &&
 553              		.loc 1 313 5 view .LVU172
 314:Middlewares/Third_Party/FreeRTOS/Source/queue.c ****         /* Check for multiplication overflow. */
 554              		.loc 1 314 18 is_stmt 0 view .LVU173
 555 0008 C36B     		ldr	r3, [r0, #60]
 313:Middlewares/Third_Party/FreeRTOS/Source/queue.c ****         ( pxQueue->uxLength >= 1U ) &&
 556              		.loc 1 313 29 discriminator 1 view .LVU174
 557 000a 2BB1     		cbz	r3, .L44
 316:Middlewares/Third_Party/FreeRTOS/Source/queue.c ****     {
 558              		.loc 1 316 54 view .LVU175
 559 000c 026C     		ldr	r2, [r0, #64]
 316:Middlewares/Third_Party/FreeRTOS/Source/queue.c ****     {
 560              		.loc 1 316 44 view .LVU176
 561 000e 0021     		movs	r1, #0
 562              	.LVL55:
 316:Middlewares/Third_Party/FreeRTOS/Source/queue.c ****     {
 563              		.loc 1 316 44 view .LVU177
 564 0010 A2FB0323 		umull	r2, r3, r2, r3
 565 0014 33B9     		cbnz	r3, .L53
 566              	.L45:
 314:Middlewares/Third_Party/FreeRTOS/Source/queue.c ****         /* Check for multiplication overflow. */
 567              		.loc 1 314 37 view .LVU178
 568 0016 39B1     		cbz	r1, .L54
 569              	.L44:
 570              	.LVL56:
 364:Middlewares/Third_Party/FreeRTOS/Source/queue.c **** 
 571              		.loc 1 364 5 is_stmt 1 discriminator 1 view .LVU179
 572 0018 FFF7FEFF 		bl	ulSetInterruptMask
 573              	.LVL57:
 574              	.L49:
 364:Middlewares/Third_Party/FreeRTOS/Source/queue.c **** 
 575              		.loc 1 364 5 discriminator 3 view .LVU180
 364:Middlewares/Third_Party/FreeRTOS/Source/queue.c **** 
 576              		.loc 1 364 5 discriminator 3 view .LVU181
 577 001c FEE7     		b	.L49
 578              	.LVL58:
 579              	.L52:
 311:Middlewares/Third_Party/FreeRTOS/Source/queue.c **** 
 580              		.loc 1 311 5 discriminator 1 view .LVU182
 581 001e FFF7FEFF 		bl	ulSetInterruptMask
 582              	.LVL59:
 583              	.L43:
 311:Middlewares/Third_Party/FreeRTOS/Source/queue.c **** 
 584              		.loc 1 311 5 discriminator 3 view .LVU183
 311:Middlewares/Third_Party/FreeRTOS/Source/queue.c **** 
 585              		.loc 1 311 5 discriminator 3 view .LVU184
 586 0022 FEE7     		b	.L43
 587              	.LVL60:
 588              	.L53:
 316:Middlewares/Third_Party/FreeRTOS/Source/queue.c ****     {
 589              		.loc 1 316 44 is_stmt 0 view .LVU185
 590 0024 0121     		movs	r1, #1
 591 0026 F6E7     		b	.L45
ARM GAS  /tmp/ccmofomj.s 			page 61


 592              	.L54:
 318:Middlewares/Third_Party/FreeRTOS/Source/queue.c ****         {
 593              		.loc 1 318 9 is_stmt 1 view .LVU186
 594 0028 FFF7FEFF 		bl	vPortEnterCritical
 595              	.LVL61:
 320:Middlewares/Third_Party/FreeRTOS/Source/queue.c ****             pxQueue->uxMessagesWaiting = ( UBaseType_t ) 0U;
 596              		.loc 1 320 13 view .LVU187
 320:Middlewares/Third_Party/FreeRTOS/Source/queue.c ****             pxQueue->uxMessagesWaiting = ( UBaseType_t ) 0U;
 597              		.loc 1 320 47 is_stmt 0 view .LVU188
 598 002c 2368     		ldr	r3, [r4]
 320:Middlewares/Third_Party/FreeRTOS/Source/queue.c ****             pxQueue->uxMessagesWaiting = ( UBaseType_t ) 0U;
 599              		.loc 1 320 67 view .LVU189
 600 002e E26B     		ldr	r2, [r4, #60]
 320:Middlewares/Third_Party/FreeRTOS/Source/queue.c ****             pxQueue->uxMessagesWaiting = ( UBaseType_t ) 0U;
 601              		.loc 1 320 87 view .LVU190
 602 0030 216C     		ldr	r1, [r4, #64]
 320:Middlewares/Third_Party/FreeRTOS/Source/queue.c ****             pxQueue->uxMessagesWaiting = ( UBaseType_t ) 0U;
 603              		.loc 1 320 56 view .LVU191
 604 0032 01FB0230 		mla	r0, r1, r2, r3
 320:Middlewares/Third_Party/FreeRTOS/Source/queue.c ****             pxQueue->uxMessagesWaiting = ( UBaseType_t ) 0U;
 605              		.loc 1 320 38 view .LVU192
 606 0036 A060     		str	r0, [r4, #8]
 321:Middlewares/Third_Party/FreeRTOS/Source/queue.c ****             pxQueue->pcWriteTo = pxQueue->pcHead;
 607              		.loc 1 321 13 is_stmt 1 view .LVU193
 321:Middlewares/Third_Party/FreeRTOS/Source/queue.c ****             pxQueue->pcWriteTo = pxQueue->pcHead;
 608              		.loc 1 321 40 is_stmt 0 view .LVU194
 609 0038 0020     		movs	r0, #0
 610 003a A063     		str	r0, [r4, #56]
 322:Middlewares/Third_Party/FreeRTOS/Source/queue.c ****             pxQueue->u.xQueue.pcReadFrom = pxQueue->pcHead + ( ( pxQueue->uxLength - 1U ) * pxQueue
 611              		.loc 1 322 13 is_stmt 1 view .LVU195
 322:Middlewares/Third_Party/FreeRTOS/Source/queue.c ****             pxQueue->u.xQueue.pcReadFrom = pxQueue->pcHead + ( ( pxQueue->uxLength - 1U ) * pxQueue
 612              		.loc 1 322 32 is_stmt 0 view .LVU196
 613 003c 6360     		str	r3, [r4, #4]
 323:Middlewares/Third_Party/FreeRTOS/Source/queue.c ****             pxQueue->cRxLock = queueUNLOCKED;
 614              		.loc 1 323 13 is_stmt 1 view .LVU197
 323:Middlewares/Third_Party/FreeRTOS/Source/queue.c ****             pxQueue->cRxLock = queueUNLOCKED;
 615              		.loc 1 323 84 is_stmt 0 view .LVU198
 616 003e 013A     		subs	r2, r2, #1
 323:Middlewares/Third_Party/FreeRTOS/Source/queue.c ****             pxQueue->cRxLock = queueUNLOCKED;
 617              		.loc 1 323 60 view .LVU199
 618 0040 02FB0133 		mla	r3, r2, r1, r3
 323:Middlewares/Third_Party/FreeRTOS/Source/queue.c ****             pxQueue->cRxLock = queueUNLOCKED;
 619              		.loc 1 323 42 view .LVU200
 620 0044 E360     		str	r3, [r4, #12]
 324:Middlewares/Third_Party/FreeRTOS/Source/queue.c ****             pxQueue->cTxLock = queueUNLOCKED;
 621              		.loc 1 324 13 is_stmt 1 view .LVU201
 324:Middlewares/Third_Party/FreeRTOS/Source/queue.c ****             pxQueue->cTxLock = queueUNLOCKED;
 622              		.loc 1 324 30 is_stmt 0 view .LVU202
 623 0046 FF23     		movs	r3, #255
 624 0048 84F84430 		strb	r3, [r4, #68]
 325:Middlewares/Third_Party/FreeRTOS/Source/queue.c **** 
 625              		.loc 1 325 13 is_stmt 1 view .LVU203
 325:Middlewares/Third_Party/FreeRTOS/Source/queue.c **** 
 626              		.loc 1 325 30 is_stmt 0 view .LVU204
 627 004c 84F84530 		strb	r3, [r4, #69]
 327:Middlewares/Third_Party/FreeRTOS/Source/queue.c ****             {
 628              		.loc 1 327 13 is_stmt 1 view .LVU205
ARM GAS  /tmp/ccmofomj.s 			page 62


 327:Middlewares/Third_Party/FreeRTOS/Source/queue.c ****             {
 629              		.loc 1 327 15 is_stmt 0 view .LVU206
 630 0050 75B9     		cbnz	r5, .L47
 334:Middlewares/Third_Party/FreeRTOS/Source/queue.c ****                 {
 631              		.loc 1 334 17 is_stmt 1 view .LVU207
 334:Middlewares/Third_Party/FreeRTOS/Source/queue.c ****                 {
 632              		.loc 1 334 21 is_stmt 0 view .LVU208
 633 0052 2369     		ldr	r3, [r4, #16]
 334:Middlewares/Third_Party/FreeRTOS/Source/queue.c ****                 {
 634              		.loc 1 334 19 view .LVU209
 635 0054 1BB9     		cbnz	r3, .L55
 636              	.L48:
 357:Middlewares/Third_Party/FreeRTOS/Source/queue.c ****     }
 637              		.loc 1 357 9 is_stmt 1 view .LVU210
 638 0056 FFF7FEFF 		bl	vPortExitCritical
 639              	.LVL62:
 364:Middlewares/Third_Party/FreeRTOS/Source/queue.c **** 
 640              		.loc 1 364 5 view .LVU211
 364:Middlewares/Third_Party/FreeRTOS/Source/queue.c **** 
 641              		.loc 1 364 38 discriminator 2 view .LVU212
 368:Middlewares/Third_Party/FreeRTOS/Source/queue.c **** 
 642              		.loc 1 368 46 view .LVU213
 370:Middlewares/Third_Party/FreeRTOS/Source/queue.c **** }
 643              		.loc 1 370 5 view .LVU214
 371:Middlewares/Third_Party/FreeRTOS/Source/queue.c **** /*-----------------------------------------------------------*/
 644              		.loc 1 371 1 is_stmt 0 view .LVU215
 645 005a 0120     		movs	r0, #1
 646 005c 38BD     		pop	{r3, r4, r5, pc}
 647              	.LVL63:
 648              	.L55:
 336:Middlewares/Third_Party/FreeRTOS/Source/queue.c ****                     {
 649              		.loc 1 336 21 is_stmt 1 view .LVU216
 336:Middlewares/Third_Party/FreeRTOS/Source/queue.c ****                     {
 650              		.loc 1 336 25 is_stmt 0 view .LVU217
 651 005e 04F11000 		add	r0, r4, #16
 652 0062 FFF7FEFF 		bl	xTaskRemoveFromEventList
 653              	.LVL64:
 336:Middlewares/Third_Party/FreeRTOS/Source/queue.c ****                     {
 654              		.loc 1 336 23 discriminator 1 view .LVU218
 655 0066 0028     		cmp	r0, #0
 656 0068 F5D0     		beq	.L48
 338:Middlewares/Third_Party/FreeRTOS/Source/queue.c ****                     }
 657              		.loc 1 338 25 is_stmt 1 view .LVU219
 658 006a FFF7FEFF 		bl	vPortYield
 659              	.LVL65:
 660 006e F2E7     		b	.L48
 661              	.L47:
 353:Middlewares/Third_Party/FreeRTOS/Source/queue.c ****                 vListInitialise( &( pxQueue->xTasksWaitingToReceive ) );
 662              		.loc 1 353 17 view .LVU220
 663 0070 04F11000 		add	r0, r4, #16
 664 0074 FFF7FEFF 		bl	vListInitialise
 665              	.LVL66:
 354:Middlewares/Third_Party/FreeRTOS/Source/queue.c ****             }
 666              		.loc 1 354 17 view .LVU221
 667 0078 04F12400 		add	r0, r4, #36
 668 007c FFF7FEFF 		bl	vListInitialise
 669              	.LVL67:
ARM GAS  /tmp/ccmofomj.s 			page 63


 670 0080 E9E7     		b	.L48
 671              		.cfi_endproc
 672              	.LFE0:
 674              		.section	.text.prvInitialiseNewQueue,"ax",%progbits
 675              		.align	1
 676              		.syntax unified
 677              		.thumb
 678              		.thumb_func
 680              	prvInitialiseNewQueue:
 681              	.LVL68:
 682              	.LFB4:
 574:Middlewares/Third_Party/FreeRTOS/Source/queue.c ****     /* Remove compiler warnings about unused parameters should
 683              		.loc 1 574 1 view -0
 684              		.cfi_startproc
 685              		@ args = 4, pretend = 0, frame = 0
 686              		@ frame_needed = 0, uses_anonymous_args = 0
 574:Middlewares/Third_Party/FreeRTOS/Source/queue.c ****     /* Remove compiler warnings about unused parameters should
 687              		.loc 1 574 1 is_stmt 0 view .LVU223
 688 0000 38B5     		push	{r3, r4, r5, lr}
 689              	.LCFI7:
 690              		.cfi_def_cfa_offset 16
 691              		.cfi_offset 3, -16
 692              		.cfi_offset 4, -12
 693              		.cfi_offset 5, -8
 694              		.cfi_offset 14, -4
 695 0002 1D46     		mov	r5, r3
 696 0004 049C     		ldr	r4, [sp, #16]
 577:Middlewares/Third_Party/FreeRTOS/Source/queue.c **** 
 697              		.loc 1 577 5 is_stmt 1 view .LVU224
 579:Middlewares/Third_Party/FreeRTOS/Source/queue.c ****     {
 698              		.loc 1 579 5 view .LVU225
 579:Middlewares/Third_Party/FreeRTOS/Source/queue.c ****     {
 699              		.loc 1 579 7 is_stmt 0 view .LVU226
 700 0006 0B46     		mov	r3, r1
 701              	.LVL69:
 579:Middlewares/Third_Party/FreeRTOS/Source/queue.c ****     {
 702              		.loc 1 579 7 view .LVU227
 703 0008 49B9     		cbnz	r1, .L57
 585:Middlewares/Third_Party/FreeRTOS/Source/queue.c ****     }
 704              		.loc 1 585 9 is_stmt 1 view .LVU228
 585:Middlewares/Third_Party/FreeRTOS/Source/queue.c ****     }
 705              		.loc 1 585 28 is_stmt 0 view .LVU229
 706 000a 2460     		str	r4, [r4]
 707              	.L58:
 595:Middlewares/Third_Party/FreeRTOS/Source/queue.c ****     pxNewQueue->uxItemSize = uxItemSize;
 708              		.loc 1 595 5 is_stmt 1 view .LVU230
 595:Middlewares/Third_Party/FreeRTOS/Source/queue.c ****     pxNewQueue->uxItemSize = uxItemSize;
 709              		.loc 1 595 26 is_stmt 0 view .LVU231
 710 000c E063     		str	r0, [r4, #60]
 596:Middlewares/Third_Party/FreeRTOS/Source/queue.c ****     ( void ) xQueueGenericReset( pxNewQueue, pdTRUE );
 711              		.loc 1 596 5 is_stmt 1 view .LVU232
 596:Middlewares/Third_Party/FreeRTOS/Source/queue.c ****     ( void ) xQueueGenericReset( pxNewQueue, pdTRUE );
 712              		.loc 1 596 28 is_stmt 0 view .LVU233
 713 000e 2364     		str	r3, [r4, #64]
 597:Middlewares/Third_Party/FreeRTOS/Source/queue.c **** 
 714              		.loc 1 597 5 is_stmt 1 view .LVU234
 597:Middlewares/Third_Party/FreeRTOS/Source/queue.c **** 
ARM GAS  /tmp/ccmofomj.s 			page 64


 715              		.loc 1 597 14 is_stmt 0 view .LVU235
 716 0010 0121     		movs	r1, #1
 717              	.LVL70:
 597:Middlewares/Third_Party/FreeRTOS/Source/queue.c **** 
 718              		.loc 1 597 14 view .LVU236
 719 0012 2046     		mov	r0, r4
 720              	.LVL71:
 597:Middlewares/Third_Party/FreeRTOS/Source/queue.c **** 
 721              		.loc 1 597 14 view .LVU237
 722 0014 FFF7FEFF 		bl	xQueueGenericReset
 723              	.LVL72:
 601:Middlewares/Third_Party/FreeRTOS/Source/queue.c ****     }
 724              		.loc 1 601 9 is_stmt 1 view .LVU238
 601:Middlewares/Third_Party/FreeRTOS/Source/queue.c ****     }
 725              		.loc 1 601 33 is_stmt 0 view .LVU239
 726 0018 84F84C50 		strb	r5, [r4, #76]
 611:Middlewares/Third_Party/FreeRTOS/Source/queue.c **** }
 727              		.loc 1 611 36 is_stmt 1 view .LVU240
 612:Middlewares/Third_Party/FreeRTOS/Source/queue.c **** /*-----------------------------------------------------------*/
 728              		.loc 1 612 1 is_stmt 0 view .LVU241
 729 001c 38BD     		pop	{r3, r4, r5, pc}
 730              	.LVL73:
 731              	.L57:
 590:Middlewares/Third_Party/FreeRTOS/Source/queue.c ****     }
 732              		.loc 1 590 9 is_stmt 1 view .LVU242
 590:Middlewares/Third_Party/FreeRTOS/Source/queue.c ****     }
 733              		.loc 1 590 28 is_stmt 0 view .LVU243
 734 001e 2260     		str	r2, [r4]
 735 0020 F4E7     		b	.L58
 736              		.cfi_endproc
 737              	.LFE4:
 739              		.section	.text.xQueueGenericCreateStatic,"ax",%progbits
 740              		.align	1
 741              		.global	xQueueGenericCreateStatic
 742              		.syntax unified
 743              		.thumb
 744              		.thumb_func
 746              	xQueueGenericCreateStatic:
 747              	.LVL74:
 748              	.LFB1:
 381:Middlewares/Third_Party/FreeRTOS/Source/queue.c ****         Queue_t * pxNewQueue = NULL;
 749              		.loc 1 381 5 is_stmt 1 view -0
 750              		.cfi_startproc
 751              		@ args = 4, pretend = 0, frame = 8
 752              		@ frame_needed = 0, uses_anonymous_args = 0
 381:Middlewares/Third_Party/FreeRTOS/Source/queue.c ****         Queue_t * pxNewQueue = NULL;
 753              		.loc 1 381 5 is_stmt 0 view .LVU245
 754 0000 10B5     		push	{r4, lr}
 755              	.LCFI8:
 756              		.cfi_def_cfa_offset 8
 757              		.cfi_offset 4, -8
 758              		.cfi_offset 14, -4
 759 0002 84B0     		sub	sp, sp, #16
 760              	.LCFI9:
 761              		.cfi_def_cfa_offset 24
 382:Middlewares/Third_Party/FreeRTOS/Source/queue.c **** 
 762              		.loc 1 382 9 is_stmt 1 view .LVU246
ARM GAS  /tmp/ccmofomj.s 			page 65


 763              	.LVL75:
 384:Middlewares/Third_Party/FreeRTOS/Source/queue.c **** 
 764              		.loc 1 384 119 view .LVU247
 388:Middlewares/Third_Party/FreeRTOS/Source/queue.c **** 
 765              		.loc 1 388 9 view .LVU248
 766 0004 33B1     		cbz	r3, .L71
 767 0006 1C46     		mov	r4, r3
 388:Middlewares/Third_Party/FreeRTOS/Source/queue.c **** 
 768              		.loc 1 388 38 discriminator 2 view .LVU249
 390:Middlewares/Third_Party/FreeRTOS/Source/queue.c ****             ( pxStaticQueue != NULL ) &&
 769              		.loc 1 390 9 view .LVU250
 390:Middlewares/Third_Party/FreeRTOS/Source/queue.c ****             ( pxStaticQueue != NULL ) &&
 770              		.loc 1 390 11 is_stmt 0 view .LVU251
 771 0008 08B1     		cbz	r0, .L63
 391:Middlewares/Third_Party/FreeRTOS/Source/queue.c **** 
 772              		.loc 1 391 39 view .LVU252
 773 000a 32B1     		cbz	r2, .L64
 395:Middlewares/Third_Party/FreeRTOS/Source/queue.c ****             ( !( ( pucQueueStorage == NULL ) && ( uxItemSize != 0U ) ) ) )
 774              		.loc 1 395 15 view .LVU253
 775 000c 39B9     		cbnz	r1, .L65
 776              	.L63:
 432:Middlewares/Third_Party/FreeRTOS/Source/queue.c ****             mtCOVERAGE_TEST_MARKER();
 777              		.loc 1 432 13 is_stmt 1 view .LVU254
 432:Middlewares/Third_Party/FreeRTOS/Source/queue.c ****             mtCOVERAGE_TEST_MARKER();
 778              		.loc 1 432 13 discriminator 1 view .LVU255
 779 000e FFF7FEFF 		bl	ulSetInterruptMask
 780              	.LVL76:
 781              	.L68:
 432:Middlewares/Third_Party/FreeRTOS/Source/queue.c ****             mtCOVERAGE_TEST_MARKER();
 782              		.loc 1 432 13 discriminator 3 view .LVU256
 432:Middlewares/Third_Party/FreeRTOS/Source/queue.c ****             mtCOVERAGE_TEST_MARKER();
 783              		.loc 1 432 13 discriminator 3 view .LVU257
 784 0012 FEE7     		b	.L68
 785              	.LVL77:
 786              	.L71:
 388:Middlewares/Third_Party/FreeRTOS/Source/queue.c **** 
 787              		.loc 1 388 9 discriminator 1 view .LVU258
 788 0014 FFF7FEFF 		bl	ulSetInterruptMask
 789              	.LVL78:
 790              	.L62:
 388:Middlewares/Third_Party/FreeRTOS/Source/queue.c **** 
 791              		.loc 1 388 9 discriminator 3 view .LVU259
 388:Middlewares/Third_Party/FreeRTOS/Source/queue.c **** 
 792              		.loc 1 388 9 discriminator 3 view .LVU260
 793 0018 FEE7     		b	.L62
 794              	.LVL79:
 795              	.L64:
 396:Middlewares/Third_Party/FreeRTOS/Source/queue.c ****         {
 796              		.loc 1 396 15 is_stmt 0 view .LVU261
 797 001a 0029     		cmp	r1, #0
 798 001c F7D1     		bne	.L63
 799              	.L65:
 800              	.LBB4:
 403:Middlewares/Third_Party/FreeRTOS/Source/queue.c **** 
 801              		.loc 1 403 17 is_stmt 1 view .LVU262
 403:Middlewares/Third_Party/FreeRTOS/Source/queue.c **** 
 802              		.loc 1 403 33 is_stmt 0 view .LVU263
ARM GAS  /tmp/ccmofomj.s 			page 66


 803 001e 5023     		movs	r3, #80
 804              	.LVL80:
 403:Middlewares/Third_Party/FreeRTOS/Source/queue.c **** 
 805              		.loc 1 403 33 view .LVU264
 806 0020 0393     		str	r3, [sp, #12]
 406:Middlewares/Third_Party/FreeRTOS/Source/queue.c ****                 ( void ) xSize;                             /* Prevent unused variable warning when
 807              		.loc 1 406 17 is_stmt 1 view .LVU265
 808 0022 039B     		ldr	r3, [sp, #12]
 809 0024 502B     		cmp	r3, #80
 810 0026 02D0     		beq	.L66
 406:Middlewares/Third_Party/FreeRTOS/Source/queue.c ****                 ( void ) xSize;                             /* Prevent unused variable warning when
 811              		.loc 1 406 17 discriminator 1 view .LVU266
 812 0028 FFF7FEFF 		bl	ulSetInterruptMask
 813              	.LVL81:
 814              	.L67:
 406:Middlewares/Third_Party/FreeRTOS/Source/queue.c ****                 ( void ) xSize;                             /* Prevent unused variable warning when
 815              		.loc 1 406 17 discriminator 3 view .LVU267
 406:Middlewares/Third_Party/FreeRTOS/Source/queue.c ****                 ( void ) xSize;                             /* Prevent unused variable warning when
 816              		.loc 1 406 17 discriminator 3 view .LVU268
 817 002c FEE7     		b	.L67
 818              	.LVL82:
 819              	.L66:
 406:Middlewares/Third_Party/FreeRTOS/Source/queue.c ****                 ( void ) xSize;                             /* Prevent unused variable warning when
 820              		.loc 1 406 59 discriminator 2 view .LVU269
 407:Middlewares/Third_Party/FreeRTOS/Source/queue.c ****             }
 821              		.loc 1 407 17 view .LVU270
 822 002e 039B     		ldr	r3, [sp, #12]
 823              	.LBE4:
 417:Middlewares/Third_Party/FreeRTOS/Source/queue.c **** 
 824              		.loc 1 417 13 view .LVU271
 825              	.LVL83:
 424:Middlewares/Third_Party/FreeRTOS/Source/queue.c ****             }
 826              		.loc 1 424 17 view .LVU272
 424:Middlewares/Third_Party/FreeRTOS/Source/queue.c ****             }
 827              		.loc 1 424 51 is_stmt 0 view .LVU273
 828 0030 0123     		movs	r3, #1
 829 0032 84F84630 		strb	r3, [r4, #70]
 428:Middlewares/Third_Party/FreeRTOS/Source/queue.c ****         }
 830              		.loc 1 428 13 is_stmt 1 view .LVU274
 831 0036 0094     		str	r4, [sp]
 832 0038 9DF81830 		ldrb	r3, [sp, #24]	@ zero_extendqisi2
 833 003c FFF7FEFF 		bl	prvInitialiseNewQueue
 834              	.LVL84:
 432:Middlewares/Third_Party/FreeRTOS/Source/queue.c ****             mtCOVERAGE_TEST_MARKER();
 835              		.loc 1 432 39 discriminator 2 view .LVU275
 433:Middlewares/Third_Party/FreeRTOS/Source/queue.c ****         }
 836              		.loc 1 433 37 view .LVU276
 436:Middlewares/Third_Party/FreeRTOS/Source/queue.c **** 
 837              		.loc 1 436 60 view .LVU277
 438:Middlewares/Third_Party/FreeRTOS/Source/queue.c ****     }
 838              		.loc 1 438 9 view .LVU278
 439:Middlewares/Third_Party/FreeRTOS/Source/queue.c **** 
 839              		.loc 1 439 5 is_stmt 0 view .LVU279
 840 0040 2046     		mov	r0, r4
 841 0042 04B0     		add	sp, sp, #16
 842              	.LCFI10:
 843              		.cfi_def_cfa_offset 8
ARM GAS  /tmp/ccmofomj.s 			page 67


 844              		@ sp needed
 845 0044 10BD     		pop	{r4, pc}
 439:Middlewares/Third_Party/FreeRTOS/Source/queue.c **** 
 846              		.loc 1 439 5 view .LVU280
 847              		.cfi_endproc
 848              	.LFE1:
 850              		.section	.text.xQueueGenericGetStaticBuffers,"ax",%progbits
 851              		.align	1
 852              		.global	xQueueGenericGetStaticBuffers
 853              		.syntax unified
 854              		.thumb
 855              		.thumb_func
 857              	xQueueGenericGetStaticBuffers:
 858              	.LVL85:
 859              	.LFB2:
 449:Middlewares/Third_Party/FreeRTOS/Source/queue.c ****         BaseType_t xReturn;
 860              		.loc 1 449 5 is_stmt 1 view -0
 861              		.cfi_startproc
 862              		@ args = 0, pretend = 0, frame = 0
 863              		@ frame_needed = 0, uses_anonymous_args = 0
 449:Middlewares/Third_Party/FreeRTOS/Source/queue.c ****         BaseType_t xReturn;
 864              		.loc 1 449 5 is_stmt 0 view .LVU282
 865 0000 08B5     		push	{r3, lr}
 866              	.LCFI11:
 867              		.cfi_def_cfa_offset 8
 868              		.cfi_offset 3, -8
 869              		.cfi_offset 14, -4
 450:Middlewares/Third_Party/FreeRTOS/Source/queue.c ****         Queue_t * const pxQueue = xQueue;
 870              		.loc 1 450 9 is_stmt 1 view .LVU283
 451:Middlewares/Third_Party/FreeRTOS/Source/queue.c **** 
 871              		.loc 1 451 9 view .LVU284
 872              	.LVL86:
 453:Middlewares/Third_Party/FreeRTOS/Source/queue.c **** 
 873              		.loc 1 453 93 view .LVU285
 455:Middlewares/Third_Party/FreeRTOS/Source/queue.c ****         configASSERT( ppxStaticQueue );
 874              		.loc 1 455 9 view .LVU286
 875 0002 38B1     		cbz	r0, .L81
 876 0004 0346     		mov	r3, r0
 455:Middlewares/Third_Party/FreeRTOS/Source/queue.c ****         configASSERT( ppxStaticQueue );
 877              		.loc 1 455 32 discriminator 2 view .LVU287
 456:Middlewares/Third_Party/FreeRTOS/Source/queue.c **** 
 878              		.loc 1 456 9 view .LVU288
 879 0006 42B1     		cbz	r2, .L82
 456:Middlewares/Third_Party/FreeRTOS/Source/queue.c **** 
 880              		.loc 1 456 39 discriminator 2 view .LVU289
 461:Middlewares/Third_Party/FreeRTOS/Source/queue.c ****             {
 881              		.loc 1 461 13 view .LVU290
 461:Middlewares/Third_Party/FreeRTOS/Source/queue.c ****             {
 882              		.loc 1 461 24 is_stmt 0 view .LVU291
 883 0008 90F84600 		ldrb	r0, [r0, #70]	@ zero_extendqisi2
 884              	.LVL87:
 461:Middlewares/Third_Party/FreeRTOS/Source/queue.c ****             {
 885              		.loc 1 461 15 view .LVU292
 886 000c 0128     		cmp	r0, #1
 887 000e 07D0     		beq	.L83
 476:Middlewares/Third_Party/FreeRTOS/Source/queue.c ****             }
 888              		.loc 1 476 25 view .LVU293
ARM GAS  /tmp/ccmofomj.s 			page 68


 889 0010 0020     		movs	r0, #0
 890              	.LVL88:
 492:Middlewares/Third_Party/FreeRTOS/Source/queue.c **** 
 891              		.loc 1 492 61 is_stmt 1 view .LVU294
 494:Middlewares/Third_Party/FreeRTOS/Source/queue.c ****     }
 892              		.loc 1 494 9 view .LVU295
 893              	.L72:
 495:Middlewares/Third_Party/FreeRTOS/Source/queue.c **** 
 894              		.loc 1 495 5 is_stmt 0 view .LVU296
 895 0012 08BD     		pop	{r3, pc}
 896              	.LVL89:
 897              	.L81:
 455:Middlewares/Third_Party/FreeRTOS/Source/queue.c ****         configASSERT( ppxStaticQueue );
 898              		.loc 1 455 9 is_stmt 1 discriminator 1 view .LVU297
 899 0014 FFF7FEFF 		bl	ulSetInterruptMask
 900              	.LVL90:
 901              	.L74:
 455:Middlewares/Third_Party/FreeRTOS/Source/queue.c ****         configASSERT( ppxStaticQueue );
 902              		.loc 1 455 9 discriminator 3 view .LVU298
 455:Middlewares/Third_Party/FreeRTOS/Source/queue.c ****         configASSERT( ppxStaticQueue );
 903              		.loc 1 455 9 discriminator 3 view .LVU299
 904 0018 FEE7     		b	.L74
 905              	.LVL91:
 906              	.L82:
 456:Middlewares/Third_Party/FreeRTOS/Source/queue.c **** 
 907              		.loc 1 456 9 discriminator 1 view .LVU300
 908 001a FFF7FEFF 		bl	ulSetInterruptMask
 909              	.LVL92:
 910              	.L76:
 456:Middlewares/Third_Party/FreeRTOS/Source/queue.c **** 
 911              		.loc 1 456 9 discriminator 3 view .LVU301
 456:Middlewares/Third_Party/FreeRTOS/Source/queue.c **** 
 912              		.loc 1 456 9 discriminator 3 view .LVU302
 913 001e FEE7     		b	.L76
 914              	.LVL93:
 915              	.L83:
 463:Middlewares/Third_Party/FreeRTOS/Source/queue.c ****                 {
 916              		.loc 1 463 17 view .LVU303
 463:Middlewares/Third_Party/FreeRTOS/Source/queue.c ****                 {
 917              		.loc 1 463 19 is_stmt 0 view .LVU304
 918 0020 09B1     		cbz	r1, .L78
 465:Middlewares/Third_Party/FreeRTOS/Source/queue.c ****                 }
 919              		.loc 1 465 21 is_stmt 1 view .LVU305
 465:Middlewares/Third_Party/FreeRTOS/Source/queue.c ****                 }
 920              		.loc 1 465 62 is_stmt 0 view .LVU306
 921 0022 1868     		ldr	r0, [r3]
 465:Middlewares/Third_Party/FreeRTOS/Source/queue.c ****                 }
 922              		.loc 1 465 39 view .LVU307
 923 0024 0860     		str	r0, [r1]
 924              	.L78:
 471:Middlewares/Third_Party/FreeRTOS/Source/queue.c ****                 xReturn = pdTRUE;
 925              		.loc 1 471 17 is_stmt 1 view .LVU308
 471:Middlewares/Third_Party/FreeRTOS/Source/queue.c ****                 xReturn = pdTRUE;
 926              		.loc 1 471 33 is_stmt 0 view .LVU309
 927 0026 1360     		str	r3, [r2]
 472:Middlewares/Third_Party/FreeRTOS/Source/queue.c ****             }
 928              		.loc 1 472 17 is_stmt 1 view .LVU310
ARM GAS  /tmp/ccmofomj.s 			page 69


 929              	.LVL94:
 472:Middlewares/Third_Party/FreeRTOS/Source/queue.c ****             }
 930              		.loc 1 472 25 is_stmt 0 view .LVU311
 931 0028 0120     		movs	r0, #1
 932 002a F2E7     		b	.L72
 933              		.cfi_endproc
 934              	.LFE2:
 936              		.section	.text.xQueueGenericCreate,"ax",%progbits
 937              		.align	1
 938              		.global	xQueueGenericCreate
 939              		.syntax unified
 940              		.thumb
 941              		.thumb_func
 943              	xQueueGenericCreate:
 944              	.LVL95:
 945              	.LFB3:
 505:Middlewares/Third_Party/FreeRTOS/Source/queue.c ****         Queue_t * pxNewQueue = NULL;
 946              		.loc 1 505 5 is_stmt 1 view -0
 947              		.cfi_startproc
 948              		@ args = 0, pretend = 0, frame = 0
 949              		@ frame_needed = 0, uses_anonymous_args = 0
 505:Middlewares/Third_Party/FreeRTOS/Source/queue.c ****         Queue_t * pxNewQueue = NULL;
 950              		.loc 1 505 5 is_stmt 0 view .LVU313
 951 0000 F0B5     		push	{r4, r5, r6, r7, lr}
 952              	.LCFI12:
 953              		.cfi_def_cfa_offset 20
 954              		.cfi_offset 4, -20
 955              		.cfi_offset 5, -16
 956              		.cfi_offset 6, -12
 957              		.cfi_offset 7, -8
 958              		.cfi_offset 14, -4
 959 0002 83B0     		sub	sp, sp, #12
 960              	.LCFI13:
 961              		.cfi_def_cfa_offset 32
 506:Middlewares/Third_Party/FreeRTOS/Source/queue.c ****         size_t xQueueSizeInBytes;
 962              		.loc 1 506 9 is_stmt 1 view .LVU314
 963              	.LVL96:
 507:Middlewares/Third_Party/FreeRTOS/Source/queue.c ****         uint8_t * pucQueueStorage;
 964              		.loc 1 507 9 view .LVU315
 508:Middlewares/Third_Party/FreeRTOS/Source/queue.c **** 
 965              		.loc 1 508 9 view .LVU316
 510:Middlewares/Third_Party/FreeRTOS/Source/queue.c **** 
 966              		.loc 1 510 81 view .LVU317
 512:Middlewares/Third_Party/FreeRTOS/Source/queue.c ****             /* Check for multiplication overflow. */
 967              		.loc 1 512 9 view .LVU318
 512:Middlewares/Third_Party/FreeRTOS/Source/queue.c ****             /* Check for multiplication overflow. */
 968              		.loc 1 512 11 is_stmt 0 view .LVU319
 969 0004 60B1     		cbz	r0, .L85
 970 0006 0C46     		mov	r4, r1
 971 0008 1646     		mov	r6, r2
 972 000a 0546     		mov	r5, r0
 514:Middlewares/Third_Party/FreeRTOS/Source/queue.c ****             /* Check for addition overflow. */
 973              		.loc 1 514 44 view .LVU320
 974 000c 0023     		movs	r3, #0
 975 000e A4FB0012 		umull	r1, r2, r4, r0
 976              	.LVL97:
 514:Middlewares/Third_Party/FreeRTOS/Source/queue.c ****             /* Check for addition overflow. */
ARM GAS  /tmp/ccmofomj.s 			page 70


 977              		.loc 1 514 44 view .LVU321
 978 0012 42B9     		cbnz	r2, .L91
 979              	.L86:
 512:Middlewares/Third_Party/FreeRTOS/Source/queue.c ****             /* Check for multiplication overflow. */
 980              		.loc 1 512 51 discriminator 1 view .LVU322
 981 0014 23B9     		cbnz	r3, .L85
 519:Middlewares/Third_Party/FreeRTOS/Source/queue.c ****         {
 982              		.loc 1 519 51 view .LVU323
 983 0016 04FB05F0 		mul	r0, r4, r5
 984              	.LVL98:
 514:Middlewares/Third_Party/FreeRTOS/Source/queue.c ****             /* Check for addition overflow. */
 985              		.loc 1 514 60 view .LVU324
 986 001a 10F1510F 		cmn	r0, #81
 987 001e 04D9     		bls	.L92
 988              	.LVL99:
 989              	.L85:
 557:Middlewares/Third_Party/FreeRTOS/Source/queue.c ****             mtCOVERAGE_TEST_MARKER();
 990              		.loc 1 557 13 is_stmt 1 view .LVU325
 557:Middlewares/Third_Party/FreeRTOS/Source/queue.c ****             mtCOVERAGE_TEST_MARKER();
 991              		.loc 1 557 13 discriminator 1 view .LVU326
 992 0020 FFF7FEFF 		bl	ulSetInterruptMask
 993              	.LVL100:
 994              	.L89:
 557:Middlewares/Third_Party/FreeRTOS/Source/queue.c ****             mtCOVERAGE_TEST_MARKER();
 995              		.loc 1 557 13 discriminator 3 view .LVU327
 557:Middlewares/Third_Party/FreeRTOS/Source/queue.c ****             mtCOVERAGE_TEST_MARKER();
 996              		.loc 1 557 13 discriminator 3 view .LVU328
 997 0024 FEE7     		b	.L89
 998              	.LVL101:
 999              	.L91:
 514:Middlewares/Third_Party/FreeRTOS/Source/queue.c ****             /* Check for addition overflow. */
 1000              		.loc 1 514 44 is_stmt 0 view .LVU329
 1001 0026 0123     		movs	r3, #1
 1002 0028 F4E7     		b	.L86
 1003              	.LVL102:
 1004              	.L92:
 524:Middlewares/Third_Party/FreeRTOS/Source/queue.c **** 
 1005              		.loc 1 524 13 is_stmt 1 view .LVU330
 529:Middlewares/Third_Party/FreeRTOS/Source/queue.c **** 
 1006              		.loc 1 529 13 view .LVU331
 529:Middlewares/Third_Party/FreeRTOS/Source/queue.c **** 
 1007              		.loc 1 529 40 is_stmt 0 view .LVU332
 1008 002a 5030     		adds	r0, r0, #80
 1009              	.LVL103:
 529:Middlewares/Third_Party/FreeRTOS/Source/queue.c **** 
 1010              		.loc 1 529 40 view .LVU333
 1011 002c FFF7FEFF 		bl	pvPortMalloc
 1012              	.LVL104:
 531:Middlewares/Third_Party/FreeRTOS/Source/queue.c ****             {
 1013              		.loc 1 531 13 is_stmt 1 view .LVU334
 531:Middlewares/Third_Party/FreeRTOS/Source/queue.c ****             {
 1014              		.loc 1 531 15 is_stmt 0 view .LVU335
 1015 0030 0746     		mov	r7, r0
 1016 0032 50B1     		cbz	r0, .L84
 535:Middlewares/Third_Party/FreeRTOS/Source/queue.c ****                 pucQueueStorage += sizeof( Queue_t );
 1017              		.loc 1 535 17 is_stmt 1 view .LVU336
 1018              	.LVL105:
ARM GAS  /tmp/ccmofomj.s 			page 71


 536:Middlewares/Third_Party/FreeRTOS/Source/queue.c **** 
 1019              		.loc 1 536 17 view .LVU337
 543:Middlewares/Third_Party/FreeRTOS/Source/queue.c ****                 }
 1020              		.loc 1 543 21 view .LVU338
 543:Middlewares/Third_Party/FreeRTOS/Source/queue.c ****                 }
 1021              		.loc 1 543 55 is_stmt 0 view .LVU339
 1022 0034 0023     		movs	r3, #0
 1023 0036 80F84630 		strb	r3, [r0, #70]
 547:Middlewares/Third_Party/FreeRTOS/Source/queue.c ****             }
 1024              		.loc 1 547 17 is_stmt 1 view .LVU340
 1025 003a 0090     		str	r0, [sp]
 1026 003c 3346     		mov	r3, r6
 1027 003e 00F15002 		add	r2, r0, #80
 1028              	.LVL106:
 547:Middlewares/Third_Party/FreeRTOS/Source/queue.c ****             }
 1029              		.loc 1 547 17 is_stmt 0 view .LVU341
 1030 0042 2146     		mov	r1, r4
 1031 0044 2846     		mov	r0, r5
 1032              	.LVL107:
 547:Middlewares/Third_Party/FreeRTOS/Source/queue.c ****             }
 1033              		.loc 1 547 17 view .LVU342
 1034 0046 FFF7FEFF 		bl	prvInitialiseNewQueue
 1035              	.LVL108:
 1036              	.L84:
 564:Middlewares/Third_Party/FreeRTOS/Source/queue.c **** 
 1037              		.loc 1 564 5 view .LVU343
 1038 004a 3846     		mov	r0, r7
 1039 004c 03B0     		add	sp, sp, #12
 1040              	.LCFI14:
 1041              		.cfi_def_cfa_offset 20
 1042              		@ sp needed
 1043 004e F0BD     		pop	{r4, r5, r6, r7, pc}
 564:Middlewares/Third_Party/FreeRTOS/Source/queue.c **** 
 1044              		.loc 1 564 5 view .LVU344
 1045              		.cfi_endproc
 1046              	.LFE3:
 1048              		.section	.text.xQueueGetMutexHolder,"ax",%progbits
 1049              		.align	1
 1050              		.global	xQueueGetMutexHolder
 1051              		.syntax unified
 1052              		.thumb
 1053              		.thumb_func
 1055              	xQueueGetMutexHolder:
 1056              	.LVL109:
 1057              	.LFB8:
 693:Middlewares/Third_Party/FreeRTOS/Source/queue.c ****         TaskHandle_t pxReturn;
 1058              		.loc 1 693 5 is_stmt 1 view -0
 1059              		.cfi_startproc
 1060              		@ args = 0, pretend = 0, frame = 0
 1061              		@ frame_needed = 0, uses_anonymous_args = 0
 693:Middlewares/Third_Party/FreeRTOS/Source/queue.c ****         TaskHandle_t pxReturn;
 1062              		.loc 1 693 5 is_stmt 0 view .LVU346
 1063 0000 10B5     		push	{r4, lr}
 1064              	.LCFI15:
 1065              		.cfi_def_cfa_offset 8
 1066              		.cfi_offset 4, -8
 1067              		.cfi_offset 14, -4
ARM GAS  /tmp/ccmofomj.s 			page 72


 694:Middlewares/Third_Party/FreeRTOS/Source/queue.c ****         Queue_t * const pxSemaphore = ( Queue_t * ) xSemaphore;
 1068              		.loc 1 694 9 is_stmt 1 view .LVU347
 695:Middlewares/Third_Party/FreeRTOS/Source/queue.c **** 
 1069              		.loc 1 695 9 view .LVU348
 1070              	.LVL110:
 697:Middlewares/Third_Party/FreeRTOS/Source/queue.c **** 
 1071              		.loc 1 697 54 view .LVU349
 699:Middlewares/Third_Party/FreeRTOS/Source/queue.c **** 
 1072              		.loc 1 699 9 view .LVU350
 1073 0002 48B1     		cbz	r0, .L99
 1074 0004 0446     		mov	r4, r0
 699:Middlewares/Third_Party/FreeRTOS/Source/queue.c **** 
 1075              		.loc 1 699 35 discriminator 2 view .LVU351
 706:Middlewares/Third_Party/FreeRTOS/Source/queue.c ****         {
 1076              		.loc 1 706 9 view .LVU352
 1077 0006 FFF7FEFF 		bl	vPortEnterCritical
 1078              	.LVL111:
 708:Middlewares/Third_Party/FreeRTOS/Source/queue.c ****             {
 1079              		.loc 1 708 13 view .LVU353
 708:Middlewares/Third_Party/FreeRTOS/Source/queue.c ****             {
 1080              		.loc 1 708 28 is_stmt 0 view .LVU354
 1081 000a 2368     		ldr	r3, [r4]
 708:Middlewares/Third_Party/FreeRTOS/Source/queue.c ****             {
 1082              		.loc 1 708 15 view .LVU355
 1083 000c 3BB9     		cbnz	r3, .L97
 710:Middlewares/Third_Party/FreeRTOS/Source/queue.c ****             }
 1084              		.loc 1 710 17 is_stmt 1 view .LVU356
 710:Middlewares/Third_Party/FreeRTOS/Source/queue.c ****             }
 1085              		.loc 1 710 26 is_stmt 0 view .LVU357
 1086 000e A468     		ldr	r4, [r4, #8]
 1087              	.LVL112:
 1088              	.L96:
 717:Middlewares/Third_Party/FreeRTOS/Source/queue.c **** 
 1089              		.loc 1 717 9 is_stmt 1 view .LVU358
 1090 0010 FFF7FEFF 		bl	vPortExitCritical
 1091              	.LVL113:
 719:Middlewares/Third_Party/FreeRTOS/Source/queue.c **** 
 1092              		.loc 1 719 53 view .LVU359
 721:Middlewares/Third_Party/FreeRTOS/Source/queue.c ****     }
 1093              		.loc 1 721 9 view .LVU360
 722:Middlewares/Third_Party/FreeRTOS/Source/queue.c **** 
 1094              		.loc 1 722 5 is_stmt 0 view .LVU361
 1095 0014 2046     		mov	r0, r4
 1096 0016 10BD     		pop	{r4, pc}
 1097              	.LVL114:
 1098              	.L99:
 699:Middlewares/Third_Party/FreeRTOS/Source/queue.c **** 
 1099              		.loc 1 699 9 is_stmt 1 discriminator 1 view .LVU362
 1100 0018 FFF7FEFF 		bl	ulSetInterruptMask
 1101              	.LVL115:
 1102              	.L95:
 699:Middlewares/Third_Party/FreeRTOS/Source/queue.c **** 
 1103              		.loc 1 699 9 discriminator 3 view .LVU363
 699:Middlewares/Third_Party/FreeRTOS/Source/queue.c **** 
 1104              		.loc 1 699 9 discriminator 3 view .LVU364
 1105 001c FEE7     		b	.L95
 1106              	.LVL116:
ARM GAS  /tmp/ccmofomj.s 			page 73


 1107              	.L97:
 714:Middlewares/Third_Party/FreeRTOS/Source/queue.c ****             }
 1108              		.loc 1 714 26 is_stmt 0 view .LVU365
 1109 001e 0024     		movs	r4, #0
 1110              	.LVL117:
 714:Middlewares/Third_Party/FreeRTOS/Source/queue.c ****             }
 1111              		.loc 1 714 26 view .LVU366
 1112 0020 F6E7     		b	.L96
 1113              		.cfi_endproc
 1114              	.LFE8:
 1116              		.section	.text.xQueueGetMutexHolderFromISR,"ax",%progbits
 1117              		.align	1
 1118              		.global	xQueueGetMutexHolderFromISR
 1119              		.syntax unified
 1120              		.thumb
 1121              		.thumb_func
 1123              	xQueueGetMutexHolderFromISR:
 1124              	.LVL118:
 1125              	.LFB9:
 730:Middlewares/Third_Party/FreeRTOS/Source/queue.c ****         TaskHandle_t pxReturn;
 1126              		.loc 1 730 5 is_stmt 1 view -0
 1127              		.cfi_startproc
 1128              		@ args = 0, pretend = 0, frame = 0
 1129              		@ frame_needed = 0, uses_anonymous_args = 0
 730:Middlewares/Third_Party/FreeRTOS/Source/queue.c ****         TaskHandle_t pxReturn;
 1130              		.loc 1 730 5 is_stmt 0 view .LVU368
 1131 0000 08B5     		push	{r3, lr}
 1132              	.LCFI16:
 1133              		.cfi_def_cfa_offset 8
 1134              		.cfi_offset 3, -8
 1135              		.cfi_offset 14, -4
 731:Middlewares/Third_Party/FreeRTOS/Source/queue.c **** 
 1136              		.loc 1 731 9 is_stmt 1 view .LVU369
 733:Middlewares/Third_Party/FreeRTOS/Source/queue.c **** 
 1137              		.loc 1 733 61 view .LVU370
 735:Middlewares/Third_Party/FreeRTOS/Source/queue.c **** 
 1138              		.loc 1 735 9 view .LVU371
 1139 0002 18B1     		cbz	r0, .L106
 735:Middlewares/Third_Party/FreeRTOS/Source/queue.c **** 
 1140              		.loc 1 735 35 discriminator 2 view .LVU372
 740:Middlewares/Third_Party/FreeRTOS/Source/queue.c ****         {
 1141              		.loc 1 740 9 view .LVU373
 740:Middlewares/Third_Party/FreeRTOS/Source/queue.c ****         {
 1142              		.loc 1 740 41 is_stmt 0 view .LVU374
 1143 0004 0268     		ldr	r2, [r0]
 740:Middlewares/Third_Party/FreeRTOS/Source/queue.c ****         {
 1144              		.loc 1 740 11 view .LVU375
 1145 0006 22B9     		cbnz	r2, .L104
 742:Middlewares/Third_Party/FreeRTOS/Source/queue.c ****         }
 1146              		.loc 1 742 13 is_stmt 1 view .LVU376
 742:Middlewares/Third_Party/FreeRTOS/Source/queue.c ****         }
 1147              		.loc 1 742 22 is_stmt 0 view .LVU377
 1148 0008 8068     		ldr	r0, [r0, #8]
 1149              	.LVL119:
 1150              	.L100:
 752:Middlewares/Third_Party/FreeRTOS/Source/queue.c **** 
 1151              		.loc 1 752 5 view .LVU378
ARM GAS  /tmp/ccmofomj.s 			page 74


 1152 000a 08BD     		pop	{r3, pc}
 1153              	.LVL120:
 1154              	.L106:
 735:Middlewares/Third_Party/FreeRTOS/Source/queue.c **** 
 1155              		.loc 1 735 9 is_stmt 1 discriminator 1 view .LVU379
 1156 000c FFF7FEFF 		bl	ulSetInterruptMask
 1157              	.LVL121:
 1158              	.L102:
 735:Middlewares/Third_Party/FreeRTOS/Source/queue.c **** 
 1159              		.loc 1 735 9 discriminator 3 view .LVU380
 735:Middlewares/Third_Party/FreeRTOS/Source/queue.c **** 
 1160              		.loc 1 735 9 discriminator 3 view .LVU381
 1161 0010 FEE7     		b	.L102
 1162              	.LVL122:
 1163              	.L104:
 746:Middlewares/Third_Party/FreeRTOS/Source/queue.c ****         }
 1164              		.loc 1 746 22 is_stmt 0 view .LVU382
 1165 0012 0020     		movs	r0, #0
 1166              	.LVL123:
 749:Middlewares/Third_Party/FreeRTOS/Source/queue.c **** 
 1167              		.loc 1 749 60 is_stmt 1 view .LVU383
 751:Middlewares/Third_Party/FreeRTOS/Source/queue.c ****     }
 1168              		.loc 1 751 9 view .LVU384
 751:Middlewares/Third_Party/FreeRTOS/Source/queue.c ****     }
 1169              		.loc 1 751 16 is_stmt 0 view .LVU385
 1170 0014 F9E7     		b	.L100
 1171              		.cfi_endproc
 1172              	.LFE9:
 1174              		.section	.text.xQueueCreateCountingSemaphoreStatic,"ax",%progbits
 1175              		.align	1
 1176              		.global	xQueueCreateCountingSemaphoreStatic
 1177              		.syntax unified
 1178              		.thumb
 1179              		.thumb_func
 1181              	xQueueCreateCountingSemaphoreStatic:
 1182              	.LVL124:
 1183              	.LFB12:
 868:Middlewares/Third_Party/FreeRTOS/Source/queue.c ****         QueueHandle_t xHandle = NULL;
 1184              		.loc 1 868 5 is_stmt 1 view -0
 1185              		.cfi_startproc
 1186              		@ args = 0, pretend = 0, frame = 0
 1187              		@ frame_needed = 0, uses_anonymous_args = 0
 868:Middlewares/Third_Party/FreeRTOS/Source/queue.c ****         QueueHandle_t xHandle = NULL;
 1188              		.loc 1 868 5 is_stmt 0 view .LVU387
 1189 0000 10B5     		push	{r4, lr}
 1190              	.LCFI17:
 1191              		.cfi_def_cfa_offset 8
 1192              		.cfi_offset 4, -8
 1193              		.cfi_offset 14, -4
 1194 0002 82B0     		sub	sp, sp, #8
 1195              	.LCFI18:
 1196              		.cfi_def_cfa_offset 16
 869:Middlewares/Third_Party/FreeRTOS/Source/queue.c **** 
 1197              		.loc 1 869 9 is_stmt 1 view .LVU388
 1198              	.LVL125:
 871:Middlewares/Third_Party/FreeRTOS/Source/queue.c **** 
 1199              		.loc 1 871 100 view .LVU389
ARM GAS  /tmp/ccmofomj.s 			page 75


 873:Middlewares/Third_Party/FreeRTOS/Source/queue.c ****             ( uxInitialCount <= uxMaxCount ) )
 1200              		.loc 1 873 9 view .LVU390
 873:Middlewares/Third_Party/FreeRTOS/Source/queue.c ****             ( uxInitialCount <= uxMaxCount ) )
 1201              		.loc 1 873 11 is_stmt 0 view .LVU391
 1202 0004 10B1     		cbz	r0, .L108
 1203 0006 0C46     		mov	r4, r1
 873:Middlewares/Third_Party/FreeRTOS/Source/queue.c ****             ( uxInitialCount <= uxMaxCount ) )
 1204              		.loc 1 873 34 discriminator 1 view .LVU392
 1205 0008 8842     		cmp	r0, r1
 1206 000a 02D2     		bcs	.L112
 1207              	.L108:
 891:Middlewares/Third_Party/FreeRTOS/Source/queue.c ****             mtCOVERAGE_TEST_MARKER();
 1208              		.loc 1 891 13 is_stmt 1 view .LVU393
 891:Middlewares/Third_Party/FreeRTOS/Source/queue.c ****             mtCOVERAGE_TEST_MARKER();
 1209              		.loc 1 891 13 discriminator 1 view .LVU394
 1210 000c FFF7FEFF 		bl	ulSetInterruptMask
 1211              	.LVL126:
 1212              	.L110:
 891:Middlewares/Third_Party/FreeRTOS/Source/queue.c ****             mtCOVERAGE_TEST_MARKER();
 1213              		.loc 1 891 13 discriminator 3 view .LVU395
 891:Middlewares/Third_Party/FreeRTOS/Source/queue.c ****             mtCOVERAGE_TEST_MARKER();
 1214              		.loc 1 891 13 discriminator 3 view .LVU396
 1215 0010 FEE7     		b	.L110
 1216              	.LVL127:
 1217              	.L112:
 876:Middlewares/Third_Party/FreeRTOS/Source/queue.c **** 
 1218              		.loc 1 876 13 view .LVU397
 876:Middlewares/Third_Party/FreeRTOS/Source/queue.c **** 
 1219              		.loc 1 876 23 is_stmt 0 view .LVU398
 1220 0012 0223     		movs	r3, #2
 1221 0014 0093     		str	r3, [sp]
 1222 0016 1346     		mov	r3, r2
 1223 0018 0022     		movs	r2, #0
 1224              	.LVL128:
 876:Middlewares/Third_Party/FreeRTOS/Source/queue.c **** 
 1225              		.loc 1 876 23 view .LVU399
 1226 001a 1146     		mov	r1, r2
 1227              	.LVL129:
 876:Middlewares/Third_Party/FreeRTOS/Source/queue.c **** 
 1228              		.loc 1 876 23 view .LVU400
 1229 001c FFF7FEFF 		bl	xQueueGenericCreateStatic
 1230              	.LVL130:
 878:Middlewares/Third_Party/FreeRTOS/Source/queue.c ****             {
 1231              		.loc 1 878 13 is_stmt 1 view .LVU401
 878:Middlewares/Third_Party/FreeRTOS/Source/queue.c ****             {
 1232              		.loc 1 878 15 is_stmt 0 view .LVU402
 1233 0020 0346     		mov	r3, r0
 1234 0022 00B1     		cbz	r0, .L107
 880:Middlewares/Third_Party/FreeRTOS/Source/queue.c **** 
 1235              		.loc 1 880 17 is_stmt 1 view .LVU403
 880:Middlewares/Third_Party/FreeRTOS/Source/queue.c **** 
 1236              		.loc 1 880 62 is_stmt 0 view .LVU404
 1237 0024 8463     		str	r4, [r0, #56]
 882:Middlewares/Third_Party/FreeRTOS/Source/queue.c ****             }
 1238              		.loc 1 882 49 is_stmt 1 view .LVU405
 1239              	.L107:
 898:Middlewares/Third_Party/FreeRTOS/Source/queue.c **** 
ARM GAS  /tmp/ccmofomj.s 			page 76


 1240              		.loc 1 898 5 is_stmt 0 view .LVU406
 1241 0026 1846     		mov	r0, r3
 1242              	.LVL131:
 898:Middlewares/Third_Party/FreeRTOS/Source/queue.c **** 
 1243              		.loc 1 898 5 view .LVU407
 1244 0028 02B0     		add	sp, sp, #8
 1245              	.LCFI19:
 1246              		.cfi_def_cfa_offset 8
 1247              		@ sp needed
 1248 002a 10BD     		pop	{r4, pc}
 898:Middlewares/Third_Party/FreeRTOS/Source/queue.c **** 
 1249              		.loc 1 898 5 view .LVU408
 1250              		.cfi_endproc
 1251              	.LFE12:
 1253              		.section	.text.xQueueCreateCountingSemaphore,"ax",%progbits
 1254              		.align	1
 1255              		.global	xQueueCreateCountingSemaphore
 1256              		.syntax unified
 1257              		.thumb
 1258              		.thumb_func
 1260              	xQueueCreateCountingSemaphore:
 1261              	.LVL132:
 1262              	.LFB13:
 907:Middlewares/Third_Party/FreeRTOS/Source/queue.c ****         QueueHandle_t xHandle = NULL;
 1263              		.loc 1 907 5 is_stmt 1 view -0
 1264              		.cfi_startproc
 1265              		@ args = 0, pretend = 0, frame = 0
 1266              		@ frame_needed = 0, uses_anonymous_args = 0
 907:Middlewares/Third_Party/FreeRTOS/Source/queue.c ****         QueueHandle_t xHandle = NULL;
 1267              		.loc 1 907 5 is_stmt 0 view .LVU410
 1268 0000 10B5     		push	{r4, lr}
 1269              	.LCFI20:
 1270              		.cfi_def_cfa_offset 8
 1271              		.cfi_offset 4, -8
 1272              		.cfi_offset 14, -4
 908:Middlewares/Third_Party/FreeRTOS/Source/queue.c **** 
 1273              		.loc 1 908 9 is_stmt 1 view .LVU411
 1274              	.LVL133:
 910:Middlewares/Third_Party/FreeRTOS/Source/queue.c **** 
 1275              		.loc 1 910 79 view .LVU412
 912:Middlewares/Third_Party/FreeRTOS/Source/queue.c ****             ( uxInitialCount <= uxMaxCount ) )
 1276              		.loc 1 912 9 view .LVU413
 912:Middlewares/Third_Party/FreeRTOS/Source/queue.c ****             ( uxInitialCount <= uxMaxCount ) )
 1277              		.loc 1 912 11 is_stmt 0 view .LVU414
 1278 0002 10B1     		cbz	r0, .L114
 1279 0004 0C46     		mov	r4, r1
 912:Middlewares/Third_Party/FreeRTOS/Source/queue.c ****             ( uxInitialCount <= uxMaxCount ) )
 1280              		.loc 1 912 34 discriminator 1 view .LVU415
 1281 0006 8842     		cmp	r0, r1
 1282 0008 02D2     		bcs	.L118
 1283              	.L114:
 930:Middlewares/Third_Party/FreeRTOS/Source/queue.c ****             mtCOVERAGE_TEST_MARKER();
 1284              		.loc 1 930 13 is_stmt 1 view .LVU416
 930:Middlewares/Third_Party/FreeRTOS/Source/queue.c ****             mtCOVERAGE_TEST_MARKER();
 1285              		.loc 1 930 13 discriminator 1 view .LVU417
 1286 000a FFF7FEFF 		bl	ulSetInterruptMask
 1287              	.LVL134:
ARM GAS  /tmp/ccmofomj.s 			page 77


 1288              	.L116:
 930:Middlewares/Third_Party/FreeRTOS/Source/queue.c ****             mtCOVERAGE_TEST_MARKER();
 1289              		.loc 1 930 13 discriminator 3 view .LVU418
 930:Middlewares/Third_Party/FreeRTOS/Source/queue.c ****             mtCOVERAGE_TEST_MARKER();
 1290              		.loc 1 930 13 discriminator 3 view .LVU419
 1291 000e FEE7     		b	.L116
 1292              	.LVL135:
 1293              	.L118:
 915:Middlewares/Third_Party/FreeRTOS/Source/queue.c **** 
 1294              		.loc 1 915 13 view .LVU420
 915:Middlewares/Third_Party/FreeRTOS/Source/queue.c **** 
 1295              		.loc 1 915 23 is_stmt 0 view .LVU421
 1296 0010 0222     		movs	r2, #2
 1297 0012 0021     		movs	r1, #0
 1298              	.LVL136:
 915:Middlewares/Third_Party/FreeRTOS/Source/queue.c **** 
 1299              		.loc 1 915 23 view .LVU422
 1300 0014 FFF7FEFF 		bl	xQueueGenericCreate
 1301              	.LVL137:
 917:Middlewares/Third_Party/FreeRTOS/Source/queue.c ****             {
 1302              		.loc 1 917 13 is_stmt 1 view .LVU423
 917:Middlewares/Third_Party/FreeRTOS/Source/queue.c ****             {
 1303              		.loc 1 917 15 is_stmt 0 view .LVU424
 1304 0018 0346     		mov	r3, r0
 1305 001a 00B1     		cbz	r0, .L113
 919:Middlewares/Third_Party/FreeRTOS/Source/queue.c **** 
 1306              		.loc 1 919 17 is_stmt 1 view .LVU425
 919:Middlewares/Third_Party/FreeRTOS/Source/queue.c **** 
 1307              		.loc 1 919 62 is_stmt 0 view .LVU426
 1308 001c 8463     		str	r4, [r0, #56]
 921:Middlewares/Third_Party/FreeRTOS/Source/queue.c ****             }
 1309              		.loc 1 921 49 is_stmt 1 view .LVU427
 1310              	.L113:
 937:Middlewares/Third_Party/FreeRTOS/Source/queue.c **** 
 1311              		.loc 1 937 5 is_stmt 0 view .LVU428
 1312 001e 1846     		mov	r0, r3
 1313              	.LVL138:
 937:Middlewares/Third_Party/FreeRTOS/Source/queue.c **** 
 1314              		.loc 1 937 5 view .LVU429
 1315 0020 10BD     		pop	{r4, pc}
 937:Middlewares/Third_Party/FreeRTOS/Source/queue.c **** 
 1316              		.loc 1 937 5 view .LVU430
 1317              		.cfi_endproc
 1318              	.LFE13:
 1320              		.section	.text.xQueueGenericSend,"ax",%progbits
 1321              		.align	1
 1322              		.global	xQueueGenericSend
 1323              		.syntax unified
 1324              		.thumb
 1325              		.thumb_func
 1327              	xQueueGenericSend:
 1328              	.LVL139:
 1329              	.LFB14:
 946:Middlewares/Third_Party/FreeRTOS/Source/queue.c ****     BaseType_t xEntryTimeSet = pdFALSE, xYieldRequired;
 1330              		.loc 1 946 1 is_stmt 1 view -0
 1331              		.cfi_startproc
 1332              		@ args = 0, pretend = 0, frame = 16
ARM GAS  /tmp/ccmofomj.s 			page 78


 1333              		@ frame_needed = 0, uses_anonymous_args = 0
 946:Middlewares/Third_Party/FreeRTOS/Source/queue.c ****     BaseType_t xEntryTimeSet = pdFALSE, xYieldRequired;
 1334              		.loc 1 946 1 is_stmt 0 view .LVU432
 1335 0000 F0B5     		push	{r4, r5, r6, r7, lr}
 1336              	.LCFI21:
 1337              		.cfi_def_cfa_offset 20
 1338              		.cfi_offset 4, -20
 1339              		.cfi_offset 5, -16
 1340              		.cfi_offset 6, -12
 1341              		.cfi_offset 7, -8
 1342              		.cfi_offset 14, -4
 1343 0002 85B0     		sub	sp, sp, #20
 1344              	.LCFI22:
 1345              		.cfi_def_cfa_offset 40
 1346 0004 0192     		str	r2, [sp, #4]
 947:Middlewares/Third_Party/FreeRTOS/Source/queue.c ****     TimeOut_t xTimeOut;
 1347              		.loc 1 947 5 is_stmt 1 view .LVU433
 1348              	.LVL140:
 948:Middlewares/Third_Party/FreeRTOS/Source/queue.c ****     Queue_t * const pxQueue = xQueue;
 1349              		.loc 1 948 5 view .LVU434
 949:Middlewares/Third_Party/FreeRTOS/Source/queue.c **** 
 1350              		.loc 1 949 5 view .LVU435
 951:Middlewares/Third_Party/FreeRTOS/Source/queue.c **** 
 1351              		.loc 1 951 87 view .LVU436
 953:Middlewares/Third_Party/FreeRTOS/Source/queue.c ****     configASSERT( !( ( pvItemToQueue == NULL ) && ( pxQueue->uxItemSize != ( UBaseType_t ) 0U ) ) )
 1352              		.loc 1 953 5 view .LVU437
 1353 0006 90B1     		cbz	r0, .L143
 1354 0008 0F46     		mov	r7, r1
 1355 000a 1D46     		mov	r5, r3
 1356 000c 0446     		mov	r4, r0
 953:Middlewares/Third_Party/FreeRTOS/Source/queue.c ****     configASSERT( !( ( pvItemToQueue == NULL ) && ( pxQueue->uxItemSize != ( UBaseType_t ) 0U ) ) )
 1357              		.loc 1 953 28 discriminator 2 view .LVU438
 954:Middlewares/Third_Party/FreeRTOS/Source/queue.c ****     configASSERT( !( ( xCopyPosition == queueOVERWRITE ) && ( pxQueue->uxLength != 1 ) ) );
 1358              		.loc 1 954 5 view .LVU439
 1359 000e 89B1     		cbz	r1, .L144
 1360              	.LVL141:
 1361              	.L122:
 954:Middlewares/Third_Party/FreeRTOS/Source/queue.c ****     configASSERT( !( ( xCopyPosition == queueOVERWRITE ) && ( pxQueue->uxLength != 1 ) ) );
 1362              		.loc 1 954 100 discriminator 8 view .LVU440
 955:Middlewares/Third_Party/FreeRTOS/Source/queue.c ****     #if ( ( INCLUDE_xTaskGetSchedulerState == 1 ) || ( configUSE_TIMERS == 1 ) )
 1363              		.loc 1 955 5 view .LVU441
 1364 0010 022D     		cmp	r5, #2
 1365 0012 02D1     		bne	.L124
 955:Middlewares/Third_Party/FreeRTOS/Source/queue.c ****     #if ( ( INCLUDE_xTaskGetSchedulerState == 1 ) || ( configUSE_TIMERS == 1 ) )
 1366              		.loc 1 955 5 is_stmt 0 discriminator 2 view .LVU442
 1367 0014 E36B     		ldr	r3, [r4, #60]
 1368 0016 012B     		cmp	r3, #1
 1369 0018 12D1     		bne	.L145
 1370              	.L124:
 955:Middlewares/Third_Party/FreeRTOS/Source/queue.c ****     #if ( ( INCLUDE_xTaskGetSchedulerState == 1 ) || ( configUSE_TIMERS == 1 ) )
 1371              		.loc 1 955 91 is_stmt 1 discriminator 8 view .LVU443
 958:Middlewares/Third_Party/FreeRTOS/Source/queue.c ****     }
 1372              		.loc 1 958 9 view .LVU444
 1373 001a FFF7FEFF 		bl	xTaskGetSchedulerState
 1374              	.LVL142:
 958:Middlewares/Third_Party/FreeRTOS/Source/queue.c ****     }
 1375              		.loc 1 958 9 is_stmt 0 discriminator 1 view .LVU445
ARM GAS  /tmp/ccmofomj.s 			page 79


 1376 001e 0646     		mov	r6, r0
 1377 0020 88B9     		cbnz	r0, .L141
 958:Middlewares/Third_Party/FreeRTOS/Source/queue.c ****     }
 1378              		.loc 1 958 9 discriminator 2 view .LVU446
 1379 0022 019B     		ldr	r3, [sp, #4]
 1380 0024 002B     		cmp	r3, #0
 1381 0026 3FD0     		beq	.L128
 958:Middlewares/Third_Party/FreeRTOS/Source/queue.c ****     }
 1382              		.loc 1 958 9 is_stmt 1 discriminator 7 view .LVU447
 1383 0028 FFF7FEFF 		bl	ulSetInterruptMask
 1384              	.LVL143:
 1385              	.L127:
 958:Middlewares/Third_Party/FreeRTOS/Source/queue.c ****     }
 1386              		.loc 1 958 9 discriminator 9 view .LVU448
 958:Middlewares/Third_Party/FreeRTOS/Source/queue.c ****     }
 1387              		.loc 1 958 9 discriminator 9 view .LVU449
 1388 002c FEE7     		b	.L127
 1389              	.LVL144:
 1390              	.L143:
 953:Middlewares/Third_Party/FreeRTOS/Source/queue.c ****     configASSERT( !( ( pvItemToQueue == NULL ) && ( pxQueue->uxItemSize != ( UBaseType_t ) 0U ) ) )
 1391              		.loc 1 953 5 discriminator 1 view .LVU450
 1392 002e FFF7FEFF 		bl	ulSetInterruptMask
 1393              	.LVL145:
 1394              	.L121:
 953:Middlewares/Third_Party/FreeRTOS/Source/queue.c ****     configASSERT( !( ( pvItemToQueue == NULL ) && ( pxQueue->uxItemSize != ( UBaseType_t ) 0U ) ) )
 1395              		.loc 1 953 5 discriminator 3 view .LVU451
 953:Middlewares/Third_Party/FreeRTOS/Source/queue.c ****     configASSERT( !( ( pvItemToQueue == NULL ) && ( pxQueue->uxItemSize != ( UBaseType_t ) 0U ) ) )
 1396              		.loc 1 953 5 discriminator 3 view .LVU452
 1397 0032 FEE7     		b	.L121
 1398              	.LVL146:
 1399              	.L144:
 954:Middlewares/Third_Party/FreeRTOS/Source/queue.c ****     configASSERT( !( ( xCopyPosition == queueOVERWRITE ) && ( pxQueue->uxLength != 1 ) ) );
 1400              		.loc 1 954 5 is_stmt 0 discriminator 2 view .LVU453
 1401 0034 036C     		ldr	r3, [r0, #64]
 1402              	.LVL147:
 954:Middlewares/Third_Party/FreeRTOS/Source/queue.c ****     configASSERT( !( ( xCopyPosition == queueOVERWRITE ) && ( pxQueue->uxLength != 1 ) ) );
 1403              		.loc 1 954 5 discriminator 2 view .LVU454
 1404 0036 002B     		cmp	r3, #0
 1405 0038 EAD0     		beq	.L122
 954:Middlewares/Third_Party/FreeRTOS/Source/queue.c ****     configASSERT( !( ( xCopyPosition == queueOVERWRITE ) && ( pxQueue->uxLength != 1 ) ) );
 1406              		.loc 1 954 5 is_stmt 1 discriminator 7 view .LVU455
 1407 003a FFF7FEFF 		bl	ulSetInterruptMask
 1408              	.LVL148:
 1409              	.L123:
 954:Middlewares/Third_Party/FreeRTOS/Source/queue.c ****     configASSERT( !( ( xCopyPosition == queueOVERWRITE ) && ( pxQueue->uxLength != 1 ) ) );
 1410              		.loc 1 954 5 discriminator 9 view .LVU456
 954:Middlewares/Third_Party/FreeRTOS/Source/queue.c ****     configASSERT( !( ( xCopyPosition == queueOVERWRITE ) && ( pxQueue->uxLength != 1 ) ) );
 1411              		.loc 1 954 5 discriminator 9 view .LVU457
 1412 003e FEE7     		b	.L123
 1413              	.LVL149:
 1414              	.L145:
 955:Middlewares/Third_Party/FreeRTOS/Source/queue.c ****     #if ( ( INCLUDE_xTaskGetSchedulerState == 1 ) || ( configUSE_TIMERS == 1 ) )
 1415              		.loc 1 955 5 discriminator 7 view .LVU458
 1416 0040 FFF7FEFF 		bl	ulSetInterruptMask
 1417              	.LVL150:
 1418              	.L125:
 955:Middlewares/Third_Party/FreeRTOS/Source/queue.c ****     #if ( ( INCLUDE_xTaskGetSchedulerState == 1 ) || ( configUSE_TIMERS == 1 ) )
ARM GAS  /tmp/ccmofomj.s 			page 80


 1419              		.loc 1 955 5 discriminator 9 view .LVU459
 955:Middlewares/Third_Party/FreeRTOS/Source/queue.c ****     #if ( ( INCLUDE_xTaskGetSchedulerState == 1 ) || ( configUSE_TIMERS == 1 ) )
 1420              		.loc 1 955 5 discriminator 9 view .LVU460
 1421 0044 FEE7     		b	.L125
 1422              	.L141:
 955:Middlewares/Third_Party/FreeRTOS/Source/queue.c ****     #if ( ( INCLUDE_xTaskGetSchedulerState == 1 ) || ( configUSE_TIMERS == 1 ) )
 1423              		.loc 1 955 5 is_stmt 0 discriminator 9 view .LVU461
 1424 0046 0026     		movs	r6, #0
 1425 0048 2EE0     		b	.L128
 1426              	.LVL151:
 1427              	.L129:
 972:Middlewares/Third_Party/FreeRTOS/Source/queue.c **** 
 1428              		.loc 1 972 43 is_stmt 1 view .LVU462
1036:Middlewares/Third_Party/FreeRTOS/Source/queue.c **** 
 1429              		.loc 1 1036 21 view .LVU463
1036:Middlewares/Third_Party/FreeRTOS/Source/queue.c **** 
 1430              		.loc 1 1036 38 is_stmt 0 view .LVU464
 1431 004a 2A46     		mov	r2, r5
 1432 004c 3946     		mov	r1, r7
 1433 004e 2046     		mov	r0, r4
 1434 0050 FFF7FEFF 		bl	prvCopyDataToQueue
 1435              	.LVL152:
1040:Middlewares/Third_Party/FreeRTOS/Source/queue.c ****                     {
 1436              		.loc 1 1040 21 is_stmt 1 view .LVU465
1040:Middlewares/Third_Party/FreeRTOS/Source/queue.c ****                     {
 1437              		.loc 1 1040 25 is_stmt 0 view .LVU466
 1438 0054 636A     		ldr	r3, [r4, #36]
1040:Middlewares/Third_Party/FreeRTOS/Source/queue.c ****                     {
 1439              		.loc 1 1040 23 view .LVU467
 1440 0056 2BB9     		cbnz	r3, .L146
1055:Middlewares/Third_Party/FreeRTOS/Source/queue.c ****                     {
 1441              		.loc 1 1055 26 is_stmt 1 view .LVU468
1055:Middlewares/Third_Party/FreeRTOS/Source/queue.c ****                     {
 1442              		.loc 1 1055 28 is_stmt 0 view .LVU469
 1443 0058 68B9     		cbnz	r0, .L147
 1444              	.LVL153:
 1445              	.L132:
1065:Middlewares/Third_Party/FreeRTOS/Source/queue.c ****                     }
 1446              		.loc 1 1065 49 is_stmt 1 view .LVU470
1070:Middlewares/Third_Party/FreeRTOS/Source/queue.c **** 
 1447              		.loc 1 1070 17 view .LVU471
 1448 005a FFF7FEFF 		bl	vPortExitCritical
 1449              	.LVL154:
1072:Middlewares/Third_Party/FreeRTOS/Source/queue.c **** 
 1450              		.loc 1 1072 56 view .LVU472
1074:Middlewares/Third_Party/FreeRTOS/Source/queue.c ****             }
 1451              		.loc 1 1074 17 view .LVU473
1074:Middlewares/Third_Party/FreeRTOS/Source/queue.c ****             }
 1452              		.loc 1 1074 24 is_stmt 0 view .LVU474
 1453 005e 0120     		movs	r0, #1
 1454              	.LVL155:
 1455              	.L119:
1157:Middlewares/Third_Party/FreeRTOS/Source/queue.c **** /*-----------------------------------------------------------*/
 1456              		.loc 1 1157 1 view .LVU475
 1457 0060 05B0     		add	sp, sp, #20
 1458              	.LCFI23:
 1459              		.cfi_remember_state
ARM GAS  /tmp/ccmofomj.s 			page 81


 1460              		.cfi_def_cfa_offset 20
 1461              		@ sp needed
 1462 0062 F0BD     		pop	{r4, r5, r6, r7, pc}
 1463              	.LVL156:
 1464              	.L146:
 1465              	.LCFI24:
 1466              		.cfi_restore_state
1042:Middlewares/Third_Party/FreeRTOS/Source/queue.c ****                         {
 1467              		.loc 1 1042 25 is_stmt 1 view .LVU476
1042:Middlewares/Third_Party/FreeRTOS/Source/queue.c ****                         {
 1468              		.loc 1 1042 29 is_stmt 0 view .LVU477
 1469 0064 04F12400 		add	r0, r4, #36
 1470              	.LVL157:
1042:Middlewares/Third_Party/FreeRTOS/Source/queue.c ****                         {
 1471              		.loc 1 1042 29 view .LVU478
 1472 0068 FFF7FEFF 		bl	xTaskRemoveFromEventList
 1473              	.LVL158:
1042:Middlewares/Third_Party/FreeRTOS/Source/queue.c ****                         {
 1474              		.loc 1 1042 27 discriminator 1 view .LVU479
 1475 006c 0028     		cmp	r0, #0
 1476 006e F4D0     		beq	.L132
1048:Middlewares/Third_Party/FreeRTOS/Source/queue.c ****                         }
 1477              		.loc 1 1048 29 is_stmt 1 view .LVU480
 1478 0070 FFF7FEFF 		bl	vPortYield
 1479              	.LVL159:
 1480 0074 F1E7     		b	.L132
 1481              	.LVL160:
 1482              	.L147:
1061:Middlewares/Third_Party/FreeRTOS/Source/queue.c ****                     }
 1483              		.loc 1 1061 25 view .LVU481
 1484 0076 FFF7FEFF 		bl	vPortYield
 1485              	.LVL161:
1061:Middlewares/Third_Party/FreeRTOS/Source/queue.c ****                     }
 1486              		.loc 1 1061 25 is_stmt 0 view .LVU482
 1487 007a EEE7     		b	.L132
 1488              	.LVL162:
 1489              	.L148:
1082:Middlewares/Third_Party/FreeRTOS/Source/queue.c **** 
 1490              		.loc 1 1082 21 is_stmt 1 view .LVU483
 1491 007c FFF7FEFF 		bl	vPortExitCritical
 1492              	.LVL163:
1086:Middlewares/Third_Party/FreeRTOS/Source/queue.c ****                     traceRETURN_xQueueGenericSend( errQUEUE_FULL );
 1493              		.loc 1 1086 54 view .LVU484
1087:Middlewares/Third_Party/FreeRTOS/Source/queue.c **** 
 1494              		.loc 1 1087 67 view .LVU485
1089:Middlewares/Third_Party/FreeRTOS/Source/queue.c ****                 }
 1495              		.loc 1 1089 21 view .LVU486
1089:Middlewares/Third_Party/FreeRTOS/Source/queue.c ****                 }
 1496              		.loc 1 1089 28 is_stmt 0 view .LVU487
 1497 0080 0020     		movs	r0, #0
 1498 0082 EDE7     		b	.L119
 1499              	.L149:
1095:Middlewares/Third_Party/FreeRTOS/Source/queue.c ****                     xEntryTimeSet = pdTRUE;
 1500              		.loc 1 1095 21 is_stmt 1 view .LVU488
 1501 0084 02A8     		add	r0, sp, #8
 1502 0086 FFF7FEFF 		bl	vTaskInternalSetTimeOutState
 1503              	.LVL164:
ARM GAS  /tmp/ccmofomj.s 			page 82


1096:Middlewares/Third_Party/FreeRTOS/Source/queue.c ****                 }
 1504              		.loc 1 1096 21 view .LVU489
1096:Middlewares/Third_Party/FreeRTOS/Source/queue.c ****                 }
 1505              		.loc 1 1096 35 is_stmt 0 view .LVU490
 1506 008a 0126     		movs	r6, #1
 1507 008c 19E0     		b	.L135
 1508              	.LVL165:
 1509              	.L150:
1111:Middlewares/Third_Party/FreeRTOS/Source/queue.c **** 
 1510              		.loc 1 1111 9 is_stmt 1 discriminator 1 view .LVU491
 1511 008e 0023     		movs	r3, #0
 1512 0090 84F84430 		strb	r3, [r4, #68]
 1513 0094 21E0     		b	.L136
 1514              	.L151:
1111:Middlewares/Third_Party/FreeRTOS/Source/queue.c **** 
 1515              		.loc 1 1111 9 discriminator 4 view .LVU492
 1516 0096 0023     		movs	r3, #0
 1517 0098 84F84530 		strb	r3, [r4, #69]
 1518 009c 23E0     		b	.L137
 1519              	.L139:
1141:Middlewares/Third_Party/FreeRTOS/Source/queue.c ****                 ( void ) xTaskResumeAll();
 1520              		.loc 1 1141 17 view .LVU493
 1521 009e 2046     		mov	r0, r4
 1522 00a0 FFF7FEFF 		bl	prvUnlockQueue
 1523              	.LVL166:
1142:Middlewares/Third_Party/FreeRTOS/Source/queue.c ****             }
 1524              		.loc 1 1142 17 view .LVU494
1142:Middlewares/Third_Party/FreeRTOS/Source/queue.c ****             }
 1525              		.loc 1 1142 26 is_stmt 0 view .LVU495
 1526 00a4 FFF7FEFF 		bl	xTaskResumeAll
 1527              	.LVL167:
 1528              	.L128:
 958:Middlewares/Third_Party/FreeRTOS/Source/queue.c ****     }
 1529              		.loc 1 958 110 is_stmt 1 discriminator 8 view .LVU496
 962:Middlewares/Third_Party/FreeRTOS/Source/queue.c ****     {
 1530              		.loc 1 962 5 view .LVU497
 964:Middlewares/Third_Party/FreeRTOS/Source/queue.c ****         {
 1531              		.loc 1 964 9 view .LVU498
 1532 00a8 FFF7FEFF 		bl	vPortEnterCritical
 1533              	.LVL168:
 970:Middlewares/Third_Party/FreeRTOS/Source/queue.c ****             {
 1534              		.loc 1 970 13 view .LVU499
 970:Middlewares/Third_Party/FreeRTOS/Source/queue.c ****             {
 1535              		.loc 1 970 26 is_stmt 0 view .LVU500
 1536 00ac A26B     		ldr	r2, [r4, #56]
 970:Middlewares/Third_Party/FreeRTOS/Source/queue.c ****             {
 1537              		.loc 1 970 55 view .LVU501
 1538 00ae E36B     		ldr	r3, [r4, #60]
 970:Middlewares/Third_Party/FreeRTOS/Source/queue.c ****             {
 1539              		.loc 1 970 15 view .LVU502
 1540 00b0 9A42     		cmp	r2, r3
 1541 00b2 CAD3     		bcc	.L129
 970:Middlewares/Third_Party/FreeRTOS/Source/queue.c ****             {
 1542              		.loc 1 970 68 discriminator 1 view .LVU503
 1543 00b4 022D     		cmp	r5, #2
 1544 00b6 C8D0     		beq	.L129
1078:Middlewares/Third_Party/FreeRTOS/Source/queue.c ****                 {
ARM GAS  /tmp/ccmofomj.s 			page 83


 1545              		.loc 1 1078 17 is_stmt 1 view .LVU504
1078:Middlewares/Third_Party/FreeRTOS/Source/queue.c ****                 {
 1546              		.loc 1 1078 34 is_stmt 0 view .LVU505
 1547 00b8 019B     		ldr	r3, [sp, #4]
1078:Middlewares/Third_Party/FreeRTOS/Source/queue.c ****                 {
 1548              		.loc 1 1078 19 view .LVU506
 1549 00ba 002B     		cmp	r3, #0
 1550 00bc DED0     		beq	.L148
1091:Middlewares/Third_Party/FreeRTOS/Source/queue.c ****                 {
 1551              		.loc 1 1091 22 is_stmt 1 view .LVU507
1091:Middlewares/Third_Party/FreeRTOS/Source/queue.c ****                 {
 1552              		.loc 1 1091 24 is_stmt 0 view .LVU508
 1553 00be 002E     		cmp	r6, #0
 1554 00c0 E0D0     		beq	.L149
 1555              	.LVL169:
 1556              	.L135:
1101:Middlewares/Third_Party/FreeRTOS/Source/queue.c ****                 }
 1557              		.loc 1 1101 45 is_stmt 1 view .LVU509
1105:Middlewares/Third_Party/FreeRTOS/Source/queue.c **** 
 1558              		.loc 1 1105 9 view .LVU510
 1559 00c2 FFF7FEFF 		bl	vPortExitCritical
 1560              	.LVL170:
1110:Middlewares/Third_Party/FreeRTOS/Source/queue.c ****         prvLockQueue( pxQueue );
 1561              		.loc 1 1110 9 view .LVU511
 1562 00c6 FFF7FEFF 		bl	vTaskSuspendAll
 1563              	.LVL171:
1111:Middlewares/Third_Party/FreeRTOS/Source/queue.c **** 
 1564              		.loc 1 1111 9 view .LVU512
 1565 00ca FFF7FEFF 		bl	vPortEnterCritical
 1566              	.LVL172:
1111:Middlewares/Third_Party/FreeRTOS/Source/queue.c **** 
 1567              		.loc 1 1111 9 discriminator 1 view .LVU513
 1568 00ce 94F84420 		ldrb	r2, [r4, #68]	@ zero_extendqisi2
 1569 00d2 52B2     		sxtb	r2, r2
 1570 00d4 B2F1FF3F 		cmp	r2, #-1
 1571 00d8 D9D0     		beq	.L150
 1572              	.L136:
1111:Middlewares/Third_Party/FreeRTOS/Source/queue.c **** 
 1573              		.loc 1 1111 9 discriminator 3 view .LVU514
 1574 00da 94F84520 		ldrb	r2, [r4, #69]	@ zero_extendqisi2
 1575 00de 52B2     		sxtb	r2, r2
 1576 00e0 B2F1FF3F 		cmp	r2, #-1
 1577 00e4 D7D0     		beq	.L151
 1578              	.L137:
1111:Middlewares/Third_Party/FreeRTOS/Source/queue.c **** 
 1579              		.loc 1 1111 9 discriminator 6 view .LVU515
 1580 00e6 FFF7FEFF 		bl	vPortExitCritical
 1581              	.LVL173:
1114:Middlewares/Third_Party/FreeRTOS/Source/queue.c ****         {
 1582              		.loc 1 1114 9 view .LVU516
1114:Middlewares/Third_Party/FreeRTOS/Source/queue.c ****         {
 1583              		.loc 1 1114 13 is_stmt 0 view .LVU517
 1584 00ea 01A9     		add	r1, sp, #4
 1585 00ec 02A8     		add	r0, sp, #8
 1586 00ee FFF7FEFF 		bl	xTaskCheckForTimeOut
 1587              	.LVL174:
1114:Middlewares/Third_Party/FreeRTOS/Source/queue.c ****         {
ARM GAS  /tmp/ccmofomj.s 			page 84


 1588              		.loc 1 1114 11 discriminator 1 view .LVU518
 1589 00f2 98B9     		cbnz	r0, .L138
1116:Middlewares/Third_Party/FreeRTOS/Source/queue.c ****             {
 1590              		.loc 1 1116 13 is_stmt 1 view .LVU519
1116:Middlewares/Third_Party/FreeRTOS/Source/queue.c ****             {
 1591              		.loc 1 1116 17 is_stmt 0 view .LVU520
 1592 00f4 2046     		mov	r0, r4
 1593 00f6 FFF7FEFF 		bl	prvIsQueueFull
 1594              	.LVL175:
1116:Middlewares/Third_Party/FreeRTOS/Source/queue.c ****             {
 1595              		.loc 1 1116 15 discriminator 1 view .LVU521
 1596 00fa 0028     		cmp	r0, #0
 1597 00fc CFD0     		beq	.L139
1118:Middlewares/Third_Party/FreeRTOS/Source/queue.c ****                 vTaskPlaceOnEventList( &( pxQueue->xTasksWaitingToSend ), xTicksToWait );
 1598              		.loc 1 1118 55 is_stmt 1 view .LVU522
1119:Middlewares/Third_Party/FreeRTOS/Source/queue.c **** 
 1599              		.loc 1 1119 17 view .LVU523
 1600 00fe 0199     		ldr	r1, [sp, #4]
 1601 0100 04F11000 		add	r0, r4, #16
 1602 0104 FFF7FEFF 		bl	vTaskPlaceOnEventList
 1603              	.LVL176:
1126:Middlewares/Third_Party/FreeRTOS/Source/queue.c **** 
 1604              		.loc 1 1126 17 view .LVU524
 1605 0108 2046     		mov	r0, r4
 1606 010a FFF7FEFF 		bl	prvUnlockQueue
 1607              	.LVL177:
1133:Middlewares/Third_Party/FreeRTOS/Source/queue.c ****                 {
 1608              		.loc 1 1133 17 view .LVU525
1133:Middlewares/Third_Party/FreeRTOS/Source/queue.c ****                 {
 1609              		.loc 1 1133 21 is_stmt 0 view .LVU526
 1610 010e FFF7FEFF 		bl	xTaskResumeAll
 1611              	.LVL178:
1133:Middlewares/Third_Party/FreeRTOS/Source/queue.c ****                 {
 1612              		.loc 1 1133 19 discriminator 1 view .LVU527
 1613 0112 0028     		cmp	r0, #0
 1614 0114 C8D1     		bne	.L128
1135:Middlewares/Third_Party/FreeRTOS/Source/queue.c ****                 }
 1615              		.loc 1 1135 21 is_stmt 1 view .LVU528
 1616 0116 FFF7FEFF 		bl	vPortYield
 1617              	.LVL179:
 1618 011a C5E7     		b	.L128
 1619              	.L138:
1148:Middlewares/Third_Party/FreeRTOS/Source/queue.c ****             ( void ) xTaskResumeAll();
 1620              		.loc 1 1148 13 view .LVU529
 1621 011c 2046     		mov	r0, r4
 1622 011e FFF7FEFF 		bl	prvUnlockQueue
 1623              	.LVL180:
1149:Middlewares/Third_Party/FreeRTOS/Source/queue.c **** 
 1624              		.loc 1 1149 13 view .LVU530
1149:Middlewares/Third_Party/FreeRTOS/Source/queue.c **** 
 1625              		.loc 1 1149 22 is_stmt 0 view .LVU531
 1626 0122 FFF7FEFF 		bl	xTaskResumeAll
 1627              	.LVL181:
1151:Middlewares/Third_Party/FreeRTOS/Source/queue.c ****             traceRETURN_xQueueGenericSend( errQUEUE_FULL );
 1628              		.loc 1 1151 46 is_stmt 1 view .LVU532
1152:Middlewares/Third_Party/FreeRTOS/Source/queue.c **** 
 1629              		.loc 1 1152 59 view .LVU533
ARM GAS  /tmp/ccmofomj.s 			page 85


1154:Middlewares/Third_Party/FreeRTOS/Source/queue.c ****         }
 1630              		.loc 1 1154 13 view .LVU534
1154:Middlewares/Third_Party/FreeRTOS/Source/queue.c ****         }
 1631              		.loc 1 1154 20 is_stmt 0 view .LVU535
 1632 0126 0020     		movs	r0, #0
 1633 0128 9AE7     		b	.L119
 1634              		.cfi_endproc
 1635              	.LFE14:
 1637              		.section	.text.prvInitialiseMutex,"ax",%progbits
 1638              		.align	1
 1639              		.syntax unified
 1640              		.thumb
 1641              		.thumb_func
 1643              	prvInitialiseMutex:
 1644              	.LVL182:
 1645              	.LFB5:
 618:Middlewares/Third_Party/FreeRTOS/Source/queue.c ****         if( pxNewQueue != NULL )
 1646              		.loc 1 618 5 is_stmt 1 view -0
 1647              		.cfi_startproc
 1648              		@ args = 0, pretend = 0, frame = 0
 1649              		@ frame_needed = 0, uses_anonymous_args = 0
 619:Middlewares/Third_Party/FreeRTOS/Source/queue.c ****         {
 1650              		.loc 1 619 9 view .LVU537
 619:Middlewares/Third_Party/FreeRTOS/Source/queue.c ****         {
 1651              		.loc 1 619 11 is_stmt 0 view .LVU538
 1652 0000 48B1     		cbz	r0, .L155
 618:Middlewares/Third_Party/FreeRTOS/Source/queue.c ****         if( pxNewQueue != NULL )
 1653              		.loc 1 618 5 view .LVU539
 1654 0002 08B5     		push	{r3, lr}
 1655              	.LCFI25:
 1656              		.cfi_def_cfa_offset 8
 1657              		.cfi_offset 3, -8
 1658              		.cfi_offset 14, -4
 625:Middlewares/Third_Party/FreeRTOS/Source/queue.c ****             pxNewQueue->uxQueueType = queueQUEUE_IS_MUTEX;
 1659              		.loc 1 625 13 is_stmt 1 view .LVU540
 625:Middlewares/Third_Party/FreeRTOS/Source/queue.c ****             pxNewQueue->uxQueueType = queueQUEUE_IS_MUTEX;
 1660              		.loc 1 625 51 is_stmt 0 view .LVU541
 1661 0004 0021     		movs	r1, #0
 1662 0006 8160     		str	r1, [r0, #8]
 626:Middlewares/Third_Party/FreeRTOS/Source/queue.c **** 
 1663              		.loc 1 626 13 is_stmt 1 view .LVU542
 626:Middlewares/Third_Party/FreeRTOS/Source/queue.c **** 
 1664              		.loc 1 626 37 is_stmt 0 view .LVU543
 1665 0008 0160     		str	r1, [r0]
 629:Middlewares/Third_Party/FreeRTOS/Source/queue.c **** 
 1666              		.loc 1 629 13 is_stmt 1 view .LVU544
 629:Middlewares/Third_Party/FreeRTOS/Source/queue.c **** 
 1667              		.loc 1 629 59 is_stmt 0 view .LVU545
 1668 000a C160     		str	r1, [r0, #12]
 631:Middlewares/Third_Party/FreeRTOS/Source/queue.c **** 
 1669              		.loc 1 631 44 is_stmt 1 view .LVU546
 634:Middlewares/Third_Party/FreeRTOS/Source/queue.c ****         }
 1670              		.loc 1 634 13 view .LVU547
 634:Middlewares/Third_Party/FreeRTOS/Source/queue.c ****         }
 1671              		.loc 1 634 22 is_stmt 0 view .LVU548
 1672 000c 0B46     		mov	r3, r1
 1673 000e 0A46     		mov	r2, r1
ARM GAS  /tmp/ccmofomj.s 			page 86


 1674 0010 FFF7FEFF 		bl	xQueueGenericSend
 1675              	.LVL183:
 638:Middlewares/Third_Party/FreeRTOS/Source/queue.c ****         }
 1676              		.loc 1 638 39 is_stmt 1 view .LVU549
 640:Middlewares/Third_Party/FreeRTOS/Source/queue.c **** 
 1677              		.loc 1 640 5 is_stmt 0 view .LVU550
 1678 0014 08BD     		pop	{r3, pc}
 1679              	.LVL184:
 1680              	.L155:
 1681              	.LCFI26:
 1682              		.cfi_def_cfa_offset 0
 1683              		.cfi_restore 3
 1684              		.cfi_restore 14
 640:Middlewares/Third_Party/FreeRTOS/Source/queue.c **** 
 1685              		.loc 1 640 5 view .LVU551
 1686 0016 7047     		bx	lr
 1687              		.cfi_endproc
 1688              	.LFE5:
 1690              		.section	.text.xQueueCreateMutex,"ax",%progbits
 1691              		.align	1
 1692              		.global	xQueueCreateMutex
 1693              		.syntax unified
 1694              		.thumb
 1695              		.thumb_func
 1697              	xQueueCreateMutex:
 1698              	.LVL185:
 1699              	.LFB6:
 648:Middlewares/Third_Party/FreeRTOS/Source/queue.c ****         QueueHandle_t xNewQueue;
 1700              		.loc 1 648 5 is_stmt 1 view -0
 1701              		.cfi_startproc
 1702              		@ args = 0, pretend = 0, frame = 0
 1703              		@ frame_needed = 0, uses_anonymous_args = 0
 648:Middlewares/Third_Party/FreeRTOS/Source/queue.c ****         QueueHandle_t xNewQueue;
 1704              		.loc 1 648 5 is_stmt 0 view .LVU553
 1705 0000 10B5     		push	{r4, lr}
 1706              	.LCFI27:
 1707              		.cfi_def_cfa_offset 8
 1708              		.cfi_offset 4, -8
 1709              		.cfi_offset 14, -4
 1710 0002 0246     		mov	r2, r0
 649:Middlewares/Third_Party/FreeRTOS/Source/queue.c ****         const UBaseType_t uxMutexLength = ( UBaseType_t ) 1, uxMutexSize = ( UBaseType_t ) 0;
 1711              		.loc 1 649 9 is_stmt 1 view .LVU554
 650:Middlewares/Third_Party/FreeRTOS/Source/queue.c **** 
 1712              		.loc 1 650 9 view .LVU555
 1713              	.LVL186:
 652:Middlewares/Third_Party/FreeRTOS/Source/queue.c **** 
 1714              		.loc 1 652 52 view .LVU556
 654:Middlewares/Third_Party/FreeRTOS/Source/queue.c ****         prvInitialiseMutex( ( Queue_t * ) xNewQueue );
 1715              		.loc 1 654 9 view .LVU557
 654:Middlewares/Third_Party/FreeRTOS/Source/queue.c ****         prvInitialiseMutex( ( Queue_t * ) xNewQueue );
 1716              		.loc 1 654 21 is_stmt 0 view .LVU558
 1717 0004 0021     		movs	r1, #0
 1718 0006 0120     		movs	r0, #1
 1719              	.LVL187:
 654:Middlewares/Third_Party/FreeRTOS/Source/queue.c ****         prvInitialiseMutex( ( Queue_t * ) xNewQueue );
 1720              		.loc 1 654 21 view .LVU559
 1721 0008 FFF7FEFF 		bl	xQueueGenericCreate
ARM GAS  /tmp/ccmofomj.s 			page 87


 1722              	.LVL188:
 654:Middlewares/Third_Party/FreeRTOS/Source/queue.c ****         prvInitialiseMutex( ( Queue_t * ) xNewQueue );
 1723              		.loc 1 654 21 view .LVU560
 1724 000c 0446     		mov	r4, r0
 1725              	.LVL189:
 655:Middlewares/Third_Party/FreeRTOS/Source/queue.c **** 
 1726              		.loc 1 655 9 is_stmt 1 view .LVU561
 1727 000e FFF7FEFF 		bl	prvInitialiseMutex
 1728              	.LVL190:
 657:Middlewares/Third_Party/FreeRTOS/Source/queue.c **** 
 1729              		.loc 1 657 51 view .LVU562
 659:Middlewares/Third_Party/FreeRTOS/Source/queue.c ****     }
 1730              		.loc 1 659 9 view .LVU563
 660:Middlewares/Third_Party/FreeRTOS/Source/queue.c **** 
 1731              		.loc 1 660 5 is_stmt 0 view .LVU564
 1732 0012 2046     		mov	r0, r4
 1733 0014 10BD     		pop	{r4, pc}
 660:Middlewares/Third_Party/FreeRTOS/Source/queue.c **** 
 1734              		.loc 1 660 5 view .LVU565
 1735              		.cfi_endproc
 1736              	.LFE6:
 1738              		.section	.text.xQueueCreateMutexStatic,"ax",%progbits
 1739              		.align	1
 1740              		.global	xQueueCreateMutexStatic
 1741              		.syntax unified
 1742              		.thumb
 1743              		.thumb_func
 1745              	xQueueCreateMutexStatic:
 1746              	.LVL191:
 1747              	.LFB7:
 669:Middlewares/Third_Party/FreeRTOS/Source/queue.c ****         QueueHandle_t xNewQueue;
 1748              		.loc 1 669 5 is_stmt 1 view -0
 1749              		.cfi_startproc
 1750              		@ args = 0, pretend = 0, frame = 0
 1751              		@ frame_needed = 0, uses_anonymous_args = 0
 669:Middlewares/Third_Party/FreeRTOS/Source/queue.c ****         QueueHandle_t xNewQueue;
 1752              		.loc 1 669 5 is_stmt 0 view .LVU567
 1753 0000 10B5     		push	{r4, lr}
 1754              	.LCFI28:
 1755              		.cfi_def_cfa_offset 8
 1756              		.cfi_offset 4, -8
 1757              		.cfi_offset 14, -4
 1758 0002 82B0     		sub	sp, sp, #8
 1759              	.LCFI29:
 1760              		.cfi_def_cfa_offset 16
 1761 0004 0B46     		mov	r3, r1
 670:Middlewares/Third_Party/FreeRTOS/Source/queue.c ****         const UBaseType_t uxMutexLength = ( UBaseType_t ) 1, uxMutexSize = ( UBaseType_t ) 0;
 1762              		.loc 1 670 9 is_stmt 1 view .LVU568
 671:Middlewares/Third_Party/FreeRTOS/Source/queue.c **** 
 1763              		.loc 1 671 9 view .LVU569
 1764              	.LVL192:
 673:Middlewares/Third_Party/FreeRTOS/Source/queue.c **** 
 1765              		.loc 1 673 73 view .LVU570
 677:Middlewares/Third_Party/FreeRTOS/Source/queue.c **** 
 1766              		.loc 1 677 9 view .LVU571
 679:Middlewares/Third_Party/FreeRTOS/Source/queue.c ****         prvInitialiseMutex( ( Queue_t * ) xNewQueue );
 1767              		.loc 1 679 9 view .LVU572
ARM GAS  /tmp/ccmofomj.s 			page 88


 679:Middlewares/Third_Party/FreeRTOS/Source/queue.c ****         prvInitialiseMutex( ( Queue_t * ) xNewQueue );
 1768              		.loc 1 679 21 is_stmt 0 view .LVU573
 1769 0006 0090     		str	r0, [sp]
 1770 0008 0022     		movs	r2, #0
 1771 000a 1146     		mov	r1, r2
 1772              	.LVL193:
 679:Middlewares/Third_Party/FreeRTOS/Source/queue.c ****         prvInitialiseMutex( ( Queue_t * ) xNewQueue );
 1773              		.loc 1 679 21 view .LVU574
 1774 000c 0120     		movs	r0, #1
 1775              	.LVL194:
 679:Middlewares/Third_Party/FreeRTOS/Source/queue.c ****         prvInitialiseMutex( ( Queue_t * ) xNewQueue );
 1776              		.loc 1 679 21 view .LVU575
 1777 000e FFF7FEFF 		bl	xQueueGenericCreateStatic
 1778              	.LVL195:
 679:Middlewares/Third_Party/FreeRTOS/Source/queue.c ****         prvInitialiseMutex( ( Queue_t * ) xNewQueue );
 1779              		.loc 1 679 21 view .LVU576
 1780 0012 0446     		mov	r4, r0
 1781              	.LVL196:
 680:Middlewares/Third_Party/FreeRTOS/Source/queue.c **** 
 1782              		.loc 1 680 9 is_stmt 1 view .LVU577
 1783 0014 FFF7FEFF 		bl	prvInitialiseMutex
 1784              	.LVL197:
 682:Middlewares/Third_Party/FreeRTOS/Source/queue.c **** 
 1785              		.loc 1 682 57 view .LVU578
 684:Middlewares/Third_Party/FreeRTOS/Source/queue.c ****     }
 1786              		.loc 1 684 9 view .LVU579
 685:Middlewares/Third_Party/FreeRTOS/Source/queue.c **** 
 1787              		.loc 1 685 5 is_stmt 0 view .LVU580
 1788 0018 2046     		mov	r0, r4
 1789 001a 02B0     		add	sp, sp, #8
 1790              	.LCFI30:
 1791              		.cfi_def_cfa_offset 8
 1792              		@ sp needed
 1793 001c 10BD     		pop	{r4, pc}
 685:Middlewares/Third_Party/FreeRTOS/Source/queue.c **** 
 1794              		.loc 1 685 5 view .LVU581
 1795              		.cfi_endproc
 1796              	.LFE7:
 1798              		.section	.text.xQueueGiveMutexRecursive,"ax",%progbits
 1799              		.align	1
 1800              		.global	xQueueGiveMutexRecursive
 1801              		.syntax unified
 1802              		.thumb
 1803              		.thumb_func
 1805              	xQueueGiveMutexRecursive:
 1806              	.LVL198:
 1807              	.LFB10:
 760:Middlewares/Third_Party/FreeRTOS/Source/queue.c ****         BaseType_t xReturn;
 1808              		.loc 1 760 5 is_stmt 1 view -0
 1809              		.cfi_startproc
 1810              		@ args = 0, pretend = 0, frame = 0
 1811              		@ frame_needed = 0, uses_anonymous_args = 0
 760:Middlewares/Third_Party/FreeRTOS/Source/queue.c ****         BaseType_t xReturn;
 1812              		.loc 1 760 5 is_stmt 0 view .LVU583
 1813 0000 38B5     		push	{r3, r4, r5, lr}
 1814              	.LCFI31:
 1815              		.cfi_def_cfa_offset 16
ARM GAS  /tmp/ccmofomj.s 			page 89


 1816              		.cfi_offset 3, -16
 1817              		.cfi_offset 4, -12
 1818              		.cfi_offset 5, -8
 1819              		.cfi_offset 14, -4
 761:Middlewares/Third_Party/FreeRTOS/Source/queue.c ****         Queue_t * const pxMutex = ( Queue_t * ) xMutex;
 1820              		.loc 1 761 9 is_stmt 1 view .LVU584
 762:Middlewares/Third_Party/FreeRTOS/Source/queue.c **** 
 1821              		.loc 1 762 9 view .LVU585
 1822              	.LVL199:
 764:Middlewares/Third_Party/FreeRTOS/Source/queue.c **** 
 1823              		.loc 1 764 54 view .LVU586
 766:Middlewares/Third_Party/FreeRTOS/Source/queue.c **** 
 1824              		.loc 1 766 9 view .LVU587
 1825 0002 38B1     		cbz	r0, .L169
 1826 0004 0446     		mov	r4, r0
 766:Middlewares/Third_Party/FreeRTOS/Source/queue.c **** 
 1827              		.loc 1 766 32 discriminator 2 view .LVU588
 774:Middlewares/Third_Party/FreeRTOS/Source/queue.c ****         {
 1828              		.loc 1 774 9 view .LVU589
 774:Middlewares/Third_Party/FreeRTOS/Source/queue.c ****         {
 1829              		.loc 1 774 34 is_stmt 0 view .LVU590
 1830 0006 8568     		ldr	r5, [r0, #8]
 774:Middlewares/Third_Party/FreeRTOS/Source/queue.c ****         {
 1831              		.loc 1 774 51 view .LVU591
 1832 0008 FFF7FEFF 		bl	xTaskGetCurrentTaskHandle
 1833              	.LVL200:
 774:Middlewares/Third_Party/FreeRTOS/Source/queue.c ****         {
 1834              		.loc 1 774 11 discriminator 1 view .LVU592
 1835 000c 8542     		cmp	r5, r0
 1836 000e 04D0     		beq	.L170
 803:Middlewares/Third_Party/FreeRTOS/Source/queue.c **** 
 1837              		.loc 1 803 21 view .LVU593
 1838 0010 0020     		movs	r0, #0
 1839              	.L162:
 811:Middlewares/Third_Party/FreeRTOS/Source/queue.c **** 
 1840              		.loc 1 811 5 view .LVU594
 1841 0012 38BD     		pop	{r3, r4, r5, pc}
 1842              	.LVL201:
 1843              	.L169:
 766:Middlewares/Third_Party/FreeRTOS/Source/queue.c **** 
 1844              		.loc 1 766 9 is_stmt 1 discriminator 1 view .LVU595
 1845 0014 FFF7FEFF 		bl	ulSetInterruptMask
 1846              	.LVL202:
 1847              	.L164:
 766:Middlewares/Third_Party/FreeRTOS/Source/queue.c **** 
 1848              		.loc 1 766 9 discriminator 3 view .LVU596
 766:Middlewares/Third_Party/FreeRTOS/Source/queue.c **** 
 1849              		.loc 1 766 9 discriminator 3 view .LVU597
 1850 0018 FEE7     		b	.L164
 1851              	.LVL203:
 1852              	.L170:
 776:Middlewares/Third_Party/FreeRTOS/Source/queue.c **** 
 1853              		.loc 1 776 49 view .LVU598
 783:Middlewares/Third_Party/FreeRTOS/Source/queue.c **** 
 1854              		.loc 1 783 13 view .LVU599
 783:Middlewares/Third_Party/FreeRTOS/Source/queue.c **** 
 1855              		.loc 1 783 36 is_stmt 0 view .LVU600
ARM GAS  /tmp/ccmofomj.s 			page 90


 1856 001a E368     		ldr	r3, [r4, #12]
 783:Middlewares/Third_Party/FreeRTOS/Source/queue.c **** 
 1857              		.loc 1 783 59 view .LVU601
 1858 001c 013B     		subs	r3, r3, #1
 1859 001e E360     		str	r3, [r4, #12]
 786:Middlewares/Third_Party/FreeRTOS/Source/queue.c ****             {
 1860              		.loc 1 786 13 is_stmt 1 view .LVU602
 786:Middlewares/Third_Party/FreeRTOS/Source/queue.c ****             {
 1861              		.loc 1 786 15 is_stmt 0 view .LVU603
 1862 0020 0BB1     		cbz	r3, .L171
 797:Middlewares/Third_Party/FreeRTOS/Source/queue.c ****         }
 1863              		.loc 1 797 21 view .LVU604
 1864 0022 0120     		movs	r0, #1
 1865              	.LVL204:
 805:Middlewares/Third_Party/FreeRTOS/Source/queue.c ****         }
 1866              		.loc 1 805 56 is_stmt 1 view .LVU605
 808:Middlewares/Third_Party/FreeRTOS/Source/queue.c **** 
 1867              		.loc 1 808 56 view .LVU606
 810:Middlewares/Third_Party/FreeRTOS/Source/queue.c ****     }
 1868              		.loc 1 810 9 view .LVU607
 810:Middlewares/Third_Party/FreeRTOS/Source/queue.c ****     }
 1869              		.loc 1 810 16 is_stmt 0 view .LVU608
 1870 0024 F5E7     		b	.L162
 1871              	.LVL205:
 1872              	.L171:
 790:Middlewares/Third_Party/FreeRTOS/Source/queue.c ****             }
 1873              		.loc 1 790 17 is_stmt 1 view .LVU609
 790:Middlewares/Third_Party/FreeRTOS/Source/queue.c ****             }
 1874              		.loc 1 790 26 is_stmt 0 view .LVU610
 1875 0026 1A46     		mov	r2, r3
 1876 0028 1946     		mov	r1, r3
 1877 002a 2046     		mov	r0, r4
 1878 002c FFF7FEFF 		bl	xQueueGenericSend
 1879              	.LVL206:
 797:Middlewares/Third_Party/FreeRTOS/Source/queue.c ****         }
 1880              		.loc 1 797 21 view .LVU611
 1881 0030 0120     		movs	r0, #1
 1882 0032 EEE7     		b	.L162
 1883              		.cfi_endproc
 1884              	.LFE10:
 1886              		.section	.text.xQueueGenericSendFromISR,"ax",%progbits
 1887              		.align	1
 1888              		.global	xQueueGenericSendFromISR
 1889              		.syntax unified
 1890              		.thumb
 1891              		.thumb_func
 1893              	xQueueGenericSendFromISR:
 1894              	.LVL207:
 1895              	.LFB15:
1164:Middlewares/Third_Party/FreeRTOS/Source/queue.c ****     BaseType_t xReturn;
 1896              		.loc 1 1164 1 is_stmt 1 view -0
 1897              		.cfi_startproc
 1898              		@ args = 0, pretend = 0, frame = 0
 1899              		@ frame_needed = 0, uses_anonymous_args = 0
1164:Middlewares/Third_Party/FreeRTOS/Source/queue.c ****     BaseType_t xReturn;
 1900              		.loc 1 1164 1 is_stmt 0 view .LVU613
 1901 0000 2DE9F843 		push	{r3, r4, r5, r6, r7, r8, r9, lr}
ARM GAS  /tmp/ccmofomj.s 			page 91


 1902              	.LCFI32:
 1903              		.cfi_def_cfa_offset 32
 1904              		.cfi_offset 3, -32
 1905              		.cfi_offset 4, -28
 1906              		.cfi_offset 5, -24
 1907              		.cfi_offset 6, -20
 1908              		.cfi_offset 7, -16
 1909              		.cfi_offset 8, -12
 1910              		.cfi_offset 9, -8
 1911              		.cfi_offset 14, -4
1165:Middlewares/Third_Party/FreeRTOS/Source/queue.c ****     UBaseType_t uxSavedInterruptStatus;
 1912              		.loc 1 1165 5 is_stmt 1 view .LVU614
1166:Middlewares/Third_Party/FreeRTOS/Source/queue.c ****     Queue_t * const pxQueue = xQueue;
 1913              		.loc 1 1166 5 view .LVU615
1167:Middlewares/Third_Party/FreeRTOS/Source/queue.c **** 
 1914              		.loc 1 1167 5 view .LVU616
 1915              	.LVL208:
1169:Middlewares/Third_Party/FreeRTOS/Source/queue.c **** 
 1916              		.loc 1 1169 107 view .LVU617
1171:Middlewares/Third_Party/FreeRTOS/Source/queue.c ****     configASSERT( !( ( pvItemToQueue == NULL ) && ( pxQueue->uxItemSize != ( UBaseType_t ) 0U ) ) )
 1917              		.loc 1 1171 5 view .LVU618
 1918 0004 D8B1     		cbz	r0, .L190
 1919 0006 0D46     		mov	r5, r1
 1920 0008 9046     		mov	r8, r2
 1921 000a 1C46     		mov	r4, r3
 1922 000c 0646     		mov	r6, r0
1171:Middlewares/Third_Party/FreeRTOS/Source/queue.c ****     configASSERT( !( ( pvItemToQueue == NULL ) && ( pxQueue->uxItemSize != ( UBaseType_t ) 0U ) ) )
 1923              		.loc 1 1171 28 discriminator 2 view .LVU619
1172:Middlewares/Third_Party/FreeRTOS/Source/queue.c ****     configASSERT( !( ( xCopyPosition == queueOVERWRITE ) && ( pxQueue->uxLength != 1 ) ) );
 1924              		.loc 1 1172 5 view .LVU620
 1925 000e C9B1     		cbz	r1, .L191
 1926              	.LVL209:
 1927              	.L175:
1172:Middlewares/Third_Party/FreeRTOS/Source/queue.c ****     configASSERT( !( ( xCopyPosition == queueOVERWRITE ) && ( pxQueue->uxLength != 1 ) ) );
 1928              		.loc 1 1172 100 discriminator 8 view .LVU621
1173:Middlewares/Third_Party/FreeRTOS/Source/queue.c **** 
 1929              		.loc 1 1173 5 view .LVU622
 1930 0010 022C     		cmp	r4, #2
 1931 0012 02D1     		bne	.L177
1173:Middlewares/Third_Party/FreeRTOS/Source/queue.c **** 
 1932              		.loc 1 1173 5 is_stmt 0 discriminator 2 view .LVU623
 1933 0014 F36B     		ldr	r3, [r6, #60]
 1934 0016 012B     		cmp	r3, #1
 1935 0018 1AD1     		bne	.L192
 1936              	.L177:
1173:Middlewares/Third_Party/FreeRTOS/Source/queue.c **** 
 1937              		.loc 1 1173 91 is_stmt 1 discriminator 8 view .LVU624
1189:Middlewares/Third_Party/FreeRTOS/Source/queue.c **** 
 1938              		.loc 1 1189 5 view .LVU625
 1939 001a FFF7FEFF 		bl	vPortValidateInterruptPriority
 1940              	.LVL210:
1199:Middlewares/Third_Party/FreeRTOS/Source/queue.c ****     {
 1941              		.loc 1 1199 5 view .LVU626
1199:Middlewares/Third_Party/FreeRTOS/Source/queue.c ****     {
 1942              		.loc 1 1199 46 is_stmt 0 view .LVU627
 1943 001e FFF7FEFF 		bl	ulSetInterruptMask
 1944              	.LVL211:
ARM GAS  /tmp/ccmofomj.s 			page 92


 1945 0022 0746     		mov	r7, r0
 1946              	.LVL212:
1201:Middlewares/Third_Party/FreeRTOS/Source/queue.c ****         {
 1947              		.loc 1 1201 9 is_stmt 1 view .LVU628
1201:Middlewares/Third_Party/FreeRTOS/Source/queue.c ****         {
 1948              		.loc 1 1201 22 is_stmt 0 view .LVU629
 1949 0024 B26B     		ldr	r2, [r6, #56]
1201:Middlewares/Third_Party/FreeRTOS/Source/queue.c ****         {
 1950              		.loc 1 1201 51 view .LVU630
 1951 0026 F36B     		ldr	r3, [r6, #60]
1201:Middlewares/Third_Party/FreeRTOS/Source/queue.c ****         {
 1952              		.loc 1 1201 11 view .LVU631
 1953 0028 9A42     		cmp	r2, r3
 1954 002a 14D3     		bcc	.L179
1201:Middlewares/Third_Party/FreeRTOS/Source/queue.c ****         {
 1955              		.loc 1 1201 64 discriminator 1 view .LVU632
 1956 002c 022C     		cmp	r4, #2
 1957 002e 12D0     		beq	.L179
1321:Middlewares/Third_Party/FreeRTOS/Source/queue.c ****         }
 1958              		.loc 1 1321 21 view .LVU633
 1959 0030 0024     		movs	r4, #0
 1960              	.LVL213:
 1961              	.L180:
1324:Middlewares/Third_Party/FreeRTOS/Source/queue.c **** 
 1962              		.loc 1 1324 5 is_stmt 1 view .LVU634
 1963 0032 3846     		mov	r0, r7
 1964 0034 FFF7FEFF 		bl	vClearInterruptMask
 1965              	.LVL214:
1326:Middlewares/Third_Party/FreeRTOS/Source/queue.c **** 
 1966              		.loc 1 1326 52 view .LVU635
1328:Middlewares/Third_Party/FreeRTOS/Source/queue.c **** }
 1967              		.loc 1 1328 5 view .LVU636
1329:Middlewares/Third_Party/FreeRTOS/Source/queue.c **** /*-----------------------------------------------------------*/
 1968              		.loc 1 1329 1 is_stmt 0 view .LVU637
 1969 0038 2046     		mov	r0, r4
 1970 003a BDE8F883 		pop	{r3, r4, r5, r6, r7, r8, r9, pc}
 1971              	.LVL215:
 1972              	.L190:
1171:Middlewares/Third_Party/FreeRTOS/Source/queue.c ****     configASSERT( !( ( pvItemToQueue == NULL ) && ( pxQueue->uxItemSize != ( UBaseType_t ) 0U ) ) )
 1973              		.loc 1 1171 5 is_stmt 1 discriminator 1 view .LVU638
 1974 003e FFF7FEFF 		bl	ulSetInterruptMask
 1975              	.LVL216:
 1976              	.L174:
1171:Middlewares/Third_Party/FreeRTOS/Source/queue.c ****     configASSERT( !( ( pvItemToQueue == NULL ) && ( pxQueue->uxItemSize != ( UBaseType_t ) 0U ) ) )
 1977              		.loc 1 1171 5 discriminator 3 view .LVU639
1171:Middlewares/Third_Party/FreeRTOS/Source/queue.c ****     configASSERT( !( ( pvItemToQueue == NULL ) && ( pxQueue->uxItemSize != ( UBaseType_t ) 0U ) ) )
 1978              		.loc 1 1171 5 discriminator 3 view .LVU640
 1979 0042 FEE7     		b	.L174
 1980              	.LVL217:
 1981              	.L191:
1172:Middlewares/Third_Party/FreeRTOS/Source/queue.c ****     configASSERT( !( ( xCopyPosition == queueOVERWRITE ) && ( pxQueue->uxLength != 1 ) ) );
 1982              		.loc 1 1172 5 is_stmt 0 discriminator 2 view .LVU641
 1983 0044 036C     		ldr	r3, [r0, #64]
 1984              	.LVL218:
1172:Middlewares/Third_Party/FreeRTOS/Source/queue.c ****     configASSERT( !( ( xCopyPosition == queueOVERWRITE ) && ( pxQueue->uxLength != 1 ) ) );
 1985              		.loc 1 1172 5 discriminator 2 view .LVU642
 1986 0046 002B     		cmp	r3, #0
ARM GAS  /tmp/ccmofomj.s 			page 93


 1987 0048 E2D0     		beq	.L175
1172:Middlewares/Third_Party/FreeRTOS/Source/queue.c ****     configASSERT( !( ( xCopyPosition == queueOVERWRITE ) && ( pxQueue->uxLength != 1 ) ) );
 1988              		.loc 1 1172 5 is_stmt 1 discriminator 7 view .LVU643
 1989 004a FFF7FEFF 		bl	ulSetInterruptMask
 1990              	.LVL219:
 1991              	.L176:
1172:Middlewares/Third_Party/FreeRTOS/Source/queue.c ****     configASSERT( !( ( xCopyPosition == queueOVERWRITE ) && ( pxQueue->uxLength != 1 ) ) );
 1992              		.loc 1 1172 5 discriminator 9 view .LVU644
1172:Middlewares/Third_Party/FreeRTOS/Source/queue.c ****     configASSERT( !( ( xCopyPosition == queueOVERWRITE ) && ( pxQueue->uxLength != 1 ) ) );
 1993              		.loc 1 1172 5 discriminator 9 view .LVU645
 1994 004e FEE7     		b	.L176
 1995              	.LVL220:
 1996              	.L192:
1173:Middlewares/Third_Party/FreeRTOS/Source/queue.c **** 
 1997              		.loc 1 1173 5 discriminator 7 view .LVU646
 1998 0050 FFF7FEFF 		bl	ulSetInterruptMask
 1999              	.LVL221:
 2000              	.L178:
1173:Middlewares/Third_Party/FreeRTOS/Source/queue.c **** 
 2001              		.loc 1 1173 5 discriminator 9 view .LVU647
1173:Middlewares/Third_Party/FreeRTOS/Source/queue.c **** 
 2002              		.loc 1 1173 5 discriminator 9 view .LVU648
 2003 0054 FEE7     		b	.L178
 2004              	.LVL222:
 2005              	.L179:
 2006              	.LBB5:
1203:Middlewares/Third_Party/FreeRTOS/Source/queue.c ****             const UBaseType_t uxPreviousMessagesWaiting = pxQueue->uxMessagesWaiting;
 2007              		.loc 1 1203 13 view .LVU649
1203:Middlewares/Third_Party/FreeRTOS/Source/queue.c ****             const UBaseType_t uxPreviousMessagesWaiting = pxQueue->uxMessagesWaiting;
 2008              		.loc 1 1203 26 is_stmt 0 view .LVU650
 2009 0056 96F84590 		ldrb	r9, [r6, #69]	@ zero_extendqisi2
 2010 005a 4FFA89F9 		sxtb	r9, r9
 2011              	.LVL223:
1204:Middlewares/Third_Party/FreeRTOS/Source/queue.c **** 
 2012              		.loc 1 1204 13 is_stmt 1 view .LVU651
1204:Middlewares/Third_Party/FreeRTOS/Source/queue.c **** 
 2013              		.loc 1 1204 31 is_stmt 0 view .LVU652
 2014 005e B36B     		ldr	r3, [r6, #56]
1206:Middlewares/Third_Party/FreeRTOS/Source/queue.c **** 
 2015              		.loc 1 1206 48 is_stmt 1 view .LVU653
1213:Middlewares/Third_Party/FreeRTOS/Source/queue.c **** 
 2016              		.loc 1 1213 13 view .LVU654
1213:Middlewares/Third_Party/FreeRTOS/Source/queue.c **** 
 2017              		.loc 1 1213 22 is_stmt 0 view .LVU655
 2018 0060 2246     		mov	r2, r4
 2019 0062 2946     		mov	r1, r5
 2020 0064 3046     		mov	r0, r6
 2021              	.LVL224:
1213:Middlewares/Third_Party/FreeRTOS/Source/queue.c **** 
 2022              		.loc 1 1213 22 view .LVU656
 2023 0066 FFF7FEFF 		bl	prvCopyDataToQueue
 2024              	.LVL225:
1217:Middlewares/Third_Party/FreeRTOS/Source/queue.c ****             {
 2025              		.loc 1 1217 13 is_stmt 1 view .LVU657
1217:Middlewares/Third_Party/FreeRTOS/Source/queue.c ****             {
 2026              		.loc 1 1217 15 is_stmt 0 view .LVU658
 2027 006a B9F1FF3F 		cmp	r9, #-1
ARM GAS  /tmp/ccmofomj.s 			page 94


 2028 006e 0FD1     		bne	.L181
1279:Middlewares/Third_Party/FreeRTOS/Source/queue.c ****                     {
 2029              		.loc 1 1279 21 is_stmt 1 view .LVU659
1279:Middlewares/Third_Party/FreeRTOS/Source/queue.c ****                     {
 2030              		.loc 1 1279 25 is_stmt 0 view .LVU660
 2031 0070 736A     		ldr	r3, [r6, #36]
1279:Middlewares/Third_Party/FreeRTOS/Source/queue.c ****                     {
 2032              		.loc 1 1279 23 view .LVU661
 2033 0072 0BB9     		cbnz	r3, .L193
1316:Middlewares/Third_Party/FreeRTOS/Source/queue.c ****         }
 2034              		.loc 1 1316 21 view .LVU662
 2035 0074 0124     		movs	r4, #1
 2036              	.LVL226:
1316:Middlewares/Third_Party/FreeRTOS/Source/queue.c ****         }
 2037              		.loc 1 1316 21 view .LVU663
 2038 0076 DCE7     		b	.L180
 2039              	.LVL227:
 2040              	.L193:
1281:Middlewares/Third_Party/FreeRTOS/Source/queue.c ****                         {
 2041              		.loc 1 1281 25 is_stmt 1 view .LVU664
1281:Middlewares/Third_Party/FreeRTOS/Source/queue.c ****                         {
 2042              		.loc 1 1281 29 is_stmt 0 view .LVU665
 2043 0078 06F12400 		add	r0, r6, #36
 2044 007c FFF7FEFF 		bl	xTaskRemoveFromEventList
 2045              	.LVL228:
1281:Middlewares/Third_Party/FreeRTOS/Source/queue.c ****                         {
 2046              		.loc 1 1281 27 discriminator 1 view .LVU666
 2047 0080 B8B1     		cbz	r0, .L186
1285:Middlewares/Third_Party/FreeRTOS/Source/queue.c ****                             {
 2048              		.loc 1 1285 29 is_stmt 1 view .LVU667
1285:Middlewares/Third_Party/FreeRTOS/Source/queue.c ****                             {
 2049              		.loc 1 1285 31 is_stmt 0 view .LVU668
 2050 0082 B8F1000F 		cmp	r8, #0
 2051 0086 16D0     		beq	.L187
1287:Middlewares/Third_Party/FreeRTOS/Source/queue.c ****                             }
 2052              		.loc 1 1287 33 is_stmt 1 view .LVU669
1287:Middlewares/Third_Party/FreeRTOS/Source/queue.c ****                             }
 2053              		.loc 1 1287 60 is_stmt 0 view .LVU670
 2054 0088 0124     		movs	r4, #1
 2055              	.LVL229:
1287:Middlewares/Third_Party/FreeRTOS/Source/queue.c ****                             }
 2056              		.loc 1 1287 60 view .LVU671
 2057 008a C8F80040 		str	r4, [r8]
 2058 008e D0E7     		b	.L180
 2059              	.LVL230:
 2060              	.L181:
1313:Middlewares/Third_Party/FreeRTOS/Source/queue.c ****             }
 2061              		.loc 1 1313 17 is_stmt 1 view .LVU672
 2062              	.LBB6:
1313:Middlewares/Third_Party/FreeRTOS/Source/queue.c ****             }
 2063              		.loc 1 1313 17 view .LVU673
 2064 0090 FFF7FEFF 		bl	uxTaskGetNumberOfTasks
 2065              	.LVL231:
1313:Middlewares/Third_Party/FreeRTOS/Source/queue.c ****             }
 2066              		.loc 1 1313 17 discriminator 1 view .LVU674
 2067 0094 8145     		cmp	r9, r0
 2068 0096 10D2     		bcs	.L188
ARM GAS  /tmp/ccmofomj.s 			page 95


1313:Middlewares/Third_Party/FreeRTOS/Source/queue.c ****             }
 2069              		.loc 1 1313 17 discriminator 1 view .LVU675
 2070 0098 B9F17F0F 		cmp	r9, #127
 2071 009c 06D0     		beq	.L194
1313:Middlewares/Third_Party/FreeRTOS/Source/queue.c ****             }
 2072              		.loc 1 1313 17 discriminator 4 view .LVU676
1313:Middlewares/Third_Party/FreeRTOS/Source/queue.c ****             }
 2073              		.loc 1 1313 17 discriminator 4 view .LVU677
 2074 009e 09F10103 		add	r3, r9, #1
 2075 00a2 5BB2     		sxtb	r3, r3
 2076 00a4 86F84530 		strb	r3, [r6, #69]
 2077              	.LBE6:
1316:Middlewares/Third_Party/FreeRTOS/Source/queue.c ****         }
 2078              		.loc 1 1316 21 is_stmt 0 view .LVU678
 2079 00a8 0124     		movs	r4, #1
 2080              	.LVL232:
1316:Middlewares/Third_Party/FreeRTOS/Source/queue.c ****         }
 2081              		.loc 1 1316 21 view .LVU679
 2082 00aa C2E7     		b	.L180
 2083              	.LVL233:
 2084              	.L194:
 2085              	.LBB7:
1313:Middlewares/Third_Party/FreeRTOS/Source/queue.c ****             }
 2086              		.loc 1 1313 17 is_stmt 1 discriminator 3 view .LVU680
 2087 00ac FFF7FEFF 		bl	ulSetInterruptMask
 2088              	.LVL234:
 2089              	.L183:
1313:Middlewares/Third_Party/FreeRTOS/Source/queue.c ****             }
 2090              		.loc 1 1313 17 discriminator 5 view .LVU681
1313:Middlewares/Third_Party/FreeRTOS/Source/queue.c ****             }
 2091              		.loc 1 1313 17 discriminator 5 view .LVU682
 2092 00b0 FEE7     		b	.L183
 2093              	.LVL235:
 2094              	.L186:
1313:Middlewares/Third_Party/FreeRTOS/Source/queue.c ****             }
 2095              		.loc 1 1313 17 is_stmt 0 discriminator 5 view .LVU683
 2096              	.LBE7:
1316:Middlewares/Third_Party/FreeRTOS/Source/queue.c ****         }
 2097              		.loc 1 1316 21 view .LVU684
 2098 00b2 0124     		movs	r4, #1
 2099              	.LVL236:
1316:Middlewares/Third_Party/FreeRTOS/Source/queue.c ****         }
 2100              		.loc 1 1316 21 view .LVU685
 2101 00b4 BDE7     		b	.L180
 2102              	.LVL237:
 2103              	.L187:
1316:Middlewares/Third_Party/FreeRTOS/Source/queue.c ****         }
 2104              		.loc 1 1316 21 view .LVU686
 2105 00b6 0124     		movs	r4, #1
 2106              	.LVL238:
1316:Middlewares/Third_Party/FreeRTOS/Source/queue.c ****         }
 2107              		.loc 1 1316 21 view .LVU687
 2108 00b8 BBE7     		b	.L180
 2109              	.LVL239:
 2110              	.L188:
1316:Middlewares/Third_Party/FreeRTOS/Source/queue.c ****         }
 2111              		.loc 1 1316 21 view .LVU688
ARM GAS  /tmp/ccmofomj.s 			page 96


 2112 00ba 0124     		movs	r4, #1
 2113              	.LVL240:
1316:Middlewares/Third_Party/FreeRTOS/Source/queue.c ****         }
 2114              		.loc 1 1316 21 view .LVU689
 2115 00bc B9E7     		b	.L180
 2116              	.LBE5:
 2117              		.cfi_endproc
 2118              	.LFE15:
 2120              		.section	.text.xQueueGiveFromISR,"ax",%progbits
 2121              		.align	1
 2122              		.global	xQueueGiveFromISR
 2123              		.syntax unified
 2124              		.thumb
 2125              		.thumb_func
 2127              	xQueueGiveFromISR:
 2128              	.LVL241:
 2129              	.LFB16:
1334:Middlewares/Third_Party/FreeRTOS/Source/queue.c ****     BaseType_t xReturn;
 2130              		.loc 1 1334 1 is_stmt 1 view -0
 2131              		.cfi_startproc
 2132              		@ args = 0, pretend = 0, frame = 0
 2133              		@ frame_needed = 0, uses_anonymous_args = 0
1334:Middlewares/Third_Party/FreeRTOS/Source/queue.c ****     BaseType_t xReturn;
 2134              		.loc 1 1334 1 is_stmt 0 view .LVU691
 2135 0000 F8B5     		push	{r3, r4, r5, r6, r7, lr}
 2136              	.LCFI33:
 2137              		.cfi_def_cfa_offset 24
 2138              		.cfi_offset 3, -24
 2139              		.cfi_offset 4, -20
 2140              		.cfi_offset 5, -16
 2141              		.cfi_offset 6, -12
 2142              		.cfi_offset 7, -8
 2143              		.cfi_offset 14, -4
1335:Middlewares/Third_Party/FreeRTOS/Source/queue.c ****     UBaseType_t uxSavedInterruptStatus;
 2144              		.loc 1 1335 5 is_stmt 1 view .LVU692
1336:Middlewares/Third_Party/FreeRTOS/Source/queue.c ****     Queue_t * const pxQueue = xQueue;
 2145              		.loc 1 1336 5 view .LVU693
1337:Middlewares/Third_Party/FreeRTOS/Source/queue.c **** 
 2146              		.loc 1 1337 5 view .LVU694
 2147              	.LVL242:
1339:Middlewares/Third_Party/FreeRTOS/Source/queue.c **** 
 2148              		.loc 1 1339 70 view .LVU695
1347:Middlewares/Third_Party/FreeRTOS/Source/queue.c **** 
 2149              		.loc 1 1347 5 view .LVU696
 2150 0002 D0B1     		cbz	r0, .L212
 2151 0004 0D46     		mov	r5, r1
 2152 0006 0446     		mov	r4, r0
1347:Middlewares/Third_Party/FreeRTOS/Source/queue.c **** 
 2153              		.loc 1 1347 28 discriminator 2 view .LVU697
1351:Middlewares/Third_Party/FreeRTOS/Source/queue.c **** 
 2154              		.loc 1 1351 5 view .LVU698
 2155 0008 036C     		ldr	r3, [r0, #64]
 2156 000a CBB9     		cbnz	r3, .L213
1351:Middlewares/Third_Party/FreeRTOS/Source/queue.c **** 
 2157              		.loc 1 1351 45 discriminator 2 view .LVU699
1356:Middlewares/Third_Party/FreeRTOS/Source/queue.c **** 
 2158              		.loc 1 1356 5 view .LVU700
ARM GAS  /tmp/ccmofomj.s 			page 97


 2159 000c 0368     		ldr	r3, [r0]
 2160 000e D3B1     		cbz	r3, .L214
 2161              	.L200:
1356:Middlewares/Third_Party/FreeRTOS/Source/queue.c **** 
 2162              		.loc 1 1356 123 discriminator 8 view .LVU701
1372:Middlewares/Third_Party/FreeRTOS/Source/queue.c **** 
 2163              		.loc 1 1372 5 view .LVU702
 2164 0010 FFF7FEFF 		bl	vPortValidateInterruptPriority
 2165              	.LVL243:
1377:Middlewares/Third_Party/FreeRTOS/Source/queue.c ****     {
 2166              		.loc 1 1377 5 view .LVU703
1377:Middlewares/Third_Party/FreeRTOS/Source/queue.c ****     {
 2167              		.loc 1 1377 46 is_stmt 0 view .LVU704
 2168 0014 FFF7FEFF 		bl	ulSetInterruptMask
 2169              	.LVL244:
 2170 0018 0646     		mov	r6, r0
 2171              	.LVL245:
 2172              	.LBB8:
1379:Middlewares/Third_Party/FreeRTOS/Source/queue.c **** 
 2173              		.loc 1 1379 9 is_stmt 1 view .LVU705
1379:Middlewares/Third_Party/FreeRTOS/Source/queue.c **** 
 2174              		.loc 1 1379 27 is_stmt 0 view .LVU706
 2175 001a A36B     		ldr	r3, [r4, #56]
 2176              	.LVL246:
1384:Middlewares/Third_Party/FreeRTOS/Source/queue.c ****         {
 2177              		.loc 1 1384 9 is_stmt 1 view .LVU707
1384:Middlewares/Third_Party/FreeRTOS/Source/queue.c ****         {
 2178              		.loc 1 1384 40 is_stmt 0 view .LVU708
 2179 001c E26B     		ldr	r2, [r4, #60]
1384:Middlewares/Third_Party/FreeRTOS/Source/queue.c ****         {
 2180              		.loc 1 1384 11 view .LVU709
 2181 001e 9A42     		cmp	r2, r3
 2182 0020 2FD9     		bls	.L206
 2183              	.LBB9:
1386:Middlewares/Third_Party/FreeRTOS/Source/queue.c **** 
 2184              		.loc 1 1386 13 is_stmt 1 view .LVU710
1386:Middlewares/Third_Party/FreeRTOS/Source/queue.c **** 
 2185              		.loc 1 1386 26 is_stmt 0 view .LVU711
 2186 0022 94F84570 		ldrb	r7, [r4, #69]	@ zero_extendqisi2
 2187 0026 7FB2     		sxtb	r7, r7
 2188              	.LVL247:
1388:Middlewares/Third_Party/FreeRTOS/Source/queue.c **** 
 2189              		.loc 1 1388 48 is_stmt 1 view .LVU712
1396:Middlewares/Third_Party/FreeRTOS/Source/queue.c **** 
 2190              		.loc 1 1396 13 view .LVU713
1396:Middlewares/Third_Party/FreeRTOS/Source/queue.c **** 
 2191              		.loc 1 1396 42 is_stmt 0 view .LVU714
 2192 0028 0133     		adds	r3, r3, #1
 2193              	.LVL248:
1396:Middlewares/Third_Party/FreeRTOS/Source/queue.c **** 
 2194              		.loc 1 1396 40 view .LVU715
 2195 002a A363     		str	r3, [r4, #56]
1400:Middlewares/Third_Party/FreeRTOS/Source/queue.c ****             {
 2196              		.loc 1 1400 13 is_stmt 1 view .LVU716
1400:Middlewares/Third_Party/FreeRTOS/Source/queue.c ****             {
 2197              		.loc 1 1400 15 is_stmt 0 view .LVU717
 2198 002c B7F1FF3F 		cmp	r7, #-1
ARM GAS  /tmp/ccmofomj.s 			page 98


 2199 0030 18D1     		bne	.L203
1455:Middlewares/Third_Party/FreeRTOS/Source/queue.c ****                     {
 2200              		.loc 1 1455 21 is_stmt 1 view .LVU718
1455:Middlewares/Third_Party/FreeRTOS/Source/queue.c ****                     {
 2201              		.loc 1 1455 25 is_stmt 0 view .LVU719
 2202 0032 636A     		ldr	r3, [r4, #36]
 2203              	.LVL249:
1455:Middlewares/Third_Party/FreeRTOS/Source/queue.c ****                     {
 2204              		.loc 1 1455 23 view .LVU720
 2205 0034 6BB9     		cbnz	r3, .L215
1489:Middlewares/Third_Party/FreeRTOS/Source/queue.c ****         }
 2206              		.loc 1 1489 21 view .LVU721
 2207 0036 0124     		movs	r4, #1
 2208              	.LVL250:
1489:Middlewares/Third_Party/FreeRTOS/Source/queue.c ****         }
 2209              		.loc 1 1489 21 view .LVU722
 2210 0038 24E0     		b	.L202
 2211              	.LVL251:
 2212              	.L212:
1489:Middlewares/Third_Party/FreeRTOS/Source/queue.c ****         }
 2213              		.loc 1 1489 21 view .LVU723
 2214              	.LBE9:
 2215              	.LBE8:
1347:Middlewares/Third_Party/FreeRTOS/Source/queue.c **** 
 2216              		.loc 1 1347 5 is_stmt 1 discriminator 1 view .LVU724
 2217 003a FFF7FEFF 		bl	ulSetInterruptMask
 2218              	.LVL252:
 2219              	.L197:
1347:Middlewares/Third_Party/FreeRTOS/Source/queue.c **** 
 2220              		.loc 1 1347 5 discriminator 3 view .LVU725
1347:Middlewares/Third_Party/FreeRTOS/Source/queue.c **** 
 2221              		.loc 1 1347 5 discriminator 3 view .LVU726
 2222 003e FEE7     		b	.L197
 2223              	.LVL253:
 2224              	.L213:
1351:Middlewares/Third_Party/FreeRTOS/Source/queue.c **** 
 2225              		.loc 1 1351 5 discriminator 1 view .LVU727
 2226 0040 FFF7FEFF 		bl	ulSetInterruptMask
 2227              	.LVL254:
 2228              	.L199:
1351:Middlewares/Third_Party/FreeRTOS/Source/queue.c **** 
 2229              		.loc 1 1351 5 discriminator 3 view .LVU728
1351:Middlewares/Third_Party/FreeRTOS/Source/queue.c **** 
 2230              		.loc 1 1351 5 discriminator 3 view .LVU729
 2231 0044 FEE7     		b	.L199
 2232              	.LVL255:
 2233              	.L214:
1356:Middlewares/Third_Party/FreeRTOS/Source/queue.c **** 
 2234              		.loc 1 1356 5 is_stmt 0 discriminator 2 view .LVU730
 2235 0046 8368     		ldr	r3, [r0, #8]
 2236 0048 002B     		cmp	r3, #0
 2237 004a E1D0     		beq	.L200
1356:Middlewares/Third_Party/FreeRTOS/Source/queue.c **** 
 2238              		.loc 1 1356 5 is_stmt 1 discriminator 7 view .LVU731
 2239 004c FFF7FEFF 		bl	ulSetInterruptMask
 2240              	.LVL256:
 2241              	.L201:
ARM GAS  /tmp/ccmofomj.s 			page 99


1356:Middlewares/Third_Party/FreeRTOS/Source/queue.c **** 
 2242              		.loc 1 1356 5 discriminator 9 view .LVU732
1356:Middlewares/Third_Party/FreeRTOS/Source/queue.c **** 
 2243              		.loc 1 1356 5 discriminator 9 view .LVU733
 2244 0050 FEE7     		b	.L201
 2245              	.LVL257:
 2246              	.L215:
 2247              	.LBB14:
 2248              	.LBB12:
1457:Middlewares/Third_Party/FreeRTOS/Source/queue.c ****                         {
 2249              		.loc 1 1457 25 view .LVU734
1457:Middlewares/Third_Party/FreeRTOS/Source/queue.c ****                         {
 2250              		.loc 1 1457 29 is_stmt 0 view .LVU735
 2251 0052 04F12400 		add	r0, r4, #36
 2252              	.LVL258:
1457:Middlewares/Third_Party/FreeRTOS/Source/queue.c ****                         {
 2253              		.loc 1 1457 29 view .LVU736
 2254 0056 FFF7FEFF 		bl	xTaskRemoveFromEventList
 2255              	.LVL259:
1457:Middlewares/Third_Party/FreeRTOS/Source/queue.c ****                         {
 2256              		.loc 1 1457 27 discriminator 1 view .LVU737
 2257 005a C0B1     		cbz	r0, .L208
1461:Middlewares/Third_Party/FreeRTOS/Source/queue.c ****                             {
 2258              		.loc 1 1461 29 is_stmt 1 view .LVU738
1461:Middlewares/Third_Party/FreeRTOS/Source/queue.c ****                             {
 2259              		.loc 1 1461 31 is_stmt 0 view .LVU739
 2260 005c CDB1     		cbz	r5, .L209
1463:Middlewares/Third_Party/FreeRTOS/Source/queue.c ****                             }
 2261              		.loc 1 1463 33 is_stmt 1 view .LVU740
1463:Middlewares/Third_Party/FreeRTOS/Source/queue.c ****                             }
 2262              		.loc 1 1463 60 is_stmt 0 view .LVU741
 2263 005e 0124     		movs	r4, #1
 2264              	.LVL260:
1463:Middlewares/Third_Party/FreeRTOS/Source/queue.c ****                             }
 2265              		.loc 1 1463 60 view .LVU742
 2266 0060 2C60     		str	r4, [r5]
 2267 0062 0FE0     		b	.L202
 2268              	.LVL261:
 2269              	.L203:
1486:Middlewares/Third_Party/FreeRTOS/Source/queue.c ****             }
 2270              		.loc 1 1486 17 is_stmt 1 view .LVU743
 2271              	.LBB10:
1486:Middlewares/Third_Party/FreeRTOS/Source/queue.c ****             }
 2272              		.loc 1 1486 17 view .LVU744
 2273 0064 FFF7FEFF 		bl	uxTaskGetNumberOfTasks
 2274              	.LVL262:
1486:Middlewares/Third_Party/FreeRTOS/Source/queue.c ****             }
 2275              		.loc 1 1486 17 discriminator 1 view .LVU745
 2276 0068 8742     		cmp	r7, r0
 2277 006a 14D2     		bcs	.L210
1486:Middlewares/Third_Party/FreeRTOS/Source/queue.c ****             }
 2278              		.loc 1 1486 17 discriminator 1 view .LVU746
 2279 006c 7F2F     		cmp	r7, #127
 2280 006e 05D0     		beq	.L216
1486:Middlewares/Third_Party/FreeRTOS/Source/queue.c ****             }
 2281              		.loc 1 1486 17 discriminator 4 view .LVU747
1486:Middlewares/Third_Party/FreeRTOS/Source/queue.c ****             }
ARM GAS  /tmp/ccmofomj.s 			page 100


 2282              		.loc 1 1486 17 discriminator 4 view .LVU748
 2283 0070 7B1C     		adds	r3, r7, #1
 2284 0072 5BB2     		sxtb	r3, r3
 2285 0074 84F84530 		strb	r3, [r4, #69]
 2286              	.LBE10:
1489:Middlewares/Third_Party/FreeRTOS/Source/queue.c ****         }
 2287              		.loc 1 1489 21 is_stmt 0 view .LVU749
 2288 0078 0124     		movs	r4, #1
 2289              	.LVL263:
1489:Middlewares/Third_Party/FreeRTOS/Source/queue.c ****         }
 2290              		.loc 1 1489 21 view .LVU750
 2291 007a 03E0     		b	.L202
 2292              	.LVL264:
 2293              	.L216:
 2294              	.LBB11:
1486:Middlewares/Third_Party/FreeRTOS/Source/queue.c ****             }
 2295              		.loc 1 1486 17 is_stmt 1 discriminator 3 view .LVU751
 2296 007c FFF7FEFF 		bl	ulSetInterruptMask
 2297              	.LVL265:
 2298              	.L205:
1486:Middlewares/Third_Party/FreeRTOS/Source/queue.c ****             }
 2299              		.loc 1 1486 17 discriminator 5 view .LVU752
1486:Middlewares/Third_Party/FreeRTOS/Source/queue.c ****             }
 2300              		.loc 1 1486 17 discriminator 5 view .LVU753
 2301 0080 FEE7     		b	.L205
 2302              	.LVL266:
 2303              	.L206:
1486:Middlewares/Third_Party/FreeRTOS/Source/queue.c ****             }
 2304              		.loc 1 1486 17 is_stmt 0 discriminator 5 view .LVU754
 2305              	.LBE11:
 2306              	.LBE12:
1494:Middlewares/Third_Party/FreeRTOS/Source/queue.c ****         }
 2307              		.loc 1 1494 21 view .LVU755
 2308 0082 0024     		movs	r4, #0
 2309              	.LVL267:
 2310              	.L202:
1494:Middlewares/Third_Party/FreeRTOS/Source/queue.c ****         }
 2311              		.loc 1 1494 21 view .LVU756
 2312              	.LBE14:
1497:Middlewares/Third_Party/FreeRTOS/Source/queue.c **** 
 2313              		.loc 1 1497 5 is_stmt 1 view .LVU757
 2314 0084 3046     		mov	r0, r6
 2315 0086 FFF7FEFF 		bl	vClearInterruptMask
 2316              	.LVL268:
1499:Middlewares/Third_Party/FreeRTOS/Source/queue.c **** 
 2317              		.loc 1 1499 45 view .LVU758
1501:Middlewares/Third_Party/FreeRTOS/Source/queue.c **** }
 2318              		.loc 1 1501 5 view .LVU759
1502:Middlewares/Third_Party/FreeRTOS/Source/queue.c **** /*-----------------------------------------------------------*/
 2319              		.loc 1 1502 1 is_stmt 0 view .LVU760
 2320 008a 2046     		mov	r0, r4
 2321 008c F8BD     		pop	{r3, r4, r5, r6, r7, pc}
 2322              	.LVL269:
 2323              	.L208:
 2324              	.LBB15:
 2325              	.LBB13:
1489:Middlewares/Third_Party/FreeRTOS/Source/queue.c ****         }
ARM GAS  /tmp/ccmofomj.s 			page 101


 2326              		.loc 1 1489 21 view .LVU761
 2327 008e 0124     		movs	r4, #1
 2328              	.LVL270:
1489:Middlewares/Third_Party/FreeRTOS/Source/queue.c ****         }
 2329              		.loc 1 1489 21 view .LVU762
 2330 0090 F8E7     		b	.L202
 2331              	.LVL271:
 2332              	.L209:
1489:Middlewares/Third_Party/FreeRTOS/Source/queue.c ****         }
 2333              		.loc 1 1489 21 view .LVU763
 2334 0092 0124     		movs	r4, #1
 2335              	.LVL272:
1489:Middlewares/Third_Party/FreeRTOS/Source/queue.c ****         }
 2336              		.loc 1 1489 21 view .LVU764
 2337 0094 F6E7     		b	.L202
 2338              	.LVL273:
 2339              	.L210:
1489:Middlewares/Third_Party/FreeRTOS/Source/queue.c ****         }
 2340              		.loc 1 1489 21 view .LVU765
 2341 0096 0124     		movs	r4, #1
 2342              	.LVL274:
1489:Middlewares/Third_Party/FreeRTOS/Source/queue.c ****         }
 2343              		.loc 1 1489 21 view .LVU766
 2344 0098 F4E7     		b	.L202
 2345              	.LBE13:
 2346              	.LBE15:
 2347              		.cfi_endproc
 2348              	.LFE16:
 2350              		.section	.text.xQueueReceive,"ax",%progbits
 2351              		.align	1
 2352              		.global	xQueueReceive
 2353              		.syntax unified
 2354              		.thumb
 2355              		.thumb_func
 2357              	xQueueReceive:
 2358              	.LVL275:
 2359              	.LFB17:
1508:Middlewares/Third_Party/FreeRTOS/Source/queue.c ****     BaseType_t xEntryTimeSet = pdFALSE;
 2360              		.loc 1 1508 1 is_stmt 1 view -0
 2361              		.cfi_startproc
 2362              		@ args = 0, pretend = 0, frame = 16
 2363              		@ frame_needed = 0, uses_anonymous_args = 0
1508:Middlewares/Third_Party/FreeRTOS/Source/queue.c ****     BaseType_t xEntryTimeSet = pdFALSE;
 2364              		.loc 1 1508 1 is_stmt 0 view .LVU768
 2365 0000 F0B5     		push	{r4, r5, r6, r7, lr}
 2366              	.LCFI34:
 2367              		.cfi_def_cfa_offset 20
 2368              		.cfi_offset 4, -20
 2369              		.cfi_offset 5, -16
 2370              		.cfi_offset 6, -12
 2371              		.cfi_offset 7, -8
 2372              		.cfi_offset 14, -4
 2373 0002 85B0     		sub	sp, sp, #20
 2374              	.LCFI35:
 2375              		.cfi_def_cfa_offset 40
 2376 0004 0192     		str	r2, [sp, #4]
1509:Middlewares/Third_Party/FreeRTOS/Source/queue.c ****     TimeOut_t xTimeOut;
ARM GAS  /tmp/ccmofomj.s 			page 102


 2377              		.loc 1 1509 5 is_stmt 1 view .LVU769
 2378              	.LVL276:
1510:Middlewares/Third_Party/FreeRTOS/Source/queue.c ****     Queue_t * const pxQueue = xQueue;
 2379              		.loc 1 1510 5 view .LVU770
1511:Middlewares/Third_Party/FreeRTOS/Source/queue.c **** 
 2380              		.loc 1 1511 5 view .LVU771
1513:Middlewares/Third_Party/FreeRTOS/Source/queue.c **** 
 2381              		.loc 1 1513 63 view .LVU772
1516:Middlewares/Third_Party/FreeRTOS/Source/queue.c **** 
 2382              		.loc 1 1516 5 view .LVU773
 2383 0006 60B1     		cbz	r0, .L237
 2384 0008 0F46     		mov	r7, r1
 2385 000a 0446     		mov	r4, r0
1516:Middlewares/Third_Party/FreeRTOS/Source/queue.c **** 
 2386              		.loc 1 1516 32 discriminator 2 view .LVU774
1520:Middlewares/Third_Party/FreeRTOS/Source/queue.c **** 
 2387              		.loc 1 1520 5 view .LVU775
 2388 000c 61B1     		cbz	r1, .L238
 2389              	.L220:
1520:Middlewares/Third_Party/FreeRTOS/Source/queue.c **** 
 2390              		.loc 1 1520 103 discriminator 8 view .LVU776
1525:Middlewares/Third_Party/FreeRTOS/Source/queue.c ****     }
 2391              		.loc 1 1525 9 view .LVU777
 2392 000e FFF7FEFF 		bl	xTaskGetSchedulerState
 2393              	.LVL277:
1525:Middlewares/Third_Party/FreeRTOS/Source/queue.c ****     }
 2394              		.loc 1 1525 9 is_stmt 0 discriminator 1 view .LVU778
 2395 0012 0646     		mov	r6, r0
 2396 0014 70B9     		cbnz	r0, .L235
1525:Middlewares/Third_Party/FreeRTOS/Source/queue.c ****     }
 2397              		.loc 1 1525 9 discriminator 2 view .LVU779
 2398 0016 019B     		ldr	r3, [sp, #4]
 2399 0018 002B     		cmp	r3, #0
 2400 001a 44D0     		beq	.L224
1525:Middlewares/Third_Party/FreeRTOS/Source/queue.c ****     }
 2401              		.loc 1 1525 9 is_stmt 1 discriminator 7 view .LVU780
 2402 001c FFF7FEFF 		bl	ulSetInterruptMask
 2403              	.LVL278:
 2404              	.L223:
1525:Middlewares/Third_Party/FreeRTOS/Source/queue.c ****     }
 2405              		.loc 1 1525 9 discriminator 9 view .LVU781
1525:Middlewares/Third_Party/FreeRTOS/Source/queue.c ****     }
 2406              		.loc 1 1525 9 discriminator 9 view .LVU782
 2407 0020 FEE7     		b	.L223
 2408              	.LVL279:
 2409              	.L237:
1516:Middlewares/Third_Party/FreeRTOS/Source/queue.c **** 
 2410              		.loc 1 1516 5 discriminator 1 view .LVU783
 2411 0022 FFF7FEFF 		bl	ulSetInterruptMask
 2412              	.LVL280:
 2413              	.L219:
1516:Middlewares/Third_Party/FreeRTOS/Source/queue.c **** 
 2414              		.loc 1 1516 5 discriminator 3 view .LVU784
1516:Middlewares/Third_Party/FreeRTOS/Source/queue.c **** 
 2415              		.loc 1 1516 5 discriminator 3 view .LVU785
 2416 0026 FEE7     		b	.L219
 2417              	.LVL281:
ARM GAS  /tmp/ccmofomj.s 			page 103


 2418              	.L238:
1520:Middlewares/Third_Party/FreeRTOS/Source/queue.c **** 
 2419              		.loc 1 1520 5 is_stmt 0 discriminator 2 view .LVU786
 2420 0028 036C     		ldr	r3, [r0, #64]
 2421 002a 002B     		cmp	r3, #0
 2422 002c EFD0     		beq	.L220
1520:Middlewares/Third_Party/FreeRTOS/Source/queue.c **** 
 2423              		.loc 1 1520 5 is_stmt 1 discriminator 7 view .LVU787
 2424 002e FFF7FEFF 		bl	ulSetInterruptMask
 2425              	.LVL282:
 2426              	.L221:
1520:Middlewares/Third_Party/FreeRTOS/Source/queue.c **** 
 2427              		.loc 1 1520 5 discriminator 9 view .LVU788
1520:Middlewares/Third_Party/FreeRTOS/Source/queue.c **** 
 2428              		.loc 1 1520 5 discriminator 9 view .LVU789
 2429 0032 FEE7     		b	.L221
 2430              	.L235:
1520:Middlewares/Third_Party/FreeRTOS/Source/queue.c **** 
 2431              		.loc 1 1520 5 is_stmt 0 discriminator 9 view .LVU790
 2432 0034 0026     		movs	r6, #0
 2433 0036 36E0     		b	.L224
 2434              	.LVL283:
 2435              	.L241:
 2436              	.LBB16:
1540:Middlewares/Third_Party/FreeRTOS/Source/queue.c ****                 traceQUEUE_RECEIVE( pxQueue );
 2437              		.loc 1 1540 17 is_stmt 1 view .LVU791
 2438 0038 3946     		mov	r1, r7
 2439 003a 2046     		mov	r0, r4
 2440 003c FFF7FEFF 		bl	prvCopyDataFromQueue
 2441              	.LVL284:
1541:Middlewares/Third_Party/FreeRTOS/Source/queue.c ****                 pxQueue->uxMessagesWaiting = ( UBaseType_t ) ( uxMessagesWaiting - ( UBaseType_t ) 
 2442              		.loc 1 1541 46 view .LVU792
1542:Middlewares/Third_Party/FreeRTOS/Source/queue.c **** 
 2443              		.loc 1 1542 17 view .LVU793
1542:Middlewares/Third_Party/FreeRTOS/Source/queue.c **** 
 2444              		.loc 1 1542 46 is_stmt 0 view .LVU794
 2445 0040 013D     		subs	r5, r5, #1
 2446              	.LVL285:
1542:Middlewares/Third_Party/FreeRTOS/Source/queue.c **** 
 2447              		.loc 1 1542 44 view .LVU795
 2448 0042 A563     		str	r5, [r4, #56]
1547:Middlewares/Third_Party/FreeRTOS/Source/queue.c ****                 {
 2449              		.loc 1 1547 17 is_stmt 1 view .LVU796
1547:Middlewares/Third_Party/FreeRTOS/Source/queue.c ****                 {
 2450              		.loc 1 1547 21 is_stmt 0 view .LVU797
 2451 0044 2369     		ldr	r3, [r4, #16]
1547:Middlewares/Third_Party/FreeRTOS/Source/queue.c ****                 {
 2452              		.loc 1 1547 19 view .LVU798
 2453 0046 23B9     		cbnz	r3, .L239
 2454              	.L226:
1560:Middlewares/Third_Party/FreeRTOS/Source/queue.c ****                 }
 2455              		.loc 1 1560 45 is_stmt 1 view .LVU799
1563:Middlewares/Third_Party/FreeRTOS/Source/queue.c **** 
 2456              		.loc 1 1563 17 view .LVU800
 2457 0048 FFF7FEFF 		bl	vPortExitCritical
 2458              	.LVL286:
1565:Middlewares/Third_Party/FreeRTOS/Source/queue.c **** 
ARM GAS  /tmp/ccmofomj.s 			page 104


 2459              		.loc 1 1565 52 view .LVU801
1567:Middlewares/Third_Party/FreeRTOS/Source/queue.c ****             }
 2460              		.loc 1 1567 17 view .LVU802
1567:Middlewares/Third_Party/FreeRTOS/Source/queue.c ****             }
 2461              		.loc 1 1567 24 is_stmt 0 view .LVU803
 2462 004c 0120     		movs	r0, #1
 2463              	.LVL287:
 2464              	.L217:
1567:Middlewares/Third_Party/FreeRTOS/Source/queue.c ****             }
 2465              		.loc 1 1567 24 view .LVU804
 2466              	.LBE16:
1652:Middlewares/Third_Party/FreeRTOS/Source/queue.c **** /*-----------------------------------------------------------*/
 2467              		.loc 1 1652 1 view .LVU805
 2468 004e 05B0     		add	sp, sp, #20
 2469              	.LCFI36:
 2470              		.cfi_remember_state
 2471              		.cfi_def_cfa_offset 20
 2472              		@ sp needed
 2473 0050 F0BD     		pop	{r4, r5, r6, r7, pc}
 2474              	.LVL288:
 2475              	.L239:
 2476              	.LCFI37:
 2477              		.cfi_restore_state
 2478              	.LBB17:
1549:Middlewares/Third_Party/FreeRTOS/Source/queue.c ****                     {
 2479              		.loc 1 1549 21 is_stmt 1 view .LVU806
1549:Middlewares/Third_Party/FreeRTOS/Source/queue.c ****                     {
 2480              		.loc 1 1549 25 is_stmt 0 view .LVU807
 2481 0052 04F11000 		add	r0, r4, #16
 2482 0056 FFF7FEFF 		bl	xTaskRemoveFromEventList
 2483              	.LVL289:
1549:Middlewares/Third_Party/FreeRTOS/Source/queue.c ****                     {
 2484              		.loc 1 1549 23 discriminator 1 view .LVU808
 2485 005a 0028     		cmp	r0, #0
 2486 005c F4D0     		beq	.L226
1551:Middlewares/Third_Party/FreeRTOS/Source/queue.c ****                     }
 2487              		.loc 1 1551 25 is_stmt 1 view .LVU809
 2488 005e FFF7FEFF 		bl	vPortYield
 2489              	.LVL290:
 2490 0062 F1E7     		b	.L226
 2491              	.LVL291:
 2492              	.L242:
1575:Middlewares/Third_Party/FreeRTOS/Source/queue.c **** 
 2493              		.loc 1 1575 21 view .LVU810
 2494 0064 FFF7FEFF 		bl	vPortExitCritical
 2495              	.LVL292:
1577:Middlewares/Third_Party/FreeRTOS/Source/queue.c ****                     traceRETURN_xQueueReceive( errQUEUE_EMPTY );
 2496              		.loc 1 1577 57 view .LVU811
1578:Middlewares/Third_Party/FreeRTOS/Source/queue.c **** 
 2497              		.loc 1 1578 64 view .LVU812
1580:Middlewares/Third_Party/FreeRTOS/Source/queue.c ****                 }
 2498              		.loc 1 1580 21 view .LVU813
1580:Middlewares/Third_Party/FreeRTOS/Source/queue.c ****                 }
 2499              		.loc 1 1580 28 is_stmt 0 view .LVU814
 2500 0068 0020     		movs	r0, #0
 2501 006a F0E7     		b	.L217
 2502              	.L243:
ARM GAS  /tmp/ccmofomj.s 			page 105


1586:Middlewares/Third_Party/FreeRTOS/Source/queue.c ****                     xEntryTimeSet = pdTRUE;
 2503              		.loc 1 1586 21 is_stmt 1 view .LVU815
 2504 006c 02A8     		add	r0, sp, #8
 2505 006e FFF7FEFF 		bl	vTaskInternalSetTimeOutState
 2506              	.LVL293:
1587:Middlewares/Third_Party/FreeRTOS/Source/queue.c ****                 }
 2507              		.loc 1 1587 21 view .LVU816
1587:Middlewares/Third_Party/FreeRTOS/Source/queue.c ****                 }
 2508              		.loc 1 1587 35 is_stmt 0 view .LVU817
 2509 0072 0126     		movs	r6, #1
 2510 0074 21E0     		b	.L229
 2511              	.LVL294:
 2512              	.L244:
1587:Middlewares/Third_Party/FreeRTOS/Source/queue.c ****                 }
 2513              		.loc 1 1587 35 view .LVU818
 2514              	.LBE17:
1602:Middlewares/Third_Party/FreeRTOS/Source/queue.c **** 
 2515              		.loc 1 1602 9 is_stmt 1 discriminator 1 view .LVU819
 2516 0076 0023     		movs	r3, #0
 2517 0078 84F84430 		strb	r3, [r4, #68]
 2518 007c 29E0     		b	.L230
 2519              	.L245:
1602:Middlewares/Third_Party/FreeRTOS/Source/queue.c **** 
 2520              		.loc 1 1602 9 discriminator 4 view .LVU820
 2521 007e 0023     		movs	r3, #0
 2522 0080 84F84530 		strb	r3, [r4, #69]
 2523 0084 2BE0     		b	.L231
 2524              	.L233:
1628:Middlewares/Third_Party/FreeRTOS/Source/queue.c ****                 ( void ) xTaskResumeAll();
 2525              		.loc 1 1628 17 view .LVU821
 2526 0086 2046     		mov	r0, r4
 2527 0088 FFF7FEFF 		bl	prvUnlockQueue
 2528              	.LVL295:
1629:Middlewares/Third_Party/FreeRTOS/Source/queue.c ****             }
 2529              		.loc 1 1629 17 view .LVU822
1629:Middlewares/Third_Party/FreeRTOS/Source/queue.c ****             }
 2530              		.loc 1 1629 26 is_stmt 0 view .LVU823
 2531 008c FFF7FEFF 		bl	xTaskResumeAll
 2532              	.LVL296:
 2533 0090 09E0     		b	.L224
 2534              	.L232:
1636:Middlewares/Third_Party/FreeRTOS/Source/queue.c ****             ( void ) xTaskResumeAll();
 2535              		.loc 1 1636 13 is_stmt 1 view .LVU824
 2536 0092 2046     		mov	r0, r4
 2537 0094 FFF7FEFF 		bl	prvUnlockQueue
 2538              	.LVL297:
1637:Middlewares/Third_Party/FreeRTOS/Source/queue.c **** 
 2539              		.loc 1 1637 13 view .LVU825
1637:Middlewares/Third_Party/FreeRTOS/Source/queue.c **** 
 2540              		.loc 1 1637 22 is_stmt 0 view .LVU826
 2541 0098 FFF7FEFF 		bl	xTaskResumeAll
 2542              	.LVL298:
1639:Middlewares/Third_Party/FreeRTOS/Source/queue.c ****             {
 2543              		.loc 1 1639 13 is_stmt 1 view .LVU827
1639:Middlewares/Third_Party/FreeRTOS/Source/queue.c ****             {
 2544              		.loc 1 1639 17 is_stmt 0 view .LVU828
 2545 009c 2046     		mov	r0, r4
ARM GAS  /tmp/ccmofomj.s 			page 106


 2546 009e FFF7FEFF 		bl	prvIsQueueEmpty
 2547              	.LVL299:
1639:Middlewares/Third_Party/FreeRTOS/Source/queue.c ****             {
 2548              		.loc 1 1639 15 discriminator 1 view .LVU829
 2549 00a2 0028     		cmp	r0, #0
 2550 00a4 37D1     		bne	.L240
 2551              	.LVL300:
 2552              	.L224:
1525:Middlewares/Third_Party/FreeRTOS/Source/queue.c ****     }
 2553              		.loc 1 1525 110 is_stmt 1 discriminator 8 view .LVU830
1529:Middlewares/Third_Party/FreeRTOS/Source/queue.c ****     {
 2554              		.loc 1 1529 5 view .LVU831
1531:Middlewares/Third_Party/FreeRTOS/Source/queue.c ****         {
 2555              		.loc 1 1531 9 view .LVU832
 2556 00a6 FFF7FEFF 		bl	vPortEnterCritical
 2557              	.LVL301:
 2558              	.LBB18:
1533:Middlewares/Third_Party/FreeRTOS/Source/queue.c **** 
 2559              		.loc 1 1533 13 view .LVU833
1533:Middlewares/Third_Party/FreeRTOS/Source/queue.c **** 
 2560              		.loc 1 1533 31 is_stmt 0 view .LVU834
 2561 00aa A56B     		ldr	r5, [r4, #56]
 2562              	.LVL302:
1537:Middlewares/Third_Party/FreeRTOS/Source/queue.c ****             {
 2563              		.loc 1 1537 13 is_stmt 1 view .LVU835
1537:Middlewares/Third_Party/FreeRTOS/Source/queue.c ****             {
 2564              		.loc 1 1537 15 is_stmt 0 view .LVU836
 2565 00ac 002D     		cmp	r5, #0
 2566 00ae C3D1     		bne	.L241
1571:Middlewares/Third_Party/FreeRTOS/Source/queue.c ****                 {
 2567              		.loc 1 1571 17 is_stmt 1 view .LVU837
1571:Middlewares/Third_Party/FreeRTOS/Source/queue.c ****                 {
 2568              		.loc 1 1571 34 is_stmt 0 view .LVU838
 2569 00b0 019B     		ldr	r3, [sp, #4]
1571:Middlewares/Third_Party/FreeRTOS/Source/queue.c ****                 {
 2570              		.loc 1 1571 19 view .LVU839
 2571 00b2 002B     		cmp	r3, #0
 2572 00b4 D6D0     		beq	.L242
1582:Middlewares/Third_Party/FreeRTOS/Source/queue.c ****                 {
 2573              		.loc 1 1582 22 is_stmt 1 view .LVU840
1582:Middlewares/Third_Party/FreeRTOS/Source/queue.c ****                 {
 2574              		.loc 1 1582 24 is_stmt 0 view .LVU841
 2575 00b6 002E     		cmp	r6, #0
 2576 00b8 D8D0     		beq	.L243
 2577              	.LVL303:
 2578              	.L229:
1592:Middlewares/Third_Party/FreeRTOS/Source/queue.c ****                 }
 2579              		.loc 1 1592 45 is_stmt 1 view .LVU842
 2580              	.LBE18:
1596:Middlewares/Third_Party/FreeRTOS/Source/queue.c **** 
 2581              		.loc 1 1596 9 view .LVU843
 2582 00ba FFF7FEFF 		bl	vPortExitCritical
 2583              	.LVL304:
1601:Middlewares/Third_Party/FreeRTOS/Source/queue.c ****         prvLockQueue( pxQueue );
 2584              		.loc 1 1601 9 view .LVU844
 2585 00be FFF7FEFF 		bl	vTaskSuspendAll
 2586              	.LVL305:
ARM GAS  /tmp/ccmofomj.s 			page 107


1602:Middlewares/Third_Party/FreeRTOS/Source/queue.c **** 
 2587              		.loc 1 1602 9 view .LVU845
 2588 00c2 FFF7FEFF 		bl	vPortEnterCritical
 2589              	.LVL306:
1602:Middlewares/Third_Party/FreeRTOS/Source/queue.c **** 
 2590              		.loc 1 1602 9 discriminator 1 view .LVU846
 2591 00c6 94F84430 		ldrb	r3, [r4, #68]	@ zero_extendqisi2
 2592 00ca 5BB2     		sxtb	r3, r3
 2593 00cc B3F1FF3F 		cmp	r3, #-1
 2594 00d0 D1D0     		beq	.L244
 2595              	.L230:
1602:Middlewares/Third_Party/FreeRTOS/Source/queue.c **** 
 2596              		.loc 1 1602 9 discriminator 3 view .LVU847
 2597 00d2 94F84530 		ldrb	r3, [r4, #69]	@ zero_extendqisi2
 2598 00d6 5BB2     		sxtb	r3, r3
 2599 00d8 B3F1FF3F 		cmp	r3, #-1
 2600 00dc CFD0     		beq	.L245
 2601              	.L231:
1602:Middlewares/Third_Party/FreeRTOS/Source/queue.c **** 
 2602              		.loc 1 1602 9 discriminator 6 view .LVU848
 2603 00de FFF7FEFF 		bl	vPortExitCritical
 2604              	.LVL307:
1605:Middlewares/Third_Party/FreeRTOS/Source/queue.c ****         {
 2605              		.loc 1 1605 9 view .LVU849
1605:Middlewares/Third_Party/FreeRTOS/Source/queue.c ****         {
 2606              		.loc 1 1605 13 is_stmt 0 view .LVU850
 2607 00e2 01A9     		add	r1, sp, #4
 2608 00e4 02A8     		add	r0, sp, #8
 2609 00e6 FFF7FEFF 		bl	xTaskCheckForTimeOut
 2610              	.LVL308:
1605:Middlewares/Third_Party/FreeRTOS/Source/queue.c ****         {
 2611              		.loc 1 1605 11 discriminator 1 view .LVU851
 2612 00ea 0028     		cmp	r0, #0
 2613 00ec D1D1     		bne	.L232
1609:Middlewares/Third_Party/FreeRTOS/Source/queue.c ****             {
 2614              		.loc 1 1609 13 is_stmt 1 view .LVU852
1609:Middlewares/Third_Party/FreeRTOS/Source/queue.c ****             {
 2615              		.loc 1 1609 17 is_stmt 0 view .LVU853
 2616 00ee 2046     		mov	r0, r4
 2617 00f0 FFF7FEFF 		bl	prvIsQueueEmpty
 2618              	.LVL309:
1609:Middlewares/Third_Party/FreeRTOS/Source/queue.c ****             {
 2619              		.loc 1 1609 15 discriminator 1 view .LVU854
 2620 00f4 0028     		cmp	r0, #0
 2621 00f6 C6D0     		beq	.L233
1611:Middlewares/Third_Party/FreeRTOS/Source/queue.c ****                 vTaskPlaceOnEventList( &( pxQueue->xTasksWaitingToReceive ), xTicksToWait );
 2622              		.loc 1 1611 58 is_stmt 1 view .LVU855
1612:Middlewares/Third_Party/FreeRTOS/Source/queue.c ****                 prvUnlockQueue( pxQueue );
 2623              		.loc 1 1612 17 view .LVU856
 2624 00f8 0199     		ldr	r1, [sp, #4]
 2625 00fa 04F12400 		add	r0, r4, #36
 2626 00fe FFF7FEFF 		bl	vTaskPlaceOnEventList
 2627              	.LVL310:
1613:Middlewares/Third_Party/FreeRTOS/Source/queue.c **** 
 2628              		.loc 1 1613 17 view .LVU857
 2629 0102 2046     		mov	r0, r4
 2630 0104 FFF7FEFF 		bl	prvUnlockQueue
ARM GAS  /tmp/ccmofomj.s 			page 108


 2631              	.LVL311:
1615:Middlewares/Third_Party/FreeRTOS/Source/queue.c ****                 {
 2632              		.loc 1 1615 17 view .LVU858
1615:Middlewares/Third_Party/FreeRTOS/Source/queue.c ****                 {
 2633              		.loc 1 1615 21 is_stmt 0 view .LVU859
 2634 0108 FFF7FEFF 		bl	xTaskResumeAll
 2635              	.LVL312:
1615:Middlewares/Third_Party/FreeRTOS/Source/queue.c ****                 {
 2636              		.loc 1 1615 19 discriminator 1 view .LVU860
 2637 010c 0028     		cmp	r0, #0
 2638 010e CAD1     		bne	.L224
1617:Middlewares/Third_Party/FreeRTOS/Source/queue.c ****                 }
 2639              		.loc 1 1617 21 is_stmt 1 view .LVU861
 2640 0110 FFF7FEFF 		bl	vPortYield
 2641              	.LVL313:
 2642 0114 C7E7     		b	.L224
 2643              	.L240:
1644:Middlewares/Third_Party/FreeRTOS/Source/queue.c ****             }
 2644              		.loc 1 1644 24 is_stmt 0 view .LVU862
 2645 0116 0020     		movs	r0, #0
 2646 0118 99E7     		b	.L217
 2647              		.cfi_endproc
 2648              	.LFE17:
 2650              		.section	.text.xQueueSemaphoreTake,"ax",%progbits
 2651              		.align	1
 2652              		.global	xQueueSemaphoreTake
 2653              		.syntax unified
 2654              		.thumb
 2655              		.thumb_func
 2657              	xQueueSemaphoreTake:
 2658              	.LVL314:
 2659              	.LFB18:
1657:Middlewares/Third_Party/FreeRTOS/Source/queue.c ****     BaseType_t xEntryTimeSet = pdFALSE;
 2660              		.loc 1 1657 1 is_stmt 1 view -0
 2661              		.cfi_startproc
 2662              		@ args = 0, pretend = 0, frame = 16
 2663              		@ frame_needed = 0, uses_anonymous_args = 0
1657:Middlewares/Third_Party/FreeRTOS/Source/queue.c ****     BaseType_t xEntryTimeSet = pdFALSE;
 2664              		.loc 1 1657 1 is_stmt 0 view .LVU864
 2665 0000 70B5     		push	{r4, r5, r6, lr}
 2666              	.LCFI38:
 2667              		.cfi_def_cfa_offset 16
 2668              		.cfi_offset 4, -16
 2669              		.cfi_offset 5, -12
 2670              		.cfi_offset 6, -8
 2671              		.cfi_offset 14, -4
 2672 0002 84B0     		sub	sp, sp, #16
 2673              	.LCFI39:
 2674              		.cfi_def_cfa_offset 32
 2675 0004 0191     		str	r1, [sp, #4]
1658:Middlewares/Third_Party/FreeRTOS/Source/queue.c ****     TimeOut_t xTimeOut;
 2676              		.loc 1 1658 5 is_stmt 1 view .LVU865
 2677              	.LVL315:
1659:Middlewares/Third_Party/FreeRTOS/Source/queue.c ****     Queue_t * const pxQueue = xQueue;
 2678              		.loc 1 1659 5 view .LVU866
1660:Middlewares/Third_Party/FreeRTOS/Source/queue.c **** 
 2679              		.loc 1 1660 5 view .LVU867
ARM GAS  /tmp/ccmofomj.s 			page 109


1663:Middlewares/Third_Party/FreeRTOS/Source/queue.c ****     #endif
 2680              		.loc 1 1663 9 view .LVU868
1666:Middlewares/Third_Party/FreeRTOS/Source/queue.c **** 
 2681              		.loc 1 1666 59 view .LVU869
1669:Middlewares/Third_Party/FreeRTOS/Source/queue.c **** 
 2682              		.loc 1 1669 5 view .LVU870
 2683 0006 28B1     		cbz	r0, .L270
 2684 0008 0446     		mov	r4, r0
1669:Middlewares/Third_Party/FreeRTOS/Source/queue.c **** 
 2685              		.loc 1 1669 32 discriminator 2 view .LVU871
1673:Middlewares/Third_Party/FreeRTOS/Source/queue.c **** 
 2686              		.loc 1 1673 5 view .LVU872
 2687 000a 036C     		ldr	r3, [r0, #64]
 2688 000c 2BB1     		cbz	r3, .L249
1673:Middlewares/Third_Party/FreeRTOS/Source/queue.c **** 
 2689              		.loc 1 1673 5 discriminator 1 view .LVU873
 2690 000e FFF7FEFF 		bl	ulSetInterruptMask
 2691              	.LVL316:
 2692              	.L250:
1673:Middlewares/Third_Party/FreeRTOS/Source/queue.c **** 
 2693              		.loc 1 1673 5 discriminator 3 view .LVU874
1673:Middlewares/Third_Party/FreeRTOS/Source/queue.c **** 
 2694              		.loc 1 1673 5 discriminator 3 view .LVU875
 2695 0012 FEE7     		b	.L250
 2696              	.LVL317:
 2697              	.L270:
1669:Middlewares/Third_Party/FreeRTOS/Source/queue.c **** 
 2698              		.loc 1 1669 5 discriminator 1 view .LVU876
 2699 0014 FFF7FEFF 		bl	ulSetInterruptMask
 2700              	.LVL318:
 2701              	.L248:
1669:Middlewares/Third_Party/FreeRTOS/Source/queue.c **** 
 2702              		.loc 1 1669 5 discriminator 3 view .LVU877
1669:Middlewares/Third_Party/FreeRTOS/Source/queue.c **** 
 2703              		.loc 1 1669 5 discriminator 3 view .LVU878
 2704 0018 FEE7     		b	.L248
 2705              	.LVL319:
 2706              	.L249:
1673:Middlewares/Third_Party/FreeRTOS/Source/queue.c **** 
 2707              		.loc 1 1673 45 discriminator 2 view .LVU879
1678:Middlewares/Third_Party/FreeRTOS/Source/queue.c ****     }
 2708              		.loc 1 1678 9 view .LVU880
 2709 001a FFF7FEFF 		bl	xTaskGetSchedulerState
 2710              	.LVL320:
1678:Middlewares/Third_Party/FreeRTOS/Source/queue.c ****     }
 2711              		.loc 1 1678 9 is_stmt 0 discriminator 1 view .LVU881
 2712 001e 0546     		mov	r5, r0
 2713 0020 30B9     		cbnz	r0, .L267
1678:Middlewares/Third_Party/FreeRTOS/Source/queue.c ****     }
 2714              		.loc 1 1678 9 discriminator 2 view .LVU882
 2715 0022 019B     		ldr	r3, [sp, #4]
 2716 0024 0BB9     		cbnz	r3, .L271
 2717 0026 0646     		mov	r6, r0
 2718 0028 47E0     		b	.L253
 2719              	.L271:
1678:Middlewares/Third_Party/FreeRTOS/Source/queue.c ****     }
 2720              		.loc 1 1678 9 is_stmt 1 discriminator 7 view .LVU883
ARM GAS  /tmp/ccmofomj.s 			page 110


 2721 002a FFF7FEFF 		bl	ulSetInterruptMask
 2722              	.LVL321:
 2723              	.L252:
1678:Middlewares/Third_Party/FreeRTOS/Source/queue.c ****     }
 2724              		.loc 1 1678 9 discriminator 9 view .LVU884
1678:Middlewares/Third_Party/FreeRTOS/Source/queue.c ****     }
 2725              		.loc 1 1678 9 discriminator 9 view .LVU885
 2726 002e FEE7     		b	.L252
 2727              	.L267:
 2728 0030 0026     		movs	r6, #0
 2729 0032 3546     		mov	r5, r6
 2730 0034 41E0     		b	.L253
 2731              	.LVL322:
 2732              	.L275:
 2733              	.LBB19:
1694:Middlewares/Third_Party/FreeRTOS/Source/queue.c **** 
 2734              		.loc 1 1694 46 view .LVU886
1698:Middlewares/Third_Party/FreeRTOS/Source/queue.c **** 
 2735              		.loc 1 1698 17 view .LVU887
1698:Middlewares/Third_Party/FreeRTOS/Source/queue.c **** 
 2736              		.loc 1 1698 46 is_stmt 0 view .LVU888
 2737 0036 013B     		subs	r3, r3, #1
 2738              	.LVL323:
1698:Middlewares/Third_Party/FreeRTOS/Source/queue.c **** 
 2739              		.loc 1 1698 44 view .LVU889
 2740 0038 A363     		str	r3, [r4, #56]
1702:Middlewares/Third_Party/FreeRTOS/Source/queue.c ****                     {
 2741              		.loc 1 1702 21 is_stmt 1 view .LVU890
1702:Middlewares/Third_Party/FreeRTOS/Source/queue.c ****                     {
 2742              		.loc 1 1702 32 is_stmt 0 view .LVU891
 2743 003a 2368     		ldr	r3, [r4]
 2744              	.LVL324:
1702:Middlewares/Third_Party/FreeRTOS/Source/queue.c ****                     {
 2745              		.loc 1 1702 23 view .LVU892
 2746 003c 33B1     		cbz	r3, .L272
 2747              	.LVL325:
 2748              	.L255:
1710:Middlewares/Third_Party/FreeRTOS/Source/queue.c ****                     }
 2749              		.loc 1 1710 49 is_stmt 1 view .LVU893
1717:Middlewares/Third_Party/FreeRTOS/Source/queue.c ****                 {
 2750              		.loc 1 1717 17 view .LVU894
1717:Middlewares/Third_Party/FreeRTOS/Source/queue.c ****                 {
 2751              		.loc 1 1717 21 is_stmt 0 view .LVU895
 2752 003e 2369     		ldr	r3, [r4, #16]
1717:Middlewares/Third_Party/FreeRTOS/Source/queue.c ****                 {
 2753              		.loc 1 1717 19 view .LVU896
 2754 0040 43B9     		cbnz	r3, .L273
 2755              	.L256:
1730:Middlewares/Third_Party/FreeRTOS/Source/queue.c ****                 }
 2756              		.loc 1 1730 45 is_stmt 1 view .LVU897
1733:Middlewares/Third_Party/FreeRTOS/Source/queue.c **** 
 2757              		.loc 1 1733 17 view .LVU898
 2758 0042 FFF7FEFF 		bl	vPortExitCritical
 2759              	.LVL326:
1735:Middlewares/Third_Party/FreeRTOS/Source/queue.c **** 
 2760              		.loc 1 1735 58 view .LVU899
1737:Middlewares/Third_Party/FreeRTOS/Source/queue.c ****             }
ARM GAS  /tmp/ccmofomj.s 			page 111


 2761              		.loc 1 1737 17 view .LVU900
1737:Middlewares/Third_Party/FreeRTOS/Source/queue.c ****             }
 2762              		.loc 1 1737 24 is_stmt 0 view .LVU901
 2763 0046 0120     		movs	r0, #1
 2764              	.L246:
1737:Middlewares/Third_Party/FreeRTOS/Source/queue.c ****             }
 2765              		.loc 1 1737 24 view .LVU902
 2766              	.LBE19:
1877:Middlewares/Third_Party/FreeRTOS/Source/queue.c **** /*-----------------------------------------------------------*/
 2767              		.loc 1 1877 1 view .LVU903
 2768 0048 04B0     		add	sp, sp, #16
 2769              	.LCFI40:
 2770              		.cfi_remember_state
 2771              		.cfi_def_cfa_offset 16
 2772              		@ sp needed
 2773 004a 70BD     		pop	{r4, r5, r6, pc}
 2774              	.LVL327:
 2775              	.L272:
 2776              	.LCFI41:
 2777              		.cfi_restore_state
 2778              	.LBB20:
1706:Middlewares/Third_Party/FreeRTOS/Source/queue.c ****                     }
 2779              		.loc 1 1706 25 is_stmt 1 view .LVU904
1706:Middlewares/Third_Party/FreeRTOS/Source/queue.c ****                     }
 2780              		.loc 1 1706 62 is_stmt 0 view .LVU905
 2781 004c FFF7FEFF 		bl	pvTaskIncrementMutexHeldCount
 2782              	.LVL328:
1706:Middlewares/Third_Party/FreeRTOS/Source/queue.c ****                     }
 2783              		.loc 1 1706 60 discriminator 1 view .LVU906
 2784 0050 A060     		str	r0, [r4, #8]
 2785 0052 F4E7     		b	.L255
 2786              	.L273:
1719:Middlewares/Third_Party/FreeRTOS/Source/queue.c ****                     {
 2787              		.loc 1 1719 21 is_stmt 1 view .LVU907
1719:Middlewares/Third_Party/FreeRTOS/Source/queue.c ****                     {
 2788              		.loc 1 1719 25 is_stmt 0 view .LVU908
 2789 0054 04F11000 		add	r0, r4, #16
 2790 0058 FFF7FEFF 		bl	xTaskRemoveFromEventList
 2791              	.LVL329:
1719:Middlewares/Third_Party/FreeRTOS/Source/queue.c ****                     {
 2792              		.loc 1 1719 23 discriminator 1 view .LVU909
 2793 005c 0028     		cmp	r0, #0
 2794 005e F0D0     		beq	.L256
1721:Middlewares/Third_Party/FreeRTOS/Source/queue.c ****                     }
 2795              		.loc 1 1721 25 is_stmt 1 view .LVU910
 2796 0060 FFF7FEFF 		bl	vPortYield
 2797              	.LVL330:
 2798 0064 EDE7     		b	.L256
 2799              	.L276:
1745:Middlewares/Third_Party/FreeRTOS/Source/queue.c **** 
 2800              		.loc 1 1745 21 view .LVU911
 2801 0066 FFF7FEFF 		bl	vPortExitCritical
 2802              	.LVL331:
1747:Middlewares/Third_Party/FreeRTOS/Source/queue.c ****                     traceRETURN_xQueueSemaphoreTake( errQUEUE_EMPTY );
 2803              		.loc 1 1747 57 view .LVU912
1748:Middlewares/Third_Party/FreeRTOS/Source/queue.c **** 
 2804              		.loc 1 1748 70 view .LVU913
ARM GAS  /tmp/ccmofomj.s 			page 112


1750:Middlewares/Third_Party/FreeRTOS/Source/queue.c ****                 }
 2805              		.loc 1 1750 21 view .LVU914
1750:Middlewares/Third_Party/FreeRTOS/Source/queue.c ****                 }
 2806              		.loc 1 1750 28 is_stmt 0 view .LVU915
 2807 006a 0020     		movs	r0, #0
 2808 006c ECE7     		b	.L246
 2809              	.L277:
1756:Middlewares/Third_Party/FreeRTOS/Source/queue.c ****                     xEntryTimeSet = pdTRUE;
 2810              		.loc 1 1756 21 is_stmt 1 view .LVU916
 2811 006e 02A8     		add	r0, sp, #8
 2812 0070 FFF7FEFF 		bl	vTaskInternalSetTimeOutState
 2813              	.LVL332:
1757:Middlewares/Third_Party/FreeRTOS/Source/queue.c ****                 }
 2814              		.loc 1 1757 21 view .LVU917
1757:Middlewares/Third_Party/FreeRTOS/Source/queue.c ****                 }
 2815              		.loc 1 1757 35 is_stmt 0 view .LVU918
 2816 0074 0125     		movs	r5, #1
 2817 0076 2AE0     		b	.L259
 2818              	.LVL333:
 2819              	.L278:
1757:Middlewares/Third_Party/FreeRTOS/Source/queue.c ****                 }
 2820              		.loc 1 1757 35 view .LVU919
 2821              	.LBE20:
1772:Middlewares/Third_Party/FreeRTOS/Source/queue.c **** 
 2822              		.loc 1 1772 9 is_stmt 1 discriminator 1 view .LVU920
 2823 0078 0023     		movs	r3, #0
 2824 007a 84F84430 		strb	r3, [r4, #68]
 2825 007e 32E0     		b	.L260
 2826              	.L279:
1772:Middlewares/Third_Party/FreeRTOS/Source/queue.c **** 
 2827              		.loc 1 1772 9 discriminator 4 view .LVU921
 2828 0080 0023     		movs	r3, #0
 2829 0082 84F84530 		strb	r3, [r4, #69]
 2830 0086 34E0     		b	.L261
 2831              	.L280:
1789:Middlewares/Third_Party/FreeRTOS/Source/queue.c ****                         {
 2832              		.loc 1 1789 25 view .LVU922
 2833 0088 FFF7FEFF 		bl	vPortEnterCritical
 2834              	.LVL334:
1791:Middlewares/Third_Party/FreeRTOS/Source/queue.c ****                         }
 2835              		.loc 1 1791 29 view .LVU923
1791:Middlewares/Third_Party/FreeRTOS/Source/queue.c ****                         }
 2836              		.loc 1 1791 52 is_stmt 0 view .LVU924
 2837 008c A068     		ldr	r0, [r4, #8]
 2838 008e FFF7FEFF 		bl	xTaskPriorityInherit
 2839              	.LVL335:
 2840 0092 0646     		mov	r6, r0
 2841              	.LVL336:
1793:Middlewares/Third_Party/FreeRTOS/Source/queue.c ****                     }
 2842              		.loc 1 1793 25 is_stmt 1 view .LVU925
 2843 0094 FFF7FEFF 		bl	vPortExitCritical
 2844              	.LVL337:
1793:Middlewares/Third_Party/FreeRTOS/Source/queue.c ****                     }
 2845              		.loc 1 1793 25 is_stmt 0 view .LVU926
 2846 0098 3BE0     		b	.L264
 2847              	.L263:
1818:Middlewares/Third_Party/FreeRTOS/Source/queue.c ****                 ( void ) xTaskResumeAll();
ARM GAS  /tmp/ccmofomj.s 			page 113


 2848              		.loc 1 1818 17 is_stmt 1 view .LVU927
 2849 009a 2046     		mov	r0, r4
 2850 009c FFF7FEFF 		bl	prvUnlockQueue
 2851              	.LVL338:
1819:Middlewares/Third_Party/FreeRTOS/Source/queue.c ****             }
 2852              		.loc 1 1819 17 view .LVU928
1819:Middlewares/Third_Party/FreeRTOS/Source/queue.c ****             }
 2853              		.loc 1 1819 26 is_stmt 0 view .LVU929
 2854 00a0 FFF7FEFF 		bl	xTaskResumeAll
 2855              	.LVL339:
 2856 00a4 09E0     		b	.L253
 2857              	.L262:
1825:Middlewares/Third_Party/FreeRTOS/Source/queue.c ****             ( void ) xTaskResumeAll();
 2858              		.loc 1 1825 13 is_stmt 1 view .LVU930
 2859 00a6 2046     		mov	r0, r4
 2860 00a8 FFF7FEFF 		bl	prvUnlockQueue
 2861              	.LVL340:
1826:Middlewares/Third_Party/FreeRTOS/Source/queue.c **** 
 2862              		.loc 1 1826 13 view .LVU931
1826:Middlewares/Third_Party/FreeRTOS/Source/queue.c **** 
 2863              		.loc 1 1826 22 is_stmt 0 view .LVU932
 2864 00ac FFF7FEFF 		bl	xTaskResumeAll
 2865              	.LVL341:
1832:Middlewares/Third_Party/FreeRTOS/Source/queue.c ****             {
 2866              		.loc 1 1832 13 is_stmt 1 view .LVU933
1832:Middlewares/Third_Party/FreeRTOS/Source/queue.c ****             {
 2867              		.loc 1 1832 17 is_stmt 0 view .LVU934
 2868 00b0 2046     		mov	r0, r4
 2869 00b2 FFF7FEFF 		bl	prvIsQueueEmpty
 2870              	.LVL342:
1832:Middlewares/Third_Party/FreeRTOS/Source/queue.c ****             {
 2871              		.loc 1 1832 15 discriminator 1 view .LVU935
 2872 00b6 0028     		cmp	r0, #0
 2873 00b8 3AD1     		bne	.L274
 2874              	.LVL343:
 2875              	.L253:
1678:Middlewares/Third_Party/FreeRTOS/Source/queue.c ****     }
 2876              		.loc 1 1678 110 is_stmt 1 discriminator 8 view .LVU936
1682:Middlewares/Third_Party/FreeRTOS/Source/queue.c ****     {
 2877              		.loc 1 1682 5 view .LVU937
1684:Middlewares/Third_Party/FreeRTOS/Source/queue.c ****         {
 2878              		.loc 1 1684 9 view .LVU938
 2879 00ba FFF7FEFF 		bl	vPortEnterCritical
 2880              	.LVL344:
 2881              	.LBB21:
1688:Middlewares/Third_Party/FreeRTOS/Source/queue.c **** 
 2882              		.loc 1 1688 13 view .LVU939
1688:Middlewares/Third_Party/FreeRTOS/Source/queue.c **** 
 2883              		.loc 1 1688 31 is_stmt 0 view .LVU940
 2884 00be A36B     		ldr	r3, [r4, #56]
 2885              	.LVL345:
1692:Middlewares/Third_Party/FreeRTOS/Source/queue.c ****             {
 2886              		.loc 1 1692 13 is_stmt 1 view .LVU941
1692:Middlewares/Third_Party/FreeRTOS/Source/queue.c ****             {
 2887              		.loc 1 1692 15 is_stmt 0 view .LVU942
 2888 00c0 002B     		cmp	r3, #0
 2889 00c2 B8D1     		bne	.L275
ARM GAS  /tmp/ccmofomj.s 			page 114


1741:Middlewares/Third_Party/FreeRTOS/Source/queue.c ****                 {
 2890              		.loc 1 1741 17 is_stmt 1 view .LVU943
1741:Middlewares/Third_Party/FreeRTOS/Source/queue.c ****                 {
 2891              		.loc 1 1741 34 is_stmt 0 view .LVU944
 2892 00c4 019B     		ldr	r3, [sp, #4]
 2893              	.LVL346:
1741:Middlewares/Third_Party/FreeRTOS/Source/queue.c ****                 {
 2894              		.loc 1 1741 19 view .LVU945
 2895 00c6 002B     		cmp	r3, #0
 2896 00c8 CDD0     		beq	.L276
1752:Middlewares/Third_Party/FreeRTOS/Source/queue.c ****                 {
 2897              		.loc 1 1752 22 is_stmt 1 view .LVU946
1752:Middlewares/Third_Party/FreeRTOS/Source/queue.c ****                 {
 2898              		.loc 1 1752 24 is_stmt 0 view .LVU947
 2899 00ca 002D     		cmp	r5, #0
 2900 00cc CFD0     		beq	.L277
 2901              	.LVL347:
 2902              	.L259:
1762:Middlewares/Third_Party/FreeRTOS/Source/queue.c ****                 }
 2903              		.loc 1 1762 45 is_stmt 1 view .LVU948
 2904              	.LBE21:
1766:Middlewares/Third_Party/FreeRTOS/Source/queue.c **** 
 2905              		.loc 1 1766 9 view .LVU949
 2906 00ce FFF7FEFF 		bl	vPortExitCritical
 2907              	.LVL348:
1771:Middlewares/Third_Party/FreeRTOS/Source/queue.c ****         prvLockQueue( pxQueue );
 2908              		.loc 1 1771 9 view .LVU950
 2909 00d2 FFF7FEFF 		bl	vTaskSuspendAll
 2910              	.LVL349:
1772:Middlewares/Third_Party/FreeRTOS/Source/queue.c **** 
 2911              		.loc 1 1772 9 view .LVU951
 2912 00d6 FFF7FEFF 		bl	vPortEnterCritical
 2913              	.LVL350:
1772:Middlewares/Third_Party/FreeRTOS/Source/queue.c **** 
 2914              		.loc 1 1772 9 discriminator 1 view .LVU952
 2915 00da 94F84430 		ldrb	r3, [r4, #68]	@ zero_extendqisi2
 2916 00de 5BB2     		sxtb	r3, r3
 2917 00e0 B3F1FF3F 		cmp	r3, #-1
 2918 00e4 C8D0     		beq	.L278
 2919              	.L260:
1772:Middlewares/Third_Party/FreeRTOS/Source/queue.c **** 
 2920              		.loc 1 1772 9 discriminator 3 view .LVU953
 2921 00e6 94F84530 		ldrb	r3, [r4, #69]	@ zero_extendqisi2
 2922 00ea 5BB2     		sxtb	r3, r3
 2923 00ec B3F1FF3F 		cmp	r3, #-1
 2924 00f0 C6D0     		beq	.L279
 2925              	.L261:
1772:Middlewares/Third_Party/FreeRTOS/Source/queue.c **** 
 2926              		.loc 1 1772 9 discriminator 6 view .LVU954
 2927 00f2 FFF7FEFF 		bl	vPortExitCritical
 2928              	.LVL351:
1775:Middlewares/Third_Party/FreeRTOS/Source/queue.c ****         {
 2929              		.loc 1 1775 9 view .LVU955
1775:Middlewares/Third_Party/FreeRTOS/Source/queue.c ****         {
 2930              		.loc 1 1775 13 is_stmt 0 view .LVU956
 2931 00f6 01A9     		add	r1, sp, #4
 2932 00f8 02A8     		add	r0, sp, #8
ARM GAS  /tmp/ccmofomj.s 			page 115


 2933 00fa FFF7FEFF 		bl	xTaskCheckForTimeOut
 2934              	.LVL352:
1775:Middlewares/Third_Party/FreeRTOS/Source/queue.c ****         {
 2935              		.loc 1 1775 11 discriminator 1 view .LVU957
 2936 00fe 0028     		cmp	r0, #0
 2937 0100 D1D1     		bne	.L262
1781:Middlewares/Third_Party/FreeRTOS/Source/queue.c ****             {
 2938              		.loc 1 1781 13 is_stmt 1 view .LVU958
1781:Middlewares/Third_Party/FreeRTOS/Source/queue.c ****             {
 2939              		.loc 1 1781 17 is_stmt 0 view .LVU959
 2940 0102 2046     		mov	r0, r4
 2941 0104 FFF7FEFF 		bl	prvIsQueueEmpty
 2942              	.LVL353:
1781:Middlewares/Third_Party/FreeRTOS/Source/queue.c ****             {
 2943              		.loc 1 1781 15 discriminator 1 view .LVU960
 2944 0108 0028     		cmp	r0, #0
 2945 010a C6D0     		beq	.L263
1783:Middlewares/Third_Party/FreeRTOS/Source/queue.c **** 
 2946              		.loc 1 1783 58 is_stmt 1 view .LVU961
1787:Middlewares/Third_Party/FreeRTOS/Source/queue.c ****                     {
 2947              		.loc 1 1787 21 view .LVU962
1787:Middlewares/Third_Party/FreeRTOS/Source/queue.c ****                     {
 2948              		.loc 1 1787 32 is_stmt 0 view .LVU963
 2949 010c 2368     		ldr	r3, [r4]
1787:Middlewares/Third_Party/FreeRTOS/Source/queue.c ****                     {
 2950              		.loc 1 1787 23 view .LVU964
 2951 010e 002B     		cmp	r3, #0
 2952 0110 BAD0     		beq	.L280
 2953              	.L264:
1797:Middlewares/Third_Party/FreeRTOS/Source/queue.c ****                     }
 2954              		.loc 1 1797 49 is_stmt 1 view .LVU965
1802:Middlewares/Third_Party/FreeRTOS/Source/queue.c ****                 prvUnlockQueue( pxQueue );
 2955              		.loc 1 1802 17 view .LVU966
 2956 0112 0199     		ldr	r1, [sp, #4]
 2957 0114 04F12400 		add	r0, r4, #36
 2958 0118 FFF7FEFF 		bl	vTaskPlaceOnEventList
 2959              	.LVL354:
1803:Middlewares/Third_Party/FreeRTOS/Source/queue.c **** 
 2960              		.loc 1 1803 17 view .LVU967
 2961 011c 2046     		mov	r0, r4
 2962 011e FFF7FEFF 		bl	prvUnlockQueue
 2963              	.LVL355:
1805:Middlewares/Third_Party/FreeRTOS/Source/queue.c ****                 {
 2964              		.loc 1 1805 17 view .LVU968
1805:Middlewares/Third_Party/FreeRTOS/Source/queue.c ****                 {
 2965              		.loc 1 1805 21 is_stmt 0 view .LVU969
 2966 0122 FFF7FEFF 		bl	xTaskResumeAll
 2967              	.LVL356:
1805:Middlewares/Third_Party/FreeRTOS/Source/queue.c ****                 {
 2968              		.loc 1 1805 19 discriminator 1 view .LVU970
 2969 0126 0028     		cmp	r0, #0
 2970 0128 C7D1     		bne	.L253
1807:Middlewares/Third_Party/FreeRTOS/Source/queue.c ****                 }
 2971              		.loc 1 1807 21 is_stmt 1 view .LVU971
 2972 012a FFF7FEFF 		bl	vPortYield
 2973              	.LVL357:
 2974 012e C4E7     		b	.L253
ARM GAS  /tmp/ccmofomj.s 			page 116


 2975              	.L274:
1839:Middlewares/Third_Party/FreeRTOS/Source/queue.c ****                     {
 2976              		.loc 1 1839 21 view .LVU972
1839:Middlewares/Third_Party/FreeRTOS/Source/queue.c ****                     {
 2977              		.loc 1 1839 23 is_stmt 0 view .LVU973
 2978 0130 0EB9     		cbnz	r6, .L281
 2979              	.L266:
1866:Middlewares/Third_Party/FreeRTOS/Source/queue.c ****                 traceRETURN_xQueueSemaphoreTake( errQUEUE_EMPTY );
 2980              		.loc 1 1866 53 is_stmt 1 view .LVU974
1867:Middlewares/Third_Party/FreeRTOS/Source/queue.c **** 
 2981              		.loc 1 1867 66 view .LVU975
1869:Middlewares/Third_Party/FreeRTOS/Source/queue.c ****             }
 2982              		.loc 1 1869 17 view .LVU976
1869:Middlewares/Third_Party/FreeRTOS/Source/queue.c ****             }
 2983              		.loc 1 1869 24 is_stmt 0 view .LVU977
 2984 0132 0020     		movs	r0, #0
 2985 0134 88E7     		b	.L246
 2986              	.L281:
1841:Middlewares/Third_Party/FreeRTOS/Source/queue.c ****                         {
 2987              		.loc 1 1841 25 is_stmt 1 view .LVU978
 2988 0136 FFF7FEFF 		bl	vPortEnterCritical
 2989              	.LVL358:
 2990              	.LBB22:
1843:Middlewares/Third_Party/FreeRTOS/Source/queue.c **** 
 2991              		.loc 1 1843 29 view .LVU979
1850:Middlewares/Third_Party/FreeRTOS/Source/queue.c **** 
 2992              		.loc 1 1850 29 view .LVU980
1850:Middlewares/Third_Party/FreeRTOS/Source/queue.c **** 
 2993              		.loc 1 1850 56 is_stmt 0 view .LVU981
 2994 013a 2046     		mov	r0, r4
 2995 013c FFF7FEFF 		bl	prvGetHighestPriorityOfWaitToReceiveList
 2996              	.LVL359:
 2997 0140 0146     		mov	r1, r0
 2998              	.LVL360:
1859:Middlewares/Third_Party/FreeRTOS/Source/queue.c ****                         }
 2999              		.loc 1 1859 29 is_stmt 1 view .LVU982
 3000 0142 A068     		ldr	r0, [r4, #8]
 3001              	.LVL361:
1859:Middlewares/Third_Party/FreeRTOS/Source/queue.c ****                         }
 3002              		.loc 1 1859 29 is_stmt 0 view .LVU983
 3003 0144 FFF7FEFF 		bl	vTaskPriorityDisinheritAfterTimeout
 3004              	.LVL362:
1859:Middlewares/Third_Party/FreeRTOS/Source/queue.c ****                         }
 3005              		.loc 1 1859 29 view .LVU984
 3006              	.LBE22:
1861:Middlewares/Third_Party/FreeRTOS/Source/queue.c ****                     }
 3007              		.loc 1 1861 25 is_stmt 1 view .LVU985
 3008 0148 FFF7FEFF 		bl	vPortExitCritical
 3009              	.LVL363:
 3010 014c F1E7     		b	.L266
 3011              		.cfi_endproc
 3012              	.LFE18:
 3014              		.section	.text.xQueueTakeMutexRecursive,"ax",%progbits
 3015              		.align	1
 3016              		.global	xQueueTakeMutexRecursive
 3017              		.syntax unified
 3018              		.thumb
ARM GAS  /tmp/ccmofomj.s 			page 117


 3019              		.thumb_func
 3021              	xQueueTakeMutexRecursive:
 3022              	.LVL364:
 3023              	.LFB11:
 820:Middlewares/Third_Party/FreeRTOS/Source/queue.c ****         BaseType_t xReturn;
 3024              		.loc 1 820 5 view -0
 3025              		.cfi_startproc
 3026              		@ args = 0, pretend = 0, frame = 0
 3027              		@ frame_needed = 0, uses_anonymous_args = 0
 820:Middlewares/Third_Party/FreeRTOS/Source/queue.c ****         BaseType_t xReturn;
 3028              		.loc 1 820 5 is_stmt 0 view .LVU987
 3029 0000 70B5     		push	{r4, r5, r6, lr}
 3030              	.LCFI42:
 3031              		.cfi_def_cfa_offset 16
 3032              		.cfi_offset 4, -16
 3033              		.cfi_offset 5, -12
 3034              		.cfi_offset 6, -8
 3035              		.cfi_offset 14, -4
 821:Middlewares/Third_Party/FreeRTOS/Source/queue.c ****         Queue_t * const pxMutex = ( Queue_t * ) xMutex;
 3036              		.loc 1 821 9 is_stmt 1 view .LVU988
 822:Middlewares/Third_Party/FreeRTOS/Source/queue.c **** 
 3037              		.loc 1 822 9 view .LVU989
 3038              	.LVL365:
 824:Middlewares/Third_Party/FreeRTOS/Source/queue.c **** 
 3039              		.loc 1 824 68 view .LVU990
 826:Middlewares/Third_Party/FreeRTOS/Source/queue.c **** 
 3040              		.loc 1 826 9 view .LVU991
 3041 0002 78B1     		cbz	r0, .L288
 3042 0004 0C46     		mov	r4, r1
 3043 0006 0546     		mov	r5, r0
 826:Middlewares/Third_Party/FreeRTOS/Source/queue.c **** 
 3044              		.loc 1 826 32 discriminator 2 view .LVU992
 831:Middlewares/Third_Party/FreeRTOS/Source/queue.c **** 
 3045              		.loc 1 831 45 view .LVU993
 833:Middlewares/Third_Party/FreeRTOS/Source/queue.c ****         {
 3046              		.loc 1 833 9 view .LVU994
 833:Middlewares/Third_Party/FreeRTOS/Source/queue.c ****         {
 3047              		.loc 1 833 34 is_stmt 0 view .LVU995
 3048 0008 8668     		ldr	r6, [r0, #8]
 833:Middlewares/Third_Party/FreeRTOS/Source/queue.c ****         {
 3049              		.loc 1 833 51 view .LVU996
 3050 000a FFF7FEFF 		bl	xTaskGetCurrentTaskHandle
 3051              	.LVL366:
 833:Middlewares/Third_Party/FreeRTOS/Source/queue.c ****         {
 3052              		.loc 1 833 11 discriminator 1 view .LVU997
 3053 000e 8642     		cmp	r6, r0
 3054 0010 0BD0     		beq	.L289
 840:Middlewares/Third_Party/FreeRTOS/Source/queue.c **** 
 3055              		.loc 1 840 13 is_stmt 1 view .LVU998
 840:Middlewares/Third_Party/FreeRTOS/Source/queue.c **** 
 3056              		.loc 1 840 23 is_stmt 0 view .LVU999
 3057 0012 2146     		mov	r1, r4
 3058 0014 2846     		mov	r0, r5
 3059 0016 FFF7FEFF 		bl	xQueueSemaphoreTake
 3060              	.LVL367:
 845:Middlewares/Third_Party/FreeRTOS/Source/queue.c ****             {
 3061              		.loc 1 845 13 is_stmt 1 view .LVU1000
ARM GAS  /tmp/ccmofomj.s 			page 118


 845:Middlewares/Third_Party/FreeRTOS/Source/queue.c ****             {
 3062              		.loc 1 845 15 is_stmt 0 view .LVU1001
 3063 001a 50B1     		cbz	r0, .L282
 847:Middlewares/Third_Party/FreeRTOS/Source/queue.c ****             }
 3064              		.loc 1 847 17 is_stmt 1 view .LVU1002
 847:Middlewares/Third_Party/FreeRTOS/Source/queue.c ****             }
 3065              		.loc 1 847 40 is_stmt 0 view .LVU1003
 3066 001c EB68     		ldr	r3, [r5, #12]
 847:Middlewares/Third_Party/FreeRTOS/Source/queue.c ****             }
 3067              		.loc 1 847 63 view .LVU1004
 3068 001e 0133     		adds	r3, r3, #1
 3069 0020 EB60     		str	r3, [r5, #12]
 851:Middlewares/Third_Party/FreeRTOS/Source/queue.c ****             }
 3070              		.loc 1 851 60 is_stmt 1 view .LVU1005
 855:Middlewares/Third_Party/FreeRTOS/Source/queue.c **** 
 3071              		.loc 1 855 56 view .LVU1006
 857:Middlewares/Third_Party/FreeRTOS/Source/queue.c ****     }
 3072              		.loc 1 857 9 view .LVU1007
 857:Middlewares/Third_Party/FreeRTOS/Source/queue.c ****     }
 3073              		.loc 1 857 16 is_stmt 0 view .LVU1008
 3074 0022 06E0     		b	.L282
 3075              	.LVL368:
 3076              	.L288:
 826:Middlewares/Third_Party/FreeRTOS/Source/queue.c **** 
 3077              		.loc 1 826 9 is_stmt 1 discriminator 1 view .LVU1009
 3078 0024 FFF7FEFF 		bl	ulSetInterruptMask
 3079              	.LVL369:
 3080              	.L284:
 826:Middlewares/Third_Party/FreeRTOS/Source/queue.c **** 
 3081              		.loc 1 826 9 discriminator 3 view .LVU1010
 826:Middlewares/Third_Party/FreeRTOS/Source/queue.c **** 
 3082              		.loc 1 826 9 discriminator 3 view .LVU1011
 3083 0028 FEE7     		b	.L284
 3084              	.LVL370:
 3085              	.L289:
 835:Middlewares/Third_Party/FreeRTOS/Source/queue.c ****             xReturn = pdPASS;
 3086              		.loc 1 835 13 view .LVU1012
 835:Middlewares/Third_Party/FreeRTOS/Source/queue.c ****             xReturn = pdPASS;
 3087              		.loc 1 835 36 is_stmt 0 view .LVU1013
 3088 002a EB68     		ldr	r3, [r5, #12]
 835:Middlewares/Third_Party/FreeRTOS/Source/queue.c ****             xReturn = pdPASS;
 3089              		.loc 1 835 59 view .LVU1014
 3090 002c 0133     		adds	r3, r3, #1
 3091 002e EB60     		str	r3, [r5, #12]
 836:Middlewares/Third_Party/FreeRTOS/Source/queue.c ****         }
 3092              		.loc 1 836 13 is_stmt 1 view .LVU1015
 3093              	.LVL371:
 836:Middlewares/Third_Party/FreeRTOS/Source/queue.c ****         }
 3094              		.loc 1 836 21 is_stmt 0 view .LVU1016
 3095 0030 0120     		movs	r0, #1
 3096              	.LVL372:
 3097              	.L282:
 858:Middlewares/Third_Party/FreeRTOS/Source/queue.c **** 
 3098              		.loc 1 858 5 view .LVU1017
 3099 0032 70BD     		pop	{r4, r5, r6, pc}
 858:Middlewares/Third_Party/FreeRTOS/Source/queue.c **** 
 3100              		.loc 1 858 5 view .LVU1018
ARM GAS  /tmp/ccmofomj.s 			page 119


 3101              		.cfi_endproc
 3102              	.LFE11:
 3104              		.section	.text.xQueuePeek,"ax",%progbits
 3105              		.align	1
 3106              		.global	xQueuePeek
 3107              		.syntax unified
 3108              		.thumb
 3109              		.thumb_func
 3111              	xQueuePeek:
 3112              	.LVL373:
 3113              	.LFB19:
1883:Middlewares/Third_Party/FreeRTOS/Source/queue.c ****     BaseType_t xEntryTimeSet = pdFALSE;
 3114              		.loc 1 1883 1 is_stmt 1 view -0
 3115              		.cfi_startproc
 3116              		@ args = 0, pretend = 0, frame = 16
 3117              		@ frame_needed = 0, uses_anonymous_args = 0
1883:Middlewares/Third_Party/FreeRTOS/Source/queue.c ****     BaseType_t xEntryTimeSet = pdFALSE;
 3118              		.loc 1 1883 1 is_stmt 0 view .LVU1020
 3119 0000 70B5     		push	{r4, r5, r6, lr}
 3120              	.LCFI43:
 3121              		.cfi_def_cfa_offset 16
 3122              		.cfi_offset 4, -16
 3123              		.cfi_offset 5, -12
 3124              		.cfi_offset 6, -8
 3125              		.cfi_offset 14, -4
 3126 0002 84B0     		sub	sp, sp, #16
 3127              	.LCFI44:
 3128              		.cfi_def_cfa_offset 32
 3129 0004 0192     		str	r2, [sp, #4]
1884:Middlewares/Third_Party/FreeRTOS/Source/queue.c ****     TimeOut_t xTimeOut;
 3130              		.loc 1 1884 5 is_stmt 1 view .LVU1021
 3131              	.LVL374:
1885:Middlewares/Third_Party/FreeRTOS/Source/queue.c ****     int8_t * pcOriginalReadPosition;
 3132              		.loc 1 1885 5 view .LVU1022
1886:Middlewares/Third_Party/FreeRTOS/Source/queue.c ****     Queue_t * const pxQueue = xQueue;
 3133              		.loc 1 1886 5 view .LVU1023
1887:Middlewares/Third_Party/FreeRTOS/Source/queue.c **** 
 3134              		.loc 1 1887 5 view .LVU1024
1889:Middlewares/Third_Party/FreeRTOS/Source/queue.c **** 
 3135              		.loc 1 1889 60 view .LVU1025
1892:Middlewares/Third_Party/FreeRTOS/Source/queue.c **** 
 3136              		.loc 1 1892 5 view .LVU1026
 3137 0006 60B1     		cbz	r0, .L310
 3138 0008 0E46     		mov	r6, r1
 3139 000a 0446     		mov	r4, r0
1892:Middlewares/Third_Party/FreeRTOS/Source/queue.c **** 
 3140              		.loc 1 1892 32 discriminator 2 view .LVU1027
1896:Middlewares/Third_Party/FreeRTOS/Source/queue.c **** 
 3141              		.loc 1 1896 5 view .LVU1028
 3142 000c 61B1     		cbz	r1, .L311
 3143              	.L293:
1896:Middlewares/Third_Party/FreeRTOS/Source/queue.c **** 
 3144              		.loc 1 1896 103 discriminator 8 view .LVU1029
1901:Middlewares/Third_Party/FreeRTOS/Source/queue.c ****     }
 3145              		.loc 1 1901 9 view .LVU1030
 3146 000e FFF7FEFF 		bl	xTaskGetSchedulerState
 3147              	.LVL375:
ARM GAS  /tmp/ccmofomj.s 			page 120


1901:Middlewares/Third_Party/FreeRTOS/Source/queue.c ****     }
 3148              		.loc 1 1901 9 is_stmt 0 discriminator 1 view .LVU1031
 3149 0012 0546     		mov	r5, r0
 3150 0014 70B9     		cbnz	r0, .L308
1901:Middlewares/Third_Party/FreeRTOS/Source/queue.c ****     }
 3151              		.loc 1 1901 9 discriminator 2 view .LVU1032
 3152 0016 019B     		ldr	r3, [sp, #4]
 3153 0018 002B     		cmp	r3, #0
 3154 001a 44D0     		beq	.L297
1901:Middlewares/Third_Party/FreeRTOS/Source/queue.c ****     }
 3155              		.loc 1 1901 9 is_stmt 1 discriminator 7 view .LVU1033
 3156 001c FFF7FEFF 		bl	ulSetInterruptMask
 3157              	.LVL376:
 3158              	.L296:
1901:Middlewares/Third_Party/FreeRTOS/Source/queue.c ****     }
 3159              		.loc 1 1901 9 discriminator 9 view .LVU1034
1901:Middlewares/Third_Party/FreeRTOS/Source/queue.c ****     }
 3160              		.loc 1 1901 9 discriminator 9 view .LVU1035
 3161 0020 FEE7     		b	.L296
 3162              	.LVL377:
 3163              	.L310:
1892:Middlewares/Third_Party/FreeRTOS/Source/queue.c **** 
 3164              		.loc 1 1892 5 discriminator 1 view .LVU1036
 3165 0022 FFF7FEFF 		bl	ulSetInterruptMask
 3166              	.LVL378:
 3167              	.L292:
1892:Middlewares/Third_Party/FreeRTOS/Source/queue.c **** 
 3168              		.loc 1 1892 5 discriminator 3 view .LVU1037
1892:Middlewares/Third_Party/FreeRTOS/Source/queue.c **** 
 3169              		.loc 1 1892 5 discriminator 3 view .LVU1038
 3170 0026 FEE7     		b	.L292
 3171              	.LVL379:
 3172              	.L311:
1896:Middlewares/Third_Party/FreeRTOS/Source/queue.c **** 
 3173              		.loc 1 1896 5 is_stmt 0 discriminator 2 view .LVU1039
 3174 0028 036C     		ldr	r3, [r0, #64]
 3175 002a 002B     		cmp	r3, #0
 3176 002c EFD0     		beq	.L293
1896:Middlewares/Third_Party/FreeRTOS/Source/queue.c **** 
 3177              		.loc 1 1896 5 is_stmt 1 discriminator 7 view .LVU1040
 3178 002e FFF7FEFF 		bl	ulSetInterruptMask
 3179              	.LVL380:
 3180              	.L294:
1896:Middlewares/Third_Party/FreeRTOS/Source/queue.c **** 
 3181              		.loc 1 1896 5 discriminator 9 view .LVU1041
1896:Middlewares/Third_Party/FreeRTOS/Source/queue.c **** 
 3182              		.loc 1 1896 5 discriminator 9 view .LVU1042
 3183 0032 FEE7     		b	.L294
 3184              	.L308:
1896:Middlewares/Third_Party/FreeRTOS/Source/queue.c **** 
 3185              		.loc 1 1896 5 is_stmt 0 discriminator 9 view .LVU1043
 3186 0034 0025     		movs	r5, #0
 3187 0036 36E0     		b	.L297
 3188              	.LVL381:
 3189              	.L314:
 3190              	.LBB23:
1918:Middlewares/Third_Party/FreeRTOS/Source/queue.c **** 
ARM GAS  /tmp/ccmofomj.s 			page 121


 3191              		.loc 1 1918 17 is_stmt 1 view .LVU1044
1918:Middlewares/Third_Party/FreeRTOS/Source/queue.c **** 
 3192              		.loc 1 1918 40 is_stmt 0 view .LVU1045
 3193 0038 E568     		ldr	r5, [r4, #12]
 3194              	.LVL382:
1920:Middlewares/Third_Party/FreeRTOS/Source/queue.c ****                 traceQUEUE_PEEK( pxQueue );
 3195              		.loc 1 1920 17 is_stmt 1 view .LVU1046
 3196 003a 3146     		mov	r1, r6
 3197 003c 2046     		mov	r0, r4
 3198 003e FFF7FEFF 		bl	prvCopyDataFromQueue
 3199              	.LVL383:
1921:Middlewares/Third_Party/FreeRTOS/Source/queue.c **** 
 3200              		.loc 1 1921 43 view .LVU1047
1924:Middlewares/Third_Party/FreeRTOS/Source/queue.c **** 
 3201              		.loc 1 1924 17 view .LVU1048
1924:Middlewares/Third_Party/FreeRTOS/Source/queue.c **** 
 3202              		.loc 1 1924 46 is_stmt 0 view .LVU1049
 3203 0042 E560     		str	r5, [r4, #12]
1928:Middlewares/Third_Party/FreeRTOS/Source/queue.c ****                 {
 3204              		.loc 1 1928 17 is_stmt 1 view .LVU1050
1928:Middlewares/Third_Party/FreeRTOS/Source/queue.c ****                 {
 3205              		.loc 1 1928 21 is_stmt 0 view .LVU1051
 3206 0044 636A     		ldr	r3, [r4, #36]
1928:Middlewares/Third_Party/FreeRTOS/Source/queue.c ****                 {
 3207              		.loc 1 1928 19 view .LVU1052
 3208 0046 23B9     		cbnz	r3, .L312
 3209              	.L299:
1942:Middlewares/Third_Party/FreeRTOS/Source/queue.c ****                 }
 3210              		.loc 1 1942 45 is_stmt 1 view .LVU1053
1945:Middlewares/Third_Party/FreeRTOS/Source/queue.c **** 
 3211              		.loc 1 1945 17 view .LVU1054
 3212 0048 FFF7FEFF 		bl	vPortExitCritical
 3213              	.LVL384:
1947:Middlewares/Third_Party/FreeRTOS/Source/queue.c **** 
 3214              		.loc 1 1947 49 view .LVU1055
1949:Middlewares/Third_Party/FreeRTOS/Source/queue.c ****             }
 3215              		.loc 1 1949 17 view .LVU1056
1949:Middlewares/Third_Party/FreeRTOS/Source/queue.c ****             }
 3216              		.loc 1 1949 24 is_stmt 0 view .LVU1057
 3217 004c 0120     		movs	r0, #1
 3218              	.LVL385:
 3219              	.L290:
1949:Middlewares/Third_Party/FreeRTOS/Source/queue.c ****             }
 3220              		.loc 1 1949 24 view .LVU1058
 3221              	.LBE23:
2035:Middlewares/Third_Party/FreeRTOS/Source/queue.c **** /*-----------------------------------------------------------*/
 3222              		.loc 1 2035 1 view .LVU1059
 3223 004e 04B0     		add	sp, sp, #16
 3224              	.LCFI45:
 3225              		.cfi_remember_state
 3226              		.cfi_def_cfa_offset 16
 3227              		@ sp needed
 3228 0050 70BD     		pop	{r4, r5, r6, pc}
 3229              	.LVL386:
 3230              	.L312:
 3231              	.LCFI46:
 3232              		.cfi_restore_state
ARM GAS  /tmp/ccmofomj.s 			page 122


 3233              	.LBB24:
1930:Middlewares/Third_Party/FreeRTOS/Source/queue.c ****                     {
 3234              		.loc 1 1930 21 is_stmt 1 view .LVU1060
1930:Middlewares/Third_Party/FreeRTOS/Source/queue.c ****                     {
 3235              		.loc 1 1930 25 is_stmt 0 view .LVU1061
 3236 0052 04F12400 		add	r0, r4, #36
 3237 0056 FFF7FEFF 		bl	xTaskRemoveFromEventList
 3238              	.LVL387:
1930:Middlewares/Third_Party/FreeRTOS/Source/queue.c ****                     {
 3239              		.loc 1 1930 23 discriminator 1 view .LVU1062
 3240 005a 0028     		cmp	r0, #0
 3241 005c F4D0     		beq	.L299
1933:Middlewares/Third_Party/FreeRTOS/Source/queue.c ****                     }
 3242              		.loc 1 1933 25 is_stmt 1 view .LVU1063
 3243 005e FFF7FEFF 		bl	vPortYield
 3244              	.LVL388:
 3245 0062 F1E7     		b	.L299
 3246              	.LVL389:
 3247              	.L315:
1957:Middlewares/Third_Party/FreeRTOS/Source/queue.c **** 
 3248              		.loc 1 1957 21 view .LVU1064
 3249 0064 FFF7FEFF 		bl	vPortExitCritical
 3250              	.LVL390:
1959:Middlewares/Third_Party/FreeRTOS/Source/queue.c ****                     traceRETURN_xQueuePeek( errQUEUE_EMPTY );
 3251              		.loc 1 1959 54 view .LVU1065
1960:Middlewares/Third_Party/FreeRTOS/Source/queue.c **** 
 3252              		.loc 1 1960 61 view .LVU1066
1962:Middlewares/Third_Party/FreeRTOS/Source/queue.c ****                 }
 3253              		.loc 1 1962 21 view .LVU1067
1962:Middlewares/Third_Party/FreeRTOS/Source/queue.c ****                 }
 3254              		.loc 1 1962 28 is_stmt 0 view .LVU1068
 3255 0068 0020     		movs	r0, #0
 3256 006a F0E7     		b	.L290
 3257              	.L316:
1969:Middlewares/Third_Party/FreeRTOS/Source/queue.c ****                     xEntryTimeSet = pdTRUE;
 3258              		.loc 1 1969 21 is_stmt 1 view .LVU1069
 3259 006c 02A8     		add	r0, sp, #8
 3260 006e FFF7FEFF 		bl	vTaskInternalSetTimeOutState
 3261              	.LVL391:
1970:Middlewares/Third_Party/FreeRTOS/Source/queue.c ****                 }
 3262              		.loc 1 1970 21 view .LVU1070
1970:Middlewares/Third_Party/FreeRTOS/Source/queue.c ****                 }
 3263              		.loc 1 1970 35 is_stmt 0 view .LVU1071
 3264 0072 0125     		movs	r5, #1
 3265 0074 21E0     		b	.L302
 3266              	.LVL392:
 3267              	.L317:
1970:Middlewares/Third_Party/FreeRTOS/Source/queue.c ****                 }
 3268              		.loc 1 1970 35 view .LVU1072
 3269              	.LBE24:
1985:Middlewares/Third_Party/FreeRTOS/Source/queue.c **** 
 3270              		.loc 1 1985 9 is_stmt 1 discriminator 1 view .LVU1073
 3271 0076 0023     		movs	r3, #0
 3272 0078 84F84430 		strb	r3, [r4, #68]
 3273 007c 29E0     		b	.L303
 3274              	.L318:
1985:Middlewares/Third_Party/FreeRTOS/Source/queue.c **** 
ARM GAS  /tmp/ccmofomj.s 			page 123


 3275              		.loc 1 1985 9 discriminator 4 view .LVU1074
 3276 007e 0023     		movs	r3, #0
 3277 0080 84F84530 		strb	r3, [r4, #69]
 3278 0084 2BE0     		b	.L304
 3279              	.L306:
2011:Middlewares/Third_Party/FreeRTOS/Source/queue.c ****                 ( void ) xTaskResumeAll();
 3280              		.loc 1 2011 17 view .LVU1075
 3281 0086 2046     		mov	r0, r4
 3282 0088 FFF7FEFF 		bl	prvUnlockQueue
 3283              	.LVL393:
2012:Middlewares/Third_Party/FreeRTOS/Source/queue.c ****             }
 3284              		.loc 1 2012 17 view .LVU1076
2012:Middlewares/Third_Party/FreeRTOS/Source/queue.c ****             }
 3285              		.loc 1 2012 26 is_stmt 0 view .LVU1077
 3286 008c FFF7FEFF 		bl	xTaskResumeAll
 3287              	.LVL394:
 3288 0090 09E0     		b	.L297
 3289              	.L305:
2019:Middlewares/Third_Party/FreeRTOS/Source/queue.c ****             ( void ) xTaskResumeAll();
 3290              		.loc 1 2019 13 is_stmt 1 view .LVU1078
 3291 0092 2046     		mov	r0, r4
 3292 0094 FFF7FEFF 		bl	prvUnlockQueue
 3293              	.LVL395:
2020:Middlewares/Third_Party/FreeRTOS/Source/queue.c **** 
 3294              		.loc 1 2020 13 view .LVU1079
2020:Middlewares/Third_Party/FreeRTOS/Source/queue.c **** 
 3295              		.loc 1 2020 22 is_stmt 0 view .LVU1080
 3296 0098 FFF7FEFF 		bl	xTaskResumeAll
 3297              	.LVL396:
2022:Middlewares/Third_Party/FreeRTOS/Source/queue.c ****             {
 3298              		.loc 1 2022 13 is_stmt 1 view .LVU1081
2022:Middlewares/Third_Party/FreeRTOS/Source/queue.c ****             {
 3299              		.loc 1 2022 17 is_stmt 0 view .LVU1082
 3300 009c 2046     		mov	r0, r4
 3301 009e FFF7FEFF 		bl	prvIsQueueEmpty
 3302              	.LVL397:
2022:Middlewares/Third_Party/FreeRTOS/Source/queue.c ****             {
 3303              		.loc 1 2022 15 discriminator 1 view .LVU1083
 3304 00a2 0028     		cmp	r0, #0
 3305 00a4 37D1     		bne	.L313
 3306              	.LVL398:
 3307              	.L297:
1901:Middlewares/Third_Party/FreeRTOS/Source/queue.c ****     }
 3308              		.loc 1 1901 110 is_stmt 1 discriminator 8 view .LVU1084
1905:Middlewares/Third_Party/FreeRTOS/Source/queue.c ****     {
 3309              		.loc 1 1905 5 view .LVU1085
1907:Middlewares/Third_Party/FreeRTOS/Source/queue.c ****         {
 3310              		.loc 1 1907 9 view .LVU1086
 3311 00a6 FFF7FEFF 		bl	vPortEnterCritical
 3312              	.LVL399:
 3313              	.LBB25:
1909:Middlewares/Third_Party/FreeRTOS/Source/queue.c **** 
 3314              		.loc 1 1909 13 view .LVU1087
1909:Middlewares/Third_Party/FreeRTOS/Source/queue.c **** 
 3315              		.loc 1 1909 31 is_stmt 0 view .LVU1088
 3316 00aa A36B     		ldr	r3, [r4, #56]
 3317              	.LVL400:
ARM GAS  /tmp/ccmofomj.s 			page 124


1913:Middlewares/Third_Party/FreeRTOS/Source/queue.c ****             {
 3318              		.loc 1 1913 13 is_stmt 1 view .LVU1089
1913:Middlewares/Third_Party/FreeRTOS/Source/queue.c ****             {
 3319              		.loc 1 1913 15 is_stmt 0 view .LVU1090
 3320 00ac 002B     		cmp	r3, #0
 3321 00ae C3D1     		bne	.L314
1953:Middlewares/Third_Party/FreeRTOS/Source/queue.c ****                 {
 3322              		.loc 1 1953 17 is_stmt 1 view .LVU1091
1953:Middlewares/Third_Party/FreeRTOS/Source/queue.c ****                 {
 3323              		.loc 1 1953 34 is_stmt 0 view .LVU1092
 3324 00b0 019B     		ldr	r3, [sp, #4]
 3325              	.LVL401:
1953:Middlewares/Third_Party/FreeRTOS/Source/queue.c ****                 {
 3326              		.loc 1 1953 19 view .LVU1093
 3327 00b2 002B     		cmp	r3, #0
 3328 00b4 D6D0     		beq	.L315
1964:Middlewares/Third_Party/FreeRTOS/Source/queue.c ****                 {
 3329              		.loc 1 1964 22 is_stmt 1 view .LVU1094
1964:Middlewares/Third_Party/FreeRTOS/Source/queue.c ****                 {
 3330              		.loc 1 1964 24 is_stmt 0 view .LVU1095
 3331 00b6 002D     		cmp	r5, #0
 3332 00b8 D8D0     		beq	.L316
 3333              	.LVL402:
 3334              	.L302:
1975:Middlewares/Third_Party/FreeRTOS/Source/queue.c ****                 }
 3335              		.loc 1 1975 45 is_stmt 1 view .LVU1096
 3336              	.LBE25:
1979:Middlewares/Third_Party/FreeRTOS/Source/queue.c **** 
 3337              		.loc 1 1979 9 view .LVU1097
 3338 00ba FFF7FEFF 		bl	vPortExitCritical
 3339              	.LVL403:
1984:Middlewares/Third_Party/FreeRTOS/Source/queue.c ****         prvLockQueue( pxQueue );
 3340              		.loc 1 1984 9 view .LVU1098
 3341 00be FFF7FEFF 		bl	vTaskSuspendAll
 3342              	.LVL404:
1985:Middlewares/Third_Party/FreeRTOS/Source/queue.c **** 
 3343              		.loc 1 1985 9 view .LVU1099
 3344 00c2 FFF7FEFF 		bl	vPortEnterCritical
 3345              	.LVL405:
1985:Middlewares/Third_Party/FreeRTOS/Source/queue.c **** 
 3346              		.loc 1 1985 9 discriminator 1 view .LVU1100
 3347 00c6 94F84430 		ldrb	r3, [r4, #68]	@ zero_extendqisi2
 3348 00ca 5BB2     		sxtb	r3, r3
 3349 00cc B3F1FF3F 		cmp	r3, #-1
 3350 00d0 D1D0     		beq	.L317
 3351              	.L303:
1985:Middlewares/Third_Party/FreeRTOS/Source/queue.c **** 
 3352              		.loc 1 1985 9 discriminator 3 view .LVU1101
 3353 00d2 94F84530 		ldrb	r3, [r4, #69]	@ zero_extendqisi2
 3354 00d6 5BB2     		sxtb	r3, r3
 3355 00d8 B3F1FF3F 		cmp	r3, #-1
 3356 00dc CFD0     		beq	.L318
 3357              	.L304:
1985:Middlewares/Third_Party/FreeRTOS/Source/queue.c **** 
 3358              		.loc 1 1985 9 discriminator 6 view .LVU1102
 3359 00de FFF7FEFF 		bl	vPortExitCritical
 3360              	.LVL406:
ARM GAS  /tmp/ccmofomj.s 			page 125


1988:Middlewares/Third_Party/FreeRTOS/Source/queue.c ****         {
 3361              		.loc 1 1988 9 view .LVU1103
1988:Middlewares/Third_Party/FreeRTOS/Source/queue.c ****         {
 3362              		.loc 1 1988 13 is_stmt 0 view .LVU1104
 3363 00e2 01A9     		add	r1, sp, #4
 3364 00e4 02A8     		add	r0, sp, #8
 3365 00e6 FFF7FEFF 		bl	xTaskCheckForTimeOut
 3366              	.LVL407:
1988:Middlewares/Third_Party/FreeRTOS/Source/queue.c ****         {
 3367              		.loc 1 1988 11 discriminator 1 view .LVU1105
 3368 00ea 0028     		cmp	r0, #0
 3369 00ec D1D1     		bne	.L305
1992:Middlewares/Third_Party/FreeRTOS/Source/queue.c ****             {
 3370              		.loc 1 1992 13 is_stmt 1 view .LVU1106
1992:Middlewares/Third_Party/FreeRTOS/Source/queue.c ****             {
 3371              		.loc 1 1992 17 is_stmt 0 view .LVU1107
 3372 00ee 2046     		mov	r0, r4
 3373 00f0 FFF7FEFF 		bl	prvIsQueueEmpty
 3374              	.LVL408:
1992:Middlewares/Third_Party/FreeRTOS/Source/queue.c ****             {
 3375              		.loc 1 1992 15 discriminator 1 view .LVU1108
 3376 00f4 0028     		cmp	r0, #0
 3377 00f6 C6D0     		beq	.L306
1994:Middlewares/Third_Party/FreeRTOS/Source/queue.c ****                 vTaskPlaceOnEventList( &( pxQueue->xTasksWaitingToReceive ), xTicksToWait );
 3378              		.loc 1 1994 55 is_stmt 1 view .LVU1109
1995:Middlewares/Third_Party/FreeRTOS/Source/queue.c ****                 prvUnlockQueue( pxQueue );
 3379              		.loc 1 1995 17 view .LVU1110
 3380 00f8 0199     		ldr	r1, [sp, #4]
 3381 00fa 04F12400 		add	r0, r4, #36
 3382 00fe FFF7FEFF 		bl	vTaskPlaceOnEventList
 3383              	.LVL409:
1996:Middlewares/Third_Party/FreeRTOS/Source/queue.c **** 
 3384              		.loc 1 1996 17 view .LVU1111
 3385 0102 2046     		mov	r0, r4
 3386 0104 FFF7FEFF 		bl	prvUnlockQueue
 3387              	.LVL410:
1998:Middlewares/Third_Party/FreeRTOS/Source/queue.c ****                 {
 3388              		.loc 1 1998 17 view .LVU1112
1998:Middlewares/Third_Party/FreeRTOS/Source/queue.c ****                 {
 3389              		.loc 1 1998 21 is_stmt 0 view .LVU1113
 3390 0108 FFF7FEFF 		bl	xTaskResumeAll
 3391              	.LVL411:
1998:Middlewares/Third_Party/FreeRTOS/Source/queue.c ****                 {
 3392              		.loc 1 1998 19 discriminator 1 view .LVU1114
 3393 010c 0028     		cmp	r0, #0
 3394 010e CAD1     		bne	.L297
2000:Middlewares/Third_Party/FreeRTOS/Source/queue.c ****                 }
 3395              		.loc 1 2000 21 is_stmt 1 view .LVU1115
 3396 0110 FFF7FEFF 		bl	vPortYield
 3397              	.LVL412:
 3398 0114 C7E7     		b	.L297
 3399              	.L313:
2027:Middlewares/Third_Party/FreeRTOS/Source/queue.c ****             }
 3400              		.loc 1 2027 24 is_stmt 0 view .LVU1116
 3401 0116 0020     		movs	r0, #0
 3402 0118 99E7     		b	.L290
 3403              		.cfi_endproc
ARM GAS  /tmp/ccmofomj.s 			page 126


 3404              	.LFE19:
 3406              		.section	.text.xQueueReceiveFromISR,"ax",%progbits
 3407              		.align	1
 3408              		.global	xQueueReceiveFromISR
 3409              		.syntax unified
 3410              		.thumb
 3411              		.thumb_func
 3413              	xQueueReceiveFromISR:
 3414              	.LVL413:
 3415              	.LFB20:
2041:Middlewares/Third_Party/FreeRTOS/Source/queue.c ****     BaseType_t xReturn;
 3416              		.loc 1 2041 1 is_stmt 1 view -0
 3417              		.cfi_startproc
 3418              		@ args = 0, pretend = 0, frame = 0
 3419              		@ frame_needed = 0, uses_anonymous_args = 0
2041:Middlewares/Third_Party/FreeRTOS/Source/queue.c ****     BaseType_t xReturn;
 3420              		.loc 1 2041 1 is_stmt 0 view .LVU1118
 3421 0000 2DE9F843 		push	{r3, r4, r5, r6, r7, r8, r9, lr}
 3422              	.LCFI47:
 3423              		.cfi_def_cfa_offset 32
 3424              		.cfi_offset 3, -32
 3425              		.cfi_offset 4, -28
 3426              		.cfi_offset 5, -24
 3427              		.cfi_offset 6, -20
 3428              		.cfi_offset 7, -16
 3429              		.cfi_offset 8, -12
 3430              		.cfi_offset 9, -8
 3431              		.cfi_offset 14, -4
2042:Middlewares/Third_Party/FreeRTOS/Source/queue.c ****     UBaseType_t uxSavedInterruptStatus;
 3432              		.loc 1 2042 5 is_stmt 1 view .LVU1119
2043:Middlewares/Third_Party/FreeRTOS/Source/queue.c ****     Queue_t * const pxQueue = xQueue;
 3433              		.loc 1 2043 5 view .LVU1120
2044:Middlewares/Third_Party/FreeRTOS/Source/queue.c **** 
 3434              		.loc 1 2044 5 view .LVU1121
 3435              	.LVL414:
2046:Middlewares/Third_Party/FreeRTOS/Source/queue.c **** 
 3436              		.loc 1 2046 83 view .LVU1122
2048:Middlewares/Third_Party/FreeRTOS/Source/queue.c ****     configASSERT( !( ( pvBuffer == NULL ) && ( pxQueue->uxItemSize != ( UBaseType_t ) 0U ) ) );
 3437              		.loc 1 2048 5 view .LVU1123
 3438 0004 D8B1     		cbz	r0, .L334
 3439 0006 0C46     		mov	r4, r1
 3440 0008 9046     		mov	r8, r2
 3441 000a 0546     		mov	r5, r0
2048:Middlewares/Third_Party/FreeRTOS/Source/queue.c ****     configASSERT( !( ( pvBuffer == NULL ) && ( pxQueue->uxItemSize != ( UBaseType_t ) 0U ) ) );
 3442              		.loc 1 2048 28 discriminator 2 view .LVU1124
2049:Middlewares/Third_Party/FreeRTOS/Source/queue.c **** 
 3443              		.loc 1 2049 5 view .LVU1125
 3444 000c D1B1     		cbz	r1, .L335
 3445              	.L322:
2049:Middlewares/Third_Party/FreeRTOS/Source/queue.c **** 
 3446              		.loc 1 2049 95 discriminator 8 view .LVU1126
2065:Middlewares/Third_Party/FreeRTOS/Source/queue.c **** 
 3447              		.loc 1 2065 5 view .LVU1127
 3448 000e FFF7FEFF 		bl	vPortValidateInterruptPriority
 3449              	.LVL415:
2070:Middlewares/Third_Party/FreeRTOS/Source/queue.c ****     {
 3450              		.loc 1 2070 5 view .LVU1128
ARM GAS  /tmp/ccmofomj.s 			page 127


2070:Middlewares/Third_Party/FreeRTOS/Source/queue.c ****     {
 3451              		.loc 1 2070 46 is_stmt 0 view .LVU1129
 3452 0012 FFF7FEFF 		bl	ulSetInterruptMask
 3453              	.LVL416:
 3454 0016 0646     		mov	r6, r0
 3455              	.LVL417:
 3456              	.LBB26:
2072:Middlewares/Third_Party/FreeRTOS/Source/queue.c **** 
 3457              		.loc 1 2072 9 is_stmt 1 view .LVU1130
2072:Middlewares/Third_Party/FreeRTOS/Source/queue.c **** 
 3458              		.loc 1 2072 27 is_stmt 0 view .LVU1131
 3459 0018 AF6B     		ldr	r7, [r5, #56]
 3460              	.LVL418:
2075:Middlewares/Third_Party/FreeRTOS/Source/queue.c ****         {
 3461              		.loc 1 2075 9 is_stmt 1 view .LVU1132
2075:Middlewares/Third_Party/FreeRTOS/Source/queue.c ****         {
 3462              		.loc 1 2075 11 is_stmt 0 view .LVU1133
 3463 001a B7B3     		cbz	r7, .L328
 3464              	.LBB27:
2077:Middlewares/Third_Party/FreeRTOS/Source/queue.c **** 
 3465              		.loc 1 2077 13 is_stmt 1 view .LVU1134
2077:Middlewares/Third_Party/FreeRTOS/Source/queue.c **** 
 3466              		.loc 1 2077 26 is_stmt 0 view .LVU1135
 3467 001c 95F84490 		ldrb	r9, [r5, #68]	@ zero_extendqisi2
 3468 0020 4FFA89F9 		sxtb	r9, r9
 3469              	.LVL419:
2079:Middlewares/Third_Party/FreeRTOS/Source/queue.c **** 
 3470              		.loc 1 2079 51 is_stmt 1 view .LVU1136
2081:Middlewares/Third_Party/FreeRTOS/Source/queue.c ****             pxQueue->uxMessagesWaiting = ( UBaseType_t ) ( uxMessagesWaiting - ( UBaseType_t ) 1 );
 3471              		.loc 1 2081 13 view .LVU1137
 3472 0024 2146     		mov	r1, r4
 3473 0026 2846     		mov	r0, r5
 3474              	.LVL420:
2081:Middlewares/Third_Party/FreeRTOS/Source/queue.c ****             pxQueue->uxMessagesWaiting = ( UBaseType_t ) ( uxMessagesWaiting - ( UBaseType_t ) 1 );
 3475              		.loc 1 2081 13 is_stmt 0 view .LVU1138
 3476 0028 FFF7FEFF 		bl	prvCopyDataFromQueue
 3477              	.LVL421:
2082:Middlewares/Third_Party/FreeRTOS/Source/queue.c **** 
 3478              		.loc 1 2082 13 is_stmt 1 view .LVU1139
2082:Middlewares/Third_Party/FreeRTOS/Source/queue.c **** 
 3479              		.loc 1 2082 42 is_stmt 0 view .LVU1140
 3480 002c 013F     		subs	r7, r7, #1
 3481              	.LVL422:
2082:Middlewares/Third_Party/FreeRTOS/Source/queue.c **** 
 3482              		.loc 1 2082 40 view .LVU1141
 3483 002e AF63     		str	r7, [r5, #56]
2088:Middlewares/Third_Party/FreeRTOS/Source/queue.c ****             {
 3484              		.loc 1 2088 13 is_stmt 1 view .LVU1142
2088:Middlewares/Third_Party/FreeRTOS/Source/queue.c ****             {
 3485              		.loc 1 2088 15 is_stmt 0 view .LVU1143
 3486 0030 B9F1FF3F 		cmp	r9, #-1
 3487 0034 18D1     		bne	.L325
2090:Middlewares/Third_Party/FreeRTOS/Source/queue.c ****                 {
 3488              		.loc 1 2090 17 is_stmt 1 view .LVU1144
2090:Middlewares/Third_Party/FreeRTOS/Source/queue.c ****                 {
 3489              		.loc 1 2090 21 is_stmt 0 view .LVU1145
 3490 0036 2B69     		ldr	r3, [r5, #16]
ARM GAS  /tmp/ccmofomj.s 			page 128


2090:Middlewares/Third_Party/FreeRTOS/Source/queue.c ****                 {
 3491              		.loc 1 2090 19 view .LVU1146
 3492 0038 53B9     		cbnz	r3, .L336
2122:Middlewares/Third_Party/FreeRTOS/Source/queue.c ****         }
 3493              		.loc 1 2122 21 view .LVU1147
 3494 003a 0124     		movs	r4, #1
 3495              	.LVL423:
2122:Middlewares/Third_Party/FreeRTOS/Source/queue.c ****         }
 3496              		.loc 1 2122 21 view .LVU1148
 3497 003c 26E0     		b	.L324
 3498              	.LVL424:
 3499              	.L334:
2122:Middlewares/Third_Party/FreeRTOS/Source/queue.c ****         }
 3500              		.loc 1 2122 21 view .LVU1149
 3501              	.LBE27:
 3502              	.LBE26:
2048:Middlewares/Third_Party/FreeRTOS/Source/queue.c ****     configASSERT( !( ( pvBuffer == NULL ) && ( pxQueue->uxItemSize != ( UBaseType_t ) 0U ) ) );
 3503              		.loc 1 2048 5 is_stmt 1 discriminator 1 view .LVU1150
 3504 003e FFF7FEFF 		bl	ulSetInterruptMask
 3505              	.LVL425:
 3506              	.L321:
2048:Middlewares/Third_Party/FreeRTOS/Source/queue.c ****     configASSERT( !( ( pvBuffer == NULL ) && ( pxQueue->uxItemSize != ( UBaseType_t ) 0U ) ) );
 3507              		.loc 1 2048 5 discriminator 3 view .LVU1151
2048:Middlewares/Third_Party/FreeRTOS/Source/queue.c ****     configASSERT( !( ( pvBuffer == NULL ) && ( pxQueue->uxItemSize != ( UBaseType_t ) 0U ) ) );
 3508              		.loc 1 2048 5 discriminator 3 view .LVU1152
 3509 0042 FEE7     		b	.L321
 3510              	.LVL426:
 3511              	.L335:
2049:Middlewares/Third_Party/FreeRTOS/Source/queue.c **** 
 3512              		.loc 1 2049 5 is_stmt 0 discriminator 2 view .LVU1153
 3513 0044 036C     		ldr	r3, [r0, #64]
 3514 0046 002B     		cmp	r3, #0
 3515 0048 E1D0     		beq	.L322
2049:Middlewares/Third_Party/FreeRTOS/Source/queue.c **** 
 3516              		.loc 1 2049 5 is_stmt 1 discriminator 7 view .LVU1154
 3517 004a FFF7FEFF 		bl	ulSetInterruptMask
 3518              	.LVL427:
 3519              	.L323:
2049:Middlewares/Third_Party/FreeRTOS/Source/queue.c **** 
 3520              		.loc 1 2049 5 discriminator 9 view .LVU1155
2049:Middlewares/Third_Party/FreeRTOS/Source/queue.c **** 
 3521              		.loc 1 2049 5 discriminator 9 view .LVU1156
 3522 004e FEE7     		b	.L323
 3523              	.LVL428:
 3524              	.L336:
 3525              	.LBB32:
 3526              	.LBB30:
2092:Middlewares/Third_Party/FreeRTOS/Source/queue.c ****                     {
 3527              		.loc 1 2092 21 view .LVU1157
2092:Middlewares/Third_Party/FreeRTOS/Source/queue.c ****                     {
 3528              		.loc 1 2092 25 is_stmt 0 view .LVU1158
 3529 0050 05F11000 		add	r0, r5, #16
 3530 0054 FFF7FEFF 		bl	xTaskRemoveFromEventList
 3531              	.LVL429:
2092:Middlewares/Third_Party/FreeRTOS/Source/queue.c ****                     {
 3532              		.loc 1 2092 23 discriminator 1 view .LVU1159
 3533 0058 F0B1     		cbz	r0, .L330
ARM GAS  /tmp/ccmofomj.s 			page 129


2096:Middlewares/Third_Party/FreeRTOS/Source/queue.c ****                         {
 3534              		.loc 1 2096 25 is_stmt 1 view .LVU1160
2096:Middlewares/Third_Party/FreeRTOS/Source/queue.c ****                         {
 3535              		.loc 1 2096 27 is_stmt 0 view .LVU1161
 3536 005a B8F1000F 		cmp	r8, #0
 3537 005e 1DD0     		beq	.L331
2098:Middlewares/Third_Party/FreeRTOS/Source/queue.c ****                         }
 3538              		.loc 1 2098 29 is_stmt 1 view .LVU1162
2098:Middlewares/Third_Party/FreeRTOS/Source/queue.c ****                         }
 3539              		.loc 1 2098 56 is_stmt 0 view .LVU1163
 3540 0060 0124     		movs	r4, #1
 3541              	.LVL430:
2098:Middlewares/Third_Party/FreeRTOS/Source/queue.c ****                         }
 3542              		.loc 1 2098 56 view .LVU1164
 3543 0062 C8F80040 		str	r4, [r8]
 3544 0066 11E0     		b	.L324
 3545              	.LVL431:
 3546              	.L325:
2119:Middlewares/Third_Party/FreeRTOS/Source/queue.c ****             }
 3547              		.loc 1 2119 17 is_stmt 1 view .LVU1165
 3548              	.LBB28:
2119:Middlewares/Third_Party/FreeRTOS/Source/queue.c ****             }
 3549              		.loc 1 2119 17 view .LVU1166
 3550 0068 FFF7FEFF 		bl	uxTaskGetNumberOfTasks
 3551              	.LVL432:
2119:Middlewares/Third_Party/FreeRTOS/Source/queue.c ****             }
 3552              		.loc 1 2119 17 discriminator 1 view .LVU1167
 3553 006c 8145     		cmp	r9, r0
 3554 006e 17D2     		bcs	.L332
2119:Middlewares/Third_Party/FreeRTOS/Source/queue.c ****             }
 3555              		.loc 1 2119 17 discriminator 1 view .LVU1168
 3556 0070 B9F17F0F 		cmp	r9, #127
 3557 0074 06D0     		beq	.L337
2119:Middlewares/Third_Party/FreeRTOS/Source/queue.c ****             }
 3558              		.loc 1 2119 17 discriminator 4 view .LVU1169
2119:Middlewares/Third_Party/FreeRTOS/Source/queue.c ****             }
 3559              		.loc 1 2119 17 discriminator 4 view .LVU1170
 3560 0076 09F10103 		add	r3, r9, #1
 3561 007a 5BB2     		sxtb	r3, r3
 3562 007c 85F84430 		strb	r3, [r5, #68]
 3563              	.LBE28:
2122:Middlewares/Third_Party/FreeRTOS/Source/queue.c ****         }
 3564              		.loc 1 2122 21 is_stmt 0 view .LVU1171
 3565 0080 0124     		movs	r4, #1
 3566              	.LVL433:
2122:Middlewares/Third_Party/FreeRTOS/Source/queue.c ****         }
 3567              		.loc 1 2122 21 view .LVU1172
 3568 0082 03E0     		b	.L324
 3569              	.LVL434:
 3570              	.L337:
 3571              	.LBB29:
2119:Middlewares/Third_Party/FreeRTOS/Source/queue.c ****             }
 3572              		.loc 1 2119 17 is_stmt 1 discriminator 3 view .LVU1173
 3573 0084 FFF7FEFF 		bl	ulSetInterruptMask
 3574              	.LVL435:
 3575              	.L327:
2119:Middlewares/Third_Party/FreeRTOS/Source/queue.c ****             }
ARM GAS  /tmp/ccmofomj.s 			page 130


 3576              		.loc 1 2119 17 discriminator 5 view .LVU1174
2119:Middlewares/Third_Party/FreeRTOS/Source/queue.c ****             }
 3577              		.loc 1 2119 17 discriminator 5 view .LVU1175
 3578 0088 FEE7     		b	.L327
 3579              	.LVL436:
 3580              	.L328:
2119:Middlewares/Third_Party/FreeRTOS/Source/queue.c ****             }
 3581              		.loc 1 2119 17 is_stmt 0 discriminator 5 view .LVU1176
 3582              	.LBE29:
 3583              	.LBE30:
2126:Middlewares/Third_Party/FreeRTOS/Source/queue.c ****             traceQUEUE_RECEIVE_FROM_ISR_FAILED( pxQueue );
 3584              		.loc 1 2126 21 view .LVU1177
 3585 008a 0024     		movs	r4, #0
 3586              	.LVL437:
 3587              	.L324:
2127:Middlewares/Third_Party/FreeRTOS/Source/queue.c ****         }
 3588              		.loc 1 2127 58 is_stmt 1 view .LVU1178
 3589              	.LBE32:
2130:Middlewares/Third_Party/FreeRTOS/Source/queue.c **** 
 3590              		.loc 1 2130 5 view .LVU1179
 3591 008c 3046     		mov	r0, r6
 3592 008e FFF7FEFF 		bl	vClearInterruptMask
 3593              	.LVL438:
2132:Middlewares/Third_Party/FreeRTOS/Source/queue.c **** 
 3594              		.loc 1 2132 48 view .LVU1180
2134:Middlewares/Third_Party/FreeRTOS/Source/queue.c **** }
 3595              		.loc 1 2134 5 view .LVU1181
2135:Middlewares/Third_Party/FreeRTOS/Source/queue.c **** /*-----------------------------------------------------------*/
 3596              		.loc 1 2135 1 is_stmt 0 view .LVU1182
 3597 0092 2046     		mov	r0, r4
 3598 0094 BDE8F883 		pop	{r3, r4, r5, r6, r7, r8, r9, pc}
 3599              	.LVL439:
 3600              	.L330:
 3601              	.LBB33:
 3602              	.LBB31:
2122:Middlewares/Third_Party/FreeRTOS/Source/queue.c ****         }
 3603              		.loc 1 2122 21 view .LVU1183
 3604 0098 0124     		movs	r4, #1
 3605              	.LVL440:
2122:Middlewares/Third_Party/FreeRTOS/Source/queue.c ****         }
 3606              		.loc 1 2122 21 view .LVU1184
 3607 009a F7E7     		b	.L324
 3608              	.LVL441:
 3609              	.L331:
2122:Middlewares/Third_Party/FreeRTOS/Source/queue.c ****         }
 3610              		.loc 1 2122 21 view .LVU1185
 3611 009c 0124     		movs	r4, #1
 3612              	.LVL442:
2122:Middlewares/Third_Party/FreeRTOS/Source/queue.c ****         }
 3613              		.loc 1 2122 21 view .LVU1186
 3614 009e F5E7     		b	.L324
 3615              	.LVL443:
 3616              	.L332:
2122:Middlewares/Third_Party/FreeRTOS/Source/queue.c ****         }
 3617              		.loc 1 2122 21 view .LVU1187
 3618 00a0 0124     		movs	r4, #1
 3619              	.LVL444:
ARM GAS  /tmp/ccmofomj.s 			page 131


2122:Middlewares/Third_Party/FreeRTOS/Source/queue.c ****         }
 3620              		.loc 1 2122 21 view .LVU1188
 3621 00a2 F3E7     		b	.L324
 3622              	.LBE31:
 3623              	.LBE33:
 3624              		.cfi_endproc
 3625              	.LFE20:
 3627              		.section	.text.xQueuePeekFromISR,"ax",%progbits
 3628              		.align	1
 3629              		.global	xQueuePeekFromISR
 3630              		.syntax unified
 3631              		.thumb
 3632              		.thumb_func
 3634              	xQueuePeekFromISR:
 3635              	.LVL445:
 3636              	.LFB21:
2140:Middlewares/Third_Party/FreeRTOS/Source/queue.c ****     BaseType_t xReturn;
 3637              		.loc 1 2140 1 is_stmt 1 view -0
 3638              		.cfi_startproc
 3639              		@ args = 0, pretend = 0, frame = 0
 3640              		@ frame_needed = 0, uses_anonymous_args = 0
2140:Middlewares/Third_Party/FreeRTOS/Source/queue.c ****     BaseType_t xReturn;
 3641              		.loc 1 2140 1 is_stmt 0 view .LVU1190
 3642 0000 F8B5     		push	{r3, r4, r5, r6, r7, lr}
 3643              	.LCFI48:
 3644              		.cfi_def_cfa_offset 24
 3645              		.cfi_offset 3, -24
 3646              		.cfi_offset 4, -20
 3647              		.cfi_offset 5, -16
 3648              		.cfi_offset 6, -12
 3649              		.cfi_offset 7, -8
 3650              		.cfi_offset 14, -4
2141:Middlewares/Third_Party/FreeRTOS/Source/queue.c ****     UBaseType_t uxSavedInterruptStatus;
 3651              		.loc 1 2141 5 is_stmt 1 view .LVU1191
2142:Middlewares/Third_Party/FreeRTOS/Source/queue.c ****     int8_t * pcOriginalReadPosition;
 3652              		.loc 1 2142 5 view .LVU1192
2143:Middlewares/Third_Party/FreeRTOS/Source/queue.c ****     Queue_t * const pxQueue = xQueue;
 3653              		.loc 1 2143 5 view .LVU1193
2144:Middlewares/Third_Party/FreeRTOS/Source/queue.c **** 
 3654              		.loc 1 2144 5 view .LVU1194
 3655              	.LVL446:
2146:Middlewares/Third_Party/FreeRTOS/Source/queue.c **** 
 3656              		.loc 1 2146 53 view .LVU1195
2148:Middlewares/Third_Party/FreeRTOS/Source/queue.c ****     configASSERT( !( ( pvBuffer == NULL ) && ( pxQueue->uxItemSize != ( UBaseType_t ) 0U ) ) );
 3657              		.loc 1 2148 5 view .LVU1196
 3658 0002 38B1     		cbz	r0, .L348
 3659 0004 0D46     		mov	r5, r1
 3660 0006 0446     		mov	r4, r0
2148:Middlewares/Third_Party/FreeRTOS/Source/queue.c ****     configASSERT( !( ( pvBuffer == NULL ) && ( pxQueue->uxItemSize != ( UBaseType_t ) 0U ) ) );
 3661              		.loc 1 2148 28 discriminator 2 view .LVU1197
2149:Middlewares/Third_Party/FreeRTOS/Source/queue.c ****     configASSERT( pxQueue->uxItemSize != 0 ); /* Can't peek a semaphore. */
 3662              		.loc 1 2149 5 view .LVU1198
 3663 0008 39B1     		cbz	r1, .L349
 3664              	.L341:
2149:Middlewares/Third_Party/FreeRTOS/Source/queue.c ****     configASSERT( pxQueue->uxItemSize != 0 ); /* Can't peek a semaphore. */
 3665              		.loc 1 2149 95 discriminator 8 view .LVU1199
2150:Middlewares/Third_Party/FreeRTOS/Source/queue.c **** 
ARM GAS  /tmp/ccmofomj.s 			page 132


 3666              		.loc 1 2150 5 view .LVU1200
 3667 000a 236C     		ldr	r3, [r4, #64]
 3668 000c 5BB9     		cbnz	r3, .L343
2150:Middlewares/Third_Party/FreeRTOS/Source/queue.c **** 
 3669              		.loc 1 2150 5 discriminator 1 view .LVU1201
 3670 000e FFF7FEFF 		bl	ulSetInterruptMask
 3671              	.LVL447:
 3672              	.L344:
2150:Middlewares/Third_Party/FreeRTOS/Source/queue.c **** 
 3673              		.loc 1 2150 5 discriminator 3 view .LVU1202
2150:Middlewares/Third_Party/FreeRTOS/Source/queue.c **** 
 3674              		.loc 1 2150 5 discriminator 3 view .LVU1203
 3675 0012 FEE7     		b	.L344
 3676              	.LVL448:
 3677              	.L348:
2148:Middlewares/Third_Party/FreeRTOS/Source/queue.c ****     configASSERT( !( ( pvBuffer == NULL ) && ( pxQueue->uxItemSize != ( UBaseType_t ) 0U ) ) );
 3678              		.loc 1 2148 5 discriminator 1 view .LVU1204
 3679 0014 FFF7FEFF 		bl	ulSetInterruptMask
 3680              	.LVL449:
 3681              	.L340:
2148:Middlewares/Third_Party/FreeRTOS/Source/queue.c ****     configASSERT( !( ( pvBuffer == NULL ) && ( pxQueue->uxItemSize != ( UBaseType_t ) 0U ) ) );
 3682              		.loc 1 2148 5 discriminator 3 view .LVU1205
2148:Middlewares/Third_Party/FreeRTOS/Source/queue.c ****     configASSERT( !( ( pvBuffer == NULL ) && ( pxQueue->uxItemSize != ( UBaseType_t ) 0U ) ) );
 3683              		.loc 1 2148 5 discriminator 3 view .LVU1206
 3684 0018 FEE7     		b	.L340
 3685              	.LVL450:
 3686              	.L349:
2149:Middlewares/Third_Party/FreeRTOS/Source/queue.c ****     configASSERT( pxQueue->uxItemSize != 0 ); /* Can't peek a semaphore. */
 3687              		.loc 1 2149 5 is_stmt 0 discriminator 2 view .LVU1207
 3688 001a 036C     		ldr	r3, [r0, #64]
 3689 001c 002B     		cmp	r3, #0
 3690 001e F4D0     		beq	.L341
2149:Middlewares/Third_Party/FreeRTOS/Source/queue.c ****     configASSERT( pxQueue->uxItemSize != 0 ); /* Can't peek a semaphore. */
 3691              		.loc 1 2149 5 is_stmt 1 discriminator 7 view .LVU1208
 3692 0020 FFF7FEFF 		bl	ulSetInterruptMask
 3693              	.LVL451:
 3694              	.L342:
2149:Middlewares/Third_Party/FreeRTOS/Source/queue.c ****     configASSERT( pxQueue->uxItemSize != 0 ); /* Can't peek a semaphore. */
 3695              		.loc 1 2149 5 discriminator 9 view .LVU1209
2149:Middlewares/Third_Party/FreeRTOS/Source/queue.c ****     configASSERT( pxQueue->uxItemSize != 0 ); /* Can't peek a semaphore. */
 3696              		.loc 1 2149 5 discriminator 9 view .LVU1210
 3697 0024 FEE7     		b	.L342
 3698              	.LVL452:
 3699              	.L343:
2150:Middlewares/Third_Party/FreeRTOS/Source/queue.c **** 
 3700              		.loc 1 2150 45 discriminator 2 view .LVU1211
2166:Middlewares/Third_Party/FreeRTOS/Source/queue.c **** 
 3701              		.loc 1 2166 5 view .LVU1212
 3702 0026 FFF7FEFF 		bl	vPortValidateInterruptPriority
 3703              	.LVL453:
2171:Middlewares/Third_Party/FreeRTOS/Source/queue.c ****     {
 3704              		.loc 1 2171 5 view .LVU1213
2171:Middlewares/Third_Party/FreeRTOS/Source/queue.c ****     {
 3705              		.loc 1 2171 46 is_stmt 0 view .LVU1214
 3706 002a FFF7FEFF 		bl	ulSetInterruptMask
 3707              	.LVL454:
 3708 002e 0646     		mov	r6, r0
ARM GAS  /tmp/ccmofomj.s 			page 133


 3709              	.LVL455:
2174:Middlewares/Third_Party/FreeRTOS/Source/queue.c ****         {
 3710              		.loc 1 2174 9 is_stmt 1 view .LVU1215
2174:Middlewares/Third_Party/FreeRTOS/Source/queue.c ****         {
 3711              		.loc 1 2174 20 is_stmt 0 view .LVU1216
 3712 0030 A36B     		ldr	r3, [r4, #56]
2174:Middlewares/Third_Party/FreeRTOS/Source/queue.c ****         {
 3713              		.loc 1 2174 11 view .LVU1217
 3714 0032 2BB9     		cbnz	r3, .L350
2188:Middlewares/Third_Party/FreeRTOS/Source/queue.c ****             traceQUEUE_PEEK_FROM_ISR_FAILED( pxQueue );
 3715              		.loc 1 2188 21 view .LVU1218
 3716 0034 0024     		movs	r4, #0
 3717              	.LVL456:
 3718              	.L345:
2189:Middlewares/Third_Party/FreeRTOS/Source/queue.c ****         }
 3719              		.loc 1 2189 55 is_stmt 1 view .LVU1219
2192:Middlewares/Third_Party/FreeRTOS/Source/queue.c **** 
 3720              		.loc 1 2192 5 view .LVU1220
 3721 0036 3046     		mov	r0, r6
 3722 0038 FFF7FEFF 		bl	vClearInterruptMask
 3723              	.LVL457:
2194:Middlewares/Third_Party/FreeRTOS/Source/queue.c **** 
 3724              		.loc 1 2194 45 view .LVU1221
2196:Middlewares/Third_Party/FreeRTOS/Source/queue.c **** }
 3725              		.loc 1 2196 5 view .LVU1222
2197:Middlewares/Third_Party/FreeRTOS/Source/queue.c **** /*-----------------------------------------------------------*/
 3726              		.loc 1 2197 1 is_stmt 0 view .LVU1223
 3727 003c 2046     		mov	r0, r4
 3728 003e F8BD     		pop	{r3, r4, r5, r6, r7, pc}
 3729              	.LVL458:
 3730              	.L350:
2176:Middlewares/Third_Party/FreeRTOS/Source/queue.c **** 
 3731              		.loc 1 2176 48 is_stmt 1 view .LVU1224
2180:Middlewares/Third_Party/FreeRTOS/Source/queue.c ****             prvCopyDataFromQueue( pxQueue, pvBuffer );
 3732              		.loc 1 2180 13 view .LVU1225
2180:Middlewares/Third_Party/FreeRTOS/Source/queue.c ****             prvCopyDataFromQueue( pxQueue, pvBuffer );
 3733              		.loc 1 2180 36 is_stmt 0 view .LVU1226
 3734 0040 E768     		ldr	r7, [r4, #12]
 3735              	.LVL459:
2181:Middlewares/Third_Party/FreeRTOS/Source/queue.c ****             pxQueue->u.xQueue.pcReadFrom = pcOriginalReadPosition;
 3736              		.loc 1 2181 13 is_stmt 1 view .LVU1227
 3737 0042 2946     		mov	r1, r5
 3738 0044 2046     		mov	r0, r4
 3739              	.LVL460:
2181:Middlewares/Third_Party/FreeRTOS/Source/queue.c ****             pxQueue->u.xQueue.pcReadFrom = pcOriginalReadPosition;
 3740              		.loc 1 2181 13 is_stmt 0 view .LVU1228
 3741 0046 FFF7FEFF 		bl	prvCopyDataFromQueue
 3742              	.LVL461:
2182:Middlewares/Third_Party/FreeRTOS/Source/queue.c **** 
 3743              		.loc 1 2182 13 is_stmt 1 view .LVU1229
2182:Middlewares/Third_Party/FreeRTOS/Source/queue.c **** 
 3744              		.loc 1 2182 42 is_stmt 0 view .LVU1230
 3745 004a E760     		str	r7, [r4, #12]
2184:Middlewares/Third_Party/FreeRTOS/Source/queue.c ****         }
 3746              		.loc 1 2184 13 is_stmt 1 view .LVU1231
 3747              	.LVL462:
2184:Middlewares/Third_Party/FreeRTOS/Source/queue.c ****         }
ARM GAS  /tmp/ccmofomj.s 			page 134


 3748              		.loc 1 2184 21 is_stmt 0 view .LVU1232
 3749 004c 0124     		movs	r4, #1
 3750              	.LVL463:
2184:Middlewares/Third_Party/FreeRTOS/Source/queue.c ****         }
 3751              		.loc 1 2184 21 view .LVU1233
 3752 004e F2E7     		b	.L345
 3753              		.cfi_endproc
 3754              	.LFE21:
 3756              		.section	.text.uxQueueMessagesWaiting,"ax",%progbits
 3757              		.align	1
 3758              		.global	uxQueueMessagesWaiting
 3759              		.syntax unified
 3760              		.thumb
 3761              		.thumb_func
 3763              	uxQueueMessagesWaiting:
 3764              	.LVL464:
 3765              	.LFB22:
2201:Middlewares/Third_Party/FreeRTOS/Source/queue.c ****     UBaseType_t uxReturn;
 3766              		.loc 1 2201 1 is_stmt 1 view -0
 3767              		.cfi_startproc
 3768              		@ args = 0, pretend = 0, frame = 0
 3769              		@ frame_needed = 0, uses_anonymous_args = 0
2201:Middlewares/Third_Party/FreeRTOS/Source/queue.c ****     UBaseType_t uxReturn;
 3770              		.loc 1 2201 1 is_stmt 0 view .LVU1235
 3771 0000 10B5     		push	{r4, lr}
 3772              	.LCFI49:
 3773              		.cfi_def_cfa_offset 8
 3774              		.cfi_offset 4, -8
 3775              		.cfi_offset 14, -4
2202:Middlewares/Third_Party/FreeRTOS/Source/queue.c **** 
 3776              		.loc 1 2202 5 is_stmt 1 view .LVU1236
2204:Middlewares/Third_Party/FreeRTOS/Source/queue.c **** 
 3777              		.loc 1 2204 48 view .LVU1237
2206:Middlewares/Third_Party/FreeRTOS/Source/queue.c **** 
 3778              		.loc 1 2206 5 view .LVU1238
 3779 0002 38B1     		cbz	r0, .L355
 3780 0004 0446     		mov	r4, r0
2206:Middlewares/Third_Party/FreeRTOS/Source/queue.c **** 
 3781              		.loc 1 2206 27 discriminator 2 view .LVU1239
2208:Middlewares/Third_Party/FreeRTOS/Source/queue.c ****     {
 3782              		.loc 1 2208 5 view .LVU1240
 3783 0006 FFF7FEFF 		bl	vPortEnterCritical
 3784              	.LVL465:
2210:Middlewares/Third_Party/FreeRTOS/Source/queue.c ****     }
 3785              		.loc 1 2210 9 view .LVU1241
2210:Middlewares/Third_Party/FreeRTOS/Source/queue.c ****     }
 3786              		.loc 1 2210 18 is_stmt 0 view .LVU1242
 3787 000a A46B     		ldr	r4, [r4, #56]
 3788              	.LVL466:
2212:Middlewares/Third_Party/FreeRTOS/Source/queue.c **** 
 3789              		.loc 1 2212 5 is_stmt 1 view .LVU1243
 3790 000c FFF7FEFF 		bl	vPortExitCritical
 3791              	.LVL467:
2214:Middlewares/Third_Party/FreeRTOS/Source/queue.c **** 
 3792              		.loc 1 2214 51 view .LVU1244
2216:Middlewares/Third_Party/FreeRTOS/Source/queue.c **** }
 3793              		.loc 1 2216 5 view .LVU1245
ARM GAS  /tmp/ccmofomj.s 			page 135


2217:Middlewares/Third_Party/FreeRTOS/Source/queue.c **** /*-----------------------------------------------------------*/
 3794              		.loc 1 2217 1 is_stmt 0 view .LVU1246
 3795 0010 2046     		mov	r0, r4
 3796 0012 10BD     		pop	{r4, pc}
 3797              	.LVL468:
 3798              	.L355:
2206:Middlewares/Third_Party/FreeRTOS/Source/queue.c **** 
 3799              		.loc 1 2206 5 is_stmt 1 discriminator 1 view .LVU1247
 3800 0014 FFF7FEFF 		bl	ulSetInterruptMask
 3801              	.LVL469:
 3802              	.L353:
2206:Middlewares/Third_Party/FreeRTOS/Source/queue.c **** 
 3803              		.loc 1 2206 5 discriminator 3 view .LVU1248
2206:Middlewares/Third_Party/FreeRTOS/Source/queue.c **** 
 3804              		.loc 1 2206 5 discriminator 3 view .LVU1249
 3805 0018 FEE7     		b	.L353
 3806              		.cfi_endproc
 3807              	.LFE22:
 3809              		.section	.text.uxQueueSpacesAvailable,"ax",%progbits
 3810              		.align	1
 3811              		.global	uxQueueSpacesAvailable
 3812              		.syntax unified
 3813              		.thumb
 3814              		.thumb_func
 3816              	uxQueueSpacesAvailable:
 3817              	.LVL470:
 3818              	.LFB23:
2221:Middlewares/Third_Party/FreeRTOS/Source/queue.c ****     UBaseType_t uxReturn;
 3819              		.loc 1 2221 1 view -0
 3820              		.cfi_startproc
 3821              		@ args = 0, pretend = 0, frame = 0
 3822              		@ frame_needed = 0, uses_anonymous_args = 0
2221:Middlewares/Third_Party/FreeRTOS/Source/queue.c ****     UBaseType_t uxReturn;
 3823              		.loc 1 2221 1 is_stmt 0 view .LVU1251
 3824 0000 38B5     		push	{r3, r4, r5, lr}
 3825              	.LCFI50:
 3826              		.cfi_def_cfa_offset 16
 3827              		.cfi_offset 3, -16
 3828              		.cfi_offset 4, -12
 3829              		.cfi_offset 5, -8
 3830              		.cfi_offset 14, -4
2222:Middlewares/Third_Party/FreeRTOS/Source/queue.c ****     Queue_t * const pxQueue = xQueue;
 3831              		.loc 1 2222 5 is_stmt 1 view .LVU1252
2223:Middlewares/Third_Party/FreeRTOS/Source/queue.c **** 
 3832              		.loc 1 2223 5 view .LVU1253
 3833              	.LVL471:
2225:Middlewares/Third_Party/FreeRTOS/Source/queue.c **** 
 3834              		.loc 1 2225 48 view .LVU1254
2227:Middlewares/Third_Party/FreeRTOS/Source/queue.c **** 
 3835              		.loc 1 2227 5 view .LVU1255
 3836 0002 48B1     		cbz	r0, .L360
 3837 0004 0546     		mov	r5, r0
2227:Middlewares/Third_Party/FreeRTOS/Source/queue.c **** 
 3838              		.loc 1 2227 28 discriminator 2 view .LVU1256
2229:Middlewares/Third_Party/FreeRTOS/Source/queue.c ****     {
 3839              		.loc 1 2229 5 view .LVU1257
 3840 0006 FFF7FEFF 		bl	vPortEnterCritical
ARM GAS  /tmp/ccmofomj.s 			page 136


 3841              	.LVL472:
2231:Middlewares/Third_Party/FreeRTOS/Source/queue.c ****     }
 3842              		.loc 1 2231 9 view .LVU1258
2231:Middlewares/Third_Party/FreeRTOS/Source/queue.c ****     }
 3843              		.loc 1 2231 45 is_stmt 0 view .LVU1259
 3844 000a EC6B     		ldr	r4, [r5, #60]
2231:Middlewares/Third_Party/FreeRTOS/Source/queue.c ****     }
 3845              		.loc 1 2231 65 view .LVU1260
 3846 000c AB6B     		ldr	r3, [r5, #56]
2231:Middlewares/Third_Party/FreeRTOS/Source/queue.c ****     }
 3847              		.loc 1 2231 18 view .LVU1261
 3848 000e E41A     		subs	r4, r4, r3
 3849              	.LVL473:
2233:Middlewares/Third_Party/FreeRTOS/Source/queue.c **** 
 3850              		.loc 1 2233 5 is_stmt 1 view .LVU1262
 3851 0010 FFF7FEFF 		bl	vPortExitCritical
 3852              	.LVL474:
2235:Middlewares/Third_Party/FreeRTOS/Source/queue.c **** 
 3853              		.loc 1 2235 51 view .LVU1263
2237:Middlewares/Third_Party/FreeRTOS/Source/queue.c **** }
 3854              		.loc 1 2237 5 view .LVU1264
2238:Middlewares/Third_Party/FreeRTOS/Source/queue.c **** /*-----------------------------------------------------------*/
 3855              		.loc 1 2238 1 is_stmt 0 view .LVU1265
 3856 0014 2046     		mov	r0, r4
 3857 0016 38BD     		pop	{r3, r4, r5, pc}
 3858              	.LVL475:
 3859              	.L360:
2227:Middlewares/Third_Party/FreeRTOS/Source/queue.c **** 
 3860              		.loc 1 2227 5 is_stmt 1 discriminator 1 view .LVU1266
 3861 0018 FFF7FEFF 		bl	ulSetInterruptMask
 3862              	.LVL476:
 3863              	.L358:
2227:Middlewares/Third_Party/FreeRTOS/Source/queue.c **** 
 3864              		.loc 1 2227 5 discriminator 3 view .LVU1267
2227:Middlewares/Third_Party/FreeRTOS/Source/queue.c **** 
 3865              		.loc 1 2227 5 discriminator 3 view .LVU1268
 3866 001c FEE7     		b	.L358
 3867              		.cfi_endproc
 3868              	.LFE23:
 3870              		.section	.text.uxQueueMessagesWaitingFromISR,"ax",%progbits
 3871              		.align	1
 3872              		.global	uxQueueMessagesWaitingFromISR
 3873              		.syntax unified
 3874              		.thumb
 3875              		.thumb_func
 3877              	uxQueueMessagesWaitingFromISR:
 3878              	.LVL477:
 3879              	.LFB24:
2242:Middlewares/Third_Party/FreeRTOS/Source/queue.c ****     UBaseType_t uxReturn;
 3880              		.loc 1 2242 1 view -0
 3881              		.cfi_startproc
 3882              		@ args = 0, pretend = 0, frame = 0
 3883              		@ frame_needed = 0, uses_anonymous_args = 0
2242:Middlewares/Third_Party/FreeRTOS/Source/queue.c ****     UBaseType_t uxReturn;
 3884              		.loc 1 2242 1 is_stmt 0 view .LVU1270
 3885 0000 08B5     		push	{r3, lr}
 3886              	.LCFI51:
ARM GAS  /tmp/ccmofomj.s 			page 137


 3887              		.cfi_def_cfa_offset 8
 3888              		.cfi_offset 3, -8
 3889              		.cfi_offset 14, -4
2243:Middlewares/Third_Party/FreeRTOS/Source/queue.c ****     Queue_t * const pxQueue = xQueue;
 3890              		.loc 1 2243 5 is_stmt 1 view .LVU1271
2244:Middlewares/Third_Party/FreeRTOS/Source/queue.c **** 
 3891              		.loc 1 2244 5 view .LVU1272
 3892              	.LVL478:
2246:Middlewares/Third_Party/FreeRTOS/Source/queue.c **** 
 3893              		.loc 1 2246 55 view .LVU1273
2248:Middlewares/Third_Party/FreeRTOS/Source/queue.c ****     uxReturn = pxQueue->uxMessagesWaiting;
 3894              		.loc 1 2248 5 view .LVU1274
 3895 0002 08B1     		cbz	r0, .L365
2248:Middlewares/Third_Party/FreeRTOS/Source/queue.c ****     uxReturn = pxQueue->uxMessagesWaiting;
 3896              		.loc 1 2248 28 discriminator 2 view .LVU1275
2249:Middlewares/Third_Party/FreeRTOS/Source/queue.c **** 
 3897              		.loc 1 2249 5 view .LVU1276
2249:Middlewares/Third_Party/FreeRTOS/Source/queue.c **** 
 3898              		.loc 1 2249 14 is_stmt 0 view .LVU1277
 3899 0004 806B     		ldr	r0, [r0, #56]
 3900              	.LVL479:
2251:Middlewares/Third_Party/FreeRTOS/Source/queue.c **** 
 3901              		.loc 1 2251 58 is_stmt 1 view .LVU1278
2253:Middlewares/Third_Party/FreeRTOS/Source/queue.c **** }
 3902              		.loc 1 2253 5 view .LVU1279
2254:Middlewares/Third_Party/FreeRTOS/Source/queue.c **** /*-----------------------------------------------------------*/
 3903              		.loc 1 2254 1 is_stmt 0 view .LVU1280
 3904 0006 08BD     		pop	{r3, pc}
 3905              	.LVL480:
 3906              	.L365:
2248:Middlewares/Third_Party/FreeRTOS/Source/queue.c ****     uxReturn = pxQueue->uxMessagesWaiting;
 3907              		.loc 1 2248 5 is_stmt 1 discriminator 1 view .LVU1281
 3908 0008 FFF7FEFF 		bl	ulSetInterruptMask
 3909              	.LVL481:
 3910              	.L363:
2248:Middlewares/Third_Party/FreeRTOS/Source/queue.c ****     uxReturn = pxQueue->uxMessagesWaiting;
 3911              		.loc 1 2248 5 discriminator 3 view .LVU1282
2248:Middlewares/Third_Party/FreeRTOS/Source/queue.c ****     uxReturn = pxQueue->uxMessagesWaiting;
 3912              		.loc 1 2248 5 discriminator 3 view .LVU1283
 3913 000c FEE7     		b	.L363
 3914              		.cfi_endproc
 3915              	.LFE24:
 3917              		.section	.text.uxQueueGetQueueNumber,"ax",%progbits
 3918              		.align	1
 3919              		.global	uxQueueGetQueueNumber
 3920              		.syntax unified
 3921              		.thumb
 3922              		.thumb_func
 3924              	uxQueueGetQueueNumber:
 3925              	.LVL482:
 3926              	.LFB26:
2306:Middlewares/Third_Party/FreeRTOS/Source/queue.c ****         traceENTER_uxQueueGetQueueNumber( xQueue );
 3927              		.loc 1 2306 5 view -0
 3928              		.cfi_startproc
 3929              		@ args = 0, pretend = 0, frame = 0
 3930              		@ frame_needed = 0, uses_anonymous_args = 0
 3931              		@ link register save eliminated.
ARM GAS  /tmp/ccmofomj.s 			page 138


2307:Middlewares/Third_Party/FreeRTOS/Source/queue.c **** 
 3932              		.loc 1 2307 51 view .LVU1285
2309:Middlewares/Third_Party/FreeRTOS/Source/queue.c **** 
 3933              		.loc 1 2309 85 view .LVU1286
2311:Middlewares/Third_Party/FreeRTOS/Source/queue.c ****     }
 3934              		.loc 1 2311 9 view .LVU1287
2312:Middlewares/Third_Party/FreeRTOS/Source/queue.c **** 
 3935              		.loc 1 2312 5 is_stmt 0 view .LVU1288
 3936 0000 806C     		ldr	r0, [r0, #72]
 3937              	.LVL483:
2312:Middlewares/Third_Party/FreeRTOS/Source/queue.c **** 
 3938              		.loc 1 2312 5 view .LVU1289
 3939 0002 7047     		bx	lr
 3940              		.cfi_endproc
 3941              	.LFE26:
 3943              		.section	.text.vQueueSetQueueNumber,"ax",%progbits
 3944              		.align	1
 3945              		.global	vQueueSetQueueNumber
 3946              		.syntax unified
 3947              		.thumb
 3948              		.thumb_func
 3950              	vQueueSetQueueNumber:
 3951              	.LVL484:
 3952              	.LFB27:
2321:Middlewares/Third_Party/FreeRTOS/Source/queue.c ****         traceENTER_vQueueSetQueueNumber( xQueue, uxQueueNumber );
 3953              		.loc 1 2321 5 is_stmt 1 view -0
 3954              		.cfi_startproc
 3955              		@ args = 0, pretend = 0, frame = 0
 3956              		@ frame_needed = 0, uses_anonymous_args = 0
 3957              		@ link register save eliminated.
2322:Middlewares/Third_Party/FreeRTOS/Source/queue.c **** 
 3958              		.loc 1 2322 65 view .LVU1291
2324:Middlewares/Third_Party/FreeRTOS/Source/queue.c **** 
 3959              		.loc 1 2324 9 view .LVU1292
2324:Middlewares/Third_Party/FreeRTOS/Source/queue.c **** 
 3960              		.loc 1 2324 49 is_stmt 0 view .LVU1293
 3961 0000 8164     		str	r1, [r0, #72]
2326:Middlewares/Third_Party/FreeRTOS/Source/queue.c ****     }
 3962              		.loc 1 2326 43 is_stmt 1 view .LVU1294
2327:Middlewares/Third_Party/FreeRTOS/Source/queue.c **** 
 3963              		.loc 1 2327 5 is_stmt 0 view .LVU1295
 3964 0002 7047     		bx	lr
 3965              		.cfi_endproc
 3966              	.LFE27:
 3968              		.section	.text.ucQueueGetQueueType,"ax",%progbits
 3969              		.align	1
 3970              		.global	ucQueueGetQueueType
 3971              		.syntax unified
 3972              		.thumb
 3973              		.thumb_func
 3975              	ucQueueGetQueueType:
 3976              	.LVL485:
 3977              	.LFB28:
2335:Middlewares/Third_Party/FreeRTOS/Source/queue.c ****         traceENTER_ucQueueGetQueueType( xQueue );
 3978              		.loc 1 2335 5 is_stmt 1 view -0
 3979              		.cfi_startproc
 3980              		@ args = 0, pretend = 0, frame = 0
ARM GAS  /tmp/ccmofomj.s 			page 139


 3981              		@ frame_needed = 0, uses_anonymous_args = 0
 3982              		@ link register save eliminated.
2336:Middlewares/Third_Party/FreeRTOS/Source/queue.c **** 
 3983              		.loc 1 2336 49 view .LVU1297
2338:Middlewares/Third_Party/FreeRTOS/Source/queue.c **** 
 3984              		.loc 1 2338 81 view .LVU1298
2340:Middlewares/Third_Party/FreeRTOS/Source/queue.c ****     }
 3985              		.loc 1 2340 9 view .LVU1299
2341:Middlewares/Third_Party/FreeRTOS/Source/queue.c **** 
 3986              		.loc 1 2341 5 is_stmt 0 view .LVU1300
 3987 0000 90F84C00 		ldrb	r0, [r0, #76]	@ zero_extendqisi2
 3988              	.LVL486:
2341:Middlewares/Third_Party/FreeRTOS/Source/queue.c **** 
 3989              		.loc 1 2341 5 view .LVU1301
 3990 0004 7047     		bx	lr
 3991              		.cfi_endproc
 3992              	.LFE28:
 3994              		.section	.text.uxQueueGetQueueItemSize,"ax",%progbits
 3995              		.align	1
 3996              		.global	uxQueueGetQueueItemSize
 3997              		.syntax unified
 3998              		.thumb
 3999              		.thumb_func
 4001              	uxQueueGetQueueItemSize:
 4002              	.LVL487:
 4003              	.LFB29:
2347:Middlewares/Third_Party/FreeRTOS/Source/queue.c ****     traceENTER_uxQueueGetQueueItemSize( xQueue );
 4004              		.loc 1 2347 1 is_stmt 1 view -0
 4005              		.cfi_startproc
 4006              		@ args = 0, pretend = 0, frame = 0
 4007              		@ frame_needed = 0, uses_anonymous_args = 0
 4008              		@ link register save eliminated.
2348:Middlewares/Third_Party/FreeRTOS/Source/queue.c **** 
 4009              		.loc 1 2348 49 view .LVU1303
2350:Middlewares/Third_Party/FreeRTOS/Source/queue.c **** 
 4010              		.loc 1 2350 80 view .LVU1304
2352:Middlewares/Third_Party/FreeRTOS/Source/queue.c **** }
 4011              		.loc 1 2352 5 view .LVU1305
2353:Middlewares/Third_Party/FreeRTOS/Source/queue.c **** /*-----------------------------------------------------------*/
 4012              		.loc 1 2353 1 is_stmt 0 view .LVU1306
 4013 0000 006C     		ldr	r0, [r0, #64]
 4014              	.LVL488:
2353:Middlewares/Third_Party/FreeRTOS/Source/queue.c **** /*-----------------------------------------------------------*/
 4015              		.loc 1 2353 1 view .LVU1307
 4016 0002 7047     		bx	lr
 4017              		.cfi_endproc
 4018              	.LFE29:
 4020              		.section	.text.uxQueueGetQueueLength,"ax",%progbits
 4021              		.align	1
 4022              		.global	uxQueueGetQueueLength
 4023              		.syntax unified
 4024              		.thumb
 4025              		.thumb_func
 4027              	uxQueueGetQueueLength:
 4028              	.LVL489:
 4029              	.LFB30:
2357:Middlewares/Third_Party/FreeRTOS/Source/queue.c ****     traceENTER_uxQueueGetQueueLength( xQueue );
ARM GAS  /tmp/ccmofomj.s 			page 140


 4030              		.loc 1 2357 1 is_stmt 1 view -0
 4031              		.cfi_startproc
 4032              		@ args = 0, pretend = 0, frame = 0
 4033              		@ frame_needed = 0, uses_anonymous_args = 0
 4034              		@ link register save eliminated.
2358:Middlewares/Third_Party/FreeRTOS/Source/queue.c **** 
 4035              		.loc 1 2358 47 view .LVU1309
2360:Middlewares/Third_Party/FreeRTOS/Source/queue.c **** 
 4036              		.loc 1 2360 76 view .LVU1310
2362:Middlewares/Third_Party/FreeRTOS/Source/queue.c **** }
 4037              		.loc 1 2362 5 view .LVU1311
2363:Middlewares/Third_Party/FreeRTOS/Source/queue.c **** /*-----------------------------------------------------------*/
 4038              		.loc 1 2363 1 is_stmt 0 view .LVU1312
 4039 0000 C06B     		ldr	r0, [r0, #60]
 4040              	.LVL490:
2363:Middlewares/Third_Party/FreeRTOS/Source/queue.c **** /*-----------------------------------------------------------*/
 4041              		.loc 1 2363 1 view .LVU1313
 4042 0002 7047     		bx	lr
 4043              		.cfi_endproc
 4044              	.LFE30:
 4046              		.section	.text.xQueueIsQueueEmptyFromISR,"ax",%progbits
 4047              		.align	1
 4048              		.global	xQueueIsQueueEmptyFromISR
 4049              		.syntax unified
 4050              		.thumb
 4051              		.thumb_func
 4053              	xQueueIsQueueEmptyFromISR:
 4054              	.LVL491:
 4055              	.LFB36:
2639:Middlewares/Third_Party/FreeRTOS/Source/queue.c ****     BaseType_t xReturn;
 4056              		.loc 1 2639 1 is_stmt 1 view -0
 4057              		.cfi_startproc
 4058              		@ args = 0, pretend = 0, frame = 0
 4059              		@ frame_needed = 0, uses_anonymous_args = 0
2639:Middlewares/Third_Party/FreeRTOS/Source/queue.c ****     BaseType_t xReturn;
 4060              		.loc 1 2639 1 is_stmt 0 view .LVU1315
 4061 0000 08B5     		push	{r3, lr}
 4062              	.LCFI52:
 4063              		.cfi_def_cfa_offset 8
 4064              		.cfi_offset 3, -8
 4065              		.cfi_offset 14, -4
2640:Middlewares/Third_Party/FreeRTOS/Source/queue.c ****     Queue_t * const pxQueue = xQueue;
 4066              		.loc 1 2640 5 is_stmt 1 view .LVU1316
2641:Middlewares/Third_Party/FreeRTOS/Source/queue.c **** 
 4067              		.loc 1 2641 5 view .LVU1317
 4068              	.LVL492:
2643:Middlewares/Third_Party/FreeRTOS/Source/queue.c **** 
 4069              		.loc 1 2643 51 view .LVU1318
2645:Middlewares/Third_Party/FreeRTOS/Source/queue.c **** 
 4070              		.loc 1 2645 5 view .LVU1319
 4071 0002 18B1     		cbz	r0, .L377
2645:Middlewares/Third_Party/FreeRTOS/Source/queue.c **** 
 4072              		.loc 1 2645 28 discriminator 2 view .LVU1320
2647:Middlewares/Third_Party/FreeRTOS/Source/queue.c ****     {
 4073              		.loc 1 2647 5 view .LVU1321
2647:Middlewares/Third_Party/FreeRTOS/Source/queue.c ****     {
 4074              		.loc 1 2647 16 is_stmt 0 view .LVU1322
ARM GAS  /tmp/ccmofomj.s 			page 141


 4075 0004 836B     		ldr	r3, [r0, #56]
2647:Middlewares/Third_Party/FreeRTOS/Source/queue.c ****     {
 4076              		.loc 1 2647 7 view .LVU1323
 4077 0006 23B9     		cbnz	r3, .L375
2649:Middlewares/Third_Party/FreeRTOS/Source/queue.c ****     }
 4078              		.loc 1 2649 17 view .LVU1324
 4079 0008 0120     		movs	r0, #1
 4080              	.LVL493:
 4081              	.L371:
2659:Middlewares/Third_Party/FreeRTOS/Source/queue.c **** /*-----------------------------------------------------------*/
 4082              		.loc 1 2659 1 view .LVU1325
 4083 000a 08BD     		pop	{r3, pc}
 4084              	.LVL494:
 4085              	.L377:
2645:Middlewares/Third_Party/FreeRTOS/Source/queue.c **** 
 4086              		.loc 1 2645 5 is_stmt 1 discriminator 1 view .LVU1326
 4087 000c FFF7FEFF 		bl	ulSetInterruptMask
 4088              	.LVL495:
 4089              	.L373:
2645:Middlewares/Third_Party/FreeRTOS/Source/queue.c **** 
 4090              		.loc 1 2645 5 discriminator 3 view .LVU1327
2645:Middlewares/Third_Party/FreeRTOS/Source/queue.c **** 
 4091              		.loc 1 2645 5 discriminator 3 view .LVU1328
 4092 0010 FEE7     		b	.L373
 4093              	.LVL496:
 4094              	.L375:
2653:Middlewares/Third_Party/FreeRTOS/Source/queue.c ****     }
 4095              		.loc 1 2653 17 is_stmt 0 view .LVU1329
 4096 0012 0020     		movs	r0, #0
 4097              	.LVL497:
2656:Middlewares/Third_Party/FreeRTOS/Source/queue.c **** 
 4098              		.loc 1 2656 53 is_stmt 1 view .LVU1330
2658:Middlewares/Third_Party/FreeRTOS/Source/queue.c **** }
 4099              		.loc 1 2658 5 view .LVU1331
2658:Middlewares/Third_Party/FreeRTOS/Source/queue.c **** }
 4100              		.loc 1 2658 12 is_stmt 0 view .LVU1332
 4101 0014 F9E7     		b	.L371
 4102              		.cfi_endproc
 4103              	.LFE36:
 4105              		.section	.text.xQueueIsQueueFullFromISR,"ax",%progbits
 4106              		.align	1
 4107              		.global	xQueueIsQueueFullFromISR
 4108              		.syntax unified
 4109              		.thumb
 4110              		.thumb_func
 4112              	xQueueIsQueueFullFromISR:
 4113              	.LVL498:
 4114              	.LFB38:
2681:Middlewares/Third_Party/FreeRTOS/Source/queue.c **** /*-----------------------------------------------------------*/
2682:Middlewares/Third_Party/FreeRTOS/Source/queue.c **** 
2683:Middlewares/Third_Party/FreeRTOS/Source/queue.c **** BaseType_t xQueueIsQueueFullFromISR( const QueueHandle_t xQueue )
2684:Middlewares/Third_Party/FreeRTOS/Source/queue.c **** {
 4115              		.loc 1 2684 1 is_stmt 1 view -0
 4116              		.cfi_startproc
 4117              		@ args = 0, pretend = 0, frame = 0
 4118              		@ frame_needed = 0, uses_anonymous_args = 0
 4119              		.loc 1 2684 1 is_stmt 0 view .LVU1334
ARM GAS  /tmp/ccmofomj.s 			page 142


 4120 0000 08B5     		push	{r3, lr}
 4121              	.LCFI53:
 4122              		.cfi_def_cfa_offset 8
 4123              		.cfi_offset 3, -8
 4124              		.cfi_offset 14, -4
2685:Middlewares/Third_Party/FreeRTOS/Source/queue.c ****     BaseType_t xReturn;
 4125              		.loc 1 2685 5 is_stmt 1 view .LVU1335
2686:Middlewares/Third_Party/FreeRTOS/Source/queue.c ****     Queue_t * const pxQueue = xQueue;
 4126              		.loc 1 2686 5 view .LVU1336
 4127              	.LVL499:
2687:Middlewares/Third_Party/FreeRTOS/Source/queue.c **** 
2688:Middlewares/Third_Party/FreeRTOS/Source/queue.c ****     traceENTER_xQueueIsQueueFullFromISR( xQueue );
 4128              		.loc 1 2688 50 view .LVU1337
2689:Middlewares/Third_Party/FreeRTOS/Source/queue.c **** 
2690:Middlewares/Third_Party/FreeRTOS/Source/queue.c ****     configASSERT( pxQueue );
 4129              		.loc 1 2690 5 view .LVU1338
 4130 0002 28B1     		cbz	r0, .L384
 4131              		.loc 1 2690 28 discriminator 2 view .LVU1339
2691:Middlewares/Third_Party/FreeRTOS/Source/queue.c **** 
2692:Middlewares/Third_Party/FreeRTOS/Source/queue.c ****     if( pxQueue->uxMessagesWaiting == pxQueue->uxLength )
 4132              		.loc 1 2692 5 view .LVU1340
 4133              		.loc 1 2692 16 is_stmt 0 view .LVU1341
 4134 0004 826B     		ldr	r2, [r0, #56]
 4135              		.loc 1 2692 46 view .LVU1342
 4136 0006 C36B     		ldr	r3, [r0, #60]
 4137              		.loc 1 2692 7 view .LVU1343
 4138 0008 9A42     		cmp	r2, r3
 4139 000a 04D0     		beq	.L385
2693:Middlewares/Third_Party/FreeRTOS/Source/queue.c ****     {
2694:Middlewares/Third_Party/FreeRTOS/Source/queue.c ****         xReturn = pdTRUE;
2695:Middlewares/Third_Party/FreeRTOS/Source/queue.c ****     }
2696:Middlewares/Third_Party/FreeRTOS/Source/queue.c ****     else
2697:Middlewares/Third_Party/FreeRTOS/Source/queue.c ****     {
2698:Middlewares/Third_Party/FreeRTOS/Source/queue.c ****         xReturn = pdFALSE;
 4140              		.loc 1 2698 17 view .LVU1344
 4141 000c 0020     		movs	r0, #0
 4142              	.LVL500:
2699:Middlewares/Third_Party/FreeRTOS/Source/queue.c ****     }
2700:Middlewares/Third_Party/FreeRTOS/Source/queue.c **** 
2701:Middlewares/Third_Party/FreeRTOS/Source/queue.c ****     traceRETURN_xQueueIsQueueFullFromISR( xReturn );
 4143              		.loc 1 2701 52 is_stmt 1 view .LVU1345
2702:Middlewares/Third_Party/FreeRTOS/Source/queue.c **** 
2703:Middlewares/Third_Party/FreeRTOS/Source/queue.c ****     return xReturn;
 4144              		.loc 1 2703 5 view .LVU1346
 4145              	.L378:
2704:Middlewares/Third_Party/FreeRTOS/Source/queue.c **** }
 4146              		.loc 1 2704 1 is_stmt 0 view .LVU1347
 4147 000e 08BD     		pop	{r3, pc}
 4148              	.LVL501:
 4149              	.L384:
2690:Middlewares/Third_Party/FreeRTOS/Source/queue.c **** 
 4150              		.loc 1 2690 5 is_stmt 1 discriminator 1 view .LVU1348
 4151 0010 FFF7FEFF 		bl	ulSetInterruptMask
 4152              	.LVL502:
 4153              	.L380:
2690:Middlewares/Third_Party/FreeRTOS/Source/queue.c **** 
 4154              		.loc 1 2690 5 discriminator 3 view .LVU1349
ARM GAS  /tmp/ccmofomj.s 			page 143


2690:Middlewares/Third_Party/FreeRTOS/Source/queue.c **** 
 4155              		.loc 1 2690 5 discriminator 3 view .LVU1350
 4156 0014 FEE7     		b	.L380
 4157              	.LVL503:
 4158              	.L385:
2694:Middlewares/Third_Party/FreeRTOS/Source/queue.c ****     }
 4159              		.loc 1 2694 17 is_stmt 0 view .LVU1351
 4160 0016 0120     		movs	r0, #1
 4161              	.LVL504:
2694:Middlewares/Third_Party/FreeRTOS/Source/queue.c ****     }
 4162              		.loc 1 2694 17 view .LVU1352
 4163 0018 F9E7     		b	.L378
 4164              		.cfi_endproc
 4165              	.LFE38:
 4167              		.section	.text.vQueueAddToRegistry,"ax",%progbits
 4168              		.align	1
 4169              		.global	vQueueAddToRegistry
 4170              		.syntax unified
 4171              		.thumb
 4172              		.thumb_func
 4174              	vQueueAddToRegistry:
 4175              	.LVL505:
 4176              	.LFB39:
2705:Middlewares/Third_Party/FreeRTOS/Source/queue.c **** /*-----------------------------------------------------------*/
2706:Middlewares/Third_Party/FreeRTOS/Source/queue.c **** 
2707:Middlewares/Third_Party/FreeRTOS/Source/queue.c **** #if ( configUSE_CO_ROUTINES == 1 )
2708:Middlewares/Third_Party/FreeRTOS/Source/queue.c **** 
2709:Middlewares/Third_Party/FreeRTOS/Source/queue.c ****     BaseType_t xQueueCRSend( QueueHandle_t xQueue,
2710:Middlewares/Third_Party/FreeRTOS/Source/queue.c ****                              const void * pvItemToQueue,
2711:Middlewares/Third_Party/FreeRTOS/Source/queue.c ****                              TickType_t xTicksToWait )
2712:Middlewares/Third_Party/FreeRTOS/Source/queue.c ****     {
2713:Middlewares/Third_Party/FreeRTOS/Source/queue.c ****         BaseType_t xReturn;
2714:Middlewares/Third_Party/FreeRTOS/Source/queue.c ****         Queue_t * const pxQueue = xQueue;
2715:Middlewares/Third_Party/FreeRTOS/Source/queue.c **** 
2716:Middlewares/Third_Party/FreeRTOS/Source/queue.c ****         traceENTER_xQueueCRSend( xQueue, pvItemToQueue, xTicksToWait );
2717:Middlewares/Third_Party/FreeRTOS/Source/queue.c **** 
2718:Middlewares/Third_Party/FreeRTOS/Source/queue.c ****         /* If the queue is already full we may have to block.  A critical section
2719:Middlewares/Third_Party/FreeRTOS/Source/queue.c ****          * is required to prevent an interrupt removing something from the queue
2720:Middlewares/Third_Party/FreeRTOS/Source/queue.c ****          * between the check to see if the queue is full and blocking on the queue. */
2721:Middlewares/Third_Party/FreeRTOS/Source/queue.c ****         portDISABLE_INTERRUPTS();
2722:Middlewares/Third_Party/FreeRTOS/Source/queue.c ****         {
2723:Middlewares/Third_Party/FreeRTOS/Source/queue.c ****             if( prvIsQueueFull( pxQueue ) != pdFALSE )
2724:Middlewares/Third_Party/FreeRTOS/Source/queue.c ****             {
2725:Middlewares/Third_Party/FreeRTOS/Source/queue.c ****                 /* The queue is full - do we want to block or just leave without
2726:Middlewares/Third_Party/FreeRTOS/Source/queue.c ****                  * posting? */
2727:Middlewares/Third_Party/FreeRTOS/Source/queue.c ****                 if( xTicksToWait > ( TickType_t ) 0 )
2728:Middlewares/Third_Party/FreeRTOS/Source/queue.c ****                 {
2729:Middlewares/Third_Party/FreeRTOS/Source/queue.c ****                     /* As this is called from a coroutine we cannot block directly, but
2730:Middlewares/Third_Party/FreeRTOS/Source/queue.c ****                      * return indicating that we need to block. */
2731:Middlewares/Third_Party/FreeRTOS/Source/queue.c ****                     vCoRoutineAddToDelayedList( xTicksToWait, &( pxQueue->xTasksWaitingToSend ) );
2732:Middlewares/Third_Party/FreeRTOS/Source/queue.c ****                     portENABLE_INTERRUPTS();
2733:Middlewares/Third_Party/FreeRTOS/Source/queue.c ****                     return errQUEUE_BLOCKED;
2734:Middlewares/Third_Party/FreeRTOS/Source/queue.c ****                 }
2735:Middlewares/Third_Party/FreeRTOS/Source/queue.c ****                 else
2736:Middlewares/Third_Party/FreeRTOS/Source/queue.c ****                 {
2737:Middlewares/Third_Party/FreeRTOS/Source/queue.c ****                     portENABLE_INTERRUPTS();
2738:Middlewares/Third_Party/FreeRTOS/Source/queue.c ****                     return errQUEUE_FULL;
ARM GAS  /tmp/ccmofomj.s 			page 144


2739:Middlewares/Third_Party/FreeRTOS/Source/queue.c ****                 }
2740:Middlewares/Third_Party/FreeRTOS/Source/queue.c ****             }
2741:Middlewares/Third_Party/FreeRTOS/Source/queue.c ****         }
2742:Middlewares/Third_Party/FreeRTOS/Source/queue.c ****         portENABLE_INTERRUPTS();
2743:Middlewares/Third_Party/FreeRTOS/Source/queue.c **** 
2744:Middlewares/Third_Party/FreeRTOS/Source/queue.c ****         portDISABLE_INTERRUPTS();
2745:Middlewares/Third_Party/FreeRTOS/Source/queue.c ****         {
2746:Middlewares/Third_Party/FreeRTOS/Source/queue.c ****             if( pxQueue->uxMessagesWaiting < pxQueue->uxLength )
2747:Middlewares/Third_Party/FreeRTOS/Source/queue.c ****             {
2748:Middlewares/Third_Party/FreeRTOS/Source/queue.c ****                 /* There is room in the queue, copy the data into the queue. */
2749:Middlewares/Third_Party/FreeRTOS/Source/queue.c ****                 prvCopyDataToQueue( pxQueue, pvItemToQueue, queueSEND_TO_BACK );
2750:Middlewares/Third_Party/FreeRTOS/Source/queue.c ****                 xReturn = pdPASS;
2751:Middlewares/Third_Party/FreeRTOS/Source/queue.c **** 
2752:Middlewares/Third_Party/FreeRTOS/Source/queue.c ****                 /* Were any co-routines waiting for data to become available? */
2753:Middlewares/Third_Party/FreeRTOS/Source/queue.c ****                 if( listLIST_IS_EMPTY( &( pxQueue->xTasksWaitingToReceive ) ) == pdFALSE )
2754:Middlewares/Third_Party/FreeRTOS/Source/queue.c ****                 {
2755:Middlewares/Third_Party/FreeRTOS/Source/queue.c ****                     /* In this instance the co-routine could be placed directly
2756:Middlewares/Third_Party/FreeRTOS/Source/queue.c ****                      * into the ready list as we are within a critical section.
2757:Middlewares/Third_Party/FreeRTOS/Source/queue.c ****                      * Instead the same pending ready list mechanism is used as if
2758:Middlewares/Third_Party/FreeRTOS/Source/queue.c ****                      * the event were caused from within an interrupt. */
2759:Middlewares/Third_Party/FreeRTOS/Source/queue.c ****                     if( xCoRoutineRemoveFromEventList( &( pxQueue->xTasksWaitingToReceive ) ) != pd
2760:Middlewares/Third_Party/FreeRTOS/Source/queue.c ****                     {
2761:Middlewares/Third_Party/FreeRTOS/Source/queue.c ****                         /* The co-routine waiting has a higher priority so record
2762:Middlewares/Third_Party/FreeRTOS/Source/queue.c ****                          * that a yield might be appropriate. */
2763:Middlewares/Third_Party/FreeRTOS/Source/queue.c ****                         xReturn = errQUEUE_YIELD;
2764:Middlewares/Third_Party/FreeRTOS/Source/queue.c ****                     }
2765:Middlewares/Third_Party/FreeRTOS/Source/queue.c ****                     else
2766:Middlewares/Third_Party/FreeRTOS/Source/queue.c ****                     {
2767:Middlewares/Third_Party/FreeRTOS/Source/queue.c ****                         mtCOVERAGE_TEST_MARKER();
2768:Middlewares/Third_Party/FreeRTOS/Source/queue.c ****                     }
2769:Middlewares/Third_Party/FreeRTOS/Source/queue.c ****                 }
2770:Middlewares/Third_Party/FreeRTOS/Source/queue.c ****                 else
2771:Middlewares/Third_Party/FreeRTOS/Source/queue.c ****                 {
2772:Middlewares/Third_Party/FreeRTOS/Source/queue.c ****                     mtCOVERAGE_TEST_MARKER();
2773:Middlewares/Third_Party/FreeRTOS/Source/queue.c ****                 }
2774:Middlewares/Third_Party/FreeRTOS/Source/queue.c ****             }
2775:Middlewares/Third_Party/FreeRTOS/Source/queue.c ****             else
2776:Middlewares/Third_Party/FreeRTOS/Source/queue.c ****             {
2777:Middlewares/Third_Party/FreeRTOS/Source/queue.c ****                 xReturn = errQUEUE_FULL;
2778:Middlewares/Third_Party/FreeRTOS/Source/queue.c ****             }
2779:Middlewares/Third_Party/FreeRTOS/Source/queue.c ****         }
2780:Middlewares/Third_Party/FreeRTOS/Source/queue.c ****         portENABLE_INTERRUPTS();
2781:Middlewares/Third_Party/FreeRTOS/Source/queue.c **** 
2782:Middlewares/Third_Party/FreeRTOS/Source/queue.c ****         traceRETURN_xQueueCRSend( xReturn );
2783:Middlewares/Third_Party/FreeRTOS/Source/queue.c **** 
2784:Middlewares/Third_Party/FreeRTOS/Source/queue.c ****         return xReturn;
2785:Middlewares/Third_Party/FreeRTOS/Source/queue.c ****     }
2786:Middlewares/Third_Party/FreeRTOS/Source/queue.c **** 
2787:Middlewares/Third_Party/FreeRTOS/Source/queue.c **** #endif /* configUSE_CO_ROUTINES */
2788:Middlewares/Third_Party/FreeRTOS/Source/queue.c **** /*-----------------------------------------------------------*/
2789:Middlewares/Third_Party/FreeRTOS/Source/queue.c **** 
2790:Middlewares/Third_Party/FreeRTOS/Source/queue.c **** #if ( configUSE_CO_ROUTINES == 1 )
2791:Middlewares/Third_Party/FreeRTOS/Source/queue.c **** 
2792:Middlewares/Third_Party/FreeRTOS/Source/queue.c ****     BaseType_t xQueueCRReceive( QueueHandle_t xQueue,
2793:Middlewares/Third_Party/FreeRTOS/Source/queue.c ****                                 void * pvBuffer,
2794:Middlewares/Third_Party/FreeRTOS/Source/queue.c ****                                 TickType_t xTicksToWait )
2795:Middlewares/Third_Party/FreeRTOS/Source/queue.c ****     {
ARM GAS  /tmp/ccmofomj.s 			page 145


2796:Middlewares/Third_Party/FreeRTOS/Source/queue.c ****         BaseType_t xReturn;
2797:Middlewares/Third_Party/FreeRTOS/Source/queue.c ****         Queue_t * const pxQueue = xQueue;
2798:Middlewares/Third_Party/FreeRTOS/Source/queue.c **** 
2799:Middlewares/Third_Party/FreeRTOS/Source/queue.c ****         traceENTER_xQueueCRReceive( xQueue, pvBuffer, xTicksToWait );
2800:Middlewares/Third_Party/FreeRTOS/Source/queue.c **** 
2801:Middlewares/Third_Party/FreeRTOS/Source/queue.c ****         /* If the queue is already empty we may have to block.  A critical section
2802:Middlewares/Third_Party/FreeRTOS/Source/queue.c ****          * is required to prevent an interrupt adding something to the queue
2803:Middlewares/Third_Party/FreeRTOS/Source/queue.c ****          * between the check to see if the queue is empty and blocking on the queue. */
2804:Middlewares/Third_Party/FreeRTOS/Source/queue.c ****         portDISABLE_INTERRUPTS();
2805:Middlewares/Third_Party/FreeRTOS/Source/queue.c ****         {
2806:Middlewares/Third_Party/FreeRTOS/Source/queue.c ****             if( pxQueue->uxMessagesWaiting == ( UBaseType_t ) 0 )
2807:Middlewares/Third_Party/FreeRTOS/Source/queue.c ****             {
2808:Middlewares/Third_Party/FreeRTOS/Source/queue.c ****                 /* There are no messages in the queue, do we want to block or just
2809:Middlewares/Third_Party/FreeRTOS/Source/queue.c ****                  * leave with nothing? */
2810:Middlewares/Third_Party/FreeRTOS/Source/queue.c ****                 if( xTicksToWait > ( TickType_t ) 0 )
2811:Middlewares/Third_Party/FreeRTOS/Source/queue.c ****                 {
2812:Middlewares/Third_Party/FreeRTOS/Source/queue.c ****                     /* As this is a co-routine we cannot block directly, but return
2813:Middlewares/Third_Party/FreeRTOS/Source/queue.c ****                      * indicating that we need to block. */
2814:Middlewares/Third_Party/FreeRTOS/Source/queue.c ****                     vCoRoutineAddToDelayedList( xTicksToWait, &( pxQueue->xTasksWaitingToReceive ) 
2815:Middlewares/Third_Party/FreeRTOS/Source/queue.c ****                     portENABLE_INTERRUPTS();
2816:Middlewares/Third_Party/FreeRTOS/Source/queue.c ****                     return errQUEUE_BLOCKED;
2817:Middlewares/Third_Party/FreeRTOS/Source/queue.c ****                 }
2818:Middlewares/Third_Party/FreeRTOS/Source/queue.c ****                 else
2819:Middlewares/Third_Party/FreeRTOS/Source/queue.c ****                 {
2820:Middlewares/Third_Party/FreeRTOS/Source/queue.c ****                     portENABLE_INTERRUPTS();
2821:Middlewares/Third_Party/FreeRTOS/Source/queue.c ****                     return errQUEUE_FULL;
2822:Middlewares/Third_Party/FreeRTOS/Source/queue.c ****                 }
2823:Middlewares/Third_Party/FreeRTOS/Source/queue.c ****             }
2824:Middlewares/Third_Party/FreeRTOS/Source/queue.c ****             else
2825:Middlewares/Third_Party/FreeRTOS/Source/queue.c ****             {
2826:Middlewares/Third_Party/FreeRTOS/Source/queue.c ****                 mtCOVERAGE_TEST_MARKER();
2827:Middlewares/Third_Party/FreeRTOS/Source/queue.c ****             }
2828:Middlewares/Third_Party/FreeRTOS/Source/queue.c ****         }
2829:Middlewares/Third_Party/FreeRTOS/Source/queue.c ****         portENABLE_INTERRUPTS();
2830:Middlewares/Third_Party/FreeRTOS/Source/queue.c **** 
2831:Middlewares/Third_Party/FreeRTOS/Source/queue.c ****         portDISABLE_INTERRUPTS();
2832:Middlewares/Third_Party/FreeRTOS/Source/queue.c ****         {
2833:Middlewares/Third_Party/FreeRTOS/Source/queue.c ****             if( pxQueue->uxMessagesWaiting > ( UBaseType_t ) 0 )
2834:Middlewares/Third_Party/FreeRTOS/Source/queue.c ****             {
2835:Middlewares/Third_Party/FreeRTOS/Source/queue.c ****                 /* Data is available from the queue. */
2836:Middlewares/Third_Party/FreeRTOS/Source/queue.c ****                 pxQueue->u.xQueue.pcReadFrom += pxQueue->uxItemSize;
2837:Middlewares/Third_Party/FreeRTOS/Source/queue.c **** 
2838:Middlewares/Third_Party/FreeRTOS/Source/queue.c ****                 if( pxQueue->u.xQueue.pcReadFrom >= pxQueue->u.xQueue.pcTail )
2839:Middlewares/Third_Party/FreeRTOS/Source/queue.c ****                 {
2840:Middlewares/Third_Party/FreeRTOS/Source/queue.c ****                     pxQueue->u.xQueue.pcReadFrom = pxQueue->pcHead;
2841:Middlewares/Third_Party/FreeRTOS/Source/queue.c ****                 }
2842:Middlewares/Third_Party/FreeRTOS/Source/queue.c ****                 else
2843:Middlewares/Third_Party/FreeRTOS/Source/queue.c ****                 {
2844:Middlewares/Third_Party/FreeRTOS/Source/queue.c ****                     mtCOVERAGE_TEST_MARKER();
2845:Middlewares/Third_Party/FreeRTOS/Source/queue.c ****                 }
2846:Middlewares/Third_Party/FreeRTOS/Source/queue.c **** 
2847:Middlewares/Third_Party/FreeRTOS/Source/queue.c ****                 --( pxQueue->uxMessagesWaiting );
2848:Middlewares/Third_Party/FreeRTOS/Source/queue.c ****                 ( void ) memcpy( ( void * ) pvBuffer, ( void * ) pxQueue->u.xQueue.pcReadFrom, ( un
2849:Middlewares/Third_Party/FreeRTOS/Source/queue.c **** 
2850:Middlewares/Third_Party/FreeRTOS/Source/queue.c ****                 xReturn = pdPASS;
2851:Middlewares/Third_Party/FreeRTOS/Source/queue.c **** 
2852:Middlewares/Third_Party/FreeRTOS/Source/queue.c ****                 /* Were any co-routines waiting for space to become available? */
ARM GAS  /tmp/ccmofomj.s 			page 146


2853:Middlewares/Third_Party/FreeRTOS/Source/queue.c ****                 if( listLIST_IS_EMPTY( &( pxQueue->xTasksWaitingToSend ) ) == pdFALSE )
2854:Middlewares/Third_Party/FreeRTOS/Source/queue.c ****                 {
2855:Middlewares/Third_Party/FreeRTOS/Source/queue.c ****                     /* In this instance the co-routine could be placed directly
2856:Middlewares/Third_Party/FreeRTOS/Source/queue.c ****                      * into the ready list as we are within a critical section.
2857:Middlewares/Third_Party/FreeRTOS/Source/queue.c ****                      * Instead the same pending ready list mechanism is used as if
2858:Middlewares/Third_Party/FreeRTOS/Source/queue.c ****                      * the event were caused from within an interrupt. */
2859:Middlewares/Third_Party/FreeRTOS/Source/queue.c ****                     if( xCoRoutineRemoveFromEventList( &( pxQueue->xTasksWaitingToSend ) ) != pdFAL
2860:Middlewares/Third_Party/FreeRTOS/Source/queue.c ****                     {
2861:Middlewares/Third_Party/FreeRTOS/Source/queue.c ****                         xReturn = errQUEUE_YIELD;
2862:Middlewares/Third_Party/FreeRTOS/Source/queue.c ****                     }
2863:Middlewares/Third_Party/FreeRTOS/Source/queue.c ****                     else
2864:Middlewares/Third_Party/FreeRTOS/Source/queue.c ****                     {
2865:Middlewares/Third_Party/FreeRTOS/Source/queue.c ****                         mtCOVERAGE_TEST_MARKER();
2866:Middlewares/Third_Party/FreeRTOS/Source/queue.c ****                     }
2867:Middlewares/Third_Party/FreeRTOS/Source/queue.c ****                 }
2868:Middlewares/Third_Party/FreeRTOS/Source/queue.c ****                 else
2869:Middlewares/Third_Party/FreeRTOS/Source/queue.c ****                 {
2870:Middlewares/Third_Party/FreeRTOS/Source/queue.c ****                     mtCOVERAGE_TEST_MARKER();
2871:Middlewares/Third_Party/FreeRTOS/Source/queue.c ****                 }
2872:Middlewares/Third_Party/FreeRTOS/Source/queue.c ****             }
2873:Middlewares/Third_Party/FreeRTOS/Source/queue.c ****             else
2874:Middlewares/Third_Party/FreeRTOS/Source/queue.c ****             {
2875:Middlewares/Third_Party/FreeRTOS/Source/queue.c ****                 xReturn = pdFAIL;
2876:Middlewares/Third_Party/FreeRTOS/Source/queue.c ****             }
2877:Middlewares/Third_Party/FreeRTOS/Source/queue.c ****         }
2878:Middlewares/Third_Party/FreeRTOS/Source/queue.c ****         portENABLE_INTERRUPTS();
2879:Middlewares/Third_Party/FreeRTOS/Source/queue.c **** 
2880:Middlewares/Third_Party/FreeRTOS/Source/queue.c ****         traceRETURN_xQueueCRReceive( xReturn );
2881:Middlewares/Third_Party/FreeRTOS/Source/queue.c **** 
2882:Middlewares/Third_Party/FreeRTOS/Source/queue.c ****         return xReturn;
2883:Middlewares/Third_Party/FreeRTOS/Source/queue.c ****     }
2884:Middlewares/Third_Party/FreeRTOS/Source/queue.c **** 
2885:Middlewares/Third_Party/FreeRTOS/Source/queue.c **** #endif /* configUSE_CO_ROUTINES */
2886:Middlewares/Third_Party/FreeRTOS/Source/queue.c **** /*-----------------------------------------------------------*/
2887:Middlewares/Third_Party/FreeRTOS/Source/queue.c **** 
2888:Middlewares/Third_Party/FreeRTOS/Source/queue.c **** #if ( configUSE_CO_ROUTINES == 1 )
2889:Middlewares/Third_Party/FreeRTOS/Source/queue.c **** 
2890:Middlewares/Third_Party/FreeRTOS/Source/queue.c ****     BaseType_t xQueueCRSendFromISR( QueueHandle_t xQueue,
2891:Middlewares/Third_Party/FreeRTOS/Source/queue.c ****                                     const void * pvItemToQueue,
2892:Middlewares/Third_Party/FreeRTOS/Source/queue.c ****                                     BaseType_t xCoRoutinePreviouslyWoken )
2893:Middlewares/Third_Party/FreeRTOS/Source/queue.c ****     {
2894:Middlewares/Third_Party/FreeRTOS/Source/queue.c ****         Queue_t * const pxQueue = xQueue;
2895:Middlewares/Third_Party/FreeRTOS/Source/queue.c **** 
2896:Middlewares/Third_Party/FreeRTOS/Source/queue.c ****         traceENTER_xQueueCRSendFromISR( xQueue, pvItemToQueue, xCoRoutinePreviouslyWoken );
2897:Middlewares/Third_Party/FreeRTOS/Source/queue.c **** 
2898:Middlewares/Third_Party/FreeRTOS/Source/queue.c ****         /* Cannot block within an ISR so if there is no space on the queue then
2899:Middlewares/Third_Party/FreeRTOS/Source/queue.c ****          * exit without doing anything. */
2900:Middlewares/Third_Party/FreeRTOS/Source/queue.c ****         if( pxQueue->uxMessagesWaiting < pxQueue->uxLength )
2901:Middlewares/Third_Party/FreeRTOS/Source/queue.c ****         {
2902:Middlewares/Third_Party/FreeRTOS/Source/queue.c ****             prvCopyDataToQueue( pxQueue, pvItemToQueue, queueSEND_TO_BACK );
2903:Middlewares/Third_Party/FreeRTOS/Source/queue.c **** 
2904:Middlewares/Third_Party/FreeRTOS/Source/queue.c ****             /* We only want to wake one co-routine per ISR, so check that a
2905:Middlewares/Third_Party/FreeRTOS/Source/queue.c ****              * co-routine has not already been woken. */
2906:Middlewares/Third_Party/FreeRTOS/Source/queue.c ****             if( xCoRoutinePreviouslyWoken == pdFALSE )
2907:Middlewares/Third_Party/FreeRTOS/Source/queue.c ****             {
2908:Middlewares/Third_Party/FreeRTOS/Source/queue.c ****                 if( listLIST_IS_EMPTY( &( pxQueue->xTasksWaitingToReceive ) ) == pdFALSE )
2909:Middlewares/Third_Party/FreeRTOS/Source/queue.c ****                 {
ARM GAS  /tmp/ccmofomj.s 			page 147


2910:Middlewares/Third_Party/FreeRTOS/Source/queue.c ****                     if( xCoRoutineRemoveFromEventList( &( pxQueue->xTasksWaitingToReceive ) ) != pd
2911:Middlewares/Third_Party/FreeRTOS/Source/queue.c ****                     {
2912:Middlewares/Third_Party/FreeRTOS/Source/queue.c ****                         return pdTRUE;
2913:Middlewares/Third_Party/FreeRTOS/Source/queue.c ****                     }
2914:Middlewares/Third_Party/FreeRTOS/Source/queue.c ****                     else
2915:Middlewares/Third_Party/FreeRTOS/Source/queue.c ****                     {
2916:Middlewares/Third_Party/FreeRTOS/Source/queue.c ****                         mtCOVERAGE_TEST_MARKER();
2917:Middlewares/Third_Party/FreeRTOS/Source/queue.c ****                     }
2918:Middlewares/Third_Party/FreeRTOS/Source/queue.c ****                 }
2919:Middlewares/Third_Party/FreeRTOS/Source/queue.c ****                 else
2920:Middlewares/Third_Party/FreeRTOS/Source/queue.c ****                 {
2921:Middlewares/Third_Party/FreeRTOS/Source/queue.c ****                     mtCOVERAGE_TEST_MARKER();
2922:Middlewares/Third_Party/FreeRTOS/Source/queue.c ****                 }
2923:Middlewares/Third_Party/FreeRTOS/Source/queue.c ****             }
2924:Middlewares/Third_Party/FreeRTOS/Source/queue.c ****             else
2925:Middlewares/Third_Party/FreeRTOS/Source/queue.c ****             {
2926:Middlewares/Third_Party/FreeRTOS/Source/queue.c ****                 mtCOVERAGE_TEST_MARKER();
2927:Middlewares/Third_Party/FreeRTOS/Source/queue.c ****             }
2928:Middlewares/Third_Party/FreeRTOS/Source/queue.c ****         }
2929:Middlewares/Third_Party/FreeRTOS/Source/queue.c ****         else
2930:Middlewares/Third_Party/FreeRTOS/Source/queue.c ****         {
2931:Middlewares/Third_Party/FreeRTOS/Source/queue.c ****             mtCOVERAGE_TEST_MARKER();
2932:Middlewares/Third_Party/FreeRTOS/Source/queue.c ****         }
2933:Middlewares/Third_Party/FreeRTOS/Source/queue.c **** 
2934:Middlewares/Third_Party/FreeRTOS/Source/queue.c ****         traceRETURN_xQueueCRSendFromISR( xCoRoutinePreviouslyWoken );
2935:Middlewares/Third_Party/FreeRTOS/Source/queue.c **** 
2936:Middlewares/Third_Party/FreeRTOS/Source/queue.c ****         return xCoRoutinePreviouslyWoken;
2937:Middlewares/Third_Party/FreeRTOS/Source/queue.c ****     }
2938:Middlewares/Third_Party/FreeRTOS/Source/queue.c **** 
2939:Middlewares/Third_Party/FreeRTOS/Source/queue.c **** #endif /* configUSE_CO_ROUTINES */
2940:Middlewares/Third_Party/FreeRTOS/Source/queue.c **** /*-----------------------------------------------------------*/
2941:Middlewares/Third_Party/FreeRTOS/Source/queue.c **** 
2942:Middlewares/Third_Party/FreeRTOS/Source/queue.c **** #if ( configUSE_CO_ROUTINES == 1 )
2943:Middlewares/Third_Party/FreeRTOS/Source/queue.c **** 
2944:Middlewares/Third_Party/FreeRTOS/Source/queue.c ****     BaseType_t xQueueCRReceiveFromISR( QueueHandle_t xQueue,
2945:Middlewares/Third_Party/FreeRTOS/Source/queue.c ****                                        void * pvBuffer,
2946:Middlewares/Third_Party/FreeRTOS/Source/queue.c ****                                        BaseType_t * pxCoRoutineWoken )
2947:Middlewares/Third_Party/FreeRTOS/Source/queue.c ****     {
2948:Middlewares/Third_Party/FreeRTOS/Source/queue.c ****         BaseType_t xReturn;
2949:Middlewares/Third_Party/FreeRTOS/Source/queue.c ****         Queue_t * const pxQueue = xQueue;
2950:Middlewares/Third_Party/FreeRTOS/Source/queue.c **** 
2951:Middlewares/Third_Party/FreeRTOS/Source/queue.c ****         traceENTER_xQueueCRReceiveFromISR( xQueue, pvBuffer, pxCoRoutineWoken );
2952:Middlewares/Third_Party/FreeRTOS/Source/queue.c **** 
2953:Middlewares/Third_Party/FreeRTOS/Source/queue.c ****         /* We cannot block from an ISR, so check there is data available. If
2954:Middlewares/Third_Party/FreeRTOS/Source/queue.c ****          * not then just leave without doing anything. */
2955:Middlewares/Third_Party/FreeRTOS/Source/queue.c ****         if( pxQueue->uxMessagesWaiting > ( UBaseType_t ) 0 )
2956:Middlewares/Third_Party/FreeRTOS/Source/queue.c ****         {
2957:Middlewares/Third_Party/FreeRTOS/Source/queue.c ****             /* Copy the data from the queue. */
2958:Middlewares/Third_Party/FreeRTOS/Source/queue.c ****             pxQueue->u.xQueue.pcReadFrom += pxQueue->uxItemSize;
2959:Middlewares/Third_Party/FreeRTOS/Source/queue.c **** 
2960:Middlewares/Third_Party/FreeRTOS/Source/queue.c ****             if( pxQueue->u.xQueue.pcReadFrom >= pxQueue->u.xQueue.pcTail )
2961:Middlewares/Third_Party/FreeRTOS/Source/queue.c ****             {
2962:Middlewares/Third_Party/FreeRTOS/Source/queue.c ****                 pxQueue->u.xQueue.pcReadFrom = pxQueue->pcHead;
2963:Middlewares/Third_Party/FreeRTOS/Source/queue.c ****             }
2964:Middlewares/Third_Party/FreeRTOS/Source/queue.c ****             else
2965:Middlewares/Third_Party/FreeRTOS/Source/queue.c ****             {
2966:Middlewares/Third_Party/FreeRTOS/Source/queue.c ****                 mtCOVERAGE_TEST_MARKER();
ARM GAS  /tmp/ccmofomj.s 			page 148


2967:Middlewares/Third_Party/FreeRTOS/Source/queue.c ****             }
2968:Middlewares/Third_Party/FreeRTOS/Source/queue.c **** 
2969:Middlewares/Third_Party/FreeRTOS/Source/queue.c ****             --( pxQueue->uxMessagesWaiting );
2970:Middlewares/Third_Party/FreeRTOS/Source/queue.c ****             ( void ) memcpy( ( void * ) pvBuffer, ( void * ) pxQueue->u.xQueue.pcReadFrom, ( unsign
2971:Middlewares/Third_Party/FreeRTOS/Source/queue.c **** 
2972:Middlewares/Third_Party/FreeRTOS/Source/queue.c ****             if( ( *pxCoRoutineWoken ) == pdFALSE )
2973:Middlewares/Third_Party/FreeRTOS/Source/queue.c ****             {
2974:Middlewares/Third_Party/FreeRTOS/Source/queue.c ****                 if( listLIST_IS_EMPTY( &( pxQueue->xTasksWaitingToSend ) ) == pdFALSE )
2975:Middlewares/Third_Party/FreeRTOS/Source/queue.c ****                 {
2976:Middlewares/Third_Party/FreeRTOS/Source/queue.c ****                     if( xCoRoutineRemoveFromEventList( &( pxQueue->xTasksWaitingToSend ) ) != pdFAL
2977:Middlewares/Third_Party/FreeRTOS/Source/queue.c ****                     {
2978:Middlewares/Third_Party/FreeRTOS/Source/queue.c ****                         *pxCoRoutineWoken = pdTRUE;
2979:Middlewares/Third_Party/FreeRTOS/Source/queue.c ****                     }
2980:Middlewares/Third_Party/FreeRTOS/Source/queue.c ****                     else
2981:Middlewares/Third_Party/FreeRTOS/Source/queue.c ****                     {
2982:Middlewares/Third_Party/FreeRTOS/Source/queue.c ****                         mtCOVERAGE_TEST_MARKER();
2983:Middlewares/Third_Party/FreeRTOS/Source/queue.c ****                     }
2984:Middlewares/Third_Party/FreeRTOS/Source/queue.c ****                 }
2985:Middlewares/Third_Party/FreeRTOS/Source/queue.c ****                 else
2986:Middlewares/Third_Party/FreeRTOS/Source/queue.c ****                 {
2987:Middlewares/Third_Party/FreeRTOS/Source/queue.c ****                     mtCOVERAGE_TEST_MARKER();
2988:Middlewares/Third_Party/FreeRTOS/Source/queue.c ****                 }
2989:Middlewares/Third_Party/FreeRTOS/Source/queue.c ****             }
2990:Middlewares/Third_Party/FreeRTOS/Source/queue.c ****             else
2991:Middlewares/Third_Party/FreeRTOS/Source/queue.c ****             {
2992:Middlewares/Third_Party/FreeRTOS/Source/queue.c ****                 mtCOVERAGE_TEST_MARKER();
2993:Middlewares/Third_Party/FreeRTOS/Source/queue.c ****             }
2994:Middlewares/Third_Party/FreeRTOS/Source/queue.c **** 
2995:Middlewares/Third_Party/FreeRTOS/Source/queue.c ****             xReturn = pdPASS;
2996:Middlewares/Third_Party/FreeRTOS/Source/queue.c ****         }
2997:Middlewares/Third_Party/FreeRTOS/Source/queue.c ****         else
2998:Middlewares/Third_Party/FreeRTOS/Source/queue.c ****         {
2999:Middlewares/Third_Party/FreeRTOS/Source/queue.c ****             xReturn = pdFAIL;
3000:Middlewares/Third_Party/FreeRTOS/Source/queue.c ****         }
3001:Middlewares/Third_Party/FreeRTOS/Source/queue.c **** 
3002:Middlewares/Third_Party/FreeRTOS/Source/queue.c ****         traceRETURN_xQueueCRReceiveFromISR( xReturn );
3003:Middlewares/Third_Party/FreeRTOS/Source/queue.c **** 
3004:Middlewares/Third_Party/FreeRTOS/Source/queue.c ****         return xReturn;
3005:Middlewares/Third_Party/FreeRTOS/Source/queue.c ****     }
3006:Middlewares/Third_Party/FreeRTOS/Source/queue.c **** 
3007:Middlewares/Third_Party/FreeRTOS/Source/queue.c **** #endif /* configUSE_CO_ROUTINES */
3008:Middlewares/Third_Party/FreeRTOS/Source/queue.c **** /*-----------------------------------------------------------*/
3009:Middlewares/Third_Party/FreeRTOS/Source/queue.c **** 
3010:Middlewares/Third_Party/FreeRTOS/Source/queue.c **** #if ( configQUEUE_REGISTRY_SIZE > 0 )
3011:Middlewares/Third_Party/FreeRTOS/Source/queue.c **** 
3012:Middlewares/Third_Party/FreeRTOS/Source/queue.c ****     void vQueueAddToRegistry( QueueHandle_t xQueue,
3013:Middlewares/Third_Party/FreeRTOS/Source/queue.c ****                               const char * pcQueueName )
3014:Middlewares/Third_Party/FreeRTOS/Source/queue.c ****     {
 4177              		.loc 1 3014 5 is_stmt 1 view -0
 4178              		.cfi_startproc
 4179              		@ args = 0, pretend = 0, frame = 0
 4180              		@ frame_needed = 0, uses_anonymous_args = 0
 4181              		.loc 1 3014 5 is_stmt 0 view .LVU1354
 4182 0000 10B5     		push	{r4, lr}
 4183              	.LCFI54:
 4184              		.cfi_def_cfa_offset 8
 4185              		.cfi_offset 4, -8
ARM GAS  /tmp/ccmofomj.s 			page 149


 4186              		.cfi_offset 14, -4
3015:Middlewares/Third_Party/FreeRTOS/Source/queue.c ****         UBaseType_t ux;
 4187              		.loc 1 3015 9 is_stmt 1 view .LVU1355
3016:Middlewares/Third_Party/FreeRTOS/Source/queue.c ****         QueueRegistryItem_t * pxEntryToWrite = NULL;
 4188              		.loc 1 3016 9 view .LVU1356
 4189              	.LVL506:
3017:Middlewares/Third_Party/FreeRTOS/Source/queue.c **** 
3018:Middlewares/Third_Party/FreeRTOS/Source/queue.c ****         traceENTER_vQueueAddToRegistry( xQueue, pcQueueName );
 4190              		.loc 1 3018 62 view .LVU1357
3019:Middlewares/Third_Party/FreeRTOS/Source/queue.c **** 
3020:Middlewares/Third_Party/FreeRTOS/Source/queue.c ****         configASSERT( xQueue );
 4191              		.loc 1 3020 9 view .LVU1358
 4192 0002 20B1     		cbz	r0, .L397
 4193 0004 0446     		mov	r4, r0
 4194              		.loc 1 3020 31 discriminator 2 view .LVU1359
3021:Middlewares/Third_Party/FreeRTOS/Source/queue.c **** 
3022:Middlewares/Third_Party/FreeRTOS/Source/queue.c ****         if( pcQueueName != NULL )
 4195              		.loc 1 3022 9 view .LVU1360
 4196              		.loc 1 3022 11 is_stmt 0 view .LVU1361
 4197 0006 01B3     		cbz	r1, .L386
3016:Middlewares/Third_Party/FreeRTOS/Source/queue.c **** 
 4198              		.loc 1 3016 31 view .LVU1362
 4199 0008 0020     		movs	r0, #0
 4200              	.LVL507:
3023:Middlewares/Third_Party/FreeRTOS/Source/queue.c ****         {
3024:Middlewares/Third_Party/FreeRTOS/Source/queue.c ****             /* See if there is an empty space in the registry.  A NULL name denotes
3025:Middlewares/Third_Party/FreeRTOS/Source/queue.c ****              * a free slot. */
3026:Middlewares/Third_Party/FreeRTOS/Source/queue.c ****             for( ux = ( UBaseType_t ) 0U; ux < ( UBaseType_t ) configQUEUE_REGISTRY_SIZE; ux++ )
 4201              		.loc 1 3026 21 view .LVU1363
 4202 000a 0346     		mov	r3, r0
 4203 000c 07E0     		b	.L389
 4204              	.LVL508:
 4205              	.L397:
3020:Middlewares/Third_Party/FreeRTOS/Source/queue.c **** 
 4206              		.loc 1 3020 9 is_stmt 1 discriminator 1 view .LVU1364
 4207 000e FFF7FEFF 		bl	ulSetInterruptMask
 4208              	.LVL509:
 4209              	.L388:
3020:Middlewares/Third_Party/FreeRTOS/Source/queue.c **** 
 4210              		.loc 1 3020 9 discriminator 3 view .LVU1365
3020:Middlewares/Third_Party/FreeRTOS/Source/queue.c **** 
 4211              		.loc 1 3020 9 discriminator 3 view .LVU1366
 4212 0012 FEE7     		b	.L388
 4213              	.LVL510:
 4214              	.L399:
3027:Middlewares/Third_Party/FreeRTOS/Source/queue.c ****             {
3028:Middlewares/Third_Party/FreeRTOS/Source/queue.c ****                 /* Replace an existing entry if the queue is already in the registry. */
3029:Middlewares/Third_Party/FreeRTOS/Source/queue.c ****                 if( xQueue == xQueueRegistry[ ux ].xHandle )
3030:Middlewares/Third_Party/FreeRTOS/Source/queue.c ****                 {
3031:Middlewares/Third_Party/FreeRTOS/Source/queue.c ****                     pxEntryToWrite = &( xQueueRegistry[ ux ] );
 4215              		.loc 1 3031 21 view .LVU1367
 4216              		.loc 1 3031 36 is_stmt 0 view .LVU1368
 4217 0014 0D48     		ldr	r0, .L400
 4218              	.LVL511:
 4219              		.loc 1 3031 36 view .LVU1369
 4220 0016 00EBC300 		add	r0, r0, r3, lsl #3
 4221              	.LVL512:
ARM GAS  /tmp/ccmofomj.s 			page 150


3032:Middlewares/Third_Party/FreeRTOS/Source/queue.c ****                     break;
 4222              		.loc 1 3032 21 is_stmt 1 view .LVU1370
3033:Middlewares/Third_Party/FreeRTOS/Source/queue.c ****                 }
3034:Middlewares/Third_Party/FreeRTOS/Source/queue.c ****                 /* Otherwise, store in the next empty location */
3035:Middlewares/Third_Party/FreeRTOS/Source/queue.c ****                 else if( ( pxEntryToWrite == NULL ) && ( xQueueRegistry[ ux ].pcQueueName == NULL )
3036:Middlewares/Third_Party/FreeRTOS/Source/queue.c ****                 {
3037:Middlewares/Third_Party/FreeRTOS/Source/queue.c ****                     pxEntryToWrite = &( xQueueRegistry[ ux ] );
3038:Middlewares/Third_Party/FreeRTOS/Source/queue.c ****                 }
3039:Middlewares/Third_Party/FreeRTOS/Source/queue.c ****                 else
3040:Middlewares/Third_Party/FreeRTOS/Source/queue.c ****                 {
3041:Middlewares/Third_Party/FreeRTOS/Source/queue.c ****                     mtCOVERAGE_TEST_MARKER();
3042:Middlewares/Third_Party/FreeRTOS/Source/queue.c ****                 }
3043:Middlewares/Third_Party/FreeRTOS/Source/queue.c ****             }
3044:Middlewares/Third_Party/FreeRTOS/Source/queue.c ****         }
3045:Middlewares/Third_Party/FreeRTOS/Source/queue.c **** 
3046:Middlewares/Third_Party/FreeRTOS/Source/queue.c ****         if( pxEntryToWrite != NULL )
 4223              		.loc 1 3046 9 view .LVU1371
 4224 001a 14E0     		b	.L392
 4225              	.L393:
3041:Middlewares/Third_Party/FreeRTOS/Source/queue.c ****                 }
 4226              		.loc 1 3041 45 view .LVU1372
3026:Middlewares/Third_Party/FreeRTOS/Source/queue.c ****             {
 4227              		.loc 1 3026 93 discriminator 2 view .LVU1373
 4228 001c 0133     		adds	r3, r3, #1
 4229              	.LVL513:
 4230              	.L389:
3026:Middlewares/Third_Party/FreeRTOS/Source/queue.c ****             {
 4231              		.loc 1 3026 46 discriminator 1 view .LVU1374
 4232 001e 072B     		cmp	r3, #7
 4233 0020 10D8     		bhi	.L398
3029:Middlewares/Third_Party/FreeRTOS/Source/queue.c ****                 {
 4234              		.loc 1 3029 17 view .LVU1375
3029:Middlewares/Third_Party/FreeRTOS/Source/queue.c ****                 {
 4235              		.loc 1 3029 51 is_stmt 0 view .LVU1376
 4236 0022 0A4A     		ldr	r2, .L400
 4237 0024 02EBC302 		add	r2, r2, r3, lsl #3
 4238 0028 5268     		ldr	r2, [r2, #4]
3029:Middlewares/Third_Party/FreeRTOS/Source/queue.c ****                 {
 4239              		.loc 1 3029 19 view .LVU1377
 4240 002a A242     		cmp	r2, r4
 4241 002c F2D0     		beq	.L399
3035:Middlewares/Third_Party/FreeRTOS/Source/queue.c ****                 {
 4242              		.loc 1 3035 22 is_stmt 1 view .LVU1378
3035:Middlewares/Third_Party/FreeRTOS/Source/queue.c ****                 {
 4243              		.loc 1 3035 24 is_stmt 0 view .LVU1379
 4244 002e 0028     		cmp	r0, #0
 4245 0030 F4D1     		bne	.L393
3035:Middlewares/Third_Party/FreeRTOS/Source/queue.c ****                 {
 4246              		.loc 1 3035 78 discriminator 1 view .LVU1380
 4247 0032 064A     		ldr	r2, .L400
 4248 0034 52F83320 		ldr	r2, [r2, r3, lsl #3]
3035:Middlewares/Third_Party/FreeRTOS/Source/queue.c ****                 {
 4249              		.loc 1 3035 53 discriminator 1 view .LVU1381
 4250 0038 002A     		cmp	r2, #0
 4251 003a EFD1     		bne	.L393
3037:Middlewares/Third_Party/FreeRTOS/Source/queue.c ****                 }
 4252              		.loc 1 3037 21 is_stmt 1 view .LVU1382
ARM GAS  /tmp/ccmofomj.s 			page 151


3037:Middlewares/Third_Party/FreeRTOS/Source/queue.c ****                 }
 4253              		.loc 1 3037 36 is_stmt 0 view .LVU1383
 4254 003c 0348     		ldr	r0, .L400
 4255              	.LVL514:
3037:Middlewares/Third_Party/FreeRTOS/Source/queue.c ****                 }
 4256              		.loc 1 3037 36 view .LVU1384
 4257 003e 00EBC300 		add	r0, r0, r3, lsl #3
 4258              	.LVL515:
3037:Middlewares/Third_Party/FreeRTOS/Source/queue.c ****                 }
 4259              		.loc 1 3037 36 view .LVU1385
 4260 0042 EBE7     		b	.L393
 4261              	.L398:
 4262              		.loc 1 3046 9 is_stmt 1 view .LVU1386
 4263              		.loc 1 3046 11 is_stmt 0 view .LVU1387
 4264 0044 08B1     		cbz	r0, .L386
 4265              	.L392:
3047:Middlewares/Third_Party/FreeRTOS/Source/queue.c ****         {
3048:Middlewares/Third_Party/FreeRTOS/Source/queue.c ****             /* Store the information on this queue. */
3049:Middlewares/Third_Party/FreeRTOS/Source/queue.c ****             pxEntryToWrite->pcQueueName = pcQueueName;
 4266              		.loc 1 3049 13 is_stmt 1 view .LVU1388
 4267              		.loc 1 3049 41 is_stmt 0 view .LVU1389
 4268 0046 0160     		str	r1, [r0]
3050:Middlewares/Third_Party/FreeRTOS/Source/queue.c ****             pxEntryToWrite->xHandle = xQueue;
 4269              		.loc 1 3050 13 is_stmt 1 view .LVU1390
 4270              		.loc 1 3050 37 is_stmt 0 view .LVU1391
 4271 0048 4460     		str	r4, [r0, #4]
 4272              	.LVL516:
3051:Middlewares/Third_Party/FreeRTOS/Source/queue.c **** 
3052:Middlewares/Third_Party/FreeRTOS/Source/queue.c ****             traceQUEUE_REGISTRY_ADD( xQueue, pcQueueName );
 4273              		.loc 1 3052 59 is_stmt 1 view .LVU1392
3053:Middlewares/Third_Party/FreeRTOS/Source/queue.c ****         }
3054:Middlewares/Third_Party/FreeRTOS/Source/queue.c **** 
3055:Middlewares/Third_Party/FreeRTOS/Source/queue.c ****         traceRETURN_vQueueAddToRegistry();
 4274              		.loc 1 3055 42 view .LVU1393
 4275              	.L386:
3056:Middlewares/Third_Party/FreeRTOS/Source/queue.c ****     }
 4276              		.loc 1 3056 5 is_stmt 0 view .LVU1394
 4277 004a 10BD     		pop	{r4, pc}
 4278              	.LVL517:
 4279              	.L401:
 4280              		.loc 1 3056 5 view .LVU1395
 4281              		.align	2
 4282              	.L400:
 4283 004c 00000000 		.word	xQueueRegistry
 4284              		.cfi_endproc
 4285              	.LFE39:
 4287              		.section	.text.pcQueueGetName,"ax",%progbits
 4288              		.align	1
 4289              		.global	pcQueueGetName
 4290              		.syntax unified
 4291              		.thumb
 4292              		.thumb_func
 4294              	pcQueueGetName:
 4295              	.LVL518:
 4296              	.LFB40:
3057:Middlewares/Third_Party/FreeRTOS/Source/queue.c **** 
3058:Middlewares/Third_Party/FreeRTOS/Source/queue.c **** #endif /* configQUEUE_REGISTRY_SIZE */
ARM GAS  /tmp/ccmofomj.s 			page 152


3059:Middlewares/Third_Party/FreeRTOS/Source/queue.c **** /*-----------------------------------------------------------*/
3060:Middlewares/Third_Party/FreeRTOS/Source/queue.c **** 
3061:Middlewares/Third_Party/FreeRTOS/Source/queue.c **** #if ( configQUEUE_REGISTRY_SIZE > 0 )
3062:Middlewares/Third_Party/FreeRTOS/Source/queue.c **** 
3063:Middlewares/Third_Party/FreeRTOS/Source/queue.c ****     const char * pcQueueGetName( QueueHandle_t xQueue )
3064:Middlewares/Third_Party/FreeRTOS/Source/queue.c ****     {
 4297              		.loc 1 3064 5 is_stmt 1 view -0
 4298              		.cfi_startproc
 4299              		@ args = 0, pretend = 0, frame = 0
 4300              		@ frame_needed = 0, uses_anonymous_args = 0
 4301              		.loc 1 3064 5 is_stmt 0 view .LVU1397
 4302 0000 08B5     		push	{r3, lr}
 4303              	.LCFI55:
 4304              		.cfi_def_cfa_offset 8
 4305              		.cfi_offset 3, -8
 4306              		.cfi_offset 14, -4
3065:Middlewares/Third_Party/FreeRTOS/Source/queue.c ****         UBaseType_t ux;
 4307              		.loc 1 3065 9 is_stmt 1 view .LVU1398
3066:Middlewares/Third_Party/FreeRTOS/Source/queue.c ****         const char * pcReturn = NULL;
 4308              		.loc 1 3066 9 view .LVU1399
 4309              	.LVL519:
3067:Middlewares/Third_Party/FreeRTOS/Source/queue.c **** 
3068:Middlewares/Third_Party/FreeRTOS/Source/queue.c ****         traceENTER_pcQueueGetName( xQueue );
 4310              		.loc 1 3068 44 view .LVU1400
3069:Middlewares/Third_Party/FreeRTOS/Source/queue.c **** 
3070:Middlewares/Third_Party/FreeRTOS/Source/queue.c ****         configASSERT( xQueue );
 4311              		.loc 1 3070 9 view .LVU1401
 4312 0002 58B1     		cbz	r0, .L410
 4313 0004 0146     		mov	r1, r0
3071:Middlewares/Third_Party/FreeRTOS/Source/queue.c **** 
3072:Middlewares/Third_Party/FreeRTOS/Source/queue.c ****         /* Note there is nothing here to protect against another task adding or
3073:Middlewares/Third_Party/FreeRTOS/Source/queue.c ****          * removing entries from the registry while it is being searched. */
3074:Middlewares/Third_Party/FreeRTOS/Source/queue.c **** 
3075:Middlewares/Third_Party/FreeRTOS/Source/queue.c ****         for( ux = ( UBaseType_t ) 0U; ux < ( UBaseType_t ) configQUEUE_REGISTRY_SIZE; ux++ )
 4314              		.loc 1 3075 17 is_stmt 0 view .LVU1402
 4315 0006 0023     		movs	r3, #0
 4316              	.L403:
 4317              	.LVL520:
 4318              		.loc 1 3075 42 is_stmt 1 discriminator 1 view .LVU1403
 4319 0008 072B     		cmp	r3, #7
 4320 000a 0ED8     		bhi	.L411
3076:Middlewares/Third_Party/FreeRTOS/Source/queue.c ****         {
3077:Middlewares/Third_Party/FreeRTOS/Source/queue.c ****             if( xQueueRegistry[ ux ].xHandle == xQueue )
 4321              		.loc 1 3077 13 view .LVU1404
 4322              		.loc 1 3077 37 is_stmt 0 view .LVU1405
 4323 000c 084A     		ldr	r2, .L413
 4324 000e 02EBC302 		add	r2, r2, r3, lsl #3
 4325 0012 5268     		ldr	r2, [r2, #4]
 4326              		.loc 1 3077 15 view .LVU1406
 4327 0014 8A42     		cmp	r2, r1
 4328 0016 04D0     		beq	.L412
3078:Middlewares/Third_Party/FreeRTOS/Source/queue.c ****             {
3079:Middlewares/Third_Party/FreeRTOS/Source/queue.c ****                 pcReturn = xQueueRegistry[ ux ].pcQueueName;
3080:Middlewares/Third_Party/FreeRTOS/Source/queue.c ****                 break;
3081:Middlewares/Third_Party/FreeRTOS/Source/queue.c ****             }
3082:Middlewares/Third_Party/FreeRTOS/Source/queue.c ****             else
3083:Middlewares/Third_Party/FreeRTOS/Source/queue.c ****             {
ARM GAS  /tmp/ccmofomj.s 			page 153


3084:Middlewares/Third_Party/FreeRTOS/Source/queue.c ****                 mtCOVERAGE_TEST_MARKER();
 4329              		.loc 1 3084 41 is_stmt 1 view .LVU1407
3075:Middlewares/Third_Party/FreeRTOS/Source/queue.c ****         {
 4330              		.loc 1 3075 89 discriminator 2 view .LVU1408
 4331 0018 0133     		adds	r3, r3, #1
 4332              	.LVL521:
3075:Middlewares/Third_Party/FreeRTOS/Source/queue.c ****         {
 4333              		.loc 1 3075 89 is_stmt 0 discriminator 2 view .LVU1409
 4334 001a F5E7     		b	.L403
 4335              	.LVL522:
 4336              	.L410:
3070:Middlewares/Third_Party/FreeRTOS/Source/queue.c **** 
 4337              		.loc 1 3070 9 is_stmt 1 discriminator 1 view .LVU1410
 4338 001c FFF7FEFF 		bl	ulSetInterruptMask
 4339              	.LVL523:
 4340              	.L404:
3070:Middlewares/Third_Party/FreeRTOS/Source/queue.c **** 
 4341              		.loc 1 3070 9 discriminator 3 view .LVU1411
3070:Middlewares/Third_Party/FreeRTOS/Source/queue.c **** 
 4342              		.loc 1 3070 9 discriminator 3 view .LVU1412
 4343 0020 FEE7     		b	.L404
 4344              	.LVL524:
 4345              	.L412:
3079:Middlewares/Third_Party/FreeRTOS/Source/queue.c ****                 break;
 4346              		.loc 1 3079 17 view .LVU1413
3079:Middlewares/Third_Party/FreeRTOS/Source/queue.c ****                 break;
 4347              		.loc 1 3079 26 is_stmt 0 view .LVU1414
 4348 0022 034A     		ldr	r2, .L413
 4349 0024 52F83300 		ldr	r0, [r2, r3, lsl #3]
 4350              	.LVL525:
3080:Middlewares/Third_Party/FreeRTOS/Source/queue.c ****             }
 4351              		.loc 1 3080 17 is_stmt 1 view .LVU1415
 4352 0028 00E0     		b	.L402
 4353              	.LVL526:
 4354              	.L411:
3066:Middlewares/Third_Party/FreeRTOS/Source/queue.c **** 
 4355              		.loc 1 3066 22 is_stmt 0 view .LVU1416
 4356 002a 0020     		movs	r0, #0
 4357              	.LVL527:
3085:Middlewares/Third_Party/FreeRTOS/Source/queue.c ****             }
3086:Middlewares/Third_Party/FreeRTOS/Source/queue.c ****         }
3087:Middlewares/Third_Party/FreeRTOS/Source/queue.c **** 
3088:Middlewares/Third_Party/FreeRTOS/Source/queue.c ****         traceRETURN_pcQueueGetName( pcReturn );
 4358              		.loc 1 3088 47 is_stmt 1 view .LVU1417
3089:Middlewares/Third_Party/FreeRTOS/Source/queue.c **** 
3090:Middlewares/Third_Party/FreeRTOS/Source/queue.c ****         return pcReturn;
 4359              		.loc 1 3090 9 view .LVU1418
 4360              	.L402:
3091:Middlewares/Third_Party/FreeRTOS/Source/queue.c ****     }
 4361              		.loc 1 3091 5 is_stmt 0 view .LVU1419
 4362 002c 08BD     		pop	{r3, pc}
 4363              	.LVL528:
 4364              	.L414:
 4365              		.loc 1 3091 5 view .LVU1420
 4366 002e 00BF     		.align	2
 4367              	.L413:
 4368 0030 00000000 		.word	xQueueRegistry
ARM GAS  /tmp/ccmofomj.s 			page 154


 4369              		.cfi_endproc
 4370              	.LFE40:
 4372              		.section	.text.vQueueUnregisterQueue,"ax",%progbits
 4373              		.align	1
 4374              		.global	vQueueUnregisterQueue
 4375              		.syntax unified
 4376              		.thumb
 4377              		.thumb_func
 4379              	vQueueUnregisterQueue:
 4380              	.LVL529:
 4381              	.LFB41:
3092:Middlewares/Third_Party/FreeRTOS/Source/queue.c **** 
3093:Middlewares/Third_Party/FreeRTOS/Source/queue.c **** #endif /* configQUEUE_REGISTRY_SIZE */
3094:Middlewares/Third_Party/FreeRTOS/Source/queue.c **** /*-----------------------------------------------------------*/
3095:Middlewares/Third_Party/FreeRTOS/Source/queue.c **** 
3096:Middlewares/Third_Party/FreeRTOS/Source/queue.c **** #if ( configQUEUE_REGISTRY_SIZE > 0 )
3097:Middlewares/Third_Party/FreeRTOS/Source/queue.c **** 
3098:Middlewares/Third_Party/FreeRTOS/Source/queue.c ****     void vQueueUnregisterQueue( QueueHandle_t xQueue )
3099:Middlewares/Third_Party/FreeRTOS/Source/queue.c ****     {
 4382              		.loc 1 3099 5 is_stmt 1 view -0
 4383              		.cfi_startproc
 4384              		@ args = 0, pretend = 0, frame = 0
 4385              		@ frame_needed = 0, uses_anonymous_args = 0
 4386              		.loc 1 3099 5 is_stmt 0 view .LVU1422
 4387 0000 08B5     		push	{r3, lr}
 4388              	.LCFI56:
 4389              		.cfi_def_cfa_offset 8
 4390              		.cfi_offset 3, -8
 4391              		.cfi_offset 14, -4
3100:Middlewares/Third_Party/FreeRTOS/Source/queue.c ****         UBaseType_t ux;
 4392              		.loc 1 3100 9 is_stmt 1 view .LVU1423
3101:Middlewares/Third_Party/FreeRTOS/Source/queue.c **** 
3102:Middlewares/Third_Party/FreeRTOS/Source/queue.c ****         traceENTER_vQueueUnregisterQueue( xQueue );
 4393              		.loc 1 3102 51 view .LVU1424
3103:Middlewares/Third_Party/FreeRTOS/Source/queue.c **** 
3104:Middlewares/Third_Party/FreeRTOS/Source/queue.c ****         configASSERT( xQueue );
 4394              		.loc 1 3104 9 view .LVU1425
 4395 0002 58B1     		cbz	r0, .L423
 4396 0004 0146     		mov	r1, r0
3105:Middlewares/Third_Party/FreeRTOS/Source/queue.c **** 
3106:Middlewares/Third_Party/FreeRTOS/Source/queue.c ****         /* See if the handle of the queue being unregistered in actually in the
3107:Middlewares/Third_Party/FreeRTOS/Source/queue.c ****          * registry. */
3108:Middlewares/Third_Party/FreeRTOS/Source/queue.c ****         for( ux = ( UBaseType_t ) 0U; ux < ( UBaseType_t ) configQUEUE_REGISTRY_SIZE; ux++ )
 4397              		.loc 1 3108 17 is_stmt 0 view .LVU1426
 4398 0006 0023     		movs	r3, #0
 4399              	.L416:
 4400              	.LVL530:
 4401              		.loc 1 3108 42 is_stmt 1 discriminator 1 view .LVU1427
 4402 0008 072B     		cmp	r3, #7
 4403 000a 11D8     		bhi	.L415
3109:Middlewares/Third_Party/FreeRTOS/Source/queue.c ****         {
3110:Middlewares/Third_Party/FreeRTOS/Source/queue.c ****             if( xQueueRegistry[ ux ].xHandle == xQueue )
 4404              		.loc 1 3110 13 view .LVU1428
 4405              		.loc 1 3110 37 is_stmt 0 view .LVU1429
 4406 000c 094A     		ldr	r2, .L425
 4407 000e 02EBC302 		add	r2, r2, r3, lsl #3
 4408 0012 5268     		ldr	r2, [r2, #4]
ARM GAS  /tmp/ccmofomj.s 			page 155


 4409              		.loc 1 3110 15 view .LVU1430
 4410 0014 8A42     		cmp	r2, r1
 4411 0016 04D0     		beq	.L424
3111:Middlewares/Third_Party/FreeRTOS/Source/queue.c ****             {
3112:Middlewares/Third_Party/FreeRTOS/Source/queue.c ****                 /* Set the name to NULL to show that this slot if free again. */
3113:Middlewares/Third_Party/FreeRTOS/Source/queue.c ****                 xQueueRegistry[ ux ].pcQueueName = NULL;
3114:Middlewares/Third_Party/FreeRTOS/Source/queue.c **** 
3115:Middlewares/Third_Party/FreeRTOS/Source/queue.c ****                 /* Set the handle to NULL to ensure the same queue handle cannot
3116:Middlewares/Third_Party/FreeRTOS/Source/queue.c ****                  * appear in the registry twice if it is added, removed, then
3117:Middlewares/Third_Party/FreeRTOS/Source/queue.c ****                  * added again. */
3118:Middlewares/Third_Party/FreeRTOS/Source/queue.c ****                 xQueueRegistry[ ux ].xHandle = ( QueueHandle_t ) 0;
3119:Middlewares/Third_Party/FreeRTOS/Source/queue.c ****                 break;
3120:Middlewares/Third_Party/FreeRTOS/Source/queue.c ****             }
3121:Middlewares/Third_Party/FreeRTOS/Source/queue.c ****             else
3122:Middlewares/Third_Party/FreeRTOS/Source/queue.c ****             {
3123:Middlewares/Third_Party/FreeRTOS/Source/queue.c ****                 mtCOVERAGE_TEST_MARKER();
 4412              		.loc 1 3123 41 is_stmt 1 view .LVU1431
3108:Middlewares/Third_Party/FreeRTOS/Source/queue.c ****         {
 4413              		.loc 1 3108 89 discriminator 2 view .LVU1432
 4414 0018 0133     		adds	r3, r3, #1
 4415              	.LVL531:
3108:Middlewares/Third_Party/FreeRTOS/Source/queue.c ****         {
 4416              		.loc 1 3108 89 is_stmt 0 discriminator 2 view .LVU1433
 4417 001a F5E7     		b	.L416
 4418              	.LVL532:
 4419              	.L423:
3104:Middlewares/Third_Party/FreeRTOS/Source/queue.c **** 
 4420              		.loc 1 3104 9 is_stmt 1 discriminator 1 view .LVU1434
 4421 001c FFF7FEFF 		bl	ulSetInterruptMask
 4422              	.LVL533:
 4423              	.L417:
3104:Middlewares/Third_Party/FreeRTOS/Source/queue.c **** 
 4424              		.loc 1 3104 9 discriminator 3 view .LVU1435
3104:Middlewares/Third_Party/FreeRTOS/Source/queue.c **** 
 4425              		.loc 1 3104 9 discriminator 3 view .LVU1436
 4426 0020 FEE7     		b	.L417
 4427              	.LVL534:
 4428              	.L424:
3113:Middlewares/Third_Party/FreeRTOS/Source/queue.c **** 
 4429              		.loc 1 3113 17 view .LVU1437
3113:Middlewares/Third_Party/FreeRTOS/Source/queue.c **** 
 4430              		.loc 1 3113 50 is_stmt 0 view .LVU1438
 4431 0022 044A     		ldr	r2, .L425
 4432 0024 0021     		movs	r1, #0
 4433 0026 42F83310 		str	r1, [r2, r3, lsl #3]
3118:Middlewares/Third_Party/FreeRTOS/Source/queue.c ****                 break;
 4434              		.loc 1 3118 17 is_stmt 1 view .LVU1439
3118:Middlewares/Third_Party/FreeRTOS/Source/queue.c ****                 break;
 4435              		.loc 1 3118 46 is_stmt 0 view .LVU1440
 4436 002a 02EBC302 		add	r2, r2, r3, lsl #3
 4437 002e 5160     		str	r1, [r2, #4]
3119:Middlewares/Third_Party/FreeRTOS/Source/queue.c ****             }
 4438              		.loc 1 3119 17 is_stmt 1 view .LVU1441
 4439              	.L415:
3124:Middlewares/Third_Party/FreeRTOS/Source/queue.c ****             }
3125:Middlewares/Third_Party/FreeRTOS/Source/queue.c ****         }
3126:Middlewares/Third_Party/FreeRTOS/Source/queue.c **** 
ARM GAS  /tmp/ccmofomj.s 			page 156


3127:Middlewares/Third_Party/FreeRTOS/Source/queue.c ****         traceRETURN_vQueueUnregisterQueue();
3128:Middlewares/Third_Party/FreeRTOS/Source/queue.c ****     }
 4440              		.loc 1 3128 5 is_stmt 0 view .LVU1442
 4441 0030 08BD     		pop	{r3, pc}
 4442              	.LVL535:
 4443              	.L426:
 4444              		.loc 1 3128 5 view .LVU1443
 4445 0032 00BF     		.align	2
 4446              	.L425:
 4447 0034 00000000 		.word	xQueueRegistry
 4448              		.cfi_endproc
 4449              	.LFE41:
 4451              		.section	.text.vQueueDelete,"ax",%progbits
 4452              		.align	1
 4453              		.global	vQueueDelete
 4454              		.syntax unified
 4455              		.thumb
 4456              		.thumb_func
 4458              	vQueueDelete:
 4459              	.LVL536:
 4460              	.LFB25:
2258:Middlewares/Third_Party/FreeRTOS/Source/queue.c ****     Queue_t * const pxQueue = xQueue;
 4461              		.loc 1 2258 1 is_stmt 1 view -0
 4462              		.cfi_startproc
 4463              		@ args = 0, pretend = 0, frame = 0
 4464              		@ frame_needed = 0, uses_anonymous_args = 0
2258:Middlewares/Third_Party/FreeRTOS/Source/queue.c ****     Queue_t * const pxQueue = xQueue;
 4465              		.loc 1 2258 1 is_stmt 0 view .LVU1445
 4466 0000 10B5     		push	{r4, lr}
 4467              	.LCFI57:
 4468              		.cfi_def_cfa_offset 8
 4469              		.cfi_offset 4, -8
 4470              		.cfi_offset 14, -4
2259:Middlewares/Third_Party/FreeRTOS/Source/queue.c **** 
 4471              		.loc 1 2259 5 is_stmt 1 view .LVU1446
 4472              	.LVL537:
2261:Middlewares/Third_Party/FreeRTOS/Source/queue.c **** 
 4473              		.loc 1 2261 38 view .LVU1447
2263:Middlewares/Third_Party/FreeRTOS/Source/queue.c ****     traceQUEUE_DELETE( pxQueue );
 4474              		.loc 1 2263 5 view .LVU1448
 4475 0002 30B1     		cbz	r0, .L432
 4476 0004 0446     		mov	r4, r0
2263:Middlewares/Third_Party/FreeRTOS/Source/queue.c ****     traceQUEUE_DELETE( pxQueue );
 4477              		.loc 1 2263 28 discriminator 2 view .LVU1449
2264:Middlewares/Third_Party/FreeRTOS/Source/queue.c **** 
 4478              		.loc 1 2264 33 view .LVU1450
2268:Middlewares/Third_Party/FreeRTOS/Source/queue.c ****     }
 4479              		.loc 1 2268 9 view .LVU1451
 4480 0006 FFF7FEFF 		bl	vQueueUnregisterQueue
 4481              	.LVL538:
2282:Middlewares/Third_Party/FreeRTOS/Source/queue.c ****         {
 4482              		.loc 1 2282 9 view .LVU1452
2282:Middlewares/Third_Party/FreeRTOS/Source/queue.c ****         {
 4483              		.loc 1 2282 20 is_stmt 0 view .LVU1453
 4484 000a 94F84630 		ldrb	r3, [r4, #70]	@ zero_extendqisi2
2282:Middlewares/Third_Party/FreeRTOS/Source/queue.c ****         {
 4485              		.loc 1 2282 11 view .LVU1454
ARM GAS  /tmp/ccmofomj.s 			page 157


 4486 000e 1BB1     		cbz	r3, .L433
 4487              	.L427:
2300:Middlewares/Third_Party/FreeRTOS/Source/queue.c **** /*-----------------------------------------------------------*/
 4488              		.loc 1 2300 1 view .LVU1455
 4489 0010 10BD     		pop	{r4, pc}
 4490              	.LVL539:
 4491              	.L432:
2263:Middlewares/Third_Party/FreeRTOS/Source/queue.c ****     traceQUEUE_DELETE( pxQueue );
 4492              		.loc 1 2263 5 is_stmt 1 discriminator 1 view .LVU1456
 4493 0012 FFF7FEFF 		bl	ulSetInterruptMask
 4494              	.LVL540:
 4495              	.L429:
2263:Middlewares/Third_Party/FreeRTOS/Source/queue.c ****     traceQUEUE_DELETE( pxQueue );
 4496              		.loc 1 2263 5 discriminator 3 view .LVU1457
2263:Middlewares/Third_Party/FreeRTOS/Source/queue.c ****     traceQUEUE_DELETE( pxQueue );
 4497              		.loc 1 2263 5 discriminator 3 view .LVU1458
 4498 0016 FEE7     		b	.L429
 4499              	.LVL541:
 4500              	.L433:
2284:Middlewares/Third_Party/FreeRTOS/Source/queue.c ****         }
 4501              		.loc 1 2284 13 view .LVU1459
 4502 0018 2046     		mov	r0, r4
 4503 001a FFF7FEFF 		bl	vPortFree
 4504              	.LVL542:
2288:Middlewares/Third_Party/FreeRTOS/Source/queue.c ****         }
 4505              		.loc 1 2288 37 view .LVU1460
2299:Middlewares/Third_Party/FreeRTOS/Source/queue.c **** }
 4506              		.loc 1 2299 31 view .LVU1461
2300:Middlewares/Third_Party/FreeRTOS/Source/queue.c **** /*-----------------------------------------------------------*/
 4507              		.loc 1 2300 1 is_stmt 0 view .LVU1462
 4508 001e F7E7     		b	.L427
 4509              		.cfi_endproc
 4510              	.LFE25:
 4512              		.section	.text.vQueueWaitForMessageRestricted,"ax",%progbits
 4513              		.align	1
 4514              		.global	vQueueWaitForMessageRestricted
 4515              		.syntax unified
 4516              		.thumb
 4517              		.thumb_func
 4519              	vQueueWaitForMessageRestricted:
 4520              	.LVL543:
 4521              	.LFB42:
3129:Middlewares/Third_Party/FreeRTOS/Source/queue.c **** 
3130:Middlewares/Third_Party/FreeRTOS/Source/queue.c **** #endif /* configQUEUE_REGISTRY_SIZE */
3131:Middlewares/Third_Party/FreeRTOS/Source/queue.c **** /*-----------------------------------------------------------*/
3132:Middlewares/Third_Party/FreeRTOS/Source/queue.c **** 
3133:Middlewares/Third_Party/FreeRTOS/Source/queue.c **** #if ( configUSE_TIMERS == 1 )
3134:Middlewares/Third_Party/FreeRTOS/Source/queue.c **** 
3135:Middlewares/Third_Party/FreeRTOS/Source/queue.c ****     void vQueueWaitForMessageRestricted( QueueHandle_t xQueue,
3136:Middlewares/Third_Party/FreeRTOS/Source/queue.c ****                                          TickType_t xTicksToWait,
3137:Middlewares/Third_Party/FreeRTOS/Source/queue.c ****                                          const BaseType_t xWaitIndefinitely )
3138:Middlewares/Third_Party/FreeRTOS/Source/queue.c ****     {
 4522              		.loc 1 3138 5 is_stmt 1 view -0
 4523              		.cfi_startproc
 4524              		@ args = 0, pretend = 0, frame = 0
 4525              		@ frame_needed = 0, uses_anonymous_args = 0
 4526              		.loc 1 3138 5 is_stmt 0 view .LVU1464
ARM GAS  /tmp/ccmofomj.s 			page 158


 4527 0000 70B5     		push	{r4, r5, r6, lr}
 4528              	.LCFI58:
 4529              		.cfi_def_cfa_offset 16
 4530              		.cfi_offset 4, -16
 4531              		.cfi_offset 5, -12
 4532              		.cfi_offset 6, -8
 4533              		.cfi_offset 14, -4
 4534 0002 0446     		mov	r4, r0
 4535 0004 0D46     		mov	r5, r1
 4536 0006 1646     		mov	r6, r2
3139:Middlewares/Third_Party/FreeRTOS/Source/queue.c ****         Queue_t * const pxQueue = xQueue;
 4537              		.loc 1 3139 9 is_stmt 1 view .LVU1465
 4538              	.LVL544:
3140:Middlewares/Third_Party/FreeRTOS/Source/queue.c **** 
3141:Middlewares/Third_Party/FreeRTOS/Source/queue.c ****         traceENTER_vQueueWaitForMessageRestricted( xQueue, xTicksToWait, xWaitIndefinitely );
 4539              		.loc 1 3141 93 view .LVU1466
3142:Middlewares/Third_Party/FreeRTOS/Source/queue.c **** 
3143:Middlewares/Third_Party/FreeRTOS/Source/queue.c ****         /* This function should not be called by application code hence the
3144:Middlewares/Third_Party/FreeRTOS/Source/queue.c ****          * 'Restricted' in its name.  It is not part of the public API.  It is
3145:Middlewares/Third_Party/FreeRTOS/Source/queue.c ****          * designed for use by kernel code, and has special calling requirements.
3146:Middlewares/Third_Party/FreeRTOS/Source/queue.c ****          * It can result in vListInsert() being called on a list that can only
3147:Middlewares/Third_Party/FreeRTOS/Source/queue.c ****          * possibly ever have one item in it, so the list will be fast, but even
3148:Middlewares/Third_Party/FreeRTOS/Source/queue.c ****          * so it should be called with the scheduler locked and not from a critical
3149:Middlewares/Third_Party/FreeRTOS/Source/queue.c ****          * section. */
3150:Middlewares/Third_Party/FreeRTOS/Source/queue.c **** 
3151:Middlewares/Third_Party/FreeRTOS/Source/queue.c ****         /* Only do anything if there are no messages in the queue.  This function
3152:Middlewares/Third_Party/FreeRTOS/Source/queue.c ****          *  will not actually cause the task to block, just place it on a blocked
3153:Middlewares/Third_Party/FreeRTOS/Source/queue.c ****          *  list.  It will not block until the scheduler is unlocked - at which
3154:Middlewares/Third_Party/FreeRTOS/Source/queue.c ****          *  time a yield will be performed.  If an item is added to the queue while
3155:Middlewares/Third_Party/FreeRTOS/Source/queue.c ****          *  the queue is locked, and the calling task blocks on the queue, then the
3156:Middlewares/Third_Party/FreeRTOS/Source/queue.c ****          *  calling task will be immediately unblocked when the queue is unlocked. */
3157:Middlewares/Third_Party/FreeRTOS/Source/queue.c ****         prvLockQueue( pxQueue );
 4540              		.loc 1 3157 9 view .LVU1467
 4541 0008 FFF7FEFF 		bl	vPortEnterCritical
 4542              	.LVL545:
 4543              		.loc 1 3157 9 discriminator 1 view .LVU1468
 4544 000c 94F84430 		ldrb	r3, [r4, #68]	@ zero_extendqisi2
 4545 0010 5BB2     		sxtb	r3, r3
 4546 0012 B3F1FF3F 		cmp	r3, #-1
 4547 0016 0DD0     		beq	.L439
 4548              	.L435:
 4549              		.loc 1 3157 9 discriminator 3 view .LVU1469
 4550 0018 94F84530 		ldrb	r3, [r4, #69]	@ zero_extendqisi2
 4551 001c 5BB2     		sxtb	r3, r3
 4552 001e B3F1FF3F 		cmp	r3, #-1
 4553 0022 0BD0     		beq	.L440
 4554              	.L436:
 4555              		.loc 1 3157 9 discriminator 6 view .LVU1470
 4556 0024 FFF7FEFF 		bl	vPortExitCritical
 4557              	.LVL546:
3158:Middlewares/Third_Party/FreeRTOS/Source/queue.c **** 
3159:Middlewares/Third_Party/FreeRTOS/Source/queue.c ****         if( pxQueue->uxMessagesWaiting == ( UBaseType_t ) 0U )
 4558              		.loc 1 3159 9 view .LVU1471
 4559              		.loc 1 3159 20 is_stmt 0 view .LVU1472
 4560 0028 A36B     		ldr	r3, [r4, #56]
 4561              		.loc 1 3159 11 view .LVU1473
 4562 002a 5BB1     		cbz	r3, .L441
ARM GAS  /tmp/ccmofomj.s 			page 159


 4563              	.L437:
3160:Middlewares/Third_Party/FreeRTOS/Source/queue.c ****         {
3161:Middlewares/Third_Party/FreeRTOS/Source/queue.c ****             /* There is nothing in the queue, block for the specified period. */
3162:Middlewares/Third_Party/FreeRTOS/Source/queue.c ****             vTaskPlaceOnEventListRestricted( &( pxQueue->xTasksWaitingToReceive ), xTicksToWait, xW
3163:Middlewares/Third_Party/FreeRTOS/Source/queue.c ****         }
3164:Middlewares/Third_Party/FreeRTOS/Source/queue.c ****         else
3165:Middlewares/Third_Party/FreeRTOS/Source/queue.c ****         {
3166:Middlewares/Third_Party/FreeRTOS/Source/queue.c ****             mtCOVERAGE_TEST_MARKER();
 4564              		.loc 1 3166 37 is_stmt 1 view .LVU1474
3167:Middlewares/Third_Party/FreeRTOS/Source/queue.c ****         }
3168:Middlewares/Third_Party/FreeRTOS/Source/queue.c **** 
3169:Middlewares/Third_Party/FreeRTOS/Source/queue.c ****         prvUnlockQueue( pxQueue );
 4565              		.loc 1 3169 9 view .LVU1475
 4566 002c 2046     		mov	r0, r4
 4567 002e FFF7FEFF 		bl	prvUnlockQueue
 4568              	.LVL547:
3170:Middlewares/Third_Party/FreeRTOS/Source/queue.c **** 
3171:Middlewares/Third_Party/FreeRTOS/Source/queue.c ****         traceRETURN_vQueueWaitForMessageRestricted();
 4569              		.loc 1 3171 53 view .LVU1476
3172:Middlewares/Third_Party/FreeRTOS/Source/queue.c ****     }
 4570              		.loc 1 3172 5 is_stmt 0 view .LVU1477
 4571 0032 70BD     		pop	{r4, r5, r6, pc}
 4572              	.LVL548:
 4573              	.L439:
3157:Middlewares/Third_Party/FreeRTOS/Source/queue.c **** 
 4574              		.loc 1 3157 9 is_stmt 1 discriminator 1 view .LVU1478
 4575 0034 0023     		movs	r3, #0
 4576 0036 84F84430 		strb	r3, [r4, #68]
 4577 003a EDE7     		b	.L435
 4578              	.L440:
3157:Middlewares/Third_Party/FreeRTOS/Source/queue.c **** 
 4579              		.loc 1 3157 9 discriminator 4 view .LVU1479
 4580 003c 0023     		movs	r3, #0
 4581 003e 84F84530 		strb	r3, [r4, #69]
 4582 0042 EFE7     		b	.L436
 4583              	.L441:
3162:Middlewares/Third_Party/FreeRTOS/Source/queue.c ****         }
 4584              		.loc 1 3162 13 view .LVU1480
 4585 0044 3246     		mov	r2, r6
 4586 0046 2946     		mov	r1, r5
 4587 0048 04F12400 		add	r0, r4, #36
 4588 004c FFF7FEFF 		bl	vTaskPlaceOnEventListRestricted
 4589              	.LVL549:
 4590 0050 ECE7     		b	.L437
 4591              		.cfi_endproc
 4592              	.LFE42:
 4594              		.global	xQueueRegistry
 4595              		.section	.bss.xQueueRegistry,"aw",%nobits
 4596              		.align	2
 4599              	xQueueRegistry:
 4600 0000 00000000 		.space	64
 4600      00000000 
 4600      00000000 
 4600      00000000 
 4600      00000000 
 4601              		.text
 4602              	.Letext0:
ARM GAS  /tmp/ccmofomj.s 			page 160


 4603              		.file 2 "/usr/lib/gcc/arm-none-eabi/13.2.1/include/stddef.h"
 4604              		.file 3 "/usr/lib/gcc/arm-none-eabi/13.2.1/include/stdint.h"
 4605              		.file 4 "Middlewares/Third_Party/FreeRTOS/Source/portable/GCC/ARM_CM33_NTZ/non_secure/portmacrocom
 4606              		.file 5 "Middlewares/Third_Party/FreeRTOS/Source/include/FreeRTOS.h"
 4607              		.file 6 "Middlewares/Third_Party/FreeRTOS/Source/include/list.h"
 4608              		.file 7 "Middlewares/Third_Party/FreeRTOS/Source/include/task.h"
 4609              		.file 8 "Middlewares/Third_Party/FreeRTOS/Source/include/queue.h"
 4610              		.file 9 "Middlewares/Third_Party/FreeRTOS/Source/include/portable.h"
 4611              		.file 10 "/usr/include/newlib/string.h"
 4612              		.file 11 "<built-in>"
ARM GAS  /tmp/ccmofomj.s 			page 161


DEFINED SYMBOLS
                            *ABS*:00000000 queue.c
     /tmp/ccmofomj.s:22     .text.prvGetHighestPriorityOfWaitToReceiveList:00000000 $t
     /tmp/ccmofomj.s:27     .text.prvGetHighestPriorityOfWaitToReceiveList:00000000 prvGetHighestPriorityOfWaitToReceiveList
     /tmp/ccmofomj.s:61     .text.prvIsQueueFull:00000000 $t
     /tmp/ccmofomj.s:66     .text.prvIsQueueFull:00000000 prvIsQueueFull
     /tmp/ccmofomj.s:114    .text.prvIsQueueEmpty:00000000 $t
     /tmp/ccmofomj.s:119    .text.prvIsQueueEmpty:00000000 prvIsQueueEmpty
     /tmp/ccmofomj.s:164    .text.prvCopyDataToQueue:00000000 $t
     /tmp/ccmofomj.s:169    .text.prvCopyDataToQueue:00000000 prvCopyDataToQueue
     /tmp/ccmofomj.s:328    .text.prvCopyDataFromQueue:00000000 $t
     /tmp/ccmofomj.s:333    .text.prvCopyDataFromQueue:00000000 prvCopyDataFromQueue
     /tmp/ccmofomj.s:393    .text.prvUnlockQueue:00000000 $t
     /tmp/ccmofomj.s:398    .text.prvUnlockQueue:00000000 prvUnlockQueue
     /tmp/ccmofomj.s:523    .text.xQueueGenericReset:00000000 $t
     /tmp/ccmofomj.s:529    .text.xQueueGenericReset:00000000 xQueueGenericReset
     /tmp/ccmofomj.s:675    .text.prvInitialiseNewQueue:00000000 $t
     /tmp/ccmofomj.s:680    .text.prvInitialiseNewQueue:00000000 prvInitialiseNewQueue
     /tmp/ccmofomj.s:740    .text.xQueueGenericCreateStatic:00000000 $t
     /tmp/ccmofomj.s:746    .text.xQueueGenericCreateStatic:00000000 xQueueGenericCreateStatic
     /tmp/ccmofomj.s:851    .text.xQueueGenericGetStaticBuffers:00000000 $t
     /tmp/ccmofomj.s:857    .text.xQueueGenericGetStaticBuffers:00000000 xQueueGenericGetStaticBuffers
     /tmp/ccmofomj.s:937    .text.xQueueGenericCreate:00000000 $t
     /tmp/ccmofomj.s:943    .text.xQueueGenericCreate:00000000 xQueueGenericCreate
     /tmp/ccmofomj.s:1049   .text.xQueueGetMutexHolder:00000000 $t
     /tmp/ccmofomj.s:1055   .text.xQueueGetMutexHolder:00000000 xQueueGetMutexHolder
     /tmp/ccmofomj.s:1117   .text.xQueueGetMutexHolderFromISR:00000000 $t
     /tmp/ccmofomj.s:1123   .text.xQueueGetMutexHolderFromISR:00000000 xQueueGetMutexHolderFromISR
     /tmp/ccmofomj.s:1175   .text.xQueueCreateCountingSemaphoreStatic:00000000 $t
     /tmp/ccmofomj.s:1181   .text.xQueueCreateCountingSemaphoreStatic:00000000 xQueueCreateCountingSemaphoreStatic
     /tmp/ccmofomj.s:1254   .text.xQueueCreateCountingSemaphore:00000000 $t
     /tmp/ccmofomj.s:1260   .text.xQueueCreateCountingSemaphore:00000000 xQueueCreateCountingSemaphore
     /tmp/ccmofomj.s:1321   .text.xQueueGenericSend:00000000 $t
     /tmp/ccmofomj.s:1327   .text.xQueueGenericSend:00000000 xQueueGenericSend
     /tmp/ccmofomj.s:1638   .text.prvInitialiseMutex:00000000 $t
     /tmp/ccmofomj.s:1643   .text.prvInitialiseMutex:00000000 prvInitialiseMutex
     /tmp/ccmofomj.s:1691   .text.xQueueCreateMutex:00000000 $t
     /tmp/ccmofomj.s:1697   .text.xQueueCreateMutex:00000000 xQueueCreateMutex
     /tmp/ccmofomj.s:1739   .text.xQueueCreateMutexStatic:00000000 $t
     /tmp/ccmofomj.s:1745   .text.xQueueCreateMutexStatic:00000000 xQueueCreateMutexStatic
     /tmp/ccmofomj.s:1799   .text.xQueueGiveMutexRecursive:00000000 $t
     /tmp/ccmofomj.s:1805   .text.xQueueGiveMutexRecursive:00000000 xQueueGiveMutexRecursive
     /tmp/ccmofomj.s:1887   .text.xQueueGenericSendFromISR:00000000 $t
     /tmp/ccmofomj.s:1893   .text.xQueueGenericSendFromISR:00000000 xQueueGenericSendFromISR
     /tmp/ccmofomj.s:2121   .text.xQueueGiveFromISR:00000000 $t
     /tmp/ccmofomj.s:2127   .text.xQueueGiveFromISR:00000000 xQueueGiveFromISR
     /tmp/ccmofomj.s:2351   .text.xQueueReceive:00000000 $t
     /tmp/ccmofomj.s:2357   .text.xQueueReceive:00000000 xQueueReceive
     /tmp/ccmofomj.s:2651   .text.xQueueSemaphoreTake:00000000 $t
     /tmp/ccmofomj.s:2657   .text.xQueueSemaphoreTake:00000000 xQueueSemaphoreTake
     /tmp/ccmofomj.s:3015   .text.xQueueTakeMutexRecursive:00000000 $t
     /tmp/ccmofomj.s:3021   .text.xQueueTakeMutexRecursive:00000000 xQueueTakeMutexRecursive
     /tmp/ccmofomj.s:3105   .text.xQueuePeek:00000000 $t
     /tmp/ccmofomj.s:3111   .text.xQueuePeek:00000000 xQueuePeek
     /tmp/ccmofomj.s:3407   .text.xQueueReceiveFromISR:00000000 $t
     /tmp/ccmofomj.s:3413   .text.xQueueReceiveFromISR:00000000 xQueueReceiveFromISR
     /tmp/ccmofomj.s:3628   .text.xQueuePeekFromISR:00000000 $t
ARM GAS  /tmp/ccmofomj.s 			page 162


     /tmp/ccmofomj.s:3634   .text.xQueuePeekFromISR:00000000 xQueuePeekFromISR
     /tmp/ccmofomj.s:3757   .text.uxQueueMessagesWaiting:00000000 $t
     /tmp/ccmofomj.s:3763   .text.uxQueueMessagesWaiting:00000000 uxQueueMessagesWaiting
     /tmp/ccmofomj.s:3810   .text.uxQueueSpacesAvailable:00000000 $t
     /tmp/ccmofomj.s:3816   .text.uxQueueSpacesAvailable:00000000 uxQueueSpacesAvailable
     /tmp/ccmofomj.s:3871   .text.uxQueueMessagesWaitingFromISR:00000000 $t
     /tmp/ccmofomj.s:3877   .text.uxQueueMessagesWaitingFromISR:00000000 uxQueueMessagesWaitingFromISR
     /tmp/ccmofomj.s:3918   .text.uxQueueGetQueueNumber:00000000 $t
     /tmp/ccmofomj.s:3924   .text.uxQueueGetQueueNumber:00000000 uxQueueGetQueueNumber
     /tmp/ccmofomj.s:3944   .text.vQueueSetQueueNumber:00000000 $t
     /tmp/ccmofomj.s:3950   .text.vQueueSetQueueNumber:00000000 vQueueSetQueueNumber
     /tmp/ccmofomj.s:3969   .text.ucQueueGetQueueType:00000000 $t
     /tmp/ccmofomj.s:3975   .text.ucQueueGetQueueType:00000000 ucQueueGetQueueType
     /tmp/ccmofomj.s:3995   .text.uxQueueGetQueueItemSize:00000000 $t
     /tmp/ccmofomj.s:4001   .text.uxQueueGetQueueItemSize:00000000 uxQueueGetQueueItemSize
     /tmp/ccmofomj.s:4021   .text.uxQueueGetQueueLength:00000000 $t
     /tmp/ccmofomj.s:4027   .text.uxQueueGetQueueLength:00000000 uxQueueGetQueueLength
     /tmp/ccmofomj.s:4047   .text.xQueueIsQueueEmptyFromISR:00000000 $t
     /tmp/ccmofomj.s:4053   .text.xQueueIsQueueEmptyFromISR:00000000 xQueueIsQueueEmptyFromISR
     /tmp/ccmofomj.s:4106   .text.xQueueIsQueueFullFromISR:00000000 $t
     /tmp/ccmofomj.s:4112   .text.xQueueIsQueueFullFromISR:00000000 xQueueIsQueueFullFromISR
     /tmp/ccmofomj.s:4168   .text.vQueueAddToRegistry:00000000 $t
     /tmp/ccmofomj.s:4174   .text.vQueueAddToRegistry:00000000 vQueueAddToRegistry
     /tmp/ccmofomj.s:4283   .text.vQueueAddToRegistry:0000004c $d
     /tmp/ccmofomj.s:4599   .bss.xQueueRegistry:00000000 xQueueRegistry
     /tmp/ccmofomj.s:4288   .text.pcQueueGetName:00000000 $t
     /tmp/ccmofomj.s:4294   .text.pcQueueGetName:00000000 pcQueueGetName
     /tmp/ccmofomj.s:4368   .text.pcQueueGetName:00000030 $d
     /tmp/ccmofomj.s:4373   .text.vQueueUnregisterQueue:00000000 $t
     /tmp/ccmofomj.s:4379   .text.vQueueUnregisterQueue:00000000 vQueueUnregisterQueue
     /tmp/ccmofomj.s:4447   .text.vQueueUnregisterQueue:00000034 $d
     /tmp/ccmofomj.s:4452   .text.vQueueDelete:00000000 $t
     /tmp/ccmofomj.s:4458   .text.vQueueDelete:00000000 vQueueDelete
     /tmp/ccmofomj.s:4513   .text.vQueueWaitForMessageRestricted:00000000 $t
     /tmp/ccmofomj.s:4519   .text.vQueueWaitForMessageRestricted:00000000 vQueueWaitForMessageRestricted
     /tmp/ccmofomj.s:4596   .bss.xQueueRegistry:00000000 $d

UNDEFINED SYMBOLS
vPortEnterCritical
vPortExitCritical
xTaskPriorityDisinherit
memcpy
xTaskRemoveFromEventList
vTaskMissedYield
ulSetInterruptMask
vPortYield
vListInitialise
pvPortMalloc
xTaskGetSchedulerState
vTaskInternalSetTimeOutState
xTaskResumeAll
vTaskSuspendAll
xTaskCheckForTimeOut
vTaskPlaceOnEventList
xTaskGetCurrentTaskHandle
vPortValidateInterruptPriority
vClearInterruptMask
ARM GAS  /tmp/ccmofomj.s 			page 163


uxTaskGetNumberOfTasks
pvTaskIncrementMutexHeldCount
xTaskPriorityInherit
vTaskPriorityDisinheritAfterTimeout
vPortFree
vTaskPlaceOnEventListRestricted
