ARM GAS  /tmp/ccqyujhR.s 			page 1


   1              		.cpu cortex-m33
   2              		.arch armv8-m.main
   3              		.fpu fpv5-sp-d16
   4              		.arch_extension dsp
   5              		.eabi_attribute 27, 1
   6              		.eabi_attribute 28, 1
   7              		.eabi_attribute 20, 1
   8              		.eabi_attribute 21, 1
   9              		.eabi_attribute 23, 3
  10              		.eabi_attribute 24, 1
  11              		.eabi_attribute 25, 1
  12              		.eabi_attribute 26, 1
  13              		.eabi_attribute 30, 1
  14              		.eabi_attribute 34, 1
  15              		.eabi_attribute 18, 4
  16              		.file	"stm32h5xx_hal.c"
  17              		.text
  18              	.Ltext0:
  19              		.cfi_sections	.debug_frame
  20              		.file 1 "Drivers/STM32H5xx_HAL_Driver/Src/stm32h5xx_hal.c"
  21              		.section	.text.HAL_MspInit,"ax",%progbits
  22              		.align	1
  23              		.weak	HAL_MspInit
  24              		.syntax unified
  25              		.thumb
  26              		.thumb_func
  28              	HAL_MspInit:
  29              	.LFB159:
   1:Drivers/STM32H5xx_HAL_Driver/Src/stm32h5xx_hal.c **** /**
   2:Drivers/STM32H5xx_HAL_Driver/Src/stm32h5xx_hal.c ****   *************************************************************************************************
   3:Drivers/STM32H5xx_HAL_Driver/Src/stm32h5xx_hal.c ****   * @file    stm32h5xx_hal.c
   4:Drivers/STM32H5xx_HAL_Driver/Src/stm32h5xx_hal.c ****   * @author  MCD Application Team
   5:Drivers/STM32H5xx_HAL_Driver/Src/stm32h5xx_hal.c ****   * @brief   HAL module driver.
   6:Drivers/STM32H5xx_HAL_Driver/Src/stm32h5xx_hal.c ****   *          This is the common part of the HAL initialization
   7:Drivers/STM32H5xx_HAL_Driver/Src/stm32h5xx_hal.c ****   *
   8:Drivers/STM32H5xx_HAL_Driver/Src/stm32h5xx_hal.c ****   @verbatim
   9:Drivers/STM32H5xx_HAL_Driver/Src/stm32h5xx_hal.c ****   =================================================================================================
  10:Drivers/STM32H5xx_HAL_Driver/Src/stm32h5xx_hal.c ****                      ##### How to use this driver #####
  11:Drivers/STM32H5xx_HAL_Driver/Src/stm32h5xx_hal.c ****   =================================================================================================
  12:Drivers/STM32H5xx_HAL_Driver/Src/stm32h5xx_hal.c ****     [..]
  13:Drivers/STM32H5xx_HAL_Driver/Src/stm32h5xx_hal.c ****     The common HAL driver contains a set of generic and common APIs that can be
  14:Drivers/STM32H5xx_HAL_Driver/Src/stm32h5xx_hal.c ****     used by the PPP peripheral drivers and the user to start using the HAL.
  15:Drivers/STM32H5xx_HAL_Driver/Src/stm32h5xx_hal.c ****     [..]
  16:Drivers/STM32H5xx_HAL_Driver/Src/stm32h5xx_hal.c ****     The HAL contains two APIs' categories:
  17:Drivers/STM32H5xx_HAL_Driver/Src/stm32h5xx_hal.c ****          (+) Common HAL APIs
  18:Drivers/STM32H5xx_HAL_Driver/Src/stm32h5xx_hal.c ****          (+) Services HAL APIs
  19:Drivers/STM32H5xx_HAL_Driver/Src/stm32h5xx_hal.c **** 
  20:Drivers/STM32H5xx_HAL_Driver/Src/stm32h5xx_hal.c ****   @endverbatim
  21:Drivers/STM32H5xx_HAL_Driver/Src/stm32h5xx_hal.c ****   *************************************************************************************************
  22:Drivers/STM32H5xx_HAL_Driver/Src/stm32h5xx_hal.c ****   * @attention
  23:Drivers/STM32H5xx_HAL_Driver/Src/stm32h5xx_hal.c ****   *
  24:Drivers/STM32H5xx_HAL_Driver/Src/stm32h5xx_hal.c ****   * Copyright (c) 2023 STMicroelectronics.
  25:Drivers/STM32H5xx_HAL_Driver/Src/stm32h5xx_hal.c ****   * All rights reserved.
  26:Drivers/STM32H5xx_HAL_Driver/Src/stm32h5xx_hal.c ****   *
  27:Drivers/STM32H5xx_HAL_Driver/Src/stm32h5xx_hal.c ****   * This software is licensed under terms that can be found in the LICENSE file
  28:Drivers/STM32H5xx_HAL_Driver/Src/stm32h5xx_hal.c ****   * in the root directory of this software component.
  29:Drivers/STM32H5xx_HAL_Driver/Src/stm32h5xx_hal.c ****   * If no LICENSE file comes with this software, it is provided AS-IS.
ARM GAS  /tmp/ccqyujhR.s 			page 2


  30:Drivers/STM32H5xx_HAL_Driver/Src/stm32h5xx_hal.c ****   *
  31:Drivers/STM32H5xx_HAL_Driver/Src/stm32h5xx_hal.c ****   *************************************************************************************************
  32:Drivers/STM32H5xx_HAL_Driver/Src/stm32h5xx_hal.c ****   */
  33:Drivers/STM32H5xx_HAL_Driver/Src/stm32h5xx_hal.c **** 
  34:Drivers/STM32H5xx_HAL_Driver/Src/stm32h5xx_hal.c **** /* Includes ---------------------------------------------------------------------------------------
  35:Drivers/STM32H5xx_HAL_Driver/Src/stm32h5xx_hal.c **** #include "stm32h5xx_hal.h"
  36:Drivers/STM32H5xx_HAL_Driver/Src/stm32h5xx_hal.c **** 
  37:Drivers/STM32H5xx_HAL_Driver/Src/stm32h5xx_hal.c **** /** @addtogroup STM32H5xx_HAL_Driver
  38:Drivers/STM32H5xx_HAL_Driver/Src/stm32h5xx_hal.c ****   * @{
  39:Drivers/STM32H5xx_HAL_Driver/Src/stm32h5xx_hal.c ****   */
  40:Drivers/STM32H5xx_HAL_Driver/Src/stm32h5xx_hal.c **** 
  41:Drivers/STM32H5xx_HAL_Driver/Src/stm32h5xx_hal.c **** /** @defgroup HAL HAL
  42:Drivers/STM32H5xx_HAL_Driver/Src/stm32h5xx_hal.c ****   * @brief HAL module driver
  43:Drivers/STM32H5xx_HAL_Driver/Src/stm32h5xx_hal.c ****   * @{
  44:Drivers/STM32H5xx_HAL_Driver/Src/stm32h5xx_hal.c ****   */
  45:Drivers/STM32H5xx_HAL_Driver/Src/stm32h5xx_hal.c **** 
  46:Drivers/STM32H5xx_HAL_Driver/Src/stm32h5xx_hal.c **** #ifdef HAL_MODULE_ENABLED
  47:Drivers/STM32H5xx_HAL_Driver/Src/stm32h5xx_hal.c **** 
  48:Drivers/STM32H5xx_HAL_Driver/Src/stm32h5xx_hal.c **** /* Private typedef --------------------------------------------------------------------------------
  49:Drivers/STM32H5xx_HAL_Driver/Src/stm32h5xx_hal.c **** /* Private define ---------------------------------------------------------------------------------
  50:Drivers/STM32H5xx_HAL_Driver/Src/stm32h5xx_hal.c **** /**
  51:Drivers/STM32H5xx_HAL_Driver/Src/stm32h5xx_hal.c ****   * @brief STM32H5xx HAL Driver version number 1.6.0
  52:Drivers/STM32H5xx_HAL_Driver/Src/stm32h5xx_hal.c ****    */
  53:Drivers/STM32H5xx_HAL_Driver/Src/stm32h5xx_hal.c **** #define __STM32H5XX_HAL_VERSION_MAIN   (0x01UL) /*!< [31:24] main version */
  54:Drivers/STM32H5xx_HAL_Driver/Src/stm32h5xx_hal.c **** #define __STM32H5XX_HAL_VERSION_SUB1   (0x06UL) /*!< [23:16] sub1 version */
  55:Drivers/STM32H5xx_HAL_Driver/Src/stm32h5xx_hal.c **** #define __STM32H5XX_HAL_VERSION_SUB2   (0x00UL) /*!< [15:8]  sub2 version */
  56:Drivers/STM32H5xx_HAL_Driver/Src/stm32h5xx_hal.c **** #define __STM32H5XX_HAL_VERSION_RC     (0x00UL) /*!< [7:0]  release candidate */
  57:Drivers/STM32H5xx_HAL_Driver/Src/stm32h5xx_hal.c **** #define __STM32H5XX_HAL_VERSION         ((__STM32H5XX_HAL_VERSION_MAIN << 24U)\
  58:Drivers/STM32H5xx_HAL_Driver/Src/stm32h5xx_hal.c ****                                          |(__STM32H5XX_HAL_VERSION_SUB1 << 16U)\
  59:Drivers/STM32H5xx_HAL_Driver/Src/stm32h5xx_hal.c ****                                          |(__STM32H5XX_HAL_VERSION_SUB2 << 8U )\
  60:Drivers/STM32H5xx_HAL_Driver/Src/stm32h5xx_hal.c ****                                          |(__STM32H5XX_HAL_VERSION_RC))
  61:Drivers/STM32H5xx_HAL_Driver/Src/stm32h5xx_hal.c **** 
  62:Drivers/STM32H5xx_HAL_Driver/Src/stm32h5xx_hal.c **** #if defined(VREFBUF)
  63:Drivers/STM32H5xx_HAL_Driver/Src/stm32h5xx_hal.c **** #define VREFBUF_TIMEOUT_VALUE           10U   /* 10 ms */
  64:Drivers/STM32H5xx_HAL_Driver/Src/stm32h5xx_hal.c **** #endif /* VREFBUF */
  65:Drivers/STM32H5xx_HAL_Driver/Src/stm32h5xx_hal.c **** 
  66:Drivers/STM32H5xx_HAL_Driver/Src/stm32h5xx_hal.c **** /* Value used to increment hide protection level */
  67:Drivers/STM32H5xx_HAL_Driver/Src/stm32h5xx_hal.c **** #define SBS_HDPL_INCREMENT_VALUE  (uint8_t)0x6A
  68:Drivers/STM32H5xx_HAL_Driver/Src/stm32h5xx_hal.c **** 
  69:Drivers/STM32H5xx_HAL_Driver/Src/stm32h5xx_hal.c **** /* Value used to lock/unlock debug functionalities */
  70:Drivers/STM32H5xx_HAL_Driver/Src/stm32h5xx_hal.c **** #define SBS_DEBUG_LOCK_VALUE      (uint8_t)0xC3
  71:Drivers/STM32H5xx_HAL_Driver/Src/stm32h5xx_hal.c **** #define SBS_DEBUG_UNLOCK_VALUE    (uint8_t)0xB4
  72:Drivers/STM32H5xx_HAL_Driver/Src/stm32h5xx_hal.c **** 
  73:Drivers/STM32H5xx_HAL_Driver/Src/stm32h5xx_hal.c **** /* Private macro ----------------------------------------------------------------------------------
  74:Drivers/STM32H5xx_HAL_Driver/Src/stm32h5xx_hal.c **** /* Private variables ------------------------------------------------------------------------------
  75:Drivers/STM32H5xx_HAL_Driver/Src/stm32h5xx_hal.c **** /* Exported variables -----------------------------------------------------------------------------
  76:Drivers/STM32H5xx_HAL_Driver/Src/stm32h5xx_hal.c **** 
  77:Drivers/STM32H5xx_HAL_Driver/Src/stm32h5xx_hal.c **** /** @defgroup HAL_Exported_Variables HAL Exported Variables
  78:Drivers/STM32H5xx_HAL_Driver/Src/stm32h5xx_hal.c ****   * @{
  79:Drivers/STM32H5xx_HAL_Driver/Src/stm32h5xx_hal.c ****   */
  80:Drivers/STM32H5xx_HAL_Driver/Src/stm32h5xx_hal.c **** __IO uint32_t uwTick;
  81:Drivers/STM32H5xx_HAL_Driver/Src/stm32h5xx_hal.c **** uint32_t uwTickPrio   = (1UL << __NVIC_PRIO_BITS); /* Invalid PRIO */
  82:Drivers/STM32H5xx_HAL_Driver/Src/stm32h5xx_hal.c **** HAL_TickFreqTypeDef uwTickFreq = HAL_TICK_FREQ_DEFAULT;  /* 1KHz */
  83:Drivers/STM32H5xx_HAL_Driver/Src/stm32h5xx_hal.c **** /**
  84:Drivers/STM32H5xx_HAL_Driver/Src/stm32h5xx_hal.c ****   * @}
  85:Drivers/STM32H5xx_HAL_Driver/Src/stm32h5xx_hal.c ****   */
  86:Drivers/STM32H5xx_HAL_Driver/Src/stm32h5xx_hal.c **** 
ARM GAS  /tmp/ccqyujhR.s 			page 3


  87:Drivers/STM32H5xx_HAL_Driver/Src/stm32h5xx_hal.c **** /* Private function prototypes --------------------------------------------------------------------
  88:Drivers/STM32H5xx_HAL_Driver/Src/stm32h5xx_hal.c **** /* Exported functions -----------------------------------------------------------------------------
  89:Drivers/STM32H5xx_HAL_Driver/Src/stm32h5xx_hal.c **** 
  90:Drivers/STM32H5xx_HAL_Driver/Src/stm32h5xx_hal.c **** /** @defgroup HAL_Exported_Functions HAL Exported Functions
  91:Drivers/STM32H5xx_HAL_Driver/Src/stm32h5xx_hal.c ****   * @{
  92:Drivers/STM32H5xx_HAL_Driver/Src/stm32h5xx_hal.c ****   */
  93:Drivers/STM32H5xx_HAL_Driver/Src/stm32h5xx_hal.c **** 
  94:Drivers/STM32H5xx_HAL_Driver/Src/stm32h5xx_hal.c **** /** @defgroup HAL_Exported_Functions_Group1 Initialization and de-initialization Functions
  95:Drivers/STM32H5xx_HAL_Driver/Src/stm32h5xx_hal.c ****   *  @brief    Initialization and de-initialization functions
  96:Drivers/STM32H5xx_HAL_Driver/Src/stm32h5xx_hal.c ****   *
  97:Drivers/STM32H5xx_HAL_Driver/Src/stm32h5xx_hal.c **** @verbatim
  98:Drivers/STM32H5xx_HAL_Driver/Src/stm32h5xx_hal.c ****  ==================================================================================================
  99:Drivers/STM32H5xx_HAL_Driver/Src/stm32h5xx_hal.c ****               ##### Initialization and de-initialization functions #####
 100:Drivers/STM32H5xx_HAL_Driver/Src/stm32h5xx_hal.c ****  ==================================================================================================
 101:Drivers/STM32H5xx_HAL_Driver/Src/stm32h5xx_hal.c ****     [..]  This section provides functions allowing to:
 102:Drivers/STM32H5xx_HAL_Driver/Src/stm32h5xx_hal.c ****       (+) Initializes the Flash interface the NVIC allocation and initial clock
 103:Drivers/STM32H5xx_HAL_Driver/Src/stm32h5xx_hal.c ****           configuration. It initializes the systick also when timeout is needed
 104:Drivers/STM32H5xx_HAL_Driver/Src/stm32h5xx_hal.c ****           and the backup domain when enabled.
 105:Drivers/STM32H5xx_HAL_Driver/Src/stm32h5xx_hal.c ****       (+) De-Initializes common part of the HAL.
 106:Drivers/STM32H5xx_HAL_Driver/Src/stm32h5xx_hal.c ****       (+) Configure The time base source to have 1ms time base with a dedicated
 107:Drivers/STM32H5xx_HAL_Driver/Src/stm32h5xx_hal.c ****           Tick interrupt priority.
 108:Drivers/STM32H5xx_HAL_Driver/Src/stm32h5xx_hal.c ****         (++) SysTick timer is used by default as source of time base, but user
 109:Drivers/STM32H5xx_HAL_Driver/Src/stm32h5xx_hal.c ****              can eventually implement his proper time base source (a general purpose
 110:Drivers/STM32H5xx_HAL_Driver/Src/stm32h5xx_hal.c ****              timer for example or other time source), keeping in mind that Time base
 111:Drivers/STM32H5xx_HAL_Driver/Src/stm32h5xx_hal.c ****              duration should be kept 1ms since PPP_TIMEOUT_VALUEs are defined and
 112:Drivers/STM32H5xx_HAL_Driver/Src/stm32h5xx_hal.c ****              handled in milliseconds basis.
 113:Drivers/STM32H5xx_HAL_Driver/Src/stm32h5xx_hal.c ****         (++) Time base configuration function (HAL_InitTick ()) is called automatically
 114:Drivers/STM32H5xx_HAL_Driver/Src/stm32h5xx_hal.c ****              at the beginning of the program after reset by HAL_Init() or at any time
 115:Drivers/STM32H5xx_HAL_Driver/Src/stm32h5xx_hal.c ****              when clock is configured, by HAL_RCC_ClockConfig().
 116:Drivers/STM32H5xx_HAL_Driver/Src/stm32h5xx_hal.c ****         (++) Source of time base is configured  to generate interrupts at regular
 117:Drivers/STM32H5xx_HAL_Driver/Src/stm32h5xx_hal.c ****              time intervals. Care must be taken if HAL_Delay() is called from a
 118:Drivers/STM32H5xx_HAL_Driver/Src/stm32h5xx_hal.c ****              peripheral ISR process, the Tick interrupt line must have higher priority
 119:Drivers/STM32H5xx_HAL_Driver/Src/stm32h5xx_hal.c ****             (numerically lower) than the peripheral interrupt. Otherwise the caller
 120:Drivers/STM32H5xx_HAL_Driver/Src/stm32h5xx_hal.c ****             ISR process will be blocked.
 121:Drivers/STM32H5xx_HAL_Driver/Src/stm32h5xx_hal.c ****        (++) functions affecting time base configurations are declared as __weak
 122:Drivers/STM32H5xx_HAL_Driver/Src/stm32h5xx_hal.c ****              to make  override possible  in case of other  implementations in user file.
 123:Drivers/STM32H5xx_HAL_Driver/Src/stm32h5xx_hal.c **** @endverbatim
 124:Drivers/STM32H5xx_HAL_Driver/Src/stm32h5xx_hal.c ****   * @{
 125:Drivers/STM32H5xx_HAL_Driver/Src/stm32h5xx_hal.c ****   */
 126:Drivers/STM32H5xx_HAL_Driver/Src/stm32h5xx_hal.c **** 
 127:Drivers/STM32H5xx_HAL_Driver/Src/stm32h5xx_hal.c **** /**
 128:Drivers/STM32H5xx_HAL_Driver/Src/stm32h5xx_hal.c ****   * @brief  Configure the Flash prefetch, the time base source, NVIC and any required global low
 129:Drivers/STM32H5xx_HAL_Driver/Src/stm32h5xx_hal.c ****   *         level hardware by calling the HAL_MspInit() callback function to be optionally defined
 130:Drivers/STM32H5xx_HAL_Driver/Src/stm32h5xx_hal.c ****   *         in user file stm32h5xx_hal_msp.c.
 131:Drivers/STM32H5xx_HAL_Driver/Src/stm32h5xx_hal.c ****   *
 132:Drivers/STM32H5xx_HAL_Driver/Src/stm32h5xx_hal.c ****   * @note   HAL_Init() function is called at the beginning of program after reset and before
 133:Drivers/STM32H5xx_HAL_Driver/Src/stm32h5xx_hal.c ****   *         the clock configuration.
 134:Drivers/STM32H5xx_HAL_Driver/Src/stm32h5xx_hal.c ****   *
 135:Drivers/STM32H5xx_HAL_Driver/Src/stm32h5xx_hal.c ****   * @note   In the default implementation the System Timer (SysTick) is used as source of time base
 136:Drivers/STM32H5xx_HAL_Driver/Src/stm32h5xx_hal.c ****   *         The SysTick configuration is based on HSI clock, as HSI is the clock
 137:Drivers/STM32H5xx_HAL_Driver/Src/stm32h5xx_hal.c ****   *         used after a system Reset and the NVIC configuration is set to Priority group 4.
 138:Drivers/STM32H5xx_HAL_Driver/Src/stm32h5xx_hal.c ****   *         Once done, time base tick starts incrementing: the tick variable counter is incremented
 139:Drivers/STM32H5xx_HAL_Driver/Src/stm32h5xx_hal.c ****   *         each 1ms in the SysTick_Handler() interrupt handler.
 140:Drivers/STM32H5xx_HAL_Driver/Src/stm32h5xx_hal.c ****   *
 141:Drivers/STM32H5xx_HAL_Driver/Src/stm32h5xx_hal.c ****   * @retval HAL status
 142:Drivers/STM32H5xx_HAL_Driver/Src/stm32h5xx_hal.c ****   */
 143:Drivers/STM32H5xx_HAL_Driver/Src/stm32h5xx_hal.c **** HAL_StatusTypeDef HAL_Init(void)
ARM GAS  /tmp/ccqyujhR.s 			page 4


 144:Drivers/STM32H5xx_HAL_Driver/Src/stm32h5xx_hal.c **** {
 145:Drivers/STM32H5xx_HAL_Driver/Src/stm32h5xx_hal.c ****   /* Configure Flash prefetch */
 146:Drivers/STM32H5xx_HAL_Driver/Src/stm32h5xx_hal.c **** #if (PREFETCH_ENABLE != 0U)
 147:Drivers/STM32H5xx_HAL_Driver/Src/stm32h5xx_hal.c ****   __HAL_FLASH_PREFETCH_BUFFER_ENABLE();
 148:Drivers/STM32H5xx_HAL_Driver/Src/stm32h5xx_hal.c **** #endif /* PREFETCH_ENABLE */
 149:Drivers/STM32H5xx_HAL_Driver/Src/stm32h5xx_hal.c **** 
 150:Drivers/STM32H5xx_HAL_Driver/Src/stm32h5xx_hal.c ****   /* Set Interrupt Group Priority */
 151:Drivers/STM32H5xx_HAL_Driver/Src/stm32h5xx_hal.c ****   HAL_NVIC_SetPriorityGrouping(NVIC_PRIORITYGROUP_4);
 152:Drivers/STM32H5xx_HAL_Driver/Src/stm32h5xx_hal.c **** 
 153:Drivers/STM32H5xx_HAL_Driver/Src/stm32h5xx_hal.c ****   /* Update the SystemCoreClock global variable */
 154:Drivers/STM32H5xx_HAL_Driver/Src/stm32h5xx_hal.c ****   SystemCoreClock = HAL_RCC_GetSysClockFreq() >> AHBPrescTable[(RCC->CFGR2 & RCC_CFGR2_HPRE) >> RCC
 155:Drivers/STM32H5xx_HAL_Driver/Src/stm32h5xx_hal.c **** 
 156:Drivers/STM32H5xx_HAL_Driver/Src/stm32h5xx_hal.c ****   /* Select HCLK as SysTick clock source */
 157:Drivers/STM32H5xx_HAL_Driver/Src/stm32h5xx_hal.c ****   HAL_SYSTICK_CLKSourceConfig(SYSTICK_CLKSOURCE_HCLK);
 158:Drivers/STM32H5xx_HAL_Driver/Src/stm32h5xx_hal.c **** 
 159:Drivers/STM32H5xx_HAL_Driver/Src/stm32h5xx_hal.c ****   /* Use systick as time base source and configure 1ms tick (default clock after Reset is HSI) */
 160:Drivers/STM32H5xx_HAL_Driver/Src/stm32h5xx_hal.c ****   if (HAL_InitTick(TICK_INT_PRIORITY) != HAL_OK)
 161:Drivers/STM32H5xx_HAL_Driver/Src/stm32h5xx_hal.c ****   {
 162:Drivers/STM32H5xx_HAL_Driver/Src/stm32h5xx_hal.c ****     return HAL_ERROR;
 163:Drivers/STM32H5xx_HAL_Driver/Src/stm32h5xx_hal.c ****   }
 164:Drivers/STM32H5xx_HAL_Driver/Src/stm32h5xx_hal.c **** 
 165:Drivers/STM32H5xx_HAL_Driver/Src/stm32h5xx_hal.c ****   /* Init the low level hardware */
 166:Drivers/STM32H5xx_HAL_Driver/Src/stm32h5xx_hal.c ****   HAL_MspInit();
 167:Drivers/STM32H5xx_HAL_Driver/Src/stm32h5xx_hal.c **** 
 168:Drivers/STM32H5xx_HAL_Driver/Src/stm32h5xx_hal.c ****   /* Return function status */
 169:Drivers/STM32H5xx_HAL_Driver/Src/stm32h5xx_hal.c ****   return HAL_OK;
 170:Drivers/STM32H5xx_HAL_Driver/Src/stm32h5xx_hal.c **** }
 171:Drivers/STM32H5xx_HAL_Driver/Src/stm32h5xx_hal.c **** 
 172:Drivers/STM32H5xx_HAL_Driver/Src/stm32h5xx_hal.c **** /**
 173:Drivers/STM32H5xx_HAL_Driver/Src/stm32h5xx_hal.c ****   * @brief  This function de-Initializes common part of the HAL and stops the systick.
 174:Drivers/STM32H5xx_HAL_Driver/Src/stm32h5xx_hal.c ****   *         This function is optional.
 175:Drivers/STM32H5xx_HAL_Driver/Src/stm32h5xx_hal.c ****   * @retval HAL status
 176:Drivers/STM32H5xx_HAL_Driver/Src/stm32h5xx_hal.c ****   */
 177:Drivers/STM32H5xx_HAL_Driver/Src/stm32h5xx_hal.c **** HAL_StatusTypeDef HAL_DeInit(void)
 178:Drivers/STM32H5xx_HAL_Driver/Src/stm32h5xx_hal.c **** {
 179:Drivers/STM32H5xx_HAL_Driver/Src/stm32h5xx_hal.c ****   /* Reset of all peripherals */
 180:Drivers/STM32H5xx_HAL_Driver/Src/stm32h5xx_hal.c ****   __HAL_RCC_APB1_FORCE_RESET();
 181:Drivers/STM32H5xx_HAL_Driver/Src/stm32h5xx_hal.c ****   __HAL_RCC_APB1_RELEASE_RESET();
 182:Drivers/STM32H5xx_HAL_Driver/Src/stm32h5xx_hal.c **** 
 183:Drivers/STM32H5xx_HAL_Driver/Src/stm32h5xx_hal.c ****   __HAL_RCC_APB2_FORCE_RESET();
 184:Drivers/STM32H5xx_HAL_Driver/Src/stm32h5xx_hal.c ****   __HAL_RCC_APB2_RELEASE_RESET();
 185:Drivers/STM32H5xx_HAL_Driver/Src/stm32h5xx_hal.c **** 
 186:Drivers/STM32H5xx_HAL_Driver/Src/stm32h5xx_hal.c ****   __HAL_RCC_APB3_FORCE_RESET();
 187:Drivers/STM32H5xx_HAL_Driver/Src/stm32h5xx_hal.c ****   __HAL_RCC_APB3_RELEASE_RESET();
 188:Drivers/STM32H5xx_HAL_Driver/Src/stm32h5xx_hal.c **** 
 189:Drivers/STM32H5xx_HAL_Driver/Src/stm32h5xx_hal.c ****   __HAL_RCC_AHB1_FORCE_RESET();
 190:Drivers/STM32H5xx_HAL_Driver/Src/stm32h5xx_hal.c ****   __HAL_RCC_AHB1_RELEASE_RESET();
 191:Drivers/STM32H5xx_HAL_Driver/Src/stm32h5xx_hal.c **** 
 192:Drivers/STM32H5xx_HAL_Driver/Src/stm32h5xx_hal.c ****   __HAL_RCC_AHB2_FORCE_RESET();
 193:Drivers/STM32H5xx_HAL_Driver/Src/stm32h5xx_hal.c ****   __HAL_RCC_AHB2_RELEASE_RESET();
 194:Drivers/STM32H5xx_HAL_Driver/Src/stm32h5xx_hal.c **** 
 195:Drivers/STM32H5xx_HAL_Driver/Src/stm32h5xx_hal.c **** #if defined(AHB4PERIPH_BASE)
 196:Drivers/STM32H5xx_HAL_Driver/Src/stm32h5xx_hal.c ****   __HAL_RCC_AHB4_FORCE_RESET();
 197:Drivers/STM32H5xx_HAL_Driver/Src/stm32h5xx_hal.c ****   __HAL_RCC_AHB4_RELEASE_RESET();
 198:Drivers/STM32H5xx_HAL_Driver/Src/stm32h5xx_hal.c **** #endif /* AHB4PERIPH_BASE */
 199:Drivers/STM32H5xx_HAL_Driver/Src/stm32h5xx_hal.c **** 
 200:Drivers/STM32H5xx_HAL_Driver/Src/stm32h5xx_hal.c ****   /* De-Init the low level hardware */
ARM GAS  /tmp/ccqyujhR.s 			page 5


 201:Drivers/STM32H5xx_HAL_Driver/Src/stm32h5xx_hal.c ****   HAL_MspDeInit();
 202:Drivers/STM32H5xx_HAL_Driver/Src/stm32h5xx_hal.c **** 
 203:Drivers/STM32H5xx_HAL_Driver/Src/stm32h5xx_hal.c ****   /* Return function status */
 204:Drivers/STM32H5xx_HAL_Driver/Src/stm32h5xx_hal.c ****   return HAL_OK;
 205:Drivers/STM32H5xx_HAL_Driver/Src/stm32h5xx_hal.c **** }
 206:Drivers/STM32H5xx_HAL_Driver/Src/stm32h5xx_hal.c **** 
 207:Drivers/STM32H5xx_HAL_Driver/Src/stm32h5xx_hal.c **** /**
 208:Drivers/STM32H5xx_HAL_Driver/Src/stm32h5xx_hal.c ****   * @brief  Initializes the MSP.
 209:Drivers/STM32H5xx_HAL_Driver/Src/stm32h5xx_hal.c ****   * @retval None
 210:Drivers/STM32H5xx_HAL_Driver/Src/stm32h5xx_hal.c ****   */
 211:Drivers/STM32H5xx_HAL_Driver/Src/stm32h5xx_hal.c **** __weak void HAL_MspInit(void)
 212:Drivers/STM32H5xx_HAL_Driver/Src/stm32h5xx_hal.c **** {
  30              		.loc 1 212 1 view -0
  31              		.cfi_startproc
  32              		@ args = 0, pretend = 0, frame = 0
  33              		@ frame_needed = 0, uses_anonymous_args = 0
  34              		@ link register save eliminated.
 213:Drivers/STM32H5xx_HAL_Driver/Src/stm32h5xx_hal.c ****   /* NOTE : This function Should not be modified, when the callback is needed,
 214:Drivers/STM32H5xx_HAL_Driver/Src/stm32h5xx_hal.c ****             the HAL_MspInit could be implemented in the user file
 215:Drivers/STM32H5xx_HAL_Driver/Src/stm32h5xx_hal.c ****    */
 216:Drivers/STM32H5xx_HAL_Driver/Src/stm32h5xx_hal.c **** }
  35              		.loc 1 216 1 view .LVU1
  36 0000 7047     		bx	lr
  37              		.cfi_endproc
  38              	.LFE159:
  40              		.section	.text.HAL_MspDeInit,"ax",%progbits
  41              		.align	1
  42              		.weak	HAL_MspDeInit
  43              		.syntax unified
  44              		.thumb
  45              		.thumb_func
  47              	HAL_MspDeInit:
  48              	.LFB160:
 217:Drivers/STM32H5xx_HAL_Driver/Src/stm32h5xx_hal.c **** 
 218:Drivers/STM32H5xx_HAL_Driver/Src/stm32h5xx_hal.c **** /**
 219:Drivers/STM32H5xx_HAL_Driver/Src/stm32h5xx_hal.c ****   * @brief  DeInitializes the MSP.
 220:Drivers/STM32H5xx_HAL_Driver/Src/stm32h5xx_hal.c ****   * @retval None
 221:Drivers/STM32H5xx_HAL_Driver/Src/stm32h5xx_hal.c ****   */
 222:Drivers/STM32H5xx_HAL_Driver/Src/stm32h5xx_hal.c **** __weak void HAL_MspDeInit(void)
 223:Drivers/STM32H5xx_HAL_Driver/Src/stm32h5xx_hal.c **** {
  49              		.loc 1 223 1 view -0
  50              		.cfi_startproc
  51              		@ args = 0, pretend = 0, frame = 0
  52              		@ frame_needed = 0, uses_anonymous_args = 0
  53              		@ link register save eliminated.
 224:Drivers/STM32H5xx_HAL_Driver/Src/stm32h5xx_hal.c ****   /* NOTE : This function Should not be modified, when the callback is needed,
 225:Drivers/STM32H5xx_HAL_Driver/Src/stm32h5xx_hal.c ****             the HAL_MspDeInit could be implemented in the user file
 226:Drivers/STM32H5xx_HAL_Driver/Src/stm32h5xx_hal.c ****    */
 227:Drivers/STM32H5xx_HAL_Driver/Src/stm32h5xx_hal.c **** }
  54              		.loc 1 227 1 view .LVU3
  55 0000 7047     		bx	lr
  56              		.cfi_endproc
  57              	.LFE160:
  59              		.section	.text.HAL_DeInit,"ax",%progbits
  60              		.align	1
  61              		.global	HAL_DeInit
  62              		.syntax unified
ARM GAS  /tmp/ccqyujhR.s 			page 6


  63              		.thumb
  64              		.thumb_func
  66              	HAL_DeInit:
  67              	.LFB158:
 178:Drivers/STM32H5xx_HAL_Driver/Src/stm32h5xx_hal.c ****   /* Reset of all peripherals */
  68              		.loc 1 178 1 view -0
  69              		.cfi_startproc
  70              		@ args = 0, pretend = 0, frame = 0
  71              		@ frame_needed = 0, uses_anonymous_args = 0
  72 0000 10B5     		push	{r4, lr}
  73              	.LCFI0:
  74              		.cfi_def_cfa_offset 8
  75              		.cfi_offset 4, -8
  76              		.cfi_offset 14, -4
 180:Drivers/STM32H5xx_HAL_Driver/Src/stm32h5xx_hal.c ****   __HAL_RCC_APB1_RELEASE_RESET();
  77              		.loc 1 180 3 view .LVU5
 180:Drivers/STM32H5xx_HAL_Driver/Src/stm32h5xx_hal.c ****   __HAL_RCC_APB1_RELEASE_RESET();
  78              		.loc 1 180 3 view .LVU6
  79 0002 0E4B     		ldr	r3, .L5
  80 0004 0E4A     		ldr	r2, .L5+4
  81 0006 5A67     		str	r2, [r3, #116]
 180:Drivers/STM32H5xx_HAL_Driver/Src/stm32h5xx_hal.c ****   __HAL_RCC_APB1_RELEASE_RESET();
  82              		.loc 1 180 3 view .LVU7
  83 0008 0E4A     		ldr	r2, .L5+8
  84 000a 9A67     		str	r2, [r3, #120]
 180:Drivers/STM32H5xx_HAL_Driver/Src/stm32h5xx_hal.c ****   __HAL_RCC_APB1_RELEASE_RESET();
  85              		.loc 1 180 3 view .LVU8
 181:Drivers/STM32H5xx_HAL_Driver/Src/stm32h5xx_hal.c **** 
  86              		.loc 1 181 3 view .LVU9
 181:Drivers/STM32H5xx_HAL_Driver/Src/stm32h5xx_hal.c **** 
  87              		.loc 1 181 3 view .LVU10
  88 000c 0024     		movs	r4, #0
  89 000e 5C67     		str	r4, [r3, #116]
 181:Drivers/STM32H5xx_HAL_Driver/Src/stm32h5xx_hal.c **** 
  90              		.loc 1 181 3 view .LVU11
  91 0010 9C67     		str	r4, [r3, #120]
 181:Drivers/STM32H5xx_HAL_Driver/Src/stm32h5xx_hal.c **** 
  92              		.loc 1 181 3 view .LVU12
 183:Drivers/STM32H5xx_HAL_Driver/Src/stm32h5xx_hal.c ****   __HAL_RCC_APB2_RELEASE_RESET();
  93              		.loc 1 183 3 view .LVU13
  94 0012 0D4A     		ldr	r2, .L5+12
  95 0014 DA67     		str	r2, [r3, #124]
 184:Drivers/STM32H5xx_HAL_Driver/Src/stm32h5xx_hal.c **** 
  96              		.loc 1 184 3 view .LVU14
  97 0016 DC67     		str	r4, [r3, #124]
 186:Drivers/STM32H5xx_HAL_Driver/Src/stm32h5xx_hal.c ****   __HAL_RCC_APB3_RELEASE_RESET();
  98              		.loc 1 186 3 view .LVU15
  99 0018 0C4A     		ldr	r2, .L5+16
 100 001a C3F88020 		str	r2, [r3, #128]
 187:Drivers/STM32H5xx_HAL_Driver/Src/stm32h5xx_hal.c **** 
 101              		.loc 1 187 3 view .LVU16
 102 001e C3F88040 		str	r4, [r3, #128]
 189:Drivers/STM32H5xx_HAL_Driver/Src/stm32h5xx_hal.c ****   __HAL_RCC_AHB1_RELEASE_RESET();
 103              		.loc 1 189 3 view .LVU17
 104 0022 0B4A     		ldr	r2, .L5+20
 105 0024 1A66     		str	r2, [r3, #96]
 190:Drivers/STM32H5xx_HAL_Driver/Src/stm32h5xx_hal.c **** 
ARM GAS  /tmp/ccqyujhR.s 			page 7


 106              		.loc 1 190 3 view .LVU18
 107 0026 1C66     		str	r4, [r3, #96]
 192:Drivers/STM32H5xx_HAL_Driver/Src/stm32h5xx_hal.c ****   __HAL_RCC_AHB2_RELEASE_RESET();
 108              		.loc 1 192 3 view .LVU19
 109 0028 0A4A     		ldr	r2, .L5+24
 110 002a 5A66     		str	r2, [r3, #100]
 193:Drivers/STM32H5xx_HAL_Driver/Src/stm32h5xx_hal.c **** 
 111              		.loc 1 193 3 view .LVU20
 112 002c 5C66     		str	r4, [r3, #100]
 196:Drivers/STM32H5xx_HAL_Driver/Src/stm32h5xx_hal.c ****   __HAL_RCC_AHB4_RELEASE_RESET();
 113              		.loc 1 196 3 view .LVU21
 114 002e 0A4A     		ldr	r2, .L5+28
 115 0030 DA66     		str	r2, [r3, #108]
 197:Drivers/STM32H5xx_HAL_Driver/Src/stm32h5xx_hal.c **** #endif /* AHB4PERIPH_BASE */
 116              		.loc 1 197 3 view .LVU22
 117 0032 DC66     		str	r4, [r3, #108]
 201:Drivers/STM32H5xx_HAL_Driver/Src/stm32h5xx_hal.c **** 
 118              		.loc 1 201 3 view .LVU23
 119 0034 FFF7FEFF 		bl	HAL_MspDeInit
 120              	.LVL0:
 204:Drivers/STM32H5xx_HAL_Driver/Src/stm32h5xx_hal.c **** }
 121              		.loc 1 204 3 view .LVU24
 205:Drivers/STM32H5xx_HAL_Driver/Src/stm32h5xx_hal.c **** 
 122              		.loc 1 205 1 is_stmt 0 view .LVU25
 123 0038 2046     		mov	r0, r4
 124 003a 10BD     		pop	{r4, pc}
 125              	.L6:
 126              		.align	2
 127              	.L5:
 128 003c 000C0244 		.word	1140984832
 129 0040 FFC1FEDF 		.word	-536952321
 130 0044 2B068040 		.word	1082132011
 131 0048 00787F01 		.word	25131008
 132 004c E0081000 		.word	1050848
 133 0050 03D00A01 		.word	17485827
 134 0054 FF1D1F00 		.word	2039295
 135 0058 80181100 		.word	1120384
 136              		.cfi_endproc
 137              	.LFE158:
 139              		.section	.text.HAL_InitTick,"ax",%progbits
 140              		.align	1
 141              		.weak	HAL_InitTick
 142              		.syntax unified
 143              		.thumb
 144              		.thumb_func
 146              	HAL_InitTick:
 147              	.LVL1:
 148              	.LFB161:
 228:Drivers/STM32H5xx_HAL_Driver/Src/stm32h5xx_hal.c **** 
 229:Drivers/STM32H5xx_HAL_Driver/Src/stm32h5xx_hal.c **** /**
 230:Drivers/STM32H5xx_HAL_Driver/Src/stm32h5xx_hal.c ****   * @brief This function configures the source of the time base.
 231:Drivers/STM32H5xx_HAL_Driver/Src/stm32h5xx_hal.c ****   *        The time source is configured to have 1ms time base with a dedicated
 232:Drivers/STM32H5xx_HAL_Driver/Src/stm32h5xx_hal.c ****   *        Tick interrupt priority.
 233:Drivers/STM32H5xx_HAL_Driver/Src/stm32h5xx_hal.c ****   * @note This function is called  automatically at the beginning of program after
 234:Drivers/STM32H5xx_HAL_Driver/Src/stm32h5xx_hal.c ****   *       reset by HAL_Init() or at any time when clock is reconfigured  by HAL_RCC_ClockConfig().
 235:Drivers/STM32H5xx_HAL_Driver/Src/stm32h5xx_hal.c ****   * @note In the default implementation, SysTick timer is the source of time base.
 236:Drivers/STM32H5xx_HAL_Driver/Src/stm32h5xx_hal.c ****   *       It is used to generate interrupts at regular time intervals.
ARM GAS  /tmp/ccqyujhR.s 			page 8


 237:Drivers/STM32H5xx_HAL_Driver/Src/stm32h5xx_hal.c ****   *       Care must be taken if HAL_Delay() is called from a peripheral ISR process,
 238:Drivers/STM32H5xx_HAL_Driver/Src/stm32h5xx_hal.c ****   *       The SysTick interrupt must have higher priority (numerically lower)
 239:Drivers/STM32H5xx_HAL_Driver/Src/stm32h5xx_hal.c ****   *       than the peripheral interrupt. Otherwise the caller ISR process will be blocked.
 240:Drivers/STM32H5xx_HAL_Driver/Src/stm32h5xx_hal.c ****   *       The function is declared as __weak  to be overwritten  in case of other
 241:Drivers/STM32H5xx_HAL_Driver/Src/stm32h5xx_hal.c ****   *       implementation  in user file.
 242:Drivers/STM32H5xx_HAL_Driver/Src/stm32h5xx_hal.c ****   * @param TickPriority: Tick interrupt priority.
 243:Drivers/STM32H5xx_HAL_Driver/Src/stm32h5xx_hal.c ****   * @retval HAL status
 244:Drivers/STM32H5xx_HAL_Driver/Src/stm32h5xx_hal.c ****   */
 245:Drivers/STM32H5xx_HAL_Driver/Src/stm32h5xx_hal.c **** __weak HAL_StatusTypeDef HAL_InitTick(uint32_t TickPriority)
 246:Drivers/STM32H5xx_HAL_Driver/Src/stm32h5xx_hal.c **** {
 149              		.loc 1 246 1 is_stmt 1 view -0
 150              		.cfi_startproc
 151              		@ args = 0, pretend = 0, frame = 0
 152              		@ frame_needed = 0, uses_anonymous_args = 0
 153              		.loc 1 246 1 is_stmt 0 view .LVU27
 154 0000 38B5     		push	{r3, r4, r5, lr}
 155              	.LCFI1:
 156              		.cfi_def_cfa_offset 16
 157              		.cfi_offset 3, -16
 158              		.cfi_offset 4, -12
 159              		.cfi_offset 5, -8
 160              		.cfi_offset 14, -4
 247:Drivers/STM32H5xx_HAL_Driver/Src/stm32h5xx_hal.c ****   uint32_t ticknumber = 0U;
 161              		.loc 1 247 3 is_stmt 1 view .LVU28
 162              	.LVL2:
 248:Drivers/STM32H5xx_HAL_Driver/Src/stm32h5xx_hal.c ****   uint32_t systicksel;
 163              		.loc 1 248 3 view .LVU29
 249:Drivers/STM32H5xx_HAL_Driver/Src/stm32h5xx_hal.c **** 
 250:Drivers/STM32H5xx_HAL_Driver/Src/stm32h5xx_hal.c ****   /* Check uwTickFreq for MisraC 2012 (even if uwTickFreq is a enum type that don't take the value 
 251:Drivers/STM32H5xx_HAL_Driver/Src/stm32h5xx_hal.c ****   if ((uint32_t)uwTickFreq == 0UL)
 164              		.loc 1 251 3 view .LVU30
 165              		.loc 1 251 28 is_stmt 0 view .LVU31
 166 0002 274B     		ldr	r3, .L17
 167 0004 1A78     		ldrb	r2, [r3]	@ zero_extendqisi2
 168              		.loc 1 251 6 view .LVU32
 169 0006 002A     		cmp	r2, #0
 170 0008 47D0     		beq	.L13
 171 000a 0546     		mov	r5, r0
 252:Drivers/STM32H5xx_HAL_Driver/Src/stm32h5xx_hal.c ****   {
 253:Drivers/STM32H5xx_HAL_Driver/Src/stm32h5xx_hal.c ****     return HAL_ERROR;
 254:Drivers/STM32H5xx_HAL_Driver/Src/stm32h5xx_hal.c ****   }
 255:Drivers/STM32H5xx_HAL_Driver/Src/stm32h5xx_hal.c **** 
 256:Drivers/STM32H5xx_HAL_Driver/Src/stm32h5xx_hal.c ****   /* Check Clock source to calculate the tickNumber */
 257:Drivers/STM32H5xx_HAL_Driver/Src/stm32h5xx_hal.c ****   if (READ_BIT(SysTick->CTRL, SysTick_CTRL_CLKSOURCE_Msk) == SysTick_CTRL_CLKSOURCE_Msk)
 172              		.loc 1 257 3 is_stmt 1 view .LVU33
 173              		.loc 1 257 7 is_stmt 0 view .LVU34
 174 000c 4FF0E023 		mov	r3, #-536813568
 175 0010 1C69     		ldr	r4, [r3, #16]
 176              		.loc 1 257 6 view .LVU35
 177 0012 14F00404 		ands	r4, r4, #4
 178 0016 0DD0     		beq	.L9
 258:Drivers/STM32H5xx_HAL_Driver/Src/stm32h5xx_hal.c ****   {
 259:Drivers/STM32H5xx_HAL_Driver/Src/stm32h5xx_hal.c ****     /* HCLK selected as SysTick clock source */
 260:Drivers/STM32H5xx_HAL_Driver/Src/stm32h5xx_hal.c ****     ticknumber = SystemCoreClock / (1000UL / (uint32_t)uwTickFreq);
 179              		.loc 1 260 5 is_stmt 1 view .LVU36
 180              		.loc 1 260 34 is_stmt 0 view .LVU37
 181 0018 224B     		ldr	r3, .L17+4
ARM GAS  /tmp/ccqyujhR.s 			page 9


 182 001a 1C68     		ldr	r4, [r3]
 183              		.loc 1 260 44 view .LVU38
 184 001c 4FF47A71 		mov	r1, #1000
 185 0020 B1FBF2F2 		udiv	r2, r1, r2
 186              		.loc 1 260 16 view .LVU39
 187 0024 B4FBF2F4 		udiv	r4, r4, r2
 188              	.LVL3:
 189              	.L10:
 261:Drivers/STM32H5xx_HAL_Driver/Src/stm32h5xx_hal.c ****   }
 262:Drivers/STM32H5xx_HAL_Driver/Src/stm32h5xx_hal.c ****   else
 263:Drivers/STM32H5xx_HAL_Driver/Src/stm32h5xx_hal.c ****   {
 264:Drivers/STM32H5xx_HAL_Driver/Src/stm32h5xx_hal.c ****     systicksel = HAL_SYSTICK_GetCLKSourceConfig();
 265:Drivers/STM32H5xx_HAL_Driver/Src/stm32h5xx_hal.c ****     switch (systicksel)
 266:Drivers/STM32H5xx_HAL_Driver/Src/stm32h5xx_hal.c ****     {
 267:Drivers/STM32H5xx_HAL_Driver/Src/stm32h5xx_hal.c ****       /* HCLK_DIV8 selected as SysTick clock source */
 268:Drivers/STM32H5xx_HAL_Driver/Src/stm32h5xx_hal.c ****       case SYSTICK_CLKSOURCE_HCLK_DIV8:
 269:Drivers/STM32H5xx_HAL_Driver/Src/stm32h5xx_hal.c ****         /* Calculate tick value */
 270:Drivers/STM32H5xx_HAL_Driver/Src/stm32h5xx_hal.c ****         ticknumber = (SystemCoreClock / (8000UL / (uint32_t)uwTickFreq));
 271:Drivers/STM32H5xx_HAL_Driver/Src/stm32h5xx_hal.c ****         break;
 272:Drivers/STM32H5xx_HAL_Driver/Src/stm32h5xx_hal.c ****       /* LSI selected as SysTick clock source */
 273:Drivers/STM32H5xx_HAL_Driver/Src/stm32h5xx_hal.c ****       case SYSTICK_CLKSOURCE_LSI:
 274:Drivers/STM32H5xx_HAL_Driver/Src/stm32h5xx_hal.c ****         /* Calculate tick value */
 275:Drivers/STM32H5xx_HAL_Driver/Src/stm32h5xx_hal.c ****         ticknumber = (LSI_VALUE / (1000UL / (uint32_t)uwTickFreq));
 276:Drivers/STM32H5xx_HAL_Driver/Src/stm32h5xx_hal.c ****         break;
 277:Drivers/STM32H5xx_HAL_Driver/Src/stm32h5xx_hal.c ****       /* LSE selected as SysTick clock source */
 278:Drivers/STM32H5xx_HAL_Driver/Src/stm32h5xx_hal.c ****       case SYSTICK_CLKSOURCE_LSE:
 279:Drivers/STM32H5xx_HAL_Driver/Src/stm32h5xx_hal.c ****         /* Calculate tick value */
 280:Drivers/STM32H5xx_HAL_Driver/Src/stm32h5xx_hal.c ****         ticknumber = (LSE_VALUE / (1000UL / (uint32_t)uwTickFreq));
 281:Drivers/STM32H5xx_HAL_Driver/Src/stm32h5xx_hal.c ****         break;
 282:Drivers/STM32H5xx_HAL_Driver/Src/stm32h5xx_hal.c ****       default:
 283:Drivers/STM32H5xx_HAL_Driver/Src/stm32h5xx_hal.c ****         /* Nothing to do */
 284:Drivers/STM32H5xx_HAL_Driver/Src/stm32h5xx_hal.c ****         break;
 285:Drivers/STM32H5xx_HAL_Driver/Src/stm32h5xx_hal.c ****     }
 286:Drivers/STM32H5xx_HAL_Driver/Src/stm32h5xx_hal.c ****   }
 287:Drivers/STM32H5xx_HAL_Driver/Src/stm32h5xx_hal.c **** 
 288:Drivers/STM32H5xx_HAL_Driver/Src/stm32h5xx_hal.c ****   /* Configure the SysTick to have interrupt in 1ms time basis*/
 289:Drivers/STM32H5xx_HAL_Driver/Src/stm32h5xx_hal.c ****   if (HAL_SYSTICK_Config(ticknumber) > 0U)
 190              		.loc 1 289 3 is_stmt 1 view .LVU40
 191              		.loc 1 289 7 is_stmt 0 view .LVU41
 192 0028 2046     		mov	r0, r4
 193 002a FFF7FEFF 		bl	HAL_SYSTICK_Config
 194              	.LVL4:
 195              		.loc 1 289 6 discriminator 1 view .LVU42
 196 002e 50B3     		cbz	r0, .L16
 290:Drivers/STM32H5xx_HAL_Driver/Src/stm32h5xx_hal.c ****   {
 291:Drivers/STM32H5xx_HAL_Driver/Src/stm32h5xx_hal.c ****     return HAL_ERROR;
 197              		.loc 1 291 12 view .LVU43
 198 0030 0120     		movs	r0, #1
 199 0032 33E0     		b	.L8
 200              	.LVL5:
 201              	.L9:
 264:Drivers/STM32H5xx_HAL_Driver/Src/stm32h5xx_hal.c ****     switch (systicksel)
 202              		.loc 1 264 5 is_stmt 1 view .LVU44
 264:Drivers/STM32H5xx_HAL_Driver/Src/stm32h5xx_hal.c ****     switch (systicksel)
 203              		.loc 1 264 18 is_stmt 0 view .LVU45
 204 0034 FFF7FEFF 		bl	HAL_SYSTICK_GetCLKSourceConfig
 205              	.LVL6:
ARM GAS  /tmp/ccqyujhR.s 			page 10


 265:Drivers/STM32H5xx_HAL_Driver/Src/stm32h5xx_hal.c ****     {
 206              		.loc 1 265 5 is_stmt 1 view .LVU46
 207 0038 0128     		cmp	r0, #1
 208 003a 0ED0     		beq	.L11
 209 003c 0228     		cmp	r0, #2
 210 003e 17D0     		beq	.L12
 211 0040 0028     		cmp	r0, #0
 212 0042 F1D1     		bne	.L10
 270:Drivers/STM32H5xx_HAL_Driver/Src/stm32h5xx_hal.c ****         break;
 213              		.loc 1 270 9 view .LVU47
 270:Drivers/STM32H5xx_HAL_Driver/Src/stm32h5xx_hal.c ****         break;
 214              		.loc 1 270 39 is_stmt 0 view .LVU48
 215 0044 174B     		ldr	r3, .L17+4
 216 0046 1C68     		ldr	r4, [r3]
 270:Drivers/STM32H5xx_HAL_Driver/Src/stm32h5xx_hal.c ****         break;
 217              		.loc 1 270 51 view .LVU49
 218 0048 154A     		ldr	r2, .L17
 219 004a 1178     		ldrb	r1, [r2]	@ zero_extendqisi2
 270:Drivers/STM32H5xx_HAL_Driver/Src/stm32h5xx_hal.c ****         break;
 220              		.loc 1 270 49 view .LVU50
 221 004c 4FF4FA52 		mov	r2, #8000
 222 0050 B2FBF1F2 		udiv	r2, r2, r1
 270:Drivers/STM32H5xx_HAL_Driver/Src/stm32h5xx_hal.c ****         break;
 223              		.loc 1 270 20 view .LVU51
 224 0054 B4FBF2F4 		udiv	r4, r4, r2
 225              	.LVL7:
 271:Drivers/STM32H5xx_HAL_Driver/Src/stm32h5xx_hal.c ****       /* LSI selected as SysTick clock source */
 226              		.loc 1 271 9 is_stmt 1 view .LVU52
 227 0058 E6E7     		b	.L10
 228              	.LVL8:
 229              	.L11:
 275:Drivers/STM32H5xx_HAL_Driver/Src/stm32h5xx_hal.c ****         break;
 230              		.loc 1 275 9 view .LVU53
 275:Drivers/STM32H5xx_HAL_Driver/Src/stm32h5xx_hal.c ****         break;
 231              		.loc 1 275 45 is_stmt 0 view .LVU54
 232 005a 114B     		ldr	r3, .L17
 233 005c 1B78     		ldrb	r3, [r3]	@ zero_extendqisi2
 275:Drivers/STM32H5xx_HAL_Driver/Src/stm32h5xx_hal.c ****         break;
 234              		.loc 1 275 43 view .LVU55
 235 005e 4FF47A72 		mov	r2, #1000
 236 0062 B2FBF3F2 		udiv	r2, r2, r3
 275:Drivers/STM32H5xx_HAL_Driver/Src/stm32h5xx_hal.c ****         break;
 237              		.loc 1 275 20 view .LVU56
 238 0066 4FF4FA43 		mov	r3, #32000
 239 006a B3FBF2F4 		udiv	r4, r3, r2
 240              	.LVL9:
 276:Drivers/STM32H5xx_HAL_Driver/Src/stm32h5xx_hal.c ****       /* LSE selected as SysTick clock source */
 241              		.loc 1 276 9 is_stmt 1 view .LVU57
 242 006e DBE7     		b	.L10
 243              	.LVL10:
 244              	.L12:
 280:Drivers/STM32H5xx_HAL_Driver/Src/stm32h5xx_hal.c ****         break;
 245              		.loc 1 280 9 view .LVU58
 280:Drivers/STM32H5xx_HAL_Driver/Src/stm32h5xx_hal.c ****         break;
 246              		.loc 1 280 45 is_stmt 0 view .LVU59
 247 0070 0B4B     		ldr	r3, .L17
 248 0072 1B78     		ldrb	r3, [r3]	@ zero_extendqisi2
ARM GAS  /tmp/ccqyujhR.s 			page 11


 280:Drivers/STM32H5xx_HAL_Driver/Src/stm32h5xx_hal.c ****         break;
 249              		.loc 1 280 43 view .LVU60
 250 0074 4FF47A72 		mov	r2, #1000
 251 0078 B2FBF3F2 		udiv	r2, r2, r3
 280:Drivers/STM32H5xx_HAL_Driver/Src/stm32h5xx_hal.c ****         break;
 252              		.loc 1 280 20 view .LVU61
 253 007c 4FF40043 		mov	r3, #32768
 254 0080 B3FBF2F4 		udiv	r4, r3, r2
 255              	.LVL11:
 281:Drivers/STM32H5xx_HAL_Driver/Src/stm32h5xx_hal.c ****       default:
 256              		.loc 1 281 9 is_stmt 1 view .LVU62
 257 0084 D0E7     		b	.L10
 258              	.LVL12:
 259              	.L16:
 292:Drivers/STM32H5xx_HAL_Driver/Src/stm32h5xx_hal.c ****   }
 293:Drivers/STM32H5xx_HAL_Driver/Src/stm32h5xx_hal.c **** 
 294:Drivers/STM32H5xx_HAL_Driver/Src/stm32h5xx_hal.c ****   /* Configure the SysTick IRQ priority */
 295:Drivers/STM32H5xx_HAL_Driver/Src/stm32h5xx_hal.c ****   HAL_NVIC_SetPriority(SysTick_IRQn, TickPriority, 0U);
 260              		.loc 1 295 3 view .LVU63
 261 0086 0022     		movs	r2, #0
 262 0088 2946     		mov	r1, r5
 263 008a 4FF0FF30 		mov	r0, #-1
 264 008e FFF7FEFF 		bl	HAL_NVIC_SetPriority
 265              	.LVL13:
 296:Drivers/STM32H5xx_HAL_Driver/Src/stm32h5xx_hal.c ****   uwTickPrio = TickPriority;
 266              		.loc 1 296 3 view .LVU64
 267              		.loc 1 296 14 is_stmt 0 view .LVU65
 268 0092 054B     		ldr	r3, .L17+8
 269 0094 1D60     		str	r5, [r3]
 297:Drivers/STM32H5xx_HAL_Driver/Src/stm32h5xx_hal.c **** 
 298:Drivers/STM32H5xx_HAL_Driver/Src/stm32h5xx_hal.c ****   /* Return function status */
 299:Drivers/STM32H5xx_HAL_Driver/Src/stm32h5xx_hal.c ****   return HAL_OK;
 270              		.loc 1 299 3 is_stmt 1 view .LVU66
 271              		.loc 1 299 10 is_stmt 0 view .LVU67
 272 0096 0020     		movs	r0, #0
 273 0098 00E0     		b	.L8
 274              	.LVL14:
 275              	.L13:
 253:Drivers/STM32H5xx_HAL_Driver/Src/stm32h5xx_hal.c ****   }
 276              		.loc 1 253 12 view .LVU68
 277 009a 0120     		movs	r0, #1
 278              	.LVL15:
 279              	.L8:
 300:Drivers/STM32H5xx_HAL_Driver/Src/stm32h5xx_hal.c **** }
 280              		.loc 1 300 1 view .LVU69
 281 009c 38BD     		pop	{r3, r4, r5, pc}
 282              	.L18:
 283 009e 00BF     		.align	2
 284              	.L17:
 285 00a0 00000000 		.word	uwTickFreq
 286 00a4 00000000 		.word	SystemCoreClock
 287 00a8 00000000 		.word	uwTickPrio
 288              		.cfi_endproc
 289              	.LFE161:
 291              		.section	.text.HAL_Init,"ax",%progbits
 292              		.align	1
 293              		.global	HAL_Init
ARM GAS  /tmp/ccqyujhR.s 			page 12


 294              		.syntax unified
 295              		.thumb
 296              		.thumb_func
 298              	HAL_Init:
 299              	.LFB157:
 144:Drivers/STM32H5xx_HAL_Driver/Src/stm32h5xx_hal.c ****   /* Configure Flash prefetch */
 300              		.loc 1 144 1 is_stmt 1 view -0
 301              		.cfi_startproc
 302              		@ args = 0, pretend = 0, frame = 0
 303              		@ frame_needed = 0, uses_anonymous_args = 0
 304 0000 10B5     		push	{r4, lr}
 305              	.LCFI2:
 306              		.cfi_def_cfa_offset 8
 307              		.cfi_offset 4, -8
 308              		.cfi_offset 14, -4
 151:Drivers/STM32H5xx_HAL_Driver/Src/stm32h5xx_hal.c **** 
 309              		.loc 1 151 3 view .LVU71
 310 0002 0320     		movs	r0, #3
 311 0004 FFF7FEFF 		bl	HAL_NVIC_SetPriorityGrouping
 312              	.LVL16:
 154:Drivers/STM32H5xx_HAL_Driver/Src/stm32h5xx_hal.c **** 
 313              		.loc 1 154 3 view .LVU72
 154:Drivers/STM32H5xx_HAL_Driver/Src/stm32h5xx_hal.c **** 
 314              		.loc 1 154 21 is_stmt 0 view .LVU73
 315 0008 FFF7FEFF 		bl	HAL_RCC_GetSysClockFreq
 316              	.LVL17:
 154:Drivers/STM32H5xx_HAL_Driver/Src/stm32h5xx_hal.c **** 
 317              		.loc 1 154 68 discriminator 1 view .LVU74
 318 000c 0B4B     		ldr	r3, .L24
 319 000e 1B6A     		ldr	r3, [r3, #32]
 154:Drivers/STM32H5xx_HAL_Driver/Src/stm32h5xx_hal.c **** 
 320              		.loc 1 154 94 discriminator 1 view .LVU75
 321 0010 03F00F03 		and	r3, r3, #15
 154:Drivers/STM32H5xx_HAL_Driver/Src/stm32h5xx_hal.c **** 
 322              		.loc 1 154 63 discriminator 1 view .LVU76
 323 0014 0A4A     		ldr	r2, .L24+4
 324 0016 D35C     		ldrb	r3, [r2, r3]	@ zero_extendqisi2
 154:Drivers/STM32H5xx_HAL_Driver/Src/stm32h5xx_hal.c **** 
 325              		.loc 1 154 47 discriminator 1 view .LVU77
 326 0018 D840     		lsrs	r0, r0, r3
 154:Drivers/STM32H5xx_HAL_Driver/Src/stm32h5xx_hal.c **** 
 327              		.loc 1 154 19 discriminator 1 view .LVU78
 328 001a 0A4B     		ldr	r3, .L24+8
 329 001c 1860     		str	r0, [r3]
 157:Drivers/STM32H5xx_HAL_Driver/Src/stm32h5xx_hal.c **** 
 330              		.loc 1 157 3 is_stmt 1 view .LVU79
 331 001e 0420     		movs	r0, #4
 332 0020 FFF7FEFF 		bl	HAL_SYSTICK_CLKSourceConfig
 333              	.LVL18:
 160:Drivers/STM32H5xx_HAL_Driver/Src/stm32h5xx_hal.c ****   {
 334              		.loc 1 160 3 view .LVU80
 160:Drivers/STM32H5xx_HAL_Driver/Src/stm32h5xx_hal.c ****   {
 335              		.loc 1 160 7 is_stmt 0 view .LVU81
 336 0024 0F20     		movs	r0, #15
 337 0026 FFF7FEFF 		bl	HAL_InitTick
 338              	.LVL19:
 160:Drivers/STM32H5xx_HAL_Driver/Src/stm32h5xx_hal.c ****   {
ARM GAS  /tmp/ccqyujhR.s 			page 13


 339              		.loc 1 160 6 discriminator 1 view .LVU82
 340 002a 10B1     		cbz	r0, .L23
 162:Drivers/STM32H5xx_HAL_Driver/Src/stm32h5xx_hal.c ****   }
 341              		.loc 1 162 12 view .LVU83
 342 002c 0124     		movs	r4, #1
 343              	.L20:
 170:Drivers/STM32H5xx_HAL_Driver/Src/stm32h5xx_hal.c **** 
 344              		.loc 1 170 1 view .LVU84
 345 002e 2046     		mov	r0, r4
 346 0030 10BD     		pop	{r4, pc}
 347              	.L23:
 348 0032 0446     		mov	r4, r0
 166:Drivers/STM32H5xx_HAL_Driver/Src/stm32h5xx_hal.c **** 
 349              		.loc 1 166 3 is_stmt 1 view .LVU85
 350 0034 FFF7FEFF 		bl	HAL_MspInit
 351              	.LVL20:
 169:Drivers/STM32H5xx_HAL_Driver/Src/stm32h5xx_hal.c **** }
 352              		.loc 1 169 3 view .LVU86
 169:Drivers/STM32H5xx_HAL_Driver/Src/stm32h5xx_hal.c **** }
 353              		.loc 1 169 10 is_stmt 0 view .LVU87
 354 0038 F9E7     		b	.L20
 355              	.L25:
 356 003a 00BF     		.align	2
 357              	.L24:
 358 003c 000C0244 		.word	1140984832
 359 0040 00000000 		.word	AHBPrescTable
 360 0044 00000000 		.word	SystemCoreClock
 361              		.cfi_endproc
 362              	.LFE157:
 364              		.section	.text.HAL_IncTick,"ax",%progbits
 365              		.align	1
 366              		.weak	HAL_IncTick
 367              		.syntax unified
 368              		.thumb
 369              		.thumb_func
 371              	HAL_IncTick:
 372              	.LFB162:
 301:Drivers/STM32H5xx_HAL_Driver/Src/stm32h5xx_hal.c **** 
 302:Drivers/STM32H5xx_HAL_Driver/Src/stm32h5xx_hal.c **** /**
 303:Drivers/STM32H5xx_HAL_Driver/Src/stm32h5xx_hal.c ****   * @}
 304:Drivers/STM32H5xx_HAL_Driver/Src/stm32h5xx_hal.c ****   */
 305:Drivers/STM32H5xx_HAL_Driver/Src/stm32h5xx_hal.c **** 
 306:Drivers/STM32H5xx_HAL_Driver/Src/stm32h5xx_hal.c **** /** @defgroup HAL_Group2 HAL Control functions
 307:Drivers/STM32H5xx_HAL_Driver/Src/stm32h5xx_hal.c ****   *  @brief    HAL Control functions
 308:Drivers/STM32H5xx_HAL_Driver/Src/stm32h5xx_hal.c ****   *
 309:Drivers/STM32H5xx_HAL_Driver/Src/stm32h5xx_hal.c **** @verbatim
 310:Drivers/STM32H5xx_HAL_Driver/Src/stm32h5xx_hal.c ****  ==================================================================================================
 311:Drivers/STM32H5xx_HAL_Driver/Src/stm32h5xx_hal.c ****                                        ##### HAL Control functions #####
 312:Drivers/STM32H5xx_HAL_Driver/Src/stm32h5xx_hal.c ****  ==================================================================================================
 313:Drivers/STM32H5xx_HAL_Driver/Src/stm32h5xx_hal.c ****     [..]  This section provides functions allowing to:
 314:Drivers/STM32H5xx_HAL_Driver/Src/stm32h5xx_hal.c ****       (+) Provide a tick value in millisecond
 315:Drivers/STM32H5xx_HAL_Driver/Src/stm32h5xx_hal.c ****       (+) Provide a blocking delay in millisecond
 316:Drivers/STM32H5xx_HAL_Driver/Src/stm32h5xx_hal.c ****       (+) Suspend the time base source interrupt
 317:Drivers/STM32H5xx_HAL_Driver/Src/stm32h5xx_hal.c ****       (+) Resume the time base source interrupt
 318:Drivers/STM32H5xx_HAL_Driver/Src/stm32h5xx_hal.c ****       (+) Get the HAL API driver version
 319:Drivers/STM32H5xx_HAL_Driver/Src/stm32h5xx_hal.c ****       (+) Get the device identifier
 320:Drivers/STM32H5xx_HAL_Driver/Src/stm32h5xx_hal.c ****       (+) Get the device revision identifier
ARM GAS  /tmp/ccqyujhR.s 			page 14


 321:Drivers/STM32H5xx_HAL_Driver/Src/stm32h5xx_hal.c **** 
 322:Drivers/STM32H5xx_HAL_Driver/Src/stm32h5xx_hal.c **** @endverbatim
 323:Drivers/STM32H5xx_HAL_Driver/Src/stm32h5xx_hal.c ****   * @{
 324:Drivers/STM32H5xx_HAL_Driver/Src/stm32h5xx_hal.c ****   */
 325:Drivers/STM32H5xx_HAL_Driver/Src/stm32h5xx_hal.c **** 
 326:Drivers/STM32H5xx_HAL_Driver/Src/stm32h5xx_hal.c **** /**
 327:Drivers/STM32H5xx_HAL_Driver/Src/stm32h5xx_hal.c ****   * @brief This function is called to increment a global variable "uwTick"
 328:Drivers/STM32H5xx_HAL_Driver/Src/stm32h5xx_hal.c ****   *        used as application time base.
 329:Drivers/STM32H5xx_HAL_Driver/Src/stm32h5xx_hal.c ****   * @note In the default implementation, this variable is incremented each 1ms
 330:Drivers/STM32H5xx_HAL_Driver/Src/stm32h5xx_hal.c ****   *       in SysTick ISR.
 331:Drivers/STM32H5xx_HAL_Driver/Src/stm32h5xx_hal.c ****   * @note This function is declared as __weak to be overwritten in case of other
 332:Drivers/STM32H5xx_HAL_Driver/Src/stm32h5xx_hal.c ****   *      implementations in user file.
 333:Drivers/STM32H5xx_HAL_Driver/Src/stm32h5xx_hal.c ****   * @retval None
 334:Drivers/STM32H5xx_HAL_Driver/Src/stm32h5xx_hal.c ****   */
 335:Drivers/STM32H5xx_HAL_Driver/Src/stm32h5xx_hal.c **** __weak void HAL_IncTick(void)
 336:Drivers/STM32H5xx_HAL_Driver/Src/stm32h5xx_hal.c **** {
 373              		.loc 1 336 1 is_stmt 1 view -0
 374              		.cfi_startproc
 375              		@ args = 0, pretend = 0, frame = 0
 376              		@ frame_needed = 0, uses_anonymous_args = 0
 377              		@ link register save eliminated.
 337:Drivers/STM32H5xx_HAL_Driver/Src/stm32h5xx_hal.c ****   uwTick += (uint32_t)uwTickFreq;
 378              		.loc 1 337 3 view .LVU89
 379              		.loc 1 337 13 is_stmt 0 view .LVU90
 380 0000 034B     		ldr	r3, .L27
 381 0002 1B78     		ldrb	r3, [r3]	@ zero_extendqisi2
 382              		.loc 1 337 10 view .LVU91
 383 0004 034A     		ldr	r2, .L27+4
 384 0006 1168     		ldr	r1, [r2]
 385 0008 0B44     		add	r3, r3, r1
 386 000a 1360     		str	r3, [r2]
 338:Drivers/STM32H5xx_HAL_Driver/Src/stm32h5xx_hal.c **** }
 387              		.loc 1 338 1 view .LVU92
 388 000c 7047     		bx	lr
 389              	.L28:
 390 000e 00BF     		.align	2
 391              	.L27:
 392 0010 00000000 		.word	uwTickFreq
 393 0014 00000000 		.word	uwTick
 394              		.cfi_endproc
 395              	.LFE162:
 397              		.section	.text.HAL_GetTick,"ax",%progbits
 398              		.align	1
 399              		.weak	HAL_GetTick
 400              		.syntax unified
 401              		.thumb
 402              		.thumb_func
 404              	HAL_GetTick:
 405              	.LFB163:
 339:Drivers/STM32H5xx_HAL_Driver/Src/stm32h5xx_hal.c **** 
 340:Drivers/STM32H5xx_HAL_Driver/Src/stm32h5xx_hal.c **** /**
 341:Drivers/STM32H5xx_HAL_Driver/Src/stm32h5xx_hal.c ****   * @brief Provides a tick value in millisecond.
 342:Drivers/STM32H5xx_HAL_Driver/Src/stm32h5xx_hal.c ****   * @note This function is declared as __weak to be overwritten in case of other
 343:Drivers/STM32H5xx_HAL_Driver/Src/stm32h5xx_hal.c ****   *       implementations in user file.
 344:Drivers/STM32H5xx_HAL_Driver/Src/stm32h5xx_hal.c ****   * @retval tick value
 345:Drivers/STM32H5xx_HAL_Driver/Src/stm32h5xx_hal.c ****   */
 346:Drivers/STM32H5xx_HAL_Driver/Src/stm32h5xx_hal.c **** __weak uint32_t HAL_GetTick(void)
ARM GAS  /tmp/ccqyujhR.s 			page 15


 347:Drivers/STM32H5xx_HAL_Driver/Src/stm32h5xx_hal.c **** {
 406              		.loc 1 347 1 is_stmt 1 view -0
 407              		.cfi_startproc
 408              		@ args = 0, pretend = 0, frame = 0
 409              		@ frame_needed = 0, uses_anonymous_args = 0
 410              		@ link register save eliminated.
 348:Drivers/STM32H5xx_HAL_Driver/Src/stm32h5xx_hal.c ****   return uwTick;
 411              		.loc 1 348 3 view .LVU94
 412              		.loc 1 348 10 is_stmt 0 view .LVU95
 413 0000 014B     		ldr	r3, .L30
 414 0002 1868     		ldr	r0, [r3]
 349:Drivers/STM32H5xx_HAL_Driver/Src/stm32h5xx_hal.c **** }
 415              		.loc 1 349 1 view .LVU96
 416 0004 7047     		bx	lr
 417              	.L31:
 418 0006 00BF     		.align	2
 419              	.L30:
 420 0008 00000000 		.word	uwTick
 421              		.cfi_endproc
 422              	.LFE163:
 424              		.section	.text.HAL_GetTickPrio,"ax",%progbits
 425              		.align	1
 426              		.global	HAL_GetTickPrio
 427              		.syntax unified
 428              		.thumb
 429              		.thumb_func
 431              	HAL_GetTickPrio:
 432              	.LFB164:
 350:Drivers/STM32H5xx_HAL_Driver/Src/stm32h5xx_hal.c **** 
 351:Drivers/STM32H5xx_HAL_Driver/Src/stm32h5xx_hal.c **** /**
 352:Drivers/STM32H5xx_HAL_Driver/Src/stm32h5xx_hal.c ****   * @brief This function returns a tick priority.
 353:Drivers/STM32H5xx_HAL_Driver/Src/stm32h5xx_hal.c ****   * @retval tick priority
 354:Drivers/STM32H5xx_HAL_Driver/Src/stm32h5xx_hal.c ****   */
 355:Drivers/STM32H5xx_HAL_Driver/Src/stm32h5xx_hal.c **** uint32_t HAL_GetTickPrio(void)
 356:Drivers/STM32H5xx_HAL_Driver/Src/stm32h5xx_hal.c **** {
 433              		.loc 1 356 1 is_stmt 1 view -0
 434              		.cfi_startproc
 435              		@ args = 0, pretend = 0, frame = 0
 436              		@ frame_needed = 0, uses_anonymous_args = 0
 437              		@ link register save eliminated.
 357:Drivers/STM32H5xx_HAL_Driver/Src/stm32h5xx_hal.c ****   return uwTickPrio;
 438              		.loc 1 357 3 view .LVU98
 358:Drivers/STM32H5xx_HAL_Driver/Src/stm32h5xx_hal.c **** }
 439              		.loc 1 358 1 is_stmt 0 view .LVU99
 440 0000 014B     		ldr	r3, .L33
 441 0002 1868     		ldr	r0, [r3]
 442 0004 7047     		bx	lr
 443              	.L34:
 444 0006 00BF     		.align	2
 445              	.L33:
 446 0008 00000000 		.word	uwTickPrio
 447              		.cfi_endproc
 448              	.LFE164:
 450              		.section	.text.HAL_SetTickFreq,"ax",%progbits
 451              		.align	1
 452              		.global	HAL_SetTickFreq
 453              		.syntax unified
ARM GAS  /tmp/ccqyujhR.s 			page 16


 454              		.thumb
 455              		.thumb_func
 457              	HAL_SetTickFreq:
 458              	.LVL21:
 459              	.LFB165:
 359:Drivers/STM32H5xx_HAL_Driver/Src/stm32h5xx_hal.c **** 
 360:Drivers/STM32H5xx_HAL_Driver/Src/stm32h5xx_hal.c **** /**
 361:Drivers/STM32H5xx_HAL_Driver/Src/stm32h5xx_hal.c ****   * @brief Set new tick Freq.
 362:Drivers/STM32H5xx_HAL_Driver/Src/stm32h5xx_hal.c ****   * @retval HAL status
 363:Drivers/STM32H5xx_HAL_Driver/Src/stm32h5xx_hal.c ****   */
 364:Drivers/STM32H5xx_HAL_Driver/Src/stm32h5xx_hal.c **** HAL_StatusTypeDef HAL_SetTickFreq(HAL_TickFreqTypeDef Freq)
 365:Drivers/STM32H5xx_HAL_Driver/Src/stm32h5xx_hal.c **** {
 460              		.loc 1 365 1 is_stmt 1 view -0
 461              		.cfi_startproc
 462              		@ args = 0, pretend = 0, frame = 0
 463              		@ frame_needed = 0, uses_anonymous_args = 0
 464              		.loc 1 365 1 is_stmt 0 view .LVU101
 465 0000 10B5     		push	{r4, lr}
 466              	.LCFI3:
 467              		.cfi_def_cfa_offset 8
 468              		.cfi_offset 4, -8
 469              		.cfi_offset 14, -4
 366:Drivers/STM32H5xx_HAL_Driver/Src/stm32h5xx_hal.c ****   HAL_StatusTypeDef status  = HAL_OK;
 470              		.loc 1 366 3 is_stmt 1 view .LVU102
 471              	.LVL22:
 367:Drivers/STM32H5xx_HAL_Driver/Src/stm32h5xx_hal.c ****   HAL_TickFreqTypeDef prevTickFreq;
 472              		.loc 1 367 3 view .LVU103
 368:Drivers/STM32H5xx_HAL_Driver/Src/stm32h5xx_hal.c **** 
 369:Drivers/STM32H5xx_HAL_Driver/Src/stm32h5xx_hal.c ****   assert_param(IS_TICKFREQ(Freq));
 473              		.loc 1 369 3 view .LVU104
 370:Drivers/STM32H5xx_HAL_Driver/Src/stm32h5xx_hal.c **** 
 371:Drivers/STM32H5xx_HAL_Driver/Src/stm32h5xx_hal.c ****   if (uwTickFreq != Freq)
 474              		.loc 1 371 3 view .LVU105
 475              		.loc 1 371 18 is_stmt 0 view .LVU106
 476 0002 084B     		ldr	r3, .L40
 477 0004 1C78     		ldrb	r4, [r3]	@ zero_extendqisi2
 478              		.loc 1 371 6 view .LVU107
 479 0006 8442     		cmp	r4, r0
 480 0008 01D1     		bne	.L39
 366:Drivers/STM32H5xx_HAL_Driver/Src/stm32h5xx_hal.c ****   HAL_TickFreqTypeDef prevTickFreq;
 481              		.loc 1 366 21 view .LVU108
 482 000a 0020     		movs	r0, #0
 483              	.LVL23:
 484              	.L36:
 372:Drivers/STM32H5xx_HAL_Driver/Src/stm32h5xx_hal.c ****   {
 373:Drivers/STM32H5xx_HAL_Driver/Src/stm32h5xx_hal.c **** 
 374:Drivers/STM32H5xx_HAL_Driver/Src/stm32h5xx_hal.c ****     /* Back up uwTickFreq frequency */
 375:Drivers/STM32H5xx_HAL_Driver/Src/stm32h5xx_hal.c ****     prevTickFreq = uwTickFreq;
 376:Drivers/STM32H5xx_HAL_Driver/Src/stm32h5xx_hal.c **** 
 377:Drivers/STM32H5xx_HAL_Driver/Src/stm32h5xx_hal.c ****     /* Update uwTickFreq global variable used by HAL_InitTick() */
 378:Drivers/STM32H5xx_HAL_Driver/Src/stm32h5xx_hal.c ****     uwTickFreq = Freq;
 379:Drivers/STM32H5xx_HAL_Driver/Src/stm32h5xx_hal.c **** 
 380:Drivers/STM32H5xx_HAL_Driver/Src/stm32h5xx_hal.c ****     /* Apply the new tick Freq  */
 381:Drivers/STM32H5xx_HAL_Driver/Src/stm32h5xx_hal.c ****     status = HAL_InitTick(uwTickPrio);
 382:Drivers/STM32H5xx_HAL_Driver/Src/stm32h5xx_hal.c ****     if (status != HAL_OK)
 383:Drivers/STM32H5xx_HAL_Driver/Src/stm32h5xx_hal.c ****     {
 384:Drivers/STM32H5xx_HAL_Driver/Src/stm32h5xx_hal.c ****       /* Restore previous tick frequency */
ARM GAS  /tmp/ccqyujhR.s 			page 17


 385:Drivers/STM32H5xx_HAL_Driver/Src/stm32h5xx_hal.c ****       uwTickFreq = prevTickFreq;
 386:Drivers/STM32H5xx_HAL_Driver/Src/stm32h5xx_hal.c ****     }
 387:Drivers/STM32H5xx_HAL_Driver/Src/stm32h5xx_hal.c ****   }
 388:Drivers/STM32H5xx_HAL_Driver/Src/stm32h5xx_hal.c **** 
 389:Drivers/STM32H5xx_HAL_Driver/Src/stm32h5xx_hal.c ****   return status;
 485              		.loc 1 389 3 is_stmt 1 view .LVU109
 390:Drivers/STM32H5xx_HAL_Driver/Src/stm32h5xx_hal.c **** }
 486              		.loc 1 390 1 is_stmt 0 view .LVU110
 487 000c 10BD     		pop	{r4, pc}
 488              	.LVL24:
 489              	.L39:
 375:Drivers/STM32H5xx_HAL_Driver/Src/stm32h5xx_hal.c **** 
 490              		.loc 1 375 5 is_stmt 1 view .LVU111
 378:Drivers/STM32H5xx_HAL_Driver/Src/stm32h5xx_hal.c **** 
 491              		.loc 1 378 5 view .LVU112
 378:Drivers/STM32H5xx_HAL_Driver/Src/stm32h5xx_hal.c **** 
 492              		.loc 1 378 16 is_stmt 0 view .LVU113
 493 000e 1870     		strb	r0, [r3]
 381:Drivers/STM32H5xx_HAL_Driver/Src/stm32h5xx_hal.c ****     if (status != HAL_OK)
 494              		.loc 1 381 5 is_stmt 1 view .LVU114
 381:Drivers/STM32H5xx_HAL_Driver/Src/stm32h5xx_hal.c ****     if (status != HAL_OK)
 495              		.loc 1 381 14 is_stmt 0 view .LVU115
 496 0010 054B     		ldr	r3, .L40+4
 497 0012 1868     		ldr	r0, [r3]
 498              	.LVL25:
 381:Drivers/STM32H5xx_HAL_Driver/Src/stm32h5xx_hal.c ****     if (status != HAL_OK)
 499              		.loc 1 381 14 view .LVU116
 500 0014 FFF7FEFF 		bl	HAL_InitTick
 501              	.LVL26:
 382:Drivers/STM32H5xx_HAL_Driver/Src/stm32h5xx_hal.c ****     {
 502              		.loc 1 382 5 is_stmt 1 view .LVU117
 382:Drivers/STM32H5xx_HAL_Driver/Src/stm32h5xx_hal.c ****     {
 503              		.loc 1 382 8 is_stmt 0 view .LVU118
 504 0018 0028     		cmp	r0, #0
 505 001a F7D0     		beq	.L36
 385:Drivers/STM32H5xx_HAL_Driver/Src/stm32h5xx_hal.c ****     }
 506              		.loc 1 385 7 is_stmt 1 view .LVU119
 385:Drivers/STM32H5xx_HAL_Driver/Src/stm32h5xx_hal.c ****     }
 507              		.loc 1 385 18 is_stmt 0 view .LVU120
 508 001c 014B     		ldr	r3, .L40
 509 001e 1C70     		strb	r4, [r3]
 510 0020 F4E7     		b	.L36
 511              	.L41:
 512 0022 00BF     		.align	2
 513              	.L40:
 514 0024 00000000 		.word	uwTickFreq
 515 0028 00000000 		.word	uwTickPrio
 516              		.cfi_endproc
 517              	.LFE165:
 519              		.section	.text.HAL_GetTickFreq,"ax",%progbits
 520              		.align	1
 521              		.global	HAL_GetTickFreq
 522              		.syntax unified
 523              		.thumb
 524              		.thumb_func
 526              	HAL_GetTickFreq:
 527              	.LFB166:
ARM GAS  /tmp/ccqyujhR.s 			page 18


 391:Drivers/STM32H5xx_HAL_Driver/Src/stm32h5xx_hal.c **** 
 392:Drivers/STM32H5xx_HAL_Driver/Src/stm32h5xx_hal.c **** /**
 393:Drivers/STM32H5xx_HAL_Driver/Src/stm32h5xx_hal.c ****   * @brief Return tick frequency.
 394:Drivers/STM32H5xx_HAL_Driver/Src/stm32h5xx_hal.c ****   * @retval Tick frequency.
 395:Drivers/STM32H5xx_HAL_Driver/Src/stm32h5xx_hal.c ****   *         Value of @ref HAL_TickFreqTypeDef.
 396:Drivers/STM32H5xx_HAL_Driver/Src/stm32h5xx_hal.c ****   */
 397:Drivers/STM32H5xx_HAL_Driver/Src/stm32h5xx_hal.c **** HAL_TickFreqTypeDef HAL_GetTickFreq(void)
 398:Drivers/STM32H5xx_HAL_Driver/Src/stm32h5xx_hal.c **** {
 528              		.loc 1 398 1 is_stmt 1 view -0
 529              		.cfi_startproc
 530              		@ args = 0, pretend = 0, frame = 0
 531              		@ frame_needed = 0, uses_anonymous_args = 0
 532              		@ link register save eliminated.
 399:Drivers/STM32H5xx_HAL_Driver/Src/stm32h5xx_hal.c ****   return uwTickFreq;
 533              		.loc 1 399 3 view .LVU122
 400:Drivers/STM32H5xx_HAL_Driver/Src/stm32h5xx_hal.c **** }
 534              		.loc 1 400 1 is_stmt 0 view .LVU123
 535 0000 014B     		ldr	r3, .L43
 536 0002 1878     		ldrb	r0, [r3]	@ zero_extendqisi2
 537 0004 7047     		bx	lr
 538              	.L44:
 539 0006 00BF     		.align	2
 540              	.L43:
 541 0008 00000000 		.word	uwTickFreq
 542              		.cfi_endproc
 543              	.LFE166:
 545              		.section	.text.HAL_Delay,"ax",%progbits
 546              		.align	1
 547              		.weak	HAL_Delay
 548              		.syntax unified
 549              		.thumb
 550              		.thumb_func
 552              	HAL_Delay:
 553              	.LVL27:
 554              	.LFB167:
 401:Drivers/STM32H5xx_HAL_Driver/Src/stm32h5xx_hal.c **** 
 402:Drivers/STM32H5xx_HAL_Driver/Src/stm32h5xx_hal.c **** /**
 403:Drivers/STM32H5xx_HAL_Driver/Src/stm32h5xx_hal.c ****   * @brief This function provides minimum delay (in milliseconds) based
 404:Drivers/STM32H5xx_HAL_Driver/Src/stm32h5xx_hal.c ****   *        on variable incremented.
 405:Drivers/STM32H5xx_HAL_Driver/Src/stm32h5xx_hal.c ****   * @note In the default implementation , SysTick timer is the source of time base.
 406:Drivers/STM32H5xx_HAL_Driver/Src/stm32h5xx_hal.c ****   *       It is used to generate interrupts at regular time intervals where uwTick
 407:Drivers/STM32H5xx_HAL_Driver/Src/stm32h5xx_hal.c ****   *       is incremented.
 408:Drivers/STM32H5xx_HAL_Driver/Src/stm32h5xx_hal.c ****   * @note This function is declared as __weak to be overwritten in case of other
 409:Drivers/STM32H5xx_HAL_Driver/Src/stm32h5xx_hal.c ****   *       implementations in user file.
 410:Drivers/STM32H5xx_HAL_Driver/Src/stm32h5xx_hal.c ****   * @param Delay  specifies the delay time length, in milliseconds.
 411:Drivers/STM32H5xx_HAL_Driver/Src/stm32h5xx_hal.c ****   * @retval None
 412:Drivers/STM32H5xx_HAL_Driver/Src/stm32h5xx_hal.c ****   */
 413:Drivers/STM32H5xx_HAL_Driver/Src/stm32h5xx_hal.c **** __weak void HAL_Delay(uint32_t Delay)
 414:Drivers/STM32H5xx_HAL_Driver/Src/stm32h5xx_hal.c **** {
 555              		.loc 1 414 1 is_stmt 1 view -0
 556              		.cfi_startproc
 557              		@ args = 0, pretend = 0, frame = 0
 558              		@ frame_needed = 0, uses_anonymous_args = 0
 559              		.loc 1 414 1 is_stmt 0 view .LVU125
 560 0000 38B5     		push	{r3, r4, r5, lr}
 561              	.LCFI4:
 562              		.cfi_def_cfa_offset 16
ARM GAS  /tmp/ccqyujhR.s 			page 19


 563              		.cfi_offset 3, -16
 564              		.cfi_offset 4, -12
 565              		.cfi_offset 5, -8
 566              		.cfi_offset 14, -4
 567 0002 0446     		mov	r4, r0
 415:Drivers/STM32H5xx_HAL_Driver/Src/stm32h5xx_hal.c ****   uint32_t tickstart = HAL_GetTick();
 568              		.loc 1 415 3 is_stmt 1 view .LVU126
 569              		.loc 1 415 24 is_stmt 0 view .LVU127
 570 0004 FFF7FEFF 		bl	HAL_GetTick
 571              	.LVL28:
 572              		.loc 1 415 24 view .LVU128
 573 0008 0546     		mov	r5, r0
 574              	.LVL29:
 416:Drivers/STM32H5xx_HAL_Driver/Src/stm32h5xx_hal.c ****   uint32_t wait = Delay;
 575              		.loc 1 416 3 is_stmt 1 view .LVU129
 417:Drivers/STM32H5xx_HAL_Driver/Src/stm32h5xx_hal.c **** 
 418:Drivers/STM32H5xx_HAL_Driver/Src/stm32h5xx_hal.c ****   /* Add a freq to guarantee minimum wait */
 419:Drivers/STM32H5xx_HAL_Driver/Src/stm32h5xx_hal.c ****   if (wait < HAL_MAX_DELAY)
 576              		.loc 1 419 3 view .LVU130
 577              		.loc 1 419 6 is_stmt 0 view .LVU131
 578 000a B4F1FF3F 		cmp	r4, #-1
 579 000e 02D0     		beq	.L47
 420:Drivers/STM32H5xx_HAL_Driver/Src/stm32h5xx_hal.c ****   {
 421:Drivers/STM32H5xx_HAL_Driver/Src/stm32h5xx_hal.c ****     wait += (uint32_t)(uwTickFreq);
 580              		.loc 1 421 5 is_stmt 1 view .LVU132
 581              		.loc 1 421 13 is_stmt 0 view .LVU133
 582 0010 044B     		ldr	r3, .L49
 583 0012 1B78     		ldrb	r3, [r3]	@ zero_extendqisi2
 584              		.loc 1 421 10 view .LVU134
 585 0014 1C44     		add	r4, r4, r3
 586              	.LVL30:
 587              	.L47:
 422:Drivers/STM32H5xx_HAL_Driver/Src/stm32h5xx_hal.c ****   }
 423:Drivers/STM32H5xx_HAL_Driver/Src/stm32h5xx_hal.c **** 
 424:Drivers/STM32H5xx_HAL_Driver/Src/stm32h5xx_hal.c ****   while ((HAL_GetTick() - tickstart) < wait)
 425:Drivers/STM32H5xx_HAL_Driver/Src/stm32h5xx_hal.c ****   {
 426:Drivers/STM32H5xx_HAL_Driver/Src/stm32h5xx_hal.c ****   }
 588              		.loc 1 426 3 is_stmt 1 view .LVU135
 424:Drivers/STM32H5xx_HAL_Driver/Src/stm32h5xx_hal.c ****   {
 589              		.loc 1 424 38 discriminator 1 view .LVU136
 424:Drivers/STM32H5xx_HAL_Driver/Src/stm32h5xx_hal.c ****   {
 590              		.loc 1 424 11 is_stmt 0 discriminator 1 view .LVU137
 591 0016 FFF7FEFF 		bl	HAL_GetTick
 592              	.LVL31:
 424:Drivers/STM32H5xx_HAL_Driver/Src/stm32h5xx_hal.c ****   {
 593              		.loc 1 424 25 discriminator 1 view .LVU138
 594 001a 401B     		subs	r0, r0, r5
 424:Drivers/STM32H5xx_HAL_Driver/Src/stm32h5xx_hal.c ****   {
 595              		.loc 1 424 38 discriminator 1 view .LVU139
 596 001c A042     		cmp	r0, r4
 597 001e FAD3     		bcc	.L47
 427:Drivers/STM32H5xx_HAL_Driver/Src/stm32h5xx_hal.c **** }
 598              		.loc 1 427 1 view .LVU140
 599 0020 38BD     		pop	{r3, r4, r5, pc}
 600              	.LVL32:
 601              	.L50:
 602              		.loc 1 427 1 view .LVU141
ARM GAS  /tmp/ccqyujhR.s 			page 20


 603 0022 00BF     		.align	2
 604              	.L49:
 605 0024 00000000 		.word	uwTickFreq
 606              		.cfi_endproc
 607              	.LFE167:
 609              		.section	.text.HAL_SuspendTick,"ax",%progbits
 610              		.align	1
 611              		.weak	HAL_SuspendTick
 612              		.syntax unified
 613              		.thumb
 614              		.thumb_func
 616              	HAL_SuspendTick:
 617              	.LFB168:
 428:Drivers/STM32H5xx_HAL_Driver/Src/stm32h5xx_hal.c **** 
 429:Drivers/STM32H5xx_HAL_Driver/Src/stm32h5xx_hal.c **** /**
 430:Drivers/STM32H5xx_HAL_Driver/Src/stm32h5xx_hal.c ****   * @brief Suspend Tick increment.
 431:Drivers/STM32H5xx_HAL_Driver/Src/stm32h5xx_hal.c ****   * @note In the default implementation , SysTick timer is the source of time base. It is
 432:Drivers/STM32H5xx_HAL_Driver/Src/stm32h5xx_hal.c ****   *       used to generate interrupts at regular time intervals. Once HAL_SuspendTick()
 433:Drivers/STM32H5xx_HAL_Driver/Src/stm32h5xx_hal.c ****   *       is called, the SysTick interrupt will be disabled and so Tick increment
 434:Drivers/STM32H5xx_HAL_Driver/Src/stm32h5xx_hal.c ****   *       is suspended.
 435:Drivers/STM32H5xx_HAL_Driver/Src/stm32h5xx_hal.c ****   * @note This function is declared as __weak to be overwritten in case of other
 436:Drivers/STM32H5xx_HAL_Driver/Src/stm32h5xx_hal.c ****   *       implementations in user file.
 437:Drivers/STM32H5xx_HAL_Driver/Src/stm32h5xx_hal.c ****   * @retval None
 438:Drivers/STM32H5xx_HAL_Driver/Src/stm32h5xx_hal.c ****   */
 439:Drivers/STM32H5xx_HAL_Driver/Src/stm32h5xx_hal.c **** __weak void HAL_SuspendTick(void)
 440:Drivers/STM32H5xx_HAL_Driver/Src/stm32h5xx_hal.c **** {
 618              		.loc 1 440 1 is_stmt 1 view -0
 619              		.cfi_startproc
 620              		@ args = 0, pretend = 0, frame = 0
 621              		@ frame_needed = 0, uses_anonymous_args = 0
 622              		@ link register save eliminated.
 441:Drivers/STM32H5xx_HAL_Driver/Src/stm32h5xx_hal.c ****   /* Disable SysTick Interrupt */
 442:Drivers/STM32H5xx_HAL_Driver/Src/stm32h5xx_hal.c ****   SysTick->CTRL &= ~SysTick_CTRL_TICKINT_Msk;
 623              		.loc 1 442 3 view .LVU143
 624              		.loc 1 442 10 is_stmt 0 view .LVU144
 625 0000 4FF0E022 		mov	r2, #-536813568
 626 0004 1369     		ldr	r3, [r2, #16]
 627              		.loc 1 442 17 view .LVU145
 628 0006 23F00203 		bic	r3, r3, #2
 629 000a 1361     		str	r3, [r2, #16]
 443:Drivers/STM32H5xx_HAL_Driver/Src/stm32h5xx_hal.c **** }
 630              		.loc 1 443 1 view .LVU146
 631 000c 7047     		bx	lr
 632              		.cfi_endproc
 633              	.LFE168:
 635              		.section	.text.HAL_ResumeTick,"ax",%progbits
 636              		.align	1
 637              		.weak	HAL_ResumeTick
 638              		.syntax unified
 639              		.thumb
 640              		.thumb_func
 642              	HAL_ResumeTick:
 643              	.LFB169:
 444:Drivers/STM32H5xx_HAL_Driver/Src/stm32h5xx_hal.c **** 
 445:Drivers/STM32H5xx_HAL_Driver/Src/stm32h5xx_hal.c **** /**
 446:Drivers/STM32H5xx_HAL_Driver/Src/stm32h5xx_hal.c ****   * @brief Resume Tick increment.
 447:Drivers/STM32H5xx_HAL_Driver/Src/stm32h5xx_hal.c ****   * @note In the default implementation , SysTick timer is the source of time base. It is
ARM GAS  /tmp/ccqyujhR.s 			page 21


 448:Drivers/STM32H5xx_HAL_Driver/Src/stm32h5xx_hal.c ****   *       used to generate interrupts at regular time intervals. Once HAL_ResumeTick()
 449:Drivers/STM32H5xx_HAL_Driver/Src/stm32h5xx_hal.c ****   *       is called, the SysTick interrupt will be enabled and so Tick increment
 450:Drivers/STM32H5xx_HAL_Driver/Src/stm32h5xx_hal.c ****   *       is resumed.
 451:Drivers/STM32H5xx_HAL_Driver/Src/stm32h5xx_hal.c ****   * @note This function is declared as __weak to be overwritten in case of other
 452:Drivers/STM32H5xx_HAL_Driver/Src/stm32h5xx_hal.c ****   *       implementations in user file.
 453:Drivers/STM32H5xx_HAL_Driver/Src/stm32h5xx_hal.c ****   * @retval None
 454:Drivers/STM32H5xx_HAL_Driver/Src/stm32h5xx_hal.c ****   */
 455:Drivers/STM32H5xx_HAL_Driver/Src/stm32h5xx_hal.c **** __weak void HAL_ResumeTick(void)
 456:Drivers/STM32H5xx_HAL_Driver/Src/stm32h5xx_hal.c **** {
 644              		.loc 1 456 1 is_stmt 1 view -0
 645              		.cfi_startproc
 646              		@ args = 0, pretend = 0, frame = 0
 647              		@ frame_needed = 0, uses_anonymous_args = 0
 648              		@ link register save eliminated.
 457:Drivers/STM32H5xx_HAL_Driver/Src/stm32h5xx_hal.c ****   /* Enable SysTick Interrupt */
 458:Drivers/STM32H5xx_HAL_Driver/Src/stm32h5xx_hal.c ****   SysTick->CTRL  |= SysTick_CTRL_TICKINT_Msk;
 649              		.loc 1 458 3 view .LVU148
 650              		.loc 1 458 10 is_stmt 0 view .LVU149
 651 0000 4FF0E022 		mov	r2, #-536813568
 652 0004 1369     		ldr	r3, [r2, #16]
 653              		.loc 1 458 18 view .LVU150
 654 0006 43F00203 		orr	r3, r3, #2
 655 000a 1361     		str	r3, [r2, #16]
 459:Drivers/STM32H5xx_HAL_Driver/Src/stm32h5xx_hal.c **** }
 656              		.loc 1 459 1 view .LVU151
 657 000c 7047     		bx	lr
 658              		.cfi_endproc
 659              	.LFE169:
 661              		.section	.text.HAL_GetHalVersion,"ax",%progbits
 662              		.align	1
 663              		.global	HAL_GetHalVersion
 664              		.syntax unified
 665              		.thumb
 666              		.thumb_func
 668              	HAL_GetHalVersion:
 669              	.LFB170:
 460:Drivers/STM32H5xx_HAL_Driver/Src/stm32h5xx_hal.c **** 
 461:Drivers/STM32H5xx_HAL_Driver/Src/stm32h5xx_hal.c **** /**
 462:Drivers/STM32H5xx_HAL_Driver/Src/stm32h5xx_hal.c ****   * @brief  Returns the HAL revision
 463:Drivers/STM32H5xx_HAL_Driver/Src/stm32h5xx_hal.c ****   * @retval version : 0xXYZR (8bits for each decimal, R for RC)
 464:Drivers/STM32H5xx_HAL_Driver/Src/stm32h5xx_hal.c ****   */
 465:Drivers/STM32H5xx_HAL_Driver/Src/stm32h5xx_hal.c **** uint32_t HAL_GetHalVersion(void)
 466:Drivers/STM32H5xx_HAL_Driver/Src/stm32h5xx_hal.c **** {
 670              		.loc 1 466 1 is_stmt 1 view -0
 671              		.cfi_startproc
 672              		@ args = 0, pretend = 0, frame = 0
 673              		@ frame_needed = 0, uses_anonymous_args = 0
 674              		@ link register save eliminated.
 467:Drivers/STM32H5xx_HAL_Driver/Src/stm32h5xx_hal.c ****   return __STM32H5XX_HAL_VERSION;
 675              		.loc 1 467 3 view .LVU153
 468:Drivers/STM32H5xx_HAL_Driver/Src/stm32h5xx_hal.c **** }
 676              		.loc 1 468 1 is_stmt 0 view .LVU154
 677 0000 4FF08370 		mov	r0, #17170432
 678 0004 7047     		bx	lr
 679              		.cfi_endproc
 680              	.LFE170:
 682              		.section	.text.HAL_GetREVID,"ax",%progbits
ARM GAS  /tmp/ccqyujhR.s 			page 22


 683              		.align	1
 684              		.global	HAL_GetREVID
 685              		.syntax unified
 686              		.thumb
 687              		.thumb_func
 689              	HAL_GetREVID:
 690              	.LFB171:
 469:Drivers/STM32H5xx_HAL_Driver/Src/stm32h5xx_hal.c **** 
 470:Drivers/STM32H5xx_HAL_Driver/Src/stm32h5xx_hal.c **** /**
 471:Drivers/STM32H5xx_HAL_Driver/Src/stm32h5xx_hal.c ****   * @brief  Returns the device revision identifier.
 472:Drivers/STM32H5xx_HAL_Driver/Src/stm32h5xx_hal.c ****   * @retval Device revision identifier
 473:Drivers/STM32H5xx_HAL_Driver/Src/stm32h5xx_hal.c ****   */
 474:Drivers/STM32H5xx_HAL_Driver/Src/stm32h5xx_hal.c **** uint32_t HAL_GetREVID(void)
 475:Drivers/STM32H5xx_HAL_Driver/Src/stm32h5xx_hal.c **** {
 691              		.loc 1 475 1 is_stmt 1 view -0
 692              		.cfi_startproc
 693              		@ args = 0, pretend = 0, frame = 0
 694              		@ frame_needed = 0, uses_anonymous_args = 0
 695              		@ link register save eliminated.
 476:Drivers/STM32H5xx_HAL_Driver/Src/stm32h5xx_hal.c ****   return ((DBGMCU->IDCODE & DBGMCU_IDCODE_REV_ID) >> 16);
 696              		.loc 1 476 3 view .LVU156
 697              		.loc 1 476 18 is_stmt 0 view .LVU157
 698 0000 014B     		ldr	r3, .L55
 699 0002 1868     		ldr	r0, [r3]
 477:Drivers/STM32H5xx_HAL_Driver/Src/stm32h5xx_hal.c **** }
 700              		.loc 1 477 1 view .LVU158
 701 0004 000C     		lsrs	r0, r0, #16
 702 0006 7047     		bx	lr
 703              	.L56:
 704              		.align	2
 705              	.L55:
 706 0008 00400244 		.word	1140998144
 707              		.cfi_endproc
 708              	.LFE171:
 710              		.section	.text.HAL_GetDEVID,"ax",%progbits
 711              		.align	1
 712              		.global	HAL_GetDEVID
 713              		.syntax unified
 714              		.thumb
 715              		.thumb_func
 717              	HAL_GetDEVID:
 718              	.LFB172:
 478:Drivers/STM32H5xx_HAL_Driver/Src/stm32h5xx_hal.c **** 
 479:Drivers/STM32H5xx_HAL_Driver/Src/stm32h5xx_hal.c **** /**
 480:Drivers/STM32H5xx_HAL_Driver/Src/stm32h5xx_hal.c ****   * @brief  Returns the device identifier.
 481:Drivers/STM32H5xx_HAL_Driver/Src/stm32h5xx_hal.c ****   * @retval Device identifier
 482:Drivers/STM32H5xx_HAL_Driver/Src/stm32h5xx_hal.c ****   */
 483:Drivers/STM32H5xx_HAL_Driver/Src/stm32h5xx_hal.c **** uint32_t HAL_GetDEVID(void)
 484:Drivers/STM32H5xx_HAL_Driver/Src/stm32h5xx_hal.c **** {
 719              		.loc 1 484 1 is_stmt 1 view -0
 720              		.cfi_startproc
 721              		@ args = 0, pretend = 0, frame = 0
 722              		@ frame_needed = 0, uses_anonymous_args = 0
 723              		@ link register save eliminated.
 485:Drivers/STM32H5xx_HAL_Driver/Src/stm32h5xx_hal.c ****   return (DBGMCU->IDCODE & DBGMCU_IDCODE_DEV_ID);
 724              		.loc 1 485 3 view .LVU160
 725              		.loc 1 485 17 is_stmt 0 view .LVU161
ARM GAS  /tmp/ccqyujhR.s 			page 23


 726 0000 024B     		ldr	r3, .L58
 727 0002 1868     		ldr	r0, [r3]
 486:Drivers/STM32H5xx_HAL_Driver/Src/stm32h5xx_hal.c **** }
 728              		.loc 1 486 1 view .LVU162
 729 0004 C0F30B00 		ubfx	r0, r0, #0, #12
 730 0008 7047     		bx	lr
 731              	.L59:
 732 000a 00BF     		.align	2
 733              	.L58:
 734 000c 00400244 		.word	1140998144
 735              		.cfi_endproc
 736              	.LFE172:
 738              		.section	.text.HAL_GetUIDw0,"ax",%progbits
 739              		.align	1
 740              		.global	HAL_GetUIDw0
 741              		.syntax unified
 742              		.thumb
 743              		.thumb_func
 745              	HAL_GetUIDw0:
 746              	.LFB173:
 487:Drivers/STM32H5xx_HAL_Driver/Src/stm32h5xx_hal.c **** 
 488:Drivers/STM32H5xx_HAL_Driver/Src/stm32h5xx_hal.c **** /**
 489:Drivers/STM32H5xx_HAL_Driver/Src/stm32h5xx_hal.c ****   * @brief  Return the first word of the unique device identifier (UID based on 96 bits)
 490:Drivers/STM32H5xx_HAL_Driver/Src/stm32h5xx_hal.c ****   * @retval Device identifier
 491:Drivers/STM32H5xx_HAL_Driver/Src/stm32h5xx_hal.c ****   */
 492:Drivers/STM32H5xx_HAL_Driver/Src/stm32h5xx_hal.c **** uint32_t HAL_GetUIDw0(void)
 493:Drivers/STM32H5xx_HAL_Driver/Src/stm32h5xx_hal.c **** {
 747              		.loc 1 493 1 is_stmt 1 view -0
 748              		.cfi_startproc
 749              		@ args = 0, pretend = 0, frame = 0
 750              		@ frame_needed = 0, uses_anonymous_args = 0
 751              		@ link register save eliminated.
 494:Drivers/STM32H5xx_HAL_Driver/Src/stm32h5xx_hal.c ****   return (READ_REG(*((uint32_t *)UID_BASE)));
 752              		.loc 1 494 3 view .LVU164
 495:Drivers/STM32H5xx_HAL_Driver/Src/stm32h5xx_hal.c **** }
 753              		.loc 1 495 1 is_stmt 0 view .LVU165
 754 0000 014B     		ldr	r3, .L61
 755 0002 D3F80008 		ldr	r0, [r3, #2048]
 756 0006 7047     		bx	lr
 757              	.L62:
 758              		.align	2
 759              	.L61:
 760 0008 00F0FF08 		.word	150990848
 761              		.cfi_endproc
 762              	.LFE173:
 764              		.section	.text.HAL_GetUIDw1,"ax",%progbits
 765              		.align	1
 766              		.global	HAL_GetUIDw1
 767              		.syntax unified
 768              		.thumb
 769              		.thumb_func
 771              	HAL_GetUIDw1:
 772              	.LFB174:
 496:Drivers/STM32H5xx_HAL_Driver/Src/stm32h5xx_hal.c **** 
 497:Drivers/STM32H5xx_HAL_Driver/Src/stm32h5xx_hal.c **** /**
 498:Drivers/STM32H5xx_HAL_Driver/Src/stm32h5xx_hal.c ****   * @brief  Return the second word of the unique device identifier (UID based on 96 bits)
 499:Drivers/STM32H5xx_HAL_Driver/Src/stm32h5xx_hal.c ****   * @retval Device identifier
ARM GAS  /tmp/ccqyujhR.s 			page 24


 500:Drivers/STM32H5xx_HAL_Driver/Src/stm32h5xx_hal.c ****   */
 501:Drivers/STM32H5xx_HAL_Driver/Src/stm32h5xx_hal.c **** uint32_t HAL_GetUIDw1(void)
 502:Drivers/STM32H5xx_HAL_Driver/Src/stm32h5xx_hal.c **** {
 773              		.loc 1 502 1 is_stmt 1 view -0
 774              		.cfi_startproc
 775              		@ args = 0, pretend = 0, frame = 0
 776              		@ frame_needed = 0, uses_anonymous_args = 0
 777              		@ link register save eliminated.
 503:Drivers/STM32H5xx_HAL_Driver/Src/stm32h5xx_hal.c ****   return (READ_REG(*((uint32_t *)(UID_BASE + 4U))));
 778              		.loc 1 503 3 view .LVU167
 504:Drivers/STM32H5xx_HAL_Driver/Src/stm32h5xx_hal.c **** }
 779              		.loc 1 504 1 is_stmt 0 view .LVU168
 780 0000 014B     		ldr	r3, .L64
 781 0002 D3F80408 		ldr	r0, [r3, #2052]
 782 0006 7047     		bx	lr
 783              	.L65:
 784              		.align	2
 785              	.L64:
 786 0008 00F0FF08 		.word	150990848
 787              		.cfi_endproc
 788              	.LFE174:
 790              		.section	.text.HAL_GetUIDw2,"ax",%progbits
 791              		.align	1
 792              		.global	HAL_GetUIDw2
 793              		.syntax unified
 794              		.thumb
 795              		.thumb_func
 797              	HAL_GetUIDw2:
 798              	.LFB175:
 505:Drivers/STM32H5xx_HAL_Driver/Src/stm32h5xx_hal.c **** 
 506:Drivers/STM32H5xx_HAL_Driver/Src/stm32h5xx_hal.c **** /**
 507:Drivers/STM32H5xx_HAL_Driver/Src/stm32h5xx_hal.c ****   * @brief  Return the third word of the unique device identifier (UID based on 96 bits)
 508:Drivers/STM32H5xx_HAL_Driver/Src/stm32h5xx_hal.c ****   * @retval Device identifier
 509:Drivers/STM32H5xx_HAL_Driver/Src/stm32h5xx_hal.c ****   */
 510:Drivers/STM32H5xx_HAL_Driver/Src/stm32h5xx_hal.c **** uint32_t HAL_GetUIDw2(void)
 511:Drivers/STM32H5xx_HAL_Driver/Src/stm32h5xx_hal.c **** {
 799              		.loc 1 511 1 is_stmt 1 view -0
 800              		.cfi_startproc
 801              		@ args = 0, pretend = 0, frame = 0
 802              		@ frame_needed = 0, uses_anonymous_args = 0
 803              		@ link register save eliminated.
 512:Drivers/STM32H5xx_HAL_Driver/Src/stm32h5xx_hal.c ****   return (READ_REG(*((uint32_t *)(UID_BASE + 8U))));
 804              		.loc 1 512 3 view .LVU170
 513:Drivers/STM32H5xx_HAL_Driver/Src/stm32h5xx_hal.c **** }
 805              		.loc 1 513 1 is_stmt 0 view .LVU171
 806 0000 014B     		ldr	r3, .L67
 807 0002 D3F80808 		ldr	r0, [r3, #2056]
 808 0006 7047     		bx	lr
 809              	.L68:
 810              		.align	2
 811              	.L67:
 812 0008 00F0FF08 		.word	150990848
 813              		.cfi_endproc
 814              	.LFE175:
 816              		.section	.text.HAL_DBGMCU_EnableDBGStopMode,"ax",%progbits
 817              		.align	1
 818              		.global	HAL_DBGMCU_EnableDBGStopMode
ARM GAS  /tmp/ccqyujhR.s 			page 25


 819              		.syntax unified
 820              		.thumb
 821              		.thumb_func
 823              	HAL_DBGMCU_EnableDBGStopMode:
 824              	.LFB176:
 514:Drivers/STM32H5xx_HAL_Driver/Src/stm32h5xx_hal.c **** 
 515:Drivers/STM32H5xx_HAL_Driver/Src/stm32h5xx_hal.c **** /**
 516:Drivers/STM32H5xx_HAL_Driver/Src/stm32h5xx_hal.c ****   * @}
 517:Drivers/STM32H5xx_HAL_Driver/Src/stm32h5xx_hal.c ****   */
 518:Drivers/STM32H5xx_HAL_Driver/Src/stm32h5xx_hal.c **** 
 519:Drivers/STM32H5xx_HAL_Driver/Src/stm32h5xx_hal.c **** 
 520:Drivers/STM32H5xx_HAL_Driver/Src/stm32h5xx_hal.c **** /** @defgroup HAL_Exported_Functions_Group3 HAL Debug functions
 521:Drivers/STM32H5xx_HAL_Driver/Src/stm32h5xx_hal.c ****   *  @brief    HAL Debug functions
 522:Drivers/STM32H5xx_HAL_Driver/Src/stm32h5xx_hal.c ****   *
 523:Drivers/STM32H5xx_HAL_Driver/Src/stm32h5xx_hal.c **** @verbatim
 524:Drivers/STM32H5xx_HAL_Driver/Src/stm32h5xx_hal.c ****  ==================================================================================================
 525:Drivers/STM32H5xx_HAL_Driver/Src/stm32h5xx_hal.c ****                                        ##### HAL Debug functions #####
 526:Drivers/STM32H5xx_HAL_Driver/Src/stm32h5xx_hal.c ****  ==================================================================================================
 527:Drivers/STM32H5xx_HAL_Driver/Src/stm32h5xx_hal.c ****     [..]  This section provides functions allowing to:
 528:Drivers/STM32H5xx_HAL_Driver/Src/stm32h5xx_hal.c ****       (+) Enable/Disable Debug module during STOP mode
 529:Drivers/STM32H5xx_HAL_Driver/Src/stm32h5xx_hal.c ****       (+) Enable/Disable Debug module during STANDBY mode
 530:Drivers/STM32H5xx_HAL_Driver/Src/stm32h5xx_hal.c **** 
 531:Drivers/STM32H5xx_HAL_Driver/Src/stm32h5xx_hal.c **** @endverbatim
 532:Drivers/STM32H5xx_HAL_Driver/Src/stm32h5xx_hal.c ****   * @{
 533:Drivers/STM32H5xx_HAL_Driver/Src/stm32h5xx_hal.c ****   */
 534:Drivers/STM32H5xx_HAL_Driver/Src/stm32h5xx_hal.c **** 
 535:Drivers/STM32H5xx_HAL_Driver/Src/stm32h5xx_hal.c **** /**
 536:Drivers/STM32H5xx_HAL_Driver/Src/stm32h5xx_hal.c ****   * @brief  Enable the Debug Module during STOP mode.
 537:Drivers/STM32H5xx_HAL_Driver/Src/stm32h5xx_hal.c ****   * @retval None
 538:Drivers/STM32H5xx_HAL_Driver/Src/stm32h5xx_hal.c ****   */
 539:Drivers/STM32H5xx_HAL_Driver/Src/stm32h5xx_hal.c **** void HAL_DBGMCU_EnableDBGStopMode(void)
 540:Drivers/STM32H5xx_HAL_Driver/Src/stm32h5xx_hal.c **** {
 825              		.loc 1 540 1 is_stmt 1 view -0
 826              		.cfi_startproc
 827              		@ args = 0, pretend = 0, frame = 0
 828              		@ frame_needed = 0, uses_anonymous_args = 0
 829              		@ link register save eliminated.
 541:Drivers/STM32H5xx_HAL_Driver/Src/stm32h5xx_hal.c ****   SET_BIT(DBGMCU->CR, DBGMCU_CR_DBG_STOP);
 830              		.loc 1 541 3 view .LVU173
 831 0000 024A     		ldr	r2, .L70
 832 0002 5368     		ldr	r3, [r2, #4]
 833 0004 43F00203 		orr	r3, r3, #2
 834 0008 5360     		str	r3, [r2, #4]
 542:Drivers/STM32H5xx_HAL_Driver/Src/stm32h5xx_hal.c **** }
 835              		.loc 1 542 1 is_stmt 0 view .LVU174
 836 000a 7047     		bx	lr
 837              	.L71:
 838              		.align	2
 839              	.L70:
 840 000c 00400244 		.word	1140998144
 841              		.cfi_endproc
 842              	.LFE176:
 844              		.section	.text.HAL_DBGMCU_DisableDBGStopMode,"ax",%progbits
 845              		.align	1
 846              		.global	HAL_DBGMCU_DisableDBGStopMode
 847              		.syntax unified
 848              		.thumb
ARM GAS  /tmp/ccqyujhR.s 			page 26


 849              		.thumb_func
 851              	HAL_DBGMCU_DisableDBGStopMode:
 852              	.LFB177:
 543:Drivers/STM32H5xx_HAL_Driver/Src/stm32h5xx_hal.c **** 
 544:Drivers/STM32H5xx_HAL_Driver/Src/stm32h5xx_hal.c **** /**
 545:Drivers/STM32H5xx_HAL_Driver/Src/stm32h5xx_hal.c ****   * @brief  Disable the Debug Module during STOP mode.
 546:Drivers/STM32H5xx_HAL_Driver/Src/stm32h5xx_hal.c ****   * @retval None
 547:Drivers/STM32H5xx_HAL_Driver/Src/stm32h5xx_hal.c ****   */
 548:Drivers/STM32H5xx_HAL_Driver/Src/stm32h5xx_hal.c **** void HAL_DBGMCU_DisableDBGStopMode(void)
 549:Drivers/STM32H5xx_HAL_Driver/Src/stm32h5xx_hal.c **** {
 853              		.loc 1 549 1 is_stmt 1 view -0
 854              		.cfi_startproc
 855              		@ args = 0, pretend = 0, frame = 0
 856              		@ frame_needed = 0, uses_anonymous_args = 0
 857              		@ link register save eliminated.
 550:Drivers/STM32H5xx_HAL_Driver/Src/stm32h5xx_hal.c ****   CLEAR_BIT(DBGMCU->CR, DBGMCU_CR_DBG_STOP);
 858              		.loc 1 550 3 view .LVU176
 859 0000 024A     		ldr	r2, .L73
 860 0002 5368     		ldr	r3, [r2, #4]
 861 0004 23F00203 		bic	r3, r3, #2
 862 0008 5360     		str	r3, [r2, #4]
 551:Drivers/STM32H5xx_HAL_Driver/Src/stm32h5xx_hal.c **** }
 863              		.loc 1 551 1 is_stmt 0 view .LVU177
 864 000a 7047     		bx	lr
 865              	.L74:
 866              		.align	2
 867              	.L73:
 868 000c 00400244 		.word	1140998144
 869              		.cfi_endproc
 870              	.LFE177:
 872              		.section	.text.HAL_DBGMCU_EnableDBGStandbyMode,"ax",%progbits
 873              		.align	1
 874              		.global	HAL_DBGMCU_EnableDBGStandbyMode
 875              		.syntax unified
 876              		.thumb
 877              		.thumb_func
 879              	HAL_DBGMCU_EnableDBGStandbyMode:
 880              	.LFB178:
 552:Drivers/STM32H5xx_HAL_Driver/Src/stm32h5xx_hal.c **** 
 553:Drivers/STM32H5xx_HAL_Driver/Src/stm32h5xx_hal.c **** /**
 554:Drivers/STM32H5xx_HAL_Driver/Src/stm32h5xx_hal.c ****   * @brief  Enable the Debug Module during STANDBY mode.
 555:Drivers/STM32H5xx_HAL_Driver/Src/stm32h5xx_hal.c ****   * @retval None
 556:Drivers/STM32H5xx_HAL_Driver/Src/stm32h5xx_hal.c ****   */
 557:Drivers/STM32H5xx_HAL_Driver/Src/stm32h5xx_hal.c **** void HAL_DBGMCU_EnableDBGStandbyMode(void)
 558:Drivers/STM32H5xx_HAL_Driver/Src/stm32h5xx_hal.c **** {
 881              		.loc 1 558 1 is_stmt 1 view -0
 882              		.cfi_startproc
 883              		@ args = 0, pretend = 0, frame = 0
 884              		@ frame_needed = 0, uses_anonymous_args = 0
 885              		@ link register save eliminated.
 559:Drivers/STM32H5xx_HAL_Driver/Src/stm32h5xx_hal.c ****   SET_BIT(DBGMCU->CR, DBGMCU_CR_DBG_STANDBY);
 886              		.loc 1 559 3 view .LVU179
 887 0000 024A     		ldr	r2, .L76
 888 0002 5368     		ldr	r3, [r2, #4]
 889 0004 43F00403 		orr	r3, r3, #4
 890 0008 5360     		str	r3, [r2, #4]
 560:Drivers/STM32H5xx_HAL_Driver/Src/stm32h5xx_hal.c **** }
ARM GAS  /tmp/ccqyujhR.s 			page 27


 891              		.loc 1 560 1 is_stmt 0 view .LVU180
 892 000a 7047     		bx	lr
 893              	.L77:
 894              		.align	2
 895              	.L76:
 896 000c 00400244 		.word	1140998144
 897              		.cfi_endproc
 898              	.LFE178:
 900              		.section	.text.HAL_DBGMCU_DisableDBGStandbyMode,"ax",%progbits
 901              		.align	1
 902              		.global	HAL_DBGMCU_DisableDBGStandbyMode
 903              		.syntax unified
 904              		.thumb
 905              		.thumb_func
 907              	HAL_DBGMCU_DisableDBGStandbyMode:
 908              	.LFB179:
 561:Drivers/STM32H5xx_HAL_Driver/Src/stm32h5xx_hal.c **** 
 562:Drivers/STM32H5xx_HAL_Driver/Src/stm32h5xx_hal.c **** /**
 563:Drivers/STM32H5xx_HAL_Driver/Src/stm32h5xx_hal.c ****   * @brief  Disable the Debug Module during STANDBY mode.
 564:Drivers/STM32H5xx_HAL_Driver/Src/stm32h5xx_hal.c ****   * @retval None
 565:Drivers/STM32H5xx_HAL_Driver/Src/stm32h5xx_hal.c ****   */
 566:Drivers/STM32H5xx_HAL_Driver/Src/stm32h5xx_hal.c **** void HAL_DBGMCU_DisableDBGStandbyMode(void)
 567:Drivers/STM32H5xx_HAL_Driver/Src/stm32h5xx_hal.c **** {
 909              		.loc 1 567 1 is_stmt 1 view -0
 910              		.cfi_startproc
 911              		@ args = 0, pretend = 0, frame = 0
 912              		@ frame_needed = 0, uses_anonymous_args = 0
 913              		@ link register save eliminated.
 568:Drivers/STM32H5xx_HAL_Driver/Src/stm32h5xx_hal.c ****   CLEAR_BIT(DBGMCU->CR, DBGMCU_CR_DBG_STANDBY);
 914              		.loc 1 568 3 view .LVU182
 915 0000 024A     		ldr	r2, .L79
 916 0002 5368     		ldr	r3, [r2, #4]
 917 0004 23F00403 		bic	r3, r3, #4
 918 0008 5360     		str	r3, [r2, #4]
 569:Drivers/STM32H5xx_HAL_Driver/Src/stm32h5xx_hal.c **** }
 919              		.loc 1 569 1 is_stmt 0 view .LVU183
 920 000a 7047     		bx	lr
 921              	.L80:
 922              		.align	2
 923              	.L79:
 924 000c 00400244 		.word	1140998144
 925              		.cfi_endproc
 926              	.LFE179:
 928              		.section	.text.HAL_VREFBUF_VoltageScalingConfig,"ax",%progbits
 929              		.align	1
 930              		.global	HAL_VREFBUF_VoltageScalingConfig
 931              		.syntax unified
 932              		.thumb
 933              		.thumb_func
 935              	HAL_VREFBUF_VoltageScalingConfig:
 936              	.LVL33:
 937              	.LFB180:
 570:Drivers/STM32H5xx_HAL_Driver/Src/stm32h5xx_hal.c **** 
 571:Drivers/STM32H5xx_HAL_Driver/Src/stm32h5xx_hal.c **** /**
 572:Drivers/STM32H5xx_HAL_Driver/Src/stm32h5xx_hal.c ****   * @}
 573:Drivers/STM32H5xx_HAL_Driver/Src/stm32h5xx_hal.c ****   */
 574:Drivers/STM32H5xx_HAL_Driver/Src/stm32h5xx_hal.c **** 
ARM GAS  /tmp/ccqyujhR.s 			page 28


 575:Drivers/STM32H5xx_HAL_Driver/Src/stm32h5xx_hal.c **** /** @defgroup HAL_Exported_Functions_Group4 HAL VREFBUF Control functions
 576:Drivers/STM32H5xx_HAL_Driver/Src/stm32h5xx_hal.c ****   *  @brief    HAL VREFBUF Control functions
 577:Drivers/STM32H5xx_HAL_Driver/Src/stm32h5xx_hal.c ****   *
 578:Drivers/STM32H5xx_HAL_Driver/Src/stm32h5xx_hal.c **** @verbatim
 579:Drivers/STM32H5xx_HAL_Driver/Src/stm32h5xx_hal.c ****  ==================================================================================================
 580:Drivers/STM32H5xx_HAL_Driver/Src/stm32h5xx_hal.c ****                                        ##### HAL VREFBUF Control functions #####
 581:Drivers/STM32H5xx_HAL_Driver/Src/stm32h5xx_hal.c ****  ==================================================================================================
 582:Drivers/STM32H5xx_HAL_Driver/Src/stm32h5xx_hal.c ****     [..]  This section provides functions allowing to:
 583:Drivers/STM32H5xx_HAL_Driver/Src/stm32h5xx_hal.c ****       (+) Configure the Voltage reference buffer
 584:Drivers/STM32H5xx_HAL_Driver/Src/stm32h5xx_hal.c ****       (+) Enable/Disable the Voltage reference buffer
 585:Drivers/STM32H5xx_HAL_Driver/Src/stm32h5xx_hal.c **** 
 586:Drivers/STM32H5xx_HAL_Driver/Src/stm32h5xx_hal.c **** @endverbatim
 587:Drivers/STM32H5xx_HAL_Driver/Src/stm32h5xx_hal.c ****   * @{
 588:Drivers/STM32H5xx_HAL_Driver/Src/stm32h5xx_hal.c ****   */
 589:Drivers/STM32H5xx_HAL_Driver/Src/stm32h5xx_hal.c **** 
 590:Drivers/STM32H5xx_HAL_Driver/Src/stm32h5xx_hal.c **** #if defined(VREFBUF)
 591:Drivers/STM32H5xx_HAL_Driver/Src/stm32h5xx_hal.c **** /**
 592:Drivers/STM32H5xx_HAL_Driver/Src/stm32h5xx_hal.c ****   * @brief Configure the internal voltage reference buffer voltage scale.
 593:Drivers/STM32H5xx_HAL_Driver/Src/stm32h5xx_hal.c ****   * @param  VoltageScaling: specifies the output voltage to achieve
 594:Drivers/STM32H5xx_HAL_Driver/Src/stm32h5xx_hal.c ****   *          This parameter can be one of the following values:
 595:Drivers/STM32H5xx_HAL_Driver/Src/stm32h5xx_hal.c ****   *            @arg VREFBUF_VOLTAGE_SCALE0: VREF_OUT1 around 2.5 V.
 596:Drivers/STM32H5xx_HAL_Driver/Src/stm32h5xx_hal.c ****   *                                                This requires VDDA equal to or higher than 2.8 V
 597:Drivers/STM32H5xx_HAL_Driver/Src/stm32h5xx_hal.c ****   *            @arg VREFBUF_VOLTAGE_SCALE1: VREF_OUT2 around 2.048 V.
 598:Drivers/STM32H5xx_HAL_Driver/Src/stm32h5xx_hal.c ****   *                                                This requires VDDA equal to or higher than 2.4 V
 599:Drivers/STM32H5xx_HAL_Driver/Src/stm32h5xx_hal.c ****   *            @arg VREFBUF_VOLTAGE_SCALE2: VREF_OUT3 around 1.8 V.
 600:Drivers/STM32H5xx_HAL_Driver/Src/stm32h5xx_hal.c ****   *                                                This requires VDDA equal to or higher than 2.1 V
 601:Drivers/STM32H5xx_HAL_Driver/Src/stm32h5xx_hal.c ****   *            @arg VREFBUF_VOLTAGE_SCALE3: VREF_OUT4 around 1.5 V.
 602:Drivers/STM32H5xx_HAL_Driver/Src/stm32h5xx_hal.c ****   *                                                This requires VDDA equal to or higher than 1.8 V
 603:Drivers/STM32H5xx_HAL_Driver/Src/stm32h5xx_hal.c ****   * @retval None
 604:Drivers/STM32H5xx_HAL_Driver/Src/stm32h5xx_hal.c ****   */
 605:Drivers/STM32H5xx_HAL_Driver/Src/stm32h5xx_hal.c **** void HAL_VREFBUF_VoltageScalingConfig(uint32_t VoltageScaling)
 606:Drivers/STM32H5xx_HAL_Driver/Src/stm32h5xx_hal.c **** {
 938              		.loc 1 606 1 is_stmt 1 view -0
 939              		.cfi_startproc
 940              		@ args = 0, pretend = 0, frame = 0
 941              		@ frame_needed = 0, uses_anonymous_args = 0
 942              		@ link register save eliminated.
 607:Drivers/STM32H5xx_HAL_Driver/Src/stm32h5xx_hal.c ****   /* Check the parameters */
 608:Drivers/STM32H5xx_HAL_Driver/Src/stm32h5xx_hal.c ****   assert_param(IS_VREFBUF_VOLTAGE_SCALE(VoltageScaling));
 943              		.loc 1 608 3 view .LVU185
 609:Drivers/STM32H5xx_HAL_Driver/Src/stm32h5xx_hal.c **** 
 610:Drivers/STM32H5xx_HAL_Driver/Src/stm32h5xx_hal.c ****   MODIFY_REG(VREFBUF->CSR, VREFBUF_CSR_VRS, VoltageScaling);
 944              		.loc 1 610 3 view .LVU186
 945 0000 034A     		ldr	r2, .L82
 946 0002 1368     		ldr	r3, [r2]
 947 0004 23F07003 		bic	r3, r3, #112
 948 0008 0343     		orrs	r3, r3, r0
 949 000a 1360     		str	r3, [r2]
 611:Drivers/STM32H5xx_HAL_Driver/Src/stm32h5xx_hal.c **** }
 950              		.loc 1 611 1 is_stmt 0 view .LVU187
 951 000c 7047     		bx	lr
 952              	.L83:
 953 000e 00BF     		.align	2
 954              	.L82:
 955 0010 00740044 		.word	1140880384
 956              		.cfi_endproc
 957              	.LFE180:
ARM GAS  /tmp/ccqyujhR.s 			page 29


 959              		.section	.text.HAL_VREFBUF_HighImpedanceConfig,"ax",%progbits
 960              		.align	1
 961              		.global	HAL_VREFBUF_HighImpedanceConfig
 962              		.syntax unified
 963              		.thumb
 964              		.thumb_func
 966              	HAL_VREFBUF_HighImpedanceConfig:
 967              	.LVL34:
 968              	.LFB181:
 612:Drivers/STM32H5xx_HAL_Driver/Src/stm32h5xx_hal.c **** 
 613:Drivers/STM32H5xx_HAL_Driver/Src/stm32h5xx_hal.c **** /**
 614:Drivers/STM32H5xx_HAL_Driver/Src/stm32h5xx_hal.c ****   * @brief Configure the internal voltage reference buffer high impedance mode.
 615:Drivers/STM32H5xx_HAL_Driver/Src/stm32h5xx_hal.c ****   * @param  Mode: specifies the high impedance mode
 616:Drivers/STM32H5xx_HAL_Driver/Src/stm32h5xx_hal.c ****   *          This parameter can be one of the following values:
 617:Drivers/STM32H5xx_HAL_Driver/Src/stm32h5xx_hal.c ****   *            @arg VREFBUF_HIGH_IMPEDANCE_DISABLE: VREF+ pin is internally connect to VREFINT outp
 618:Drivers/STM32H5xx_HAL_Driver/Src/stm32h5xx_hal.c ****   *            @arg VREFBUF_HIGH_IMPEDANCE_ENABLE: VREF+ pin is high impedance.
 619:Drivers/STM32H5xx_HAL_Driver/Src/stm32h5xx_hal.c ****   * @retval None
 620:Drivers/STM32H5xx_HAL_Driver/Src/stm32h5xx_hal.c ****   */
 621:Drivers/STM32H5xx_HAL_Driver/Src/stm32h5xx_hal.c **** void HAL_VREFBUF_HighImpedanceConfig(uint32_t Mode)
 622:Drivers/STM32H5xx_HAL_Driver/Src/stm32h5xx_hal.c **** {
 969              		.loc 1 622 1 is_stmt 1 view -0
 970              		.cfi_startproc
 971              		@ args = 0, pretend = 0, frame = 0
 972              		@ frame_needed = 0, uses_anonymous_args = 0
 973              		@ link register save eliminated.
 623:Drivers/STM32H5xx_HAL_Driver/Src/stm32h5xx_hal.c ****   /* Check the parameters */
 624:Drivers/STM32H5xx_HAL_Driver/Src/stm32h5xx_hal.c ****   assert_param(IS_VREFBUF_HIGH_IMPEDANCE(Mode));
 974              		.loc 1 624 3 view .LVU189
 625:Drivers/STM32H5xx_HAL_Driver/Src/stm32h5xx_hal.c **** 
 626:Drivers/STM32H5xx_HAL_Driver/Src/stm32h5xx_hal.c ****   MODIFY_REG(VREFBUF->CSR, VREFBUF_CSR_HIZ, Mode);
 975              		.loc 1 626 3 view .LVU190
 976 0000 034A     		ldr	r2, .L85
 977 0002 1368     		ldr	r3, [r2]
 978 0004 23F00203 		bic	r3, r3, #2
 979 0008 0343     		orrs	r3, r3, r0
 980 000a 1360     		str	r3, [r2]
 627:Drivers/STM32H5xx_HAL_Driver/Src/stm32h5xx_hal.c **** }
 981              		.loc 1 627 1 is_stmt 0 view .LVU191
 982 000c 7047     		bx	lr
 983              	.L86:
 984 000e 00BF     		.align	2
 985              	.L85:
 986 0010 00740044 		.word	1140880384
 987              		.cfi_endproc
 988              	.LFE181:
 990              		.section	.text.HAL_VREFBUF_TrimmingConfig,"ax",%progbits
 991              		.align	1
 992              		.global	HAL_VREFBUF_TrimmingConfig
 993              		.syntax unified
 994              		.thumb
 995              		.thumb_func
 997              	HAL_VREFBUF_TrimmingConfig:
 998              	.LVL35:
 999              	.LFB182:
 628:Drivers/STM32H5xx_HAL_Driver/Src/stm32h5xx_hal.c **** 
 629:Drivers/STM32H5xx_HAL_Driver/Src/stm32h5xx_hal.c **** /**
 630:Drivers/STM32H5xx_HAL_Driver/Src/stm32h5xx_hal.c ****   * @brief  Tune the Internal Voltage Reference buffer (VREFBUF).
ARM GAS  /tmp/ccqyujhR.s 			page 30


 631:Drivers/STM32H5xx_HAL_Driver/Src/stm32h5xx_hal.c ****   * @retval None
 632:Drivers/STM32H5xx_HAL_Driver/Src/stm32h5xx_hal.c ****   */
 633:Drivers/STM32H5xx_HAL_Driver/Src/stm32h5xx_hal.c **** void HAL_VREFBUF_TrimmingConfig(uint32_t TrimmingValue)
 634:Drivers/STM32H5xx_HAL_Driver/Src/stm32h5xx_hal.c **** {
 1000              		.loc 1 634 1 is_stmt 1 view -0
 1001              		.cfi_startproc
 1002              		@ args = 0, pretend = 0, frame = 0
 1003              		@ frame_needed = 0, uses_anonymous_args = 0
 1004              		@ link register save eliminated.
 635:Drivers/STM32H5xx_HAL_Driver/Src/stm32h5xx_hal.c ****   /* Check the parameters */
 636:Drivers/STM32H5xx_HAL_Driver/Src/stm32h5xx_hal.c ****   assert_param(IS_VREFBUF_TRIMMING(TrimmingValue));
 1005              		.loc 1 636 3 view .LVU193
 637:Drivers/STM32H5xx_HAL_Driver/Src/stm32h5xx_hal.c **** 
 638:Drivers/STM32H5xx_HAL_Driver/Src/stm32h5xx_hal.c ****   MODIFY_REG(VREFBUF->CCR, VREFBUF_CCR_TRIM, TrimmingValue);
 1006              		.loc 1 638 3 view .LVU194
 1007 0000 034A     		ldr	r2, .L88
 1008 0002 5368     		ldr	r3, [r2, #4]
 1009 0004 23F03F03 		bic	r3, r3, #63
 1010 0008 0343     		orrs	r3, r3, r0
 1011 000a 5360     		str	r3, [r2, #4]
 639:Drivers/STM32H5xx_HAL_Driver/Src/stm32h5xx_hal.c **** }
 1012              		.loc 1 639 1 is_stmt 0 view .LVU195
 1013 000c 7047     		bx	lr
 1014              	.L89:
 1015 000e 00BF     		.align	2
 1016              	.L88:
 1017 0010 00740044 		.word	1140880384
 1018              		.cfi_endproc
 1019              	.LFE182:
 1021              		.section	.text.HAL_EnableVREFBUF,"ax",%progbits
 1022              		.align	1
 1023              		.global	HAL_EnableVREFBUF
 1024              		.syntax unified
 1025              		.thumb
 1026              		.thumb_func
 1028              	HAL_EnableVREFBUF:
 1029              	.LFB183:
 640:Drivers/STM32H5xx_HAL_Driver/Src/stm32h5xx_hal.c **** 
 641:Drivers/STM32H5xx_HAL_Driver/Src/stm32h5xx_hal.c **** /**
 642:Drivers/STM32H5xx_HAL_Driver/Src/stm32h5xx_hal.c ****   * @brief  Enable the Internal Voltage Reference buffer (VREFBUF).
 643:Drivers/STM32H5xx_HAL_Driver/Src/stm32h5xx_hal.c ****   * @retval HAL_OK/HAL_TIMEOUT
 644:Drivers/STM32H5xx_HAL_Driver/Src/stm32h5xx_hal.c ****   */
 645:Drivers/STM32H5xx_HAL_Driver/Src/stm32h5xx_hal.c **** HAL_StatusTypeDef HAL_EnableVREFBUF(void)
 646:Drivers/STM32H5xx_HAL_Driver/Src/stm32h5xx_hal.c **** {
 1030              		.loc 1 646 1 is_stmt 1 view -0
 1031              		.cfi_startproc
 1032              		@ args = 0, pretend = 0, frame = 0
 1033              		@ frame_needed = 0, uses_anonymous_args = 0
 1034 0000 10B5     		push	{r4, lr}
 1035              	.LCFI5:
 1036              		.cfi_def_cfa_offset 8
 1037              		.cfi_offset 4, -8
 1038              		.cfi_offset 14, -4
 647:Drivers/STM32H5xx_HAL_Driver/Src/stm32h5xx_hal.c ****   uint32_t  tickstart;
 1039              		.loc 1 647 3 view .LVU197
 648:Drivers/STM32H5xx_HAL_Driver/Src/stm32h5xx_hal.c **** 
 649:Drivers/STM32H5xx_HAL_Driver/Src/stm32h5xx_hal.c ****   SET_BIT(VREFBUF->CSR, VREFBUF_CSR_ENVR);
ARM GAS  /tmp/ccqyujhR.s 			page 31


 1040              		.loc 1 649 3 view .LVU198
 1041 0002 0B4A     		ldr	r2, .L97
 1042 0004 1368     		ldr	r3, [r2]
 1043 0006 43F00103 		orr	r3, r3, #1
 1044 000a 1360     		str	r3, [r2]
 650:Drivers/STM32H5xx_HAL_Driver/Src/stm32h5xx_hal.c **** 
 651:Drivers/STM32H5xx_HAL_Driver/Src/stm32h5xx_hal.c ****   /* Get Start Tick*/
 652:Drivers/STM32H5xx_HAL_Driver/Src/stm32h5xx_hal.c ****   tickstart = HAL_GetTick();
 1045              		.loc 1 652 3 view .LVU199
 1046              		.loc 1 652 15 is_stmt 0 view .LVU200
 1047 000c FFF7FEFF 		bl	HAL_GetTick
 1048              	.LVL36:
 1049 0010 0446     		mov	r4, r0
 1050              	.LVL37:
 653:Drivers/STM32H5xx_HAL_Driver/Src/stm32h5xx_hal.c **** 
 654:Drivers/STM32H5xx_HAL_Driver/Src/stm32h5xx_hal.c ****   /* Wait for VRR bit  */
 655:Drivers/STM32H5xx_HAL_Driver/Src/stm32h5xx_hal.c ****   while (READ_BIT(VREFBUF->CSR, VREFBUF_CSR_VRR) == 0UL)
 1051              		.loc 1 655 3 is_stmt 1 view .LVU201
 1052              	.L91:
 1053              		.loc 1 655 50 view .LVU202
 1054              		.loc 1 655 10 is_stmt 0 view .LVU203
 1055 0012 074B     		ldr	r3, .L97
 1056 0014 1B68     		ldr	r3, [r3]
 1057              		.loc 1 655 50 view .LVU204
 1058 0016 13F0080F 		tst	r3, #8
 1059 001a 06D1     		bne	.L96
 656:Drivers/STM32H5xx_HAL_Driver/Src/stm32h5xx_hal.c ****   {
 657:Drivers/STM32H5xx_HAL_Driver/Src/stm32h5xx_hal.c ****     if ((HAL_GetTick() - tickstart) > VREFBUF_TIMEOUT_VALUE)
 1060              		.loc 1 657 5 is_stmt 1 view .LVU205
 1061              		.loc 1 657 10 is_stmt 0 view .LVU206
 1062 001c FFF7FEFF 		bl	HAL_GetTick
 1063              	.LVL38:
 1064              		.loc 1 657 24 discriminator 1 view .LVU207
 1065 0020 001B     		subs	r0, r0, r4
 1066              		.loc 1 657 8 discriminator 1 view .LVU208
 1067 0022 0A28     		cmp	r0, #10
 1068 0024 F5D9     		bls	.L91
 658:Drivers/STM32H5xx_HAL_Driver/Src/stm32h5xx_hal.c ****     {
 659:Drivers/STM32H5xx_HAL_Driver/Src/stm32h5xx_hal.c ****       return HAL_TIMEOUT;
 1069              		.loc 1 659 14 view .LVU209
 1070 0026 0320     		movs	r0, #3
 1071 0028 00E0     		b	.L92
 1072              	.L96:
 660:Drivers/STM32H5xx_HAL_Driver/Src/stm32h5xx_hal.c ****     }
 661:Drivers/STM32H5xx_HAL_Driver/Src/stm32h5xx_hal.c ****   }
 662:Drivers/STM32H5xx_HAL_Driver/Src/stm32h5xx_hal.c **** 
 663:Drivers/STM32H5xx_HAL_Driver/Src/stm32h5xx_hal.c ****   return HAL_OK;
 1073              		.loc 1 663 10 view .LVU210
 1074 002a 0020     		movs	r0, #0
 1075              	.L92:
 664:Drivers/STM32H5xx_HAL_Driver/Src/stm32h5xx_hal.c **** }
 1076              		.loc 1 664 1 view .LVU211
 1077 002c 10BD     		pop	{r4, pc}
 1078              	.LVL39:
 1079              	.L98:
 1080              		.loc 1 664 1 view .LVU212
 1081 002e 00BF     		.align	2
ARM GAS  /tmp/ccqyujhR.s 			page 32


 1082              	.L97:
 1083 0030 00740044 		.word	1140880384
 1084              		.cfi_endproc
 1085              	.LFE183:
 1087              		.section	.text.HAL_DisableVREFBUF,"ax",%progbits
 1088              		.align	1
 1089              		.global	HAL_DisableVREFBUF
 1090              		.syntax unified
 1091              		.thumb
 1092              		.thumb_func
 1094              	HAL_DisableVREFBUF:
 1095              	.LFB184:
 665:Drivers/STM32H5xx_HAL_Driver/Src/stm32h5xx_hal.c **** 
 666:Drivers/STM32H5xx_HAL_Driver/Src/stm32h5xx_hal.c **** /**
 667:Drivers/STM32H5xx_HAL_Driver/Src/stm32h5xx_hal.c ****   * @brief  Disable the Internal Voltage Reference buffer (VREFBUF).
 668:Drivers/STM32H5xx_HAL_Driver/Src/stm32h5xx_hal.c ****   *
 669:Drivers/STM32H5xx_HAL_Driver/Src/stm32h5xx_hal.c ****   * @retval None
 670:Drivers/STM32H5xx_HAL_Driver/Src/stm32h5xx_hal.c ****   */
 671:Drivers/STM32H5xx_HAL_Driver/Src/stm32h5xx_hal.c **** void HAL_DisableVREFBUF(void)
 672:Drivers/STM32H5xx_HAL_Driver/Src/stm32h5xx_hal.c **** {
 1096              		.loc 1 672 1 is_stmt 1 view -0
 1097              		.cfi_startproc
 1098              		@ args = 0, pretend = 0, frame = 0
 1099              		@ frame_needed = 0, uses_anonymous_args = 0
 1100              		@ link register save eliminated.
 673:Drivers/STM32H5xx_HAL_Driver/Src/stm32h5xx_hal.c ****   CLEAR_BIT(VREFBUF->CSR, VREFBUF_CSR_ENVR);
 1101              		.loc 1 673 3 view .LVU214
 1102 0000 024A     		ldr	r2, .L100
 1103 0002 1368     		ldr	r3, [r2]
 1104 0004 23F00103 		bic	r3, r3, #1
 1105 0008 1360     		str	r3, [r2]
 674:Drivers/STM32H5xx_HAL_Driver/Src/stm32h5xx_hal.c **** }
 1106              		.loc 1 674 1 is_stmt 0 view .LVU215
 1107 000a 7047     		bx	lr
 1108              	.L101:
 1109              		.align	2
 1110              	.L100:
 1111 000c 00740044 		.word	1140880384
 1112              		.cfi_endproc
 1113              	.LFE184:
 1115              		.section	.text.HAL_SBS_EnableVddIO1CompensationCell,"ax",%progbits
 1116              		.align	1
 1117              		.global	HAL_SBS_EnableVddIO1CompensationCell
 1118              		.syntax unified
 1119              		.thumb
 1120              		.thumb_func
 1122              	HAL_SBS_EnableVddIO1CompensationCell:
 1123              	.LFB185:
 675:Drivers/STM32H5xx_HAL_Driver/Src/stm32h5xx_hal.c **** #endif /* VREFBUF */
 676:Drivers/STM32H5xx_HAL_Driver/Src/stm32h5xx_hal.c **** 
 677:Drivers/STM32H5xx_HAL_Driver/Src/stm32h5xx_hal.c **** /**
 678:Drivers/STM32H5xx_HAL_Driver/Src/stm32h5xx_hal.c ****   * @}
 679:Drivers/STM32H5xx_HAL_Driver/Src/stm32h5xx_hal.c ****   */
 680:Drivers/STM32H5xx_HAL_Driver/Src/stm32h5xx_hal.c **** 
 681:Drivers/STM32H5xx_HAL_Driver/Src/stm32h5xx_hal.c **** /** @defgroup HAL_Exported_Functions_Group5 HAL SBS configuration functions
 682:Drivers/STM32H5xx_HAL_Driver/Src/stm32h5xx_hal.c ****   *  @brief    HAL SBS configuration functions
 683:Drivers/STM32H5xx_HAL_Driver/Src/stm32h5xx_hal.c ****   *
ARM GAS  /tmp/ccqyujhR.s 			page 33


 684:Drivers/STM32H5xx_HAL_Driver/Src/stm32h5xx_hal.c **** @verbatim
 685:Drivers/STM32H5xx_HAL_Driver/Src/stm32h5xx_hal.c ****  ==================================================================================================
 686:Drivers/STM32H5xx_HAL_Driver/Src/stm32h5xx_hal.c ****                                        ##### HAL SBS configuration functions #####
 687:Drivers/STM32H5xx_HAL_Driver/Src/stm32h5xx_hal.c ****  ==================================================================================================
 688:Drivers/STM32H5xx_HAL_Driver/Src/stm32h5xx_hal.c ****     [..]  This section provides functions allowing to:
 689:Drivers/STM32H5xx_HAL_Driver/Src/stm32h5xx_hal.c ****       (+) Select the Ethernet PHY Interface
 690:Drivers/STM32H5xx_HAL_Driver/Src/stm32h5xx_hal.c ****       (+) Enable/Disable the VDD I/Os Compensation Cell
 691:Drivers/STM32H5xx_HAL_Driver/Src/stm32h5xx_hal.c ****       (+) Code selection/configuration for the VDD I/O Compensation cell
 692:Drivers/STM32H5xx_HAL_Driver/Src/stm32h5xx_hal.c ****       (+) Get ready flag status of VDD I/Os Compensation cell
 693:Drivers/STM32H5xx_HAL_Driver/Src/stm32h5xx_hal.c ****       (+) Get PMOS/NMOS compensation value of the I/Os supplied by VDD
 694:Drivers/STM32H5xx_HAL_Driver/Src/stm32h5xx_hal.c ****       (+) Enable/Disable the NMI in case of double ECC error in FLASH Interface
 695:Drivers/STM32H5xx_HAL_Driver/Src/stm32h5xx_hal.c **** 
 696:Drivers/STM32H5xx_HAL_Driver/Src/stm32h5xx_hal.c **** @endverbatim
 697:Drivers/STM32H5xx_HAL_Driver/Src/stm32h5xx_hal.c ****   * @{
 698:Drivers/STM32H5xx_HAL_Driver/Src/stm32h5xx_hal.c ****   */
 699:Drivers/STM32H5xx_HAL_Driver/Src/stm32h5xx_hal.c **** 
 700:Drivers/STM32H5xx_HAL_Driver/Src/stm32h5xx_hal.c **** #if defined(SBS_PMCR_ETH_SEL_PHY)
 701:Drivers/STM32H5xx_HAL_Driver/Src/stm32h5xx_hal.c **** /**
 702:Drivers/STM32H5xx_HAL_Driver/Src/stm32h5xx_hal.c ****   * @brief  Ethernet PHY Interface Selection either MII or RMII
 703:Drivers/STM32H5xx_HAL_Driver/Src/stm32h5xx_hal.c ****   * @param  SBS_ETHInterface: Selects the Ethernet PHY interface
 704:Drivers/STM32H5xx_HAL_Driver/Src/stm32h5xx_hal.c ****   *   This parameter can be one of the following values:
 705:Drivers/STM32H5xx_HAL_Driver/Src/stm32h5xx_hal.c ****   *   @arg SBS_ETH_MII : Select the Media Independent Interface
 706:Drivers/STM32H5xx_HAL_Driver/Src/stm32h5xx_hal.c ****   *   @arg SBS_ETH_RMII: Select the Reduced Media Independent Interface
 707:Drivers/STM32H5xx_HAL_Driver/Src/stm32h5xx_hal.c ****   * @retval None
 708:Drivers/STM32H5xx_HAL_Driver/Src/stm32h5xx_hal.c ****   */
 709:Drivers/STM32H5xx_HAL_Driver/Src/stm32h5xx_hal.c **** void HAL_SBS_ETHInterfaceSelect(uint32_t SBS_ETHInterface)
 710:Drivers/STM32H5xx_HAL_Driver/Src/stm32h5xx_hal.c **** {
 711:Drivers/STM32H5xx_HAL_Driver/Src/stm32h5xx_hal.c ****   /* Check the parameter */
 712:Drivers/STM32H5xx_HAL_Driver/Src/stm32h5xx_hal.c ****   assert_param(IS_SBS_ETHERNET_CONFIG(SBS_ETHInterface));
 713:Drivers/STM32H5xx_HAL_Driver/Src/stm32h5xx_hal.c **** 
 714:Drivers/STM32H5xx_HAL_Driver/Src/stm32h5xx_hal.c ****   MODIFY_REG(SBS->PMCR, SBS_PMCR_ETH_SEL_PHY, (uint32_t)(SBS_ETHInterface));
 715:Drivers/STM32H5xx_HAL_Driver/Src/stm32h5xx_hal.c **** }
 716:Drivers/STM32H5xx_HAL_Driver/Src/stm32h5xx_hal.c **** #endif /* SBS_PMCR_ETH_SEL_PHY */
 717:Drivers/STM32H5xx_HAL_Driver/Src/stm32h5xx_hal.c **** 
 718:Drivers/STM32H5xx_HAL_Driver/Src/stm32h5xx_hal.c **** /**
 719:Drivers/STM32H5xx_HAL_Driver/Src/stm32h5xx_hal.c ****   * @brief  Enables the VDD I/Os Compensation Cell.
 720:Drivers/STM32H5xx_HAL_Driver/Src/stm32h5xx_hal.c ****   * @note   The I/O compensation cell can be used only when the device supply
 721:Drivers/STM32H5xx_HAL_Driver/Src/stm32h5xx_hal.c ****   *         voltage ranges from 2.4 to 3.6 V.
 722:Drivers/STM32H5xx_HAL_Driver/Src/stm32h5xx_hal.c ****   * @retval None
 723:Drivers/STM32H5xx_HAL_Driver/Src/stm32h5xx_hal.c ****   */
 724:Drivers/STM32H5xx_HAL_Driver/Src/stm32h5xx_hal.c **** void HAL_SBS_EnableVddIO1CompensationCell(void)
 725:Drivers/STM32H5xx_HAL_Driver/Src/stm32h5xx_hal.c **** {
 1124              		.loc 1 725 1 is_stmt 1 view -0
 1125              		.cfi_startproc
 1126              		@ args = 0, pretend = 0, frame = 0
 1127              		@ frame_needed = 0, uses_anonymous_args = 0
 1128              		@ link register save eliminated.
 726:Drivers/STM32H5xx_HAL_Driver/Src/stm32h5xx_hal.c ****   SET_BIT(SBS->CCCSR, SBS_CCCSR_EN1) ;
 1129              		.loc 1 726 3 view .LVU217
 1130 0000 034A     		ldr	r2, .L103
 1131 0002 D2F81031 		ldr	r3, [r2, #272]
 1132 0006 43F00103 		orr	r3, r3, #1
 1133 000a C2F81031 		str	r3, [r2, #272]
 727:Drivers/STM32H5xx_HAL_Driver/Src/stm32h5xx_hal.c **** }
 1134              		.loc 1 727 1 is_stmt 0 view .LVU218
 1135 000e 7047     		bx	lr
 1136              	.L104:
ARM GAS  /tmp/ccqyujhR.s 			page 34


 1137              		.align	2
 1138              	.L103:
 1139 0010 00040044 		.word	1140851712
 1140              		.cfi_endproc
 1141              	.LFE185:
 1143              		.section	.text.HAL_SBS_DisableVddIO1CompensationCell,"ax",%progbits
 1144              		.align	1
 1145              		.global	HAL_SBS_DisableVddIO1CompensationCell
 1146              		.syntax unified
 1147              		.thumb
 1148              		.thumb_func
 1150              	HAL_SBS_DisableVddIO1CompensationCell:
 1151              	.LFB186:
 728:Drivers/STM32H5xx_HAL_Driver/Src/stm32h5xx_hal.c **** 
 729:Drivers/STM32H5xx_HAL_Driver/Src/stm32h5xx_hal.c **** /**
 730:Drivers/STM32H5xx_HAL_Driver/Src/stm32h5xx_hal.c ****   * @brief  Power-down the VDD I/Os Compensation Cell.
 731:Drivers/STM32H5xx_HAL_Driver/Src/stm32h5xx_hal.c ****   * @note   The I/O compensation cell can be used only when the device supply
 732:Drivers/STM32H5xx_HAL_Driver/Src/stm32h5xx_hal.c ****   *         voltage ranges from 2.4 to 3.6 V.
 733:Drivers/STM32H5xx_HAL_Driver/Src/stm32h5xx_hal.c ****   * @retval None
 734:Drivers/STM32H5xx_HAL_Driver/Src/stm32h5xx_hal.c ****   */
 735:Drivers/STM32H5xx_HAL_Driver/Src/stm32h5xx_hal.c **** void HAL_SBS_DisableVddIO1CompensationCell(void)
 736:Drivers/STM32H5xx_HAL_Driver/Src/stm32h5xx_hal.c **** {
 1152              		.loc 1 736 1 is_stmt 1 view -0
 1153              		.cfi_startproc
 1154              		@ args = 0, pretend = 0, frame = 0
 1155              		@ frame_needed = 0, uses_anonymous_args = 0
 1156              		@ link register save eliminated.
 737:Drivers/STM32H5xx_HAL_Driver/Src/stm32h5xx_hal.c ****   CLEAR_BIT(SBS->CCCSR, SBS_CCCSR_EN1);
 1157              		.loc 1 737 3 view .LVU220
 1158 0000 034A     		ldr	r2, .L106
 1159 0002 D2F81031 		ldr	r3, [r2, #272]
 1160 0006 23F00103 		bic	r3, r3, #1
 1161 000a C2F81031 		str	r3, [r2, #272]
 738:Drivers/STM32H5xx_HAL_Driver/Src/stm32h5xx_hal.c **** }
 1162              		.loc 1 738 1 is_stmt 0 view .LVU221
 1163 000e 7047     		bx	lr
 1164              	.L107:
 1165              		.align	2
 1166              	.L106:
 1167 0010 00040044 		.word	1140851712
 1168              		.cfi_endproc
 1169              	.LFE186:
 1171              		.section	.text.HAL_SBS_EnableVddIO2CompensationCell,"ax",%progbits
 1172              		.align	1
 1173              		.global	HAL_SBS_EnableVddIO2CompensationCell
 1174              		.syntax unified
 1175              		.thumb
 1176              		.thumb_func
 1178              	HAL_SBS_EnableVddIO2CompensationCell:
 1179              	.LFB187:
 739:Drivers/STM32H5xx_HAL_Driver/Src/stm32h5xx_hal.c **** 
 740:Drivers/STM32H5xx_HAL_Driver/Src/stm32h5xx_hal.c **** /**
 741:Drivers/STM32H5xx_HAL_Driver/Src/stm32h5xx_hal.c ****   * @brief  Enables the VDDIO2 I/Os Compensation Cell.
 742:Drivers/STM32H5xx_HAL_Driver/Src/stm32h5xx_hal.c ****   * @note   The I/O compensation cell can be used only when the device supply
 743:Drivers/STM32H5xx_HAL_Driver/Src/stm32h5xx_hal.c ****   *         voltage ranges from 2.4 to 3.6 V.
 744:Drivers/STM32H5xx_HAL_Driver/Src/stm32h5xx_hal.c ****   * @retval None
 745:Drivers/STM32H5xx_HAL_Driver/Src/stm32h5xx_hal.c ****   */
ARM GAS  /tmp/ccqyujhR.s 			page 35


 746:Drivers/STM32H5xx_HAL_Driver/Src/stm32h5xx_hal.c **** void HAL_SBS_EnableVddIO2CompensationCell(void)
 747:Drivers/STM32H5xx_HAL_Driver/Src/stm32h5xx_hal.c **** {
 1180              		.loc 1 747 1 is_stmt 1 view -0
 1181              		.cfi_startproc
 1182              		@ args = 0, pretend = 0, frame = 0
 1183              		@ frame_needed = 0, uses_anonymous_args = 0
 1184              		@ link register save eliminated.
 748:Drivers/STM32H5xx_HAL_Driver/Src/stm32h5xx_hal.c ****   SET_BIT(SBS->CCCSR, SBS_CCCSR_EN2) ;
 1185              		.loc 1 748 3 view .LVU223
 1186 0000 034A     		ldr	r2, .L109
 1187 0002 D2F81031 		ldr	r3, [r2, #272]
 1188 0006 43F00403 		orr	r3, r3, #4
 1189 000a C2F81031 		str	r3, [r2, #272]
 749:Drivers/STM32H5xx_HAL_Driver/Src/stm32h5xx_hal.c **** }
 1190              		.loc 1 749 1 is_stmt 0 view .LVU224
 1191 000e 7047     		bx	lr
 1192              	.L110:
 1193              		.align	2
 1194              	.L109:
 1195 0010 00040044 		.word	1140851712
 1196              		.cfi_endproc
 1197              	.LFE187:
 1199              		.section	.text.HAL_SBS_DisableVddIO2CompensationCell,"ax",%progbits
 1200              		.align	1
 1201              		.global	HAL_SBS_DisableVddIO2CompensationCell
 1202              		.syntax unified
 1203              		.thumb
 1204              		.thumb_func
 1206              	HAL_SBS_DisableVddIO2CompensationCell:
 1207              	.LFB188:
 750:Drivers/STM32H5xx_HAL_Driver/Src/stm32h5xx_hal.c **** 
 751:Drivers/STM32H5xx_HAL_Driver/Src/stm32h5xx_hal.c **** /**
 752:Drivers/STM32H5xx_HAL_Driver/Src/stm32h5xx_hal.c ****   * @brief  Power-down the VDDIO2 I/Os Compensation Cell.
 753:Drivers/STM32H5xx_HAL_Driver/Src/stm32h5xx_hal.c ****   * @note   The I/O compensation cell can be used only when the device supply
 754:Drivers/STM32H5xx_HAL_Driver/Src/stm32h5xx_hal.c ****   *         voltage ranges from 2.4 to 3.6 V.
 755:Drivers/STM32H5xx_HAL_Driver/Src/stm32h5xx_hal.c ****   * @retval None
 756:Drivers/STM32H5xx_HAL_Driver/Src/stm32h5xx_hal.c ****   */
 757:Drivers/STM32H5xx_HAL_Driver/Src/stm32h5xx_hal.c **** void HAL_SBS_DisableVddIO2CompensationCell(void)
 758:Drivers/STM32H5xx_HAL_Driver/Src/stm32h5xx_hal.c **** {
 1208              		.loc 1 758 1 is_stmt 1 view -0
 1209              		.cfi_startproc
 1210              		@ args = 0, pretend = 0, frame = 0
 1211              		@ frame_needed = 0, uses_anonymous_args = 0
 1212              		@ link register save eliminated.
 759:Drivers/STM32H5xx_HAL_Driver/Src/stm32h5xx_hal.c ****   CLEAR_BIT(SBS->CCCSR, SBS_CCCSR_EN2);
 1213              		.loc 1 759 3 view .LVU226
 1214 0000 034A     		ldr	r2, .L112
 1215 0002 D2F81031 		ldr	r3, [r2, #272]
 1216 0006 23F00403 		bic	r3, r3, #4
 1217 000a C2F81031 		str	r3, [r2, #272]
 760:Drivers/STM32H5xx_HAL_Driver/Src/stm32h5xx_hal.c **** }
 1218              		.loc 1 760 1 is_stmt 0 view .LVU227
 1219 000e 7047     		bx	lr
 1220              	.L113:
 1221              		.align	2
 1222              	.L112:
 1223 0010 00040044 		.word	1140851712
ARM GAS  /tmp/ccqyujhR.s 			page 36


 1224              		.cfi_endproc
 1225              	.LFE188:
 1227              		.section	.text.HAL_SBS_VDDCompensationCodeSelect,"ax",%progbits
 1228              		.align	1
 1229              		.global	HAL_SBS_VDDCompensationCodeSelect
 1230              		.syntax unified
 1231              		.thumb
 1232              		.thumb_func
 1234              	HAL_SBS_VDDCompensationCodeSelect:
 1235              	.LVL40:
 1236              	.LFB189:
 761:Drivers/STM32H5xx_HAL_Driver/Src/stm32h5xx_hal.c **** 
 762:Drivers/STM32H5xx_HAL_Driver/Src/stm32h5xx_hal.c **** /**
 763:Drivers/STM32H5xx_HAL_Driver/Src/stm32h5xx_hal.c ****   * @brief  Code selection for the VDD I/O Compensation cell
 764:Drivers/STM32H5xx_HAL_Driver/Src/stm32h5xx_hal.c ****   * @param  SBS_CompCode: Selects the code to be applied for the I/O compensation cell
 765:Drivers/STM32H5xx_HAL_Driver/Src/stm32h5xx_hal.c ****   *         This parameter can be one of the following values:
 766:Drivers/STM32H5xx_HAL_Driver/Src/stm32h5xx_hal.c ****   *           @arg SBS_VDD_CELL_CODE : Select Code from the cell (available in the SBS_CCVALR)
 767:Drivers/STM32H5xx_HAL_Driver/Src/stm32h5xx_hal.c ****   *           @arg SBS_VDD_REGISTER_CODE: Select Code from the SBS compensation cell code register 
 768:Drivers/STM32H5xx_HAL_Driver/Src/stm32h5xx_hal.c ****   * @retval None
 769:Drivers/STM32H5xx_HAL_Driver/Src/stm32h5xx_hal.c ****   */
 770:Drivers/STM32H5xx_HAL_Driver/Src/stm32h5xx_hal.c **** void HAL_SBS_VDDCompensationCodeSelect(uint32_t SBS_CompCode)
 771:Drivers/STM32H5xx_HAL_Driver/Src/stm32h5xx_hal.c **** {
 1237              		.loc 1 771 1 is_stmt 1 view -0
 1238              		.cfi_startproc
 1239              		@ args = 0, pretend = 0, frame = 0
 1240              		@ frame_needed = 0, uses_anonymous_args = 0
 1241              		@ link register save eliminated.
 772:Drivers/STM32H5xx_HAL_Driver/Src/stm32h5xx_hal.c ****   /* Check the parameter */
 773:Drivers/STM32H5xx_HAL_Driver/Src/stm32h5xx_hal.c ****   assert_param(IS_SBS_VDD_CODE_SELECT(SBS_CompCode));
 1242              		.loc 1 773 3 view .LVU229
 774:Drivers/STM32H5xx_HAL_Driver/Src/stm32h5xx_hal.c ****   MODIFY_REG(SBS->CCCSR, SBS_CCCSR_CS1, (uint32_t)(SBS_CompCode));
 1243              		.loc 1 774 3 view .LVU230
 1244 0000 044A     		ldr	r2, .L115
 1245 0002 D2F81031 		ldr	r3, [r2, #272]
 1246 0006 23F00203 		bic	r3, r3, #2
 1247 000a 0343     		orrs	r3, r3, r0
 1248 000c C2F81031 		str	r3, [r2, #272]
 775:Drivers/STM32H5xx_HAL_Driver/Src/stm32h5xx_hal.c **** }
 1249              		.loc 1 775 1 is_stmt 0 view .LVU231
 1250 0010 7047     		bx	lr
 1251              	.L116:
 1252 0012 00BF     		.align	2
 1253              	.L115:
 1254 0014 00040044 		.word	1140851712
 1255              		.cfi_endproc
 1256              	.LFE189:
 1258              		.section	.text.HAL_SBS_VDDIOCompensationCodeSelect,"ax",%progbits
 1259              		.align	1
 1260              		.global	HAL_SBS_VDDIOCompensationCodeSelect
 1261              		.syntax unified
 1262              		.thumb
 1263              		.thumb_func
 1265              	HAL_SBS_VDDIOCompensationCodeSelect:
 1266              	.LVL41:
 1267              	.LFB190:
 776:Drivers/STM32H5xx_HAL_Driver/Src/stm32h5xx_hal.c **** 
 777:Drivers/STM32H5xx_HAL_Driver/Src/stm32h5xx_hal.c **** /**
ARM GAS  /tmp/ccqyujhR.s 			page 37


 778:Drivers/STM32H5xx_HAL_Driver/Src/stm32h5xx_hal.c ****   * @brief  Code selection for the VDDIO I/O Compensation cell
 779:Drivers/STM32H5xx_HAL_Driver/Src/stm32h5xx_hal.c ****   * @param  SBS_CompCode: Selects the code to be applied for the I/O compensation cell
 780:Drivers/STM32H5xx_HAL_Driver/Src/stm32h5xx_hal.c ****   *         This parameter can be one of the following values:
 781:Drivers/STM32H5xx_HAL_Driver/Src/stm32h5xx_hal.c ****   *           @arg SBS_VDDIO_CELL_CODE : Select Code from the cell (available in the SBS_CCVALR)
 782:Drivers/STM32H5xx_HAL_Driver/Src/stm32h5xx_hal.c ****   *           @arg SBS_VDDIO_REGISTER_CODE: Select Code from the SBS compensation cell code registe
 783:Drivers/STM32H5xx_HAL_Driver/Src/stm32h5xx_hal.c ****   * @retval None
 784:Drivers/STM32H5xx_HAL_Driver/Src/stm32h5xx_hal.c ****   */
 785:Drivers/STM32H5xx_HAL_Driver/Src/stm32h5xx_hal.c **** void HAL_SBS_VDDIOCompensationCodeSelect(uint32_t SBS_CompCode)
 786:Drivers/STM32H5xx_HAL_Driver/Src/stm32h5xx_hal.c **** {
 1268              		.loc 1 786 1 is_stmt 1 view -0
 1269              		.cfi_startproc
 1270              		@ args = 0, pretend = 0, frame = 0
 1271              		@ frame_needed = 0, uses_anonymous_args = 0
 1272              		@ link register save eliminated.
 787:Drivers/STM32H5xx_HAL_Driver/Src/stm32h5xx_hal.c ****   /* Check the parameter */
 788:Drivers/STM32H5xx_HAL_Driver/Src/stm32h5xx_hal.c ****   assert_param(IS_SBS_VDDIO_CODE_SELECT(SBS_CompCode));
 1273              		.loc 1 788 3 view .LVU233
 789:Drivers/STM32H5xx_HAL_Driver/Src/stm32h5xx_hal.c ****   MODIFY_REG(SBS->CCCSR, SBS_CCCSR_CS2, (uint32_t)(SBS_CompCode));
 1274              		.loc 1 789 3 view .LVU234
 1275 0000 044A     		ldr	r2, .L118
 1276 0002 D2F81031 		ldr	r3, [r2, #272]
 1277 0006 23F00803 		bic	r3, r3, #8
 1278 000a 0343     		orrs	r3, r3, r0
 1279 000c C2F81031 		str	r3, [r2, #272]
 790:Drivers/STM32H5xx_HAL_Driver/Src/stm32h5xx_hal.c **** }
 1280              		.loc 1 790 1 is_stmt 0 view .LVU235
 1281 0010 7047     		bx	lr
 1282              	.L119:
 1283 0012 00BF     		.align	2
 1284              	.L118:
 1285 0014 00040044 		.word	1140851712
 1286              		.cfi_endproc
 1287              	.LFE190:
 1289              		.section	.text.HAL_SBS_GetVddIO1CompensationCellReadyFlag,"ax",%progbits
 1290              		.align	1
 1291              		.global	HAL_SBS_GetVddIO1CompensationCellReadyFlag
 1292              		.syntax unified
 1293              		.thumb
 1294              		.thumb_func
 1296              	HAL_SBS_GetVddIO1CompensationCellReadyFlag:
 1297              	.LFB191:
 791:Drivers/STM32H5xx_HAL_Driver/Src/stm32h5xx_hal.c **** 
 792:Drivers/STM32H5xx_HAL_Driver/Src/stm32h5xx_hal.c **** /**
 793:Drivers/STM32H5xx_HAL_Driver/Src/stm32h5xx_hal.c ****   * @brief  VDDIO1 I/O Compensation cell get ready flag status
 794:Drivers/STM32H5xx_HAL_Driver/Src/stm32h5xx_hal.c ****   * @retval State of bit (1 or 0).
 795:Drivers/STM32H5xx_HAL_Driver/Src/stm32h5xx_hal.c ****   */
 796:Drivers/STM32H5xx_HAL_Driver/Src/stm32h5xx_hal.c **** uint32_t HAL_SBS_GetVddIO1CompensationCellReadyFlag(void)
 797:Drivers/STM32H5xx_HAL_Driver/Src/stm32h5xx_hal.c **** {
 1298              		.loc 1 797 1 is_stmt 1 view -0
 1299              		.cfi_startproc
 1300              		@ args = 0, pretend = 0, frame = 0
 1301              		@ frame_needed = 0, uses_anonymous_args = 0
 1302              		@ link register save eliminated.
 798:Drivers/STM32H5xx_HAL_Driver/Src/stm32h5xx_hal.c ****   return ((READ_BIT(SBS->CCCSR, SBS_CCCSR_RDY1) == SBS_CCCSR_RDY1) ? 1UL : 0UL);
 1303              		.loc 1 798 3 view .LVU237
 1304              		.loc 1 798 12 is_stmt 0 view .LVU238
 1305 0000 034B     		ldr	r3, .L122
ARM GAS  /tmp/ccqyujhR.s 			page 38


 1306 0002 D3F81001 		ldr	r0, [r3, #272]
 1307              		.loc 1 798 74 view .LVU239
 1308 0006 10F48070 		ands	r0, r0, #256
 1309 000a 00D0     		beq	.L120
 1310              		.loc 1 798 74 discriminator 1 view .LVU240
 1311 000c 0120     		movs	r0, #1
 1312              	.L120:
 799:Drivers/STM32H5xx_HAL_Driver/Src/stm32h5xx_hal.c **** }
 1313              		.loc 1 799 1 view .LVU241
 1314 000e 7047     		bx	lr
 1315              	.L123:
 1316              		.align	2
 1317              	.L122:
 1318 0010 00040044 		.word	1140851712
 1319              		.cfi_endproc
 1320              	.LFE191:
 1322              		.section	.text.HAL_SBS_GetVddIO2CompensationCellReadyFlag,"ax",%progbits
 1323              		.align	1
 1324              		.global	HAL_SBS_GetVddIO2CompensationCellReadyFlag
 1325              		.syntax unified
 1326              		.thumb
 1327              		.thumb_func
 1329              	HAL_SBS_GetVddIO2CompensationCellReadyFlag:
 1330              	.LFB192:
 800:Drivers/STM32H5xx_HAL_Driver/Src/stm32h5xx_hal.c **** 
 801:Drivers/STM32H5xx_HAL_Driver/Src/stm32h5xx_hal.c **** /**
 802:Drivers/STM32H5xx_HAL_Driver/Src/stm32h5xx_hal.c ****   * @brief  VDDIO2 I/O Compensation cell get ready flag status
 803:Drivers/STM32H5xx_HAL_Driver/Src/stm32h5xx_hal.c ****   * @retval State of bit (1 or 0).
 804:Drivers/STM32H5xx_HAL_Driver/Src/stm32h5xx_hal.c ****   */
 805:Drivers/STM32H5xx_HAL_Driver/Src/stm32h5xx_hal.c **** uint32_t HAL_SBS_GetVddIO2CompensationCellReadyFlag(void)
 806:Drivers/STM32H5xx_HAL_Driver/Src/stm32h5xx_hal.c **** {
 1331              		.loc 1 806 1 is_stmt 1 view -0
 1332              		.cfi_startproc
 1333              		@ args = 0, pretend = 0, frame = 0
 1334              		@ frame_needed = 0, uses_anonymous_args = 0
 1335              		@ link register save eliminated.
 807:Drivers/STM32H5xx_HAL_Driver/Src/stm32h5xx_hal.c ****   return ((READ_BIT(SBS->CCCSR, SBS_CCCSR_RDY2) == SBS_CCCSR_RDY2) ? 1UL : 0UL);
 1336              		.loc 1 807 3 view .LVU243
 1337              		.loc 1 807 12 is_stmt 0 view .LVU244
 1338 0000 034B     		ldr	r3, .L126
 1339 0002 D3F81001 		ldr	r0, [r3, #272]
 1340              		.loc 1 807 74 view .LVU245
 1341 0006 10F40070 		ands	r0, r0, #512
 1342 000a 00D0     		beq	.L124
 1343              		.loc 1 807 74 discriminator 1 view .LVU246
 1344 000c 0120     		movs	r0, #1
 1345              	.L124:
 808:Drivers/STM32H5xx_HAL_Driver/Src/stm32h5xx_hal.c **** }
 1346              		.loc 1 808 1 view .LVU247
 1347 000e 7047     		bx	lr
 1348              	.L127:
 1349              		.align	2
 1350              	.L126:
 1351 0010 00040044 		.word	1140851712
 1352              		.cfi_endproc
 1353              	.LFE192:
 1355              		.section	.text.HAL_SBS_VDDCompensationCodeConfig,"ax",%progbits
ARM GAS  /tmp/ccqyujhR.s 			page 39


 1356              		.align	1
 1357              		.global	HAL_SBS_VDDCompensationCodeConfig
 1358              		.syntax unified
 1359              		.thumb
 1360              		.thumb_func
 1362              	HAL_SBS_VDDCompensationCodeConfig:
 1363              	.LVL42:
 1364              	.LFB193:
 809:Drivers/STM32H5xx_HAL_Driver/Src/stm32h5xx_hal.c **** 
 810:Drivers/STM32H5xx_HAL_Driver/Src/stm32h5xx_hal.c **** /**
 811:Drivers/STM32H5xx_HAL_Driver/Src/stm32h5xx_hal.c ****   * @brief  Code configuration for the VDD I/O Compensation cell
 812:Drivers/STM32H5xx_HAL_Driver/Src/stm32h5xx_hal.c ****   * @param  SBS_PMOSCode: PMOS compensation code
 813:Drivers/STM32H5xx_HAL_Driver/Src/stm32h5xx_hal.c ****   *         This code is applied to the VDD I/O compensation cell when the CS1 bit of the
 814:Drivers/STM32H5xx_HAL_Driver/Src/stm32h5xx_hal.c ****   *          SBS_CCSR is set
 815:Drivers/STM32H5xx_HAL_Driver/Src/stm32h5xx_hal.c ****   * @param  SBS_NMOSCode: NMOS compensation code
 816:Drivers/STM32H5xx_HAL_Driver/Src/stm32h5xx_hal.c ****   *         This code is applied to the VDD I/O compensation cell when the CS1 bit of the
 817:Drivers/STM32H5xx_HAL_Driver/Src/stm32h5xx_hal.c ****   *          SBS_CCSR is set
 818:Drivers/STM32H5xx_HAL_Driver/Src/stm32h5xx_hal.c ****   * @retval None
 819:Drivers/STM32H5xx_HAL_Driver/Src/stm32h5xx_hal.c ****   */
 820:Drivers/STM32H5xx_HAL_Driver/Src/stm32h5xx_hal.c **** void HAL_SBS_VDDCompensationCodeConfig(uint32_t SBS_PMOSCode, uint32_t SBS_NMOSCode)
 821:Drivers/STM32H5xx_HAL_Driver/Src/stm32h5xx_hal.c **** {
 1365              		.loc 1 821 1 is_stmt 1 view -0
 1366              		.cfi_startproc
 1367              		@ args = 0, pretend = 0, frame = 0
 1368              		@ frame_needed = 0, uses_anonymous_args = 0
 1369              		@ link register save eliminated.
 822:Drivers/STM32H5xx_HAL_Driver/Src/stm32h5xx_hal.c ****   /* Check the parameter */
 823:Drivers/STM32H5xx_HAL_Driver/Src/stm32h5xx_hal.c ****   assert_param(IS_SBS_CODE_CONFIG(SBS_PMOSCode));
 1370              		.loc 1 823 3 view .LVU249
 824:Drivers/STM32H5xx_HAL_Driver/Src/stm32h5xx_hal.c ****   assert_param(IS_SBS_CODE_CONFIG(SBS_NMOSCode));
 1371              		.loc 1 824 3 view .LVU250
 825:Drivers/STM32H5xx_HAL_Driver/Src/stm32h5xx_hal.c ****   MODIFY_REG(SBS->CCSWCR, SBS_CCSWCR_SW_ANSRC1 | SBS_CCSWCR_SW_APSRC1, (((uint32_t)(SBS_PMOSCode) <
 1372              		.loc 1 825 3 view .LVU251
 1373 0000 054A     		ldr	r2, .L129
 1374 0002 D2F81831 		ldr	r3, [r2, #280]
 1375 0006 23F0FF03 		bic	r3, r3, #255
 1376 000a 41EA0011 		orr	r1, r1, r0, lsl #4
 1377              	.LVL43:
 1378              		.loc 1 825 3 is_stmt 0 view .LVU252
 1379 000e 0B43     		orrs	r3, r3, r1
 1380 0010 C2F81831 		str	r3, [r2, #280]
 826:Drivers/STM32H5xx_HAL_Driver/Src/stm32h5xx_hal.c ****                                                                         (uint32_t)(SBS_NMOSCode)));
 827:Drivers/STM32H5xx_HAL_Driver/Src/stm32h5xx_hal.c **** }
 1381              		.loc 1 827 1 view .LVU253
 1382 0014 7047     		bx	lr
 1383              	.L130:
 1384 0016 00BF     		.align	2
 1385              	.L129:
 1386 0018 00040044 		.word	1140851712
 1387              		.cfi_endproc
 1388              	.LFE193:
 1390              		.section	.text.HAL_SBS_VDDIOCompensationCodeConfig,"ax",%progbits
 1391              		.align	1
 1392              		.global	HAL_SBS_VDDIOCompensationCodeConfig
 1393              		.syntax unified
 1394              		.thumb
 1395              		.thumb_func
ARM GAS  /tmp/ccqyujhR.s 			page 40


 1397              	HAL_SBS_VDDIOCompensationCodeConfig:
 1398              	.LVL44:
 1399              	.LFB194:
 828:Drivers/STM32H5xx_HAL_Driver/Src/stm32h5xx_hal.c **** 
 829:Drivers/STM32H5xx_HAL_Driver/Src/stm32h5xx_hal.c **** /**
 830:Drivers/STM32H5xx_HAL_Driver/Src/stm32h5xx_hal.c ****   * @brief  Code configuration for the VDDIO I/O Compensation cell
 831:Drivers/STM32H5xx_HAL_Driver/Src/stm32h5xx_hal.c ****   * @param  SBS_PMOSCode: PMOS compensation code
 832:Drivers/STM32H5xx_HAL_Driver/Src/stm32h5xx_hal.c ****   *         This code is applied to the VDDIO I/O compensation cell when the CS2 bit of the
 833:Drivers/STM32H5xx_HAL_Driver/Src/stm32h5xx_hal.c ****   *          SBS_CCSR is set
 834:Drivers/STM32H5xx_HAL_Driver/Src/stm32h5xx_hal.c ****   * @param  SBS_NMOSCode: NMOS compensation code
 835:Drivers/STM32H5xx_HAL_Driver/Src/stm32h5xx_hal.c ****   *         This code is applied to the VDDIO I/O compensation cell when the CS2 bit of the
 836:Drivers/STM32H5xx_HAL_Driver/Src/stm32h5xx_hal.c ****   *          SBS_CCSR is set
 837:Drivers/STM32H5xx_HAL_Driver/Src/stm32h5xx_hal.c ****   * @retval None
 838:Drivers/STM32H5xx_HAL_Driver/Src/stm32h5xx_hal.c ****   */
 839:Drivers/STM32H5xx_HAL_Driver/Src/stm32h5xx_hal.c **** void HAL_SBS_VDDIOCompensationCodeConfig(uint32_t SBS_PMOSCode, uint32_t SBS_NMOSCode)
 840:Drivers/STM32H5xx_HAL_Driver/Src/stm32h5xx_hal.c **** {
 1400              		.loc 1 840 1 is_stmt 1 view -0
 1401              		.cfi_startproc
 1402              		@ args = 0, pretend = 0, frame = 0
 1403              		@ frame_needed = 0, uses_anonymous_args = 0
 1404              		@ link register save eliminated.
 841:Drivers/STM32H5xx_HAL_Driver/Src/stm32h5xx_hal.c ****   /* Check the parameter */
 842:Drivers/STM32H5xx_HAL_Driver/Src/stm32h5xx_hal.c ****   assert_param(IS_SBS_CODE_CONFIG(SBS_PMOSCode));
 1405              		.loc 1 842 3 view .LVU255
 843:Drivers/STM32H5xx_HAL_Driver/Src/stm32h5xx_hal.c ****   assert_param(IS_SBS_CODE_CONFIG(SBS_NMOSCode));
 1406              		.loc 1 843 3 view .LVU256
 844:Drivers/STM32H5xx_HAL_Driver/Src/stm32h5xx_hal.c ****   MODIFY_REG(SBS->CCSWCR, SBS_CCSWCR_SW_ANSRC2 | SBS_CCSWCR_SW_APSRC2, (((uint32_t)(SBS_PMOSCode) <
 1407              		.loc 1 844 3 view .LVU257
 1408 0000 054A     		ldr	r2, .L132
 1409 0002 D2F81831 		ldr	r3, [r2, #280]
 1410 0006 23F47F43 		bic	r3, r3, #65280
 1411 000a 0902     		lsls	r1, r1, #8
 1412              	.LVL45:
 1413              		.loc 1 844 3 is_stmt 0 view .LVU258
 1414 000c 41EA0031 		orr	r1, r1, r0, lsl #12
 1415 0010 0B43     		orrs	r3, r3, r1
 1416 0012 C2F81831 		str	r3, [r2, #280]
 845:Drivers/STM32H5xx_HAL_Driver/Src/stm32h5xx_hal.c ****                                                                         ((uint32_t)(SBS_NMOSCode) <
 846:Drivers/STM32H5xx_HAL_Driver/Src/stm32h5xx_hal.c **** }
 1417              		.loc 1 846 1 view .LVU259
 1418 0016 7047     		bx	lr
 1419              	.L133:
 1420              		.align	2
 1421              	.L132:
 1422 0018 00040044 		.word	1140851712
 1423              		.cfi_endproc
 1424              	.LFE194:
 1426              		.section	.text.HAL_SBS_GetNMOSVddCompensationValue,"ax",%progbits
 1427              		.align	1
 1428              		.global	HAL_SBS_GetNMOSVddCompensationValue
 1429              		.syntax unified
 1430              		.thumb
 1431              		.thumb_func
 1433              	HAL_SBS_GetNMOSVddCompensationValue:
 1434              	.LFB195:
 847:Drivers/STM32H5xx_HAL_Driver/Src/stm32h5xx_hal.c **** 
 848:Drivers/STM32H5xx_HAL_Driver/Src/stm32h5xx_hal.c **** /**
ARM GAS  /tmp/ccqyujhR.s 			page 41


 849:Drivers/STM32H5xx_HAL_Driver/Src/stm32h5xx_hal.c ****   * @brief  Get NMOS compensation value of the I/Os supplied by VDD
 850:Drivers/STM32H5xx_HAL_Driver/Src/stm32h5xx_hal.c ****   * @retval None
 851:Drivers/STM32H5xx_HAL_Driver/Src/stm32h5xx_hal.c ****   */
 852:Drivers/STM32H5xx_HAL_Driver/Src/stm32h5xx_hal.c **** uint32_t HAL_SBS_GetNMOSVddCompensationValue(void)
 853:Drivers/STM32H5xx_HAL_Driver/Src/stm32h5xx_hal.c **** {
 1435              		.loc 1 853 1 is_stmt 1 view -0
 1436              		.cfi_startproc
 1437              		@ args = 0, pretend = 0, frame = 0
 1438              		@ frame_needed = 0, uses_anonymous_args = 0
 1439              		@ link register save eliminated.
 854:Drivers/STM32H5xx_HAL_Driver/Src/stm32h5xx_hal.c ****   return (uint32_t)(READ_BIT(SBS->CCVALR, SBS_CCVALR_ANSRC1));
 1440              		.loc 1 854 3 view .LVU261
 1441              		.loc 1 854 21 is_stmt 0 view .LVU262
 1442 0000 024B     		ldr	r3, .L135
 1443 0002 D3F81401 		ldr	r0, [r3, #276]
 855:Drivers/STM32H5xx_HAL_Driver/Src/stm32h5xx_hal.c **** }
 1444              		.loc 1 855 1 view .LVU263
 1445 0006 00F00F00 		and	r0, r0, #15
 1446 000a 7047     		bx	lr
 1447              	.L136:
 1448              		.align	2
 1449              	.L135:
 1450 000c 00040044 		.word	1140851712
 1451              		.cfi_endproc
 1452              	.LFE195:
 1454              		.section	.text.HAL_SBS_GetPMOSVddCompensationValue,"ax",%progbits
 1455              		.align	1
 1456              		.global	HAL_SBS_GetPMOSVddCompensationValue
 1457              		.syntax unified
 1458              		.thumb
 1459              		.thumb_func
 1461              	HAL_SBS_GetPMOSVddCompensationValue:
 1462              	.LFB196:
 856:Drivers/STM32H5xx_HAL_Driver/Src/stm32h5xx_hal.c **** 
 857:Drivers/STM32H5xx_HAL_Driver/Src/stm32h5xx_hal.c **** /**
 858:Drivers/STM32H5xx_HAL_Driver/Src/stm32h5xx_hal.c ****   * @brief  Get PMOS compensation value of the I/Os supplied by VDD
 859:Drivers/STM32H5xx_HAL_Driver/Src/stm32h5xx_hal.c ****   * @retval None
 860:Drivers/STM32H5xx_HAL_Driver/Src/stm32h5xx_hal.c ****   */
 861:Drivers/STM32H5xx_HAL_Driver/Src/stm32h5xx_hal.c **** uint32_t HAL_SBS_GetPMOSVddCompensationValue(void)
 862:Drivers/STM32H5xx_HAL_Driver/Src/stm32h5xx_hal.c **** {
 1463              		.loc 1 862 1 is_stmt 1 view -0
 1464              		.cfi_startproc
 1465              		@ args = 0, pretend = 0, frame = 0
 1466              		@ frame_needed = 0, uses_anonymous_args = 0
 1467              		@ link register save eliminated.
 863:Drivers/STM32H5xx_HAL_Driver/Src/stm32h5xx_hal.c ****   return (uint32_t)(READ_BIT(SBS->CCVALR, SBS_CCVALR_APSRC1) >>  SBS_CCVALR_APSRC1_Pos);
 1468              		.loc 1 863 3 view .LVU265
 1469              		.loc 1 863 21 is_stmt 0 view .LVU266
 1470 0000 024B     		ldr	r3, .L138
 1471 0002 D3F81401 		ldr	r0, [r3, #276]
 864:Drivers/STM32H5xx_HAL_Driver/Src/stm32h5xx_hal.c **** }
 1472              		.loc 1 864 1 view .LVU267
 1473 0006 C0F30310 		ubfx	r0, r0, #4, #4
 1474 000a 7047     		bx	lr
 1475              	.L139:
 1476              		.align	2
 1477              	.L138:
ARM GAS  /tmp/ccqyujhR.s 			page 42


 1478 000c 00040044 		.word	1140851712
 1479              		.cfi_endproc
 1480              	.LFE196:
 1482              		.section	.text.HAL_SBS_GetNMOSVddIO2CompensationValue,"ax",%progbits
 1483              		.align	1
 1484              		.global	HAL_SBS_GetNMOSVddIO2CompensationValue
 1485              		.syntax unified
 1486              		.thumb
 1487              		.thumb_func
 1489              	HAL_SBS_GetNMOSVddIO2CompensationValue:
 1490              	.LFB197:
 865:Drivers/STM32H5xx_HAL_Driver/Src/stm32h5xx_hal.c **** 
 866:Drivers/STM32H5xx_HAL_Driver/Src/stm32h5xx_hal.c **** /**
 867:Drivers/STM32H5xx_HAL_Driver/Src/stm32h5xx_hal.c ****   * @brief  Get NMOS compensation value of the I/Os supplied by VDDIO2
 868:Drivers/STM32H5xx_HAL_Driver/Src/stm32h5xx_hal.c ****   * @retval None
 869:Drivers/STM32H5xx_HAL_Driver/Src/stm32h5xx_hal.c ****   */
 870:Drivers/STM32H5xx_HAL_Driver/Src/stm32h5xx_hal.c **** uint32_t HAL_SBS_GetNMOSVddIO2CompensationValue(void)
 871:Drivers/STM32H5xx_HAL_Driver/Src/stm32h5xx_hal.c **** {
 1491              		.loc 1 871 1 is_stmt 1 view -0
 1492              		.cfi_startproc
 1493              		@ args = 0, pretend = 0, frame = 0
 1494              		@ frame_needed = 0, uses_anonymous_args = 0
 1495              		@ link register save eliminated.
 872:Drivers/STM32H5xx_HAL_Driver/Src/stm32h5xx_hal.c ****   return (uint32_t)(READ_BIT(SBS->CCVALR, SBS_CCVALR_ANSRC2) >>  SBS_CCVALR_ANSRC2_Pos);
 1496              		.loc 1 872 3 view .LVU269
 1497              		.loc 1 872 21 is_stmt 0 view .LVU270
 1498 0000 024B     		ldr	r3, .L141
 1499 0002 D3F81401 		ldr	r0, [r3, #276]
 873:Drivers/STM32H5xx_HAL_Driver/Src/stm32h5xx_hal.c **** }
 1500              		.loc 1 873 1 view .LVU271
 1501 0006 C0F30320 		ubfx	r0, r0, #8, #4
 1502 000a 7047     		bx	lr
 1503              	.L142:
 1504              		.align	2
 1505              	.L141:
 1506 000c 00040044 		.word	1140851712
 1507              		.cfi_endproc
 1508              	.LFE197:
 1510              		.section	.text.HAL_SBS_GetPMOSVddIO2CompensationValue,"ax",%progbits
 1511              		.align	1
 1512              		.global	HAL_SBS_GetPMOSVddIO2CompensationValue
 1513              		.syntax unified
 1514              		.thumb
 1515              		.thumb_func
 1517              	HAL_SBS_GetPMOSVddIO2CompensationValue:
 1518              	.LFB198:
 874:Drivers/STM32H5xx_HAL_Driver/Src/stm32h5xx_hal.c **** 
 875:Drivers/STM32H5xx_HAL_Driver/Src/stm32h5xx_hal.c **** 
 876:Drivers/STM32H5xx_HAL_Driver/Src/stm32h5xx_hal.c **** /**
 877:Drivers/STM32H5xx_HAL_Driver/Src/stm32h5xx_hal.c ****   * @brief  Get PMOS compensation value of the I/Os supplied by VDDIO2
 878:Drivers/STM32H5xx_HAL_Driver/Src/stm32h5xx_hal.c ****   * @retval None
 879:Drivers/STM32H5xx_HAL_Driver/Src/stm32h5xx_hal.c ****   */
 880:Drivers/STM32H5xx_HAL_Driver/Src/stm32h5xx_hal.c **** uint32_t HAL_SBS_GetPMOSVddIO2CompensationValue(void)
 881:Drivers/STM32H5xx_HAL_Driver/Src/stm32h5xx_hal.c **** {
 1519              		.loc 1 881 1 is_stmt 1 view -0
 1520              		.cfi_startproc
 1521              		@ args = 0, pretend = 0, frame = 0
ARM GAS  /tmp/ccqyujhR.s 			page 43


 1522              		@ frame_needed = 0, uses_anonymous_args = 0
 1523              		@ link register save eliminated.
 882:Drivers/STM32H5xx_HAL_Driver/Src/stm32h5xx_hal.c ****   return (uint32_t)(READ_BIT(SBS->CCVALR, SBS_CCVALR_APSRC2) >>  SBS_CCVALR_APSRC2_Pos);
 1524              		.loc 1 882 3 view .LVU273
 1525              		.loc 1 882 21 is_stmt 0 view .LVU274
 1526 0000 024B     		ldr	r3, .L144
 1527 0002 D3F81401 		ldr	r0, [r3, #276]
 883:Drivers/STM32H5xx_HAL_Driver/Src/stm32h5xx_hal.c **** }
 1528              		.loc 1 883 1 view .LVU275
 1529 0006 C0F30330 		ubfx	r0, r0, #12, #4
 1530 000a 7047     		bx	lr
 1531              	.L145:
 1532              		.align	2
 1533              	.L144:
 1534 000c 00040044 		.word	1140851712
 1535              		.cfi_endproc
 1536              	.LFE198:
 1538              		.section	.text.HAL_SBS_FLASH_DisableECCNMI,"ax",%progbits
 1539              		.align	1
 1540              		.global	HAL_SBS_FLASH_DisableECCNMI
 1541              		.syntax unified
 1542              		.thumb
 1543              		.thumb_func
 1545              	HAL_SBS_FLASH_DisableECCNMI:
 1546              	.LFB199:
 884:Drivers/STM32H5xx_HAL_Driver/Src/stm32h5xx_hal.c **** 
 885:Drivers/STM32H5xx_HAL_Driver/Src/stm32h5xx_hal.c **** /**
 886:Drivers/STM32H5xx_HAL_Driver/Src/stm32h5xx_hal.c ****   * @brief  Disable the NMI in case of double ECC error in FLASH Interface.
 887:Drivers/STM32H5xx_HAL_Driver/Src/stm32h5xx_hal.c ****   *
 888:Drivers/STM32H5xx_HAL_Driver/Src/stm32h5xx_hal.c ****   * @retval None
 889:Drivers/STM32H5xx_HAL_Driver/Src/stm32h5xx_hal.c ****   */
 890:Drivers/STM32H5xx_HAL_Driver/Src/stm32h5xx_hal.c **** void HAL_SBS_FLASH_DisableECCNMI(void)
 891:Drivers/STM32H5xx_HAL_Driver/Src/stm32h5xx_hal.c **** {
 1547              		.loc 1 891 1 is_stmt 1 view -0
 1548              		.cfi_startproc
 1549              		@ args = 0, pretend = 0, frame = 0
 1550              		@ frame_needed = 0, uses_anonymous_args = 0
 1551              		@ link register save eliminated.
 892:Drivers/STM32H5xx_HAL_Driver/Src/stm32h5xx_hal.c ****   SET_BIT(SBS->ECCNMIR, SBS_ECCNMIR_ECCNMI_MASK_EN);
 1552              		.loc 1 892 3 view .LVU277
 1553 0000 034A     		ldr	r2, .L147
 1554 0002 D2F84C31 		ldr	r3, [r2, #332]
 1555 0006 43F00103 		orr	r3, r3, #1
 1556 000a C2F84C31 		str	r3, [r2, #332]
 893:Drivers/STM32H5xx_HAL_Driver/Src/stm32h5xx_hal.c **** }
 1557              		.loc 1 893 1 is_stmt 0 view .LVU278
 1558 000e 7047     		bx	lr
 1559              	.L148:
 1560              		.align	2
 1561              	.L147:
 1562 0010 00040044 		.word	1140851712
 1563              		.cfi_endproc
 1564              	.LFE199:
 1566              		.section	.text.HAL_SBS_FLASH_EnableECCNMI,"ax",%progbits
 1567              		.align	1
 1568              		.global	HAL_SBS_FLASH_EnableECCNMI
 1569              		.syntax unified
ARM GAS  /tmp/ccqyujhR.s 			page 44


 1570              		.thumb
 1571              		.thumb_func
 1573              	HAL_SBS_FLASH_EnableECCNMI:
 1574              	.LFB200:
 894:Drivers/STM32H5xx_HAL_Driver/Src/stm32h5xx_hal.c **** 
 895:Drivers/STM32H5xx_HAL_Driver/Src/stm32h5xx_hal.c **** /**
 896:Drivers/STM32H5xx_HAL_Driver/Src/stm32h5xx_hal.c ****   * @brief  Enable the NMI in case of double ECC error in FLASH Interface.
 897:Drivers/STM32H5xx_HAL_Driver/Src/stm32h5xx_hal.c ****   *
 898:Drivers/STM32H5xx_HAL_Driver/Src/stm32h5xx_hal.c ****   * @retval None
 899:Drivers/STM32H5xx_HAL_Driver/Src/stm32h5xx_hal.c ****   */
 900:Drivers/STM32H5xx_HAL_Driver/Src/stm32h5xx_hal.c **** void HAL_SBS_FLASH_EnableECCNMI(void)
 901:Drivers/STM32H5xx_HAL_Driver/Src/stm32h5xx_hal.c **** {
 1575              		.loc 1 901 1 is_stmt 1 view -0
 1576              		.cfi_startproc
 1577              		@ args = 0, pretend = 0, frame = 0
 1578              		@ frame_needed = 0, uses_anonymous_args = 0
 1579              		@ link register save eliminated.
 902:Drivers/STM32H5xx_HAL_Driver/Src/stm32h5xx_hal.c ****   CLEAR_BIT(SBS->ECCNMIR, SBS_ECCNMIR_ECCNMI_MASK_EN);
 1580              		.loc 1 902 3 view .LVU280
 1581 0000 034A     		ldr	r2, .L150
 1582 0002 D2F84C31 		ldr	r3, [r2, #332]
 1583 0006 23F00103 		bic	r3, r3, #1
 1584 000a C2F84C31 		str	r3, [r2, #332]
 903:Drivers/STM32H5xx_HAL_Driver/Src/stm32h5xx_hal.c **** }
 1585              		.loc 1 903 1 is_stmt 0 view .LVU281
 1586 000e 7047     		bx	lr
 1587              	.L151:
 1588              		.align	2
 1589              	.L150:
 1590 0010 00040044 		.word	1140851712
 1591              		.cfi_endproc
 1592              	.LFE200:
 1594              		.section	.text.HAL_SBS_FLASH_ECCNMI_IsDisabled,"ax",%progbits
 1595              		.align	1
 1596              		.global	HAL_SBS_FLASH_ECCNMI_IsDisabled
 1597              		.syntax unified
 1598              		.thumb
 1599              		.thumb_func
 1601              	HAL_SBS_FLASH_ECCNMI_IsDisabled:
 1602              	.LFB201:
 904:Drivers/STM32H5xx_HAL_Driver/Src/stm32h5xx_hal.c **** 
 905:Drivers/STM32H5xx_HAL_Driver/Src/stm32h5xx_hal.c **** /**
 906:Drivers/STM32H5xx_HAL_Driver/Src/stm32h5xx_hal.c ****   * @brief  Check if the NMI is Enabled in case of double ECC error in FLASH Interface.
 907:Drivers/STM32H5xx_HAL_Driver/Src/stm32h5xx_hal.c ****   *
 908:Drivers/STM32H5xx_HAL_Driver/Src/stm32h5xx_hal.c ****   * @retval State of bit (1 or 0).
 909:Drivers/STM32H5xx_HAL_Driver/Src/stm32h5xx_hal.c ****   */
 910:Drivers/STM32H5xx_HAL_Driver/Src/stm32h5xx_hal.c **** uint32_t HAL_SBS_FLASH_ECCNMI_IsDisabled(void)
 911:Drivers/STM32H5xx_HAL_Driver/Src/stm32h5xx_hal.c **** {
 1603              		.loc 1 911 1 is_stmt 1 view -0
 1604              		.cfi_startproc
 1605              		@ args = 0, pretend = 0, frame = 0
 1606              		@ frame_needed = 0, uses_anonymous_args = 0
 1607              		@ link register save eliminated.
 912:Drivers/STM32H5xx_HAL_Driver/Src/stm32h5xx_hal.c ****   return ((READ_BIT(SBS->ECCNMIR, SBS_ECCNMIR_ECCNMI_MASK_EN) == SBS_ECCNMIR_ECCNMI_MASK_EN) ? 1UL 
 1608              		.loc 1 912 3 view .LVU283
 1609              		.loc 1 912 12 is_stmt 0 view .LVU284
 1610 0000 034B     		ldr	r3, .L154
ARM GAS  /tmp/ccqyujhR.s 			page 45


 1611 0002 D3F84C01 		ldr	r0, [r3, #332]
 1612              		.loc 1 912 100 view .LVU285
 1613 0006 10F00100 		ands	r0, r0, #1
 1614 000a 00D0     		beq	.L152
 1615              		.loc 1 912 100 discriminator 1 view .LVU286
 1616 000c 0120     		movs	r0, #1
 1617              	.L152:
 913:Drivers/STM32H5xx_HAL_Driver/Src/stm32h5xx_hal.c **** }
 1618              		.loc 1 913 1 view .LVU287
 1619 000e 7047     		bx	lr
 1620              	.L155:
 1621              		.align	2
 1622              	.L154:
 1623 0010 00040044 		.word	1140851712
 1624              		.cfi_endproc
 1625              	.LFE201:
 1627              		.section	.text.HAL_SBS_IncrementHDPLValue,"ax",%progbits
 1628              		.align	1
 1629              		.global	HAL_SBS_IncrementHDPLValue
 1630              		.syntax unified
 1631              		.thumb
 1632              		.thumb_func
 1634              	HAL_SBS_IncrementHDPLValue:
 1635              	.LFB202:
 914:Drivers/STM32H5xx_HAL_Driver/Src/stm32h5xx_hal.c **** 
 915:Drivers/STM32H5xx_HAL_Driver/Src/stm32h5xx_hal.c **** /**
 916:Drivers/STM32H5xx_HAL_Driver/Src/stm32h5xx_hal.c ****   * @}
 917:Drivers/STM32H5xx_HAL_Driver/Src/stm32h5xx_hal.c ****   */
 918:Drivers/STM32H5xx_HAL_Driver/Src/stm32h5xx_hal.c **** 
 919:Drivers/STM32H5xx_HAL_Driver/Src/stm32h5xx_hal.c **** /** @defgroup HAL_Exported_Functions_Group6 HAL SBS Boot control functions
 920:Drivers/STM32H5xx_HAL_Driver/Src/stm32h5xx_hal.c ****   *  @brief    HAL SBS Boot functions
 921:Drivers/STM32H5xx_HAL_Driver/Src/stm32h5xx_hal.c ****   *
 922:Drivers/STM32H5xx_HAL_Driver/Src/stm32h5xx_hal.c **** @verbatim
 923:Drivers/STM32H5xx_HAL_Driver/Src/stm32h5xx_hal.c ****  ==================================================================================================
 924:Drivers/STM32H5xx_HAL_Driver/Src/stm32h5xx_hal.c ****                                        ##### HAL SBS Boot control functions #####
 925:Drivers/STM32H5xx_HAL_Driver/Src/stm32h5xx_hal.c ****  ==================================================================================================
 926:Drivers/STM32H5xx_HAL_Driver/Src/stm32h5xx_hal.c ****     [..]  This section provides functions allowing to:
 927:Drivers/STM32H5xx_HAL_Driver/Src/stm32h5xx_hal.c ****       (+) Increment the HDPL value
 928:Drivers/STM32H5xx_HAL_Driver/Src/stm32h5xx_hal.c ****       (+) Get the HDPL value
 929:Drivers/STM32H5xx_HAL_Driver/Src/stm32h5xx_hal.c **** 
 930:Drivers/STM32H5xx_HAL_Driver/Src/stm32h5xx_hal.c **** @endverbatim
 931:Drivers/STM32H5xx_HAL_Driver/Src/stm32h5xx_hal.c ****   * @{
 932:Drivers/STM32H5xx_HAL_Driver/Src/stm32h5xx_hal.c ****   */
 933:Drivers/STM32H5xx_HAL_Driver/Src/stm32h5xx_hal.c **** 
 934:Drivers/STM32H5xx_HAL_Driver/Src/stm32h5xx_hal.c **** /**
 935:Drivers/STM32H5xx_HAL_Driver/Src/stm32h5xx_hal.c ****   * @brief  Increment by 1 the HDPL value
 936:Drivers/STM32H5xx_HAL_Driver/Src/stm32h5xx_hal.c ****   * @retval None
 937:Drivers/STM32H5xx_HAL_Driver/Src/stm32h5xx_hal.c ****   */
 938:Drivers/STM32H5xx_HAL_Driver/Src/stm32h5xx_hal.c **** void HAL_SBS_IncrementHDPLValue(void)
 939:Drivers/STM32H5xx_HAL_Driver/Src/stm32h5xx_hal.c **** {
 1636              		.loc 1 939 1 is_stmt 1 view -0
 1637              		.cfi_startproc
 1638              		@ args = 0, pretend = 0, frame = 0
 1639              		@ frame_needed = 0, uses_anonymous_args = 0
 1640              		@ link register save eliminated.
 940:Drivers/STM32H5xx_HAL_Driver/Src/stm32h5xx_hal.c ****   MODIFY_REG(SBS->HDPLCR, SBS_HDPLCR_INCR_HDPL, SBS_HDPL_INCREMENT_VALUE);
 1641              		.loc 1 940 3 view .LVU289
ARM GAS  /tmp/ccqyujhR.s 			page 46


 1642 0000 034A     		ldr	r2, .L157
 1643 0002 1369     		ldr	r3, [r2, #16]
 1644 0004 23F0FF03 		bic	r3, r3, #255
 1645 0008 43F06A03 		orr	r3, r3, #106
 1646 000c 1361     		str	r3, [r2, #16]
 941:Drivers/STM32H5xx_HAL_Driver/Src/stm32h5xx_hal.c **** }
 1647              		.loc 1 941 1 is_stmt 0 view .LVU290
 1648 000e 7047     		bx	lr
 1649              	.L158:
 1650              		.align	2
 1651              	.L157:
 1652 0010 00040044 		.word	1140851712
 1653              		.cfi_endproc
 1654              	.LFE202:
 1656              		.section	.text.HAL_SBS_GetHDPLValue,"ax",%progbits
 1657              		.align	1
 1658              		.global	HAL_SBS_GetHDPLValue
 1659              		.syntax unified
 1660              		.thumb
 1661              		.thumb_func
 1663              	HAL_SBS_GetHDPLValue:
 1664              	.LFB203:
 942:Drivers/STM32H5xx_HAL_Driver/Src/stm32h5xx_hal.c **** 
 943:Drivers/STM32H5xx_HAL_Driver/Src/stm32h5xx_hal.c **** /**
 944:Drivers/STM32H5xx_HAL_Driver/Src/stm32h5xx_hal.c ****   * @brief  Get the HDPL Value.
 945:Drivers/STM32H5xx_HAL_Driver/Src/stm32h5xx_hal.c ****   *
 946:Drivers/STM32H5xx_HAL_Driver/Src/stm32h5xx_hal.c ****   * @retval  Returns the HDPL value
 947:Drivers/STM32H5xx_HAL_Driver/Src/stm32h5xx_hal.c ****   *          This return value can be one of the following values:
 948:Drivers/STM32H5xx_HAL_Driver/Src/stm32h5xx_hal.c ****   *            @arg SBS_HDPL_VALUE_0: HDPL0
 949:Drivers/STM32H5xx_HAL_Driver/Src/stm32h5xx_hal.c ****   *            @arg SBS_HDPL_VALUE_1: HDPL1
 950:Drivers/STM32H5xx_HAL_Driver/Src/stm32h5xx_hal.c ****   *            @arg SBS_HDPL_VALUE_2: HDPL2
 951:Drivers/STM32H5xx_HAL_Driver/Src/stm32h5xx_hal.c ****   *            @arg SBS_HDPL_VALUE_3: HDPL3
 952:Drivers/STM32H5xx_HAL_Driver/Src/stm32h5xx_hal.c ****   */
 953:Drivers/STM32H5xx_HAL_Driver/Src/stm32h5xx_hal.c **** uint32_t HAL_SBS_GetHDPLValue(void)
 954:Drivers/STM32H5xx_HAL_Driver/Src/stm32h5xx_hal.c **** {
 1665              		.loc 1 954 1 is_stmt 1 view -0
 1666              		.cfi_startproc
 1667              		@ args = 0, pretend = 0, frame = 0
 1668              		@ frame_needed = 0, uses_anonymous_args = 0
 1669              		@ link register save eliminated.
 955:Drivers/STM32H5xx_HAL_Driver/Src/stm32h5xx_hal.c ****   return (uint32_t)(READ_BIT(SBS->HDPLSR, SBS_HDPLSR_HDPL));
 1670              		.loc 1 955 3 view .LVU292
 1671              		.loc 1 955 21 is_stmt 0 view .LVU293
 1672 0000 014B     		ldr	r3, .L160
 1673 0002 5869     		ldr	r0, [r3, #20]
 956:Drivers/STM32H5xx_HAL_Driver/Src/stm32h5xx_hal.c **** }
 1674              		.loc 1 956 1 view .LVU294
 1675 0004 C0B2     		uxtb	r0, r0
 1676 0006 7047     		bx	lr
 1677              	.L161:
 1678              		.align	2
 1679              	.L160:
 1680 0008 00040044 		.word	1140851712
 1681              		.cfi_endproc
 1682              	.LFE203:
 1684              		.section	.text.HAL_SBS_EPOCHSelection,"ax",%progbits
 1685              		.align	1
ARM GAS  /tmp/ccqyujhR.s 			page 47


 1686              		.global	HAL_SBS_EPOCHSelection
 1687              		.syntax unified
 1688              		.thumb
 1689              		.thumb_func
 1691              	HAL_SBS_EPOCHSelection:
 1692              	.LVL46:
 1693              	.LFB204:
 957:Drivers/STM32H5xx_HAL_Driver/Src/stm32h5xx_hal.c **** 
 958:Drivers/STM32H5xx_HAL_Driver/Src/stm32h5xx_hal.c **** /**
 959:Drivers/STM32H5xx_HAL_Driver/Src/stm32h5xx_hal.c ****   * @}
 960:Drivers/STM32H5xx_HAL_Driver/Src/stm32h5xx_hal.c ****   */
 961:Drivers/STM32H5xx_HAL_Driver/Src/stm32h5xx_hal.c **** 
 962:Drivers/STM32H5xx_HAL_Driver/Src/stm32h5xx_hal.c **** /** @defgroup HAL_Exported_Functions_Group7 HAL SBS Hardware secure storage control functions
 963:Drivers/STM32H5xx_HAL_Driver/Src/stm32h5xx_hal.c ****   *  @brief    HAL SBS Hardware secure storage functions
 964:Drivers/STM32H5xx_HAL_Driver/Src/stm32h5xx_hal.c ****   *
 965:Drivers/STM32H5xx_HAL_Driver/Src/stm32h5xx_hal.c **** @verbatim
 966:Drivers/STM32H5xx_HAL_Driver/Src/stm32h5xx_hal.c ****  ==================================================================================================
 967:Drivers/STM32H5xx_HAL_Driver/Src/stm32h5xx_hal.c ****                                        ##### HAL SBS Hardware secure storage control functions ####
 968:Drivers/STM32H5xx_HAL_Driver/Src/stm32h5xx_hal.c ****  ==================================================================================================
 969:Drivers/STM32H5xx_HAL_Driver/Src/stm32h5xx_hal.c ****     [..]  This section provides functions allowing to:
 970:Drivers/STM32H5xx_HAL_Driver/Src/stm32h5xx_hal.c ****       (+) Select EPOCH security sent to SAES IP
 971:Drivers/STM32H5xx_HAL_Driver/Src/stm32h5xx_hal.c ****       (+) Set/Get EPOCH security selection
 972:Drivers/STM32H5xx_HAL_Driver/Src/stm32h5xx_hal.c ****       (+) Set/Get the OBK-HDPL Value
 973:Drivers/STM32H5xx_HAL_Driver/Src/stm32h5xx_hal.c **** 
 974:Drivers/STM32H5xx_HAL_Driver/Src/stm32h5xx_hal.c **** @endverbatim
 975:Drivers/STM32H5xx_HAL_Driver/Src/stm32h5xx_hal.c ****   * @{
 976:Drivers/STM32H5xx_HAL_Driver/Src/stm32h5xx_hal.c ****   */
 977:Drivers/STM32H5xx_HAL_Driver/Src/stm32h5xx_hal.c **** 
 978:Drivers/STM32H5xx_HAL_Driver/Src/stm32h5xx_hal.c **** #if defined(SBS_EPOCHSELCR_EPOCH_SEL)
 979:Drivers/STM32H5xx_HAL_Driver/Src/stm32h5xx_hal.c **** /**
 980:Drivers/STM32H5xx_HAL_Driver/Src/stm32h5xx_hal.c ****   * @brief  Select EPOCH security sent to SAES IP to encrypt/decrypt keys
 981:Drivers/STM32H5xx_HAL_Driver/Src/stm32h5xx_hal.c ****   * @param  Epoch_Selection: Select EPOCH security
 982:Drivers/STM32H5xx_HAL_Driver/Src/stm32h5xx_hal.c ****   *         This parameter can be one of the following values:
 983:Drivers/STM32H5xx_HAL_Driver/Src/stm32h5xx_hal.c ****   *           @arg SBS_EPOCH_SEL_SECURE    : EPOCH secure selected.
 984:Drivers/STM32H5xx_HAL_Driver/Src/stm32h5xx_hal.c ****   *           @arg SBS_EPOCH_SEL_NONSECURE : EPOCH non secure selected.
 985:Drivers/STM32H5xx_HAL_Driver/Src/stm32h5xx_hal.c ****   *           @arg SBS_EPOCH_SEL_PUFCHECK  : EPOCH all zeros for PUF integrity check.
 986:Drivers/STM32H5xx_HAL_Driver/Src/stm32h5xx_hal.c ****   * @retval None
 987:Drivers/STM32H5xx_HAL_Driver/Src/stm32h5xx_hal.c ****   */
 988:Drivers/STM32H5xx_HAL_Driver/Src/stm32h5xx_hal.c **** void HAL_SBS_EPOCHSelection(uint32_t Epoch_Selection)
 989:Drivers/STM32H5xx_HAL_Driver/Src/stm32h5xx_hal.c **** {
 1694              		.loc 1 989 1 is_stmt 1 view -0
 1695              		.cfi_startproc
 1696              		@ args = 0, pretend = 0, frame = 0
 1697              		@ frame_needed = 0, uses_anonymous_args = 0
 1698              		@ link register save eliminated.
 990:Drivers/STM32H5xx_HAL_Driver/Src/stm32h5xx_hal.c ****   /* Check the parameter */
 991:Drivers/STM32H5xx_HAL_Driver/Src/stm32h5xx_hal.c ****   assert_param(IS_SBS_EPOCH_SELECTION(Epoch_Selection));
 1699              		.loc 1 991 3 view .LVU296
 992:Drivers/STM32H5xx_HAL_Driver/Src/stm32h5xx_hal.c **** 
 993:Drivers/STM32H5xx_HAL_Driver/Src/stm32h5xx_hal.c ****   MODIFY_REG(SBS->EPOCHSELCR, SBS_EPOCHSELCR_EPOCH_SEL, (uint32_t)(Epoch_Selection));
 1700              		.loc 1 993 3 view .LVU297
 1701 0000 044A     		ldr	r2, .L163
 1702 0002 D2F8A030 		ldr	r3, [r2, #160]
 1703 0006 23F00303 		bic	r3, r3, #3
 1704 000a 0343     		orrs	r3, r3, r0
 1705 000c C2F8A030 		str	r3, [r2, #160]
 994:Drivers/STM32H5xx_HAL_Driver/Src/stm32h5xx_hal.c **** }
ARM GAS  /tmp/ccqyujhR.s 			page 48


 1706              		.loc 1 994 1 is_stmt 0 view .LVU298
 1707 0010 7047     		bx	lr
 1708              	.L164:
 1709 0012 00BF     		.align	2
 1710              	.L163:
 1711 0014 00040044 		.word	1140851712
 1712              		.cfi_endproc
 1713              	.LFE204:
 1715              		.section	.text.HAL_SBS_GetEPOCHSelection,"ax",%progbits
 1716              		.align	1
 1717              		.global	HAL_SBS_GetEPOCHSelection
 1718              		.syntax unified
 1719              		.thumb
 1720              		.thumb_func
 1722              	HAL_SBS_GetEPOCHSelection:
 1723              	.LFB205:
 995:Drivers/STM32H5xx_HAL_Driver/Src/stm32h5xx_hal.c **** 
 996:Drivers/STM32H5xx_HAL_Driver/Src/stm32h5xx_hal.c **** /**
 997:Drivers/STM32H5xx_HAL_Driver/Src/stm32h5xx_hal.c ****   * @brief  Get EPOCH security selection
 998:Drivers/STM32H5xx_HAL_Driver/Src/stm32h5xx_hal.c ****   * @retval Returned value can be one of the following values:
 999:Drivers/STM32H5xx_HAL_Driver/Src/stm32h5xx_hal.c ****   *           @arg SBS_EPOCH_SEL_SECURE    : EPOCH secure selected.
1000:Drivers/STM32H5xx_HAL_Driver/Src/stm32h5xx_hal.c ****   *           @arg SBS_EPOCH_SEL_NONSECURE : EPOCH non secure selected.
1001:Drivers/STM32H5xx_HAL_Driver/Src/stm32h5xx_hal.c ****   *           @arg SBS_EPOCH_SEL_PUFCHECK  : EPOCH all zeros for PUF integrity check.
1002:Drivers/STM32H5xx_HAL_Driver/Src/stm32h5xx_hal.c ****   */
1003:Drivers/STM32H5xx_HAL_Driver/Src/stm32h5xx_hal.c **** uint32_t HAL_SBS_GetEPOCHSelection(void)
1004:Drivers/STM32H5xx_HAL_Driver/Src/stm32h5xx_hal.c **** {
 1724              		.loc 1 1004 1 is_stmt 1 view -0
 1725              		.cfi_startproc
 1726              		@ args = 0, pretend = 0, frame = 0
 1727              		@ frame_needed = 0, uses_anonymous_args = 0
 1728              		@ link register save eliminated.
1005:Drivers/STM32H5xx_HAL_Driver/Src/stm32h5xx_hal.c ****   return (uint32_t)(READ_BIT(SBS->EPOCHSELCR, SBS_EPOCHSELCR_EPOCH_SEL));
 1729              		.loc 1 1005 3 view .LVU300
 1730              		.loc 1 1005 21 is_stmt 0 view .LVU301
 1731 0000 024B     		ldr	r3, .L166
 1732 0002 D3F8A000 		ldr	r0, [r3, #160]
1006:Drivers/STM32H5xx_HAL_Driver/Src/stm32h5xx_hal.c **** }
 1733              		.loc 1 1006 1 view .LVU302
 1734 0006 00F00300 		and	r0, r0, #3
 1735 000a 7047     		bx	lr
 1736              	.L167:
 1737              		.align	2
 1738              	.L166:
 1739 000c 00040044 		.word	1140851712
 1740              		.cfi_endproc
 1741              	.LFE205:
 1743              		.section	.text.HAL_SBS_SetOBKHDPL,"ax",%progbits
 1744              		.align	1
 1745              		.global	HAL_SBS_SetOBKHDPL
 1746              		.syntax unified
 1747              		.thumb
 1748              		.thumb_func
 1750              	HAL_SBS_SetOBKHDPL:
 1751              	.LVL47:
 1752              	.LFB206:
1007:Drivers/STM32H5xx_HAL_Driver/Src/stm32h5xx_hal.c **** #endif /* SBS_EPOCHSELCR_EPOCH_SEL */
1008:Drivers/STM32H5xx_HAL_Driver/Src/stm32h5xx_hal.c **** 
ARM GAS  /tmp/ccqyujhR.s 			page 49


1009:Drivers/STM32H5xx_HAL_Driver/Src/stm32h5xx_hal.c **** #if defined(SBS_NEXTHDPLCR_NEXTHDPL)
1010:Drivers/STM32H5xx_HAL_Driver/Src/stm32h5xx_hal.c **** /**
1011:Drivers/STM32H5xx_HAL_Driver/Src/stm32h5xx_hal.c ****   * @brief  Set the OBK-HDPL Value.
1012:Drivers/STM32H5xx_HAL_Driver/Src/stm32h5xx_hal.c ****   * @param  OBKHDPL_Value Value of the increment to add to HDPL value to generate the OBK-HDPL.
1013:Drivers/STM32H5xx_HAL_Driver/Src/stm32h5xx_hal.c ****   *         This parameter can be one of the following values:
1014:Drivers/STM32H5xx_HAL_Driver/Src/stm32h5xx_hal.c ****   *           @arg SBS_OBKHDPL_INCR_0 : HDPL
1015:Drivers/STM32H5xx_HAL_Driver/Src/stm32h5xx_hal.c ****   *           @arg SBS_OBKHDPL_INCR_1 : HDPL + 1
1016:Drivers/STM32H5xx_HAL_Driver/Src/stm32h5xx_hal.c ****   *           @arg SBS_OBKHDPL_INCR_2 : HDPL + 2
1017:Drivers/STM32H5xx_HAL_Driver/Src/stm32h5xx_hal.c ****   *           @arg SBS_OBKHDPL_INCR_3 : HDPL + 3
1018:Drivers/STM32H5xx_HAL_Driver/Src/stm32h5xx_hal.c ****   * @retval None
1019:Drivers/STM32H5xx_HAL_Driver/Src/stm32h5xx_hal.c ****   */
1020:Drivers/STM32H5xx_HAL_Driver/Src/stm32h5xx_hal.c **** void HAL_SBS_SetOBKHDPL(uint32_t OBKHDPL_Value)
1021:Drivers/STM32H5xx_HAL_Driver/Src/stm32h5xx_hal.c **** {
 1753              		.loc 1 1021 1 is_stmt 1 view -0
 1754              		.cfi_startproc
 1755              		@ args = 0, pretend = 0, frame = 0
 1756              		@ frame_needed = 0, uses_anonymous_args = 0
 1757              		@ link register save eliminated.
1022:Drivers/STM32H5xx_HAL_Driver/Src/stm32h5xx_hal.c ****   /* Check the parameter */
1023:Drivers/STM32H5xx_HAL_Driver/Src/stm32h5xx_hal.c ****   assert_param(IS_SBS_OBKHDPL_SELECTION(OBKHDPL_Value));
 1758              		.loc 1 1023 3 view .LVU304
1024:Drivers/STM32H5xx_HAL_Driver/Src/stm32h5xx_hal.c **** 
1025:Drivers/STM32H5xx_HAL_Driver/Src/stm32h5xx_hal.c ****   MODIFY_REG(SBS->NEXTHDPLCR, SBS_NEXTHDPLCR_NEXTHDPL, (uint32_t)(OBKHDPL_Value));
 1759              		.loc 1 1025 3 view .LVU305
 1760 0000 034A     		ldr	r2, .L169
 1761 0002 9369     		ldr	r3, [r2, #24]
 1762 0004 23F00303 		bic	r3, r3, #3
 1763 0008 0343     		orrs	r3, r3, r0
 1764 000a 9361     		str	r3, [r2, #24]
1026:Drivers/STM32H5xx_HAL_Driver/Src/stm32h5xx_hal.c **** }
 1765              		.loc 1 1026 1 is_stmt 0 view .LVU306
 1766 000c 7047     		bx	lr
 1767              	.L170:
 1768 000e 00BF     		.align	2
 1769              	.L169:
 1770 0010 00040044 		.word	1140851712
 1771              		.cfi_endproc
 1772              	.LFE206:
 1774              		.section	.text.HAL_SBS_GetOBKHDPL,"ax",%progbits
 1775              		.align	1
 1776              		.global	HAL_SBS_GetOBKHDPL
 1777              		.syntax unified
 1778              		.thumb
 1779              		.thumb_func
 1781              	HAL_SBS_GetOBKHDPL:
 1782              	.LFB207:
1027:Drivers/STM32H5xx_HAL_Driver/Src/stm32h5xx_hal.c **** 
1028:Drivers/STM32H5xx_HAL_Driver/Src/stm32h5xx_hal.c **** /**
1029:Drivers/STM32H5xx_HAL_Driver/Src/stm32h5xx_hal.c ****   * @brief  Get the OBK-HDPL Value.
1030:Drivers/STM32H5xx_HAL_Driver/Src/stm32h5xx_hal.c ****   * @retval  Returns the incremement to add to HDPL value to generate OBK-HDPL
1031:Drivers/STM32H5xx_HAL_Driver/Src/stm32h5xx_hal.c ****   *          This return value can be one of the following values:
1032:Drivers/STM32H5xx_HAL_Driver/Src/stm32h5xx_hal.c ****   *            @arg SBS_OBKHDPL_INCR_0: HDPL
1033:Drivers/STM32H5xx_HAL_Driver/Src/stm32h5xx_hal.c ****   *            @arg SBS_OBKHDPL_INCR_1: HDPL + 1
1034:Drivers/STM32H5xx_HAL_Driver/Src/stm32h5xx_hal.c ****   *            @arg SBS_OBKHDPL_INCR_2: HDPL + 2
1035:Drivers/STM32H5xx_HAL_Driver/Src/stm32h5xx_hal.c ****   *            @arg SBS_OBKHDPL_INCR_3: HDPL + 3
1036:Drivers/STM32H5xx_HAL_Driver/Src/stm32h5xx_hal.c ****   */
1037:Drivers/STM32H5xx_HAL_Driver/Src/stm32h5xx_hal.c **** uint32_t HAL_SBS_GetOBKHDPL(void)
ARM GAS  /tmp/ccqyujhR.s 			page 50


1038:Drivers/STM32H5xx_HAL_Driver/Src/stm32h5xx_hal.c **** {
 1783              		.loc 1 1038 1 is_stmt 1 view -0
 1784              		.cfi_startproc
 1785              		@ args = 0, pretend = 0, frame = 0
 1786              		@ frame_needed = 0, uses_anonymous_args = 0
 1787              		@ link register save eliminated.
1039:Drivers/STM32H5xx_HAL_Driver/Src/stm32h5xx_hal.c ****   return (uint32_t)(READ_BIT(SBS->NEXTHDPLCR, SBS_NEXTHDPLCR_NEXTHDPL));
 1788              		.loc 1 1039 3 view .LVU308
 1789              		.loc 1 1039 21 is_stmt 0 view .LVU309
 1790 0000 024B     		ldr	r3, .L172
 1791 0002 9869     		ldr	r0, [r3, #24]
1040:Drivers/STM32H5xx_HAL_Driver/Src/stm32h5xx_hal.c **** }
 1792              		.loc 1 1040 1 view .LVU310
 1793 0004 00F00300 		and	r0, r0, #3
 1794 0008 7047     		bx	lr
 1795              	.L173:
 1796 000a 00BF     		.align	2
 1797              	.L172:
 1798 000c 00040044 		.word	1140851712
 1799              		.cfi_endproc
 1800              	.LFE207:
 1802              		.section	.text.HAL_SBS_OpenAccessPort,"ax",%progbits
 1803              		.align	1
 1804              		.global	HAL_SBS_OpenAccessPort
 1805              		.syntax unified
 1806              		.thumb
 1807              		.thumb_func
 1809              	HAL_SBS_OpenAccessPort:
 1810              	.LFB208:
1041:Drivers/STM32H5xx_HAL_Driver/Src/stm32h5xx_hal.c **** #endif /* SBS_NEXTHDPLCR_NEXTHDPL */
1042:Drivers/STM32H5xx_HAL_Driver/Src/stm32h5xx_hal.c **** 
1043:Drivers/STM32H5xx_HAL_Driver/Src/stm32h5xx_hal.c **** /**
1044:Drivers/STM32H5xx_HAL_Driver/Src/stm32h5xx_hal.c ****   * @}
1045:Drivers/STM32H5xx_HAL_Driver/Src/stm32h5xx_hal.c ****   */
1046:Drivers/STM32H5xx_HAL_Driver/Src/stm32h5xx_hal.c **** 
1047:Drivers/STM32H5xx_HAL_Driver/Src/stm32h5xx_hal.c **** /** @defgroup HAL_Exported_Functions_Group8 HAL SBS Debug control functions
1048:Drivers/STM32H5xx_HAL_Driver/Src/stm32h5xx_hal.c ****   *  @brief    HAL SBS Debug functions
1049:Drivers/STM32H5xx_HAL_Driver/Src/stm32h5xx_hal.c ****   *
1050:Drivers/STM32H5xx_HAL_Driver/Src/stm32h5xx_hal.c **** @verbatim
1051:Drivers/STM32H5xx_HAL_Driver/Src/stm32h5xx_hal.c ****  ==================================================================================================
1052:Drivers/STM32H5xx_HAL_Driver/Src/stm32h5xx_hal.c ****                                        ##### SBS Debug control functions #####
1053:Drivers/STM32H5xx_HAL_Driver/Src/stm32h5xx_hal.c ****  ==================================================================================================
1054:Drivers/STM32H5xx_HAL_Driver/Src/stm32h5xx_hal.c ****     [..]  This section provides functions allowing to:
1055:Drivers/STM32H5xx_HAL_Driver/Src/stm32h5xx_hal.c ****       (+) Open the device access port
1056:Drivers/STM32H5xx_HAL_Driver/Src/stm32h5xx_hal.c ****       (+) Open the debug
1057:Drivers/STM32H5xx_HAL_Driver/Src/stm32h5xx_hal.c ****       (+) Configure the authenticated debug HDPL
1058:Drivers/STM32H5xx_HAL_Driver/Src/stm32h5xx_hal.c ****       (+) Get the current value of the hide protection level
1059:Drivers/STM32H5xx_HAL_Driver/Src/stm32h5xx_hal.c ****       (+) Lock the access to the debug control register
1060:Drivers/STM32H5xx_HAL_Driver/Src/stm32h5xx_hal.c ****       (+) Configure/Get the authenticated debug security access
1061:Drivers/STM32H5xx_HAL_Driver/Src/stm32h5xx_hal.c **** 
1062:Drivers/STM32H5xx_HAL_Driver/Src/stm32h5xx_hal.c **** @endverbatim
1063:Drivers/STM32H5xx_HAL_Driver/Src/stm32h5xx_hal.c ****   * @{
1064:Drivers/STM32H5xx_HAL_Driver/Src/stm32h5xx_hal.c ****   */
1065:Drivers/STM32H5xx_HAL_Driver/Src/stm32h5xx_hal.c **** 
1066:Drivers/STM32H5xx_HAL_Driver/Src/stm32h5xx_hal.c **** /**
1067:Drivers/STM32H5xx_HAL_Driver/Src/stm32h5xx_hal.c ****   * @brief  Open the device access port.
1068:Drivers/STM32H5xx_HAL_Driver/Src/stm32h5xx_hal.c ****   * @note   This function can be only used when device state is Closed.
ARM GAS  /tmp/ccqyujhR.s 			page 51


1069:Drivers/STM32H5xx_HAL_Driver/Src/stm32h5xx_hal.c ****   * @retval None
1070:Drivers/STM32H5xx_HAL_Driver/Src/stm32h5xx_hal.c ****   */
1071:Drivers/STM32H5xx_HAL_Driver/Src/stm32h5xx_hal.c **** void HAL_SBS_OpenAccessPort(void)
1072:Drivers/STM32H5xx_HAL_Driver/Src/stm32h5xx_hal.c **** {
 1811              		.loc 1 1072 1 is_stmt 1 view -0
 1812              		.cfi_startproc
 1813              		@ args = 0, pretend = 0, frame = 0
 1814              		@ frame_needed = 0, uses_anonymous_args = 0
 1815              		@ link register save eliminated.
1073:Drivers/STM32H5xx_HAL_Driver/Src/stm32h5xx_hal.c ****   MODIFY_REG(SBS->DBGCR, SBS_DBGCR_AP_UNLOCK, SBS_DEBUG_UNLOCK_VALUE);
 1816              		.loc 1 1073 3 view .LVU312
 1817 0000 034A     		ldr	r2, .L175
 1818 0002 136A     		ldr	r3, [r2, #32]
 1819 0004 23F0FF03 		bic	r3, r3, #255
 1820 0008 43F0B403 		orr	r3, r3, #180
 1821 000c 1362     		str	r3, [r2, #32]
1074:Drivers/STM32H5xx_HAL_Driver/Src/stm32h5xx_hal.c **** }
 1822              		.loc 1 1074 1 is_stmt 0 view .LVU313
 1823 000e 7047     		bx	lr
 1824              	.L176:
 1825              		.align	2
 1826              	.L175:
 1827 0010 00040044 		.word	1140851712
 1828              		.cfi_endproc
 1829              	.LFE208:
 1831              		.section	.text.HAL_SBS_OpenDebug,"ax",%progbits
 1832              		.align	1
 1833              		.global	HAL_SBS_OpenDebug
 1834              		.syntax unified
 1835              		.thumb
 1836              		.thumb_func
 1838              	HAL_SBS_OpenDebug:
 1839              	.LFB209:
1075:Drivers/STM32H5xx_HAL_Driver/Src/stm32h5xx_hal.c **** 
1076:Drivers/STM32H5xx_HAL_Driver/Src/stm32h5xx_hal.c **** /**
1077:Drivers/STM32H5xx_HAL_Driver/Src/stm32h5xx_hal.c ****   * @brief  Open the debug when the hide protection level is authorized.
1078:Drivers/STM32H5xx_HAL_Driver/Src/stm32h5xx_hal.c ****   * @note   This function can be only used when device state is Closed.
1079:Drivers/STM32H5xx_HAL_Driver/Src/stm32h5xx_hal.c ****   * @retval None
1080:Drivers/STM32H5xx_HAL_Driver/Src/stm32h5xx_hal.c ****   */
1081:Drivers/STM32H5xx_HAL_Driver/Src/stm32h5xx_hal.c **** void HAL_SBS_OpenDebug(void)
1082:Drivers/STM32H5xx_HAL_Driver/Src/stm32h5xx_hal.c **** {
 1840              		.loc 1 1082 1 is_stmt 1 view -0
 1841              		.cfi_startproc
 1842              		@ args = 0, pretend = 0, frame = 0
 1843              		@ frame_needed = 0, uses_anonymous_args = 0
 1844              		@ link register save eliminated.
1083:Drivers/STM32H5xx_HAL_Driver/Src/stm32h5xx_hal.c ****   MODIFY_REG(SBS->DBGCR, SBS_DBGCR_DBG_UNLOCK, ((uint32_t)SBS_DEBUG_UNLOCK_VALUE << SBS_DBGCR_DBG_U
 1845              		.loc 1 1083 3 view .LVU315
 1846 0000 034A     		ldr	r2, .L178
 1847 0002 136A     		ldr	r3, [r2, #32]
 1848 0004 23F47F43 		bic	r3, r3, #65280
 1849 0008 43F43443 		orr	r3, r3, #46080
 1850 000c 1362     		str	r3, [r2, #32]
1084:Drivers/STM32H5xx_HAL_Driver/Src/stm32h5xx_hal.c **** }
 1851              		.loc 1 1084 1 is_stmt 0 view .LVU316
 1852 000e 7047     		bx	lr
 1853              	.L179:
ARM GAS  /tmp/ccqyujhR.s 			page 52


 1854              		.align	2
 1855              	.L178:
 1856 0010 00040044 		.word	1140851712
 1857              		.cfi_endproc
 1858              	.LFE209:
 1860              		.section	.text.HAL_SBS_ConfigDebugLevel,"ax",%progbits
 1861              		.align	1
 1862              		.global	HAL_SBS_ConfigDebugLevel
 1863              		.syntax unified
 1864              		.thumb
 1865              		.thumb_func
 1867              	HAL_SBS_ConfigDebugLevel:
 1868              	.LVL48:
 1869              	.LFB210:
1085:Drivers/STM32H5xx_HAL_Driver/Src/stm32h5xx_hal.c **** 
1086:Drivers/STM32H5xx_HAL_Driver/Src/stm32h5xx_hal.c **** /**
1087:Drivers/STM32H5xx_HAL_Driver/Src/stm32h5xx_hal.c ****   * @brief  Configure the authenticated debug hide protection level.
1088:Drivers/STM32H5xx_HAL_Driver/Src/stm32h5xx_hal.c ****   * @note   This function can be only used when device state is Closed.
1089:Drivers/STM32H5xx_HAL_Driver/Src/stm32h5xx_hal.c ****   * @param  Level Hide protection level where the authenticated debug opens
1090:Drivers/STM32H5xx_HAL_Driver/Src/stm32h5xx_hal.c ****   *            This value is one of @ref SBS_HDPL_Value (except SBS_HDPL_VALUE_0)
1091:Drivers/STM32H5xx_HAL_Driver/Src/stm32h5xx_hal.c ****   * @retval HAL_OK if parameter is correct
1092:Drivers/STM32H5xx_HAL_Driver/Src/stm32h5xx_hal.c ****   *         HAL_ERROR otherwise
1093:Drivers/STM32H5xx_HAL_Driver/Src/stm32h5xx_hal.c ****   */
1094:Drivers/STM32H5xx_HAL_Driver/Src/stm32h5xx_hal.c **** HAL_StatusTypeDef HAL_SBS_ConfigDebugLevel(uint32_t Level)
1095:Drivers/STM32H5xx_HAL_Driver/Src/stm32h5xx_hal.c **** {
 1870              		.loc 1 1095 1 is_stmt 1 view -0
 1871              		.cfi_startproc
 1872              		@ args = 0, pretend = 0, frame = 0
 1873              		@ frame_needed = 0, uses_anonymous_args = 0
 1874              		@ link register save eliminated.
1096:Drivers/STM32H5xx_HAL_Driver/Src/stm32h5xx_hal.c ****   /* Check the parameter */
1097:Drivers/STM32H5xx_HAL_Driver/Src/stm32h5xx_hal.c ****   assert_param(IS_SBS_HDPL(Level));
 1875              		.loc 1 1097 3 view .LVU318
1098:Drivers/STM32H5xx_HAL_Driver/Src/stm32h5xx_hal.c **** 
1099:Drivers/STM32H5xx_HAL_Driver/Src/stm32h5xx_hal.c ****   if (Level != SBS_HDPL_VALUE_0)
 1876              		.loc 1 1099 3 view .LVU319
 1877              		.loc 1 1099 6 is_stmt 0 view .LVU320
 1878 0000 B428     		cmp	r0, #180
 1879 0002 08D0     		beq	.L182
1100:Drivers/STM32H5xx_HAL_Driver/Src/stm32h5xx_hal.c ****   {
1101:Drivers/STM32H5xx_HAL_Driver/Src/stm32h5xx_hal.c ****     MODIFY_REG(SBS->DBGCR, SBS_DBGCR_DBG_AUTH_HDPL, (Level << SBS_DBGCR_DBG_AUTH_HDPL_Pos));
 1880              		.loc 1 1101 5 is_stmt 1 view .LVU321
 1881 0004 054A     		ldr	r2, .L183
 1882 0006 136A     		ldr	r3, [r2, #32]
 1883 0008 23F47F03 		bic	r3, r3, #16711680
 1884 000c 43EA0043 		orr	r3, r3, r0, lsl #16
 1885 0010 1362     		str	r3, [r2, #32]
1102:Drivers/STM32H5xx_HAL_Driver/Src/stm32h5xx_hal.c ****     return HAL_OK;
 1886              		.loc 1 1102 5 view .LVU322
 1887              		.loc 1 1102 12 is_stmt 0 view .LVU323
 1888 0012 0020     		movs	r0, #0
 1889              	.LVL49:
 1890              		.loc 1 1102 12 view .LVU324
 1891 0014 7047     		bx	lr
 1892              	.LVL50:
 1893              	.L182:
1103:Drivers/STM32H5xx_HAL_Driver/Src/stm32h5xx_hal.c ****   }
ARM GAS  /tmp/ccqyujhR.s 			page 53


1104:Drivers/STM32H5xx_HAL_Driver/Src/stm32h5xx_hal.c ****   else
1105:Drivers/STM32H5xx_HAL_Driver/Src/stm32h5xx_hal.c ****   {
1106:Drivers/STM32H5xx_HAL_Driver/Src/stm32h5xx_hal.c ****     return HAL_ERROR;
 1894              		.loc 1 1106 12 view .LVU325
 1895 0016 0120     		movs	r0, #1
 1896              	.LVL51:
1107:Drivers/STM32H5xx_HAL_Driver/Src/stm32h5xx_hal.c ****   }
1108:Drivers/STM32H5xx_HAL_Driver/Src/stm32h5xx_hal.c **** }
 1897              		.loc 1 1108 1 view .LVU326
 1898 0018 7047     		bx	lr
 1899              	.L184:
 1900 001a 00BF     		.align	2
 1901              	.L183:
 1902 001c 00040044 		.word	1140851712
 1903              		.cfi_endproc
 1904              	.LFE210:
 1906              		.section	.text.HAL_SBS_GetDebugLevel,"ax",%progbits
 1907              		.align	1
 1908              		.global	HAL_SBS_GetDebugLevel
 1909              		.syntax unified
 1910              		.thumb
 1911              		.thumb_func
 1913              	HAL_SBS_GetDebugLevel:
 1914              	.LFB211:
1109:Drivers/STM32H5xx_HAL_Driver/Src/stm32h5xx_hal.c **** 
1110:Drivers/STM32H5xx_HAL_Driver/Src/stm32h5xx_hal.c **** /**
1111:Drivers/STM32H5xx_HAL_Driver/Src/stm32h5xx_hal.c ****   * @brief  Get the current value of the hide protection level.
1112:Drivers/STM32H5xx_HAL_Driver/Src/stm32h5xx_hal.c ****   * @note   This function can be only used when device state is Closed.
1113:Drivers/STM32H5xx_HAL_Driver/Src/stm32h5xx_hal.c ****   * @retval Current hide protection level
1114:Drivers/STM32H5xx_HAL_Driver/Src/stm32h5xx_hal.c ****   *            This value is one of @ref SBS_HDPL_Value
1115:Drivers/STM32H5xx_HAL_Driver/Src/stm32h5xx_hal.c ****   */
1116:Drivers/STM32H5xx_HAL_Driver/Src/stm32h5xx_hal.c **** uint32_t HAL_SBS_GetDebugLevel(void)
1117:Drivers/STM32H5xx_HAL_Driver/Src/stm32h5xx_hal.c **** {
 1915              		.loc 1 1117 1 is_stmt 1 view -0
 1916              		.cfi_startproc
 1917              		@ args = 0, pretend = 0, frame = 0
 1918              		@ frame_needed = 0, uses_anonymous_args = 0
 1919              		@ link register save eliminated.
1118:Drivers/STM32H5xx_HAL_Driver/Src/stm32h5xx_hal.c ****   return ((SBS->DBGCR & SBS_DBGCR_DBG_AUTH_HDPL) >> SBS_DBGCR_DBG_AUTH_HDPL_Pos);
 1920              		.loc 1 1118 3 view .LVU328
 1921              		.loc 1 1118 15 is_stmt 0 view .LVU329
 1922 0000 024B     		ldr	r3, .L186
 1923 0002 186A     		ldr	r0, [r3, #32]
1119:Drivers/STM32H5xx_HAL_Driver/Src/stm32h5xx_hal.c **** }
 1924              		.loc 1 1119 1 view .LVU330
 1925 0004 C0F30740 		ubfx	r0, r0, #16, #8
 1926 0008 7047     		bx	lr
 1927              	.L187:
 1928 000a 00BF     		.align	2
 1929              	.L186:
 1930 000c 00040044 		.word	1140851712
 1931              		.cfi_endproc
 1932              	.LFE211:
 1934              		.section	.text.HAL_SBS_LockDebugConfig,"ax",%progbits
 1935              		.align	1
 1936              		.global	HAL_SBS_LockDebugConfig
 1937              		.syntax unified
ARM GAS  /tmp/ccqyujhR.s 			page 54


 1938              		.thumb
 1939              		.thumb_func
 1941              	HAL_SBS_LockDebugConfig:
 1942              	.LFB212:
1120:Drivers/STM32H5xx_HAL_Driver/Src/stm32h5xx_hal.c **** 
1121:Drivers/STM32H5xx_HAL_Driver/Src/stm32h5xx_hal.c **** /**
1122:Drivers/STM32H5xx_HAL_Driver/Src/stm32h5xx_hal.c ****   * @brief  Lock the access to the debug control register.
1123:Drivers/STM32H5xx_HAL_Driver/Src/stm32h5xx_hal.c ****   * @note   This function can be only used when device state is Closed.
1124:Drivers/STM32H5xx_HAL_Driver/Src/stm32h5xx_hal.c ****   * @note   locking the current debug configuration is released only by a reset.
1125:Drivers/STM32H5xx_HAL_Driver/Src/stm32h5xx_hal.c ****   * @retval None
1126:Drivers/STM32H5xx_HAL_Driver/Src/stm32h5xx_hal.c ****   */
1127:Drivers/STM32H5xx_HAL_Driver/Src/stm32h5xx_hal.c **** void HAL_SBS_LockDebugConfig(void)
1128:Drivers/STM32H5xx_HAL_Driver/Src/stm32h5xx_hal.c **** {
 1943              		.loc 1 1128 1 is_stmt 1 view -0
 1944              		.cfi_startproc
 1945              		@ args = 0, pretend = 0, frame = 0
 1946              		@ frame_needed = 0, uses_anonymous_args = 0
 1947              		@ link register save eliminated.
1129:Drivers/STM32H5xx_HAL_Driver/Src/stm32h5xx_hal.c ****   MODIFY_REG(SBS->DBGLOCKR, SBS_DBGLOCKR_DBGCFG_LOCK, SBS_DEBUG_LOCK_VALUE);
 1948              		.loc 1 1129 3 view .LVU332
 1949 0000 034A     		ldr	r2, .L189
 1950 0002 536A     		ldr	r3, [r2, #36]
 1951 0004 23F0FF03 		bic	r3, r3, #255
 1952 0008 43F0C303 		orr	r3, r3, #195
 1953 000c 5362     		str	r3, [r2, #36]
1130:Drivers/STM32H5xx_HAL_Driver/Src/stm32h5xx_hal.c **** }
 1954              		.loc 1 1130 1 is_stmt 0 view .LVU333
 1955 000e 7047     		bx	lr
 1956              	.L190:
 1957              		.align	2
 1958              	.L189:
 1959 0010 00040044 		.word	1140851712
 1960              		.cfi_endproc
 1961              	.LFE212:
 1963              		.section	.text.HAL_SBS_ConfigDebugSecurity,"ax",%progbits
 1964              		.align	1
 1965              		.global	HAL_SBS_ConfigDebugSecurity
 1966              		.syntax unified
 1967              		.thumb
 1968              		.thumb_func
 1970              	HAL_SBS_ConfigDebugSecurity:
 1971              	.LVL52:
 1972              	.LFB213:
1131:Drivers/STM32H5xx_HAL_Driver/Src/stm32h5xx_hal.c **** 
1132:Drivers/STM32H5xx_HAL_Driver/Src/stm32h5xx_hal.c **** #if defined(SBS_DBGCR_DBG_AUTH_SEC)
1133:Drivers/STM32H5xx_HAL_Driver/Src/stm32h5xx_hal.c **** /**
1134:Drivers/STM32H5xx_HAL_Driver/Src/stm32h5xx_hal.c ****   * @brief  Configure the authenticated debug security access.
1135:Drivers/STM32H5xx_HAL_Driver/Src/stm32h5xx_hal.c ****   * @param  Security debug opening secure/non-secure or non-secure only
1136:Drivers/STM32H5xx_HAL_Driver/Src/stm32h5xx_hal.c ****   *         This parameter can be one of the following values:
1137:Drivers/STM32H5xx_HAL_Driver/Src/stm32h5xx_hal.c ****   *            @arg SBS_DEBUG_SEC_NSEC: debug opening for secure and non-secure.
1138:Drivers/STM32H5xx_HAL_Driver/Src/stm32h5xx_hal.c ****   *            @arg SBS_DEBUG_NSEC: debug opening for non-secure only.
1139:Drivers/STM32H5xx_HAL_Driver/Src/stm32h5xx_hal.c ****   * @retval None
1140:Drivers/STM32H5xx_HAL_Driver/Src/stm32h5xx_hal.c ****   */
1141:Drivers/STM32H5xx_HAL_Driver/Src/stm32h5xx_hal.c **** void HAL_SBS_ConfigDebugSecurity(uint32_t Security)
1142:Drivers/STM32H5xx_HAL_Driver/Src/stm32h5xx_hal.c **** {
 1973              		.loc 1 1142 1 is_stmt 1 view -0
 1974              		.cfi_startproc
ARM GAS  /tmp/ccqyujhR.s 			page 55


 1975              		@ args = 0, pretend = 0, frame = 0
 1976              		@ frame_needed = 0, uses_anonymous_args = 0
 1977              		@ link register save eliminated.
1143:Drivers/STM32H5xx_HAL_Driver/Src/stm32h5xx_hal.c ****   MODIFY_REG(SBS->DBGCR, SBS_DBGCR_DBG_AUTH_SEC, (Security << SBS_DBGCR_DBG_AUTH_SEC_Pos));
 1978              		.loc 1 1143 3 view .LVU335
 1979 0000 034A     		ldr	r2, .L192
 1980 0002 136A     		ldr	r3, [r2, #32]
 1981 0004 23F07F43 		bic	r3, r3, #-16777216
 1982 0008 43EA0063 		orr	r3, r3, r0, lsl #24
 1983 000c 1362     		str	r3, [r2, #32]
1144:Drivers/STM32H5xx_HAL_Driver/Src/stm32h5xx_hal.c **** }
 1984              		.loc 1 1144 1 is_stmt 0 view .LVU336
 1985 000e 7047     		bx	lr
 1986              	.L193:
 1987              		.align	2
 1988              	.L192:
 1989 0010 00040044 		.word	1140851712
 1990              		.cfi_endproc
 1991              	.LFE213:
 1993              		.section	.text.HAL_SBS_GetDebugSecurity,"ax",%progbits
 1994              		.align	1
 1995              		.global	HAL_SBS_GetDebugSecurity
 1996              		.syntax unified
 1997              		.thumb
 1998              		.thumb_func
 2000              	HAL_SBS_GetDebugSecurity:
 2001              	.LFB214:
1145:Drivers/STM32H5xx_HAL_Driver/Src/stm32h5xx_hal.c **** 
1146:Drivers/STM32H5xx_HAL_Driver/Src/stm32h5xx_hal.c **** /**
1147:Drivers/STM32H5xx_HAL_Driver/Src/stm32h5xx_hal.c ****   * @brief  Get the current value of the hide protection level.
1148:Drivers/STM32H5xx_HAL_Driver/Src/stm32h5xx_hal.c ****   * @note   This function can be only used when device state is Closed.
1149:Drivers/STM32H5xx_HAL_Driver/Src/stm32h5xx_hal.c ****   * @retval Returned value can be one of the following values:
1150:Drivers/STM32H5xx_HAL_Driver/Src/stm32h5xx_hal.c ****   *            @arg SBS_DEBUG_SEC_NSEC: debug opening for secure and non-secure.
1151:Drivers/STM32H5xx_HAL_Driver/Src/stm32h5xx_hal.c ****   *            @arg SBS_DEBUG_NSEC: debug opening for non-secure only.
1152:Drivers/STM32H5xx_HAL_Driver/Src/stm32h5xx_hal.c ****   */
1153:Drivers/STM32H5xx_HAL_Driver/Src/stm32h5xx_hal.c **** uint32_t HAL_SBS_GetDebugSecurity(void)
1154:Drivers/STM32H5xx_HAL_Driver/Src/stm32h5xx_hal.c **** {
 2002              		.loc 1 1154 1 is_stmt 1 view -0
 2003              		.cfi_startproc
 2004              		@ args = 0, pretend = 0, frame = 0
 2005              		@ frame_needed = 0, uses_anonymous_args = 0
 2006              		@ link register save eliminated.
1155:Drivers/STM32H5xx_HAL_Driver/Src/stm32h5xx_hal.c ****   return ((SBS->DBGCR & SBS_DBGCR_DBG_AUTH_SEC) >> SBS_DBGCR_DBG_AUTH_SEC_Pos);
 2007              		.loc 1 1155 3 view .LVU338
 2008              		.loc 1 1155 15 is_stmt 0 view .LVU339
 2009 0000 014B     		ldr	r3, .L195
 2010 0002 186A     		ldr	r0, [r3, #32]
1156:Drivers/STM32H5xx_HAL_Driver/Src/stm32h5xx_hal.c **** }
 2011              		.loc 1 1156 1 view .LVU340
 2012 0004 000E     		lsrs	r0, r0, #24
 2013 0006 7047     		bx	lr
 2014              	.L196:
 2015              		.align	2
 2016              	.L195:
 2017 0008 00040044 		.word	1140851712
 2018              		.cfi_endproc
 2019              	.LFE214:
ARM GAS  /tmp/ccqyujhR.s 			page 56


 2021              		.section	.text.HAL_SBS_Lock,"ax",%progbits
 2022              		.align	1
 2023              		.global	HAL_SBS_Lock
 2024              		.syntax unified
 2025              		.thumb
 2026              		.thumb_func
 2028              	HAL_SBS_Lock:
 2029              	.LVL53:
 2030              	.LFB215:
1157:Drivers/STM32H5xx_HAL_Driver/Src/stm32h5xx_hal.c **** #endif /* SBS_DBGCR_DBG_AUTH_SEC */
1158:Drivers/STM32H5xx_HAL_Driver/Src/stm32h5xx_hal.c **** 
1159:Drivers/STM32H5xx_HAL_Driver/Src/stm32h5xx_hal.c **** #if defined(SBS_OTGHSPHYTUNER2_COMPDISTUNE)
1160:Drivers/STM32H5xx_HAL_Driver/Src/stm32h5xx_hal.c **** /**
1161:Drivers/STM32H5xx_HAL_Driver/Src/stm32h5xx_hal.c ****   * @brief  Set the OTG PHY Disconnect Threshold.
1162:Drivers/STM32H5xx_HAL_Driver/Src/stm32h5xx_hal.c ****   * @param  DisconnectThreshold Defines the voltage level for the threshold used to detect a discon
1163:Drivers/STM32H5xx_HAL_Driver/Src/stm32h5xx_hal.c ****   *         This parameter can be one of the following values:
1164:Drivers/STM32H5xx_HAL_Driver/Src/stm32h5xx_hal.c ****   *            @arg SBS_OTG_HS_PHY_DISCONNECT_5_9PERCENT: +5.9% (recommended value)
1165:Drivers/STM32H5xx_HAL_Driver/Src/stm32h5xx_hal.c ****   *            @arg SBS_OTG_HS_PHY_DISCONNECT_0PERCENT: 0% (default value)
1166:Drivers/STM32H5xx_HAL_Driver/Src/stm32h5xx_hal.c ****   * @retval None
1167:Drivers/STM32H5xx_HAL_Driver/Src/stm32h5xx_hal.c ****   */
1168:Drivers/STM32H5xx_HAL_Driver/Src/stm32h5xx_hal.c **** 
1169:Drivers/STM32H5xx_HAL_Driver/Src/stm32h5xx_hal.c **** void HAL_SBS_SetOTGPHYDisconnectThreshold(uint32_t DisconnectThreshold)
1170:Drivers/STM32H5xx_HAL_Driver/Src/stm32h5xx_hal.c **** {
1171:Drivers/STM32H5xx_HAL_Driver/Src/stm32h5xx_hal.c ****   /* Check the parameter */
1172:Drivers/STM32H5xx_HAL_Driver/Src/stm32h5xx_hal.c ****   assert_param(IS_SBS_OTGPHY_DISCONNECT(DisconnectThreshold));
1173:Drivers/STM32H5xx_HAL_Driver/Src/stm32h5xx_hal.c **** 
1174:Drivers/STM32H5xx_HAL_Driver/Src/stm32h5xx_hal.c ****   MODIFY_REG(SBS->OTGHSPHYTUNER2, SBS_OTGHSPHYTUNER2_COMPDISTUNE, DisconnectThreshold);
1175:Drivers/STM32H5xx_HAL_Driver/Src/stm32h5xx_hal.c **** }
1176:Drivers/STM32H5xx_HAL_Driver/Src/stm32h5xx_hal.c **** 
1177:Drivers/STM32H5xx_HAL_Driver/Src/stm32h5xx_hal.c **** /**
1178:Drivers/STM32H5xx_HAL_Driver/Src/stm32h5xx_hal.c ****   * @brief  Get the current voltage level for the threshold used to detect a disconnect event.
1179:Drivers/STM32H5xx_HAL_Driver/Src/stm32h5xx_hal.c ****   * @retval The returned value can be one of the following values:
1180:Drivers/STM32H5xx_HAL_Driver/Src/stm32h5xx_hal.c ****   *            @arg SBS_OTG_HS_PHY_DISCONNECT_5_9PERCENT: +5.9% (recommended value)
1181:Drivers/STM32H5xx_HAL_Driver/Src/stm32h5xx_hal.c ****   *            @arg SBS_OTG_HS_PHY_DISCONNECT_0PERCENT: 0% (default value)
1182:Drivers/STM32H5xx_HAL_Driver/Src/stm32h5xx_hal.c ****   */
1183:Drivers/STM32H5xx_HAL_Driver/Src/stm32h5xx_hal.c **** uint32_t HAL_SBS_GetOTGPHYDisconnectThreshold(void)
1184:Drivers/STM32H5xx_HAL_Driver/Src/stm32h5xx_hal.c **** {
1185:Drivers/STM32H5xx_HAL_Driver/Src/stm32h5xx_hal.c ****   return (uint32_t)(READ_BIT(SBS->OTGHSPHYTUNER2, SBS_OTGHSPHYTUNER2_COMPDISTUNE));
1186:Drivers/STM32H5xx_HAL_Driver/Src/stm32h5xx_hal.c **** }
1187:Drivers/STM32H5xx_HAL_Driver/Src/stm32h5xx_hal.c **** #endif /* SBS_OTGHSPHYTUNER2_COMPDISTUNE */
1188:Drivers/STM32H5xx_HAL_Driver/Src/stm32h5xx_hal.c **** 
1189:Drivers/STM32H5xx_HAL_Driver/Src/stm32h5xx_hal.c **** #if defined(SBS_OTGHSPHYTUNER2_SQRXTUNE)
1190:Drivers/STM32H5xx_HAL_Driver/Src/stm32h5xx_hal.c **** /**
1191:Drivers/STM32H5xx_HAL_Driver/Src/stm32h5xx_hal.c ****   * @brief  Adjust the voltage level for the threshold used to detect valid high speed data.
1192:Drivers/STM32H5xx_HAL_Driver/Src/stm32h5xx_hal.c ****   * @param  SquelchThreshold Defines the voltage level.
1193:Drivers/STM32H5xx_HAL_Driver/Src/stm32h5xx_hal.c ****   *          This parameter can be one of the following values:
1194:Drivers/STM32H5xx_HAL_Driver/Src/stm32h5xx_hal.c ****   *            @arg SBS_OTG_HS_PHY_SQUELCH_15PERCENT: +15% (recommended value)
1195:Drivers/STM32H5xx_HAL_Driver/Src/stm32h5xx_hal.c ****   *            @arg SBS_OTG_HS_PHY_SQUELCH_0PERCENT: 0% (default value)
1196:Drivers/STM32H5xx_HAL_Driver/Src/stm32h5xx_hal.c ****   * @retval None
1197:Drivers/STM32H5xx_HAL_Driver/Src/stm32h5xx_hal.c ****   */
1198:Drivers/STM32H5xx_HAL_Driver/Src/stm32h5xx_hal.c **** 
1199:Drivers/STM32H5xx_HAL_Driver/Src/stm32h5xx_hal.c **** void HAL_SBS_SetOTGPHYSquelchThreshold(uint32_t SquelchThreshold)
1200:Drivers/STM32H5xx_HAL_Driver/Src/stm32h5xx_hal.c **** {
1201:Drivers/STM32H5xx_HAL_Driver/Src/stm32h5xx_hal.c ****   /* Check the parameter */
1202:Drivers/STM32H5xx_HAL_Driver/Src/stm32h5xx_hal.c ****   assert_param(IS_SBS_OTGPHY_SQUELCH(SquelchThreshold));
1203:Drivers/STM32H5xx_HAL_Driver/Src/stm32h5xx_hal.c **** 
1204:Drivers/STM32H5xx_HAL_Driver/Src/stm32h5xx_hal.c ****   MODIFY_REG(SBS->OTGHSPHYTUNER2, SBS_OTGHSPHYTUNER2_SQRXTUNE, SquelchThreshold);
ARM GAS  /tmp/ccqyujhR.s 			page 57


1205:Drivers/STM32H5xx_HAL_Driver/Src/stm32h5xx_hal.c **** }
1206:Drivers/STM32H5xx_HAL_Driver/Src/stm32h5xx_hal.c **** 
1207:Drivers/STM32H5xx_HAL_Driver/Src/stm32h5xx_hal.c **** /**
1208:Drivers/STM32H5xx_HAL_Driver/Src/stm32h5xx_hal.c ****   * @brief  Get the current voltage level for the threshold used to detect a squelch event.
1209:Drivers/STM32H5xx_HAL_Driver/Src/stm32h5xx_hal.c ****   * @retval The returned value can be one of the following values:
1210:Drivers/STM32H5xx_HAL_Driver/Src/stm32h5xx_hal.c ****   *            @arg SBS_OTG_HS_PHY_SQUELCH_15PERCENT: +15% (recommended value)
1211:Drivers/STM32H5xx_HAL_Driver/Src/stm32h5xx_hal.c ****   *            @arg SBS_OTG_HS_PHY_SQUELCH_0PERCENT: 0% (default value)
1212:Drivers/STM32H5xx_HAL_Driver/Src/stm32h5xx_hal.c ****   */
1213:Drivers/STM32H5xx_HAL_Driver/Src/stm32h5xx_hal.c **** uint32_t HAL_SBS_GetOTGPHYSquelchThreshold(void)
1214:Drivers/STM32H5xx_HAL_Driver/Src/stm32h5xx_hal.c **** {
1215:Drivers/STM32H5xx_HAL_Driver/Src/stm32h5xx_hal.c ****   return (uint32_t)(READ_BIT(SBS->OTGHSPHYTUNER2, SBS_OTGHSPHYTUNER2_SQRXTUNE));
1216:Drivers/STM32H5xx_HAL_Driver/Src/stm32h5xx_hal.c **** }
1217:Drivers/STM32H5xx_HAL_Driver/Src/stm32h5xx_hal.c **** #endif /* SBS_OTGHSPHYTUNER2_SQRXTUNE */
1218:Drivers/STM32H5xx_HAL_Driver/Src/stm32h5xx_hal.c **** 
1219:Drivers/STM32H5xx_HAL_Driver/Src/stm32h5xx_hal.c **** #if defined(SBS_OTGHSPHYTUNER2_TXPREEMPAMPTUNE)
1220:Drivers/STM32H5xx_HAL_Driver/Src/stm32h5xx_hal.c **** /**
1221:Drivers/STM32H5xx_HAL_Driver/Src/stm32h5xx_hal.c ****   * @brief  Set the OTG PHY Current config.
1222:Drivers/STM32H5xx_HAL_Driver/Src/stm32h5xx_hal.c ****   * @param  PreemphasisCurrent Defines the current configuration.
1223:Drivers/STM32H5xx_HAL_Driver/Src/stm32h5xx_hal.c ****   *         This parameter can be one of the following values:
1224:Drivers/STM32H5xx_HAL_Driver/Src/stm32h5xx_hal.c ****   *            @arg SBS_OTG_HS_PHY_PREEMP_DISABLED: HS transmitter preemphasis circuit disabled
1225:Drivers/STM32H5xx_HAL_Driver/Src/stm32h5xx_hal.c ****   *            @arg SBS_OTG_HS_PHY_PREEMP_1X: HS transmitter preemphasis circuit sources 1x preemph
1226:Drivers/STM32H5xx_HAL_Driver/Src/stm32h5xx_hal.c ****   *            @arg SBS_OTG_HS_PHY_PREEMP_2X: HS transmitter preemphasis circuit sources 2x preemph
1227:Drivers/STM32H5xx_HAL_Driver/Src/stm32h5xx_hal.c ****   *            @arg SBS_OTG_HS_PHY_PREEMP_3X: HS transmitter preemphasis circuit sources 3x preemph
1228:Drivers/STM32H5xx_HAL_Driver/Src/stm32h5xx_hal.c ****   * @retval None
1229:Drivers/STM32H5xx_HAL_Driver/Src/stm32h5xx_hal.c ****   */
1230:Drivers/STM32H5xx_HAL_Driver/Src/stm32h5xx_hal.c **** 
1231:Drivers/STM32H5xx_HAL_Driver/Src/stm32h5xx_hal.c **** void HAL_SBS_SetOTGPHYPreemphasisCurrent(uint32_t PreemphasisCurrent)
1232:Drivers/STM32H5xx_HAL_Driver/Src/stm32h5xx_hal.c **** {
1233:Drivers/STM32H5xx_HAL_Driver/Src/stm32h5xx_hal.c ****   /* Check the parameter */
1234:Drivers/STM32H5xx_HAL_Driver/Src/stm32h5xx_hal.c ****   assert_param(IS_SBS_OTGPHY_PREEMPHASIS(PreemphasisCurrent));
1235:Drivers/STM32H5xx_HAL_Driver/Src/stm32h5xx_hal.c **** 
1236:Drivers/STM32H5xx_HAL_Driver/Src/stm32h5xx_hal.c ****   MODIFY_REG(SBS->OTGHSPHYTUNER2, SBS_OTGHSPHYTUNER2_TXPREEMPAMPTUNE, PreemphasisCurrent);
1237:Drivers/STM32H5xx_HAL_Driver/Src/stm32h5xx_hal.c **** }
1238:Drivers/STM32H5xx_HAL_Driver/Src/stm32h5xx_hal.c **** 
1239:Drivers/STM32H5xx_HAL_Driver/Src/stm32h5xx_hal.c **** /**
1240:Drivers/STM32H5xx_HAL_Driver/Src/stm32h5xx_hal.c ****   * @brief  Get the current level for the preemphasis.
1241:Drivers/STM32H5xx_HAL_Driver/Src/stm32h5xx_hal.c ****   * @retval The returned value can be one of the following values:
1242:Drivers/STM32H5xx_HAL_Driver/Src/stm32h5xx_hal.c ****   *            @arg SBS_OTG_HS_PHY_PREEMP_DISABLED: HS transmitter preemphasis circuit disabled
1243:Drivers/STM32H5xx_HAL_Driver/Src/stm32h5xx_hal.c ****   *            @arg SBS_OTG_HS_PHY_PREEMP_1X: HS transmitter preemphasis circuit sources 1x preemph
1244:Drivers/STM32H5xx_HAL_Driver/Src/stm32h5xx_hal.c ****   *            @arg SBS_OTG_HS_PHY_PREEMP_2X: HS transmitter preemphasis circuit sources 2x preemph
1245:Drivers/STM32H5xx_HAL_Driver/Src/stm32h5xx_hal.c ****   *            @arg SBS_OTG_HS_PHY_PREEMP_3X: HS transmitter preemphasis circuit sources 3x preemph
1246:Drivers/STM32H5xx_HAL_Driver/Src/stm32h5xx_hal.c ****   */
1247:Drivers/STM32H5xx_HAL_Driver/Src/stm32h5xx_hal.c **** uint32_t HAL_SBS_GetOTGPHYPreemphasisCurrent(void)
1248:Drivers/STM32H5xx_HAL_Driver/Src/stm32h5xx_hal.c **** {
1249:Drivers/STM32H5xx_HAL_Driver/Src/stm32h5xx_hal.c ****   return (uint32_t)(READ_BIT(SBS->OTGHSPHYTUNER2, SBS_OTGHSPHYTUNER2_TXPREEMPAMPTUNE));
1250:Drivers/STM32H5xx_HAL_Driver/Src/stm32h5xx_hal.c **** }
1251:Drivers/STM32H5xx_HAL_Driver/Src/stm32h5xx_hal.c **** #endif /* SBS_OTGHSPHYTUNER2_TXPREEMPAMPTUNE */
1252:Drivers/STM32H5xx_HAL_Driver/Src/stm32h5xx_hal.c **** 
1253:Drivers/STM32H5xx_HAL_Driver/Src/stm32h5xx_hal.c **** /**
1254:Drivers/STM32H5xx_HAL_Driver/Src/stm32h5xx_hal.c ****   * @}
1255:Drivers/STM32H5xx_HAL_Driver/Src/stm32h5xx_hal.c ****   */
1256:Drivers/STM32H5xx_HAL_Driver/Src/stm32h5xx_hal.c **** 
1257:Drivers/STM32H5xx_HAL_Driver/Src/stm32h5xx_hal.c **** /** @defgroup HAL_Exported_Functions_Group9 HAL SBS lock management functions
1258:Drivers/STM32H5xx_HAL_Driver/Src/stm32h5xx_hal.c ****   *  @brief SBS lock management functions.
1259:Drivers/STM32H5xx_HAL_Driver/Src/stm32h5xx_hal.c ****   *
1260:Drivers/STM32H5xx_HAL_Driver/Src/stm32h5xx_hal.c **** @verbatim
1261:Drivers/STM32H5xx_HAL_Driver/Src/stm32h5xx_hal.c ****  ==================================================================================================
ARM GAS  /tmp/ccqyujhR.s 			page 58


1262:Drivers/STM32H5xx_HAL_Driver/Src/stm32h5xx_hal.c ****                                         ##### SBS lock functions #####
1263:Drivers/STM32H5xx_HAL_Driver/Src/stm32h5xx_hal.c ****  ==================================================================================================
1264:Drivers/STM32H5xx_HAL_Driver/Src/stm32h5xx_hal.c **** 
1265:Drivers/STM32H5xx_HAL_Driver/Src/stm32h5xx_hal.c **** @endverbatim
1266:Drivers/STM32H5xx_HAL_Driver/Src/stm32h5xx_hal.c ****   * @{
1267:Drivers/STM32H5xx_HAL_Driver/Src/stm32h5xx_hal.c ****   */
1268:Drivers/STM32H5xx_HAL_Driver/Src/stm32h5xx_hal.c **** 
1269:Drivers/STM32H5xx_HAL_Driver/Src/stm32h5xx_hal.c **** /**
1270:Drivers/STM32H5xx_HAL_Driver/Src/stm32h5xx_hal.c ****   * @brief  Lock the SBS item(s).
1271:Drivers/STM32H5xx_HAL_Driver/Src/stm32h5xx_hal.c ****   * @note   Setting lock(s) depends on privilege mode in secure/non-secure code
1272:Drivers/STM32H5xx_HAL_Driver/Src/stm32h5xx_hal.c ****   *         Lock(s) cleared only at system reset
1273:Drivers/STM32H5xx_HAL_Driver/Src/stm32h5xx_hal.c ****   * @param  Item Item(s) to set lock on.
1274:Drivers/STM32H5xx_HAL_Driver/Src/stm32h5xx_hal.c ****   *         This parameter can be a combination of @ref SBS_Lock_items
1275:Drivers/STM32H5xx_HAL_Driver/Src/stm32h5xx_hal.c ****   * @retval None
1276:Drivers/STM32H5xx_HAL_Driver/Src/stm32h5xx_hal.c ****   */
1277:Drivers/STM32H5xx_HAL_Driver/Src/stm32h5xx_hal.c **** void HAL_SBS_Lock(uint32_t Item)
1278:Drivers/STM32H5xx_HAL_Driver/Src/stm32h5xx_hal.c **** {
 2031              		.loc 1 1278 1 is_stmt 1 view -0
 2032              		.cfi_startproc
 2033              		@ args = 0, pretend = 0, frame = 0
 2034              		@ frame_needed = 0, uses_anonymous_args = 0
 2035              		@ link register save eliminated.
1279:Drivers/STM32H5xx_HAL_Driver/Src/stm32h5xx_hal.c ****   /* Check the parameters */
1280:Drivers/STM32H5xx_HAL_Driver/Src/stm32h5xx_hal.c ****   assert_param(IS_SBS_LOCK_ITEMS(Item));
 2036              		.loc 1 1280 3 view .LVU342
1281:Drivers/STM32H5xx_HAL_Driver/Src/stm32h5xx_hal.c **** 
1282:Drivers/STM32H5xx_HAL_Driver/Src/stm32h5xx_hal.c ****   /* Privilege secure/non-secure locks */
1283:Drivers/STM32H5xx_HAL_Driver/Src/stm32h5xx_hal.c ****   SBS->CNSLCKR = (0xFFFFU & Item);  /* non-secure lock item in 16 lowest bits */
 2037              		.loc 1 1283 3 view .LVU343
 2038              		.loc 1 1283 27 is_stmt 0 view .LVU344
 2039 0000 80B2     		uxth	r0, r0
 2040              	.LVL54:
 2041              		.loc 1 1283 16 view .LVU345
 2042 0002 024B     		ldr	r3, .L198
 2043 0004 C3F84401 		str	r0, [r3, #324]
1284:Drivers/STM32H5xx_HAL_Driver/Src/stm32h5xx_hal.c **** 
1285:Drivers/STM32H5xx_HAL_Driver/Src/stm32h5xx_hal.c **** #if defined (__ARM_FEATURE_CMSE) && (__ARM_FEATURE_CMSE == 3U)
1286:Drivers/STM32H5xx_HAL_Driver/Src/stm32h5xx_hal.c ****   /* Privilege secure only locks */
1287:Drivers/STM32H5xx_HAL_Driver/Src/stm32h5xx_hal.c ****   SBS->CSLCKR = ((0xFFFF0000U & Item) >> 16U);  /* Secure-only lock item in 16 highest bits */
1288:Drivers/STM32H5xx_HAL_Driver/Src/stm32h5xx_hal.c **** #endif /* __ARM_FEATURE_CMSE */
1289:Drivers/STM32H5xx_HAL_Driver/Src/stm32h5xx_hal.c **** }
 2044              		.loc 1 1289 1 view .LVU346
 2045 0008 7047     		bx	lr
 2046              	.L199:
 2047 000a 00BF     		.align	2
 2048              	.L198:
 2049 000c 00040044 		.word	1140851712
 2050              		.cfi_endproc
 2051              	.LFE215:
 2053              		.section	.text.HAL_SBS_GetLock,"ax",%progbits
 2054              		.align	1
 2055              		.global	HAL_SBS_GetLock
 2056              		.syntax unified
 2057              		.thumb
 2058              		.thumb_func
 2060              	HAL_SBS_GetLock:
 2061              	.LVL55:
ARM GAS  /tmp/ccqyujhR.s 			page 59


 2062              	.LFB216:
1290:Drivers/STM32H5xx_HAL_Driver/Src/stm32h5xx_hal.c **** 
1291:Drivers/STM32H5xx_HAL_Driver/Src/stm32h5xx_hal.c **** /**
1292:Drivers/STM32H5xx_HAL_Driver/Src/stm32h5xx_hal.c ****   * @brief  Get the lock state of SBS items.
1293:Drivers/STM32H5xx_HAL_Driver/Src/stm32h5xx_hal.c ****   * @note   Getting lock(s) depends on privilege mode in secure/non-secure code
1294:Drivers/STM32H5xx_HAL_Driver/Src/stm32h5xx_hal.c ****   * @param  pItem pointer to return locked items
1295:Drivers/STM32H5xx_HAL_Driver/Src/stm32h5xx_hal.c ****   *         the return value can be a combination of @ref SBS_Lock_items
1296:Drivers/STM32H5xx_HAL_Driver/Src/stm32h5xx_hal.c ****   * @retval HAL status
1297:Drivers/STM32H5xx_HAL_Driver/Src/stm32h5xx_hal.c ****   */
1298:Drivers/STM32H5xx_HAL_Driver/Src/stm32h5xx_hal.c **** HAL_StatusTypeDef HAL_SBS_GetLock(uint32_t *pItem)
1299:Drivers/STM32H5xx_HAL_Driver/Src/stm32h5xx_hal.c **** {
 2063              		.loc 1 1299 1 is_stmt 1 view -0
 2064              		.cfi_startproc
 2065              		@ args = 0, pretend = 0, frame = 0
 2066              		@ frame_needed = 0, uses_anonymous_args = 0
 2067              		@ link register save eliminated.
1300:Drivers/STM32H5xx_HAL_Driver/Src/stm32h5xx_hal.c ****   uint32_t tmp_lock;
 2068              		.loc 1 1300 3 view .LVU348
1301:Drivers/STM32H5xx_HAL_Driver/Src/stm32h5xx_hal.c **** 
1302:Drivers/STM32H5xx_HAL_Driver/Src/stm32h5xx_hal.c ****   /* Check null pointer */
1303:Drivers/STM32H5xx_HAL_Driver/Src/stm32h5xx_hal.c ****   if (pItem == NULL)
 2069              		.loc 1 1303 3 view .LVU349
 2070              		.loc 1 1303 6 is_stmt 0 view .LVU350
 2071 0000 28B1     		cbz	r0, .L202
1304:Drivers/STM32H5xx_HAL_Driver/Src/stm32h5xx_hal.c ****   {
1305:Drivers/STM32H5xx_HAL_Driver/Src/stm32h5xx_hal.c ****     return HAL_ERROR;
1306:Drivers/STM32H5xx_HAL_Driver/Src/stm32h5xx_hal.c ****   }
1307:Drivers/STM32H5xx_HAL_Driver/Src/stm32h5xx_hal.c **** 
1308:Drivers/STM32H5xx_HAL_Driver/Src/stm32h5xx_hal.c ****   /* Get the non-secure lock state */
1309:Drivers/STM32H5xx_HAL_Driver/Src/stm32h5xx_hal.c ****   tmp_lock = SBS->CNSLCKR;
 2072              		.loc 1 1309 3 is_stmt 1 view .LVU351
 2073              		.loc 1 1309 12 is_stmt 0 view .LVU352
 2074 0002 044A     		ldr	r2, .L203
 2075 0004 D2F84421 		ldr	r2, [r2, #324]
 2076              	.LVL56:
1310:Drivers/STM32H5xx_HAL_Driver/Src/stm32h5xx_hal.c **** 
1311:Drivers/STM32H5xx_HAL_Driver/Src/stm32h5xx_hal.c ****   /* Get the secure lock state in secure code */
1312:Drivers/STM32H5xx_HAL_Driver/Src/stm32h5xx_hal.c **** #if defined (__ARM_FEATURE_CMSE) && (__ARM_FEATURE_CMSE == 3U)
1313:Drivers/STM32H5xx_HAL_Driver/Src/stm32h5xx_hal.c ****   tmp_lock |= (SBS->CSLCKR << 16U);
1314:Drivers/STM32H5xx_HAL_Driver/Src/stm32h5xx_hal.c **** #endif /* __ARM_FEATURE_CMSE */
1315:Drivers/STM32H5xx_HAL_Driver/Src/stm32h5xx_hal.c **** 
1316:Drivers/STM32H5xx_HAL_Driver/Src/stm32h5xx_hal.c ****   /* Return overall lock status */
1317:Drivers/STM32H5xx_HAL_Driver/Src/stm32h5xx_hal.c ****   *pItem = tmp_lock;
 2077              		.loc 1 1317 3 is_stmt 1 view .LVU353
 2078              		.loc 1 1317 10 is_stmt 0 view .LVU354
 2079 0008 0260     		str	r2, [r0]
1318:Drivers/STM32H5xx_HAL_Driver/Src/stm32h5xx_hal.c **** 
1319:Drivers/STM32H5xx_HAL_Driver/Src/stm32h5xx_hal.c ****   return HAL_OK;
 2080              		.loc 1 1319 3 is_stmt 1 view .LVU355
 2081              		.loc 1 1319 10 is_stmt 0 view .LVU356
 2082 000a 0020     		movs	r0, #0
 2083              	.LVL57:
 2084              		.loc 1 1319 10 view .LVU357
 2085 000c 7047     		bx	lr
 2086              	.LVL58:
 2087              	.L202:
1305:Drivers/STM32H5xx_HAL_Driver/Src/stm32h5xx_hal.c ****   }
ARM GAS  /tmp/ccqyujhR.s 			page 60


 2088              		.loc 1 1305 12 view .LVU358
 2089 000e 0120     		movs	r0, #1
 2090              	.LVL59:
1320:Drivers/STM32H5xx_HAL_Driver/Src/stm32h5xx_hal.c **** }
 2091              		.loc 1 1320 1 view .LVU359
 2092 0010 7047     		bx	lr
 2093              	.L204:
 2094 0012 00BF     		.align	2
 2095              	.L203:
 2096 0014 00040044 		.word	1140851712
 2097              		.cfi_endproc
 2098              	.LFE216:
 2100              		.global	uwTickFreq
 2101              		.section	.data.uwTickFreq,"aw"
 2104              	uwTickFreq:
 2105 0000 01       		.byte	1
 2106              		.global	uwTickPrio
 2107              		.section	.data.uwTickPrio,"aw"
 2108              		.align	2
 2111              	uwTickPrio:
 2112 0000 10000000 		.word	16
 2113              		.global	uwTick
 2114              		.section	.bss.uwTick,"aw",%nobits
 2115              		.align	2
 2118              	uwTick:
 2119 0000 00000000 		.space	4
 2120              		.text
 2121              	.Letext0:
 2122              		.file 2 "Drivers/CMSIS/Device/ST/STM32H5xx/Include/stm32h533xx.h"
 2123              		.file 3 "/usr/lib/gcc/arm-none-eabi/13.2.1/include/stdint.h"
 2124              		.file 4 "Drivers/CMSIS/Include/core_cm33.h"
 2125              		.file 5 "Drivers/CMSIS/Device/ST/STM32H5xx/Include/system_stm32h5xx.h"
 2126              		.file 6 "Drivers/STM32H5xx_HAL_Driver/Inc/stm32h5xx_hal_def.h"
 2127              		.file 7 "Drivers/STM32H5xx_HAL_Driver/Inc/stm32h5xx_hal.h"
 2128              		.file 8 "Drivers/STM32H5xx_HAL_Driver/Inc/stm32h5xx_hal_cortex.h"
 2129              		.file 9 "Drivers/STM32H5xx_HAL_Driver/Inc/stm32h5xx_hal_rcc.h"
ARM GAS  /tmp/ccqyujhR.s 			page 61


DEFINED SYMBOLS
                            *ABS*:00000000 stm32h5xx_hal.c
     /tmp/ccqyujhR.s:22     .text.HAL_MspInit:00000000 $t
     /tmp/ccqyujhR.s:28     .text.HAL_MspInit:00000000 HAL_MspInit
     /tmp/ccqyujhR.s:41     .text.HAL_MspDeInit:00000000 $t
     /tmp/ccqyujhR.s:47     .text.HAL_MspDeInit:00000000 HAL_MspDeInit
     /tmp/ccqyujhR.s:60     .text.HAL_DeInit:00000000 $t
     /tmp/ccqyujhR.s:66     .text.HAL_DeInit:00000000 HAL_DeInit
     /tmp/ccqyujhR.s:128    .text.HAL_DeInit:0000003c $d
     /tmp/ccqyujhR.s:140    .text.HAL_InitTick:00000000 $t
     /tmp/ccqyujhR.s:146    .text.HAL_InitTick:00000000 HAL_InitTick
     /tmp/ccqyujhR.s:285    .text.HAL_InitTick:000000a0 $d
     /tmp/ccqyujhR.s:2104   .data.uwTickFreq:00000000 uwTickFreq
     /tmp/ccqyujhR.s:2111   .data.uwTickPrio:00000000 uwTickPrio
     /tmp/ccqyujhR.s:292    .text.HAL_Init:00000000 $t
     /tmp/ccqyujhR.s:298    .text.HAL_Init:00000000 HAL_Init
     /tmp/ccqyujhR.s:358    .text.HAL_Init:0000003c $d
     /tmp/ccqyujhR.s:365    .text.HAL_IncTick:00000000 $t
     /tmp/ccqyujhR.s:371    .text.HAL_IncTick:00000000 HAL_IncTick
     /tmp/ccqyujhR.s:392    .text.HAL_IncTick:00000010 $d
     /tmp/ccqyujhR.s:2118   .bss.uwTick:00000000 uwTick
     /tmp/ccqyujhR.s:398    .text.HAL_GetTick:00000000 $t
     /tmp/ccqyujhR.s:404    .text.HAL_GetTick:00000000 HAL_GetTick
     /tmp/ccqyujhR.s:420    .text.HAL_GetTick:00000008 $d
     /tmp/ccqyujhR.s:425    .text.HAL_GetTickPrio:00000000 $t
     /tmp/ccqyujhR.s:431    .text.HAL_GetTickPrio:00000000 HAL_GetTickPrio
     /tmp/ccqyujhR.s:446    .text.HAL_GetTickPrio:00000008 $d
     /tmp/ccqyujhR.s:451    .text.HAL_SetTickFreq:00000000 $t
     /tmp/ccqyujhR.s:457    .text.HAL_SetTickFreq:00000000 HAL_SetTickFreq
     /tmp/ccqyujhR.s:514    .text.HAL_SetTickFreq:00000024 $d
     /tmp/ccqyujhR.s:520    .text.HAL_GetTickFreq:00000000 $t
     /tmp/ccqyujhR.s:526    .text.HAL_GetTickFreq:00000000 HAL_GetTickFreq
     /tmp/ccqyujhR.s:541    .text.HAL_GetTickFreq:00000008 $d
     /tmp/ccqyujhR.s:546    .text.HAL_Delay:00000000 $t
     /tmp/ccqyujhR.s:552    .text.HAL_Delay:00000000 HAL_Delay
     /tmp/ccqyujhR.s:605    .text.HAL_Delay:00000024 $d
     /tmp/ccqyujhR.s:610    .text.HAL_SuspendTick:00000000 $t
     /tmp/ccqyujhR.s:616    .text.HAL_SuspendTick:00000000 HAL_SuspendTick
     /tmp/ccqyujhR.s:636    .text.HAL_ResumeTick:00000000 $t
     /tmp/ccqyujhR.s:642    .text.HAL_ResumeTick:00000000 HAL_ResumeTick
     /tmp/ccqyujhR.s:662    .text.HAL_GetHalVersion:00000000 $t
     /tmp/ccqyujhR.s:668    .text.HAL_GetHalVersion:00000000 HAL_GetHalVersion
     /tmp/ccqyujhR.s:683    .text.HAL_GetREVID:00000000 $t
     /tmp/ccqyujhR.s:689    .text.HAL_GetREVID:00000000 HAL_GetREVID
     /tmp/ccqyujhR.s:706    .text.HAL_GetREVID:00000008 $d
     /tmp/ccqyujhR.s:711    .text.HAL_GetDEVID:00000000 $t
     /tmp/ccqyujhR.s:717    .text.HAL_GetDEVID:00000000 HAL_GetDEVID
     /tmp/ccqyujhR.s:734    .text.HAL_GetDEVID:0000000c $d
     /tmp/ccqyujhR.s:739    .text.HAL_GetUIDw0:00000000 $t
     /tmp/ccqyujhR.s:745    .text.HAL_GetUIDw0:00000000 HAL_GetUIDw0
     /tmp/ccqyujhR.s:760    .text.HAL_GetUIDw0:00000008 $d
     /tmp/ccqyujhR.s:765    .text.HAL_GetUIDw1:00000000 $t
     /tmp/ccqyujhR.s:771    .text.HAL_GetUIDw1:00000000 HAL_GetUIDw1
     /tmp/ccqyujhR.s:786    .text.HAL_GetUIDw1:00000008 $d
     /tmp/ccqyujhR.s:791    .text.HAL_GetUIDw2:00000000 $t
     /tmp/ccqyujhR.s:797    .text.HAL_GetUIDw2:00000000 HAL_GetUIDw2
     /tmp/ccqyujhR.s:812    .text.HAL_GetUIDw2:00000008 $d
ARM GAS  /tmp/ccqyujhR.s 			page 62


     /tmp/ccqyujhR.s:817    .text.HAL_DBGMCU_EnableDBGStopMode:00000000 $t
     /tmp/ccqyujhR.s:823    .text.HAL_DBGMCU_EnableDBGStopMode:00000000 HAL_DBGMCU_EnableDBGStopMode
     /tmp/ccqyujhR.s:840    .text.HAL_DBGMCU_EnableDBGStopMode:0000000c $d
     /tmp/ccqyujhR.s:845    .text.HAL_DBGMCU_DisableDBGStopMode:00000000 $t
     /tmp/ccqyujhR.s:851    .text.HAL_DBGMCU_DisableDBGStopMode:00000000 HAL_DBGMCU_DisableDBGStopMode
     /tmp/ccqyujhR.s:868    .text.HAL_DBGMCU_DisableDBGStopMode:0000000c $d
     /tmp/ccqyujhR.s:873    .text.HAL_DBGMCU_EnableDBGStandbyMode:00000000 $t
     /tmp/ccqyujhR.s:879    .text.HAL_DBGMCU_EnableDBGStandbyMode:00000000 HAL_DBGMCU_EnableDBGStandbyMode
     /tmp/ccqyujhR.s:896    .text.HAL_DBGMCU_EnableDBGStandbyMode:0000000c $d
     /tmp/ccqyujhR.s:901    .text.HAL_DBGMCU_DisableDBGStandbyMode:00000000 $t
     /tmp/ccqyujhR.s:907    .text.HAL_DBGMCU_DisableDBGStandbyMode:00000000 HAL_DBGMCU_DisableDBGStandbyMode
     /tmp/ccqyujhR.s:924    .text.HAL_DBGMCU_DisableDBGStandbyMode:0000000c $d
     /tmp/ccqyujhR.s:929    .text.HAL_VREFBUF_VoltageScalingConfig:00000000 $t
     /tmp/ccqyujhR.s:935    .text.HAL_VREFBUF_VoltageScalingConfig:00000000 HAL_VREFBUF_VoltageScalingConfig
     /tmp/ccqyujhR.s:955    .text.HAL_VREFBUF_VoltageScalingConfig:00000010 $d
     /tmp/ccqyujhR.s:960    .text.HAL_VREFBUF_HighImpedanceConfig:00000000 $t
     /tmp/ccqyujhR.s:966    .text.HAL_VREFBUF_HighImpedanceConfig:00000000 HAL_VREFBUF_HighImpedanceConfig
     /tmp/ccqyujhR.s:986    .text.HAL_VREFBUF_HighImpedanceConfig:00000010 $d
     /tmp/ccqyujhR.s:991    .text.HAL_VREFBUF_TrimmingConfig:00000000 $t
     /tmp/ccqyujhR.s:997    .text.HAL_VREFBUF_TrimmingConfig:00000000 HAL_VREFBUF_TrimmingConfig
     /tmp/ccqyujhR.s:1017   .text.HAL_VREFBUF_TrimmingConfig:00000010 $d
     /tmp/ccqyujhR.s:1022   .text.HAL_EnableVREFBUF:00000000 $t
     /tmp/ccqyujhR.s:1028   .text.HAL_EnableVREFBUF:00000000 HAL_EnableVREFBUF
     /tmp/ccqyujhR.s:1083   .text.HAL_EnableVREFBUF:00000030 $d
     /tmp/ccqyujhR.s:1088   .text.HAL_DisableVREFBUF:00000000 $t
     /tmp/ccqyujhR.s:1094   .text.HAL_DisableVREFBUF:00000000 HAL_DisableVREFBUF
     /tmp/ccqyujhR.s:1111   .text.HAL_DisableVREFBUF:0000000c $d
     /tmp/ccqyujhR.s:1116   .text.HAL_SBS_EnableVddIO1CompensationCell:00000000 $t
     /tmp/ccqyujhR.s:1122   .text.HAL_SBS_EnableVddIO1CompensationCell:00000000 HAL_SBS_EnableVddIO1CompensationCell
     /tmp/ccqyujhR.s:1139   .text.HAL_SBS_EnableVddIO1CompensationCell:00000010 $d
     /tmp/ccqyujhR.s:1144   .text.HAL_SBS_DisableVddIO1CompensationCell:00000000 $t
     /tmp/ccqyujhR.s:1150   .text.HAL_SBS_DisableVddIO1CompensationCell:00000000 HAL_SBS_DisableVddIO1CompensationCell
     /tmp/ccqyujhR.s:1167   .text.HAL_SBS_DisableVddIO1CompensationCell:00000010 $d
     /tmp/ccqyujhR.s:1172   .text.HAL_SBS_EnableVddIO2CompensationCell:00000000 $t
     /tmp/ccqyujhR.s:1178   .text.HAL_SBS_EnableVddIO2CompensationCell:00000000 HAL_SBS_EnableVddIO2CompensationCell
     /tmp/ccqyujhR.s:1195   .text.HAL_SBS_EnableVddIO2CompensationCell:00000010 $d
     /tmp/ccqyujhR.s:1200   .text.HAL_SBS_DisableVddIO2CompensationCell:00000000 $t
     /tmp/ccqyujhR.s:1206   .text.HAL_SBS_DisableVddIO2CompensationCell:00000000 HAL_SBS_DisableVddIO2CompensationCell
     /tmp/ccqyujhR.s:1223   .text.HAL_SBS_DisableVddIO2CompensationCell:00000010 $d
     /tmp/ccqyujhR.s:1228   .text.HAL_SBS_VDDCompensationCodeSelect:00000000 $t
     /tmp/ccqyujhR.s:1234   .text.HAL_SBS_VDDCompensationCodeSelect:00000000 HAL_SBS_VDDCompensationCodeSelect
     /tmp/ccqyujhR.s:1254   .text.HAL_SBS_VDDCompensationCodeSelect:00000014 $d
     /tmp/ccqyujhR.s:1259   .text.HAL_SBS_VDDIOCompensationCodeSelect:00000000 $t
     /tmp/ccqyujhR.s:1265   .text.HAL_SBS_VDDIOCompensationCodeSelect:00000000 HAL_SBS_VDDIOCompensationCodeSelect
     /tmp/ccqyujhR.s:1285   .text.HAL_SBS_VDDIOCompensationCodeSelect:00000014 $d
     /tmp/ccqyujhR.s:1290   .text.HAL_SBS_GetVddIO1CompensationCellReadyFlag:00000000 $t
     /tmp/ccqyujhR.s:1296   .text.HAL_SBS_GetVddIO1CompensationCellReadyFlag:00000000 HAL_SBS_GetVddIO1CompensationCellReadyFlag
     /tmp/ccqyujhR.s:1318   .text.HAL_SBS_GetVddIO1CompensationCellReadyFlag:00000010 $d
     /tmp/ccqyujhR.s:1323   .text.HAL_SBS_GetVddIO2CompensationCellReadyFlag:00000000 $t
     /tmp/ccqyujhR.s:1329   .text.HAL_SBS_GetVddIO2CompensationCellReadyFlag:00000000 HAL_SBS_GetVddIO2CompensationCellReadyFlag
     /tmp/ccqyujhR.s:1351   .text.HAL_SBS_GetVddIO2CompensationCellReadyFlag:00000010 $d
     /tmp/ccqyujhR.s:1356   .text.HAL_SBS_VDDCompensationCodeConfig:00000000 $t
     /tmp/ccqyujhR.s:1362   .text.HAL_SBS_VDDCompensationCodeConfig:00000000 HAL_SBS_VDDCompensationCodeConfig
     /tmp/ccqyujhR.s:1386   .text.HAL_SBS_VDDCompensationCodeConfig:00000018 $d
     /tmp/ccqyujhR.s:1391   .text.HAL_SBS_VDDIOCompensationCodeConfig:00000000 $t
     /tmp/ccqyujhR.s:1397   .text.HAL_SBS_VDDIOCompensationCodeConfig:00000000 HAL_SBS_VDDIOCompensationCodeConfig
     /tmp/ccqyujhR.s:1422   .text.HAL_SBS_VDDIOCompensationCodeConfig:00000018 $d
ARM GAS  /tmp/ccqyujhR.s 			page 63


     /tmp/ccqyujhR.s:1427   .text.HAL_SBS_GetNMOSVddCompensationValue:00000000 $t
     /tmp/ccqyujhR.s:1433   .text.HAL_SBS_GetNMOSVddCompensationValue:00000000 HAL_SBS_GetNMOSVddCompensationValue
     /tmp/ccqyujhR.s:1450   .text.HAL_SBS_GetNMOSVddCompensationValue:0000000c $d
     /tmp/ccqyujhR.s:1455   .text.HAL_SBS_GetPMOSVddCompensationValue:00000000 $t
     /tmp/ccqyujhR.s:1461   .text.HAL_SBS_GetPMOSVddCompensationValue:00000000 HAL_SBS_GetPMOSVddCompensationValue
     /tmp/ccqyujhR.s:1478   .text.HAL_SBS_GetPMOSVddCompensationValue:0000000c $d
     /tmp/ccqyujhR.s:1483   .text.HAL_SBS_GetNMOSVddIO2CompensationValue:00000000 $t
     /tmp/ccqyujhR.s:1489   .text.HAL_SBS_GetNMOSVddIO2CompensationValue:00000000 HAL_SBS_GetNMOSVddIO2CompensationValue
     /tmp/ccqyujhR.s:1506   .text.HAL_SBS_GetNMOSVddIO2CompensationValue:0000000c $d
     /tmp/ccqyujhR.s:1511   .text.HAL_SBS_GetPMOSVddIO2CompensationValue:00000000 $t
     /tmp/ccqyujhR.s:1517   .text.HAL_SBS_GetPMOSVddIO2CompensationValue:00000000 HAL_SBS_GetPMOSVddIO2CompensationValue
     /tmp/ccqyujhR.s:1534   .text.HAL_SBS_GetPMOSVddIO2CompensationValue:0000000c $d
     /tmp/ccqyujhR.s:1539   .text.HAL_SBS_FLASH_DisableECCNMI:00000000 $t
     /tmp/ccqyujhR.s:1545   .text.HAL_SBS_FLASH_DisableECCNMI:00000000 HAL_SBS_FLASH_DisableECCNMI
     /tmp/ccqyujhR.s:1562   .text.HAL_SBS_FLASH_DisableECCNMI:00000010 $d
     /tmp/ccqyujhR.s:1567   .text.HAL_SBS_FLASH_EnableECCNMI:00000000 $t
     /tmp/ccqyujhR.s:1573   .text.HAL_SBS_FLASH_EnableECCNMI:00000000 HAL_SBS_FLASH_EnableECCNMI
     /tmp/ccqyujhR.s:1590   .text.HAL_SBS_FLASH_EnableECCNMI:00000010 $d
     /tmp/ccqyujhR.s:1595   .text.HAL_SBS_FLASH_ECCNMI_IsDisabled:00000000 $t
     /tmp/ccqyujhR.s:1601   .text.HAL_SBS_FLASH_ECCNMI_IsDisabled:00000000 HAL_SBS_FLASH_ECCNMI_IsDisabled
     /tmp/ccqyujhR.s:1623   .text.HAL_SBS_FLASH_ECCNMI_IsDisabled:00000010 $d
     /tmp/ccqyujhR.s:1628   .text.HAL_SBS_IncrementHDPLValue:00000000 $t
     /tmp/ccqyujhR.s:1634   .text.HAL_SBS_IncrementHDPLValue:00000000 HAL_SBS_IncrementHDPLValue
     /tmp/ccqyujhR.s:1652   .text.HAL_SBS_IncrementHDPLValue:00000010 $d
     /tmp/ccqyujhR.s:1657   .text.HAL_SBS_GetHDPLValue:00000000 $t
     /tmp/ccqyujhR.s:1663   .text.HAL_SBS_GetHDPLValue:00000000 HAL_SBS_GetHDPLValue
     /tmp/ccqyujhR.s:1680   .text.HAL_SBS_GetHDPLValue:00000008 $d
     /tmp/ccqyujhR.s:1685   .text.HAL_SBS_EPOCHSelection:00000000 $t
     /tmp/ccqyujhR.s:1691   .text.HAL_SBS_EPOCHSelection:00000000 HAL_SBS_EPOCHSelection
     /tmp/ccqyujhR.s:1711   .text.HAL_SBS_EPOCHSelection:00000014 $d
     /tmp/ccqyujhR.s:1716   .text.HAL_SBS_GetEPOCHSelection:00000000 $t
     /tmp/ccqyujhR.s:1722   .text.HAL_SBS_GetEPOCHSelection:00000000 HAL_SBS_GetEPOCHSelection
     /tmp/ccqyujhR.s:1739   .text.HAL_SBS_GetEPOCHSelection:0000000c $d
     /tmp/ccqyujhR.s:1744   .text.HAL_SBS_SetOBKHDPL:00000000 $t
     /tmp/ccqyujhR.s:1750   .text.HAL_SBS_SetOBKHDPL:00000000 HAL_SBS_SetOBKHDPL
     /tmp/ccqyujhR.s:1770   .text.HAL_SBS_SetOBKHDPL:00000010 $d
     /tmp/ccqyujhR.s:1775   .text.HAL_SBS_GetOBKHDPL:00000000 $t
     /tmp/ccqyujhR.s:1781   .text.HAL_SBS_GetOBKHDPL:00000000 HAL_SBS_GetOBKHDPL
     /tmp/ccqyujhR.s:1798   .text.HAL_SBS_GetOBKHDPL:0000000c $d
     /tmp/ccqyujhR.s:1803   .text.HAL_SBS_OpenAccessPort:00000000 $t
     /tmp/ccqyujhR.s:1809   .text.HAL_SBS_OpenAccessPort:00000000 HAL_SBS_OpenAccessPort
     /tmp/ccqyujhR.s:1827   .text.HAL_SBS_OpenAccessPort:00000010 $d
     /tmp/ccqyujhR.s:1832   .text.HAL_SBS_OpenDebug:00000000 $t
     /tmp/ccqyujhR.s:1838   .text.HAL_SBS_OpenDebug:00000000 HAL_SBS_OpenDebug
     /tmp/ccqyujhR.s:1856   .text.HAL_SBS_OpenDebug:00000010 $d
     /tmp/ccqyujhR.s:1861   .text.HAL_SBS_ConfigDebugLevel:00000000 $t
     /tmp/ccqyujhR.s:1867   .text.HAL_SBS_ConfigDebugLevel:00000000 HAL_SBS_ConfigDebugLevel
     /tmp/ccqyujhR.s:1902   .text.HAL_SBS_ConfigDebugLevel:0000001c $d
     /tmp/ccqyujhR.s:1907   .text.HAL_SBS_GetDebugLevel:00000000 $t
     /tmp/ccqyujhR.s:1913   .text.HAL_SBS_GetDebugLevel:00000000 HAL_SBS_GetDebugLevel
     /tmp/ccqyujhR.s:1930   .text.HAL_SBS_GetDebugLevel:0000000c $d
     /tmp/ccqyujhR.s:1935   .text.HAL_SBS_LockDebugConfig:00000000 $t
     /tmp/ccqyujhR.s:1941   .text.HAL_SBS_LockDebugConfig:00000000 HAL_SBS_LockDebugConfig
     /tmp/ccqyujhR.s:1959   .text.HAL_SBS_LockDebugConfig:00000010 $d
     /tmp/ccqyujhR.s:1964   .text.HAL_SBS_ConfigDebugSecurity:00000000 $t
     /tmp/ccqyujhR.s:1970   .text.HAL_SBS_ConfigDebugSecurity:00000000 HAL_SBS_ConfigDebugSecurity
     /tmp/ccqyujhR.s:1989   .text.HAL_SBS_ConfigDebugSecurity:00000010 $d
ARM GAS  /tmp/ccqyujhR.s 			page 64


     /tmp/ccqyujhR.s:1994   .text.HAL_SBS_GetDebugSecurity:00000000 $t
     /tmp/ccqyujhR.s:2000   .text.HAL_SBS_GetDebugSecurity:00000000 HAL_SBS_GetDebugSecurity
     /tmp/ccqyujhR.s:2017   .text.HAL_SBS_GetDebugSecurity:00000008 $d
     /tmp/ccqyujhR.s:2022   .text.HAL_SBS_Lock:00000000 $t
     /tmp/ccqyujhR.s:2028   .text.HAL_SBS_Lock:00000000 HAL_SBS_Lock
     /tmp/ccqyujhR.s:2049   .text.HAL_SBS_Lock:0000000c $d
     /tmp/ccqyujhR.s:2054   .text.HAL_SBS_GetLock:00000000 $t
     /tmp/ccqyujhR.s:2060   .text.HAL_SBS_GetLock:00000000 HAL_SBS_GetLock
     /tmp/ccqyujhR.s:2096   .text.HAL_SBS_GetLock:00000014 $d
     /tmp/ccqyujhR.s:2108   .data.uwTickPrio:00000000 $d
     /tmp/ccqyujhR.s:2115   .bss.uwTick:00000000 $d

UNDEFINED SYMBOLS
HAL_SYSTICK_Config
HAL_SYSTICK_GetCLKSourceConfig
HAL_NVIC_SetPriority
SystemCoreClock
HAL_NVIC_SetPriorityGrouping
HAL_RCC_GetSysClockFreq
HAL_SYSTICK_CLKSourceConfig
AHBPrescTable
