ARM GAS  /tmp/cc1KCPzC.s 			page 1


   1              		.cpu cortex-m33
   2              		.arch armv8-m.main
   3              		.fpu fpv5-sp-d16
   4              		.arch_extension dsp
   5              		.eabi_attribute 27, 1
   6              		.eabi_attribute 28, 1
   7              		.eabi_attribute 20, 1
   8              		.eabi_attribute 21, 1
   9              		.eabi_attribute 23, 3
  10              		.eabi_attribute 24, 1
  11              		.eabi_attribute 25, 1
  12              		.eabi_attribute 26, 1
  13              		.eabi_attribute 30, 1
  14              		.eabi_attribute 34, 1
  15              		.eabi_attribute 18, 4
  16              		.file	"stm32h5xx_hal_fdcan.c"
  17              		.text
  18              	.Ltext0:
  19              		.cfi_sections	.debug_frame
  20              		.file 1 "Drivers/STM32H5xx_HAL_Driver/Src/stm32h5xx_hal_fdcan.c"
  21              		.section	.text.FDCAN_CalcultateRamBlockAddresses,"ax",%progbits
  22              		.align	1
  23              		.syntax unified
  24              		.thumb
  25              		.thumb_func
  27              	FDCAN_CalcultateRamBlockAddresses:
  28              	.LVL0:
  29              	.LFB217:
   1:Drivers/STM32H5xx_HAL_Driver/Src/stm32h5xx_hal_fdcan.c **** /**
   2:Drivers/STM32H5xx_HAL_Driver/Src/stm32h5xx_hal_fdcan.c ****   ******************************************************************************
   3:Drivers/STM32H5xx_HAL_Driver/Src/stm32h5xx_hal_fdcan.c ****   * @file    stm32h5xx_hal_fdcan.c
   4:Drivers/STM32H5xx_HAL_Driver/Src/stm32h5xx_hal_fdcan.c ****   * @author  MCD Application Team
   5:Drivers/STM32H5xx_HAL_Driver/Src/stm32h5xx_hal_fdcan.c ****   * @brief   FDCAN HAL module driver.
   6:Drivers/STM32H5xx_HAL_Driver/Src/stm32h5xx_hal_fdcan.c ****   *          This file provides firmware functions to manage the following
   7:Drivers/STM32H5xx_HAL_Driver/Src/stm32h5xx_hal_fdcan.c ****   *          functionalities of the Flexible DataRate Controller Area Network
   8:Drivers/STM32H5xx_HAL_Driver/Src/stm32h5xx_hal_fdcan.c ****   *          (FDCAN) peripheral:
   9:Drivers/STM32H5xx_HAL_Driver/Src/stm32h5xx_hal_fdcan.c ****   *           + Initialization and de-initialization functions
  10:Drivers/STM32H5xx_HAL_Driver/Src/stm32h5xx_hal_fdcan.c ****   *           + IO operation functions
  11:Drivers/STM32H5xx_HAL_Driver/Src/stm32h5xx_hal_fdcan.c ****   *           + Peripheral Configuration and Control functions
  12:Drivers/STM32H5xx_HAL_Driver/Src/stm32h5xx_hal_fdcan.c ****   *           + Peripheral State and Error functions
  13:Drivers/STM32H5xx_HAL_Driver/Src/stm32h5xx_hal_fdcan.c ****   ******************************************************************************
  14:Drivers/STM32H5xx_HAL_Driver/Src/stm32h5xx_hal_fdcan.c ****   * @attention
  15:Drivers/STM32H5xx_HAL_Driver/Src/stm32h5xx_hal_fdcan.c ****   *
  16:Drivers/STM32H5xx_HAL_Driver/Src/stm32h5xx_hal_fdcan.c ****   * Copyright (c) 2023 STMicroelectronics.
  17:Drivers/STM32H5xx_HAL_Driver/Src/stm32h5xx_hal_fdcan.c ****   * All rights reserved.
  18:Drivers/STM32H5xx_HAL_Driver/Src/stm32h5xx_hal_fdcan.c ****   *
  19:Drivers/STM32H5xx_HAL_Driver/Src/stm32h5xx_hal_fdcan.c ****   * This software is licensed under terms that can be found in the LICENSE file
  20:Drivers/STM32H5xx_HAL_Driver/Src/stm32h5xx_hal_fdcan.c ****   * in the root directory of this software component.
  21:Drivers/STM32H5xx_HAL_Driver/Src/stm32h5xx_hal_fdcan.c ****   * If no LICENSE file comes with this software, it is provided AS-IS.
  22:Drivers/STM32H5xx_HAL_Driver/Src/stm32h5xx_hal_fdcan.c ****   *
  23:Drivers/STM32H5xx_HAL_Driver/Src/stm32h5xx_hal_fdcan.c ****   ******************************************************************************
  24:Drivers/STM32H5xx_HAL_Driver/Src/stm32h5xx_hal_fdcan.c ****   @verbatim
  25:Drivers/STM32H5xx_HAL_Driver/Src/stm32h5xx_hal_fdcan.c ****   ==============================================================================
  26:Drivers/STM32H5xx_HAL_Driver/Src/stm32h5xx_hal_fdcan.c ****                         ##### How to use this driver #####
  27:Drivers/STM32H5xx_HAL_Driver/Src/stm32h5xx_hal_fdcan.c ****   ==============================================================================
  28:Drivers/STM32H5xx_HAL_Driver/Src/stm32h5xx_hal_fdcan.c ****     [..]
  29:Drivers/STM32H5xx_HAL_Driver/Src/stm32h5xx_hal_fdcan.c ****       (#) Initialize the FDCAN peripheral using HAL_FDCAN_Init function.
ARM GAS  /tmp/cc1KCPzC.s 			page 2


  30:Drivers/STM32H5xx_HAL_Driver/Src/stm32h5xx_hal_fdcan.c **** 
  31:Drivers/STM32H5xx_HAL_Driver/Src/stm32h5xx_hal_fdcan.c ****       (#) If needed , configure the reception filters and optional features using
  32:Drivers/STM32H5xx_HAL_Driver/Src/stm32h5xx_hal_fdcan.c ****           the following configuration functions:
  33:Drivers/STM32H5xx_HAL_Driver/Src/stm32h5xx_hal_fdcan.c ****             (++) HAL_FDCAN_ConfigFilter
  34:Drivers/STM32H5xx_HAL_Driver/Src/stm32h5xx_hal_fdcan.c ****             (++) HAL_FDCAN_ConfigGlobalFilter
  35:Drivers/STM32H5xx_HAL_Driver/Src/stm32h5xx_hal_fdcan.c ****             (++) HAL_FDCAN_ConfigExtendedIdMask
  36:Drivers/STM32H5xx_HAL_Driver/Src/stm32h5xx_hal_fdcan.c ****             (++) HAL_FDCAN_ConfigRxFifoOverwrite
  37:Drivers/STM32H5xx_HAL_Driver/Src/stm32h5xx_hal_fdcan.c ****             (++) HAL_FDCAN_ConfigRamWatchdog
  38:Drivers/STM32H5xx_HAL_Driver/Src/stm32h5xx_hal_fdcan.c ****             (++) HAL_FDCAN_ConfigTimestampCounter
  39:Drivers/STM32H5xx_HAL_Driver/Src/stm32h5xx_hal_fdcan.c ****             (++) HAL_FDCAN_EnableTimestampCounter
  40:Drivers/STM32H5xx_HAL_Driver/Src/stm32h5xx_hal_fdcan.c ****             (++) HAL_FDCAN_DisableTimestampCounter
  41:Drivers/STM32H5xx_HAL_Driver/Src/stm32h5xx_hal_fdcan.c ****             (++) HAL_FDCAN_ConfigTimeoutCounter
  42:Drivers/STM32H5xx_HAL_Driver/Src/stm32h5xx_hal_fdcan.c ****             (++) HAL_FDCAN_EnableTimeoutCounter
  43:Drivers/STM32H5xx_HAL_Driver/Src/stm32h5xx_hal_fdcan.c ****             (++) HAL_FDCAN_DisableTimeoutCounter
  44:Drivers/STM32H5xx_HAL_Driver/Src/stm32h5xx_hal_fdcan.c ****             (++) HAL_FDCAN_ConfigTxDelayCompensation
  45:Drivers/STM32H5xx_HAL_Driver/Src/stm32h5xx_hal_fdcan.c ****             (++) HAL_FDCAN_EnableTxDelayCompensation
  46:Drivers/STM32H5xx_HAL_Driver/Src/stm32h5xx_hal_fdcan.c ****             (++) HAL_FDCAN_DisableTxDelayCompensation
  47:Drivers/STM32H5xx_HAL_Driver/Src/stm32h5xx_hal_fdcan.c ****             (++) HAL_FDCAN_EnableISOMode
  48:Drivers/STM32H5xx_HAL_Driver/Src/stm32h5xx_hal_fdcan.c ****             (++) HAL_FDCAN_DisableISOMode
  49:Drivers/STM32H5xx_HAL_Driver/Src/stm32h5xx_hal_fdcan.c ****             (++) HAL_FDCAN_EnableEdgeFiltering
  50:Drivers/STM32H5xx_HAL_Driver/Src/stm32h5xx_hal_fdcan.c ****             (++) HAL_FDCAN_DisableEdgeFiltering
  51:Drivers/STM32H5xx_HAL_Driver/Src/stm32h5xx_hal_fdcan.c **** 
  52:Drivers/STM32H5xx_HAL_Driver/Src/stm32h5xx_hal_fdcan.c ****       (#) Start the FDCAN module using HAL_FDCAN_Start function. At this level
  53:Drivers/STM32H5xx_HAL_Driver/Src/stm32h5xx_hal_fdcan.c ****           the node is active on the bus: it can send and receive messages.
  54:Drivers/STM32H5xx_HAL_Driver/Src/stm32h5xx_hal_fdcan.c **** 
  55:Drivers/STM32H5xx_HAL_Driver/Src/stm32h5xx_hal_fdcan.c ****       (#) The following Tx control functions can only be called when the FDCAN
  56:Drivers/STM32H5xx_HAL_Driver/Src/stm32h5xx_hal_fdcan.c ****           module is started:
  57:Drivers/STM32H5xx_HAL_Driver/Src/stm32h5xx_hal_fdcan.c ****             (++) HAL_FDCAN_AddMessageToTxFifoQ
  58:Drivers/STM32H5xx_HAL_Driver/Src/stm32h5xx_hal_fdcan.c ****             (++) HAL_FDCAN_AbortTxRequest
  59:Drivers/STM32H5xx_HAL_Driver/Src/stm32h5xx_hal_fdcan.c **** 
  60:Drivers/STM32H5xx_HAL_Driver/Src/stm32h5xx_hal_fdcan.c ****       (#) After having submitted a Tx request in Tx Fifo or Queue, it is possible to
  61:Drivers/STM32H5xx_HAL_Driver/Src/stm32h5xx_hal_fdcan.c ****           get Tx buffer location used to place the Tx request thanks to
  62:Drivers/STM32H5xx_HAL_Driver/Src/stm32h5xx_hal_fdcan.c ****           HAL_FDCAN_GetLatestTxFifoQRequestBuffer API.
  63:Drivers/STM32H5xx_HAL_Driver/Src/stm32h5xx_hal_fdcan.c ****           It is then possible to abort later on the corresponding Tx Request using
  64:Drivers/STM32H5xx_HAL_Driver/Src/stm32h5xx_hal_fdcan.c ****           HAL_FDCAN_AbortTxRequest API.
  65:Drivers/STM32H5xx_HAL_Driver/Src/stm32h5xx_hal_fdcan.c **** 
  66:Drivers/STM32H5xx_HAL_Driver/Src/stm32h5xx_hal_fdcan.c ****       (#) When a message is received into the FDCAN message RAM, it can be
  67:Drivers/STM32H5xx_HAL_Driver/Src/stm32h5xx_hal_fdcan.c ****           retrieved using the HAL_FDCAN_GetRxMessage function.
  68:Drivers/STM32H5xx_HAL_Driver/Src/stm32h5xx_hal_fdcan.c **** 
  69:Drivers/STM32H5xx_HAL_Driver/Src/stm32h5xx_hal_fdcan.c ****       (#) Calling the HAL_FDCAN_Stop function stops the FDCAN module by entering
  70:Drivers/STM32H5xx_HAL_Driver/Src/stm32h5xx_hal_fdcan.c ****           it to initialization mode and re-enabling access to configuration
  71:Drivers/STM32H5xx_HAL_Driver/Src/stm32h5xx_hal_fdcan.c ****           registers through the configuration functions listed here above.
  72:Drivers/STM32H5xx_HAL_Driver/Src/stm32h5xx_hal_fdcan.c **** 
  73:Drivers/STM32H5xx_HAL_Driver/Src/stm32h5xx_hal_fdcan.c ****       (#) All other control functions can be called any time after initialization
  74:Drivers/STM32H5xx_HAL_Driver/Src/stm32h5xx_hal_fdcan.c ****           phase, no matter if the FDCAN module is started or stopped.
  75:Drivers/STM32H5xx_HAL_Driver/Src/stm32h5xx_hal_fdcan.c **** 
  76:Drivers/STM32H5xx_HAL_Driver/Src/stm32h5xx_hal_fdcan.c ****       *** Polling mode operation ***
  77:Drivers/STM32H5xx_HAL_Driver/Src/stm32h5xx_hal_fdcan.c ****       ==============================
  78:Drivers/STM32H5xx_HAL_Driver/Src/stm32h5xx_hal_fdcan.c ****     [..]
  79:Drivers/STM32H5xx_HAL_Driver/Src/stm32h5xx_hal_fdcan.c ****         (#) Reception and transmission states can be monitored via the following
  80:Drivers/STM32H5xx_HAL_Driver/Src/stm32h5xx_hal_fdcan.c ****             functions:
  81:Drivers/STM32H5xx_HAL_Driver/Src/stm32h5xx_hal_fdcan.c ****               (++) HAL_FDCAN_IsTxBufferMessagePending
  82:Drivers/STM32H5xx_HAL_Driver/Src/stm32h5xx_hal_fdcan.c ****               (++) HAL_FDCAN_GetRxFifoFillLevel
  83:Drivers/STM32H5xx_HAL_Driver/Src/stm32h5xx_hal_fdcan.c ****               (++) HAL_FDCAN_GetTxFifoFreeLevel
  84:Drivers/STM32H5xx_HAL_Driver/Src/stm32h5xx_hal_fdcan.c **** 
  85:Drivers/STM32H5xx_HAL_Driver/Src/stm32h5xx_hal_fdcan.c ****       *** Interrupt mode operation ***
  86:Drivers/STM32H5xx_HAL_Driver/Src/stm32h5xx_hal_fdcan.c ****       ================================
ARM GAS  /tmp/cc1KCPzC.s 			page 3


  87:Drivers/STM32H5xx_HAL_Driver/Src/stm32h5xx_hal_fdcan.c ****       [..]
  88:Drivers/STM32H5xx_HAL_Driver/Src/stm32h5xx_hal_fdcan.c ****         (#) There are two interrupt lines: line 0 and 1.
  89:Drivers/STM32H5xx_HAL_Driver/Src/stm32h5xx_hal_fdcan.c ****             By default, all interrupts are assigned to line 0. Interrupt lines
  90:Drivers/STM32H5xx_HAL_Driver/Src/stm32h5xx_hal_fdcan.c ****             can be configured using HAL_FDCAN_ConfigInterruptLines function.
  91:Drivers/STM32H5xx_HAL_Driver/Src/stm32h5xx_hal_fdcan.c **** 
  92:Drivers/STM32H5xx_HAL_Driver/Src/stm32h5xx_hal_fdcan.c ****         (#) Notifications are activated using HAL_FDCAN_ActivateNotification
  93:Drivers/STM32H5xx_HAL_Driver/Src/stm32h5xx_hal_fdcan.c ****             function. Then, the process can be controlled through one of the
  94:Drivers/STM32H5xx_HAL_Driver/Src/stm32h5xx_hal_fdcan.c ****             available user callbacks: HAL_FDCAN_xxxCallback.
  95:Drivers/STM32H5xx_HAL_Driver/Src/stm32h5xx_hal_fdcan.c **** 
  96:Drivers/STM32H5xx_HAL_Driver/Src/stm32h5xx_hal_fdcan.c ****   *** Callback registration ***
  97:Drivers/STM32H5xx_HAL_Driver/Src/stm32h5xx_hal_fdcan.c ****   =============================================
  98:Drivers/STM32H5xx_HAL_Driver/Src/stm32h5xx_hal_fdcan.c **** 
  99:Drivers/STM32H5xx_HAL_Driver/Src/stm32h5xx_hal_fdcan.c ****   The compilation define USE_HAL_FDCAN_REGISTER_CALLBACKS when set to 1
 100:Drivers/STM32H5xx_HAL_Driver/Src/stm32h5xx_hal_fdcan.c ****   allows the user to configure dynamically the driver callbacks.
 101:Drivers/STM32H5xx_HAL_Driver/Src/stm32h5xx_hal_fdcan.c ****   Use Function HAL_FDCAN_RegisterCallback() or HAL_FDCAN_RegisterXXXCallback()
 102:Drivers/STM32H5xx_HAL_Driver/Src/stm32h5xx_hal_fdcan.c ****   to register an interrupt callback.
 103:Drivers/STM32H5xx_HAL_Driver/Src/stm32h5xx_hal_fdcan.c **** 
 104:Drivers/STM32H5xx_HAL_Driver/Src/stm32h5xx_hal_fdcan.c ****   Function HAL_FDCAN_RegisterCallback() allows to register following callbacks:
 105:Drivers/STM32H5xx_HAL_Driver/Src/stm32h5xx_hal_fdcan.c ****     (+) TxFifoEmptyCallback          : Tx Fifo Empty Callback.
 106:Drivers/STM32H5xx_HAL_Driver/Src/stm32h5xx_hal_fdcan.c ****     (+) HighPriorityMessageCallback  : High Priority Message Callback.
 107:Drivers/STM32H5xx_HAL_Driver/Src/stm32h5xx_hal_fdcan.c ****     (+) TimestampWraparoundCallback  : Timestamp Wraparound Callback.
 108:Drivers/STM32H5xx_HAL_Driver/Src/stm32h5xx_hal_fdcan.c ****     (+) TimeoutOccurredCallback      : Timeout Occurred Callback.
 109:Drivers/STM32H5xx_HAL_Driver/Src/stm32h5xx_hal_fdcan.c ****     (+) ErrorCallback                : Error Callback.
 110:Drivers/STM32H5xx_HAL_Driver/Src/stm32h5xx_hal_fdcan.c ****     (+) MspInitCallback              : FDCAN MspInit.
 111:Drivers/STM32H5xx_HAL_Driver/Src/stm32h5xx_hal_fdcan.c ****     (+) MspDeInitCallback            : FDCAN MspDeInit.
 112:Drivers/STM32H5xx_HAL_Driver/Src/stm32h5xx_hal_fdcan.c ****   This function takes as parameters the HAL peripheral handle, the Callback ID
 113:Drivers/STM32H5xx_HAL_Driver/Src/stm32h5xx_hal_fdcan.c ****   and a pointer to the user callback function.
 114:Drivers/STM32H5xx_HAL_Driver/Src/stm32h5xx_hal_fdcan.c **** 
 115:Drivers/STM32H5xx_HAL_Driver/Src/stm32h5xx_hal_fdcan.c ****   For specific callbacks TxEventFifoCallback, RxFifo0Callback, RxFifo1Callback,
 116:Drivers/STM32H5xx_HAL_Driver/Src/stm32h5xx_hal_fdcan.c ****   TxBufferCompleteCallback, TxBufferAbortCallback and ErrorStatusCallback use dedicated
 117:Drivers/STM32H5xx_HAL_Driver/Src/stm32h5xx_hal_fdcan.c ****   register callbacks: respectively HAL_FDCAN_RegisterTxEventFifoCallback(),
 118:Drivers/STM32H5xx_HAL_Driver/Src/stm32h5xx_hal_fdcan.c ****   HAL_FDCAN_RegisterRxFifo0Callback(), HAL_FDCAN_RegisterRxFifo1Callback(),
 119:Drivers/STM32H5xx_HAL_Driver/Src/stm32h5xx_hal_fdcan.c ****   HAL_FDCAN_RegisterTxBufferCompleteCallback(), HAL_FDCAN_RegisterTxBufferAbortCallback()
 120:Drivers/STM32H5xx_HAL_Driver/Src/stm32h5xx_hal_fdcan.c ****   and HAL_FDCAN_RegisterErrorStatusCallback().
 121:Drivers/STM32H5xx_HAL_Driver/Src/stm32h5xx_hal_fdcan.c **** 
 122:Drivers/STM32H5xx_HAL_Driver/Src/stm32h5xx_hal_fdcan.c ****   Use function HAL_FDCAN_UnRegisterCallback() to reset a callback to the default
 123:Drivers/STM32H5xx_HAL_Driver/Src/stm32h5xx_hal_fdcan.c ****   weak function.
 124:Drivers/STM32H5xx_HAL_Driver/Src/stm32h5xx_hal_fdcan.c ****   HAL_FDCAN_UnRegisterCallback takes as parameters the HAL peripheral handle,
 125:Drivers/STM32H5xx_HAL_Driver/Src/stm32h5xx_hal_fdcan.c ****   and the Callback ID.
 126:Drivers/STM32H5xx_HAL_Driver/Src/stm32h5xx_hal_fdcan.c ****   This function allows to reset following callbacks:
 127:Drivers/STM32H5xx_HAL_Driver/Src/stm32h5xx_hal_fdcan.c ****     (+) TxFifoEmptyCallback          : Tx Fifo Empty Callback.
 128:Drivers/STM32H5xx_HAL_Driver/Src/stm32h5xx_hal_fdcan.c ****     (+) HighPriorityMessageCallback  : High Priority Message Callback.
 129:Drivers/STM32H5xx_HAL_Driver/Src/stm32h5xx_hal_fdcan.c ****     (+) TimestampWraparoundCallback  : Timestamp Wraparound Callback.
 130:Drivers/STM32H5xx_HAL_Driver/Src/stm32h5xx_hal_fdcan.c ****     (+) TimeoutOccurredCallback      : Timeout Occurred Callback.
 131:Drivers/STM32H5xx_HAL_Driver/Src/stm32h5xx_hal_fdcan.c ****     (+) ErrorCallback                : Error Callback.
 132:Drivers/STM32H5xx_HAL_Driver/Src/stm32h5xx_hal_fdcan.c ****     (+) MspInitCallback              : FDCAN MspInit.
 133:Drivers/STM32H5xx_HAL_Driver/Src/stm32h5xx_hal_fdcan.c ****     (+) MspDeInitCallback            : FDCAN MspDeInit.
 134:Drivers/STM32H5xx_HAL_Driver/Src/stm32h5xx_hal_fdcan.c **** 
 135:Drivers/STM32H5xx_HAL_Driver/Src/stm32h5xx_hal_fdcan.c ****   For specific callbacks TxEventFifoCallback, RxFifo0Callback, RxFifo1Callback,
 136:Drivers/STM32H5xx_HAL_Driver/Src/stm32h5xx_hal_fdcan.c ****   TxBufferCompleteCallback and TxBufferAbortCallback, use dedicated
 137:Drivers/STM32H5xx_HAL_Driver/Src/stm32h5xx_hal_fdcan.c ****   unregister callbacks: respectively HAL_FDCAN_UnRegisterTxEventFifoCallback(),
 138:Drivers/STM32H5xx_HAL_Driver/Src/stm32h5xx_hal_fdcan.c ****   HAL_FDCAN_UnRegisterRxFifo0Callback(), HAL_FDCAN_UnRegisterRxFifo1Callback(),
 139:Drivers/STM32H5xx_HAL_Driver/Src/stm32h5xx_hal_fdcan.c ****   HAL_FDCAN_UnRegisterTxBufferCompleteCallback(), HAL_FDCAN_UnRegisterTxBufferAbortCallback()
 140:Drivers/STM32H5xx_HAL_Driver/Src/stm32h5xx_hal_fdcan.c ****   and HAL_FDCAN_UnRegisterErrorStatusCallback().
 141:Drivers/STM32H5xx_HAL_Driver/Src/stm32h5xx_hal_fdcan.c **** 
 142:Drivers/STM32H5xx_HAL_Driver/Src/stm32h5xx_hal_fdcan.c ****   By default, after the HAL_FDCAN_Init() and when the state is HAL_FDCAN_STATE_RESET,
 143:Drivers/STM32H5xx_HAL_Driver/Src/stm32h5xx_hal_fdcan.c ****   all callbacks are set to the corresponding weak functions:
ARM GAS  /tmp/cc1KCPzC.s 			page 4


 144:Drivers/STM32H5xx_HAL_Driver/Src/stm32h5xx_hal_fdcan.c ****   examples HAL_FDCAN_ErrorCallback().
 145:Drivers/STM32H5xx_HAL_Driver/Src/stm32h5xx_hal_fdcan.c ****   Exception done for MspInit and MspDeInit functions that are
 146:Drivers/STM32H5xx_HAL_Driver/Src/stm32h5xx_hal_fdcan.c ****   reset to the legacy weak function in the HAL_FDCAN_Init()/ HAL_FDCAN_DeInit() only when
 147:Drivers/STM32H5xx_HAL_Driver/Src/stm32h5xx_hal_fdcan.c ****   these callbacks are null (not registered beforehand).
 148:Drivers/STM32H5xx_HAL_Driver/Src/stm32h5xx_hal_fdcan.c ****   if not, MspInit or MspDeInit are not null, the HAL_FDCAN_Init()/ HAL_FDCAN_DeInit()
 149:Drivers/STM32H5xx_HAL_Driver/Src/stm32h5xx_hal_fdcan.c ****   keep and use the user MspInit/MspDeInit callbacks (registered beforehand)
 150:Drivers/STM32H5xx_HAL_Driver/Src/stm32h5xx_hal_fdcan.c **** 
 151:Drivers/STM32H5xx_HAL_Driver/Src/stm32h5xx_hal_fdcan.c ****   Callbacks can be registered/unregistered in HAL_FDCAN_STATE_READY state only.
 152:Drivers/STM32H5xx_HAL_Driver/Src/stm32h5xx_hal_fdcan.c ****   Exception done MspInit/MspDeInit that can be registered/unregistered
 153:Drivers/STM32H5xx_HAL_Driver/Src/stm32h5xx_hal_fdcan.c ****   in HAL_FDCAN_STATE_READY or HAL_FDCAN_STATE_RESET state,
 154:Drivers/STM32H5xx_HAL_Driver/Src/stm32h5xx_hal_fdcan.c ****   thus registered (user) MspInit/DeInit callbacks can be used during the Init/DeInit.
 155:Drivers/STM32H5xx_HAL_Driver/Src/stm32h5xx_hal_fdcan.c ****   In that case first register the MspInit/MspDeInit user callbacks
 156:Drivers/STM32H5xx_HAL_Driver/Src/stm32h5xx_hal_fdcan.c ****   using HAL_FDCAN_RegisterCallback() before calling HAL_FDCAN_DeInit()
 157:Drivers/STM32H5xx_HAL_Driver/Src/stm32h5xx_hal_fdcan.c ****   or HAL_FDCAN_Init() function.
 158:Drivers/STM32H5xx_HAL_Driver/Src/stm32h5xx_hal_fdcan.c **** 
 159:Drivers/STM32H5xx_HAL_Driver/Src/stm32h5xx_hal_fdcan.c ****   When The compilation define USE_HAL_FDCAN_REGISTER_CALLBACKS is set to 0 or
 160:Drivers/STM32H5xx_HAL_Driver/Src/stm32h5xx_hal_fdcan.c ****   not defined, the callback registration feature is not available and all callbacks
 161:Drivers/STM32H5xx_HAL_Driver/Src/stm32h5xx_hal_fdcan.c ****   are set to the corresponding weak functions.
 162:Drivers/STM32H5xx_HAL_Driver/Src/stm32h5xx_hal_fdcan.c **** 
 163:Drivers/STM32H5xx_HAL_Driver/Src/stm32h5xx_hal_fdcan.c ****   @endverbatim
 164:Drivers/STM32H5xx_HAL_Driver/Src/stm32h5xx_hal_fdcan.c ****   ******************************************************************************
 165:Drivers/STM32H5xx_HAL_Driver/Src/stm32h5xx_hal_fdcan.c ****   */
 166:Drivers/STM32H5xx_HAL_Driver/Src/stm32h5xx_hal_fdcan.c **** 
 167:Drivers/STM32H5xx_HAL_Driver/Src/stm32h5xx_hal_fdcan.c **** /* Includes ------------------------------------------------------------------*/
 168:Drivers/STM32H5xx_HAL_Driver/Src/stm32h5xx_hal_fdcan.c **** #include "stm32h5xx_hal.h"
 169:Drivers/STM32H5xx_HAL_Driver/Src/stm32h5xx_hal_fdcan.c **** 
 170:Drivers/STM32H5xx_HAL_Driver/Src/stm32h5xx_hal_fdcan.c **** #if defined(FDCAN1)
 171:Drivers/STM32H5xx_HAL_Driver/Src/stm32h5xx_hal_fdcan.c **** 
 172:Drivers/STM32H5xx_HAL_Driver/Src/stm32h5xx_hal_fdcan.c **** /** @addtogroup STM32H5xx_HAL_Driver
 173:Drivers/STM32H5xx_HAL_Driver/Src/stm32h5xx_hal_fdcan.c ****   * @{
 174:Drivers/STM32H5xx_HAL_Driver/Src/stm32h5xx_hal_fdcan.c ****   */
 175:Drivers/STM32H5xx_HAL_Driver/Src/stm32h5xx_hal_fdcan.c **** 
 176:Drivers/STM32H5xx_HAL_Driver/Src/stm32h5xx_hal_fdcan.c **** /** @defgroup FDCAN FDCAN
 177:Drivers/STM32H5xx_HAL_Driver/Src/stm32h5xx_hal_fdcan.c ****   * @brief FDCAN HAL module driver
 178:Drivers/STM32H5xx_HAL_Driver/Src/stm32h5xx_hal_fdcan.c ****   * @{
 179:Drivers/STM32H5xx_HAL_Driver/Src/stm32h5xx_hal_fdcan.c ****   */
 180:Drivers/STM32H5xx_HAL_Driver/Src/stm32h5xx_hal_fdcan.c **** 
 181:Drivers/STM32H5xx_HAL_Driver/Src/stm32h5xx_hal_fdcan.c **** #ifdef HAL_FDCAN_MODULE_ENABLED
 182:Drivers/STM32H5xx_HAL_Driver/Src/stm32h5xx_hal_fdcan.c **** 
 183:Drivers/STM32H5xx_HAL_Driver/Src/stm32h5xx_hal_fdcan.c **** /* Private typedef -----------------------------------------------------------*/
 184:Drivers/STM32H5xx_HAL_Driver/Src/stm32h5xx_hal_fdcan.c **** /* Private define ------------------------------------------------------------*/
 185:Drivers/STM32H5xx_HAL_Driver/Src/stm32h5xx_hal_fdcan.c **** /** @addtogroup FDCAN_Private_Constants
 186:Drivers/STM32H5xx_HAL_Driver/Src/stm32h5xx_hal_fdcan.c ****   * @{
 187:Drivers/STM32H5xx_HAL_Driver/Src/stm32h5xx_hal_fdcan.c ****   */
 188:Drivers/STM32H5xx_HAL_Driver/Src/stm32h5xx_hal_fdcan.c **** #define FDCAN_TIMEOUT_VALUE 10U
 189:Drivers/STM32H5xx_HAL_Driver/Src/stm32h5xx_hal_fdcan.c **** 
 190:Drivers/STM32H5xx_HAL_Driver/Src/stm32h5xx_hal_fdcan.c **** #define FDCAN_TX_EVENT_FIFO_MASK (FDCAN_IR_TEFL | FDCAN_IR_TEFF | FDCAN_IR_TEFN)
 191:Drivers/STM32H5xx_HAL_Driver/Src/stm32h5xx_hal_fdcan.c **** #define FDCAN_RX_FIFO0_MASK (FDCAN_IR_RF0L | FDCAN_IR_RF0F | FDCAN_IR_RF0N)
 192:Drivers/STM32H5xx_HAL_Driver/Src/stm32h5xx_hal_fdcan.c **** #define FDCAN_RX_FIFO1_MASK (FDCAN_IR_RF1L | FDCAN_IR_RF1F | FDCAN_IR_RF1N)
 193:Drivers/STM32H5xx_HAL_Driver/Src/stm32h5xx_hal_fdcan.c **** #define FDCAN_ERROR_MASK (FDCAN_IR_ELO | FDCAN_IR_WDI | FDCAN_IR_PEA | FDCAN_IR_PED | FDCAN_IR_ARA)
 194:Drivers/STM32H5xx_HAL_Driver/Src/stm32h5xx_hal_fdcan.c **** #define FDCAN_ERROR_STATUS_MASK (FDCAN_IR_EP | FDCAN_IR_EW | FDCAN_IR_BO)
 195:Drivers/STM32H5xx_HAL_Driver/Src/stm32h5xx_hal_fdcan.c **** 
 196:Drivers/STM32H5xx_HAL_Driver/Src/stm32h5xx_hal_fdcan.c **** #define FDCAN_ELEMENT_MASK_STDID ((uint32_t)0x1FFC0000U) /* Standard Identifier         */
 197:Drivers/STM32H5xx_HAL_Driver/Src/stm32h5xx_hal_fdcan.c **** #define FDCAN_ELEMENT_MASK_EXTID ((uint32_t)0x1FFFFFFFU) /* Extended Identifier         */
 198:Drivers/STM32H5xx_HAL_Driver/Src/stm32h5xx_hal_fdcan.c **** #define FDCAN_ELEMENT_MASK_RTR   ((uint32_t)0x20000000U) /* Remote Transmission Request */
 199:Drivers/STM32H5xx_HAL_Driver/Src/stm32h5xx_hal_fdcan.c **** #define FDCAN_ELEMENT_MASK_XTD   ((uint32_t)0x40000000U) /* Extended Identifier         */
 200:Drivers/STM32H5xx_HAL_Driver/Src/stm32h5xx_hal_fdcan.c **** #define FDCAN_ELEMENT_MASK_ESI   ((uint32_t)0x80000000U) /* Error State Indicator       */
ARM GAS  /tmp/cc1KCPzC.s 			page 5


 201:Drivers/STM32H5xx_HAL_Driver/Src/stm32h5xx_hal_fdcan.c **** #define FDCAN_ELEMENT_MASK_TS    ((uint32_t)0x0000FFFFU) /* Timestamp                   */
 202:Drivers/STM32H5xx_HAL_Driver/Src/stm32h5xx_hal_fdcan.c **** #define FDCAN_ELEMENT_MASK_DLC   ((uint32_t)0x000F0000U) /* Data Length Code            */
 203:Drivers/STM32H5xx_HAL_Driver/Src/stm32h5xx_hal_fdcan.c **** #define FDCAN_ELEMENT_MASK_BRS   ((uint32_t)0x00100000U) /* Bit Rate Switch             */
 204:Drivers/STM32H5xx_HAL_Driver/Src/stm32h5xx_hal_fdcan.c **** #define FDCAN_ELEMENT_MASK_FDF   ((uint32_t)0x00200000U) /* FD Format                   */
 205:Drivers/STM32H5xx_HAL_Driver/Src/stm32h5xx_hal_fdcan.c **** #define FDCAN_ELEMENT_MASK_EFC   ((uint32_t)0x00800000U) /* Event FIFO Control          */
 206:Drivers/STM32H5xx_HAL_Driver/Src/stm32h5xx_hal_fdcan.c **** #define FDCAN_ELEMENT_MASK_MM    ((uint32_t)0xFF000000U) /* Message Marker              */
 207:Drivers/STM32H5xx_HAL_Driver/Src/stm32h5xx_hal_fdcan.c **** #define FDCAN_ELEMENT_MASK_FIDX  ((uint32_t)0x7F000000U) /* Filter Index                */
 208:Drivers/STM32H5xx_HAL_Driver/Src/stm32h5xx_hal_fdcan.c **** #define FDCAN_ELEMENT_MASK_ANMF  ((uint32_t)0x80000000U) /* Accepted Non-matching Frame */
 209:Drivers/STM32H5xx_HAL_Driver/Src/stm32h5xx_hal_fdcan.c **** #define FDCAN_ELEMENT_MASK_ET    ((uint32_t)0x00C00000U) /* Event type                  */
 210:Drivers/STM32H5xx_HAL_Driver/Src/stm32h5xx_hal_fdcan.c **** 
 211:Drivers/STM32H5xx_HAL_Driver/Src/stm32h5xx_hal_fdcan.c **** #define SRAMCAN_FLS_NBR                  (28U)         /* Max. Filter List Standard Number      */
 212:Drivers/STM32H5xx_HAL_Driver/Src/stm32h5xx_hal_fdcan.c **** #define SRAMCAN_FLE_NBR                  ( 8U)         /* Max. Filter List Extended Number      */
 213:Drivers/STM32H5xx_HAL_Driver/Src/stm32h5xx_hal_fdcan.c **** #define SRAMCAN_RF0_NBR                  ( 3U)         /* RX FIFO 0 Elements Number             */
 214:Drivers/STM32H5xx_HAL_Driver/Src/stm32h5xx_hal_fdcan.c **** #define SRAMCAN_RF1_NBR                  ( 3U)         /* RX FIFO 1 Elements Number             */
 215:Drivers/STM32H5xx_HAL_Driver/Src/stm32h5xx_hal_fdcan.c **** #define SRAMCAN_TEF_NBR                  ( 3U)         /* TX Event FIFO Elements Number         */
 216:Drivers/STM32H5xx_HAL_Driver/Src/stm32h5xx_hal_fdcan.c **** #define SRAMCAN_TFQ_NBR                  ( 3U)         /* TX FIFO/Queue Elements Number         */
 217:Drivers/STM32H5xx_HAL_Driver/Src/stm32h5xx_hal_fdcan.c **** 
 218:Drivers/STM32H5xx_HAL_Driver/Src/stm32h5xx_hal_fdcan.c **** #define SRAMCAN_FLS_SIZE            ( 1U * 4U)         /* Filter Standard Element Size in bytes */
 219:Drivers/STM32H5xx_HAL_Driver/Src/stm32h5xx_hal_fdcan.c **** #define SRAMCAN_FLE_SIZE            ( 2U * 4U)         /* Filter Extended Element Size in bytes */
 220:Drivers/STM32H5xx_HAL_Driver/Src/stm32h5xx_hal_fdcan.c **** #define SRAMCAN_RF0_SIZE            (18U * 4U)         /* RX FIFO 0 Elements Size in bytes      */
 221:Drivers/STM32H5xx_HAL_Driver/Src/stm32h5xx_hal_fdcan.c **** #define SRAMCAN_RF1_SIZE            (18U * 4U)         /* RX FIFO 1 Elements Size in bytes      */
 222:Drivers/STM32H5xx_HAL_Driver/Src/stm32h5xx_hal_fdcan.c **** #define SRAMCAN_TEF_SIZE            ( 2U * 4U)         /* TX Event FIFO Elements Size in bytes  */
 223:Drivers/STM32H5xx_HAL_Driver/Src/stm32h5xx_hal_fdcan.c **** #define SRAMCAN_TFQ_SIZE            (18U * 4U)         /* TX FIFO/Queue Elements Size in bytes  */
 224:Drivers/STM32H5xx_HAL_Driver/Src/stm32h5xx_hal_fdcan.c **** 
 225:Drivers/STM32H5xx_HAL_Driver/Src/stm32h5xx_hal_fdcan.c **** #define SRAMCAN_FLSSA ((uint32_t)0)                                                      /* Filter 
 226:Drivers/STM32H5xx_HAL_Driver/Src/stm32h5xx_hal_fdcan.c ****                                                                                             Address
 227:Drivers/STM32H5xx_HAL_Driver/Src/stm32h5xx_hal_fdcan.c **** #define SRAMCAN_FLESA ((uint32_t)(SRAMCAN_FLSSA + (SRAMCAN_FLS_NBR * SRAMCAN_FLS_SIZE))) /* Filter 
 228:Drivers/STM32H5xx_HAL_Driver/Src/stm32h5xx_hal_fdcan.c ****                                                                                             Address
 229:Drivers/STM32H5xx_HAL_Driver/Src/stm32h5xx_hal_fdcan.c **** #define SRAMCAN_RF0SA ((uint32_t)(SRAMCAN_FLESA + (SRAMCAN_FLE_NBR * SRAMCAN_FLE_SIZE))) /* Rx FIFO
 230:Drivers/STM32H5xx_HAL_Driver/Src/stm32h5xx_hal_fdcan.c **** #define SRAMCAN_RF1SA ((uint32_t)(SRAMCAN_RF0SA + (SRAMCAN_RF0_NBR * SRAMCAN_RF0_SIZE))) /* Rx FIFO
 231:Drivers/STM32H5xx_HAL_Driver/Src/stm32h5xx_hal_fdcan.c **** #define SRAMCAN_TEFSA ((uint32_t)(SRAMCAN_RF1SA + (SRAMCAN_RF1_NBR * SRAMCAN_RF1_SIZE))) /* Tx Even
 232:Drivers/STM32H5xx_HAL_Driver/Src/stm32h5xx_hal_fdcan.c ****                                                                                             Address
 233:Drivers/STM32H5xx_HAL_Driver/Src/stm32h5xx_hal_fdcan.c **** #define SRAMCAN_TFQSA ((uint32_t)(SRAMCAN_TEFSA + (SRAMCAN_TEF_NBR * SRAMCAN_TEF_SIZE))) /* Tx FIFO
 234:Drivers/STM32H5xx_HAL_Driver/Src/stm32h5xx_hal_fdcan.c ****                                                                                             Address
 235:Drivers/STM32H5xx_HAL_Driver/Src/stm32h5xx_hal_fdcan.c **** #define SRAMCAN_SIZE  ((uint32_t)(SRAMCAN_TFQSA + (SRAMCAN_TFQ_NBR * SRAMCAN_TFQ_SIZE))) /* Message
 236:Drivers/STM32H5xx_HAL_Driver/Src/stm32h5xx_hal_fdcan.c **** 
 237:Drivers/STM32H5xx_HAL_Driver/Src/stm32h5xx_hal_fdcan.c **** /**
 238:Drivers/STM32H5xx_HAL_Driver/Src/stm32h5xx_hal_fdcan.c ****   * @}
 239:Drivers/STM32H5xx_HAL_Driver/Src/stm32h5xx_hal_fdcan.c ****   */
 240:Drivers/STM32H5xx_HAL_Driver/Src/stm32h5xx_hal_fdcan.c **** 
 241:Drivers/STM32H5xx_HAL_Driver/Src/stm32h5xx_hal_fdcan.c **** /* Private macro -------------------------------------------------------------*/
 242:Drivers/STM32H5xx_HAL_Driver/Src/stm32h5xx_hal_fdcan.c **** /* Private variables ---------------------------------------------------------*/
 243:Drivers/STM32H5xx_HAL_Driver/Src/stm32h5xx_hal_fdcan.c **** /** @addtogroup FDCAN_Private_Variables
 244:Drivers/STM32H5xx_HAL_Driver/Src/stm32h5xx_hal_fdcan.c ****   * @{
 245:Drivers/STM32H5xx_HAL_Driver/Src/stm32h5xx_hal_fdcan.c ****   */
 246:Drivers/STM32H5xx_HAL_Driver/Src/stm32h5xx_hal_fdcan.c **** static const uint8_t DLCtoBytes[] = {0, 1, 2, 3, 4, 5, 6, 7, 8, 12, 16, 20, 24, 32, 48, 64};
 247:Drivers/STM32H5xx_HAL_Driver/Src/stm32h5xx_hal_fdcan.c **** /**
 248:Drivers/STM32H5xx_HAL_Driver/Src/stm32h5xx_hal_fdcan.c ****   * @}
 249:Drivers/STM32H5xx_HAL_Driver/Src/stm32h5xx_hal_fdcan.c ****   */
 250:Drivers/STM32H5xx_HAL_Driver/Src/stm32h5xx_hal_fdcan.c **** 
 251:Drivers/STM32H5xx_HAL_Driver/Src/stm32h5xx_hal_fdcan.c **** /* Private function prototypes -----------------------------------------------*/
 252:Drivers/STM32H5xx_HAL_Driver/Src/stm32h5xx_hal_fdcan.c **** /** @addtogroup FDCAN_Private_Functions_Prototypes
 253:Drivers/STM32H5xx_HAL_Driver/Src/stm32h5xx_hal_fdcan.c ****   * @{
 254:Drivers/STM32H5xx_HAL_Driver/Src/stm32h5xx_hal_fdcan.c ****   */
 255:Drivers/STM32H5xx_HAL_Driver/Src/stm32h5xx_hal_fdcan.c **** static void FDCAN_CalcultateRamBlockAddresses(FDCAN_HandleTypeDef *hfdcan);
 256:Drivers/STM32H5xx_HAL_Driver/Src/stm32h5xx_hal_fdcan.c **** static void FDCAN_CopyMessageToRAM(const FDCAN_HandleTypeDef *hfdcan, const FDCAN_TxHeaderTypeDef *
 257:Drivers/STM32H5xx_HAL_Driver/Src/stm32h5xx_hal_fdcan.c ****                                    const uint8_t *pTxData, uint32_t BufferIndex);
ARM GAS  /tmp/cc1KCPzC.s 			page 6


 258:Drivers/STM32H5xx_HAL_Driver/Src/stm32h5xx_hal_fdcan.c **** /**
 259:Drivers/STM32H5xx_HAL_Driver/Src/stm32h5xx_hal_fdcan.c ****   * @}
 260:Drivers/STM32H5xx_HAL_Driver/Src/stm32h5xx_hal_fdcan.c ****   */
 261:Drivers/STM32H5xx_HAL_Driver/Src/stm32h5xx_hal_fdcan.c **** 
 262:Drivers/STM32H5xx_HAL_Driver/Src/stm32h5xx_hal_fdcan.c **** /* Exported functions --------------------------------------------------------*/
 263:Drivers/STM32H5xx_HAL_Driver/Src/stm32h5xx_hal_fdcan.c **** /** @defgroup FDCAN_Exported_Functions FDCAN Exported Functions
 264:Drivers/STM32H5xx_HAL_Driver/Src/stm32h5xx_hal_fdcan.c ****   * @{
 265:Drivers/STM32H5xx_HAL_Driver/Src/stm32h5xx_hal_fdcan.c ****   */
 266:Drivers/STM32H5xx_HAL_Driver/Src/stm32h5xx_hal_fdcan.c **** 
 267:Drivers/STM32H5xx_HAL_Driver/Src/stm32h5xx_hal_fdcan.c **** /** @defgroup FDCAN_Exported_Functions_Group1 Initialization and de-initialization functions
 268:Drivers/STM32H5xx_HAL_Driver/Src/stm32h5xx_hal_fdcan.c ****   *  @brief    Initialization and Configuration functions
 269:Drivers/STM32H5xx_HAL_Driver/Src/stm32h5xx_hal_fdcan.c ****   *
 270:Drivers/STM32H5xx_HAL_Driver/Src/stm32h5xx_hal_fdcan.c **** @verbatim
 271:Drivers/STM32H5xx_HAL_Driver/Src/stm32h5xx_hal_fdcan.c ****   ==============================================================================
 272:Drivers/STM32H5xx_HAL_Driver/Src/stm32h5xx_hal_fdcan.c ****               ##### Initialization and de-initialization functions #####
 273:Drivers/STM32H5xx_HAL_Driver/Src/stm32h5xx_hal_fdcan.c ****   ==============================================================================
 274:Drivers/STM32H5xx_HAL_Driver/Src/stm32h5xx_hal_fdcan.c ****     [..]  This section provides functions allowing to:
 275:Drivers/STM32H5xx_HAL_Driver/Src/stm32h5xx_hal_fdcan.c ****       (+) Initialize and configure the FDCAN.
 276:Drivers/STM32H5xx_HAL_Driver/Src/stm32h5xx_hal_fdcan.c ****       (+) De-initialize the FDCAN.
 277:Drivers/STM32H5xx_HAL_Driver/Src/stm32h5xx_hal_fdcan.c ****       (+) Enter FDCAN peripheral in power down mode.
 278:Drivers/STM32H5xx_HAL_Driver/Src/stm32h5xx_hal_fdcan.c ****       (+) Exit power down mode.
 279:Drivers/STM32H5xx_HAL_Driver/Src/stm32h5xx_hal_fdcan.c ****       (+) Register callbacks.
 280:Drivers/STM32H5xx_HAL_Driver/Src/stm32h5xx_hal_fdcan.c ****       (+) Unregister callbacks.
 281:Drivers/STM32H5xx_HAL_Driver/Src/stm32h5xx_hal_fdcan.c **** 
 282:Drivers/STM32H5xx_HAL_Driver/Src/stm32h5xx_hal_fdcan.c **** @endverbatim
 283:Drivers/STM32H5xx_HAL_Driver/Src/stm32h5xx_hal_fdcan.c ****   * @{
 284:Drivers/STM32H5xx_HAL_Driver/Src/stm32h5xx_hal_fdcan.c ****   */
 285:Drivers/STM32H5xx_HAL_Driver/Src/stm32h5xx_hal_fdcan.c **** 
 286:Drivers/STM32H5xx_HAL_Driver/Src/stm32h5xx_hal_fdcan.c **** /**
 287:Drivers/STM32H5xx_HAL_Driver/Src/stm32h5xx_hal_fdcan.c ****   * @brief  Initializes the FDCAN peripheral according to the specified
 288:Drivers/STM32H5xx_HAL_Driver/Src/stm32h5xx_hal_fdcan.c ****   *         parameters in the FDCAN_InitTypeDef structure.
 289:Drivers/STM32H5xx_HAL_Driver/Src/stm32h5xx_hal_fdcan.c ****   * @param  hfdcan pointer to an FDCAN_HandleTypeDef structure that contains
 290:Drivers/STM32H5xx_HAL_Driver/Src/stm32h5xx_hal_fdcan.c ****   *         the configuration information for the specified FDCAN.
 291:Drivers/STM32H5xx_HAL_Driver/Src/stm32h5xx_hal_fdcan.c ****   * @retval HAL status
 292:Drivers/STM32H5xx_HAL_Driver/Src/stm32h5xx_hal_fdcan.c ****   */
 293:Drivers/STM32H5xx_HAL_Driver/Src/stm32h5xx_hal_fdcan.c **** HAL_StatusTypeDef HAL_FDCAN_Init(FDCAN_HandleTypeDef *hfdcan)
 294:Drivers/STM32H5xx_HAL_Driver/Src/stm32h5xx_hal_fdcan.c **** {
 295:Drivers/STM32H5xx_HAL_Driver/Src/stm32h5xx_hal_fdcan.c ****   uint32_t tickstart;
 296:Drivers/STM32H5xx_HAL_Driver/Src/stm32h5xx_hal_fdcan.c **** 
 297:Drivers/STM32H5xx_HAL_Driver/Src/stm32h5xx_hal_fdcan.c ****   /* Check FDCAN handle */
 298:Drivers/STM32H5xx_HAL_Driver/Src/stm32h5xx_hal_fdcan.c ****   if (hfdcan == NULL)
 299:Drivers/STM32H5xx_HAL_Driver/Src/stm32h5xx_hal_fdcan.c ****   {
 300:Drivers/STM32H5xx_HAL_Driver/Src/stm32h5xx_hal_fdcan.c ****     return HAL_ERROR;
 301:Drivers/STM32H5xx_HAL_Driver/Src/stm32h5xx_hal_fdcan.c ****   }
 302:Drivers/STM32H5xx_HAL_Driver/Src/stm32h5xx_hal_fdcan.c **** 
 303:Drivers/STM32H5xx_HAL_Driver/Src/stm32h5xx_hal_fdcan.c ****   /* Check function parameters */
 304:Drivers/STM32H5xx_HAL_Driver/Src/stm32h5xx_hal_fdcan.c ****   assert_param(IS_FDCAN_ALL_INSTANCE(hfdcan->Instance));
 305:Drivers/STM32H5xx_HAL_Driver/Src/stm32h5xx_hal_fdcan.c ****   if (hfdcan->Instance == FDCAN1)
 306:Drivers/STM32H5xx_HAL_Driver/Src/stm32h5xx_hal_fdcan.c ****   {
 307:Drivers/STM32H5xx_HAL_Driver/Src/stm32h5xx_hal_fdcan.c ****     assert_param(IS_FDCAN_CKDIV(hfdcan->Init.ClockDivider));
 308:Drivers/STM32H5xx_HAL_Driver/Src/stm32h5xx_hal_fdcan.c ****   }
 309:Drivers/STM32H5xx_HAL_Driver/Src/stm32h5xx_hal_fdcan.c ****   assert_param(IS_FDCAN_FRAME_FORMAT(hfdcan->Init.FrameFormat));
 310:Drivers/STM32H5xx_HAL_Driver/Src/stm32h5xx_hal_fdcan.c ****   assert_param(IS_FDCAN_MODE(hfdcan->Init.Mode));
 311:Drivers/STM32H5xx_HAL_Driver/Src/stm32h5xx_hal_fdcan.c ****   assert_param(IS_FUNCTIONAL_STATE(hfdcan->Init.AutoRetransmission));
 312:Drivers/STM32H5xx_HAL_Driver/Src/stm32h5xx_hal_fdcan.c ****   assert_param(IS_FUNCTIONAL_STATE(hfdcan->Init.TransmitPause));
 313:Drivers/STM32H5xx_HAL_Driver/Src/stm32h5xx_hal_fdcan.c ****   assert_param(IS_FUNCTIONAL_STATE(hfdcan->Init.ProtocolException));
 314:Drivers/STM32H5xx_HAL_Driver/Src/stm32h5xx_hal_fdcan.c ****   assert_param(IS_FDCAN_NOMINAL_PRESCALER(hfdcan->Init.NominalPrescaler));
ARM GAS  /tmp/cc1KCPzC.s 			page 7


 315:Drivers/STM32H5xx_HAL_Driver/Src/stm32h5xx_hal_fdcan.c ****   assert_param(IS_FDCAN_NOMINAL_SJW(hfdcan->Init.NominalSyncJumpWidth));
 316:Drivers/STM32H5xx_HAL_Driver/Src/stm32h5xx_hal_fdcan.c ****   assert_param(IS_FDCAN_NOMINAL_TSEG1(hfdcan->Init.NominalTimeSeg1));
 317:Drivers/STM32H5xx_HAL_Driver/Src/stm32h5xx_hal_fdcan.c ****   assert_param(IS_FDCAN_NOMINAL_TSEG2(hfdcan->Init.NominalTimeSeg2));
 318:Drivers/STM32H5xx_HAL_Driver/Src/stm32h5xx_hal_fdcan.c ****   if (hfdcan->Init.FrameFormat == FDCAN_FRAME_FD_BRS)
 319:Drivers/STM32H5xx_HAL_Driver/Src/stm32h5xx_hal_fdcan.c ****   {
 320:Drivers/STM32H5xx_HAL_Driver/Src/stm32h5xx_hal_fdcan.c ****     assert_param(IS_FDCAN_DATA_PRESCALER(hfdcan->Init.DataPrescaler));
 321:Drivers/STM32H5xx_HAL_Driver/Src/stm32h5xx_hal_fdcan.c ****     assert_param(IS_FDCAN_DATA_SJW(hfdcan->Init.DataSyncJumpWidth));
 322:Drivers/STM32H5xx_HAL_Driver/Src/stm32h5xx_hal_fdcan.c ****     assert_param(IS_FDCAN_DATA_TSEG1(hfdcan->Init.DataTimeSeg1));
 323:Drivers/STM32H5xx_HAL_Driver/Src/stm32h5xx_hal_fdcan.c ****     assert_param(IS_FDCAN_DATA_TSEG2(hfdcan->Init.DataTimeSeg2));
 324:Drivers/STM32H5xx_HAL_Driver/Src/stm32h5xx_hal_fdcan.c ****   }
 325:Drivers/STM32H5xx_HAL_Driver/Src/stm32h5xx_hal_fdcan.c ****   assert_param(IS_FDCAN_MAX_VALUE(hfdcan->Init.StdFiltersNbr, SRAMCAN_FLS_NBR));
 326:Drivers/STM32H5xx_HAL_Driver/Src/stm32h5xx_hal_fdcan.c ****   assert_param(IS_FDCAN_MAX_VALUE(hfdcan->Init.ExtFiltersNbr, SRAMCAN_FLE_NBR));
 327:Drivers/STM32H5xx_HAL_Driver/Src/stm32h5xx_hal_fdcan.c ****   assert_param(IS_FDCAN_TX_FIFO_QUEUE_MODE(hfdcan->Init.TxFifoQueueMode));
 328:Drivers/STM32H5xx_HAL_Driver/Src/stm32h5xx_hal_fdcan.c **** 
 329:Drivers/STM32H5xx_HAL_Driver/Src/stm32h5xx_hal_fdcan.c **** #if USE_HAL_FDCAN_REGISTER_CALLBACKS == 1
 330:Drivers/STM32H5xx_HAL_Driver/Src/stm32h5xx_hal_fdcan.c ****   if (hfdcan->State == HAL_FDCAN_STATE_RESET)
 331:Drivers/STM32H5xx_HAL_Driver/Src/stm32h5xx_hal_fdcan.c ****   {
 332:Drivers/STM32H5xx_HAL_Driver/Src/stm32h5xx_hal_fdcan.c ****     /* Allocate lock resource and initialize it */
 333:Drivers/STM32H5xx_HAL_Driver/Src/stm32h5xx_hal_fdcan.c ****     hfdcan->Lock = HAL_UNLOCKED;
 334:Drivers/STM32H5xx_HAL_Driver/Src/stm32h5xx_hal_fdcan.c **** 
 335:Drivers/STM32H5xx_HAL_Driver/Src/stm32h5xx_hal_fdcan.c ****     /* Reset callbacks to legacy functions */
 336:Drivers/STM32H5xx_HAL_Driver/Src/stm32h5xx_hal_fdcan.c ****     hfdcan->TxEventFifoCallback         = HAL_FDCAN_TxEventFifoCallback;         /* TxEventFifoCall
 337:Drivers/STM32H5xx_HAL_Driver/Src/stm32h5xx_hal_fdcan.c ****     hfdcan->RxFifo0Callback             = HAL_FDCAN_RxFifo0Callback;             /* RxFifo0Callback
 338:Drivers/STM32H5xx_HAL_Driver/Src/stm32h5xx_hal_fdcan.c ****     hfdcan->RxFifo1Callback             = HAL_FDCAN_RxFifo1Callback;             /* RxFifo1Callback
 339:Drivers/STM32H5xx_HAL_Driver/Src/stm32h5xx_hal_fdcan.c ****     hfdcan->TxFifoEmptyCallback         = HAL_FDCAN_TxFifoEmptyCallback;         /* TxFifoEmptyCall
 340:Drivers/STM32H5xx_HAL_Driver/Src/stm32h5xx_hal_fdcan.c ****     hfdcan->TxBufferCompleteCallback    = HAL_FDCAN_TxBufferCompleteCallback;    /* TxBufferComplet
 341:Drivers/STM32H5xx_HAL_Driver/Src/stm32h5xx_hal_fdcan.c ****     hfdcan->TxBufferAbortCallback       = HAL_FDCAN_TxBufferAbortCallback;       /* TxBufferAbortCa
 342:Drivers/STM32H5xx_HAL_Driver/Src/stm32h5xx_hal_fdcan.c ****     hfdcan->HighPriorityMessageCallback = HAL_FDCAN_HighPriorityMessageCallback; /* HighPriorityMes
 343:Drivers/STM32H5xx_HAL_Driver/Src/stm32h5xx_hal_fdcan.c ****     hfdcan->TimestampWraparoundCallback = HAL_FDCAN_TimestampWraparoundCallback; /* TimestampWrapar
 344:Drivers/STM32H5xx_HAL_Driver/Src/stm32h5xx_hal_fdcan.c ****     hfdcan->TimeoutOccurredCallback     = HAL_FDCAN_TimeoutOccurredCallback;     /* TimeoutOccurred
 345:Drivers/STM32H5xx_HAL_Driver/Src/stm32h5xx_hal_fdcan.c ****     hfdcan->ErrorCallback               = HAL_FDCAN_ErrorCallback;               /* ErrorCallback  
 346:Drivers/STM32H5xx_HAL_Driver/Src/stm32h5xx_hal_fdcan.c ****     hfdcan->ErrorStatusCallback         = HAL_FDCAN_ErrorStatusCallback;         /* ErrorStatusCall
 347:Drivers/STM32H5xx_HAL_Driver/Src/stm32h5xx_hal_fdcan.c **** 
 348:Drivers/STM32H5xx_HAL_Driver/Src/stm32h5xx_hal_fdcan.c ****     if (hfdcan->MspInitCallback == NULL)
 349:Drivers/STM32H5xx_HAL_Driver/Src/stm32h5xx_hal_fdcan.c ****     {
 350:Drivers/STM32H5xx_HAL_Driver/Src/stm32h5xx_hal_fdcan.c ****       hfdcan->MspInitCallback = HAL_FDCAN_MspInit;  /* Legacy weak MspInit */
 351:Drivers/STM32H5xx_HAL_Driver/Src/stm32h5xx_hal_fdcan.c ****     }
 352:Drivers/STM32H5xx_HAL_Driver/Src/stm32h5xx_hal_fdcan.c **** 
 353:Drivers/STM32H5xx_HAL_Driver/Src/stm32h5xx_hal_fdcan.c ****     /* Init the low level hardware: CLOCK, NVIC */
 354:Drivers/STM32H5xx_HAL_Driver/Src/stm32h5xx_hal_fdcan.c ****     hfdcan->MspInitCallback(hfdcan);
 355:Drivers/STM32H5xx_HAL_Driver/Src/stm32h5xx_hal_fdcan.c ****   }
 356:Drivers/STM32H5xx_HAL_Driver/Src/stm32h5xx_hal_fdcan.c **** #else
 357:Drivers/STM32H5xx_HAL_Driver/Src/stm32h5xx_hal_fdcan.c ****   if (hfdcan->State == HAL_FDCAN_STATE_RESET)
 358:Drivers/STM32H5xx_HAL_Driver/Src/stm32h5xx_hal_fdcan.c ****   {
 359:Drivers/STM32H5xx_HAL_Driver/Src/stm32h5xx_hal_fdcan.c ****     /* Allocate lock resource and initialize it */
 360:Drivers/STM32H5xx_HAL_Driver/Src/stm32h5xx_hal_fdcan.c ****     hfdcan->Lock = HAL_UNLOCKED;
 361:Drivers/STM32H5xx_HAL_Driver/Src/stm32h5xx_hal_fdcan.c **** 
 362:Drivers/STM32H5xx_HAL_Driver/Src/stm32h5xx_hal_fdcan.c ****     /* Init the low level hardware: CLOCK, NVIC */
 363:Drivers/STM32H5xx_HAL_Driver/Src/stm32h5xx_hal_fdcan.c ****     HAL_FDCAN_MspInit(hfdcan);
 364:Drivers/STM32H5xx_HAL_Driver/Src/stm32h5xx_hal_fdcan.c ****   }
 365:Drivers/STM32H5xx_HAL_Driver/Src/stm32h5xx_hal_fdcan.c **** #endif /* USE_HAL_FDCAN_REGISTER_CALLBACKS */
 366:Drivers/STM32H5xx_HAL_Driver/Src/stm32h5xx_hal_fdcan.c **** 
 367:Drivers/STM32H5xx_HAL_Driver/Src/stm32h5xx_hal_fdcan.c ****   /* Exit from Sleep mode */
 368:Drivers/STM32H5xx_HAL_Driver/Src/stm32h5xx_hal_fdcan.c ****   CLEAR_BIT(hfdcan->Instance->CCCR, FDCAN_CCCR_CSR);
 369:Drivers/STM32H5xx_HAL_Driver/Src/stm32h5xx_hal_fdcan.c **** 
 370:Drivers/STM32H5xx_HAL_Driver/Src/stm32h5xx_hal_fdcan.c ****   /* Get tick */
 371:Drivers/STM32H5xx_HAL_Driver/Src/stm32h5xx_hal_fdcan.c ****   tickstart = HAL_GetTick();
ARM GAS  /tmp/cc1KCPzC.s 			page 8


 372:Drivers/STM32H5xx_HAL_Driver/Src/stm32h5xx_hal_fdcan.c **** 
 373:Drivers/STM32H5xx_HAL_Driver/Src/stm32h5xx_hal_fdcan.c ****   /* Check Sleep mode acknowledge */
 374:Drivers/STM32H5xx_HAL_Driver/Src/stm32h5xx_hal_fdcan.c ****   while ((hfdcan->Instance->CCCR & FDCAN_CCCR_CSA) == FDCAN_CCCR_CSA)
 375:Drivers/STM32H5xx_HAL_Driver/Src/stm32h5xx_hal_fdcan.c ****   {
 376:Drivers/STM32H5xx_HAL_Driver/Src/stm32h5xx_hal_fdcan.c ****     if ((HAL_GetTick() - tickstart) > FDCAN_TIMEOUT_VALUE)
 377:Drivers/STM32H5xx_HAL_Driver/Src/stm32h5xx_hal_fdcan.c ****     {
 378:Drivers/STM32H5xx_HAL_Driver/Src/stm32h5xx_hal_fdcan.c ****       /* Update error code */
 379:Drivers/STM32H5xx_HAL_Driver/Src/stm32h5xx_hal_fdcan.c ****       hfdcan->ErrorCode |= HAL_FDCAN_ERROR_TIMEOUT;
 380:Drivers/STM32H5xx_HAL_Driver/Src/stm32h5xx_hal_fdcan.c **** 
 381:Drivers/STM32H5xx_HAL_Driver/Src/stm32h5xx_hal_fdcan.c ****       /* Change FDCAN state */
 382:Drivers/STM32H5xx_HAL_Driver/Src/stm32h5xx_hal_fdcan.c ****       hfdcan->State = HAL_FDCAN_STATE_ERROR;
 383:Drivers/STM32H5xx_HAL_Driver/Src/stm32h5xx_hal_fdcan.c **** 
 384:Drivers/STM32H5xx_HAL_Driver/Src/stm32h5xx_hal_fdcan.c ****       return HAL_ERROR;
 385:Drivers/STM32H5xx_HAL_Driver/Src/stm32h5xx_hal_fdcan.c ****     }
 386:Drivers/STM32H5xx_HAL_Driver/Src/stm32h5xx_hal_fdcan.c ****   }
 387:Drivers/STM32H5xx_HAL_Driver/Src/stm32h5xx_hal_fdcan.c **** 
 388:Drivers/STM32H5xx_HAL_Driver/Src/stm32h5xx_hal_fdcan.c ****   /* Request initialisation */
 389:Drivers/STM32H5xx_HAL_Driver/Src/stm32h5xx_hal_fdcan.c ****   SET_BIT(hfdcan->Instance->CCCR, FDCAN_CCCR_INIT);
 390:Drivers/STM32H5xx_HAL_Driver/Src/stm32h5xx_hal_fdcan.c **** 
 391:Drivers/STM32H5xx_HAL_Driver/Src/stm32h5xx_hal_fdcan.c ****   /* Get tick */
 392:Drivers/STM32H5xx_HAL_Driver/Src/stm32h5xx_hal_fdcan.c ****   tickstart = HAL_GetTick();
 393:Drivers/STM32H5xx_HAL_Driver/Src/stm32h5xx_hal_fdcan.c **** 
 394:Drivers/STM32H5xx_HAL_Driver/Src/stm32h5xx_hal_fdcan.c ****   /* Wait until the INIT bit into CCCR register is set */
 395:Drivers/STM32H5xx_HAL_Driver/Src/stm32h5xx_hal_fdcan.c ****   while ((hfdcan->Instance->CCCR & FDCAN_CCCR_INIT) == 0U)
 396:Drivers/STM32H5xx_HAL_Driver/Src/stm32h5xx_hal_fdcan.c ****   {
 397:Drivers/STM32H5xx_HAL_Driver/Src/stm32h5xx_hal_fdcan.c ****     /* Check for the Timeout */
 398:Drivers/STM32H5xx_HAL_Driver/Src/stm32h5xx_hal_fdcan.c ****     if ((HAL_GetTick() - tickstart) > FDCAN_TIMEOUT_VALUE)
 399:Drivers/STM32H5xx_HAL_Driver/Src/stm32h5xx_hal_fdcan.c ****     {
 400:Drivers/STM32H5xx_HAL_Driver/Src/stm32h5xx_hal_fdcan.c ****       /* Update error code */
 401:Drivers/STM32H5xx_HAL_Driver/Src/stm32h5xx_hal_fdcan.c ****       hfdcan->ErrorCode |= HAL_FDCAN_ERROR_TIMEOUT;
 402:Drivers/STM32H5xx_HAL_Driver/Src/stm32h5xx_hal_fdcan.c **** 
 403:Drivers/STM32H5xx_HAL_Driver/Src/stm32h5xx_hal_fdcan.c ****       /* Change FDCAN state */
 404:Drivers/STM32H5xx_HAL_Driver/Src/stm32h5xx_hal_fdcan.c ****       hfdcan->State = HAL_FDCAN_STATE_ERROR;
 405:Drivers/STM32H5xx_HAL_Driver/Src/stm32h5xx_hal_fdcan.c **** 
 406:Drivers/STM32H5xx_HAL_Driver/Src/stm32h5xx_hal_fdcan.c ****       return HAL_ERROR;
 407:Drivers/STM32H5xx_HAL_Driver/Src/stm32h5xx_hal_fdcan.c ****     }
 408:Drivers/STM32H5xx_HAL_Driver/Src/stm32h5xx_hal_fdcan.c ****   }
 409:Drivers/STM32H5xx_HAL_Driver/Src/stm32h5xx_hal_fdcan.c **** 
 410:Drivers/STM32H5xx_HAL_Driver/Src/stm32h5xx_hal_fdcan.c ****   /* Enable configuration change */
 411:Drivers/STM32H5xx_HAL_Driver/Src/stm32h5xx_hal_fdcan.c ****   SET_BIT(hfdcan->Instance->CCCR, FDCAN_CCCR_CCE);
 412:Drivers/STM32H5xx_HAL_Driver/Src/stm32h5xx_hal_fdcan.c **** 
 413:Drivers/STM32H5xx_HAL_Driver/Src/stm32h5xx_hal_fdcan.c ****   /* Check FDCAN instance */
 414:Drivers/STM32H5xx_HAL_Driver/Src/stm32h5xx_hal_fdcan.c ****   if (hfdcan->Instance == FDCAN1)
 415:Drivers/STM32H5xx_HAL_Driver/Src/stm32h5xx_hal_fdcan.c ****   {
 416:Drivers/STM32H5xx_HAL_Driver/Src/stm32h5xx_hal_fdcan.c ****     /* Configure Clock divider */
 417:Drivers/STM32H5xx_HAL_Driver/Src/stm32h5xx_hal_fdcan.c ****     FDCAN_CONFIG->CKDIV = hfdcan->Init.ClockDivider;
 418:Drivers/STM32H5xx_HAL_Driver/Src/stm32h5xx_hal_fdcan.c ****   }
 419:Drivers/STM32H5xx_HAL_Driver/Src/stm32h5xx_hal_fdcan.c **** 
 420:Drivers/STM32H5xx_HAL_Driver/Src/stm32h5xx_hal_fdcan.c ****   /* Set the no automatic retransmission */
 421:Drivers/STM32H5xx_HAL_Driver/Src/stm32h5xx_hal_fdcan.c ****   if (hfdcan->Init.AutoRetransmission == ENABLE)
 422:Drivers/STM32H5xx_HAL_Driver/Src/stm32h5xx_hal_fdcan.c ****   {
 423:Drivers/STM32H5xx_HAL_Driver/Src/stm32h5xx_hal_fdcan.c ****     CLEAR_BIT(hfdcan->Instance->CCCR, FDCAN_CCCR_DAR);
 424:Drivers/STM32H5xx_HAL_Driver/Src/stm32h5xx_hal_fdcan.c ****   }
 425:Drivers/STM32H5xx_HAL_Driver/Src/stm32h5xx_hal_fdcan.c ****   else
 426:Drivers/STM32H5xx_HAL_Driver/Src/stm32h5xx_hal_fdcan.c ****   {
 427:Drivers/STM32H5xx_HAL_Driver/Src/stm32h5xx_hal_fdcan.c ****     SET_BIT(hfdcan->Instance->CCCR, FDCAN_CCCR_DAR);
 428:Drivers/STM32H5xx_HAL_Driver/Src/stm32h5xx_hal_fdcan.c ****   }
ARM GAS  /tmp/cc1KCPzC.s 			page 9


 429:Drivers/STM32H5xx_HAL_Driver/Src/stm32h5xx_hal_fdcan.c **** 
 430:Drivers/STM32H5xx_HAL_Driver/Src/stm32h5xx_hal_fdcan.c ****   /* Set the transmit pause feature */
 431:Drivers/STM32H5xx_HAL_Driver/Src/stm32h5xx_hal_fdcan.c ****   if (hfdcan->Init.TransmitPause == ENABLE)
 432:Drivers/STM32H5xx_HAL_Driver/Src/stm32h5xx_hal_fdcan.c ****   {
 433:Drivers/STM32H5xx_HAL_Driver/Src/stm32h5xx_hal_fdcan.c ****     SET_BIT(hfdcan->Instance->CCCR, FDCAN_CCCR_TXP);
 434:Drivers/STM32H5xx_HAL_Driver/Src/stm32h5xx_hal_fdcan.c ****   }
 435:Drivers/STM32H5xx_HAL_Driver/Src/stm32h5xx_hal_fdcan.c ****   else
 436:Drivers/STM32H5xx_HAL_Driver/Src/stm32h5xx_hal_fdcan.c ****   {
 437:Drivers/STM32H5xx_HAL_Driver/Src/stm32h5xx_hal_fdcan.c ****     CLEAR_BIT(hfdcan->Instance->CCCR, FDCAN_CCCR_TXP);
 438:Drivers/STM32H5xx_HAL_Driver/Src/stm32h5xx_hal_fdcan.c ****   }
 439:Drivers/STM32H5xx_HAL_Driver/Src/stm32h5xx_hal_fdcan.c **** 
 440:Drivers/STM32H5xx_HAL_Driver/Src/stm32h5xx_hal_fdcan.c ****   /* Set the Protocol Exception Handling */
 441:Drivers/STM32H5xx_HAL_Driver/Src/stm32h5xx_hal_fdcan.c ****   if (hfdcan->Init.ProtocolException == ENABLE)
 442:Drivers/STM32H5xx_HAL_Driver/Src/stm32h5xx_hal_fdcan.c ****   {
 443:Drivers/STM32H5xx_HAL_Driver/Src/stm32h5xx_hal_fdcan.c ****     CLEAR_BIT(hfdcan->Instance->CCCR, FDCAN_CCCR_PXHD);
 444:Drivers/STM32H5xx_HAL_Driver/Src/stm32h5xx_hal_fdcan.c ****   }
 445:Drivers/STM32H5xx_HAL_Driver/Src/stm32h5xx_hal_fdcan.c ****   else
 446:Drivers/STM32H5xx_HAL_Driver/Src/stm32h5xx_hal_fdcan.c ****   {
 447:Drivers/STM32H5xx_HAL_Driver/Src/stm32h5xx_hal_fdcan.c ****     SET_BIT(hfdcan->Instance->CCCR, FDCAN_CCCR_PXHD);
 448:Drivers/STM32H5xx_HAL_Driver/Src/stm32h5xx_hal_fdcan.c ****   }
 449:Drivers/STM32H5xx_HAL_Driver/Src/stm32h5xx_hal_fdcan.c **** 
 450:Drivers/STM32H5xx_HAL_Driver/Src/stm32h5xx_hal_fdcan.c ****   /* Set FDCAN Frame Format */
 451:Drivers/STM32H5xx_HAL_Driver/Src/stm32h5xx_hal_fdcan.c ****   MODIFY_REG(hfdcan->Instance->CCCR, FDCAN_FRAME_FD_BRS, hfdcan->Init.FrameFormat);
 452:Drivers/STM32H5xx_HAL_Driver/Src/stm32h5xx_hal_fdcan.c **** 
 453:Drivers/STM32H5xx_HAL_Driver/Src/stm32h5xx_hal_fdcan.c ****   /* Reset FDCAN Operation Mode */
 454:Drivers/STM32H5xx_HAL_Driver/Src/stm32h5xx_hal_fdcan.c ****   CLEAR_BIT(hfdcan->Instance->CCCR, (FDCAN_CCCR_TEST | FDCAN_CCCR_MON | FDCAN_CCCR_ASM));
 455:Drivers/STM32H5xx_HAL_Driver/Src/stm32h5xx_hal_fdcan.c ****   CLEAR_BIT(hfdcan->Instance->TEST, FDCAN_TEST_LBCK);
 456:Drivers/STM32H5xx_HAL_Driver/Src/stm32h5xx_hal_fdcan.c **** 
 457:Drivers/STM32H5xx_HAL_Driver/Src/stm32h5xx_hal_fdcan.c ****   /* Set FDCAN Operating Mode:
 458:Drivers/STM32H5xx_HAL_Driver/Src/stm32h5xx_hal_fdcan.c ****                | Normal | Restricted |    Bus     | Internal | External
 459:Drivers/STM32H5xx_HAL_Driver/Src/stm32h5xx_hal_fdcan.c ****                |        | Operation  | Monitoring | LoopBack | LoopBack
 460:Drivers/STM32H5xx_HAL_Driver/Src/stm32h5xx_hal_fdcan.c ****      CCCR.TEST |   0    |     0      |     0      |    1     |    1
 461:Drivers/STM32H5xx_HAL_Driver/Src/stm32h5xx_hal_fdcan.c ****      CCCR.MON  |   0    |     0      |     1      |    1     |    0
 462:Drivers/STM32H5xx_HAL_Driver/Src/stm32h5xx_hal_fdcan.c ****      TEST.LBCK |   0    |     0      |     0      |    1     |    1
 463:Drivers/STM32H5xx_HAL_Driver/Src/stm32h5xx_hal_fdcan.c ****      CCCR.ASM  |   0    |     1      |     0      |    0     |    0
 464:Drivers/STM32H5xx_HAL_Driver/Src/stm32h5xx_hal_fdcan.c ****   */
 465:Drivers/STM32H5xx_HAL_Driver/Src/stm32h5xx_hal_fdcan.c ****   if (hfdcan->Init.Mode == FDCAN_MODE_RESTRICTED_OPERATION)
 466:Drivers/STM32H5xx_HAL_Driver/Src/stm32h5xx_hal_fdcan.c ****   {
 467:Drivers/STM32H5xx_HAL_Driver/Src/stm32h5xx_hal_fdcan.c ****     /* Enable Restricted Operation mode */
 468:Drivers/STM32H5xx_HAL_Driver/Src/stm32h5xx_hal_fdcan.c ****     SET_BIT(hfdcan->Instance->CCCR, FDCAN_CCCR_ASM);
 469:Drivers/STM32H5xx_HAL_Driver/Src/stm32h5xx_hal_fdcan.c ****   }
 470:Drivers/STM32H5xx_HAL_Driver/Src/stm32h5xx_hal_fdcan.c ****   else if (hfdcan->Init.Mode != FDCAN_MODE_NORMAL)
 471:Drivers/STM32H5xx_HAL_Driver/Src/stm32h5xx_hal_fdcan.c ****   {
 472:Drivers/STM32H5xx_HAL_Driver/Src/stm32h5xx_hal_fdcan.c ****     if (hfdcan->Init.Mode != FDCAN_MODE_BUS_MONITORING)
 473:Drivers/STM32H5xx_HAL_Driver/Src/stm32h5xx_hal_fdcan.c ****     {
 474:Drivers/STM32H5xx_HAL_Driver/Src/stm32h5xx_hal_fdcan.c ****       /* Enable write access to TEST register */
 475:Drivers/STM32H5xx_HAL_Driver/Src/stm32h5xx_hal_fdcan.c ****       SET_BIT(hfdcan->Instance->CCCR, FDCAN_CCCR_TEST);
 476:Drivers/STM32H5xx_HAL_Driver/Src/stm32h5xx_hal_fdcan.c **** 
 477:Drivers/STM32H5xx_HAL_Driver/Src/stm32h5xx_hal_fdcan.c ****       /* Enable LoopBack mode */
 478:Drivers/STM32H5xx_HAL_Driver/Src/stm32h5xx_hal_fdcan.c ****       SET_BIT(hfdcan->Instance->TEST, FDCAN_TEST_LBCK);
 479:Drivers/STM32H5xx_HAL_Driver/Src/stm32h5xx_hal_fdcan.c **** 
 480:Drivers/STM32H5xx_HAL_Driver/Src/stm32h5xx_hal_fdcan.c ****       if (hfdcan->Init.Mode == FDCAN_MODE_INTERNAL_LOOPBACK)
 481:Drivers/STM32H5xx_HAL_Driver/Src/stm32h5xx_hal_fdcan.c ****       {
 482:Drivers/STM32H5xx_HAL_Driver/Src/stm32h5xx_hal_fdcan.c ****         SET_BIT(hfdcan->Instance->CCCR, FDCAN_CCCR_MON);
 483:Drivers/STM32H5xx_HAL_Driver/Src/stm32h5xx_hal_fdcan.c ****       }
 484:Drivers/STM32H5xx_HAL_Driver/Src/stm32h5xx_hal_fdcan.c ****     }
 485:Drivers/STM32H5xx_HAL_Driver/Src/stm32h5xx_hal_fdcan.c ****     else
ARM GAS  /tmp/cc1KCPzC.s 			page 10


 486:Drivers/STM32H5xx_HAL_Driver/Src/stm32h5xx_hal_fdcan.c ****     {
 487:Drivers/STM32H5xx_HAL_Driver/Src/stm32h5xx_hal_fdcan.c ****       /* Enable bus monitoring mode */
 488:Drivers/STM32H5xx_HAL_Driver/Src/stm32h5xx_hal_fdcan.c ****       SET_BIT(hfdcan->Instance->CCCR, FDCAN_CCCR_MON);
 489:Drivers/STM32H5xx_HAL_Driver/Src/stm32h5xx_hal_fdcan.c ****     }
 490:Drivers/STM32H5xx_HAL_Driver/Src/stm32h5xx_hal_fdcan.c ****   }
 491:Drivers/STM32H5xx_HAL_Driver/Src/stm32h5xx_hal_fdcan.c ****   else
 492:Drivers/STM32H5xx_HAL_Driver/Src/stm32h5xx_hal_fdcan.c ****   {
 493:Drivers/STM32H5xx_HAL_Driver/Src/stm32h5xx_hal_fdcan.c ****     /* Nothing to do: normal mode */
 494:Drivers/STM32H5xx_HAL_Driver/Src/stm32h5xx_hal_fdcan.c ****   }
 495:Drivers/STM32H5xx_HAL_Driver/Src/stm32h5xx_hal_fdcan.c **** 
 496:Drivers/STM32H5xx_HAL_Driver/Src/stm32h5xx_hal_fdcan.c ****   /* Set the nominal bit timing register */
 497:Drivers/STM32H5xx_HAL_Driver/Src/stm32h5xx_hal_fdcan.c ****   hfdcan->Instance->NBTP = ((((uint32_t)hfdcan->Init.NominalSyncJumpWidth - 1U) << FDCAN_NBTP_NSJW_
 498:Drivers/STM32H5xx_HAL_Driver/Src/stm32h5xx_hal_fdcan.c ****                             (((uint32_t)hfdcan->Init.NominalTimeSeg1 - 1U) << FDCAN_NBTP_NTSEG1_Pos
 499:Drivers/STM32H5xx_HAL_Driver/Src/stm32h5xx_hal_fdcan.c ****                             (((uint32_t)hfdcan->Init.NominalTimeSeg2 - 1U) << FDCAN_NBTP_NTSEG2_Pos
 500:Drivers/STM32H5xx_HAL_Driver/Src/stm32h5xx_hal_fdcan.c ****                             (((uint32_t)hfdcan->Init.NominalPrescaler - 1U) << FDCAN_NBTP_NBRP_Pos)
 501:Drivers/STM32H5xx_HAL_Driver/Src/stm32h5xx_hal_fdcan.c **** 
 502:Drivers/STM32H5xx_HAL_Driver/Src/stm32h5xx_hal_fdcan.c ****   /* If FD operation with BRS is selected, set the data bit timing register */
 503:Drivers/STM32H5xx_HAL_Driver/Src/stm32h5xx_hal_fdcan.c ****   if (hfdcan->Init.FrameFormat == FDCAN_FRAME_FD_BRS)
 504:Drivers/STM32H5xx_HAL_Driver/Src/stm32h5xx_hal_fdcan.c ****   {
 505:Drivers/STM32H5xx_HAL_Driver/Src/stm32h5xx_hal_fdcan.c ****     hfdcan->Instance->DBTP = ((((uint32_t)hfdcan->Init.DataSyncJumpWidth - 1U) << FDCAN_DBTP_DSJW_P
 506:Drivers/STM32H5xx_HAL_Driver/Src/stm32h5xx_hal_fdcan.c ****                               (((uint32_t)hfdcan->Init.DataTimeSeg1 - 1U) << FDCAN_DBTP_DTSEG1_Pos)
 507:Drivers/STM32H5xx_HAL_Driver/Src/stm32h5xx_hal_fdcan.c ****                               (((uint32_t)hfdcan->Init.DataTimeSeg2 - 1U) << FDCAN_DBTP_DTSEG2_Pos)
 508:Drivers/STM32H5xx_HAL_Driver/Src/stm32h5xx_hal_fdcan.c ****                               (((uint32_t)hfdcan->Init.DataPrescaler - 1U) << FDCAN_DBTP_DBRP_Pos))
 509:Drivers/STM32H5xx_HAL_Driver/Src/stm32h5xx_hal_fdcan.c ****   }
 510:Drivers/STM32H5xx_HAL_Driver/Src/stm32h5xx_hal_fdcan.c **** 
 511:Drivers/STM32H5xx_HAL_Driver/Src/stm32h5xx_hal_fdcan.c ****   /* Select between Tx FIFO and Tx Queue operation modes */
 512:Drivers/STM32H5xx_HAL_Driver/Src/stm32h5xx_hal_fdcan.c ****   SET_BIT(hfdcan->Instance->TXBC, hfdcan->Init.TxFifoQueueMode);
 513:Drivers/STM32H5xx_HAL_Driver/Src/stm32h5xx_hal_fdcan.c **** 
 514:Drivers/STM32H5xx_HAL_Driver/Src/stm32h5xx_hal_fdcan.c ****   /* Calculate each RAM block address */
 515:Drivers/STM32H5xx_HAL_Driver/Src/stm32h5xx_hal_fdcan.c ****   FDCAN_CalcultateRamBlockAddresses(hfdcan);
 516:Drivers/STM32H5xx_HAL_Driver/Src/stm32h5xx_hal_fdcan.c **** 
 517:Drivers/STM32H5xx_HAL_Driver/Src/stm32h5xx_hal_fdcan.c ****   /* Initialize the Latest Tx request buffer index */
 518:Drivers/STM32H5xx_HAL_Driver/Src/stm32h5xx_hal_fdcan.c ****   hfdcan->LatestTxFifoQRequest = 0U;
 519:Drivers/STM32H5xx_HAL_Driver/Src/stm32h5xx_hal_fdcan.c **** 
 520:Drivers/STM32H5xx_HAL_Driver/Src/stm32h5xx_hal_fdcan.c ****   /* Initialize the error code */
 521:Drivers/STM32H5xx_HAL_Driver/Src/stm32h5xx_hal_fdcan.c ****   hfdcan->ErrorCode = HAL_FDCAN_ERROR_NONE;
 522:Drivers/STM32H5xx_HAL_Driver/Src/stm32h5xx_hal_fdcan.c **** 
 523:Drivers/STM32H5xx_HAL_Driver/Src/stm32h5xx_hal_fdcan.c ****   /* Initialize the FDCAN state */
 524:Drivers/STM32H5xx_HAL_Driver/Src/stm32h5xx_hal_fdcan.c ****   hfdcan->State = HAL_FDCAN_STATE_READY;
 525:Drivers/STM32H5xx_HAL_Driver/Src/stm32h5xx_hal_fdcan.c **** 
 526:Drivers/STM32H5xx_HAL_Driver/Src/stm32h5xx_hal_fdcan.c ****   /* Return function status */
 527:Drivers/STM32H5xx_HAL_Driver/Src/stm32h5xx_hal_fdcan.c ****   return HAL_OK;
 528:Drivers/STM32H5xx_HAL_Driver/Src/stm32h5xx_hal_fdcan.c **** }
 529:Drivers/STM32H5xx_HAL_Driver/Src/stm32h5xx_hal_fdcan.c **** 
 530:Drivers/STM32H5xx_HAL_Driver/Src/stm32h5xx_hal_fdcan.c **** /**
 531:Drivers/STM32H5xx_HAL_Driver/Src/stm32h5xx_hal_fdcan.c ****   * @brief  Deinitializes the FDCAN peripheral registers to their default reset values.
 532:Drivers/STM32H5xx_HAL_Driver/Src/stm32h5xx_hal_fdcan.c ****   * @param  hfdcan pointer to an FDCAN_HandleTypeDef structure that contains
 533:Drivers/STM32H5xx_HAL_Driver/Src/stm32h5xx_hal_fdcan.c ****   *         the configuration information for the specified FDCAN.
 534:Drivers/STM32H5xx_HAL_Driver/Src/stm32h5xx_hal_fdcan.c ****   * @retval HAL status
 535:Drivers/STM32H5xx_HAL_Driver/Src/stm32h5xx_hal_fdcan.c ****   */
 536:Drivers/STM32H5xx_HAL_Driver/Src/stm32h5xx_hal_fdcan.c **** HAL_StatusTypeDef HAL_FDCAN_DeInit(FDCAN_HandleTypeDef *hfdcan)
 537:Drivers/STM32H5xx_HAL_Driver/Src/stm32h5xx_hal_fdcan.c **** {
 538:Drivers/STM32H5xx_HAL_Driver/Src/stm32h5xx_hal_fdcan.c ****   /* Check FDCAN handle */
 539:Drivers/STM32H5xx_HAL_Driver/Src/stm32h5xx_hal_fdcan.c ****   if (hfdcan == NULL)
 540:Drivers/STM32H5xx_HAL_Driver/Src/stm32h5xx_hal_fdcan.c ****   {
 541:Drivers/STM32H5xx_HAL_Driver/Src/stm32h5xx_hal_fdcan.c ****     return HAL_ERROR;
 542:Drivers/STM32H5xx_HAL_Driver/Src/stm32h5xx_hal_fdcan.c ****   }
ARM GAS  /tmp/cc1KCPzC.s 			page 11


 543:Drivers/STM32H5xx_HAL_Driver/Src/stm32h5xx_hal_fdcan.c **** 
 544:Drivers/STM32H5xx_HAL_Driver/Src/stm32h5xx_hal_fdcan.c ****   /* Check function parameters */
 545:Drivers/STM32H5xx_HAL_Driver/Src/stm32h5xx_hal_fdcan.c ****   assert_param(IS_FDCAN_ALL_INSTANCE(hfdcan->Instance));
 546:Drivers/STM32H5xx_HAL_Driver/Src/stm32h5xx_hal_fdcan.c **** 
 547:Drivers/STM32H5xx_HAL_Driver/Src/stm32h5xx_hal_fdcan.c ****   /* Stop the FDCAN module: return value is voluntary ignored */
 548:Drivers/STM32H5xx_HAL_Driver/Src/stm32h5xx_hal_fdcan.c ****   (void)HAL_FDCAN_Stop(hfdcan);
 549:Drivers/STM32H5xx_HAL_Driver/Src/stm32h5xx_hal_fdcan.c **** 
 550:Drivers/STM32H5xx_HAL_Driver/Src/stm32h5xx_hal_fdcan.c ****   /* Disable Interrupt lines */
 551:Drivers/STM32H5xx_HAL_Driver/Src/stm32h5xx_hal_fdcan.c ****   CLEAR_BIT(hfdcan->Instance->ILE, (FDCAN_INTERRUPT_LINE0 | FDCAN_INTERRUPT_LINE1));
 552:Drivers/STM32H5xx_HAL_Driver/Src/stm32h5xx_hal_fdcan.c **** 
 553:Drivers/STM32H5xx_HAL_Driver/Src/stm32h5xx_hal_fdcan.c **** #if USE_HAL_FDCAN_REGISTER_CALLBACKS == 1
 554:Drivers/STM32H5xx_HAL_Driver/Src/stm32h5xx_hal_fdcan.c ****   if (hfdcan->MspDeInitCallback == NULL)
 555:Drivers/STM32H5xx_HAL_Driver/Src/stm32h5xx_hal_fdcan.c ****   {
 556:Drivers/STM32H5xx_HAL_Driver/Src/stm32h5xx_hal_fdcan.c ****     hfdcan->MspDeInitCallback = HAL_FDCAN_MspDeInit; /* Legacy weak MspDeInit */
 557:Drivers/STM32H5xx_HAL_Driver/Src/stm32h5xx_hal_fdcan.c ****   }
 558:Drivers/STM32H5xx_HAL_Driver/Src/stm32h5xx_hal_fdcan.c **** 
 559:Drivers/STM32H5xx_HAL_Driver/Src/stm32h5xx_hal_fdcan.c ****   /* DeInit the low level hardware: CLOCK, NVIC */
 560:Drivers/STM32H5xx_HAL_Driver/Src/stm32h5xx_hal_fdcan.c ****   hfdcan->MspDeInitCallback(hfdcan);
 561:Drivers/STM32H5xx_HAL_Driver/Src/stm32h5xx_hal_fdcan.c **** #else
 562:Drivers/STM32H5xx_HAL_Driver/Src/stm32h5xx_hal_fdcan.c ****   /* DeInit the low level hardware: CLOCK, NVIC */
 563:Drivers/STM32H5xx_HAL_Driver/Src/stm32h5xx_hal_fdcan.c ****   HAL_FDCAN_MspDeInit(hfdcan);
 564:Drivers/STM32H5xx_HAL_Driver/Src/stm32h5xx_hal_fdcan.c **** #endif /* USE_HAL_FDCAN_REGISTER_CALLBACKS */
 565:Drivers/STM32H5xx_HAL_Driver/Src/stm32h5xx_hal_fdcan.c **** 
 566:Drivers/STM32H5xx_HAL_Driver/Src/stm32h5xx_hal_fdcan.c ****   /* Reset the FDCAN ErrorCode */
 567:Drivers/STM32H5xx_HAL_Driver/Src/stm32h5xx_hal_fdcan.c ****   hfdcan->ErrorCode = HAL_FDCAN_ERROR_NONE;
 568:Drivers/STM32H5xx_HAL_Driver/Src/stm32h5xx_hal_fdcan.c **** 
 569:Drivers/STM32H5xx_HAL_Driver/Src/stm32h5xx_hal_fdcan.c ****   /* Change FDCAN state */
 570:Drivers/STM32H5xx_HAL_Driver/Src/stm32h5xx_hal_fdcan.c ****   hfdcan->State = HAL_FDCAN_STATE_RESET;
 571:Drivers/STM32H5xx_HAL_Driver/Src/stm32h5xx_hal_fdcan.c **** 
 572:Drivers/STM32H5xx_HAL_Driver/Src/stm32h5xx_hal_fdcan.c ****   /* Return function status */
 573:Drivers/STM32H5xx_HAL_Driver/Src/stm32h5xx_hal_fdcan.c ****   return HAL_OK;
 574:Drivers/STM32H5xx_HAL_Driver/Src/stm32h5xx_hal_fdcan.c **** }
 575:Drivers/STM32H5xx_HAL_Driver/Src/stm32h5xx_hal_fdcan.c **** 
 576:Drivers/STM32H5xx_HAL_Driver/Src/stm32h5xx_hal_fdcan.c **** /**
 577:Drivers/STM32H5xx_HAL_Driver/Src/stm32h5xx_hal_fdcan.c ****   * @brief  Initializes the FDCAN MSP.
 578:Drivers/STM32H5xx_HAL_Driver/Src/stm32h5xx_hal_fdcan.c ****   * @param  hfdcan pointer to an FDCAN_HandleTypeDef structure that contains
 579:Drivers/STM32H5xx_HAL_Driver/Src/stm32h5xx_hal_fdcan.c ****   *         the configuration information for the specified FDCAN.
 580:Drivers/STM32H5xx_HAL_Driver/Src/stm32h5xx_hal_fdcan.c ****   * @retval None
 581:Drivers/STM32H5xx_HAL_Driver/Src/stm32h5xx_hal_fdcan.c ****   */
 582:Drivers/STM32H5xx_HAL_Driver/Src/stm32h5xx_hal_fdcan.c **** __weak void HAL_FDCAN_MspInit(FDCAN_HandleTypeDef *hfdcan)
 583:Drivers/STM32H5xx_HAL_Driver/Src/stm32h5xx_hal_fdcan.c **** {
 584:Drivers/STM32H5xx_HAL_Driver/Src/stm32h5xx_hal_fdcan.c ****   /* Prevent unused argument(s) compilation warning */
 585:Drivers/STM32H5xx_HAL_Driver/Src/stm32h5xx_hal_fdcan.c ****   UNUSED(hfdcan);
 586:Drivers/STM32H5xx_HAL_Driver/Src/stm32h5xx_hal_fdcan.c ****   /* NOTE: This function Should not be modified, when the callback is needed,
 587:Drivers/STM32H5xx_HAL_Driver/Src/stm32h5xx_hal_fdcan.c ****             the HAL_FDCAN_MspInit could be implemented in the user file
 588:Drivers/STM32H5xx_HAL_Driver/Src/stm32h5xx_hal_fdcan.c ****    */
 589:Drivers/STM32H5xx_HAL_Driver/Src/stm32h5xx_hal_fdcan.c **** }
 590:Drivers/STM32H5xx_HAL_Driver/Src/stm32h5xx_hal_fdcan.c **** 
 591:Drivers/STM32H5xx_HAL_Driver/Src/stm32h5xx_hal_fdcan.c **** /**
 592:Drivers/STM32H5xx_HAL_Driver/Src/stm32h5xx_hal_fdcan.c ****   * @brief  DeInitializes the FDCAN MSP.
 593:Drivers/STM32H5xx_HAL_Driver/Src/stm32h5xx_hal_fdcan.c ****   * @param  hfdcan pointer to an FDCAN_HandleTypeDef structure that contains
 594:Drivers/STM32H5xx_HAL_Driver/Src/stm32h5xx_hal_fdcan.c ****   *         the configuration information for the specified FDCAN.
 595:Drivers/STM32H5xx_HAL_Driver/Src/stm32h5xx_hal_fdcan.c ****   * @retval None
 596:Drivers/STM32H5xx_HAL_Driver/Src/stm32h5xx_hal_fdcan.c ****   */
 597:Drivers/STM32H5xx_HAL_Driver/Src/stm32h5xx_hal_fdcan.c **** __weak void HAL_FDCAN_MspDeInit(FDCAN_HandleTypeDef *hfdcan)
 598:Drivers/STM32H5xx_HAL_Driver/Src/stm32h5xx_hal_fdcan.c **** {
 599:Drivers/STM32H5xx_HAL_Driver/Src/stm32h5xx_hal_fdcan.c ****   /* Prevent unused argument(s) compilation warning */
ARM GAS  /tmp/cc1KCPzC.s 			page 12


 600:Drivers/STM32H5xx_HAL_Driver/Src/stm32h5xx_hal_fdcan.c ****   UNUSED(hfdcan);
 601:Drivers/STM32H5xx_HAL_Driver/Src/stm32h5xx_hal_fdcan.c ****   /* NOTE: This function Should not be modified, when the callback is needed,
 602:Drivers/STM32H5xx_HAL_Driver/Src/stm32h5xx_hal_fdcan.c ****             the HAL_FDCAN_MspDeInit could be implemented in the user file
 603:Drivers/STM32H5xx_HAL_Driver/Src/stm32h5xx_hal_fdcan.c ****    */
 604:Drivers/STM32H5xx_HAL_Driver/Src/stm32h5xx_hal_fdcan.c **** }
 605:Drivers/STM32H5xx_HAL_Driver/Src/stm32h5xx_hal_fdcan.c **** 
 606:Drivers/STM32H5xx_HAL_Driver/Src/stm32h5xx_hal_fdcan.c **** /**
 607:Drivers/STM32H5xx_HAL_Driver/Src/stm32h5xx_hal_fdcan.c ****   * @brief  Enter FDCAN peripheral in sleep mode.
 608:Drivers/STM32H5xx_HAL_Driver/Src/stm32h5xx_hal_fdcan.c ****   * @param  hfdcan pointer to an FDCAN_HandleTypeDef structure that contains
 609:Drivers/STM32H5xx_HAL_Driver/Src/stm32h5xx_hal_fdcan.c ****   *         the configuration information for the specified FDCAN.
 610:Drivers/STM32H5xx_HAL_Driver/Src/stm32h5xx_hal_fdcan.c ****   * @retval HAL status
 611:Drivers/STM32H5xx_HAL_Driver/Src/stm32h5xx_hal_fdcan.c ****   */
 612:Drivers/STM32H5xx_HAL_Driver/Src/stm32h5xx_hal_fdcan.c **** HAL_StatusTypeDef HAL_FDCAN_EnterPowerDownMode(FDCAN_HandleTypeDef *hfdcan)
 613:Drivers/STM32H5xx_HAL_Driver/Src/stm32h5xx_hal_fdcan.c **** {
 614:Drivers/STM32H5xx_HAL_Driver/Src/stm32h5xx_hal_fdcan.c ****   uint32_t tickstart;
 615:Drivers/STM32H5xx_HAL_Driver/Src/stm32h5xx_hal_fdcan.c **** 
 616:Drivers/STM32H5xx_HAL_Driver/Src/stm32h5xx_hal_fdcan.c ****   /* Request clock stop */
 617:Drivers/STM32H5xx_HAL_Driver/Src/stm32h5xx_hal_fdcan.c ****   SET_BIT(hfdcan->Instance->CCCR, FDCAN_CCCR_CSR);
 618:Drivers/STM32H5xx_HAL_Driver/Src/stm32h5xx_hal_fdcan.c **** 
 619:Drivers/STM32H5xx_HAL_Driver/Src/stm32h5xx_hal_fdcan.c ****   /* Get tick */
 620:Drivers/STM32H5xx_HAL_Driver/Src/stm32h5xx_hal_fdcan.c ****   tickstart = HAL_GetTick();
 621:Drivers/STM32H5xx_HAL_Driver/Src/stm32h5xx_hal_fdcan.c **** 
 622:Drivers/STM32H5xx_HAL_Driver/Src/stm32h5xx_hal_fdcan.c ****   /* Wait until FDCAN is ready for power down */
 623:Drivers/STM32H5xx_HAL_Driver/Src/stm32h5xx_hal_fdcan.c ****   while ((hfdcan->Instance->CCCR & FDCAN_CCCR_CSA) == 0U)
 624:Drivers/STM32H5xx_HAL_Driver/Src/stm32h5xx_hal_fdcan.c ****   {
 625:Drivers/STM32H5xx_HAL_Driver/Src/stm32h5xx_hal_fdcan.c ****     if ((HAL_GetTick() - tickstart) > FDCAN_TIMEOUT_VALUE)
 626:Drivers/STM32H5xx_HAL_Driver/Src/stm32h5xx_hal_fdcan.c ****     {
 627:Drivers/STM32H5xx_HAL_Driver/Src/stm32h5xx_hal_fdcan.c ****       /* Update error code */
 628:Drivers/STM32H5xx_HAL_Driver/Src/stm32h5xx_hal_fdcan.c ****       hfdcan->ErrorCode |= HAL_FDCAN_ERROR_TIMEOUT;
 629:Drivers/STM32H5xx_HAL_Driver/Src/stm32h5xx_hal_fdcan.c **** 
 630:Drivers/STM32H5xx_HAL_Driver/Src/stm32h5xx_hal_fdcan.c ****       /* Change FDCAN state */
 631:Drivers/STM32H5xx_HAL_Driver/Src/stm32h5xx_hal_fdcan.c ****       hfdcan->State = HAL_FDCAN_STATE_ERROR;
 632:Drivers/STM32H5xx_HAL_Driver/Src/stm32h5xx_hal_fdcan.c **** 
 633:Drivers/STM32H5xx_HAL_Driver/Src/stm32h5xx_hal_fdcan.c ****       return HAL_ERROR;
 634:Drivers/STM32H5xx_HAL_Driver/Src/stm32h5xx_hal_fdcan.c ****     }
 635:Drivers/STM32H5xx_HAL_Driver/Src/stm32h5xx_hal_fdcan.c ****   }
 636:Drivers/STM32H5xx_HAL_Driver/Src/stm32h5xx_hal_fdcan.c **** 
 637:Drivers/STM32H5xx_HAL_Driver/Src/stm32h5xx_hal_fdcan.c ****   /* Return function status */
 638:Drivers/STM32H5xx_HAL_Driver/Src/stm32h5xx_hal_fdcan.c ****   return HAL_OK;
 639:Drivers/STM32H5xx_HAL_Driver/Src/stm32h5xx_hal_fdcan.c **** }
 640:Drivers/STM32H5xx_HAL_Driver/Src/stm32h5xx_hal_fdcan.c **** 
 641:Drivers/STM32H5xx_HAL_Driver/Src/stm32h5xx_hal_fdcan.c **** /**
 642:Drivers/STM32H5xx_HAL_Driver/Src/stm32h5xx_hal_fdcan.c ****   * @brief  Exit power down mode.
 643:Drivers/STM32H5xx_HAL_Driver/Src/stm32h5xx_hal_fdcan.c ****   * @param  hfdcan pointer to an FDCAN_HandleTypeDef structure that contains
 644:Drivers/STM32H5xx_HAL_Driver/Src/stm32h5xx_hal_fdcan.c ****   *         the configuration information for the specified FDCAN.
 645:Drivers/STM32H5xx_HAL_Driver/Src/stm32h5xx_hal_fdcan.c ****   * @retval HAL status
 646:Drivers/STM32H5xx_HAL_Driver/Src/stm32h5xx_hal_fdcan.c ****   */
 647:Drivers/STM32H5xx_HAL_Driver/Src/stm32h5xx_hal_fdcan.c **** HAL_StatusTypeDef HAL_FDCAN_ExitPowerDownMode(FDCAN_HandleTypeDef *hfdcan)
 648:Drivers/STM32H5xx_HAL_Driver/Src/stm32h5xx_hal_fdcan.c **** {
 649:Drivers/STM32H5xx_HAL_Driver/Src/stm32h5xx_hal_fdcan.c ****   uint32_t tickstart;
 650:Drivers/STM32H5xx_HAL_Driver/Src/stm32h5xx_hal_fdcan.c **** 
 651:Drivers/STM32H5xx_HAL_Driver/Src/stm32h5xx_hal_fdcan.c ****   /* Reset clock stop request */
 652:Drivers/STM32H5xx_HAL_Driver/Src/stm32h5xx_hal_fdcan.c ****   CLEAR_BIT(hfdcan->Instance->CCCR, FDCAN_CCCR_CSR);
 653:Drivers/STM32H5xx_HAL_Driver/Src/stm32h5xx_hal_fdcan.c **** 
 654:Drivers/STM32H5xx_HAL_Driver/Src/stm32h5xx_hal_fdcan.c ****   /* Get tick */
 655:Drivers/STM32H5xx_HAL_Driver/Src/stm32h5xx_hal_fdcan.c ****   tickstart = HAL_GetTick();
 656:Drivers/STM32H5xx_HAL_Driver/Src/stm32h5xx_hal_fdcan.c **** 
ARM GAS  /tmp/cc1KCPzC.s 			page 13


 657:Drivers/STM32H5xx_HAL_Driver/Src/stm32h5xx_hal_fdcan.c ****   /* Wait until FDCAN exits sleep mode */
 658:Drivers/STM32H5xx_HAL_Driver/Src/stm32h5xx_hal_fdcan.c ****   while ((hfdcan->Instance->CCCR & FDCAN_CCCR_CSA) == FDCAN_CCCR_CSA)
 659:Drivers/STM32H5xx_HAL_Driver/Src/stm32h5xx_hal_fdcan.c ****   {
 660:Drivers/STM32H5xx_HAL_Driver/Src/stm32h5xx_hal_fdcan.c ****     if ((HAL_GetTick() - tickstart) > FDCAN_TIMEOUT_VALUE)
 661:Drivers/STM32H5xx_HAL_Driver/Src/stm32h5xx_hal_fdcan.c ****     {
 662:Drivers/STM32H5xx_HAL_Driver/Src/stm32h5xx_hal_fdcan.c ****       /* Update error code */
 663:Drivers/STM32H5xx_HAL_Driver/Src/stm32h5xx_hal_fdcan.c ****       hfdcan->ErrorCode |= HAL_FDCAN_ERROR_TIMEOUT;
 664:Drivers/STM32H5xx_HAL_Driver/Src/stm32h5xx_hal_fdcan.c **** 
 665:Drivers/STM32H5xx_HAL_Driver/Src/stm32h5xx_hal_fdcan.c ****       /* Change FDCAN state */
 666:Drivers/STM32H5xx_HAL_Driver/Src/stm32h5xx_hal_fdcan.c ****       hfdcan->State = HAL_FDCAN_STATE_ERROR;
 667:Drivers/STM32H5xx_HAL_Driver/Src/stm32h5xx_hal_fdcan.c **** 
 668:Drivers/STM32H5xx_HAL_Driver/Src/stm32h5xx_hal_fdcan.c ****       return HAL_ERROR;
 669:Drivers/STM32H5xx_HAL_Driver/Src/stm32h5xx_hal_fdcan.c ****     }
 670:Drivers/STM32H5xx_HAL_Driver/Src/stm32h5xx_hal_fdcan.c ****   }
 671:Drivers/STM32H5xx_HAL_Driver/Src/stm32h5xx_hal_fdcan.c **** 
 672:Drivers/STM32H5xx_HAL_Driver/Src/stm32h5xx_hal_fdcan.c ****   /* Enter normal operation */
 673:Drivers/STM32H5xx_HAL_Driver/Src/stm32h5xx_hal_fdcan.c ****   CLEAR_BIT(hfdcan->Instance->CCCR, FDCAN_CCCR_INIT);
 674:Drivers/STM32H5xx_HAL_Driver/Src/stm32h5xx_hal_fdcan.c **** 
 675:Drivers/STM32H5xx_HAL_Driver/Src/stm32h5xx_hal_fdcan.c ****   /* Return function status */
 676:Drivers/STM32H5xx_HAL_Driver/Src/stm32h5xx_hal_fdcan.c ****   return HAL_OK;
 677:Drivers/STM32H5xx_HAL_Driver/Src/stm32h5xx_hal_fdcan.c **** }
 678:Drivers/STM32H5xx_HAL_Driver/Src/stm32h5xx_hal_fdcan.c **** 
 679:Drivers/STM32H5xx_HAL_Driver/Src/stm32h5xx_hal_fdcan.c **** #if USE_HAL_FDCAN_REGISTER_CALLBACKS == 1
 680:Drivers/STM32H5xx_HAL_Driver/Src/stm32h5xx_hal_fdcan.c **** /**
 681:Drivers/STM32H5xx_HAL_Driver/Src/stm32h5xx_hal_fdcan.c ****   * @brief  Register a FDCAN CallBack.
 682:Drivers/STM32H5xx_HAL_Driver/Src/stm32h5xx_hal_fdcan.c ****   *         To be used instead of the weak predefined callback
 683:Drivers/STM32H5xx_HAL_Driver/Src/stm32h5xx_hal_fdcan.c ****   * @param  hfdcan pointer to a FDCAN_HandleTypeDef structure that contains
 684:Drivers/STM32H5xx_HAL_Driver/Src/stm32h5xx_hal_fdcan.c ****   *         the configuration information for FDCAN module
 685:Drivers/STM32H5xx_HAL_Driver/Src/stm32h5xx_hal_fdcan.c ****   * @param  CallbackID ID of the callback to be registered
 686:Drivers/STM32H5xx_HAL_Driver/Src/stm32h5xx_hal_fdcan.c ****   *         This parameter can be one of the following values:
 687:Drivers/STM32H5xx_HAL_Driver/Src/stm32h5xx_hal_fdcan.c ****   *           @arg @ref HAL_FDCAN_TX_FIFO_EMPTY_CB_ID Tx Fifo Empty callback ID
 688:Drivers/STM32H5xx_HAL_Driver/Src/stm32h5xx_hal_fdcan.c ****   *           @arg @ref HAL_FDCAN_HIGH_PRIO_MESSAGE_CB_ID High priority message callback ID
 689:Drivers/STM32H5xx_HAL_Driver/Src/stm32h5xx_hal_fdcan.c ****   *           @arg @ref HAL_FDCAN_TIMESTAMP_WRAPAROUND_CB_ID Timestamp wraparound callback ID
 690:Drivers/STM32H5xx_HAL_Driver/Src/stm32h5xx_hal_fdcan.c ****   *           @arg @ref HAL_FDCAN_TIMEOUT_OCCURRED_CB_ID Timeout occurred callback ID
 691:Drivers/STM32H5xx_HAL_Driver/Src/stm32h5xx_hal_fdcan.c ****   *           @arg @ref HAL_FDCAN_ERROR_CALLBACK_CB_ID Error callback ID
 692:Drivers/STM32H5xx_HAL_Driver/Src/stm32h5xx_hal_fdcan.c ****   *           @arg @ref HAL_FDCAN_MSPINIT_CB_ID MspInit callback ID
 693:Drivers/STM32H5xx_HAL_Driver/Src/stm32h5xx_hal_fdcan.c ****   *           @arg @ref HAL_FDCAN_MSPDEINIT_CB_ID MspDeInit callback ID
 694:Drivers/STM32H5xx_HAL_Driver/Src/stm32h5xx_hal_fdcan.c ****   * @param  pCallback pointer to the Callback function
 695:Drivers/STM32H5xx_HAL_Driver/Src/stm32h5xx_hal_fdcan.c ****   * @retval HAL status
 696:Drivers/STM32H5xx_HAL_Driver/Src/stm32h5xx_hal_fdcan.c ****   */
 697:Drivers/STM32H5xx_HAL_Driver/Src/stm32h5xx_hal_fdcan.c **** HAL_StatusTypeDef HAL_FDCAN_RegisterCallback(FDCAN_HandleTypeDef *hfdcan, HAL_FDCAN_CallbackIDTypeD
 698:Drivers/STM32H5xx_HAL_Driver/Src/stm32h5xx_hal_fdcan.c ****                                              void (* pCallback)(FDCAN_HandleTypeDef *_hFDCAN))
 699:Drivers/STM32H5xx_HAL_Driver/Src/stm32h5xx_hal_fdcan.c **** {
 700:Drivers/STM32H5xx_HAL_Driver/Src/stm32h5xx_hal_fdcan.c ****   HAL_StatusTypeDef status = HAL_OK;
 701:Drivers/STM32H5xx_HAL_Driver/Src/stm32h5xx_hal_fdcan.c **** 
 702:Drivers/STM32H5xx_HAL_Driver/Src/stm32h5xx_hal_fdcan.c ****   if (pCallback == NULL)
 703:Drivers/STM32H5xx_HAL_Driver/Src/stm32h5xx_hal_fdcan.c ****   {
 704:Drivers/STM32H5xx_HAL_Driver/Src/stm32h5xx_hal_fdcan.c ****     /* Update the error code */
 705:Drivers/STM32H5xx_HAL_Driver/Src/stm32h5xx_hal_fdcan.c ****     hfdcan->ErrorCode |= HAL_FDCAN_ERROR_INVALID_CALLBACK;
 706:Drivers/STM32H5xx_HAL_Driver/Src/stm32h5xx_hal_fdcan.c **** 
 707:Drivers/STM32H5xx_HAL_Driver/Src/stm32h5xx_hal_fdcan.c ****     return HAL_ERROR;
 708:Drivers/STM32H5xx_HAL_Driver/Src/stm32h5xx_hal_fdcan.c ****   }
 709:Drivers/STM32H5xx_HAL_Driver/Src/stm32h5xx_hal_fdcan.c **** 
 710:Drivers/STM32H5xx_HAL_Driver/Src/stm32h5xx_hal_fdcan.c ****   if (hfdcan->State == HAL_FDCAN_STATE_READY)
 711:Drivers/STM32H5xx_HAL_Driver/Src/stm32h5xx_hal_fdcan.c ****   {
 712:Drivers/STM32H5xx_HAL_Driver/Src/stm32h5xx_hal_fdcan.c ****     switch (CallbackID)
 713:Drivers/STM32H5xx_HAL_Driver/Src/stm32h5xx_hal_fdcan.c ****     {
ARM GAS  /tmp/cc1KCPzC.s 			page 14


 714:Drivers/STM32H5xx_HAL_Driver/Src/stm32h5xx_hal_fdcan.c ****       case HAL_FDCAN_TX_FIFO_EMPTY_CB_ID :
 715:Drivers/STM32H5xx_HAL_Driver/Src/stm32h5xx_hal_fdcan.c ****         hfdcan->TxFifoEmptyCallback = pCallback;
 716:Drivers/STM32H5xx_HAL_Driver/Src/stm32h5xx_hal_fdcan.c ****         break;
 717:Drivers/STM32H5xx_HAL_Driver/Src/stm32h5xx_hal_fdcan.c **** 
 718:Drivers/STM32H5xx_HAL_Driver/Src/stm32h5xx_hal_fdcan.c ****       case HAL_FDCAN_HIGH_PRIO_MESSAGE_CB_ID :
 719:Drivers/STM32H5xx_HAL_Driver/Src/stm32h5xx_hal_fdcan.c ****         hfdcan->HighPriorityMessageCallback = pCallback;
 720:Drivers/STM32H5xx_HAL_Driver/Src/stm32h5xx_hal_fdcan.c ****         break;
 721:Drivers/STM32H5xx_HAL_Driver/Src/stm32h5xx_hal_fdcan.c **** 
 722:Drivers/STM32H5xx_HAL_Driver/Src/stm32h5xx_hal_fdcan.c ****       case HAL_FDCAN_TIMESTAMP_WRAPAROUND_CB_ID :
 723:Drivers/STM32H5xx_HAL_Driver/Src/stm32h5xx_hal_fdcan.c ****         hfdcan->TimestampWraparoundCallback = pCallback;
 724:Drivers/STM32H5xx_HAL_Driver/Src/stm32h5xx_hal_fdcan.c ****         break;
 725:Drivers/STM32H5xx_HAL_Driver/Src/stm32h5xx_hal_fdcan.c **** 
 726:Drivers/STM32H5xx_HAL_Driver/Src/stm32h5xx_hal_fdcan.c ****       case HAL_FDCAN_TIMEOUT_OCCURRED_CB_ID :
 727:Drivers/STM32H5xx_HAL_Driver/Src/stm32h5xx_hal_fdcan.c ****         hfdcan->TimeoutOccurredCallback = pCallback;
 728:Drivers/STM32H5xx_HAL_Driver/Src/stm32h5xx_hal_fdcan.c ****         break;
 729:Drivers/STM32H5xx_HAL_Driver/Src/stm32h5xx_hal_fdcan.c **** 
 730:Drivers/STM32H5xx_HAL_Driver/Src/stm32h5xx_hal_fdcan.c ****       case HAL_FDCAN_ERROR_CALLBACK_CB_ID :
 731:Drivers/STM32H5xx_HAL_Driver/Src/stm32h5xx_hal_fdcan.c ****         hfdcan->ErrorCallback = pCallback;
 732:Drivers/STM32H5xx_HAL_Driver/Src/stm32h5xx_hal_fdcan.c ****         break;
 733:Drivers/STM32H5xx_HAL_Driver/Src/stm32h5xx_hal_fdcan.c **** 
 734:Drivers/STM32H5xx_HAL_Driver/Src/stm32h5xx_hal_fdcan.c ****       case HAL_FDCAN_MSPINIT_CB_ID :
 735:Drivers/STM32H5xx_HAL_Driver/Src/stm32h5xx_hal_fdcan.c ****         hfdcan->MspInitCallback = pCallback;
 736:Drivers/STM32H5xx_HAL_Driver/Src/stm32h5xx_hal_fdcan.c ****         break;
 737:Drivers/STM32H5xx_HAL_Driver/Src/stm32h5xx_hal_fdcan.c **** 
 738:Drivers/STM32H5xx_HAL_Driver/Src/stm32h5xx_hal_fdcan.c ****       case HAL_FDCAN_MSPDEINIT_CB_ID :
 739:Drivers/STM32H5xx_HAL_Driver/Src/stm32h5xx_hal_fdcan.c ****         hfdcan->MspDeInitCallback = pCallback;
 740:Drivers/STM32H5xx_HAL_Driver/Src/stm32h5xx_hal_fdcan.c ****         break;
 741:Drivers/STM32H5xx_HAL_Driver/Src/stm32h5xx_hal_fdcan.c **** 
 742:Drivers/STM32H5xx_HAL_Driver/Src/stm32h5xx_hal_fdcan.c ****       default :
 743:Drivers/STM32H5xx_HAL_Driver/Src/stm32h5xx_hal_fdcan.c ****         /* Update the error code */
 744:Drivers/STM32H5xx_HAL_Driver/Src/stm32h5xx_hal_fdcan.c ****         hfdcan->ErrorCode |= HAL_FDCAN_ERROR_INVALID_CALLBACK;
 745:Drivers/STM32H5xx_HAL_Driver/Src/stm32h5xx_hal_fdcan.c **** 
 746:Drivers/STM32H5xx_HAL_Driver/Src/stm32h5xx_hal_fdcan.c ****         /* Return error status */
 747:Drivers/STM32H5xx_HAL_Driver/Src/stm32h5xx_hal_fdcan.c ****         status =  HAL_ERROR;
 748:Drivers/STM32H5xx_HAL_Driver/Src/stm32h5xx_hal_fdcan.c ****         break;
 749:Drivers/STM32H5xx_HAL_Driver/Src/stm32h5xx_hal_fdcan.c ****     }
 750:Drivers/STM32H5xx_HAL_Driver/Src/stm32h5xx_hal_fdcan.c ****   }
 751:Drivers/STM32H5xx_HAL_Driver/Src/stm32h5xx_hal_fdcan.c ****   else if (hfdcan->State == HAL_FDCAN_STATE_RESET)
 752:Drivers/STM32H5xx_HAL_Driver/Src/stm32h5xx_hal_fdcan.c ****   {
 753:Drivers/STM32H5xx_HAL_Driver/Src/stm32h5xx_hal_fdcan.c ****     switch (CallbackID)
 754:Drivers/STM32H5xx_HAL_Driver/Src/stm32h5xx_hal_fdcan.c ****     {
 755:Drivers/STM32H5xx_HAL_Driver/Src/stm32h5xx_hal_fdcan.c ****       case HAL_FDCAN_MSPINIT_CB_ID :
 756:Drivers/STM32H5xx_HAL_Driver/Src/stm32h5xx_hal_fdcan.c ****         hfdcan->MspInitCallback = pCallback;
 757:Drivers/STM32H5xx_HAL_Driver/Src/stm32h5xx_hal_fdcan.c ****         break;
 758:Drivers/STM32H5xx_HAL_Driver/Src/stm32h5xx_hal_fdcan.c **** 
 759:Drivers/STM32H5xx_HAL_Driver/Src/stm32h5xx_hal_fdcan.c ****       case HAL_FDCAN_MSPDEINIT_CB_ID :
 760:Drivers/STM32H5xx_HAL_Driver/Src/stm32h5xx_hal_fdcan.c ****         hfdcan->MspDeInitCallback = pCallback;
 761:Drivers/STM32H5xx_HAL_Driver/Src/stm32h5xx_hal_fdcan.c ****         break;
 762:Drivers/STM32H5xx_HAL_Driver/Src/stm32h5xx_hal_fdcan.c **** 
 763:Drivers/STM32H5xx_HAL_Driver/Src/stm32h5xx_hal_fdcan.c ****       default :
 764:Drivers/STM32H5xx_HAL_Driver/Src/stm32h5xx_hal_fdcan.c ****         /* Update the error code */
 765:Drivers/STM32H5xx_HAL_Driver/Src/stm32h5xx_hal_fdcan.c ****         hfdcan->ErrorCode |= HAL_FDCAN_ERROR_INVALID_CALLBACK;
 766:Drivers/STM32H5xx_HAL_Driver/Src/stm32h5xx_hal_fdcan.c **** 
 767:Drivers/STM32H5xx_HAL_Driver/Src/stm32h5xx_hal_fdcan.c ****         /* Return error status */
 768:Drivers/STM32H5xx_HAL_Driver/Src/stm32h5xx_hal_fdcan.c ****         status =  HAL_ERROR;
 769:Drivers/STM32H5xx_HAL_Driver/Src/stm32h5xx_hal_fdcan.c ****         break;
 770:Drivers/STM32H5xx_HAL_Driver/Src/stm32h5xx_hal_fdcan.c ****     }
ARM GAS  /tmp/cc1KCPzC.s 			page 15


 771:Drivers/STM32H5xx_HAL_Driver/Src/stm32h5xx_hal_fdcan.c ****   }
 772:Drivers/STM32H5xx_HAL_Driver/Src/stm32h5xx_hal_fdcan.c ****   else
 773:Drivers/STM32H5xx_HAL_Driver/Src/stm32h5xx_hal_fdcan.c ****   {
 774:Drivers/STM32H5xx_HAL_Driver/Src/stm32h5xx_hal_fdcan.c ****     /* Update the error code */
 775:Drivers/STM32H5xx_HAL_Driver/Src/stm32h5xx_hal_fdcan.c ****     hfdcan->ErrorCode |= HAL_FDCAN_ERROR_INVALID_CALLBACK;
 776:Drivers/STM32H5xx_HAL_Driver/Src/stm32h5xx_hal_fdcan.c **** 
 777:Drivers/STM32H5xx_HAL_Driver/Src/stm32h5xx_hal_fdcan.c ****     /* Return error status */
 778:Drivers/STM32H5xx_HAL_Driver/Src/stm32h5xx_hal_fdcan.c ****     status =  HAL_ERROR;
 779:Drivers/STM32H5xx_HAL_Driver/Src/stm32h5xx_hal_fdcan.c ****   }
 780:Drivers/STM32H5xx_HAL_Driver/Src/stm32h5xx_hal_fdcan.c **** 
 781:Drivers/STM32H5xx_HAL_Driver/Src/stm32h5xx_hal_fdcan.c ****   return status;
 782:Drivers/STM32H5xx_HAL_Driver/Src/stm32h5xx_hal_fdcan.c **** }
 783:Drivers/STM32H5xx_HAL_Driver/Src/stm32h5xx_hal_fdcan.c **** 
 784:Drivers/STM32H5xx_HAL_Driver/Src/stm32h5xx_hal_fdcan.c **** /**
 785:Drivers/STM32H5xx_HAL_Driver/Src/stm32h5xx_hal_fdcan.c ****   * @brief  Unregister a FDCAN CallBack.
 786:Drivers/STM32H5xx_HAL_Driver/Src/stm32h5xx_hal_fdcan.c ****   *         FDCAN callback is redirected to the weak predefined callback
 787:Drivers/STM32H5xx_HAL_Driver/Src/stm32h5xx_hal_fdcan.c ****   * @param  hfdcan pointer to a FDCAN_HandleTypeDef structure that contains
 788:Drivers/STM32H5xx_HAL_Driver/Src/stm32h5xx_hal_fdcan.c ****   *         the configuration information for FDCAN module
 789:Drivers/STM32H5xx_HAL_Driver/Src/stm32h5xx_hal_fdcan.c ****   * @param  CallbackID ID of the callback to be unregistered
 790:Drivers/STM32H5xx_HAL_Driver/Src/stm32h5xx_hal_fdcan.c ****   *         This parameter can be one of the following values:
 791:Drivers/STM32H5xx_HAL_Driver/Src/stm32h5xx_hal_fdcan.c ****   *           @arg @ref HAL_FDCAN_TX_FIFO_EMPTY_CB_ID Tx Fifo Empty callback ID
 792:Drivers/STM32H5xx_HAL_Driver/Src/stm32h5xx_hal_fdcan.c ****   *           @arg @ref HAL_FDCAN_HIGH_PRIO_MESSAGE_CB_ID High priority message callback ID
 793:Drivers/STM32H5xx_HAL_Driver/Src/stm32h5xx_hal_fdcan.c ****   *           @arg @ref HAL_FDCAN_TIMESTAMP_WRAPAROUND_CB_ID Timestamp wraparound callback ID
 794:Drivers/STM32H5xx_HAL_Driver/Src/stm32h5xx_hal_fdcan.c ****   *           @arg @ref HAL_FDCAN_TIMEOUT_OCCURRED_CB_ID Timeout occurred callback ID
 795:Drivers/STM32H5xx_HAL_Driver/Src/stm32h5xx_hal_fdcan.c ****   *           @arg @ref HAL_FDCAN_ERROR_CALLBACK_CB_ID Error callback ID
 796:Drivers/STM32H5xx_HAL_Driver/Src/stm32h5xx_hal_fdcan.c ****   *           @arg @ref HAL_FDCAN_MSPINIT_CB_ID MspInit callback ID
 797:Drivers/STM32H5xx_HAL_Driver/Src/stm32h5xx_hal_fdcan.c ****   *           @arg @ref HAL_FDCAN_MSPDEINIT_CB_ID MspDeInit callback ID
 798:Drivers/STM32H5xx_HAL_Driver/Src/stm32h5xx_hal_fdcan.c ****   * @retval HAL status
 799:Drivers/STM32H5xx_HAL_Driver/Src/stm32h5xx_hal_fdcan.c ****   */
 800:Drivers/STM32H5xx_HAL_Driver/Src/stm32h5xx_hal_fdcan.c **** HAL_StatusTypeDef HAL_FDCAN_UnRegisterCallback(FDCAN_HandleTypeDef *hfdcan, HAL_FDCAN_CallbackIDTyp
 801:Drivers/STM32H5xx_HAL_Driver/Src/stm32h5xx_hal_fdcan.c **** {
 802:Drivers/STM32H5xx_HAL_Driver/Src/stm32h5xx_hal_fdcan.c ****   HAL_StatusTypeDef status = HAL_OK;
 803:Drivers/STM32H5xx_HAL_Driver/Src/stm32h5xx_hal_fdcan.c **** 
 804:Drivers/STM32H5xx_HAL_Driver/Src/stm32h5xx_hal_fdcan.c ****   if (hfdcan->State == HAL_FDCAN_STATE_READY)
 805:Drivers/STM32H5xx_HAL_Driver/Src/stm32h5xx_hal_fdcan.c ****   {
 806:Drivers/STM32H5xx_HAL_Driver/Src/stm32h5xx_hal_fdcan.c ****     switch (CallbackID)
 807:Drivers/STM32H5xx_HAL_Driver/Src/stm32h5xx_hal_fdcan.c ****     {
 808:Drivers/STM32H5xx_HAL_Driver/Src/stm32h5xx_hal_fdcan.c ****       case HAL_FDCAN_TX_FIFO_EMPTY_CB_ID :
 809:Drivers/STM32H5xx_HAL_Driver/Src/stm32h5xx_hal_fdcan.c ****         hfdcan->TxFifoEmptyCallback = HAL_FDCAN_TxFifoEmptyCallback;
 810:Drivers/STM32H5xx_HAL_Driver/Src/stm32h5xx_hal_fdcan.c ****         break;
 811:Drivers/STM32H5xx_HAL_Driver/Src/stm32h5xx_hal_fdcan.c **** 
 812:Drivers/STM32H5xx_HAL_Driver/Src/stm32h5xx_hal_fdcan.c ****       case HAL_FDCAN_HIGH_PRIO_MESSAGE_CB_ID :
 813:Drivers/STM32H5xx_HAL_Driver/Src/stm32h5xx_hal_fdcan.c ****         hfdcan->HighPriorityMessageCallback = HAL_FDCAN_HighPriorityMessageCallback;
 814:Drivers/STM32H5xx_HAL_Driver/Src/stm32h5xx_hal_fdcan.c ****         break;
 815:Drivers/STM32H5xx_HAL_Driver/Src/stm32h5xx_hal_fdcan.c **** 
 816:Drivers/STM32H5xx_HAL_Driver/Src/stm32h5xx_hal_fdcan.c ****       case HAL_FDCAN_TIMESTAMP_WRAPAROUND_CB_ID :
 817:Drivers/STM32H5xx_HAL_Driver/Src/stm32h5xx_hal_fdcan.c ****         hfdcan->TimestampWraparoundCallback = HAL_FDCAN_TimestampWraparoundCallback;
 818:Drivers/STM32H5xx_HAL_Driver/Src/stm32h5xx_hal_fdcan.c ****         break;
 819:Drivers/STM32H5xx_HAL_Driver/Src/stm32h5xx_hal_fdcan.c **** 
 820:Drivers/STM32H5xx_HAL_Driver/Src/stm32h5xx_hal_fdcan.c ****       case HAL_FDCAN_TIMEOUT_OCCURRED_CB_ID :
 821:Drivers/STM32H5xx_HAL_Driver/Src/stm32h5xx_hal_fdcan.c ****         hfdcan->TimeoutOccurredCallback = HAL_FDCAN_TimeoutOccurredCallback;
 822:Drivers/STM32H5xx_HAL_Driver/Src/stm32h5xx_hal_fdcan.c ****         break;
 823:Drivers/STM32H5xx_HAL_Driver/Src/stm32h5xx_hal_fdcan.c **** 
 824:Drivers/STM32H5xx_HAL_Driver/Src/stm32h5xx_hal_fdcan.c ****       case HAL_FDCAN_ERROR_CALLBACK_CB_ID :
 825:Drivers/STM32H5xx_HAL_Driver/Src/stm32h5xx_hal_fdcan.c ****         hfdcan->ErrorCallback = HAL_FDCAN_ErrorCallback;
 826:Drivers/STM32H5xx_HAL_Driver/Src/stm32h5xx_hal_fdcan.c ****         break;
 827:Drivers/STM32H5xx_HAL_Driver/Src/stm32h5xx_hal_fdcan.c **** 
ARM GAS  /tmp/cc1KCPzC.s 			page 16


 828:Drivers/STM32H5xx_HAL_Driver/Src/stm32h5xx_hal_fdcan.c ****       case HAL_FDCAN_MSPINIT_CB_ID :
 829:Drivers/STM32H5xx_HAL_Driver/Src/stm32h5xx_hal_fdcan.c ****         hfdcan->MspInitCallback = HAL_FDCAN_MspInit;
 830:Drivers/STM32H5xx_HAL_Driver/Src/stm32h5xx_hal_fdcan.c ****         break;
 831:Drivers/STM32H5xx_HAL_Driver/Src/stm32h5xx_hal_fdcan.c **** 
 832:Drivers/STM32H5xx_HAL_Driver/Src/stm32h5xx_hal_fdcan.c ****       case HAL_FDCAN_MSPDEINIT_CB_ID :
 833:Drivers/STM32H5xx_HAL_Driver/Src/stm32h5xx_hal_fdcan.c ****         hfdcan->MspDeInitCallback = HAL_FDCAN_MspDeInit;
 834:Drivers/STM32H5xx_HAL_Driver/Src/stm32h5xx_hal_fdcan.c ****         break;
 835:Drivers/STM32H5xx_HAL_Driver/Src/stm32h5xx_hal_fdcan.c **** 
 836:Drivers/STM32H5xx_HAL_Driver/Src/stm32h5xx_hal_fdcan.c ****       default :
 837:Drivers/STM32H5xx_HAL_Driver/Src/stm32h5xx_hal_fdcan.c ****         /* Update the error code */
 838:Drivers/STM32H5xx_HAL_Driver/Src/stm32h5xx_hal_fdcan.c ****         hfdcan->ErrorCode |= HAL_FDCAN_ERROR_INVALID_CALLBACK;
 839:Drivers/STM32H5xx_HAL_Driver/Src/stm32h5xx_hal_fdcan.c **** 
 840:Drivers/STM32H5xx_HAL_Driver/Src/stm32h5xx_hal_fdcan.c ****         /* Return error status */
 841:Drivers/STM32H5xx_HAL_Driver/Src/stm32h5xx_hal_fdcan.c ****         status =  HAL_ERROR;
 842:Drivers/STM32H5xx_HAL_Driver/Src/stm32h5xx_hal_fdcan.c ****         break;
 843:Drivers/STM32H5xx_HAL_Driver/Src/stm32h5xx_hal_fdcan.c ****     }
 844:Drivers/STM32H5xx_HAL_Driver/Src/stm32h5xx_hal_fdcan.c ****   }
 845:Drivers/STM32H5xx_HAL_Driver/Src/stm32h5xx_hal_fdcan.c ****   else if (hfdcan->State == HAL_FDCAN_STATE_RESET)
 846:Drivers/STM32H5xx_HAL_Driver/Src/stm32h5xx_hal_fdcan.c ****   {
 847:Drivers/STM32H5xx_HAL_Driver/Src/stm32h5xx_hal_fdcan.c ****     switch (CallbackID)
 848:Drivers/STM32H5xx_HAL_Driver/Src/stm32h5xx_hal_fdcan.c ****     {
 849:Drivers/STM32H5xx_HAL_Driver/Src/stm32h5xx_hal_fdcan.c ****       case HAL_FDCAN_MSPINIT_CB_ID :
 850:Drivers/STM32H5xx_HAL_Driver/Src/stm32h5xx_hal_fdcan.c ****         hfdcan->MspInitCallback = HAL_FDCAN_MspInit;
 851:Drivers/STM32H5xx_HAL_Driver/Src/stm32h5xx_hal_fdcan.c ****         break;
 852:Drivers/STM32H5xx_HAL_Driver/Src/stm32h5xx_hal_fdcan.c **** 
 853:Drivers/STM32H5xx_HAL_Driver/Src/stm32h5xx_hal_fdcan.c ****       case HAL_FDCAN_MSPDEINIT_CB_ID :
 854:Drivers/STM32H5xx_HAL_Driver/Src/stm32h5xx_hal_fdcan.c ****         hfdcan->MspDeInitCallback = HAL_FDCAN_MspDeInit;
 855:Drivers/STM32H5xx_HAL_Driver/Src/stm32h5xx_hal_fdcan.c ****         break;
 856:Drivers/STM32H5xx_HAL_Driver/Src/stm32h5xx_hal_fdcan.c **** 
 857:Drivers/STM32H5xx_HAL_Driver/Src/stm32h5xx_hal_fdcan.c ****       default :
 858:Drivers/STM32H5xx_HAL_Driver/Src/stm32h5xx_hal_fdcan.c ****         /* Update the error code */
 859:Drivers/STM32H5xx_HAL_Driver/Src/stm32h5xx_hal_fdcan.c ****         hfdcan->ErrorCode |= HAL_FDCAN_ERROR_INVALID_CALLBACK;
 860:Drivers/STM32H5xx_HAL_Driver/Src/stm32h5xx_hal_fdcan.c **** 
 861:Drivers/STM32H5xx_HAL_Driver/Src/stm32h5xx_hal_fdcan.c ****         /* Return error status */
 862:Drivers/STM32H5xx_HAL_Driver/Src/stm32h5xx_hal_fdcan.c ****         status =  HAL_ERROR;
 863:Drivers/STM32H5xx_HAL_Driver/Src/stm32h5xx_hal_fdcan.c ****         break;
 864:Drivers/STM32H5xx_HAL_Driver/Src/stm32h5xx_hal_fdcan.c ****     }
 865:Drivers/STM32H5xx_HAL_Driver/Src/stm32h5xx_hal_fdcan.c ****   }
 866:Drivers/STM32H5xx_HAL_Driver/Src/stm32h5xx_hal_fdcan.c ****   else
 867:Drivers/STM32H5xx_HAL_Driver/Src/stm32h5xx_hal_fdcan.c ****   {
 868:Drivers/STM32H5xx_HAL_Driver/Src/stm32h5xx_hal_fdcan.c ****     /* Update the error code */
 869:Drivers/STM32H5xx_HAL_Driver/Src/stm32h5xx_hal_fdcan.c ****     hfdcan->ErrorCode |= HAL_FDCAN_ERROR_INVALID_CALLBACK;
 870:Drivers/STM32H5xx_HAL_Driver/Src/stm32h5xx_hal_fdcan.c **** 
 871:Drivers/STM32H5xx_HAL_Driver/Src/stm32h5xx_hal_fdcan.c ****     /* Return error status */
 872:Drivers/STM32H5xx_HAL_Driver/Src/stm32h5xx_hal_fdcan.c ****     status =  HAL_ERROR;
 873:Drivers/STM32H5xx_HAL_Driver/Src/stm32h5xx_hal_fdcan.c ****   }
 874:Drivers/STM32H5xx_HAL_Driver/Src/stm32h5xx_hal_fdcan.c **** 
 875:Drivers/STM32H5xx_HAL_Driver/Src/stm32h5xx_hal_fdcan.c ****   return status;
 876:Drivers/STM32H5xx_HAL_Driver/Src/stm32h5xx_hal_fdcan.c **** }
 877:Drivers/STM32H5xx_HAL_Driver/Src/stm32h5xx_hal_fdcan.c **** 
 878:Drivers/STM32H5xx_HAL_Driver/Src/stm32h5xx_hal_fdcan.c **** /**
 879:Drivers/STM32H5xx_HAL_Driver/Src/stm32h5xx_hal_fdcan.c ****   * @brief  Register Tx Event Fifo FDCAN Callback
 880:Drivers/STM32H5xx_HAL_Driver/Src/stm32h5xx_hal_fdcan.c ****   *         To be used instead of the weak HAL_FDCAN_TxEventFifoCallback() predefined callback
 881:Drivers/STM32H5xx_HAL_Driver/Src/stm32h5xx_hal_fdcan.c ****   * @param  hfdcan FDCAN handle
 882:Drivers/STM32H5xx_HAL_Driver/Src/stm32h5xx_hal_fdcan.c ****   * @param  pCallback pointer to the Tx Event Fifo Callback function
 883:Drivers/STM32H5xx_HAL_Driver/Src/stm32h5xx_hal_fdcan.c ****   * @retval HAL status
 884:Drivers/STM32H5xx_HAL_Driver/Src/stm32h5xx_hal_fdcan.c ****   */
ARM GAS  /tmp/cc1KCPzC.s 			page 17


 885:Drivers/STM32H5xx_HAL_Driver/Src/stm32h5xx_hal_fdcan.c **** HAL_StatusTypeDef HAL_FDCAN_RegisterTxEventFifoCallback(FDCAN_HandleTypeDef *hfdcan,
 886:Drivers/STM32H5xx_HAL_Driver/Src/stm32h5xx_hal_fdcan.c ****                                                         pFDCAN_TxEventFifoCallbackTypeDef pCallback
 887:Drivers/STM32H5xx_HAL_Driver/Src/stm32h5xx_hal_fdcan.c **** {
 888:Drivers/STM32H5xx_HAL_Driver/Src/stm32h5xx_hal_fdcan.c ****   HAL_StatusTypeDef status = HAL_OK;
 889:Drivers/STM32H5xx_HAL_Driver/Src/stm32h5xx_hal_fdcan.c **** 
 890:Drivers/STM32H5xx_HAL_Driver/Src/stm32h5xx_hal_fdcan.c ****   if (pCallback == NULL)
 891:Drivers/STM32H5xx_HAL_Driver/Src/stm32h5xx_hal_fdcan.c ****   {
 892:Drivers/STM32H5xx_HAL_Driver/Src/stm32h5xx_hal_fdcan.c ****     /* Update the error code */
 893:Drivers/STM32H5xx_HAL_Driver/Src/stm32h5xx_hal_fdcan.c ****     hfdcan->ErrorCode |= HAL_FDCAN_ERROR_INVALID_CALLBACK;
 894:Drivers/STM32H5xx_HAL_Driver/Src/stm32h5xx_hal_fdcan.c ****     return HAL_ERROR;
 895:Drivers/STM32H5xx_HAL_Driver/Src/stm32h5xx_hal_fdcan.c ****   }
 896:Drivers/STM32H5xx_HAL_Driver/Src/stm32h5xx_hal_fdcan.c **** 
 897:Drivers/STM32H5xx_HAL_Driver/Src/stm32h5xx_hal_fdcan.c ****   if (hfdcan->State == HAL_FDCAN_STATE_READY)
 898:Drivers/STM32H5xx_HAL_Driver/Src/stm32h5xx_hal_fdcan.c ****   {
 899:Drivers/STM32H5xx_HAL_Driver/Src/stm32h5xx_hal_fdcan.c ****     hfdcan->TxEventFifoCallback = pCallback;
 900:Drivers/STM32H5xx_HAL_Driver/Src/stm32h5xx_hal_fdcan.c ****   }
 901:Drivers/STM32H5xx_HAL_Driver/Src/stm32h5xx_hal_fdcan.c ****   else
 902:Drivers/STM32H5xx_HAL_Driver/Src/stm32h5xx_hal_fdcan.c ****   {
 903:Drivers/STM32H5xx_HAL_Driver/Src/stm32h5xx_hal_fdcan.c ****     /* Update the error code */
 904:Drivers/STM32H5xx_HAL_Driver/Src/stm32h5xx_hal_fdcan.c ****     hfdcan->ErrorCode |= HAL_FDCAN_ERROR_INVALID_CALLBACK;
 905:Drivers/STM32H5xx_HAL_Driver/Src/stm32h5xx_hal_fdcan.c **** 
 906:Drivers/STM32H5xx_HAL_Driver/Src/stm32h5xx_hal_fdcan.c ****     /* Return error status */
 907:Drivers/STM32H5xx_HAL_Driver/Src/stm32h5xx_hal_fdcan.c ****     status =  HAL_ERROR;
 908:Drivers/STM32H5xx_HAL_Driver/Src/stm32h5xx_hal_fdcan.c ****   }
 909:Drivers/STM32H5xx_HAL_Driver/Src/stm32h5xx_hal_fdcan.c **** 
 910:Drivers/STM32H5xx_HAL_Driver/Src/stm32h5xx_hal_fdcan.c ****   return status;
 911:Drivers/STM32H5xx_HAL_Driver/Src/stm32h5xx_hal_fdcan.c **** }
 912:Drivers/STM32H5xx_HAL_Driver/Src/stm32h5xx_hal_fdcan.c **** 
 913:Drivers/STM32H5xx_HAL_Driver/Src/stm32h5xx_hal_fdcan.c **** /**
 914:Drivers/STM32H5xx_HAL_Driver/Src/stm32h5xx_hal_fdcan.c ****   * @brief  UnRegister the Tx Event Fifo FDCAN Callback
 915:Drivers/STM32H5xx_HAL_Driver/Src/stm32h5xx_hal_fdcan.c ****   *         Tx Event Fifo FDCAN Callback is redirected to the weak HAL_FDCAN_TxEventFifoCallback() 
 916:Drivers/STM32H5xx_HAL_Driver/Src/stm32h5xx_hal_fdcan.c ****   * @param  hfdcan FDCAN handle
 917:Drivers/STM32H5xx_HAL_Driver/Src/stm32h5xx_hal_fdcan.c ****   * @retval HAL status
 918:Drivers/STM32H5xx_HAL_Driver/Src/stm32h5xx_hal_fdcan.c ****   */
 919:Drivers/STM32H5xx_HAL_Driver/Src/stm32h5xx_hal_fdcan.c **** HAL_StatusTypeDef HAL_FDCAN_UnRegisterTxEventFifoCallback(FDCAN_HandleTypeDef *hfdcan)
 920:Drivers/STM32H5xx_HAL_Driver/Src/stm32h5xx_hal_fdcan.c **** {
 921:Drivers/STM32H5xx_HAL_Driver/Src/stm32h5xx_hal_fdcan.c ****   HAL_StatusTypeDef status = HAL_OK;
 922:Drivers/STM32H5xx_HAL_Driver/Src/stm32h5xx_hal_fdcan.c **** 
 923:Drivers/STM32H5xx_HAL_Driver/Src/stm32h5xx_hal_fdcan.c ****   if (hfdcan->State == HAL_FDCAN_STATE_READY)
 924:Drivers/STM32H5xx_HAL_Driver/Src/stm32h5xx_hal_fdcan.c ****   {
 925:Drivers/STM32H5xx_HAL_Driver/Src/stm32h5xx_hal_fdcan.c ****     hfdcan->TxEventFifoCallback = HAL_FDCAN_TxEventFifoCallback; /* Legacy weak TxEventFifoCallback
 926:Drivers/STM32H5xx_HAL_Driver/Src/stm32h5xx_hal_fdcan.c ****   }
 927:Drivers/STM32H5xx_HAL_Driver/Src/stm32h5xx_hal_fdcan.c ****   else
 928:Drivers/STM32H5xx_HAL_Driver/Src/stm32h5xx_hal_fdcan.c ****   {
 929:Drivers/STM32H5xx_HAL_Driver/Src/stm32h5xx_hal_fdcan.c ****     /* Update the error code */
 930:Drivers/STM32H5xx_HAL_Driver/Src/stm32h5xx_hal_fdcan.c ****     hfdcan->ErrorCode |= HAL_FDCAN_ERROR_INVALID_CALLBACK;
 931:Drivers/STM32H5xx_HAL_Driver/Src/stm32h5xx_hal_fdcan.c **** 
 932:Drivers/STM32H5xx_HAL_Driver/Src/stm32h5xx_hal_fdcan.c ****     /* Return error status */
 933:Drivers/STM32H5xx_HAL_Driver/Src/stm32h5xx_hal_fdcan.c ****     status =  HAL_ERROR;
 934:Drivers/STM32H5xx_HAL_Driver/Src/stm32h5xx_hal_fdcan.c ****   }
 935:Drivers/STM32H5xx_HAL_Driver/Src/stm32h5xx_hal_fdcan.c **** 
 936:Drivers/STM32H5xx_HAL_Driver/Src/stm32h5xx_hal_fdcan.c ****   return status;
 937:Drivers/STM32H5xx_HAL_Driver/Src/stm32h5xx_hal_fdcan.c **** }
 938:Drivers/STM32H5xx_HAL_Driver/Src/stm32h5xx_hal_fdcan.c **** 
 939:Drivers/STM32H5xx_HAL_Driver/Src/stm32h5xx_hal_fdcan.c **** /**
 940:Drivers/STM32H5xx_HAL_Driver/Src/stm32h5xx_hal_fdcan.c ****   * @brief  Register Rx Fifo 0 FDCAN Callback
 941:Drivers/STM32H5xx_HAL_Driver/Src/stm32h5xx_hal_fdcan.c ****   *         To be used instead of the weak HAL_FDCAN_RxFifo0Callback() predefined callback
ARM GAS  /tmp/cc1KCPzC.s 			page 18


 942:Drivers/STM32H5xx_HAL_Driver/Src/stm32h5xx_hal_fdcan.c ****   * @param  hfdcan FDCAN handle
 943:Drivers/STM32H5xx_HAL_Driver/Src/stm32h5xx_hal_fdcan.c ****   * @param  pCallback pointer to the Rx Fifo 0 Callback function
 944:Drivers/STM32H5xx_HAL_Driver/Src/stm32h5xx_hal_fdcan.c ****   * @retval HAL status
 945:Drivers/STM32H5xx_HAL_Driver/Src/stm32h5xx_hal_fdcan.c ****   */
 946:Drivers/STM32H5xx_HAL_Driver/Src/stm32h5xx_hal_fdcan.c **** HAL_StatusTypeDef HAL_FDCAN_RegisterRxFifo0Callback(FDCAN_HandleTypeDef *hfdcan,
 947:Drivers/STM32H5xx_HAL_Driver/Src/stm32h5xx_hal_fdcan.c ****                                                     pFDCAN_RxFifo0CallbackTypeDef pCallback)
 948:Drivers/STM32H5xx_HAL_Driver/Src/stm32h5xx_hal_fdcan.c **** {
 949:Drivers/STM32H5xx_HAL_Driver/Src/stm32h5xx_hal_fdcan.c ****   HAL_StatusTypeDef status = HAL_OK;
 950:Drivers/STM32H5xx_HAL_Driver/Src/stm32h5xx_hal_fdcan.c **** 
 951:Drivers/STM32H5xx_HAL_Driver/Src/stm32h5xx_hal_fdcan.c ****   if (pCallback == NULL)
 952:Drivers/STM32H5xx_HAL_Driver/Src/stm32h5xx_hal_fdcan.c ****   {
 953:Drivers/STM32H5xx_HAL_Driver/Src/stm32h5xx_hal_fdcan.c ****     /* Update the error code */
 954:Drivers/STM32H5xx_HAL_Driver/Src/stm32h5xx_hal_fdcan.c ****     hfdcan->ErrorCode |= HAL_FDCAN_ERROR_INVALID_CALLBACK;
 955:Drivers/STM32H5xx_HAL_Driver/Src/stm32h5xx_hal_fdcan.c ****     return HAL_ERROR;
 956:Drivers/STM32H5xx_HAL_Driver/Src/stm32h5xx_hal_fdcan.c ****   }
 957:Drivers/STM32H5xx_HAL_Driver/Src/stm32h5xx_hal_fdcan.c **** 
 958:Drivers/STM32H5xx_HAL_Driver/Src/stm32h5xx_hal_fdcan.c ****   if (hfdcan->State == HAL_FDCAN_STATE_READY)
 959:Drivers/STM32H5xx_HAL_Driver/Src/stm32h5xx_hal_fdcan.c ****   {
 960:Drivers/STM32H5xx_HAL_Driver/Src/stm32h5xx_hal_fdcan.c ****     hfdcan->RxFifo0Callback = pCallback;
 961:Drivers/STM32H5xx_HAL_Driver/Src/stm32h5xx_hal_fdcan.c ****   }
 962:Drivers/STM32H5xx_HAL_Driver/Src/stm32h5xx_hal_fdcan.c ****   else
 963:Drivers/STM32H5xx_HAL_Driver/Src/stm32h5xx_hal_fdcan.c ****   {
 964:Drivers/STM32H5xx_HAL_Driver/Src/stm32h5xx_hal_fdcan.c ****     /* Update the error code */
 965:Drivers/STM32H5xx_HAL_Driver/Src/stm32h5xx_hal_fdcan.c ****     hfdcan->ErrorCode |= HAL_FDCAN_ERROR_INVALID_CALLBACK;
 966:Drivers/STM32H5xx_HAL_Driver/Src/stm32h5xx_hal_fdcan.c **** 
 967:Drivers/STM32H5xx_HAL_Driver/Src/stm32h5xx_hal_fdcan.c ****     /* Return error status */
 968:Drivers/STM32H5xx_HAL_Driver/Src/stm32h5xx_hal_fdcan.c ****     status =  HAL_ERROR;
 969:Drivers/STM32H5xx_HAL_Driver/Src/stm32h5xx_hal_fdcan.c ****   }
 970:Drivers/STM32H5xx_HAL_Driver/Src/stm32h5xx_hal_fdcan.c **** 
 971:Drivers/STM32H5xx_HAL_Driver/Src/stm32h5xx_hal_fdcan.c ****   return status;
 972:Drivers/STM32H5xx_HAL_Driver/Src/stm32h5xx_hal_fdcan.c **** }
 973:Drivers/STM32H5xx_HAL_Driver/Src/stm32h5xx_hal_fdcan.c **** 
 974:Drivers/STM32H5xx_HAL_Driver/Src/stm32h5xx_hal_fdcan.c **** /**
 975:Drivers/STM32H5xx_HAL_Driver/Src/stm32h5xx_hal_fdcan.c ****   * @brief  UnRegister the Rx Fifo 0 FDCAN Callback
 976:Drivers/STM32H5xx_HAL_Driver/Src/stm32h5xx_hal_fdcan.c ****   *         Rx Fifo 0 FDCAN Callback is redirected to the weak HAL_FDCAN_RxFifo0Callback() predefin
 977:Drivers/STM32H5xx_HAL_Driver/Src/stm32h5xx_hal_fdcan.c ****   * @param  hfdcan FDCAN handle
 978:Drivers/STM32H5xx_HAL_Driver/Src/stm32h5xx_hal_fdcan.c ****   * @retval HAL status
 979:Drivers/STM32H5xx_HAL_Driver/Src/stm32h5xx_hal_fdcan.c ****   */
 980:Drivers/STM32H5xx_HAL_Driver/Src/stm32h5xx_hal_fdcan.c **** HAL_StatusTypeDef HAL_FDCAN_UnRegisterRxFifo0Callback(FDCAN_HandleTypeDef *hfdcan)
 981:Drivers/STM32H5xx_HAL_Driver/Src/stm32h5xx_hal_fdcan.c **** {
 982:Drivers/STM32H5xx_HAL_Driver/Src/stm32h5xx_hal_fdcan.c ****   HAL_StatusTypeDef status = HAL_OK;
 983:Drivers/STM32H5xx_HAL_Driver/Src/stm32h5xx_hal_fdcan.c **** 
 984:Drivers/STM32H5xx_HAL_Driver/Src/stm32h5xx_hal_fdcan.c ****   if (hfdcan->State == HAL_FDCAN_STATE_READY)
 985:Drivers/STM32H5xx_HAL_Driver/Src/stm32h5xx_hal_fdcan.c ****   {
 986:Drivers/STM32H5xx_HAL_Driver/Src/stm32h5xx_hal_fdcan.c ****     hfdcan->RxFifo0Callback = HAL_FDCAN_RxFifo0Callback; /* Legacy weak RxFifo0Callback  */
 987:Drivers/STM32H5xx_HAL_Driver/Src/stm32h5xx_hal_fdcan.c ****   }
 988:Drivers/STM32H5xx_HAL_Driver/Src/stm32h5xx_hal_fdcan.c ****   else
 989:Drivers/STM32H5xx_HAL_Driver/Src/stm32h5xx_hal_fdcan.c ****   {
 990:Drivers/STM32H5xx_HAL_Driver/Src/stm32h5xx_hal_fdcan.c ****     /* Update the error code */
 991:Drivers/STM32H5xx_HAL_Driver/Src/stm32h5xx_hal_fdcan.c ****     hfdcan->ErrorCode |= HAL_FDCAN_ERROR_INVALID_CALLBACK;
 992:Drivers/STM32H5xx_HAL_Driver/Src/stm32h5xx_hal_fdcan.c **** 
 993:Drivers/STM32H5xx_HAL_Driver/Src/stm32h5xx_hal_fdcan.c ****     /* Return error status */
 994:Drivers/STM32H5xx_HAL_Driver/Src/stm32h5xx_hal_fdcan.c ****     status =  HAL_ERROR;
 995:Drivers/STM32H5xx_HAL_Driver/Src/stm32h5xx_hal_fdcan.c ****   }
 996:Drivers/STM32H5xx_HAL_Driver/Src/stm32h5xx_hal_fdcan.c **** 
 997:Drivers/STM32H5xx_HAL_Driver/Src/stm32h5xx_hal_fdcan.c ****   return status;
 998:Drivers/STM32H5xx_HAL_Driver/Src/stm32h5xx_hal_fdcan.c **** }
ARM GAS  /tmp/cc1KCPzC.s 			page 19


 999:Drivers/STM32H5xx_HAL_Driver/Src/stm32h5xx_hal_fdcan.c **** 
1000:Drivers/STM32H5xx_HAL_Driver/Src/stm32h5xx_hal_fdcan.c **** /**
1001:Drivers/STM32H5xx_HAL_Driver/Src/stm32h5xx_hal_fdcan.c ****   * @brief  Register Rx Fifo 1 FDCAN Callback
1002:Drivers/STM32H5xx_HAL_Driver/Src/stm32h5xx_hal_fdcan.c ****   *         To be used instead of the weak HAL_FDCAN_RxFifo1Callback() predefined callback
1003:Drivers/STM32H5xx_HAL_Driver/Src/stm32h5xx_hal_fdcan.c ****   * @param  hfdcan FDCAN handle
1004:Drivers/STM32H5xx_HAL_Driver/Src/stm32h5xx_hal_fdcan.c ****   * @param  pCallback pointer to the Rx Fifo 1 Callback function
1005:Drivers/STM32H5xx_HAL_Driver/Src/stm32h5xx_hal_fdcan.c ****   * @retval HAL status
1006:Drivers/STM32H5xx_HAL_Driver/Src/stm32h5xx_hal_fdcan.c ****   */
1007:Drivers/STM32H5xx_HAL_Driver/Src/stm32h5xx_hal_fdcan.c **** HAL_StatusTypeDef HAL_FDCAN_RegisterRxFifo1Callback(FDCAN_HandleTypeDef *hfdcan,
1008:Drivers/STM32H5xx_HAL_Driver/Src/stm32h5xx_hal_fdcan.c ****                                                     pFDCAN_RxFifo1CallbackTypeDef pCallback)
1009:Drivers/STM32H5xx_HAL_Driver/Src/stm32h5xx_hal_fdcan.c **** {
1010:Drivers/STM32H5xx_HAL_Driver/Src/stm32h5xx_hal_fdcan.c ****   HAL_StatusTypeDef status = HAL_OK;
1011:Drivers/STM32H5xx_HAL_Driver/Src/stm32h5xx_hal_fdcan.c **** 
1012:Drivers/STM32H5xx_HAL_Driver/Src/stm32h5xx_hal_fdcan.c ****   if (pCallback == NULL)
1013:Drivers/STM32H5xx_HAL_Driver/Src/stm32h5xx_hal_fdcan.c ****   {
1014:Drivers/STM32H5xx_HAL_Driver/Src/stm32h5xx_hal_fdcan.c ****     /* Update the error code */
1015:Drivers/STM32H5xx_HAL_Driver/Src/stm32h5xx_hal_fdcan.c ****     hfdcan->ErrorCode |= HAL_FDCAN_ERROR_INVALID_CALLBACK;
1016:Drivers/STM32H5xx_HAL_Driver/Src/stm32h5xx_hal_fdcan.c ****     return HAL_ERROR;
1017:Drivers/STM32H5xx_HAL_Driver/Src/stm32h5xx_hal_fdcan.c ****   }
1018:Drivers/STM32H5xx_HAL_Driver/Src/stm32h5xx_hal_fdcan.c **** 
1019:Drivers/STM32H5xx_HAL_Driver/Src/stm32h5xx_hal_fdcan.c ****   if (hfdcan->State == HAL_FDCAN_STATE_READY)
1020:Drivers/STM32H5xx_HAL_Driver/Src/stm32h5xx_hal_fdcan.c ****   {
1021:Drivers/STM32H5xx_HAL_Driver/Src/stm32h5xx_hal_fdcan.c ****     hfdcan->RxFifo1Callback = pCallback;
1022:Drivers/STM32H5xx_HAL_Driver/Src/stm32h5xx_hal_fdcan.c ****   }
1023:Drivers/STM32H5xx_HAL_Driver/Src/stm32h5xx_hal_fdcan.c ****   else
1024:Drivers/STM32H5xx_HAL_Driver/Src/stm32h5xx_hal_fdcan.c ****   {
1025:Drivers/STM32H5xx_HAL_Driver/Src/stm32h5xx_hal_fdcan.c ****     /* Update the error code */
1026:Drivers/STM32H5xx_HAL_Driver/Src/stm32h5xx_hal_fdcan.c ****     hfdcan->ErrorCode |= HAL_FDCAN_ERROR_INVALID_CALLBACK;
1027:Drivers/STM32H5xx_HAL_Driver/Src/stm32h5xx_hal_fdcan.c **** 
1028:Drivers/STM32H5xx_HAL_Driver/Src/stm32h5xx_hal_fdcan.c ****     /* Return error status */
1029:Drivers/STM32H5xx_HAL_Driver/Src/stm32h5xx_hal_fdcan.c ****     status =  HAL_ERROR;
1030:Drivers/STM32H5xx_HAL_Driver/Src/stm32h5xx_hal_fdcan.c ****   }
1031:Drivers/STM32H5xx_HAL_Driver/Src/stm32h5xx_hal_fdcan.c **** 
1032:Drivers/STM32H5xx_HAL_Driver/Src/stm32h5xx_hal_fdcan.c ****   return status;
1033:Drivers/STM32H5xx_HAL_Driver/Src/stm32h5xx_hal_fdcan.c **** }
1034:Drivers/STM32H5xx_HAL_Driver/Src/stm32h5xx_hal_fdcan.c **** 
1035:Drivers/STM32H5xx_HAL_Driver/Src/stm32h5xx_hal_fdcan.c **** /**
1036:Drivers/STM32H5xx_HAL_Driver/Src/stm32h5xx_hal_fdcan.c ****   * @brief  UnRegister the Rx Fifo 1 FDCAN Callback
1037:Drivers/STM32H5xx_HAL_Driver/Src/stm32h5xx_hal_fdcan.c ****   *         Rx Fifo 1 FDCAN Callback is redirected to the weak HAL_FDCAN_RxFifo1Callback() predefin
1038:Drivers/STM32H5xx_HAL_Driver/Src/stm32h5xx_hal_fdcan.c ****   * @param  hfdcan FDCAN handle
1039:Drivers/STM32H5xx_HAL_Driver/Src/stm32h5xx_hal_fdcan.c ****   * @retval HAL status
1040:Drivers/STM32H5xx_HAL_Driver/Src/stm32h5xx_hal_fdcan.c ****   */
1041:Drivers/STM32H5xx_HAL_Driver/Src/stm32h5xx_hal_fdcan.c **** HAL_StatusTypeDef HAL_FDCAN_UnRegisterRxFifo1Callback(FDCAN_HandleTypeDef *hfdcan)
1042:Drivers/STM32H5xx_HAL_Driver/Src/stm32h5xx_hal_fdcan.c **** {
1043:Drivers/STM32H5xx_HAL_Driver/Src/stm32h5xx_hal_fdcan.c ****   HAL_StatusTypeDef status = HAL_OK;
1044:Drivers/STM32H5xx_HAL_Driver/Src/stm32h5xx_hal_fdcan.c **** 
1045:Drivers/STM32H5xx_HAL_Driver/Src/stm32h5xx_hal_fdcan.c ****   if (hfdcan->State == HAL_FDCAN_STATE_READY)
1046:Drivers/STM32H5xx_HAL_Driver/Src/stm32h5xx_hal_fdcan.c ****   {
1047:Drivers/STM32H5xx_HAL_Driver/Src/stm32h5xx_hal_fdcan.c ****     hfdcan->RxFifo1Callback = HAL_FDCAN_RxFifo1Callback; /* Legacy weak RxFifo1Callback  */
1048:Drivers/STM32H5xx_HAL_Driver/Src/stm32h5xx_hal_fdcan.c ****   }
1049:Drivers/STM32H5xx_HAL_Driver/Src/stm32h5xx_hal_fdcan.c ****   else
1050:Drivers/STM32H5xx_HAL_Driver/Src/stm32h5xx_hal_fdcan.c ****   {
1051:Drivers/STM32H5xx_HAL_Driver/Src/stm32h5xx_hal_fdcan.c ****     /* Update the error code */
1052:Drivers/STM32H5xx_HAL_Driver/Src/stm32h5xx_hal_fdcan.c ****     hfdcan->ErrorCode |= HAL_FDCAN_ERROR_INVALID_CALLBACK;
1053:Drivers/STM32H5xx_HAL_Driver/Src/stm32h5xx_hal_fdcan.c **** 
1054:Drivers/STM32H5xx_HAL_Driver/Src/stm32h5xx_hal_fdcan.c ****     /* Return error status */
1055:Drivers/STM32H5xx_HAL_Driver/Src/stm32h5xx_hal_fdcan.c ****     status =  HAL_ERROR;
ARM GAS  /tmp/cc1KCPzC.s 			page 20


1056:Drivers/STM32H5xx_HAL_Driver/Src/stm32h5xx_hal_fdcan.c ****   }
1057:Drivers/STM32H5xx_HAL_Driver/Src/stm32h5xx_hal_fdcan.c **** 
1058:Drivers/STM32H5xx_HAL_Driver/Src/stm32h5xx_hal_fdcan.c ****   return status;
1059:Drivers/STM32H5xx_HAL_Driver/Src/stm32h5xx_hal_fdcan.c **** }
1060:Drivers/STM32H5xx_HAL_Driver/Src/stm32h5xx_hal_fdcan.c **** 
1061:Drivers/STM32H5xx_HAL_Driver/Src/stm32h5xx_hal_fdcan.c **** /**
1062:Drivers/STM32H5xx_HAL_Driver/Src/stm32h5xx_hal_fdcan.c ****   * @brief  Register Tx Buffer Complete FDCAN Callback
1063:Drivers/STM32H5xx_HAL_Driver/Src/stm32h5xx_hal_fdcan.c ****   *         To be used instead of the weak HAL_FDCAN_TxBufferCompleteCallback() predefined callback
1064:Drivers/STM32H5xx_HAL_Driver/Src/stm32h5xx_hal_fdcan.c ****   * @param  hfdcan FDCAN handle
1065:Drivers/STM32H5xx_HAL_Driver/Src/stm32h5xx_hal_fdcan.c ****   * @param  pCallback pointer to the Tx Buffer Complete Callback function
1066:Drivers/STM32H5xx_HAL_Driver/Src/stm32h5xx_hal_fdcan.c ****   * @retval HAL status
1067:Drivers/STM32H5xx_HAL_Driver/Src/stm32h5xx_hal_fdcan.c ****   */
1068:Drivers/STM32H5xx_HAL_Driver/Src/stm32h5xx_hal_fdcan.c **** HAL_StatusTypeDef HAL_FDCAN_RegisterTxBufferCompleteCallback(FDCAN_HandleTypeDef *hfdcan,
1069:Drivers/STM32H5xx_HAL_Driver/Src/stm32h5xx_hal_fdcan.c ****                                                              pFDCAN_TxBufferCompleteCallbackTypeDef
1070:Drivers/STM32H5xx_HAL_Driver/Src/stm32h5xx_hal_fdcan.c **** {
1071:Drivers/STM32H5xx_HAL_Driver/Src/stm32h5xx_hal_fdcan.c ****   HAL_StatusTypeDef status = HAL_OK;
1072:Drivers/STM32H5xx_HAL_Driver/Src/stm32h5xx_hal_fdcan.c **** 
1073:Drivers/STM32H5xx_HAL_Driver/Src/stm32h5xx_hal_fdcan.c ****   if (pCallback == NULL)
1074:Drivers/STM32H5xx_HAL_Driver/Src/stm32h5xx_hal_fdcan.c ****   {
1075:Drivers/STM32H5xx_HAL_Driver/Src/stm32h5xx_hal_fdcan.c ****     /* Update the error code */
1076:Drivers/STM32H5xx_HAL_Driver/Src/stm32h5xx_hal_fdcan.c ****     hfdcan->ErrorCode |= HAL_FDCAN_ERROR_INVALID_CALLBACK;
1077:Drivers/STM32H5xx_HAL_Driver/Src/stm32h5xx_hal_fdcan.c ****     return HAL_ERROR;
1078:Drivers/STM32H5xx_HAL_Driver/Src/stm32h5xx_hal_fdcan.c ****   }
1079:Drivers/STM32H5xx_HAL_Driver/Src/stm32h5xx_hal_fdcan.c **** 
1080:Drivers/STM32H5xx_HAL_Driver/Src/stm32h5xx_hal_fdcan.c ****   if (hfdcan->State == HAL_FDCAN_STATE_READY)
1081:Drivers/STM32H5xx_HAL_Driver/Src/stm32h5xx_hal_fdcan.c ****   {
1082:Drivers/STM32H5xx_HAL_Driver/Src/stm32h5xx_hal_fdcan.c ****     hfdcan->TxBufferCompleteCallback = pCallback;
1083:Drivers/STM32H5xx_HAL_Driver/Src/stm32h5xx_hal_fdcan.c ****   }
1084:Drivers/STM32H5xx_HAL_Driver/Src/stm32h5xx_hal_fdcan.c ****   else
1085:Drivers/STM32H5xx_HAL_Driver/Src/stm32h5xx_hal_fdcan.c ****   {
1086:Drivers/STM32H5xx_HAL_Driver/Src/stm32h5xx_hal_fdcan.c ****     /* Update the error code */
1087:Drivers/STM32H5xx_HAL_Driver/Src/stm32h5xx_hal_fdcan.c ****     hfdcan->ErrorCode |= HAL_FDCAN_ERROR_INVALID_CALLBACK;
1088:Drivers/STM32H5xx_HAL_Driver/Src/stm32h5xx_hal_fdcan.c **** 
1089:Drivers/STM32H5xx_HAL_Driver/Src/stm32h5xx_hal_fdcan.c ****     /* Return error status */
1090:Drivers/STM32H5xx_HAL_Driver/Src/stm32h5xx_hal_fdcan.c ****     status =  HAL_ERROR;
1091:Drivers/STM32H5xx_HAL_Driver/Src/stm32h5xx_hal_fdcan.c ****   }
1092:Drivers/STM32H5xx_HAL_Driver/Src/stm32h5xx_hal_fdcan.c **** 
1093:Drivers/STM32H5xx_HAL_Driver/Src/stm32h5xx_hal_fdcan.c ****   return status;
1094:Drivers/STM32H5xx_HAL_Driver/Src/stm32h5xx_hal_fdcan.c **** }
1095:Drivers/STM32H5xx_HAL_Driver/Src/stm32h5xx_hal_fdcan.c **** 
1096:Drivers/STM32H5xx_HAL_Driver/Src/stm32h5xx_hal_fdcan.c **** /**
1097:Drivers/STM32H5xx_HAL_Driver/Src/stm32h5xx_hal_fdcan.c ****   * @brief  UnRegister the Tx Buffer Complete FDCAN Callback
1098:Drivers/STM32H5xx_HAL_Driver/Src/stm32h5xx_hal_fdcan.c ****   *         Tx Buffer Complete FDCAN Callback is redirected to
1099:Drivers/STM32H5xx_HAL_Driver/Src/stm32h5xx_hal_fdcan.c ****   *         the weak HAL_FDCAN_TxBufferCompleteCallback() predefined callback
1100:Drivers/STM32H5xx_HAL_Driver/Src/stm32h5xx_hal_fdcan.c ****   * @param  hfdcan FDCAN handle
1101:Drivers/STM32H5xx_HAL_Driver/Src/stm32h5xx_hal_fdcan.c ****   * @retval HAL status
1102:Drivers/STM32H5xx_HAL_Driver/Src/stm32h5xx_hal_fdcan.c ****   */
1103:Drivers/STM32H5xx_HAL_Driver/Src/stm32h5xx_hal_fdcan.c **** HAL_StatusTypeDef HAL_FDCAN_UnRegisterTxBufferCompleteCallback(FDCAN_HandleTypeDef *hfdcan)
1104:Drivers/STM32H5xx_HAL_Driver/Src/stm32h5xx_hal_fdcan.c **** {
1105:Drivers/STM32H5xx_HAL_Driver/Src/stm32h5xx_hal_fdcan.c ****   HAL_StatusTypeDef status = HAL_OK;
1106:Drivers/STM32H5xx_HAL_Driver/Src/stm32h5xx_hal_fdcan.c **** 
1107:Drivers/STM32H5xx_HAL_Driver/Src/stm32h5xx_hal_fdcan.c ****   if (hfdcan->State == HAL_FDCAN_STATE_READY)
1108:Drivers/STM32H5xx_HAL_Driver/Src/stm32h5xx_hal_fdcan.c ****   {
1109:Drivers/STM32H5xx_HAL_Driver/Src/stm32h5xx_hal_fdcan.c ****     hfdcan->TxBufferCompleteCallback = HAL_FDCAN_TxBufferCompleteCallback; /* Legacy weak TxBufferC
1110:Drivers/STM32H5xx_HAL_Driver/Src/stm32h5xx_hal_fdcan.c ****   }
1111:Drivers/STM32H5xx_HAL_Driver/Src/stm32h5xx_hal_fdcan.c ****   else
1112:Drivers/STM32H5xx_HAL_Driver/Src/stm32h5xx_hal_fdcan.c ****   {
ARM GAS  /tmp/cc1KCPzC.s 			page 21


1113:Drivers/STM32H5xx_HAL_Driver/Src/stm32h5xx_hal_fdcan.c ****     /* Update the error code */
1114:Drivers/STM32H5xx_HAL_Driver/Src/stm32h5xx_hal_fdcan.c ****     hfdcan->ErrorCode |= HAL_FDCAN_ERROR_INVALID_CALLBACK;
1115:Drivers/STM32H5xx_HAL_Driver/Src/stm32h5xx_hal_fdcan.c **** 
1116:Drivers/STM32H5xx_HAL_Driver/Src/stm32h5xx_hal_fdcan.c ****     /* Return error status */
1117:Drivers/STM32H5xx_HAL_Driver/Src/stm32h5xx_hal_fdcan.c ****     status =  HAL_ERROR;
1118:Drivers/STM32H5xx_HAL_Driver/Src/stm32h5xx_hal_fdcan.c ****   }
1119:Drivers/STM32H5xx_HAL_Driver/Src/stm32h5xx_hal_fdcan.c **** 
1120:Drivers/STM32H5xx_HAL_Driver/Src/stm32h5xx_hal_fdcan.c ****   return status;
1121:Drivers/STM32H5xx_HAL_Driver/Src/stm32h5xx_hal_fdcan.c **** }
1122:Drivers/STM32H5xx_HAL_Driver/Src/stm32h5xx_hal_fdcan.c **** 
1123:Drivers/STM32H5xx_HAL_Driver/Src/stm32h5xx_hal_fdcan.c **** /**
1124:Drivers/STM32H5xx_HAL_Driver/Src/stm32h5xx_hal_fdcan.c ****   * @brief  Register Tx Buffer Abort FDCAN Callback
1125:Drivers/STM32H5xx_HAL_Driver/Src/stm32h5xx_hal_fdcan.c ****   *         To be used instead of the weak HAL_FDCAN_TxBufferAbortCallback() predefined callback
1126:Drivers/STM32H5xx_HAL_Driver/Src/stm32h5xx_hal_fdcan.c ****   * @param  hfdcan FDCAN handle
1127:Drivers/STM32H5xx_HAL_Driver/Src/stm32h5xx_hal_fdcan.c ****   * @param  pCallback pointer to the Tx Buffer Abort Callback function
1128:Drivers/STM32H5xx_HAL_Driver/Src/stm32h5xx_hal_fdcan.c ****   * @retval HAL status
1129:Drivers/STM32H5xx_HAL_Driver/Src/stm32h5xx_hal_fdcan.c ****   */
1130:Drivers/STM32H5xx_HAL_Driver/Src/stm32h5xx_hal_fdcan.c **** HAL_StatusTypeDef HAL_FDCAN_RegisterTxBufferAbortCallback(FDCAN_HandleTypeDef *hfdcan,
1131:Drivers/STM32H5xx_HAL_Driver/Src/stm32h5xx_hal_fdcan.c ****                                                           pFDCAN_TxBufferAbortCallbackTypeDef pCall
1132:Drivers/STM32H5xx_HAL_Driver/Src/stm32h5xx_hal_fdcan.c **** {
1133:Drivers/STM32H5xx_HAL_Driver/Src/stm32h5xx_hal_fdcan.c ****   HAL_StatusTypeDef status = HAL_OK;
1134:Drivers/STM32H5xx_HAL_Driver/Src/stm32h5xx_hal_fdcan.c **** 
1135:Drivers/STM32H5xx_HAL_Driver/Src/stm32h5xx_hal_fdcan.c ****   if (pCallback == NULL)
1136:Drivers/STM32H5xx_HAL_Driver/Src/stm32h5xx_hal_fdcan.c ****   {
1137:Drivers/STM32H5xx_HAL_Driver/Src/stm32h5xx_hal_fdcan.c ****     /* Update the error code */
1138:Drivers/STM32H5xx_HAL_Driver/Src/stm32h5xx_hal_fdcan.c ****     hfdcan->ErrorCode |= HAL_FDCAN_ERROR_INVALID_CALLBACK;
1139:Drivers/STM32H5xx_HAL_Driver/Src/stm32h5xx_hal_fdcan.c ****     return HAL_ERROR;
1140:Drivers/STM32H5xx_HAL_Driver/Src/stm32h5xx_hal_fdcan.c ****   }
1141:Drivers/STM32H5xx_HAL_Driver/Src/stm32h5xx_hal_fdcan.c **** 
1142:Drivers/STM32H5xx_HAL_Driver/Src/stm32h5xx_hal_fdcan.c ****   if (hfdcan->State == HAL_FDCAN_STATE_READY)
1143:Drivers/STM32H5xx_HAL_Driver/Src/stm32h5xx_hal_fdcan.c ****   {
1144:Drivers/STM32H5xx_HAL_Driver/Src/stm32h5xx_hal_fdcan.c ****     hfdcan->TxBufferAbortCallback = pCallback;
1145:Drivers/STM32H5xx_HAL_Driver/Src/stm32h5xx_hal_fdcan.c ****   }
1146:Drivers/STM32H5xx_HAL_Driver/Src/stm32h5xx_hal_fdcan.c ****   else
1147:Drivers/STM32H5xx_HAL_Driver/Src/stm32h5xx_hal_fdcan.c ****   {
1148:Drivers/STM32H5xx_HAL_Driver/Src/stm32h5xx_hal_fdcan.c ****     /* Update the error code */
1149:Drivers/STM32H5xx_HAL_Driver/Src/stm32h5xx_hal_fdcan.c ****     hfdcan->ErrorCode |= HAL_FDCAN_ERROR_INVALID_CALLBACK;
1150:Drivers/STM32H5xx_HAL_Driver/Src/stm32h5xx_hal_fdcan.c **** 
1151:Drivers/STM32H5xx_HAL_Driver/Src/stm32h5xx_hal_fdcan.c ****     /* Return error status */
1152:Drivers/STM32H5xx_HAL_Driver/Src/stm32h5xx_hal_fdcan.c ****     status =  HAL_ERROR;
1153:Drivers/STM32H5xx_HAL_Driver/Src/stm32h5xx_hal_fdcan.c ****   }
1154:Drivers/STM32H5xx_HAL_Driver/Src/stm32h5xx_hal_fdcan.c **** 
1155:Drivers/STM32H5xx_HAL_Driver/Src/stm32h5xx_hal_fdcan.c ****   return status;
1156:Drivers/STM32H5xx_HAL_Driver/Src/stm32h5xx_hal_fdcan.c **** }
1157:Drivers/STM32H5xx_HAL_Driver/Src/stm32h5xx_hal_fdcan.c **** 
1158:Drivers/STM32H5xx_HAL_Driver/Src/stm32h5xx_hal_fdcan.c **** /**
1159:Drivers/STM32H5xx_HAL_Driver/Src/stm32h5xx_hal_fdcan.c ****   * @brief  UnRegister the Tx Buffer Abort FDCAN Callback
1160:Drivers/STM32H5xx_HAL_Driver/Src/stm32h5xx_hal_fdcan.c ****   *         Tx Buffer Abort FDCAN Callback is redirected to
1161:Drivers/STM32H5xx_HAL_Driver/Src/stm32h5xx_hal_fdcan.c ****   *         the weak HAL_FDCAN_TxBufferAbortCallback() predefined callback
1162:Drivers/STM32H5xx_HAL_Driver/Src/stm32h5xx_hal_fdcan.c ****   * @param  hfdcan FDCAN handle
1163:Drivers/STM32H5xx_HAL_Driver/Src/stm32h5xx_hal_fdcan.c ****   * @retval HAL status
1164:Drivers/STM32H5xx_HAL_Driver/Src/stm32h5xx_hal_fdcan.c ****   */
1165:Drivers/STM32H5xx_HAL_Driver/Src/stm32h5xx_hal_fdcan.c **** HAL_StatusTypeDef HAL_FDCAN_UnRegisterTxBufferAbortCallback(FDCAN_HandleTypeDef *hfdcan)
1166:Drivers/STM32H5xx_HAL_Driver/Src/stm32h5xx_hal_fdcan.c **** {
1167:Drivers/STM32H5xx_HAL_Driver/Src/stm32h5xx_hal_fdcan.c ****   HAL_StatusTypeDef status = HAL_OK;
1168:Drivers/STM32H5xx_HAL_Driver/Src/stm32h5xx_hal_fdcan.c **** 
1169:Drivers/STM32H5xx_HAL_Driver/Src/stm32h5xx_hal_fdcan.c ****   if (hfdcan->State == HAL_FDCAN_STATE_READY)
ARM GAS  /tmp/cc1KCPzC.s 			page 22


1170:Drivers/STM32H5xx_HAL_Driver/Src/stm32h5xx_hal_fdcan.c ****   {
1171:Drivers/STM32H5xx_HAL_Driver/Src/stm32h5xx_hal_fdcan.c ****     hfdcan->TxBufferAbortCallback = HAL_FDCAN_TxBufferAbortCallback; /* Legacy weak TxBufferAbortCa
1172:Drivers/STM32H5xx_HAL_Driver/Src/stm32h5xx_hal_fdcan.c ****   }
1173:Drivers/STM32H5xx_HAL_Driver/Src/stm32h5xx_hal_fdcan.c ****   else
1174:Drivers/STM32H5xx_HAL_Driver/Src/stm32h5xx_hal_fdcan.c ****   {
1175:Drivers/STM32H5xx_HAL_Driver/Src/stm32h5xx_hal_fdcan.c ****     /* Update the error code */
1176:Drivers/STM32H5xx_HAL_Driver/Src/stm32h5xx_hal_fdcan.c ****     hfdcan->ErrorCode |= HAL_FDCAN_ERROR_INVALID_CALLBACK;
1177:Drivers/STM32H5xx_HAL_Driver/Src/stm32h5xx_hal_fdcan.c **** 
1178:Drivers/STM32H5xx_HAL_Driver/Src/stm32h5xx_hal_fdcan.c ****     /* Return error status */
1179:Drivers/STM32H5xx_HAL_Driver/Src/stm32h5xx_hal_fdcan.c ****     status =  HAL_ERROR;
1180:Drivers/STM32H5xx_HAL_Driver/Src/stm32h5xx_hal_fdcan.c ****   }
1181:Drivers/STM32H5xx_HAL_Driver/Src/stm32h5xx_hal_fdcan.c **** 
1182:Drivers/STM32H5xx_HAL_Driver/Src/stm32h5xx_hal_fdcan.c ****   return status;
1183:Drivers/STM32H5xx_HAL_Driver/Src/stm32h5xx_hal_fdcan.c **** }
1184:Drivers/STM32H5xx_HAL_Driver/Src/stm32h5xx_hal_fdcan.c **** 
1185:Drivers/STM32H5xx_HAL_Driver/Src/stm32h5xx_hal_fdcan.c **** /**
1186:Drivers/STM32H5xx_HAL_Driver/Src/stm32h5xx_hal_fdcan.c ****   * @brief  Register Error Status FDCAN Callback
1187:Drivers/STM32H5xx_HAL_Driver/Src/stm32h5xx_hal_fdcan.c ****   *         To be used instead of the weak HAL_FDCAN_ErrorStatusCallback() predefined callback
1188:Drivers/STM32H5xx_HAL_Driver/Src/stm32h5xx_hal_fdcan.c ****   * @param  hfdcan FDCAN handle
1189:Drivers/STM32H5xx_HAL_Driver/Src/stm32h5xx_hal_fdcan.c ****   * @param  pCallback pointer to the Error Status Callback function
1190:Drivers/STM32H5xx_HAL_Driver/Src/stm32h5xx_hal_fdcan.c ****   * @retval HAL status
1191:Drivers/STM32H5xx_HAL_Driver/Src/stm32h5xx_hal_fdcan.c ****   */
1192:Drivers/STM32H5xx_HAL_Driver/Src/stm32h5xx_hal_fdcan.c **** HAL_StatusTypeDef HAL_FDCAN_RegisterErrorStatusCallback(FDCAN_HandleTypeDef *hfdcan,
1193:Drivers/STM32H5xx_HAL_Driver/Src/stm32h5xx_hal_fdcan.c ****                                                         pFDCAN_ErrorStatusCallbackTypeDef pCallback
1194:Drivers/STM32H5xx_HAL_Driver/Src/stm32h5xx_hal_fdcan.c **** {
1195:Drivers/STM32H5xx_HAL_Driver/Src/stm32h5xx_hal_fdcan.c ****   HAL_StatusTypeDef status = HAL_OK;
1196:Drivers/STM32H5xx_HAL_Driver/Src/stm32h5xx_hal_fdcan.c **** 
1197:Drivers/STM32H5xx_HAL_Driver/Src/stm32h5xx_hal_fdcan.c ****   if (pCallback == NULL)
1198:Drivers/STM32H5xx_HAL_Driver/Src/stm32h5xx_hal_fdcan.c ****   {
1199:Drivers/STM32H5xx_HAL_Driver/Src/stm32h5xx_hal_fdcan.c ****     /* Update the error code */
1200:Drivers/STM32H5xx_HAL_Driver/Src/stm32h5xx_hal_fdcan.c ****     hfdcan->ErrorCode |= HAL_FDCAN_ERROR_INVALID_CALLBACK;
1201:Drivers/STM32H5xx_HAL_Driver/Src/stm32h5xx_hal_fdcan.c ****     return HAL_ERROR;
1202:Drivers/STM32H5xx_HAL_Driver/Src/stm32h5xx_hal_fdcan.c ****   }
1203:Drivers/STM32H5xx_HAL_Driver/Src/stm32h5xx_hal_fdcan.c **** 
1204:Drivers/STM32H5xx_HAL_Driver/Src/stm32h5xx_hal_fdcan.c ****   if (hfdcan->State == HAL_FDCAN_STATE_READY)
1205:Drivers/STM32H5xx_HAL_Driver/Src/stm32h5xx_hal_fdcan.c ****   {
1206:Drivers/STM32H5xx_HAL_Driver/Src/stm32h5xx_hal_fdcan.c ****     hfdcan->ErrorStatusCallback = pCallback;
1207:Drivers/STM32H5xx_HAL_Driver/Src/stm32h5xx_hal_fdcan.c ****   }
1208:Drivers/STM32H5xx_HAL_Driver/Src/stm32h5xx_hal_fdcan.c ****   else
1209:Drivers/STM32H5xx_HAL_Driver/Src/stm32h5xx_hal_fdcan.c ****   {
1210:Drivers/STM32H5xx_HAL_Driver/Src/stm32h5xx_hal_fdcan.c ****     /* Update the error code */
1211:Drivers/STM32H5xx_HAL_Driver/Src/stm32h5xx_hal_fdcan.c ****     hfdcan->ErrorCode |= HAL_FDCAN_ERROR_INVALID_CALLBACK;
1212:Drivers/STM32H5xx_HAL_Driver/Src/stm32h5xx_hal_fdcan.c **** 
1213:Drivers/STM32H5xx_HAL_Driver/Src/stm32h5xx_hal_fdcan.c ****     /* Return error status */
1214:Drivers/STM32H5xx_HAL_Driver/Src/stm32h5xx_hal_fdcan.c ****     status =  HAL_ERROR;
1215:Drivers/STM32H5xx_HAL_Driver/Src/stm32h5xx_hal_fdcan.c ****   }
1216:Drivers/STM32H5xx_HAL_Driver/Src/stm32h5xx_hal_fdcan.c **** 
1217:Drivers/STM32H5xx_HAL_Driver/Src/stm32h5xx_hal_fdcan.c ****   return status;
1218:Drivers/STM32H5xx_HAL_Driver/Src/stm32h5xx_hal_fdcan.c **** }
1219:Drivers/STM32H5xx_HAL_Driver/Src/stm32h5xx_hal_fdcan.c **** 
1220:Drivers/STM32H5xx_HAL_Driver/Src/stm32h5xx_hal_fdcan.c **** /**
1221:Drivers/STM32H5xx_HAL_Driver/Src/stm32h5xx_hal_fdcan.c ****   * @brief  UnRegister the Error Status FDCAN Callback
1222:Drivers/STM32H5xx_HAL_Driver/Src/stm32h5xx_hal_fdcan.c ****   *         Error Status FDCAN Callback is redirected to the weak HAL_FDCAN_ErrorStatusCallback() p
1223:Drivers/STM32H5xx_HAL_Driver/Src/stm32h5xx_hal_fdcan.c ****   * @param  hfdcan FDCAN handle
1224:Drivers/STM32H5xx_HAL_Driver/Src/stm32h5xx_hal_fdcan.c ****   * @retval HAL status
1225:Drivers/STM32H5xx_HAL_Driver/Src/stm32h5xx_hal_fdcan.c ****   */
1226:Drivers/STM32H5xx_HAL_Driver/Src/stm32h5xx_hal_fdcan.c **** HAL_StatusTypeDef HAL_FDCAN_UnRegisterErrorStatusCallback(FDCAN_HandleTypeDef *hfdcan)
ARM GAS  /tmp/cc1KCPzC.s 			page 23


1227:Drivers/STM32H5xx_HAL_Driver/Src/stm32h5xx_hal_fdcan.c **** {
1228:Drivers/STM32H5xx_HAL_Driver/Src/stm32h5xx_hal_fdcan.c ****   HAL_StatusTypeDef status = HAL_OK;
1229:Drivers/STM32H5xx_HAL_Driver/Src/stm32h5xx_hal_fdcan.c **** 
1230:Drivers/STM32H5xx_HAL_Driver/Src/stm32h5xx_hal_fdcan.c ****   if (hfdcan->State == HAL_FDCAN_STATE_READY)
1231:Drivers/STM32H5xx_HAL_Driver/Src/stm32h5xx_hal_fdcan.c ****   {
1232:Drivers/STM32H5xx_HAL_Driver/Src/stm32h5xx_hal_fdcan.c ****     hfdcan->ErrorStatusCallback = HAL_FDCAN_ErrorStatusCallback; /* Legacy weak ErrorStatusCallback
1233:Drivers/STM32H5xx_HAL_Driver/Src/stm32h5xx_hal_fdcan.c ****   }
1234:Drivers/STM32H5xx_HAL_Driver/Src/stm32h5xx_hal_fdcan.c ****   else
1235:Drivers/STM32H5xx_HAL_Driver/Src/stm32h5xx_hal_fdcan.c ****   {
1236:Drivers/STM32H5xx_HAL_Driver/Src/stm32h5xx_hal_fdcan.c ****     /* Update the error code */
1237:Drivers/STM32H5xx_HAL_Driver/Src/stm32h5xx_hal_fdcan.c ****     hfdcan->ErrorCode |= HAL_FDCAN_ERROR_INVALID_CALLBACK;
1238:Drivers/STM32H5xx_HAL_Driver/Src/stm32h5xx_hal_fdcan.c **** 
1239:Drivers/STM32H5xx_HAL_Driver/Src/stm32h5xx_hal_fdcan.c ****     /* Return error status */
1240:Drivers/STM32H5xx_HAL_Driver/Src/stm32h5xx_hal_fdcan.c ****     status =  HAL_ERROR;
1241:Drivers/STM32H5xx_HAL_Driver/Src/stm32h5xx_hal_fdcan.c ****   }
1242:Drivers/STM32H5xx_HAL_Driver/Src/stm32h5xx_hal_fdcan.c **** 
1243:Drivers/STM32H5xx_HAL_Driver/Src/stm32h5xx_hal_fdcan.c ****   return status;
1244:Drivers/STM32H5xx_HAL_Driver/Src/stm32h5xx_hal_fdcan.c **** }
1245:Drivers/STM32H5xx_HAL_Driver/Src/stm32h5xx_hal_fdcan.c **** 
1246:Drivers/STM32H5xx_HAL_Driver/Src/stm32h5xx_hal_fdcan.c **** #endif /* USE_HAL_FDCAN_REGISTER_CALLBACKS */
1247:Drivers/STM32H5xx_HAL_Driver/Src/stm32h5xx_hal_fdcan.c **** 
1248:Drivers/STM32H5xx_HAL_Driver/Src/stm32h5xx_hal_fdcan.c **** /**
1249:Drivers/STM32H5xx_HAL_Driver/Src/stm32h5xx_hal_fdcan.c ****   * @}
1250:Drivers/STM32H5xx_HAL_Driver/Src/stm32h5xx_hal_fdcan.c ****   */
1251:Drivers/STM32H5xx_HAL_Driver/Src/stm32h5xx_hal_fdcan.c **** 
1252:Drivers/STM32H5xx_HAL_Driver/Src/stm32h5xx_hal_fdcan.c **** /** @defgroup FDCAN_Exported_Functions_Group2 Configuration functions
1253:Drivers/STM32H5xx_HAL_Driver/Src/stm32h5xx_hal_fdcan.c ****   *  @brief    FDCAN Configuration functions.
1254:Drivers/STM32H5xx_HAL_Driver/Src/stm32h5xx_hal_fdcan.c ****   *
1255:Drivers/STM32H5xx_HAL_Driver/Src/stm32h5xx_hal_fdcan.c **** @verbatim
1256:Drivers/STM32H5xx_HAL_Driver/Src/stm32h5xx_hal_fdcan.c ****   ==============================================================================
1257:Drivers/STM32H5xx_HAL_Driver/Src/stm32h5xx_hal_fdcan.c ****               ##### Configuration functions #####
1258:Drivers/STM32H5xx_HAL_Driver/Src/stm32h5xx_hal_fdcan.c ****   ==============================================================================
1259:Drivers/STM32H5xx_HAL_Driver/Src/stm32h5xx_hal_fdcan.c ****     [..]  This section provides functions allowing to:
1260:Drivers/STM32H5xx_HAL_Driver/Src/stm32h5xx_hal_fdcan.c ****       (+) HAL_FDCAN_ConfigFilter                  : Configure the FDCAN reception filters
1261:Drivers/STM32H5xx_HAL_Driver/Src/stm32h5xx_hal_fdcan.c ****       (+) HAL_FDCAN_ConfigGlobalFilter            : Configure the FDCAN global filter
1262:Drivers/STM32H5xx_HAL_Driver/Src/stm32h5xx_hal_fdcan.c ****       (+) HAL_FDCAN_ConfigExtendedIdMask          : Configure the extended ID mask
1263:Drivers/STM32H5xx_HAL_Driver/Src/stm32h5xx_hal_fdcan.c ****       (+) HAL_FDCAN_ConfigRxFifoOverwrite         : Configure the Rx FIFO operation mode
1264:Drivers/STM32H5xx_HAL_Driver/Src/stm32h5xx_hal_fdcan.c ****       (+) HAL_FDCAN_ConfigRamWatchdog             : Configure the RAM watchdog
1265:Drivers/STM32H5xx_HAL_Driver/Src/stm32h5xx_hal_fdcan.c ****       (+) HAL_FDCAN_ConfigTimestampCounter        : Configure the timestamp counter
1266:Drivers/STM32H5xx_HAL_Driver/Src/stm32h5xx_hal_fdcan.c ****         (+) HAL_FDCAN_EnableTimestampCounter        : Enable the timestamp counter
1267:Drivers/STM32H5xx_HAL_Driver/Src/stm32h5xx_hal_fdcan.c ****         (+) HAL_FDCAN_DisableTimestampCounter       : Disable the timestamp counter
1268:Drivers/STM32H5xx_HAL_Driver/Src/stm32h5xx_hal_fdcan.c ****         (+) HAL_FDCAN_GetTimestampCounter           : Get the timestamp counter value
1269:Drivers/STM32H5xx_HAL_Driver/Src/stm32h5xx_hal_fdcan.c ****         (+) HAL_FDCAN_ResetTimestampCounter         : Reset the timestamp counter to zero
1270:Drivers/STM32H5xx_HAL_Driver/Src/stm32h5xx_hal_fdcan.c ****       (+) HAL_FDCAN_ConfigTimeoutCounter          : Configure the timeout counter
1271:Drivers/STM32H5xx_HAL_Driver/Src/stm32h5xx_hal_fdcan.c ****         (+) HAL_FDCAN_EnableTimeoutCounter          : Enable the timeout counter
1272:Drivers/STM32H5xx_HAL_Driver/Src/stm32h5xx_hal_fdcan.c ****         (+) HAL_FDCAN_DisableTimeoutCounter         : Disable the timeout counter
1273:Drivers/STM32H5xx_HAL_Driver/Src/stm32h5xx_hal_fdcan.c ****         (+) HAL_FDCAN_GetTimeoutCounter             : Get the timeout counter value
1274:Drivers/STM32H5xx_HAL_Driver/Src/stm32h5xx_hal_fdcan.c ****         (+) HAL_FDCAN_ResetTimeoutCounter           : Reset the timeout counter to its start value
1275:Drivers/STM32H5xx_HAL_Driver/Src/stm32h5xx_hal_fdcan.c ****       (+) HAL_FDCAN_ConfigTxDelayCompensation     : Configure the transmitter delay compensation
1276:Drivers/STM32H5xx_HAL_Driver/Src/stm32h5xx_hal_fdcan.c ****         (+) HAL_FDCAN_EnableTxDelayCompensation     : Enable the transmitter delay compensation
1277:Drivers/STM32H5xx_HAL_Driver/Src/stm32h5xx_hal_fdcan.c ****         (+) HAL_FDCAN_DisableTxDelayCompensation    : Disable the transmitter delay compensation
1278:Drivers/STM32H5xx_HAL_Driver/Src/stm32h5xx_hal_fdcan.c ****       (+) HAL_FDCAN_EnableISOMode                 : Enable ISO 11898-1 protocol mode
1279:Drivers/STM32H5xx_HAL_Driver/Src/stm32h5xx_hal_fdcan.c ****       (+) HAL_FDCAN_DisableISOMode                : Disable ISO 11898-1 protocol mode
1280:Drivers/STM32H5xx_HAL_Driver/Src/stm32h5xx_hal_fdcan.c ****       (+) HAL_FDCAN_EnableEdgeFiltering           : Enable edge filtering during bus integration
1281:Drivers/STM32H5xx_HAL_Driver/Src/stm32h5xx_hal_fdcan.c ****       (+) HAL_FDCAN_DisableEdgeFiltering          : Disable edge filtering during bus integration
1282:Drivers/STM32H5xx_HAL_Driver/Src/stm32h5xx_hal_fdcan.c **** 
1283:Drivers/STM32H5xx_HAL_Driver/Src/stm32h5xx_hal_fdcan.c **** @endverbatim
ARM GAS  /tmp/cc1KCPzC.s 			page 24


1284:Drivers/STM32H5xx_HAL_Driver/Src/stm32h5xx_hal_fdcan.c ****   * @{
1285:Drivers/STM32H5xx_HAL_Driver/Src/stm32h5xx_hal_fdcan.c ****   */
1286:Drivers/STM32H5xx_HAL_Driver/Src/stm32h5xx_hal_fdcan.c **** 
1287:Drivers/STM32H5xx_HAL_Driver/Src/stm32h5xx_hal_fdcan.c **** /**
1288:Drivers/STM32H5xx_HAL_Driver/Src/stm32h5xx_hal_fdcan.c ****   * @brief  Configure the FDCAN reception filter according to the specified
1289:Drivers/STM32H5xx_HAL_Driver/Src/stm32h5xx_hal_fdcan.c ****   *         parameters in the FDCAN_FilterTypeDef structure.
1290:Drivers/STM32H5xx_HAL_Driver/Src/stm32h5xx_hal_fdcan.c ****   * @param  hfdcan pointer to an FDCAN_HandleTypeDef structure that contains
1291:Drivers/STM32H5xx_HAL_Driver/Src/stm32h5xx_hal_fdcan.c ****   *         the configuration information for the specified FDCAN.
1292:Drivers/STM32H5xx_HAL_Driver/Src/stm32h5xx_hal_fdcan.c ****   * @param  sFilterConfig pointer to an FDCAN_FilterTypeDef structure that
1293:Drivers/STM32H5xx_HAL_Driver/Src/stm32h5xx_hal_fdcan.c ****   *         contains the filter configuration information
1294:Drivers/STM32H5xx_HAL_Driver/Src/stm32h5xx_hal_fdcan.c ****   * @retval HAL status
1295:Drivers/STM32H5xx_HAL_Driver/Src/stm32h5xx_hal_fdcan.c ****   */
1296:Drivers/STM32H5xx_HAL_Driver/Src/stm32h5xx_hal_fdcan.c **** HAL_StatusTypeDef HAL_FDCAN_ConfigFilter(FDCAN_HandleTypeDef *hfdcan, const FDCAN_FilterTypeDef *sF
1297:Drivers/STM32H5xx_HAL_Driver/Src/stm32h5xx_hal_fdcan.c **** {
1298:Drivers/STM32H5xx_HAL_Driver/Src/stm32h5xx_hal_fdcan.c ****   uint32_t FilterElementW1;
1299:Drivers/STM32H5xx_HAL_Driver/Src/stm32h5xx_hal_fdcan.c ****   uint32_t FilterElementW2;
1300:Drivers/STM32H5xx_HAL_Driver/Src/stm32h5xx_hal_fdcan.c ****   uint32_t *FilterAddress;
1301:Drivers/STM32H5xx_HAL_Driver/Src/stm32h5xx_hal_fdcan.c ****   HAL_FDCAN_StateTypeDef state = hfdcan->State;
1302:Drivers/STM32H5xx_HAL_Driver/Src/stm32h5xx_hal_fdcan.c **** 
1303:Drivers/STM32H5xx_HAL_Driver/Src/stm32h5xx_hal_fdcan.c ****   if ((state == HAL_FDCAN_STATE_READY) || (state == HAL_FDCAN_STATE_BUSY))
1304:Drivers/STM32H5xx_HAL_Driver/Src/stm32h5xx_hal_fdcan.c ****   {
1305:Drivers/STM32H5xx_HAL_Driver/Src/stm32h5xx_hal_fdcan.c ****     /* Check function parameters */
1306:Drivers/STM32H5xx_HAL_Driver/Src/stm32h5xx_hal_fdcan.c ****     assert_param(IS_FDCAN_ID_TYPE(sFilterConfig->IdType));
1307:Drivers/STM32H5xx_HAL_Driver/Src/stm32h5xx_hal_fdcan.c ****     assert_param(IS_FDCAN_FILTER_CFG(sFilterConfig->FilterConfig));
1308:Drivers/STM32H5xx_HAL_Driver/Src/stm32h5xx_hal_fdcan.c **** 
1309:Drivers/STM32H5xx_HAL_Driver/Src/stm32h5xx_hal_fdcan.c ****     if (sFilterConfig->IdType == FDCAN_STANDARD_ID)
1310:Drivers/STM32H5xx_HAL_Driver/Src/stm32h5xx_hal_fdcan.c ****     {
1311:Drivers/STM32H5xx_HAL_Driver/Src/stm32h5xx_hal_fdcan.c ****       /* Check function parameters */
1312:Drivers/STM32H5xx_HAL_Driver/Src/stm32h5xx_hal_fdcan.c ****       assert_param(IS_FDCAN_MAX_VALUE((sFilterConfig->FilterIndex + 1U), hfdcan->Init.StdFiltersNbr
1313:Drivers/STM32H5xx_HAL_Driver/Src/stm32h5xx_hal_fdcan.c ****       assert_param(IS_FDCAN_MAX_VALUE(sFilterConfig->FilterID1, 0x7FFU));
1314:Drivers/STM32H5xx_HAL_Driver/Src/stm32h5xx_hal_fdcan.c ****       assert_param(IS_FDCAN_MAX_VALUE(sFilterConfig->FilterID2, 0x7FFU));
1315:Drivers/STM32H5xx_HAL_Driver/Src/stm32h5xx_hal_fdcan.c ****       assert_param(IS_FDCAN_STD_FILTER_TYPE(sFilterConfig->FilterType));
1316:Drivers/STM32H5xx_HAL_Driver/Src/stm32h5xx_hal_fdcan.c **** 
1317:Drivers/STM32H5xx_HAL_Driver/Src/stm32h5xx_hal_fdcan.c ****       /* Build filter element */
1318:Drivers/STM32H5xx_HAL_Driver/Src/stm32h5xx_hal_fdcan.c ****       FilterElementW1 = ((sFilterConfig->FilterType << 30U)   |
1319:Drivers/STM32H5xx_HAL_Driver/Src/stm32h5xx_hal_fdcan.c ****                          (sFilterConfig->FilterConfig << 27U) |
1320:Drivers/STM32H5xx_HAL_Driver/Src/stm32h5xx_hal_fdcan.c ****                          (sFilterConfig->FilterID1 << 16U)    |
1321:Drivers/STM32H5xx_HAL_Driver/Src/stm32h5xx_hal_fdcan.c ****                          sFilterConfig->FilterID2);
1322:Drivers/STM32H5xx_HAL_Driver/Src/stm32h5xx_hal_fdcan.c **** 
1323:Drivers/STM32H5xx_HAL_Driver/Src/stm32h5xx_hal_fdcan.c ****       /* Calculate filter address */
1324:Drivers/STM32H5xx_HAL_Driver/Src/stm32h5xx_hal_fdcan.c ****       FilterAddress = (uint32_t *)(hfdcan->msgRam.StandardFilterSA + (sFilterConfig->FilterIndex * 
1325:Drivers/STM32H5xx_HAL_Driver/Src/stm32h5xx_hal_fdcan.c **** 
1326:Drivers/STM32H5xx_HAL_Driver/Src/stm32h5xx_hal_fdcan.c ****       /* Write filter element to the message RAM */
1327:Drivers/STM32H5xx_HAL_Driver/Src/stm32h5xx_hal_fdcan.c ****       *FilterAddress = FilterElementW1;
1328:Drivers/STM32H5xx_HAL_Driver/Src/stm32h5xx_hal_fdcan.c ****     }
1329:Drivers/STM32H5xx_HAL_Driver/Src/stm32h5xx_hal_fdcan.c ****     else /* sFilterConfig->IdType == FDCAN_EXTENDED_ID */
1330:Drivers/STM32H5xx_HAL_Driver/Src/stm32h5xx_hal_fdcan.c ****     {
1331:Drivers/STM32H5xx_HAL_Driver/Src/stm32h5xx_hal_fdcan.c ****       /* Check function parameters */
1332:Drivers/STM32H5xx_HAL_Driver/Src/stm32h5xx_hal_fdcan.c ****       assert_param(IS_FDCAN_MAX_VALUE((sFilterConfig->FilterIndex + 1U), hfdcan->Init.ExtFiltersNbr
1333:Drivers/STM32H5xx_HAL_Driver/Src/stm32h5xx_hal_fdcan.c ****       assert_param(IS_FDCAN_MAX_VALUE(sFilterConfig->FilterID1, 0x1FFFFFFFU));
1334:Drivers/STM32H5xx_HAL_Driver/Src/stm32h5xx_hal_fdcan.c ****       assert_param(IS_FDCAN_MAX_VALUE(sFilterConfig->FilterID2, 0x1FFFFFFFU));
1335:Drivers/STM32H5xx_HAL_Driver/Src/stm32h5xx_hal_fdcan.c ****       assert_param(IS_FDCAN_EXT_FILTER_TYPE(sFilterConfig->FilterType));
1336:Drivers/STM32H5xx_HAL_Driver/Src/stm32h5xx_hal_fdcan.c **** 
1337:Drivers/STM32H5xx_HAL_Driver/Src/stm32h5xx_hal_fdcan.c ****       /* Build first word of filter element */
1338:Drivers/STM32H5xx_HAL_Driver/Src/stm32h5xx_hal_fdcan.c ****       FilterElementW1 = ((sFilterConfig->FilterConfig << 29U) | sFilterConfig->FilterID1);
1339:Drivers/STM32H5xx_HAL_Driver/Src/stm32h5xx_hal_fdcan.c **** 
1340:Drivers/STM32H5xx_HAL_Driver/Src/stm32h5xx_hal_fdcan.c ****       /* Build second word of filter element */
ARM GAS  /tmp/cc1KCPzC.s 			page 25


1341:Drivers/STM32H5xx_HAL_Driver/Src/stm32h5xx_hal_fdcan.c ****       FilterElementW2 = ((sFilterConfig->FilterType << 30U) | sFilterConfig->FilterID2);
1342:Drivers/STM32H5xx_HAL_Driver/Src/stm32h5xx_hal_fdcan.c **** 
1343:Drivers/STM32H5xx_HAL_Driver/Src/stm32h5xx_hal_fdcan.c ****       /* Calculate filter address */
1344:Drivers/STM32H5xx_HAL_Driver/Src/stm32h5xx_hal_fdcan.c ****       FilterAddress = (uint32_t *)(hfdcan->msgRam.ExtendedFilterSA + (sFilterConfig->FilterIndex * 
1345:Drivers/STM32H5xx_HAL_Driver/Src/stm32h5xx_hal_fdcan.c **** 
1346:Drivers/STM32H5xx_HAL_Driver/Src/stm32h5xx_hal_fdcan.c ****       /* Write filter element to the message RAM */
1347:Drivers/STM32H5xx_HAL_Driver/Src/stm32h5xx_hal_fdcan.c ****       *FilterAddress = FilterElementW1;
1348:Drivers/STM32H5xx_HAL_Driver/Src/stm32h5xx_hal_fdcan.c ****       FilterAddress++;
1349:Drivers/STM32H5xx_HAL_Driver/Src/stm32h5xx_hal_fdcan.c ****       *FilterAddress = FilterElementW2;
1350:Drivers/STM32H5xx_HAL_Driver/Src/stm32h5xx_hal_fdcan.c ****     }
1351:Drivers/STM32H5xx_HAL_Driver/Src/stm32h5xx_hal_fdcan.c **** 
1352:Drivers/STM32H5xx_HAL_Driver/Src/stm32h5xx_hal_fdcan.c ****     /* Return function status */
1353:Drivers/STM32H5xx_HAL_Driver/Src/stm32h5xx_hal_fdcan.c ****     return HAL_OK;
1354:Drivers/STM32H5xx_HAL_Driver/Src/stm32h5xx_hal_fdcan.c ****   }
1355:Drivers/STM32H5xx_HAL_Driver/Src/stm32h5xx_hal_fdcan.c ****   else
1356:Drivers/STM32H5xx_HAL_Driver/Src/stm32h5xx_hal_fdcan.c ****   {
1357:Drivers/STM32H5xx_HAL_Driver/Src/stm32h5xx_hal_fdcan.c ****     /* Update error code */
1358:Drivers/STM32H5xx_HAL_Driver/Src/stm32h5xx_hal_fdcan.c ****     hfdcan->ErrorCode |= HAL_FDCAN_ERROR_NOT_INITIALIZED;
1359:Drivers/STM32H5xx_HAL_Driver/Src/stm32h5xx_hal_fdcan.c **** 
1360:Drivers/STM32H5xx_HAL_Driver/Src/stm32h5xx_hal_fdcan.c ****     return HAL_ERROR;
1361:Drivers/STM32H5xx_HAL_Driver/Src/stm32h5xx_hal_fdcan.c ****   }
1362:Drivers/STM32H5xx_HAL_Driver/Src/stm32h5xx_hal_fdcan.c **** }
1363:Drivers/STM32H5xx_HAL_Driver/Src/stm32h5xx_hal_fdcan.c **** 
1364:Drivers/STM32H5xx_HAL_Driver/Src/stm32h5xx_hal_fdcan.c **** /**
1365:Drivers/STM32H5xx_HAL_Driver/Src/stm32h5xx_hal_fdcan.c ****   * @brief  Configure the FDCAN global filter.
1366:Drivers/STM32H5xx_HAL_Driver/Src/stm32h5xx_hal_fdcan.c ****   * @param  hfdcan pointer to an FDCAN_HandleTypeDef structure that contains
1367:Drivers/STM32H5xx_HAL_Driver/Src/stm32h5xx_hal_fdcan.c ****   *         the configuration information for the specified FDCAN.
1368:Drivers/STM32H5xx_HAL_Driver/Src/stm32h5xx_hal_fdcan.c ****   * @param  NonMatchingStd Defines how received messages with 11-bit IDs that
1369:Drivers/STM32H5xx_HAL_Driver/Src/stm32h5xx_hal_fdcan.c ****   *         do not match any element of the filter list are treated.
1370:Drivers/STM32H5xx_HAL_Driver/Src/stm32h5xx_hal_fdcan.c ****   *         This parameter can be a value of @arg FDCAN_Non_Matching_Frames.
1371:Drivers/STM32H5xx_HAL_Driver/Src/stm32h5xx_hal_fdcan.c ****   * @param  NonMatchingExt Defines how received messages with 29-bit IDs that
1372:Drivers/STM32H5xx_HAL_Driver/Src/stm32h5xx_hal_fdcan.c ****   *         do not match any element of the filter list are treated.
1373:Drivers/STM32H5xx_HAL_Driver/Src/stm32h5xx_hal_fdcan.c ****   *         This parameter can be a value of @arg FDCAN_Non_Matching_Frames.
1374:Drivers/STM32H5xx_HAL_Driver/Src/stm32h5xx_hal_fdcan.c ****   * @param  RejectRemoteStd Filter or reject all the remote 11-bit IDs frames.
1375:Drivers/STM32H5xx_HAL_Driver/Src/stm32h5xx_hal_fdcan.c ****   *         This parameter can be a value of @arg FDCAN_Reject_Remote_Frames.
1376:Drivers/STM32H5xx_HAL_Driver/Src/stm32h5xx_hal_fdcan.c ****   * @param  RejectRemoteExt Filter or reject all the remote 29-bit IDs frames.
1377:Drivers/STM32H5xx_HAL_Driver/Src/stm32h5xx_hal_fdcan.c ****   *         This parameter can be a value of @arg FDCAN_Reject_Remote_Frames.
1378:Drivers/STM32H5xx_HAL_Driver/Src/stm32h5xx_hal_fdcan.c ****   * @retval HAL status
1379:Drivers/STM32H5xx_HAL_Driver/Src/stm32h5xx_hal_fdcan.c ****   */
1380:Drivers/STM32H5xx_HAL_Driver/Src/stm32h5xx_hal_fdcan.c **** HAL_StatusTypeDef HAL_FDCAN_ConfigGlobalFilter(FDCAN_HandleTypeDef *hfdcan,
1381:Drivers/STM32H5xx_HAL_Driver/Src/stm32h5xx_hal_fdcan.c ****                                                uint32_t NonMatchingStd,
1382:Drivers/STM32H5xx_HAL_Driver/Src/stm32h5xx_hal_fdcan.c ****                                                uint32_t NonMatchingExt,
1383:Drivers/STM32H5xx_HAL_Driver/Src/stm32h5xx_hal_fdcan.c ****                                                uint32_t RejectRemoteStd,
1384:Drivers/STM32H5xx_HAL_Driver/Src/stm32h5xx_hal_fdcan.c ****                                                uint32_t RejectRemoteExt)
1385:Drivers/STM32H5xx_HAL_Driver/Src/stm32h5xx_hal_fdcan.c **** {
1386:Drivers/STM32H5xx_HAL_Driver/Src/stm32h5xx_hal_fdcan.c ****   /* Check function parameters */
1387:Drivers/STM32H5xx_HAL_Driver/Src/stm32h5xx_hal_fdcan.c ****   assert_param(IS_FDCAN_NON_MATCHING(NonMatchingStd));
1388:Drivers/STM32H5xx_HAL_Driver/Src/stm32h5xx_hal_fdcan.c ****   assert_param(IS_FDCAN_NON_MATCHING(NonMatchingExt));
1389:Drivers/STM32H5xx_HAL_Driver/Src/stm32h5xx_hal_fdcan.c ****   assert_param(IS_FDCAN_REJECT_REMOTE(RejectRemoteStd));
1390:Drivers/STM32H5xx_HAL_Driver/Src/stm32h5xx_hal_fdcan.c ****   assert_param(IS_FDCAN_REJECT_REMOTE(RejectRemoteExt));
1391:Drivers/STM32H5xx_HAL_Driver/Src/stm32h5xx_hal_fdcan.c **** 
1392:Drivers/STM32H5xx_HAL_Driver/Src/stm32h5xx_hal_fdcan.c ****   if (hfdcan->State == HAL_FDCAN_STATE_READY)
1393:Drivers/STM32H5xx_HAL_Driver/Src/stm32h5xx_hal_fdcan.c ****   {
1394:Drivers/STM32H5xx_HAL_Driver/Src/stm32h5xx_hal_fdcan.c ****     /* Configure global filter */
1395:Drivers/STM32H5xx_HAL_Driver/Src/stm32h5xx_hal_fdcan.c ****     MODIFY_REG(hfdcan->Instance->RXGFC, (FDCAN_RXGFC_ANFS |
1396:Drivers/STM32H5xx_HAL_Driver/Src/stm32h5xx_hal_fdcan.c ****                                          FDCAN_RXGFC_ANFE |
1397:Drivers/STM32H5xx_HAL_Driver/Src/stm32h5xx_hal_fdcan.c ****                                          FDCAN_RXGFC_RRFS |
ARM GAS  /tmp/cc1KCPzC.s 			page 26


1398:Drivers/STM32H5xx_HAL_Driver/Src/stm32h5xx_hal_fdcan.c ****                                          FDCAN_RXGFC_RRFE),
1399:Drivers/STM32H5xx_HAL_Driver/Src/stm32h5xx_hal_fdcan.c ****                ((NonMatchingStd << FDCAN_RXGFC_ANFS_Pos)  |
1400:Drivers/STM32H5xx_HAL_Driver/Src/stm32h5xx_hal_fdcan.c ****                 (NonMatchingExt << FDCAN_RXGFC_ANFE_Pos)  |
1401:Drivers/STM32H5xx_HAL_Driver/Src/stm32h5xx_hal_fdcan.c ****                 (RejectRemoteStd << FDCAN_RXGFC_RRFS_Pos) |
1402:Drivers/STM32H5xx_HAL_Driver/Src/stm32h5xx_hal_fdcan.c ****                 (RejectRemoteExt << FDCAN_RXGFC_RRFE_Pos)));
1403:Drivers/STM32H5xx_HAL_Driver/Src/stm32h5xx_hal_fdcan.c **** 
1404:Drivers/STM32H5xx_HAL_Driver/Src/stm32h5xx_hal_fdcan.c ****     /* Return function status */
1405:Drivers/STM32H5xx_HAL_Driver/Src/stm32h5xx_hal_fdcan.c ****     return HAL_OK;
1406:Drivers/STM32H5xx_HAL_Driver/Src/stm32h5xx_hal_fdcan.c ****   }
1407:Drivers/STM32H5xx_HAL_Driver/Src/stm32h5xx_hal_fdcan.c ****   else
1408:Drivers/STM32H5xx_HAL_Driver/Src/stm32h5xx_hal_fdcan.c ****   {
1409:Drivers/STM32H5xx_HAL_Driver/Src/stm32h5xx_hal_fdcan.c ****     /* Update error code */
1410:Drivers/STM32H5xx_HAL_Driver/Src/stm32h5xx_hal_fdcan.c ****     hfdcan->ErrorCode |= HAL_FDCAN_ERROR_NOT_READY;
1411:Drivers/STM32H5xx_HAL_Driver/Src/stm32h5xx_hal_fdcan.c **** 
1412:Drivers/STM32H5xx_HAL_Driver/Src/stm32h5xx_hal_fdcan.c ****     return HAL_ERROR;
1413:Drivers/STM32H5xx_HAL_Driver/Src/stm32h5xx_hal_fdcan.c ****   }
1414:Drivers/STM32H5xx_HAL_Driver/Src/stm32h5xx_hal_fdcan.c **** }
1415:Drivers/STM32H5xx_HAL_Driver/Src/stm32h5xx_hal_fdcan.c **** 
1416:Drivers/STM32H5xx_HAL_Driver/Src/stm32h5xx_hal_fdcan.c **** /**
1417:Drivers/STM32H5xx_HAL_Driver/Src/stm32h5xx_hal_fdcan.c ****   * @brief  Configure the extended ID mask.
1418:Drivers/STM32H5xx_HAL_Driver/Src/stm32h5xx_hal_fdcan.c ****   * @param  hfdcan pointer to an FDCAN_HandleTypeDef structure that contains
1419:Drivers/STM32H5xx_HAL_Driver/Src/stm32h5xx_hal_fdcan.c ****   *         the configuration information for the specified FDCAN.
1420:Drivers/STM32H5xx_HAL_Driver/Src/stm32h5xx_hal_fdcan.c ****   * @param  Mask Extended ID Mask.
1421:Drivers/STM32H5xx_HAL_Driver/Src/stm32h5xx_hal_fdcan.c ****   *         This parameter must be a number between 0 and 0x1FFFFFFF.
1422:Drivers/STM32H5xx_HAL_Driver/Src/stm32h5xx_hal_fdcan.c ****   * @retval HAL status
1423:Drivers/STM32H5xx_HAL_Driver/Src/stm32h5xx_hal_fdcan.c ****   */
1424:Drivers/STM32H5xx_HAL_Driver/Src/stm32h5xx_hal_fdcan.c **** HAL_StatusTypeDef HAL_FDCAN_ConfigExtendedIdMask(FDCAN_HandleTypeDef *hfdcan, uint32_t Mask)
1425:Drivers/STM32H5xx_HAL_Driver/Src/stm32h5xx_hal_fdcan.c **** {
1426:Drivers/STM32H5xx_HAL_Driver/Src/stm32h5xx_hal_fdcan.c ****   /* Check function parameters */
1427:Drivers/STM32H5xx_HAL_Driver/Src/stm32h5xx_hal_fdcan.c ****   assert_param(IS_FDCAN_MAX_VALUE(Mask, 0x1FFFFFFFU));
1428:Drivers/STM32H5xx_HAL_Driver/Src/stm32h5xx_hal_fdcan.c **** 
1429:Drivers/STM32H5xx_HAL_Driver/Src/stm32h5xx_hal_fdcan.c ****   if (hfdcan->State == HAL_FDCAN_STATE_READY)
1430:Drivers/STM32H5xx_HAL_Driver/Src/stm32h5xx_hal_fdcan.c ****   {
1431:Drivers/STM32H5xx_HAL_Driver/Src/stm32h5xx_hal_fdcan.c ****     /* Configure the extended ID mask */
1432:Drivers/STM32H5xx_HAL_Driver/Src/stm32h5xx_hal_fdcan.c ****     hfdcan->Instance->XIDAM = Mask;
1433:Drivers/STM32H5xx_HAL_Driver/Src/stm32h5xx_hal_fdcan.c **** 
1434:Drivers/STM32H5xx_HAL_Driver/Src/stm32h5xx_hal_fdcan.c ****     /* Return function status */
1435:Drivers/STM32H5xx_HAL_Driver/Src/stm32h5xx_hal_fdcan.c ****     return HAL_OK;
1436:Drivers/STM32H5xx_HAL_Driver/Src/stm32h5xx_hal_fdcan.c ****   }
1437:Drivers/STM32H5xx_HAL_Driver/Src/stm32h5xx_hal_fdcan.c ****   else
1438:Drivers/STM32H5xx_HAL_Driver/Src/stm32h5xx_hal_fdcan.c ****   {
1439:Drivers/STM32H5xx_HAL_Driver/Src/stm32h5xx_hal_fdcan.c ****     /* Update error code */
1440:Drivers/STM32H5xx_HAL_Driver/Src/stm32h5xx_hal_fdcan.c ****     hfdcan->ErrorCode |= HAL_FDCAN_ERROR_NOT_READY;
1441:Drivers/STM32H5xx_HAL_Driver/Src/stm32h5xx_hal_fdcan.c **** 
1442:Drivers/STM32H5xx_HAL_Driver/Src/stm32h5xx_hal_fdcan.c ****     return HAL_ERROR;
1443:Drivers/STM32H5xx_HAL_Driver/Src/stm32h5xx_hal_fdcan.c ****   }
1444:Drivers/STM32H5xx_HAL_Driver/Src/stm32h5xx_hal_fdcan.c **** }
1445:Drivers/STM32H5xx_HAL_Driver/Src/stm32h5xx_hal_fdcan.c **** 
1446:Drivers/STM32H5xx_HAL_Driver/Src/stm32h5xx_hal_fdcan.c **** /**
1447:Drivers/STM32H5xx_HAL_Driver/Src/stm32h5xx_hal_fdcan.c ****   * @brief  Configure the Rx FIFO operation mode.
1448:Drivers/STM32H5xx_HAL_Driver/Src/stm32h5xx_hal_fdcan.c ****   * @param  hfdcan pointer to an FDCAN_HandleTypeDef structure that contains
1449:Drivers/STM32H5xx_HAL_Driver/Src/stm32h5xx_hal_fdcan.c ****   *         the configuration information for the specified FDCAN.
1450:Drivers/STM32H5xx_HAL_Driver/Src/stm32h5xx_hal_fdcan.c ****   * @param  RxFifo Rx FIFO.
1451:Drivers/STM32H5xx_HAL_Driver/Src/stm32h5xx_hal_fdcan.c ****   *         This parameter can be one of the following values:
1452:Drivers/STM32H5xx_HAL_Driver/Src/stm32h5xx_hal_fdcan.c ****   *           @arg FDCAN_RX_FIFO0: Rx FIFO 0
1453:Drivers/STM32H5xx_HAL_Driver/Src/stm32h5xx_hal_fdcan.c ****   *           @arg FDCAN_RX_FIFO1: Rx FIFO 1
1454:Drivers/STM32H5xx_HAL_Driver/Src/stm32h5xx_hal_fdcan.c ****   * @param  OperationMode operation mode.
ARM GAS  /tmp/cc1KCPzC.s 			page 27


1455:Drivers/STM32H5xx_HAL_Driver/Src/stm32h5xx_hal_fdcan.c ****   *         This parameter can be a value of @arg FDCAN_Rx_FIFO_operation_mode.
1456:Drivers/STM32H5xx_HAL_Driver/Src/stm32h5xx_hal_fdcan.c ****   * @retval HAL status
1457:Drivers/STM32H5xx_HAL_Driver/Src/stm32h5xx_hal_fdcan.c ****   */
1458:Drivers/STM32H5xx_HAL_Driver/Src/stm32h5xx_hal_fdcan.c **** HAL_StatusTypeDef HAL_FDCAN_ConfigRxFifoOverwrite(FDCAN_HandleTypeDef *hfdcan, uint32_t RxFifo, uin
1459:Drivers/STM32H5xx_HAL_Driver/Src/stm32h5xx_hal_fdcan.c **** {
1460:Drivers/STM32H5xx_HAL_Driver/Src/stm32h5xx_hal_fdcan.c ****   /* Check function parameters */
1461:Drivers/STM32H5xx_HAL_Driver/Src/stm32h5xx_hal_fdcan.c ****   assert_param(IS_FDCAN_RX_FIFO(RxFifo));
1462:Drivers/STM32H5xx_HAL_Driver/Src/stm32h5xx_hal_fdcan.c ****   assert_param(IS_FDCAN_RX_FIFO_MODE(OperationMode));
1463:Drivers/STM32H5xx_HAL_Driver/Src/stm32h5xx_hal_fdcan.c **** 
1464:Drivers/STM32H5xx_HAL_Driver/Src/stm32h5xx_hal_fdcan.c ****   if (hfdcan->State == HAL_FDCAN_STATE_READY)
1465:Drivers/STM32H5xx_HAL_Driver/Src/stm32h5xx_hal_fdcan.c ****   {
1466:Drivers/STM32H5xx_HAL_Driver/Src/stm32h5xx_hal_fdcan.c ****     if (RxFifo == FDCAN_RX_FIFO0)
1467:Drivers/STM32H5xx_HAL_Driver/Src/stm32h5xx_hal_fdcan.c ****     {
1468:Drivers/STM32H5xx_HAL_Driver/Src/stm32h5xx_hal_fdcan.c ****       /* Select FIFO 0 Operation Mode */
1469:Drivers/STM32H5xx_HAL_Driver/Src/stm32h5xx_hal_fdcan.c ****       MODIFY_REG(hfdcan->Instance->RXGFC, FDCAN_RXGFC_F0OM, (OperationMode << FDCAN_RXGFC_F0OM_Pos)
1470:Drivers/STM32H5xx_HAL_Driver/Src/stm32h5xx_hal_fdcan.c ****     }
1471:Drivers/STM32H5xx_HAL_Driver/Src/stm32h5xx_hal_fdcan.c ****     else /* RxFifo == FDCAN_RX_FIFO1 */
1472:Drivers/STM32H5xx_HAL_Driver/Src/stm32h5xx_hal_fdcan.c ****     {
1473:Drivers/STM32H5xx_HAL_Driver/Src/stm32h5xx_hal_fdcan.c ****       /* Select FIFO 1 Operation Mode */
1474:Drivers/STM32H5xx_HAL_Driver/Src/stm32h5xx_hal_fdcan.c ****       MODIFY_REG(hfdcan->Instance->RXGFC, FDCAN_RXGFC_F1OM, (OperationMode << FDCAN_RXGFC_F1OM_Pos)
1475:Drivers/STM32H5xx_HAL_Driver/Src/stm32h5xx_hal_fdcan.c ****     }
1476:Drivers/STM32H5xx_HAL_Driver/Src/stm32h5xx_hal_fdcan.c **** 
1477:Drivers/STM32H5xx_HAL_Driver/Src/stm32h5xx_hal_fdcan.c ****     /* Return function status */
1478:Drivers/STM32H5xx_HAL_Driver/Src/stm32h5xx_hal_fdcan.c ****     return HAL_OK;
1479:Drivers/STM32H5xx_HAL_Driver/Src/stm32h5xx_hal_fdcan.c ****   }
1480:Drivers/STM32H5xx_HAL_Driver/Src/stm32h5xx_hal_fdcan.c ****   else
1481:Drivers/STM32H5xx_HAL_Driver/Src/stm32h5xx_hal_fdcan.c ****   {
1482:Drivers/STM32H5xx_HAL_Driver/Src/stm32h5xx_hal_fdcan.c ****     /* Update error code */
1483:Drivers/STM32H5xx_HAL_Driver/Src/stm32h5xx_hal_fdcan.c ****     hfdcan->ErrorCode |= HAL_FDCAN_ERROR_NOT_READY;
1484:Drivers/STM32H5xx_HAL_Driver/Src/stm32h5xx_hal_fdcan.c **** 
1485:Drivers/STM32H5xx_HAL_Driver/Src/stm32h5xx_hal_fdcan.c ****     return HAL_ERROR;
1486:Drivers/STM32H5xx_HAL_Driver/Src/stm32h5xx_hal_fdcan.c ****   }
1487:Drivers/STM32H5xx_HAL_Driver/Src/stm32h5xx_hal_fdcan.c **** }
1488:Drivers/STM32H5xx_HAL_Driver/Src/stm32h5xx_hal_fdcan.c **** 
1489:Drivers/STM32H5xx_HAL_Driver/Src/stm32h5xx_hal_fdcan.c **** /**
1490:Drivers/STM32H5xx_HAL_Driver/Src/stm32h5xx_hal_fdcan.c ****   * @brief  Configure the RAM watchdog.
1491:Drivers/STM32H5xx_HAL_Driver/Src/stm32h5xx_hal_fdcan.c ****   * @param  hfdcan pointer to an FDCAN_HandleTypeDef structure that contains
1492:Drivers/STM32H5xx_HAL_Driver/Src/stm32h5xx_hal_fdcan.c ****   *         the configuration information for the specified FDCAN.
1493:Drivers/STM32H5xx_HAL_Driver/Src/stm32h5xx_hal_fdcan.c ****   * @param  CounterStartValue Start value of the Message RAM Watchdog Counter,
1494:Drivers/STM32H5xx_HAL_Driver/Src/stm32h5xx_hal_fdcan.c ****   *         This parameter must be a number between 0x00 and 0xFF,
1495:Drivers/STM32H5xx_HAL_Driver/Src/stm32h5xx_hal_fdcan.c ****   *         with the reset value of 0x00 the counter is disabled.
1496:Drivers/STM32H5xx_HAL_Driver/Src/stm32h5xx_hal_fdcan.c ****   * @retval HAL status
1497:Drivers/STM32H5xx_HAL_Driver/Src/stm32h5xx_hal_fdcan.c ****   */
1498:Drivers/STM32H5xx_HAL_Driver/Src/stm32h5xx_hal_fdcan.c **** HAL_StatusTypeDef HAL_FDCAN_ConfigRamWatchdog(FDCAN_HandleTypeDef *hfdcan, uint32_t CounterStartVal
1499:Drivers/STM32H5xx_HAL_Driver/Src/stm32h5xx_hal_fdcan.c **** {
1500:Drivers/STM32H5xx_HAL_Driver/Src/stm32h5xx_hal_fdcan.c ****   /* Check function parameters */
1501:Drivers/STM32H5xx_HAL_Driver/Src/stm32h5xx_hal_fdcan.c ****   assert_param(IS_FDCAN_MAX_VALUE(CounterStartValue, 0xFFU));
1502:Drivers/STM32H5xx_HAL_Driver/Src/stm32h5xx_hal_fdcan.c **** 
1503:Drivers/STM32H5xx_HAL_Driver/Src/stm32h5xx_hal_fdcan.c ****   if (hfdcan->State == HAL_FDCAN_STATE_READY)
1504:Drivers/STM32H5xx_HAL_Driver/Src/stm32h5xx_hal_fdcan.c ****   {
1505:Drivers/STM32H5xx_HAL_Driver/Src/stm32h5xx_hal_fdcan.c ****     /* Configure the RAM watchdog counter start value */
1506:Drivers/STM32H5xx_HAL_Driver/Src/stm32h5xx_hal_fdcan.c ****     MODIFY_REG(hfdcan->Instance->RWD, FDCAN_RWD_WDC, CounterStartValue);
1507:Drivers/STM32H5xx_HAL_Driver/Src/stm32h5xx_hal_fdcan.c **** 
1508:Drivers/STM32H5xx_HAL_Driver/Src/stm32h5xx_hal_fdcan.c ****     /* Return function status */
1509:Drivers/STM32H5xx_HAL_Driver/Src/stm32h5xx_hal_fdcan.c ****     return HAL_OK;
1510:Drivers/STM32H5xx_HAL_Driver/Src/stm32h5xx_hal_fdcan.c ****   }
1511:Drivers/STM32H5xx_HAL_Driver/Src/stm32h5xx_hal_fdcan.c ****   else
ARM GAS  /tmp/cc1KCPzC.s 			page 28


1512:Drivers/STM32H5xx_HAL_Driver/Src/stm32h5xx_hal_fdcan.c ****   {
1513:Drivers/STM32H5xx_HAL_Driver/Src/stm32h5xx_hal_fdcan.c ****     /* Update error code */
1514:Drivers/STM32H5xx_HAL_Driver/Src/stm32h5xx_hal_fdcan.c ****     hfdcan->ErrorCode |= HAL_FDCAN_ERROR_NOT_READY;
1515:Drivers/STM32H5xx_HAL_Driver/Src/stm32h5xx_hal_fdcan.c **** 
1516:Drivers/STM32H5xx_HAL_Driver/Src/stm32h5xx_hal_fdcan.c ****     return HAL_ERROR;
1517:Drivers/STM32H5xx_HAL_Driver/Src/stm32h5xx_hal_fdcan.c ****   }
1518:Drivers/STM32H5xx_HAL_Driver/Src/stm32h5xx_hal_fdcan.c **** }
1519:Drivers/STM32H5xx_HAL_Driver/Src/stm32h5xx_hal_fdcan.c **** 
1520:Drivers/STM32H5xx_HAL_Driver/Src/stm32h5xx_hal_fdcan.c **** /**
1521:Drivers/STM32H5xx_HAL_Driver/Src/stm32h5xx_hal_fdcan.c ****   * @brief  Configure the timestamp counter.
1522:Drivers/STM32H5xx_HAL_Driver/Src/stm32h5xx_hal_fdcan.c ****   * @param  hfdcan pointer to an FDCAN_HandleTypeDef structure that contains
1523:Drivers/STM32H5xx_HAL_Driver/Src/stm32h5xx_hal_fdcan.c ****   *         the configuration information for the specified FDCAN.
1524:Drivers/STM32H5xx_HAL_Driver/Src/stm32h5xx_hal_fdcan.c ****   * @param  TimestampPrescaler Timestamp Counter Prescaler.
1525:Drivers/STM32H5xx_HAL_Driver/Src/stm32h5xx_hal_fdcan.c ****   *         This parameter can be a value of @arg FDCAN_Timestamp_Prescaler.
1526:Drivers/STM32H5xx_HAL_Driver/Src/stm32h5xx_hal_fdcan.c ****   * @retval HAL status
1527:Drivers/STM32H5xx_HAL_Driver/Src/stm32h5xx_hal_fdcan.c ****   */
1528:Drivers/STM32H5xx_HAL_Driver/Src/stm32h5xx_hal_fdcan.c **** HAL_StatusTypeDef HAL_FDCAN_ConfigTimestampCounter(FDCAN_HandleTypeDef *hfdcan, uint32_t TimestampP
1529:Drivers/STM32H5xx_HAL_Driver/Src/stm32h5xx_hal_fdcan.c **** {
1530:Drivers/STM32H5xx_HAL_Driver/Src/stm32h5xx_hal_fdcan.c ****   /* Check function parameters */
1531:Drivers/STM32H5xx_HAL_Driver/Src/stm32h5xx_hal_fdcan.c ****   assert_param(IS_FDCAN_TIMESTAMP_PRESCALER(TimestampPrescaler));
1532:Drivers/STM32H5xx_HAL_Driver/Src/stm32h5xx_hal_fdcan.c **** 
1533:Drivers/STM32H5xx_HAL_Driver/Src/stm32h5xx_hal_fdcan.c ****   if (hfdcan->State == HAL_FDCAN_STATE_READY)
1534:Drivers/STM32H5xx_HAL_Driver/Src/stm32h5xx_hal_fdcan.c ****   {
1535:Drivers/STM32H5xx_HAL_Driver/Src/stm32h5xx_hal_fdcan.c ****     /* Configure prescaler */
1536:Drivers/STM32H5xx_HAL_Driver/Src/stm32h5xx_hal_fdcan.c ****     MODIFY_REG(hfdcan->Instance->TSCC, FDCAN_TSCC_TCP, TimestampPrescaler);
1537:Drivers/STM32H5xx_HAL_Driver/Src/stm32h5xx_hal_fdcan.c **** 
1538:Drivers/STM32H5xx_HAL_Driver/Src/stm32h5xx_hal_fdcan.c ****     /* Return function status */
1539:Drivers/STM32H5xx_HAL_Driver/Src/stm32h5xx_hal_fdcan.c ****     return HAL_OK;
1540:Drivers/STM32H5xx_HAL_Driver/Src/stm32h5xx_hal_fdcan.c ****   }
1541:Drivers/STM32H5xx_HAL_Driver/Src/stm32h5xx_hal_fdcan.c ****   else
1542:Drivers/STM32H5xx_HAL_Driver/Src/stm32h5xx_hal_fdcan.c ****   {
1543:Drivers/STM32H5xx_HAL_Driver/Src/stm32h5xx_hal_fdcan.c ****     /* Update error code */
1544:Drivers/STM32H5xx_HAL_Driver/Src/stm32h5xx_hal_fdcan.c ****     hfdcan->ErrorCode |= HAL_FDCAN_ERROR_NOT_READY;
1545:Drivers/STM32H5xx_HAL_Driver/Src/stm32h5xx_hal_fdcan.c **** 
1546:Drivers/STM32H5xx_HAL_Driver/Src/stm32h5xx_hal_fdcan.c ****     return HAL_ERROR;
1547:Drivers/STM32H5xx_HAL_Driver/Src/stm32h5xx_hal_fdcan.c ****   }
1548:Drivers/STM32H5xx_HAL_Driver/Src/stm32h5xx_hal_fdcan.c **** }
1549:Drivers/STM32H5xx_HAL_Driver/Src/stm32h5xx_hal_fdcan.c **** 
1550:Drivers/STM32H5xx_HAL_Driver/Src/stm32h5xx_hal_fdcan.c **** /**
1551:Drivers/STM32H5xx_HAL_Driver/Src/stm32h5xx_hal_fdcan.c ****   * @brief  Enable the timestamp counter.
1552:Drivers/STM32H5xx_HAL_Driver/Src/stm32h5xx_hal_fdcan.c ****   * @param  hfdcan pointer to an FDCAN_HandleTypeDef structure that contains
1553:Drivers/STM32H5xx_HAL_Driver/Src/stm32h5xx_hal_fdcan.c ****   *         the configuration information for the specified FDCAN.
1554:Drivers/STM32H5xx_HAL_Driver/Src/stm32h5xx_hal_fdcan.c ****   * @param  TimestampOperation Timestamp counter operation.
1555:Drivers/STM32H5xx_HAL_Driver/Src/stm32h5xx_hal_fdcan.c ****   *         This parameter can be a value of @arg FDCAN_Timestamp.
1556:Drivers/STM32H5xx_HAL_Driver/Src/stm32h5xx_hal_fdcan.c ****   * @retval HAL status
1557:Drivers/STM32H5xx_HAL_Driver/Src/stm32h5xx_hal_fdcan.c ****   */
1558:Drivers/STM32H5xx_HAL_Driver/Src/stm32h5xx_hal_fdcan.c **** HAL_StatusTypeDef HAL_FDCAN_EnableTimestampCounter(FDCAN_HandleTypeDef *hfdcan, uint32_t TimestampO
1559:Drivers/STM32H5xx_HAL_Driver/Src/stm32h5xx_hal_fdcan.c **** {
1560:Drivers/STM32H5xx_HAL_Driver/Src/stm32h5xx_hal_fdcan.c ****   /* Check function parameters */
1561:Drivers/STM32H5xx_HAL_Driver/Src/stm32h5xx_hal_fdcan.c ****   assert_param(IS_FDCAN_TIMESTAMP(TimestampOperation));
1562:Drivers/STM32H5xx_HAL_Driver/Src/stm32h5xx_hal_fdcan.c **** 
1563:Drivers/STM32H5xx_HAL_Driver/Src/stm32h5xx_hal_fdcan.c ****   if (hfdcan->State == HAL_FDCAN_STATE_READY)
1564:Drivers/STM32H5xx_HAL_Driver/Src/stm32h5xx_hal_fdcan.c ****   {
1565:Drivers/STM32H5xx_HAL_Driver/Src/stm32h5xx_hal_fdcan.c ****     /* Enable timestamp counter */
1566:Drivers/STM32H5xx_HAL_Driver/Src/stm32h5xx_hal_fdcan.c ****     MODIFY_REG(hfdcan->Instance->TSCC, FDCAN_TSCC_TSS, TimestampOperation);
1567:Drivers/STM32H5xx_HAL_Driver/Src/stm32h5xx_hal_fdcan.c **** 
1568:Drivers/STM32H5xx_HAL_Driver/Src/stm32h5xx_hal_fdcan.c ****     /* Return function status */
ARM GAS  /tmp/cc1KCPzC.s 			page 29


1569:Drivers/STM32H5xx_HAL_Driver/Src/stm32h5xx_hal_fdcan.c ****     return HAL_OK;
1570:Drivers/STM32H5xx_HAL_Driver/Src/stm32h5xx_hal_fdcan.c ****   }
1571:Drivers/STM32H5xx_HAL_Driver/Src/stm32h5xx_hal_fdcan.c ****   else
1572:Drivers/STM32H5xx_HAL_Driver/Src/stm32h5xx_hal_fdcan.c ****   {
1573:Drivers/STM32H5xx_HAL_Driver/Src/stm32h5xx_hal_fdcan.c ****     /* Update error code */
1574:Drivers/STM32H5xx_HAL_Driver/Src/stm32h5xx_hal_fdcan.c ****     hfdcan->ErrorCode |= HAL_FDCAN_ERROR_NOT_READY;
1575:Drivers/STM32H5xx_HAL_Driver/Src/stm32h5xx_hal_fdcan.c **** 
1576:Drivers/STM32H5xx_HAL_Driver/Src/stm32h5xx_hal_fdcan.c ****     return HAL_ERROR;
1577:Drivers/STM32H5xx_HAL_Driver/Src/stm32h5xx_hal_fdcan.c ****   }
1578:Drivers/STM32H5xx_HAL_Driver/Src/stm32h5xx_hal_fdcan.c **** }
1579:Drivers/STM32H5xx_HAL_Driver/Src/stm32h5xx_hal_fdcan.c **** 
1580:Drivers/STM32H5xx_HAL_Driver/Src/stm32h5xx_hal_fdcan.c **** /**
1581:Drivers/STM32H5xx_HAL_Driver/Src/stm32h5xx_hal_fdcan.c ****   * @brief  Disable the timestamp counter.
1582:Drivers/STM32H5xx_HAL_Driver/Src/stm32h5xx_hal_fdcan.c ****   * @param  hfdcan pointer to an FDCAN_HandleTypeDef structure that contains
1583:Drivers/STM32H5xx_HAL_Driver/Src/stm32h5xx_hal_fdcan.c ****   *         the configuration information for the specified FDCAN.
1584:Drivers/STM32H5xx_HAL_Driver/Src/stm32h5xx_hal_fdcan.c ****   * @retval HAL status
1585:Drivers/STM32H5xx_HAL_Driver/Src/stm32h5xx_hal_fdcan.c ****   */
1586:Drivers/STM32H5xx_HAL_Driver/Src/stm32h5xx_hal_fdcan.c **** HAL_StatusTypeDef HAL_FDCAN_DisableTimestampCounter(FDCAN_HandleTypeDef *hfdcan)
1587:Drivers/STM32H5xx_HAL_Driver/Src/stm32h5xx_hal_fdcan.c **** {
1588:Drivers/STM32H5xx_HAL_Driver/Src/stm32h5xx_hal_fdcan.c ****   if (hfdcan->State == HAL_FDCAN_STATE_READY)
1589:Drivers/STM32H5xx_HAL_Driver/Src/stm32h5xx_hal_fdcan.c ****   {
1590:Drivers/STM32H5xx_HAL_Driver/Src/stm32h5xx_hal_fdcan.c ****     /* Disable timestamp counter */
1591:Drivers/STM32H5xx_HAL_Driver/Src/stm32h5xx_hal_fdcan.c ****     CLEAR_BIT(hfdcan->Instance->TSCC, FDCAN_TSCC_TSS);
1592:Drivers/STM32H5xx_HAL_Driver/Src/stm32h5xx_hal_fdcan.c **** 
1593:Drivers/STM32H5xx_HAL_Driver/Src/stm32h5xx_hal_fdcan.c ****     /* Return function status */
1594:Drivers/STM32H5xx_HAL_Driver/Src/stm32h5xx_hal_fdcan.c ****     return HAL_OK;
1595:Drivers/STM32H5xx_HAL_Driver/Src/stm32h5xx_hal_fdcan.c ****   }
1596:Drivers/STM32H5xx_HAL_Driver/Src/stm32h5xx_hal_fdcan.c ****   else
1597:Drivers/STM32H5xx_HAL_Driver/Src/stm32h5xx_hal_fdcan.c ****   {
1598:Drivers/STM32H5xx_HAL_Driver/Src/stm32h5xx_hal_fdcan.c ****     /* Update error code */
1599:Drivers/STM32H5xx_HAL_Driver/Src/stm32h5xx_hal_fdcan.c ****     hfdcan->ErrorCode |= HAL_FDCAN_ERROR_NOT_READY;
1600:Drivers/STM32H5xx_HAL_Driver/Src/stm32h5xx_hal_fdcan.c **** 
1601:Drivers/STM32H5xx_HAL_Driver/Src/stm32h5xx_hal_fdcan.c ****     return HAL_ERROR;
1602:Drivers/STM32H5xx_HAL_Driver/Src/stm32h5xx_hal_fdcan.c ****   }
1603:Drivers/STM32H5xx_HAL_Driver/Src/stm32h5xx_hal_fdcan.c **** }
1604:Drivers/STM32H5xx_HAL_Driver/Src/stm32h5xx_hal_fdcan.c **** 
1605:Drivers/STM32H5xx_HAL_Driver/Src/stm32h5xx_hal_fdcan.c **** /**
1606:Drivers/STM32H5xx_HAL_Driver/Src/stm32h5xx_hal_fdcan.c ****   * @brief  Get the timestamp counter value.
1607:Drivers/STM32H5xx_HAL_Driver/Src/stm32h5xx_hal_fdcan.c ****   * @param  hfdcan pointer to an FDCAN_HandleTypeDef structure that contains
1608:Drivers/STM32H5xx_HAL_Driver/Src/stm32h5xx_hal_fdcan.c ****   *         the configuration information for the specified FDCAN.
1609:Drivers/STM32H5xx_HAL_Driver/Src/stm32h5xx_hal_fdcan.c ****   * @retval Timestamp counter value
1610:Drivers/STM32H5xx_HAL_Driver/Src/stm32h5xx_hal_fdcan.c ****   */
1611:Drivers/STM32H5xx_HAL_Driver/Src/stm32h5xx_hal_fdcan.c **** uint16_t HAL_FDCAN_GetTimestampCounter(const FDCAN_HandleTypeDef *hfdcan)
1612:Drivers/STM32H5xx_HAL_Driver/Src/stm32h5xx_hal_fdcan.c **** {
1613:Drivers/STM32H5xx_HAL_Driver/Src/stm32h5xx_hal_fdcan.c ****   return (uint16_t)(hfdcan->Instance->TSCV);
1614:Drivers/STM32H5xx_HAL_Driver/Src/stm32h5xx_hal_fdcan.c **** }
1615:Drivers/STM32H5xx_HAL_Driver/Src/stm32h5xx_hal_fdcan.c **** 
1616:Drivers/STM32H5xx_HAL_Driver/Src/stm32h5xx_hal_fdcan.c **** /**
1617:Drivers/STM32H5xx_HAL_Driver/Src/stm32h5xx_hal_fdcan.c ****   * @brief  Reset the timestamp counter to zero.
1618:Drivers/STM32H5xx_HAL_Driver/Src/stm32h5xx_hal_fdcan.c ****   * @param  hfdcan pointer to an FDCAN_HandleTypeDef structure that contains
1619:Drivers/STM32H5xx_HAL_Driver/Src/stm32h5xx_hal_fdcan.c ****   *         the configuration information for the specified FDCAN.
1620:Drivers/STM32H5xx_HAL_Driver/Src/stm32h5xx_hal_fdcan.c ****   * @retval HAL status
1621:Drivers/STM32H5xx_HAL_Driver/Src/stm32h5xx_hal_fdcan.c ****   */
1622:Drivers/STM32H5xx_HAL_Driver/Src/stm32h5xx_hal_fdcan.c **** HAL_StatusTypeDef HAL_FDCAN_ResetTimestampCounter(FDCAN_HandleTypeDef *hfdcan)
1623:Drivers/STM32H5xx_HAL_Driver/Src/stm32h5xx_hal_fdcan.c **** {
1624:Drivers/STM32H5xx_HAL_Driver/Src/stm32h5xx_hal_fdcan.c ****   if ((hfdcan->Instance->TSCC & FDCAN_TSCC_TSS) != FDCAN_TIMESTAMP_EXTERNAL)
1625:Drivers/STM32H5xx_HAL_Driver/Src/stm32h5xx_hal_fdcan.c ****   {
ARM GAS  /tmp/cc1KCPzC.s 			page 30


1626:Drivers/STM32H5xx_HAL_Driver/Src/stm32h5xx_hal_fdcan.c ****     /* Reset timestamp counter.
1627:Drivers/STM32H5xx_HAL_Driver/Src/stm32h5xx_hal_fdcan.c ****        Actually any write operation to TSCV clears the counter */
1628:Drivers/STM32H5xx_HAL_Driver/Src/stm32h5xx_hal_fdcan.c ****     CLEAR_REG(hfdcan->Instance->TSCV);
1629:Drivers/STM32H5xx_HAL_Driver/Src/stm32h5xx_hal_fdcan.c ****   }
1630:Drivers/STM32H5xx_HAL_Driver/Src/stm32h5xx_hal_fdcan.c ****   else
1631:Drivers/STM32H5xx_HAL_Driver/Src/stm32h5xx_hal_fdcan.c ****   {
1632:Drivers/STM32H5xx_HAL_Driver/Src/stm32h5xx_hal_fdcan.c ****     /* Update error code.
1633:Drivers/STM32H5xx_HAL_Driver/Src/stm32h5xx_hal_fdcan.c ****        Unable to reset external counter */
1634:Drivers/STM32H5xx_HAL_Driver/Src/stm32h5xx_hal_fdcan.c ****     hfdcan->ErrorCode |= HAL_FDCAN_ERROR_NOT_SUPPORTED;
1635:Drivers/STM32H5xx_HAL_Driver/Src/stm32h5xx_hal_fdcan.c **** 
1636:Drivers/STM32H5xx_HAL_Driver/Src/stm32h5xx_hal_fdcan.c ****     return HAL_ERROR;
1637:Drivers/STM32H5xx_HAL_Driver/Src/stm32h5xx_hal_fdcan.c ****   }
1638:Drivers/STM32H5xx_HAL_Driver/Src/stm32h5xx_hal_fdcan.c **** 
1639:Drivers/STM32H5xx_HAL_Driver/Src/stm32h5xx_hal_fdcan.c ****   /* Return function status */
1640:Drivers/STM32H5xx_HAL_Driver/Src/stm32h5xx_hal_fdcan.c ****   return HAL_OK;
1641:Drivers/STM32H5xx_HAL_Driver/Src/stm32h5xx_hal_fdcan.c **** }
1642:Drivers/STM32H5xx_HAL_Driver/Src/stm32h5xx_hal_fdcan.c **** 
1643:Drivers/STM32H5xx_HAL_Driver/Src/stm32h5xx_hal_fdcan.c **** /**
1644:Drivers/STM32H5xx_HAL_Driver/Src/stm32h5xx_hal_fdcan.c ****   * @brief  Configure the timeout counter.
1645:Drivers/STM32H5xx_HAL_Driver/Src/stm32h5xx_hal_fdcan.c ****   * @param  hfdcan pointer to an FDCAN_HandleTypeDef structure that contains
1646:Drivers/STM32H5xx_HAL_Driver/Src/stm32h5xx_hal_fdcan.c ****   *         the configuration information for the specified FDCAN.
1647:Drivers/STM32H5xx_HAL_Driver/Src/stm32h5xx_hal_fdcan.c ****   * @param  TimeoutOperation Timeout counter operation.
1648:Drivers/STM32H5xx_HAL_Driver/Src/stm32h5xx_hal_fdcan.c ****   *         This parameter can be a value of @arg FDCAN_Timeout_Operation.
1649:Drivers/STM32H5xx_HAL_Driver/Src/stm32h5xx_hal_fdcan.c ****   * @param  TimeoutPeriod Start value of the timeout down-counter.
1650:Drivers/STM32H5xx_HAL_Driver/Src/stm32h5xx_hal_fdcan.c ****   *         This parameter must be a number between 0x0000 and 0xFFFF
1651:Drivers/STM32H5xx_HAL_Driver/Src/stm32h5xx_hal_fdcan.c ****   * @retval HAL status
1652:Drivers/STM32H5xx_HAL_Driver/Src/stm32h5xx_hal_fdcan.c ****   */
1653:Drivers/STM32H5xx_HAL_Driver/Src/stm32h5xx_hal_fdcan.c **** HAL_StatusTypeDef HAL_FDCAN_ConfigTimeoutCounter(FDCAN_HandleTypeDef *hfdcan, uint32_t TimeoutOpera
1654:Drivers/STM32H5xx_HAL_Driver/Src/stm32h5xx_hal_fdcan.c ****                                                  uint32_t TimeoutPeriod)
1655:Drivers/STM32H5xx_HAL_Driver/Src/stm32h5xx_hal_fdcan.c **** {
1656:Drivers/STM32H5xx_HAL_Driver/Src/stm32h5xx_hal_fdcan.c ****   /* Check function parameters */
1657:Drivers/STM32H5xx_HAL_Driver/Src/stm32h5xx_hal_fdcan.c ****   assert_param(IS_FDCAN_TIMEOUT(TimeoutOperation));
1658:Drivers/STM32H5xx_HAL_Driver/Src/stm32h5xx_hal_fdcan.c ****   assert_param(IS_FDCAN_MAX_VALUE(TimeoutPeriod, 0xFFFFU));
1659:Drivers/STM32H5xx_HAL_Driver/Src/stm32h5xx_hal_fdcan.c **** 
1660:Drivers/STM32H5xx_HAL_Driver/Src/stm32h5xx_hal_fdcan.c ****   if (hfdcan->State == HAL_FDCAN_STATE_READY)
1661:Drivers/STM32H5xx_HAL_Driver/Src/stm32h5xx_hal_fdcan.c ****   {
1662:Drivers/STM32H5xx_HAL_Driver/Src/stm32h5xx_hal_fdcan.c ****     /* Select timeout operation and configure period */
1663:Drivers/STM32H5xx_HAL_Driver/Src/stm32h5xx_hal_fdcan.c ****     MODIFY_REG(hfdcan->Instance->TOCC,
1664:Drivers/STM32H5xx_HAL_Driver/Src/stm32h5xx_hal_fdcan.c ****                (FDCAN_TOCC_TOS | FDCAN_TOCC_TOP), (TimeoutOperation | (TimeoutPeriod << FDCAN_TOCC_
1665:Drivers/STM32H5xx_HAL_Driver/Src/stm32h5xx_hal_fdcan.c **** 
1666:Drivers/STM32H5xx_HAL_Driver/Src/stm32h5xx_hal_fdcan.c ****     /* Return function status */
1667:Drivers/STM32H5xx_HAL_Driver/Src/stm32h5xx_hal_fdcan.c ****     return HAL_OK;
1668:Drivers/STM32H5xx_HAL_Driver/Src/stm32h5xx_hal_fdcan.c ****   }
1669:Drivers/STM32H5xx_HAL_Driver/Src/stm32h5xx_hal_fdcan.c ****   else
1670:Drivers/STM32H5xx_HAL_Driver/Src/stm32h5xx_hal_fdcan.c ****   {
1671:Drivers/STM32H5xx_HAL_Driver/Src/stm32h5xx_hal_fdcan.c ****     /* Update error code */
1672:Drivers/STM32H5xx_HAL_Driver/Src/stm32h5xx_hal_fdcan.c ****     hfdcan->ErrorCode |= HAL_FDCAN_ERROR_NOT_READY;
1673:Drivers/STM32H5xx_HAL_Driver/Src/stm32h5xx_hal_fdcan.c **** 
1674:Drivers/STM32H5xx_HAL_Driver/Src/stm32h5xx_hal_fdcan.c ****     return HAL_ERROR;
1675:Drivers/STM32H5xx_HAL_Driver/Src/stm32h5xx_hal_fdcan.c ****   }
1676:Drivers/STM32H5xx_HAL_Driver/Src/stm32h5xx_hal_fdcan.c **** }
1677:Drivers/STM32H5xx_HAL_Driver/Src/stm32h5xx_hal_fdcan.c **** 
1678:Drivers/STM32H5xx_HAL_Driver/Src/stm32h5xx_hal_fdcan.c **** /**
1679:Drivers/STM32H5xx_HAL_Driver/Src/stm32h5xx_hal_fdcan.c ****   * @brief  Enable the timeout counter.
1680:Drivers/STM32H5xx_HAL_Driver/Src/stm32h5xx_hal_fdcan.c ****   * @param  hfdcan pointer to an FDCAN_HandleTypeDef structure that contains
1681:Drivers/STM32H5xx_HAL_Driver/Src/stm32h5xx_hal_fdcan.c ****   *         the configuration information for the specified FDCAN.
1682:Drivers/STM32H5xx_HAL_Driver/Src/stm32h5xx_hal_fdcan.c ****   * @retval HAL status
ARM GAS  /tmp/cc1KCPzC.s 			page 31


1683:Drivers/STM32H5xx_HAL_Driver/Src/stm32h5xx_hal_fdcan.c ****   */
1684:Drivers/STM32H5xx_HAL_Driver/Src/stm32h5xx_hal_fdcan.c **** HAL_StatusTypeDef HAL_FDCAN_EnableTimeoutCounter(FDCAN_HandleTypeDef *hfdcan)
1685:Drivers/STM32H5xx_HAL_Driver/Src/stm32h5xx_hal_fdcan.c **** {
1686:Drivers/STM32H5xx_HAL_Driver/Src/stm32h5xx_hal_fdcan.c ****   if (hfdcan->State == HAL_FDCAN_STATE_READY)
1687:Drivers/STM32H5xx_HAL_Driver/Src/stm32h5xx_hal_fdcan.c ****   {
1688:Drivers/STM32H5xx_HAL_Driver/Src/stm32h5xx_hal_fdcan.c ****     /* Enable timeout counter */
1689:Drivers/STM32H5xx_HAL_Driver/Src/stm32h5xx_hal_fdcan.c ****     SET_BIT(hfdcan->Instance->TOCC, FDCAN_TOCC_ETOC);
1690:Drivers/STM32H5xx_HAL_Driver/Src/stm32h5xx_hal_fdcan.c **** 
1691:Drivers/STM32H5xx_HAL_Driver/Src/stm32h5xx_hal_fdcan.c ****     /* Return function status */
1692:Drivers/STM32H5xx_HAL_Driver/Src/stm32h5xx_hal_fdcan.c ****     return HAL_OK;
1693:Drivers/STM32H5xx_HAL_Driver/Src/stm32h5xx_hal_fdcan.c ****   }
1694:Drivers/STM32H5xx_HAL_Driver/Src/stm32h5xx_hal_fdcan.c ****   else
1695:Drivers/STM32H5xx_HAL_Driver/Src/stm32h5xx_hal_fdcan.c ****   {
1696:Drivers/STM32H5xx_HAL_Driver/Src/stm32h5xx_hal_fdcan.c ****     /* Update error code */
1697:Drivers/STM32H5xx_HAL_Driver/Src/stm32h5xx_hal_fdcan.c ****     hfdcan->ErrorCode |= HAL_FDCAN_ERROR_NOT_READY;
1698:Drivers/STM32H5xx_HAL_Driver/Src/stm32h5xx_hal_fdcan.c **** 
1699:Drivers/STM32H5xx_HAL_Driver/Src/stm32h5xx_hal_fdcan.c ****     return HAL_ERROR;
1700:Drivers/STM32H5xx_HAL_Driver/Src/stm32h5xx_hal_fdcan.c ****   }
1701:Drivers/STM32H5xx_HAL_Driver/Src/stm32h5xx_hal_fdcan.c **** }
1702:Drivers/STM32H5xx_HAL_Driver/Src/stm32h5xx_hal_fdcan.c **** 
1703:Drivers/STM32H5xx_HAL_Driver/Src/stm32h5xx_hal_fdcan.c **** /**
1704:Drivers/STM32H5xx_HAL_Driver/Src/stm32h5xx_hal_fdcan.c ****   * @brief  Disable the timeout counter.
1705:Drivers/STM32H5xx_HAL_Driver/Src/stm32h5xx_hal_fdcan.c ****   * @param  hfdcan pointer to an FDCAN_HandleTypeDef structure that contains
1706:Drivers/STM32H5xx_HAL_Driver/Src/stm32h5xx_hal_fdcan.c ****   *         the configuration information for the specified FDCAN.
1707:Drivers/STM32H5xx_HAL_Driver/Src/stm32h5xx_hal_fdcan.c ****   * @retval HAL status
1708:Drivers/STM32H5xx_HAL_Driver/Src/stm32h5xx_hal_fdcan.c ****   */
1709:Drivers/STM32H5xx_HAL_Driver/Src/stm32h5xx_hal_fdcan.c **** HAL_StatusTypeDef HAL_FDCAN_DisableTimeoutCounter(FDCAN_HandleTypeDef *hfdcan)
1710:Drivers/STM32H5xx_HAL_Driver/Src/stm32h5xx_hal_fdcan.c **** {
1711:Drivers/STM32H5xx_HAL_Driver/Src/stm32h5xx_hal_fdcan.c ****   if (hfdcan->State == HAL_FDCAN_STATE_READY)
1712:Drivers/STM32H5xx_HAL_Driver/Src/stm32h5xx_hal_fdcan.c ****   {
1713:Drivers/STM32H5xx_HAL_Driver/Src/stm32h5xx_hal_fdcan.c ****     /* Disable timeout counter */
1714:Drivers/STM32H5xx_HAL_Driver/Src/stm32h5xx_hal_fdcan.c ****     CLEAR_BIT(hfdcan->Instance->TOCC, FDCAN_TOCC_ETOC);
1715:Drivers/STM32H5xx_HAL_Driver/Src/stm32h5xx_hal_fdcan.c **** 
1716:Drivers/STM32H5xx_HAL_Driver/Src/stm32h5xx_hal_fdcan.c ****     /* Return function status */
1717:Drivers/STM32H5xx_HAL_Driver/Src/stm32h5xx_hal_fdcan.c ****     return HAL_OK;
1718:Drivers/STM32H5xx_HAL_Driver/Src/stm32h5xx_hal_fdcan.c ****   }
1719:Drivers/STM32H5xx_HAL_Driver/Src/stm32h5xx_hal_fdcan.c ****   else
1720:Drivers/STM32H5xx_HAL_Driver/Src/stm32h5xx_hal_fdcan.c ****   {
1721:Drivers/STM32H5xx_HAL_Driver/Src/stm32h5xx_hal_fdcan.c ****     /* Update error code */
1722:Drivers/STM32H5xx_HAL_Driver/Src/stm32h5xx_hal_fdcan.c ****     hfdcan->ErrorCode |= HAL_FDCAN_ERROR_NOT_READY;
1723:Drivers/STM32H5xx_HAL_Driver/Src/stm32h5xx_hal_fdcan.c **** 
1724:Drivers/STM32H5xx_HAL_Driver/Src/stm32h5xx_hal_fdcan.c ****     return HAL_ERROR;
1725:Drivers/STM32H5xx_HAL_Driver/Src/stm32h5xx_hal_fdcan.c ****   }
1726:Drivers/STM32H5xx_HAL_Driver/Src/stm32h5xx_hal_fdcan.c **** }
1727:Drivers/STM32H5xx_HAL_Driver/Src/stm32h5xx_hal_fdcan.c **** 
1728:Drivers/STM32H5xx_HAL_Driver/Src/stm32h5xx_hal_fdcan.c **** /**
1729:Drivers/STM32H5xx_HAL_Driver/Src/stm32h5xx_hal_fdcan.c ****   * @brief  Get the timeout counter value.
1730:Drivers/STM32H5xx_HAL_Driver/Src/stm32h5xx_hal_fdcan.c ****   * @param  hfdcan pointer to an FDCAN_HandleTypeDef structure that contains
1731:Drivers/STM32H5xx_HAL_Driver/Src/stm32h5xx_hal_fdcan.c ****   *         the configuration information for the specified FDCAN.
1732:Drivers/STM32H5xx_HAL_Driver/Src/stm32h5xx_hal_fdcan.c ****   * @retval Timeout counter value
1733:Drivers/STM32H5xx_HAL_Driver/Src/stm32h5xx_hal_fdcan.c ****   */
1734:Drivers/STM32H5xx_HAL_Driver/Src/stm32h5xx_hal_fdcan.c **** uint16_t HAL_FDCAN_GetTimeoutCounter(const FDCAN_HandleTypeDef *hfdcan)
1735:Drivers/STM32H5xx_HAL_Driver/Src/stm32h5xx_hal_fdcan.c **** {
1736:Drivers/STM32H5xx_HAL_Driver/Src/stm32h5xx_hal_fdcan.c ****   return (uint16_t)(hfdcan->Instance->TOCV);
1737:Drivers/STM32H5xx_HAL_Driver/Src/stm32h5xx_hal_fdcan.c **** }
1738:Drivers/STM32H5xx_HAL_Driver/Src/stm32h5xx_hal_fdcan.c **** 
1739:Drivers/STM32H5xx_HAL_Driver/Src/stm32h5xx_hal_fdcan.c **** /**
ARM GAS  /tmp/cc1KCPzC.s 			page 32


1740:Drivers/STM32H5xx_HAL_Driver/Src/stm32h5xx_hal_fdcan.c ****   * @brief  Reset the timeout counter to its start value.
1741:Drivers/STM32H5xx_HAL_Driver/Src/stm32h5xx_hal_fdcan.c ****   * @param  hfdcan pointer to an FDCAN_HandleTypeDef structure that contains
1742:Drivers/STM32H5xx_HAL_Driver/Src/stm32h5xx_hal_fdcan.c ****   *         the configuration information for the specified FDCAN.
1743:Drivers/STM32H5xx_HAL_Driver/Src/stm32h5xx_hal_fdcan.c ****   * @retval HAL status
1744:Drivers/STM32H5xx_HAL_Driver/Src/stm32h5xx_hal_fdcan.c ****   */
1745:Drivers/STM32H5xx_HAL_Driver/Src/stm32h5xx_hal_fdcan.c **** HAL_StatusTypeDef HAL_FDCAN_ResetTimeoutCounter(FDCAN_HandleTypeDef *hfdcan)
1746:Drivers/STM32H5xx_HAL_Driver/Src/stm32h5xx_hal_fdcan.c **** {
1747:Drivers/STM32H5xx_HAL_Driver/Src/stm32h5xx_hal_fdcan.c ****   if ((hfdcan->Instance->TOCC & FDCAN_TOCC_TOS) == FDCAN_TIMEOUT_CONTINUOUS)
1748:Drivers/STM32H5xx_HAL_Driver/Src/stm32h5xx_hal_fdcan.c ****   {
1749:Drivers/STM32H5xx_HAL_Driver/Src/stm32h5xx_hal_fdcan.c ****     /* Reset timeout counter to start value */
1750:Drivers/STM32H5xx_HAL_Driver/Src/stm32h5xx_hal_fdcan.c ****     CLEAR_REG(hfdcan->Instance->TOCV);
1751:Drivers/STM32H5xx_HAL_Driver/Src/stm32h5xx_hal_fdcan.c **** 
1752:Drivers/STM32H5xx_HAL_Driver/Src/stm32h5xx_hal_fdcan.c ****     /* Return function status */
1753:Drivers/STM32H5xx_HAL_Driver/Src/stm32h5xx_hal_fdcan.c ****     return HAL_OK;
1754:Drivers/STM32H5xx_HAL_Driver/Src/stm32h5xx_hal_fdcan.c ****   }
1755:Drivers/STM32H5xx_HAL_Driver/Src/stm32h5xx_hal_fdcan.c ****   else
1756:Drivers/STM32H5xx_HAL_Driver/Src/stm32h5xx_hal_fdcan.c ****   {
1757:Drivers/STM32H5xx_HAL_Driver/Src/stm32h5xx_hal_fdcan.c ****     /* Update error code.
1758:Drivers/STM32H5xx_HAL_Driver/Src/stm32h5xx_hal_fdcan.c ****        Unable to reset counter: controlled only by FIFO empty state */
1759:Drivers/STM32H5xx_HAL_Driver/Src/stm32h5xx_hal_fdcan.c ****     hfdcan->ErrorCode |= HAL_FDCAN_ERROR_NOT_SUPPORTED;
1760:Drivers/STM32H5xx_HAL_Driver/Src/stm32h5xx_hal_fdcan.c **** 
1761:Drivers/STM32H5xx_HAL_Driver/Src/stm32h5xx_hal_fdcan.c ****     return HAL_ERROR;
1762:Drivers/STM32H5xx_HAL_Driver/Src/stm32h5xx_hal_fdcan.c ****   }
1763:Drivers/STM32H5xx_HAL_Driver/Src/stm32h5xx_hal_fdcan.c **** }
1764:Drivers/STM32H5xx_HAL_Driver/Src/stm32h5xx_hal_fdcan.c **** 
1765:Drivers/STM32H5xx_HAL_Driver/Src/stm32h5xx_hal_fdcan.c **** /**
1766:Drivers/STM32H5xx_HAL_Driver/Src/stm32h5xx_hal_fdcan.c ****   * @brief  Configure the transmitter delay compensation.
1767:Drivers/STM32H5xx_HAL_Driver/Src/stm32h5xx_hal_fdcan.c ****   * @param  hfdcan pointer to an FDCAN_HandleTypeDef structure that contains
1768:Drivers/STM32H5xx_HAL_Driver/Src/stm32h5xx_hal_fdcan.c ****   *         the configuration information for the specified FDCAN.
1769:Drivers/STM32H5xx_HAL_Driver/Src/stm32h5xx_hal_fdcan.c ****   * @param  TdcOffset Transmitter Delay Compensation Offset.
1770:Drivers/STM32H5xx_HAL_Driver/Src/stm32h5xx_hal_fdcan.c ****   *         This parameter must be a number between 0x00 and 0x7F.
1771:Drivers/STM32H5xx_HAL_Driver/Src/stm32h5xx_hal_fdcan.c ****   * @param  TdcFilter Transmitter Delay Compensation Filter Window Length.
1772:Drivers/STM32H5xx_HAL_Driver/Src/stm32h5xx_hal_fdcan.c ****   *         This parameter must be a number between 0x00 and 0x7F.
1773:Drivers/STM32H5xx_HAL_Driver/Src/stm32h5xx_hal_fdcan.c ****   * @retval HAL status
1774:Drivers/STM32H5xx_HAL_Driver/Src/stm32h5xx_hal_fdcan.c ****   */
1775:Drivers/STM32H5xx_HAL_Driver/Src/stm32h5xx_hal_fdcan.c **** HAL_StatusTypeDef HAL_FDCAN_ConfigTxDelayCompensation(FDCAN_HandleTypeDef *hfdcan, uint32_t TdcOffs
1776:Drivers/STM32H5xx_HAL_Driver/Src/stm32h5xx_hal_fdcan.c ****                                                       uint32_t TdcFilter)
1777:Drivers/STM32H5xx_HAL_Driver/Src/stm32h5xx_hal_fdcan.c **** {
1778:Drivers/STM32H5xx_HAL_Driver/Src/stm32h5xx_hal_fdcan.c ****   /* Check function parameters */
1779:Drivers/STM32H5xx_HAL_Driver/Src/stm32h5xx_hal_fdcan.c ****   assert_param(IS_FDCAN_MAX_VALUE(TdcOffset, 0x7FU));
1780:Drivers/STM32H5xx_HAL_Driver/Src/stm32h5xx_hal_fdcan.c ****   assert_param(IS_FDCAN_MAX_VALUE(TdcFilter, 0x7FU));
1781:Drivers/STM32H5xx_HAL_Driver/Src/stm32h5xx_hal_fdcan.c **** 
1782:Drivers/STM32H5xx_HAL_Driver/Src/stm32h5xx_hal_fdcan.c ****   if (hfdcan->State == HAL_FDCAN_STATE_READY)
1783:Drivers/STM32H5xx_HAL_Driver/Src/stm32h5xx_hal_fdcan.c ****   {
1784:Drivers/STM32H5xx_HAL_Driver/Src/stm32h5xx_hal_fdcan.c ****     /* Configure TDC offset and filter window */
1785:Drivers/STM32H5xx_HAL_Driver/Src/stm32h5xx_hal_fdcan.c ****     hfdcan->Instance->TDCR = ((TdcFilter << FDCAN_TDCR_TDCF_Pos) | (TdcOffset << FDCAN_TDCR_TDCO_Po
1786:Drivers/STM32H5xx_HAL_Driver/Src/stm32h5xx_hal_fdcan.c **** 
1787:Drivers/STM32H5xx_HAL_Driver/Src/stm32h5xx_hal_fdcan.c ****     /* Return function status */
1788:Drivers/STM32H5xx_HAL_Driver/Src/stm32h5xx_hal_fdcan.c ****     return HAL_OK;
1789:Drivers/STM32H5xx_HAL_Driver/Src/stm32h5xx_hal_fdcan.c ****   }
1790:Drivers/STM32H5xx_HAL_Driver/Src/stm32h5xx_hal_fdcan.c ****   else
1791:Drivers/STM32H5xx_HAL_Driver/Src/stm32h5xx_hal_fdcan.c ****   {
1792:Drivers/STM32H5xx_HAL_Driver/Src/stm32h5xx_hal_fdcan.c ****     /* Update error code */
1793:Drivers/STM32H5xx_HAL_Driver/Src/stm32h5xx_hal_fdcan.c ****     hfdcan->ErrorCode |= HAL_FDCAN_ERROR_NOT_READY;
1794:Drivers/STM32H5xx_HAL_Driver/Src/stm32h5xx_hal_fdcan.c **** 
1795:Drivers/STM32H5xx_HAL_Driver/Src/stm32h5xx_hal_fdcan.c ****     return HAL_ERROR;
1796:Drivers/STM32H5xx_HAL_Driver/Src/stm32h5xx_hal_fdcan.c ****   }
ARM GAS  /tmp/cc1KCPzC.s 			page 33


1797:Drivers/STM32H5xx_HAL_Driver/Src/stm32h5xx_hal_fdcan.c **** }
1798:Drivers/STM32H5xx_HAL_Driver/Src/stm32h5xx_hal_fdcan.c **** 
1799:Drivers/STM32H5xx_HAL_Driver/Src/stm32h5xx_hal_fdcan.c **** /**
1800:Drivers/STM32H5xx_HAL_Driver/Src/stm32h5xx_hal_fdcan.c ****   * @brief  Enable the transmitter delay compensation.
1801:Drivers/STM32H5xx_HAL_Driver/Src/stm32h5xx_hal_fdcan.c ****   * @param  hfdcan pointer to an FDCAN_HandleTypeDef structure that contains
1802:Drivers/STM32H5xx_HAL_Driver/Src/stm32h5xx_hal_fdcan.c ****   *         the configuration information for the specified FDCAN.
1803:Drivers/STM32H5xx_HAL_Driver/Src/stm32h5xx_hal_fdcan.c ****   * @retval HAL status
1804:Drivers/STM32H5xx_HAL_Driver/Src/stm32h5xx_hal_fdcan.c ****   */
1805:Drivers/STM32H5xx_HAL_Driver/Src/stm32h5xx_hal_fdcan.c **** HAL_StatusTypeDef HAL_FDCAN_EnableTxDelayCompensation(FDCAN_HandleTypeDef *hfdcan)
1806:Drivers/STM32H5xx_HAL_Driver/Src/stm32h5xx_hal_fdcan.c **** {
1807:Drivers/STM32H5xx_HAL_Driver/Src/stm32h5xx_hal_fdcan.c ****   if (hfdcan->State == HAL_FDCAN_STATE_READY)
1808:Drivers/STM32H5xx_HAL_Driver/Src/stm32h5xx_hal_fdcan.c ****   {
1809:Drivers/STM32H5xx_HAL_Driver/Src/stm32h5xx_hal_fdcan.c ****     /* Enable transmitter delay compensation */
1810:Drivers/STM32H5xx_HAL_Driver/Src/stm32h5xx_hal_fdcan.c ****     SET_BIT(hfdcan->Instance->DBTP, FDCAN_DBTP_TDC);
1811:Drivers/STM32H5xx_HAL_Driver/Src/stm32h5xx_hal_fdcan.c **** 
1812:Drivers/STM32H5xx_HAL_Driver/Src/stm32h5xx_hal_fdcan.c ****     /* Return function status */
1813:Drivers/STM32H5xx_HAL_Driver/Src/stm32h5xx_hal_fdcan.c ****     return HAL_OK;
1814:Drivers/STM32H5xx_HAL_Driver/Src/stm32h5xx_hal_fdcan.c ****   }
1815:Drivers/STM32H5xx_HAL_Driver/Src/stm32h5xx_hal_fdcan.c ****   else
1816:Drivers/STM32H5xx_HAL_Driver/Src/stm32h5xx_hal_fdcan.c ****   {
1817:Drivers/STM32H5xx_HAL_Driver/Src/stm32h5xx_hal_fdcan.c ****     /* Update error code */
1818:Drivers/STM32H5xx_HAL_Driver/Src/stm32h5xx_hal_fdcan.c ****     hfdcan->ErrorCode |= HAL_FDCAN_ERROR_NOT_READY;
1819:Drivers/STM32H5xx_HAL_Driver/Src/stm32h5xx_hal_fdcan.c **** 
1820:Drivers/STM32H5xx_HAL_Driver/Src/stm32h5xx_hal_fdcan.c ****     return HAL_ERROR;
1821:Drivers/STM32H5xx_HAL_Driver/Src/stm32h5xx_hal_fdcan.c ****   }
1822:Drivers/STM32H5xx_HAL_Driver/Src/stm32h5xx_hal_fdcan.c **** }
1823:Drivers/STM32H5xx_HAL_Driver/Src/stm32h5xx_hal_fdcan.c **** 
1824:Drivers/STM32H5xx_HAL_Driver/Src/stm32h5xx_hal_fdcan.c **** /**
1825:Drivers/STM32H5xx_HAL_Driver/Src/stm32h5xx_hal_fdcan.c ****   * @brief  Disable the transmitter delay compensation.
1826:Drivers/STM32H5xx_HAL_Driver/Src/stm32h5xx_hal_fdcan.c ****   * @param  hfdcan pointer to an FDCAN_HandleTypeDef structure that contains
1827:Drivers/STM32H5xx_HAL_Driver/Src/stm32h5xx_hal_fdcan.c ****   *         the configuration information for the specified FDCAN.
1828:Drivers/STM32H5xx_HAL_Driver/Src/stm32h5xx_hal_fdcan.c ****   * @retval HAL status
1829:Drivers/STM32H5xx_HAL_Driver/Src/stm32h5xx_hal_fdcan.c ****   */
1830:Drivers/STM32H5xx_HAL_Driver/Src/stm32h5xx_hal_fdcan.c **** HAL_StatusTypeDef HAL_FDCAN_DisableTxDelayCompensation(FDCAN_HandleTypeDef *hfdcan)
1831:Drivers/STM32H5xx_HAL_Driver/Src/stm32h5xx_hal_fdcan.c **** {
1832:Drivers/STM32H5xx_HAL_Driver/Src/stm32h5xx_hal_fdcan.c ****   if (hfdcan->State == HAL_FDCAN_STATE_READY)
1833:Drivers/STM32H5xx_HAL_Driver/Src/stm32h5xx_hal_fdcan.c ****   {
1834:Drivers/STM32H5xx_HAL_Driver/Src/stm32h5xx_hal_fdcan.c ****     /* Disable transmitter delay compensation */
1835:Drivers/STM32H5xx_HAL_Driver/Src/stm32h5xx_hal_fdcan.c ****     CLEAR_BIT(hfdcan->Instance->DBTP, FDCAN_DBTP_TDC);
1836:Drivers/STM32H5xx_HAL_Driver/Src/stm32h5xx_hal_fdcan.c **** 
1837:Drivers/STM32H5xx_HAL_Driver/Src/stm32h5xx_hal_fdcan.c ****     /* Return function status */
1838:Drivers/STM32H5xx_HAL_Driver/Src/stm32h5xx_hal_fdcan.c ****     return HAL_OK;
1839:Drivers/STM32H5xx_HAL_Driver/Src/stm32h5xx_hal_fdcan.c ****   }
1840:Drivers/STM32H5xx_HAL_Driver/Src/stm32h5xx_hal_fdcan.c ****   else
1841:Drivers/STM32H5xx_HAL_Driver/Src/stm32h5xx_hal_fdcan.c ****   {
1842:Drivers/STM32H5xx_HAL_Driver/Src/stm32h5xx_hal_fdcan.c ****     /* Update error code */
1843:Drivers/STM32H5xx_HAL_Driver/Src/stm32h5xx_hal_fdcan.c ****     hfdcan->ErrorCode |= HAL_FDCAN_ERROR_NOT_READY;
1844:Drivers/STM32H5xx_HAL_Driver/Src/stm32h5xx_hal_fdcan.c **** 
1845:Drivers/STM32H5xx_HAL_Driver/Src/stm32h5xx_hal_fdcan.c ****     return HAL_ERROR;
1846:Drivers/STM32H5xx_HAL_Driver/Src/stm32h5xx_hal_fdcan.c ****   }
1847:Drivers/STM32H5xx_HAL_Driver/Src/stm32h5xx_hal_fdcan.c **** }
1848:Drivers/STM32H5xx_HAL_Driver/Src/stm32h5xx_hal_fdcan.c **** 
1849:Drivers/STM32H5xx_HAL_Driver/Src/stm32h5xx_hal_fdcan.c **** /**
1850:Drivers/STM32H5xx_HAL_Driver/Src/stm32h5xx_hal_fdcan.c ****   * @brief  Enable ISO 11898-1 protocol mode.
1851:Drivers/STM32H5xx_HAL_Driver/Src/stm32h5xx_hal_fdcan.c ****   *         CAN FD frame format is according to ISO 11898-1 standard.
1852:Drivers/STM32H5xx_HAL_Driver/Src/stm32h5xx_hal_fdcan.c ****   * @param  hfdcan pointer to an FDCAN_HandleTypeDef structure that contains
1853:Drivers/STM32H5xx_HAL_Driver/Src/stm32h5xx_hal_fdcan.c ****   *         the configuration information for the specified FDCAN.
ARM GAS  /tmp/cc1KCPzC.s 			page 34


1854:Drivers/STM32H5xx_HAL_Driver/Src/stm32h5xx_hal_fdcan.c ****   * @retval HAL status
1855:Drivers/STM32H5xx_HAL_Driver/Src/stm32h5xx_hal_fdcan.c ****   */
1856:Drivers/STM32H5xx_HAL_Driver/Src/stm32h5xx_hal_fdcan.c **** HAL_StatusTypeDef HAL_FDCAN_EnableISOMode(FDCAN_HandleTypeDef *hfdcan)
1857:Drivers/STM32H5xx_HAL_Driver/Src/stm32h5xx_hal_fdcan.c **** {
1858:Drivers/STM32H5xx_HAL_Driver/Src/stm32h5xx_hal_fdcan.c ****   if (hfdcan->State == HAL_FDCAN_STATE_READY)
1859:Drivers/STM32H5xx_HAL_Driver/Src/stm32h5xx_hal_fdcan.c ****   {
1860:Drivers/STM32H5xx_HAL_Driver/Src/stm32h5xx_hal_fdcan.c ****     /* Disable Non ISO protocol mode */
1861:Drivers/STM32H5xx_HAL_Driver/Src/stm32h5xx_hal_fdcan.c ****     CLEAR_BIT(hfdcan->Instance->CCCR, FDCAN_CCCR_NISO);
1862:Drivers/STM32H5xx_HAL_Driver/Src/stm32h5xx_hal_fdcan.c **** 
1863:Drivers/STM32H5xx_HAL_Driver/Src/stm32h5xx_hal_fdcan.c ****     /* Return function status */
1864:Drivers/STM32H5xx_HAL_Driver/Src/stm32h5xx_hal_fdcan.c ****     return HAL_OK;
1865:Drivers/STM32H5xx_HAL_Driver/Src/stm32h5xx_hal_fdcan.c ****   }
1866:Drivers/STM32H5xx_HAL_Driver/Src/stm32h5xx_hal_fdcan.c ****   else
1867:Drivers/STM32H5xx_HAL_Driver/Src/stm32h5xx_hal_fdcan.c ****   {
1868:Drivers/STM32H5xx_HAL_Driver/Src/stm32h5xx_hal_fdcan.c ****     /* Update error code */
1869:Drivers/STM32H5xx_HAL_Driver/Src/stm32h5xx_hal_fdcan.c ****     hfdcan->ErrorCode |= HAL_FDCAN_ERROR_NOT_READY;
1870:Drivers/STM32H5xx_HAL_Driver/Src/stm32h5xx_hal_fdcan.c **** 
1871:Drivers/STM32H5xx_HAL_Driver/Src/stm32h5xx_hal_fdcan.c ****     return HAL_ERROR;
1872:Drivers/STM32H5xx_HAL_Driver/Src/stm32h5xx_hal_fdcan.c ****   }
1873:Drivers/STM32H5xx_HAL_Driver/Src/stm32h5xx_hal_fdcan.c **** }
1874:Drivers/STM32H5xx_HAL_Driver/Src/stm32h5xx_hal_fdcan.c **** 
1875:Drivers/STM32H5xx_HAL_Driver/Src/stm32h5xx_hal_fdcan.c **** /**
1876:Drivers/STM32H5xx_HAL_Driver/Src/stm32h5xx_hal_fdcan.c ****   * @brief  Disable ISO 11898-1 protocol mode.
1877:Drivers/STM32H5xx_HAL_Driver/Src/stm32h5xx_hal_fdcan.c ****   *         CAN FD frame format is according to Bosch CAN FD specification V1.0.
1878:Drivers/STM32H5xx_HAL_Driver/Src/stm32h5xx_hal_fdcan.c ****   * @param  hfdcan pointer to an FDCAN_HandleTypeDef structure that contains
1879:Drivers/STM32H5xx_HAL_Driver/Src/stm32h5xx_hal_fdcan.c ****   *         the configuration information for the specified FDCAN.
1880:Drivers/STM32H5xx_HAL_Driver/Src/stm32h5xx_hal_fdcan.c ****   * @retval HAL status
1881:Drivers/STM32H5xx_HAL_Driver/Src/stm32h5xx_hal_fdcan.c ****   */
1882:Drivers/STM32H5xx_HAL_Driver/Src/stm32h5xx_hal_fdcan.c **** HAL_StatusTypeDef HAL_FDCAN_DisableISOMode(FDCAN_HandleTypeDef *hfdcan)
1883:Drivers/STM32H5xx_HAL_Driver/Src/stm32h5xx_hal_fdcan.c **** {
1884:Drivers/STM32H5xx_HAL_Driver/Src/stm32h5xx_hal_fdcan.c ****   if (hfdcan->State == HAL_FDCAN_STATE_READY)
1885:Drivers/STM32H5xx_HAL_Driver/Src/stm32h5xx_hal_fdcan.c ****   {
1886:Drivers/STM32H5xx_HAL_Driver/Src/stm32h5xx_hal_fdcan.c ****     /* Enable Non ISO protocol mode */
1887:Drivers/STM32H5xx_HAL_Driver/Src/stm32h5xx_hal_fdcan.c ****     SET_BIT(hfdcan->Instance->CCCR, FDCAN_CCCR_NISO);
1888:Drivers/STM32H5xx_HAL_Driver/Src/stm32h5xx_hal_fdcan.c **** 
1889:Drivers/STM32H5xx_HAL_Driver/Src/stm32h5xx_hal_fdcan.c ****     /* Return function status */
1890:Drivers/STM32H5xx_HAL_Driver/Src/stm32h5xx_hal_fdcan.c ****     return HAL_OK;
1891:Drivers/STM32H5xx_HAL_Driver/Src/stm32h5xx_hal_fdcan.c ****   }
1892:Drivers/STM32H5xx_HAL_Driver/Src/stm32h5xx_hal_fdcan.c ****   else
1893:Drivers/STM32H5xx_HAL_Driver/Src/stm32h5xx_hal_fdcan.c ****   {
1894:Drivers/STM32H5xx_HAL_Driver/Src/stm32h5xx_hal_fdcan.c ****     /* Update error code */
1895:Drivers/STM32H5xx_HAL_Driver/Src/stm32h5xx_hal_fdcan.c ****     hfdcan->ErrorCode |= HAL_FDCAN_ERROR_NOT_READY;
1896:Drivers/STM32H5xx_HAL_Driver/Src/stm32h5xx_hal_fdcan.c **** 
1897:Drivers/STM32H5xx_HAL_Driver/Src/stm32h5xx_hal_fdcan.c ****     return HAL_ERROR;
1898:Drivers/STM32H5xx_HAL_Driver/Src/stm32h5xx_hal_fdcan.c ****   }
1899:Drivers/STM32H5xx_HAL_Driver/Src/stm32h5xx_hal_fdcan.c **** }
1900:Drivers/STM32H5xx_HAL_Driver/Src/stm32h5xx_hal_fdcan.c **** 
1901:Drivers/STM32H5xx_HAL_Driver/Src/stm32h5xx_hal_fdcan.c **** /**
1902:Drivers/STM32H5xx_HAL_Driver/Src/stm32h5xx_hal_fdcan.c ****   * @brief  Enable edge filtering during bus integration.
1903:Drivers/STM32H5xx_HAL_Driver/Src/stm32h5xx_hal_fdcan.c ****   *         Two consecutive dominant tq are required to detect an edge for hard synchronization.
1904:Drivers/STM32H5xx_HAL_Driver/Src/stm32h5xx_hal_fdcan.c ****   * @param  hfdcan pointer to an FDCAN_HandleTypeDef structure that contains
1905:Drivers/STM32H5xx_HAL_Driver/Src/stm32h5xx_hal_fdcan.c ****   *         the configuration information for the specified FDCAN.
1906:Drivers/STM32H5xx_HAL_Driver/Src/stm32h5xx_hal_fdcan.c ****   * @retval HAL status
1907:Drivers/STM32H5xx_HAL_Driver/Src/stm32h5xx_hal_fdcan.c ****   */
1908:Drivers/STM32H5xx_HAL_Driver/Src/stm32h5xx_hal_fdcan.c **** HAL_StatusTypeDef HAL_FDCAN_EnableEdgeFiltering(FDCAN_HandleTypeDef *hfdcan)
1909:Drivers/STM32H5xx_HAL_Driver/Src/stm32h5xx_hal_fdcan.c **** {
1910:Drivers/STM32H5xx_HAL_Driver/Src/stm32h5xx_hal_fdcan.c ****   if (hfdcan->State == HAL_FDCAN_STATE_READY)
ARM GAS  /tmp/cc1KCPzC.s 			page 35


1911:Drivers/STM32H5xx_HAL_Driver/Src/stm32h5xx_hal_fdcan.c ****   {
1912:Drivers/STM32H5xx_HAL_Driver/Src/stm32h5xx_hal_fdcan.c ****     /* Enable edge filtering */
1913:Drivers/STM32H5xx_HAL_Driver/Src/stm32h5xx_hal_fdcan.c ****     SET_BIT(hfdcan->Instance->CCCR, FDCAN_CCCR_EFBI);
1914:Drivers/STM32H5xx_HAL_Driver/Src/stm32h5xx_hal_fdcan.c **** 
1915:Drivers/STM32H5xx_HAL_Driver/Src/stm32h5xx_hal_fdcan.c ****     /* Return function status */
1916:Drivers/STM32H5xx_HAL_Driver/Src/stm32h5xx_hal_fdcan.c ****     return HAL_OK;
1917:Drivers/STM32H5xx_HAL_Driver/Src/stm32h5xx_hal_fdcan.c ****   }
1918:Drivers/STM32H5xx_HAL_Driver/Src/stm32h5xx_hal_fdcan.c ****   else
1919:Drivers/STM32H5xx_HAL_Driver/Src/stm32h5xx_hal_fdcan.c ****   {
1920:Drivers/STM32H5xx_HAL_Driver/Src/stm32h5xx_hal_fdcan.c ****     /* Update error code */
1921:Drivers/STM32H5xx_HAL_Driver/Src/stm32h5xx_hal_fdcan.c ****     hfdcan->ErrorCode |= HAL_FDCAN_ERROR_NOT_READY;
1922:Drivers/STM32H5xx_HAL_Driver/Src/stm32h5xx_hal_fdcan.c **** 
1923:Drivers/STM32H5xx_HAL_Driver/Src/stm32h5xx_hal_fdcan.c ****     return HAL_ERROR;
1924:Drivers/STM32H5xx_HAL_Driver/Src/stm32h5xx_hal_fdcan.c ****   }
1925:Drivers/STM32H5xx_HAL_Driver/Src/stm32h5xx_hal_fdcan.c **** }
1926:Drivers/STM32H5xx_HAL_Driver/Src/stm32h5xx_hal_fdcan.c **** 
1927:Drivers/STM32H5xx_HAL_Driver/Src/stm32h5xx_hal_fdcan.c **** /**
1928:Drivers/STM32H5xx_HAL_Driver/Src/stm32h5xx_hal_fdcan.c ****   * @brief  Disable edge filtering during bus integration.
1929:Drivers/STM32H5xx_HAL_Driver/Src/stm32h5xx_hal_fdcan.c ****   *         One dominant tq is required to detect an edge for hard synchronization.
1930:Drivers/STM32H5xx_HAL_Driver/Src/stm32h5xx_hal_fdcan.c ****   * @param  hfdcan pointer to an FDCAN_HandleTypeDef structure that contains
1931:Drivers/STM32H5xx_HAL_Driver/Src/stm32h5xx_hal_fdcan.c ****   *         the configuration information for the specified FDCAN.
1932:Drivers/STM32H5xx_HAL_Driver/Src/stm32h5xx_hal_fdcan.c ****   * @retval HAL status
1933:Drivers/STM32H5xx_HAL_Driver/Src/stm32h5xx_hal_fdcan.c ****   */
1934:Drivers/STM32H5xx_HAL_Driver/Src/stm32h5xx_hal_fdcan.c **** HAL_StatusTypeDef HAL_FDCAN_DisableEdgeFiltering(FDCAN_HandleTypeDef *hfdcan)
1935:Drivers/STM32H5xx_HAL_Driver/Src/stm32h5xx_hal_fdcan.c **** {
1936:Drivers/STM32H5xx_HAL_Driver/Src/stm32h5xx_hal_fdcan.c ****   if (hfdcan->State == HAL_FDCAN_STATE_READY)
1937:Drivers/STM32H5xx_HAL_Driver/Src/stm32h5xx_hal_fdcan.c ****   {
1938:Drivers/STM32H5xx_HAL_Driver/Src/stm32h5xx_hal_fdcan.c ****     /* Disable edge filtering */
1939:Drivers/STM32H5xx_HAL_Driver/Src/stm32h5xx_hal_fdcan.c ****     CLEAR_BIT(hfdcan->Instance->CCCR, FDCAN_CCCR_EFBI);
1940:Drivers/STM32H5xx_HAL_Driver/Src/stm32h5xx_hal_fdcan.c **** 
1941:Drivers/STM32H5xx_HAL_Driver/Src/stm32h5xx_hal_fdcan.c ****     /* Return function status */
1942:Drivers/STM32H5xx_HAL_Driver/Src/stm32h5xx_hal_fdcan.c ****     return HAL_OK;
1943:Drivers/STM32H5xx_HAL_Driver/Src/stm32h5xx_hal_fdcan.c ****   }
1944:Drivers/STM32H5xx_HAL_Driver/Src/stm32h5xx_hal_fdcan.c ****   else
1945:Drivers/STM32H5xx_HAL_Driver/Src/stm32h5xx_hal_fdcan.c ****   {
1946:Drivers/STM32H5xx_HAL_Driver/Src/stm32h5xx_hal_fdcan.c ****     /* Update error code */
1947:Drivers/STM32H5xx_HAL_Driver/Src/stm32h5xx_hal_fdcan.c ****     hfdcan->ErrorCode |= HAL_FDCAN_ERROR_NOT_READY;
1948:Drivers/STM32H5xx_HAL_Driver/Src/stm32h5xx_hal_fdcan.c **** 
1949:Drivers/STM32H5xx_HAL_Driver/Src/stm32h5xx_hal_fdcan.c ****     return HAL_ERROR;
1950:Drivers/STM32H5xx_HAL_Driver/Src/stm32h5xx_hal_fdcan.c ****   }
1951:Drivers/STM32H5xx_HAL_Driver/Src/stm32h5xx_hal_fdcan.c **** }
1952:Drivers/STM32H5xx_HAL_Driver/Src/stm32h5xx_hal_fdcan.c **** 
1953:Drivers/STM32H5xx_HAL_Driver/Src/stm32h5xx_hal_fdcan.c **** /**
1954:Drivers/STM32H5xx_HAL_Driver/Src/stm32h5xx_hal_fdcan.c ****   * @}
1955:Drivers/STM32H5xx_HAL_Driver/Src/stm32h5xx_hal_fdcan.c ****   */
1956:Drivers/STM32H5xx_HAL_Driver/Src/stm32h5xx_hal_fdcan.c **** 
1957:Drivers/STM32H5xx_HAL_Driver/Src/stm32h5xx_hal_fdcan.c **** /** @defgroup FDCAN_Exported_Functions_Group3 Control functions
1958:Drivers/STM32H5xx_HAL_Driver/Src/stm32h5xx_hal_fdcan.c ****   *  @brief    Control functions
1959:Drivers/STM32H5xx_HAL_Driver/Src/stm32h5xx_hal_fdcan.c ****   *
1960:Drivers/STM32H5xx_HAL_Driver/Src/stm32h5xx_hal_fdcan.c **** @verbatim
1961:Drivers/STM32H5xx_HAL_Driver/Src/stm32h5xx_hal_fdcan.c ****   ==============================================================================
1962:Drivers/STM32H5xx_HAL_Driver/Src/stm32h5xx_hal_fdcan.c ****                           ##### Control functions #####
1963:Drivers/STM32H5xx_HAL_Driver/Src/stm32h5xx_hal_fdcan.c ****   ==============================================================================
1964:Drivers/STM32H5xx_HAL_Driver/Src/stm32h5xx_hal_fdcan.c ****     [..]  This section provides functions allowing to:
1965:Drivers/STM32H5xx_HAL_Driver/Src/stm32h5xx_hal_fdcan.c ****       (+) HAL_FDCAN_Start                         : Start the FDCAN module
1966:Drivers/STM32H5xx_HAL_Driver/Src/stm32h5xx_hal_fdcan.c ****       (+) HAL_FDCAN_Stop                          : Stop the FDCAN module and enable access to conf
1967:Drivers/STM32H5xx_HAL_Driver/Src/stm32h5xx_hal_fdcan.c ****       (+) HAL_FDCAN_AddMessageToTxFifoQ           : Add a message to the Tx FIFO/Queue and activate
ARM GAS  /tmp/cc1KCPzC.s 			page 36


1968:Drivers/STM32H5xx_HAL_Driver/Src/stm32h5xx_hal_fdcan.c ****                                                     transmission request
1969:Drivers/STM32H5xx_HAL_Driver/Src/stm32h5xx_hal_fdcan.c ****       (+) HAL_FDCAN_GetLatestTxFifoQRequestBuffer : Get Tx buffer index of latest Tx FIFO/Queue req
1970:Drivers/STM32H5xx_HAL_Driver/Src/stm32h5xx_hal_fdcan.c ****       (+) HAL_FDCAN_AbortTxRequest                : Abort transmission request
1971:Drivers/STM32H5xx_HAL_Driver/Src/stm32h5xx_hal_fdcan.c ****       (+) HAL_FDCAN_GetRxMessage                  : Get an FDCAN frame from the Rx FIFO zone into t
1972:Drivers/STM32H5xx_HAL_Driver/Src/stm32h5xx_hal_fdcan.c ****       (+) HAL_FDCAN_GetTxEvent                    : Get an FDCAN Tx event from the Tx Event FIFO zo
1973:Drivers/STM32H5xx_HAL_Driver/Src/stm32h5xx_hal_fdcan.c ****                                                     into the message RAM
1974:Drivers/STM32H5xx_HAL_Driver/Src/stm32h5xx_hal_fdcan.c ****       (+) HAL_FDCAN_GetHighPriorityMessageStatus  : Get high priority message status
1975:Drivers/STM32H5xx_HAL_Driver/Src/stm32h5xx_hal_fdcan.c ****       (+) HAL_FDCAN_GetProtocolStatus             : Get protocol status
1976:Drivers/STM32H5xx_HAL_Driver/Src/stm32h5xx_hal_fdcan.c ****       (+) HAL_FDCAN_GetErrorCounters              : Get error counter values
1977:Drivers/STM32H5xx_HAL_Driver/Src/stm32h5xx_hal_fdcan.c ****       (+) HAL_FDCAN_IsTxBufferMessagePending      : Check if a transmission request is pending
1978:Drivers/STM32H5xx_HAL_Driver/Src/stm32h5xx_hal_fdcan.c ****                                                     on the selected Tx buffer
1979:Drivers/STM32H5xx_HAL_Driver/Src/stm32h5xx_hal_fdcan.c ****       (+) HAL_FDCAN_GetRxFifoFillLevel            : Return Rx FIFO fill level
1980:Drivers/STM32H5xx_HAL_Driver/Src/stm32h5xx_hal_fdcan.c ****       (+) HAL_FDCAN_GetTxFifoFreeLevel            : Return Tx FIFO free level
1981:Drivers/STM32H5xx_HAL_Driver/Src/stm32h5xx_hal_fdcan.c ****       (+) HAL_FDCAN_IsRestrictedOperationMode     : Check if the FDCAN peripheral entered Restricte
1982:Drivers/STM32H5xx_HAL_Driver/Src/stm32h5xx_hal_fdcan.c ****       (+) HAL_FDCAN_ExitRestrictedOperationMode   : Exit Restricted Operation Mode
1983:Drivers/STM32H5xx_HAL_Driver/Src/stm32h5xx_hal_fdcan.c **** 
1984:Drivers/STM32H5xx_HAL_Driver/Src/stm32h5xx_hal_fdcan.c **** @endverbatim
1985:Drivers/STM32H5xx_HAL_Driver/Src/stm32h5xx_hal_fdcan.c ****   * @{
1986:Drivers/STM32H5xx_HAL_Driver/Src/stm32h5xx_hal_fdcan.c ****   */
1987:Drivers/STM32H5xx_HAL_Driver/Src/stm32h5xx_hal_fdcan.c **** 
1988:Drivers/STM32H5xx_HAL_Driver/Src/stm32h5xx_hal_fdcan.c **** /**
1989:Drivers/STM32H5xx_HAL_Driver/Src/stm32h5xx_hal_fdcan.c ****   * @brief  Start the FDCAN module.
1990:Drivers/STM32H5xx_HAL_Driver/Src/stm32h5xx_hal_fdcan.c ****   * @param  hfdcan pointer to an FDCAN_HandleTypeDef structure that contains
1991:Drivers/STM32H5xx_HAL_Driver/Src/stm32h5xx_hal_fdcan.c ****   *         the configuration information for the specified FDCAN.
1992:Drivers/STM32H5xx_HAL_Driver/Src/stm32h5xx_hal_fdcan.c ****   * @retval HAL status
1993:Drivers/STM32H5xx_HAL_Driver/Src/stm32h5xx_hal_fdcan.c ****   */
1994:Drivers/STM32H5xx_HAL_Driver/Src/stm32h5xx_hal_fdcan.c **** HAL_StatusTypeDef HAL_FDCAN_Start(FDCAN_HandleTypeDef *hfdcan)
1995:Drivers/STM32H5xx_HAL_Driver/Src/stm32h5xx_hal_fdcan.c **** {
1996:Drivers/STM32H5xx_HAL_Driver/Src/stm32h5xx_hal_fdcan.c ****   if (hfdcan->State == HAL_FDCAN_STATE_READY)
1997:Drivers/STM32H5xx_HAL_Driver/Src/stm32h5xx_hal_fdcan.c ****   {
1998:Drivers/STM32H5xx_HAL_Driver/Src/stm32h5xx_hal_fdcan.c ****     /* Change FDCAN peripheral state */
1999:Drivers/STM32H5xx_HAL_Driver/Src/stm32h5xx_hal_fdcan.c ****     hfdcan->State = HAL_FDCAN_STATE_BUSY;
2000:Drivers/STM32H5xx_HAL_Driver/Src/stm32h5xx_hal_fdcan.c **** 
2001:Drivers/STM32H5xx_HAL_Driver/Src/stm32h5xx_hal_fdcan.c ****     /* Request leave initialisation */
2002:Drivers/STM32H5xx_HAL_Driver/Src/stm32h5xx_hal_fdcan.c ****     CLEAR_BIT(hfdcan->Instance->CCCR, FDCAN_CCCR_INIT);
2003:Drivers/STM32H5xx_HAL_Driver/Src/stm32h5xx_hal_fdcan.c **** 
2004:Drivers/STM32H5xx_HAL_Driver/Src/stm32h5xx_hal_fdcan.c ****     /* Reset the FDCAN ErrorCode */
2005:Drivers/STM32H5xx_HAL_Driver/Src/stm32h5xx_hal_fdcan.c ****     hfdcan->ErrorCode = HAL_FDCAN_ERROR_NONE;
2006:Drivers/STM32H5xx_HAL_Driver/Src/stm32h5xx_hal_fdcan.c **** 
2007:Drivers/STM32H5xx_HAL_Driver/Src/stm32h5xx_hal_fdcan.c ****     /* Return function status */
2008:Drivers/STM32H5xx_HAL_Driver/Src/stm32h5xx_hal_fdcan.c ****     return HAL_OK;
2009:Drivers/STM32H5xx_HAL_Driver/Src/stm32h5xx_hal_fdcan.c ****   }
2010:Drivers/STM32H5xx_HAL_Driver/Src/stm32h5xx_hal_fdcan.c ****   else
2011:Drivers/STM32H5xx_HAL_Driver/Src/stm32h5xx_hal_fdcan.c ****   {
2012:Drivers/STM32H5xx_HAL_Driver/Src/stm32h5xx_hal_fdcan.c ****     /* Update error code */
2013:Drivers/STM32H5xx_HAL_Driver/Src/stm32h5xx_hal_fdcan.c ****     hfdcan->ErrorCode |= HAL_FDCAN_ERROR_NOT_READY;
2014:Drivers/STM32H5xx_HAL_Driver/Src/stm32h5xx_hal_fdcan.c **** 
2015:Drivers/STM32H5xx_HAL_Driver/Src/stm32h5xx_hal_fdcan.c ****     return HAL_ERROR;
2016:Drivers/STM32H5xx_HAL_Driver/Src/stm32h5xx_hal_fdcan.c ****   }
2017:Drivers/STM32H5xx_HAL_Driver/Src/stm32h5xx_hal_fdcan.c **** }
2018:Drivers/STM32H5xx_HAL_Driver/Src/stm32h5xx_hal_fdcan.c **** 
2019:Drivers/STM32H5xx_HAL_Driver/Src/stm32h5xx_hal_fdcan.c **** /**
2020:Drivers/STM32H5xx_HAL_Driver/Src/stm32h5xx_hal_fdcan.c ****   * @brief  Stop the FDCAN module and enable access to configuration registers.
2021:Drivers/STM32H5xx_HAL_Driver/Src/stm32h5xx_hal_fdcan.c ****   * @param  hfdcan pointer to an FDCAN_HandleTypeDef structure that contains
2022:Drivers/STM32H5xx_HAL_Driver/Src/stm32h5xx_hal_fdcan.c ****   *         the configuration information for the specified FDCAN.
2023:Drivers/STM32H5xx_HAL_Driver/Src/stm32h5xx_hal_fdcan.c ****   * @retval HAL status
2024:Drivers/STM32H5xx_HAL_Driver/Src/stm32h5xx_hal_fdcan.c ****   */
ARM GAS  /tmp/cc1KCPzC.s 			page 37


2025:Drivers/STM32H5xx_HAL_Driver/Src/stm32h5xx_hal_fdcan.c **** HAL_StatusTypeDef HAL_FDCAN_Stop(FDCAN_HandleTypeDef *hfdcan)
2026:Drivers/STM32H5xx_HAL_Driver/Src/stm32h5xx_hal_fdcan.c **** {
2027:Drivers/STM32H5xx_HAL_Driver/Src/stm32h5xx_hal_fdcan.c ****   uint32_t Counter = 0U;
2028:Drivers/STM32H5xx_HAL_Driver/Src/stm32h5xx_hal_fdcan.c **** 
2029:Drivers/STM32H5xx_HAL_Driver/Src/stm32h5xx_hal_fdcan.c ****   if (hfdcan->State == HAL_FDCAN_STATE_BUSY)
2030:Drivers/STM32H5xx_HAL_Driver/Src/stm32h5xx_hal_fdcan.c ****   {
2031:Drivers/STM32H5xx_HAL_Driver/Src/stm32h5xx_hal_fdcan.c ****     /* Request initialisation */
2032:Drivers/STM32H5xx_HAL_Driver/Src/stm32h5xx_hal_fdcan.c ****     SET_BIT(hfdcan->Instance->CCCR, FDCAN_CCCR_INIT);
2033:Drivers/STM32H5xx_HAL_Driver/Src/stm32h5xx_hal_fdcan.c **** 
2034:Drivers/STM32H5xx_HAL_Driver/Src/stm32h5xx_hal_fdcan.c ****     /* Wait until the INIT bit into CCCR register is set */
2035:Drivers/STM32H5xx_HAL_Driver/Src/stm32h5xx_hal_fdcan.c ****     while ((hfdcan->Instance->CCCR & FDCAN_CCCR_INIT) == 0U)
2036:Drivers/STM32H5xx_HAL_Driver/Src/stm32h5xx_hal_fdcan.c ****     {
2037:Drivers/STM32H5xx_HAL_Driver/Src/stm32h5xx_hal_fdcan.c ****       /* Check for the Timeout */
2038:Drivers/STM32H5xx_HAL_Driver/Src/stm32h5xx_hal_fdcan.c ****       if (Counter > FDCAN_TIMEOUT_VALUE)
2039:Drivers/STM32H5xx_HAL_Driver/Src/stm32h5xx_hal_fdcan.c ****       {
2040:Drivers/STM32H5xx_HAL_Driver/Src/stm32h5xx_hal_fdcan.c ****         /* Update error code */
2041:Drivers/STM32H5xx_HAL_Driver/Src/stm32h5xx_hal_fdcan.c ****         hfdcan->ErrorCode |= HAL_FDCAN_ERROR_TIMEOUT;
2042:Drivers/STM32H5xx_HAL_Driver/Src/stm32h5xx_hal_fdcan.c **** 
2043:Drivers/STM32H5xx_HAL_Driver/Src/stm32h5xx_hal_fdcan.c ****         /* Change FDCAN state */
2044:Drivers/STM32H5xx_HAL_Driver/Src/stm32h5xx_hal_fdcan.c ****         hfdcan->State = HAL_FDCAN_STATE_ERROR;
2045:Drivers/STM32H5xx_HAL_Driver/Src/stm32h5xx_hal_fdcan.c **** 
2046:Drivers/STM32H5xx_HAL_Driver/Src/stm32h5xx_hal_fdcan.c ****         return HAL_ERROR;
2047:Drivers/STM32H5xx_HAL_Driver/Src/stm32h5xx_hal_fdcan.c ****       }
2048:Drivers/STM32H5xx_HAL_Driver/Src/stm32h5xx_hal_fdcan.c **** 
2049:Drivers/STM32H5xx_HAL_Driver/Src/stm32h5xx_hal_fdcan.c ****       /* Increment counter */
2050:Drivers/STM32H5xx_HAL_Driver/Src/stm32h5xx_hal_fdcan.c ****       Counter++;
2051:Drivers/STM32H5xx_HAL_Driver/Src/stm32h5xx_hal_fdcan.c ****     }
2052:Drivers/STM32H5xx_HAL_Driver/Src/stm32h5xx_hal_fdcan.c **** 
2053:Drivers/STM32H5xx_HAL_Driver/Src/stm32h5xx_hal_fdcan.c ****     /* Reset counter */
2054:Drivers/STM32H5xx_HAL_Driver/Src/stm32h5xx_hal_fdcan.c ****     Counter = 0U;
2055:Drivers/STM32H5xx_HAL_Driver/Src/stm32h5xx_hal_fdcan.c **** 
2056:Drivers/STM32H5xx_HAL_Driver/Src/stm32h5xx_hal_fdcan.c ****     /* Exit from Sleep mode */
2057:Drivers/STM32H5xx_HAL_Driver/Src/stm32h5xx_hal_fdcan.c ****     CLEAR_BIT(hfdcan->Instance->CCCR, FDCAN_CCCR_CSR);
2058:Drivers/STM32H5xx_HAL_Driver/Src/stm32h5xx_hal_fdcan.c **** 
2059:Drivers/STM32H5xx_HAL_Driver/Src/stm32h5xx_hal_fdcan.c ****     /* Wait until FDCAN exits sleep mode */
2060:Drivers/STM32H5xx_HAL_Driver/Src/stm32h5xx_hal_fdcan.c ****     while ((hfdcan->Instance->CCCR & FDCAN_CCCR_CSA) == FDCAN_CCCR_CSA)
2061:Drivers/STM32H5xx_HAL_Driver/Src/stm32h5xx_hal_fdcan.c ****     {
2062:Drivers/STM32H5xx_HAL_Driver/Src/stm32h5xx_hal_fdcan.c ****       /* Check for the Timeout */
2063:Drivers/STM32H5xx_HAL_Driver/Src/stm32h5xx_hal_fdcan.c ****       if (Counter > FDCAN_TIMEOUT_VALUE)
2064:Drivers/STM32H5xx_HAL_Driver/Src/stm32h5xx_hal_fdcan.c ****       {
2065:Drivers/STM32H5xx_HAL_Driver/Src/stm32h5xx_hal_fdcan.c ****         /* Update error code */
2066:Drivers/STM32H5xx_HAL_Driver/Src/stm32h5xx_hal_fdcan.c ****         hfdcan->ErrorCode |= HAL_FDCAN_ERROR_TIMEOUT;
2067:Drivers/STM32H5xx_HAL_Driver/Src/stm32h5xx_hal_fdcan.c **** 
2068:Drivers/STM32H5xx_HAL_Driver/Src/stm32h5xx_hal_fdcan.c ****         /* Change FDCAN state */
2069:Drivers/STM32H5xx_HAL_Driver/Src/stm32h5xx_hal_fdcan.c ****         hfdcan->State = HAL_FDCAN_STATE_ERROR;
2070:Drivers/STM32H5xx_HAL_Driver/Src/stm32h5xx_hal_fdcan.c **** 
2071:Drivers/STM32H5xx_HAL_Driver/Src/stm32h5xx_hal_fdcan.c ****         return HAL_ERROR;
2072:Drivers/STM32H5xx_HAL_Driver/Src/stm32h5xx_hal_fdcan.c ****       }
2073:Drivers/STM32H5xx_HAL_Driver/Src/stm32h5xx_hal_fdcan.c **** 
2074:Drivers/STM32H5xx_HAL_Driver/Src/stm32h5xx_hal_fdcan.c ****       /* Increment counter */
2075:Drivers/STM32H5xx_HAL_Driver/Src/stm32h5xx_hal_fdcan.c ****       Counter++;
2076:Drivers/STM32H5xx_HAL_Driver/Src/stm32h5xx_hal_fdcan.c ****     }
2077:Drivers/STM32H5xx_HAL_Driver/Src/stm32h5xx_hal_fdcan.c **** 
2078:Drivers/STM32H5xx_HAL_Driver/Src/stm32h5xx_hal_fdcan.c ****     /* Enable configuration change */
2079:Drivers/STM32H5xx_HAL_Driver/Src/stm32h5xx_hal_fdcan.c ****     SET_BIT(hfdcan->Instance->CCCR, FDCAN_CCCR_CCE);
2080:Drivers/STM32H5xx_HAL_Driver/Src/stm32h5xx_hal_fdcan.c **** 
2081:Drivers/STM32H5xx_HAL_Driver/Src/stm32h5xx_hal_fdcan.c ****     /* Reset Latest Tx FIFO/Queue Request Buffer Index */
ARM GAS  /tmp/cc1KCPzC.s 			page 38


2082:Drivers/STM32H5xx_HAL_Driver/Src/stm32h5xx_hal_fdcan.c ****     hfdcan->LatestTxFifoQRequest = 0U;
2083:Drivers/STM32H5xx_HAL_Driver/Src/stm32h5xx_hal_fdcan.c **** 
2084:Drivers/STM32H5xx_HAL_Driver/Src/stm32h5xx_hal_fdcan.c ****     /* Change FDCAN peripheral state */
2085:Drivers/STM32H5xx_HAL_Driver/Src/stm32h5xx_hal_fdcan.c ****     hfdcan->State = HAL_FDCAN_STATE_READY;
2086:Drivers/STM32H5xx_HAL_Driver/Src/stm32h5xx_hal_fdcan.c **** 
2087:Drivers/STM32H5xx_HAL_Driver/Src/stm32h5xx_hal_fdcan.c ****     /* Return function status */
2088:Drivers/STM32H5xx_HAL_Driver/Src/stm32h5xx_hal_fdcan.c ****     return HAL_OK;
2089:Drivers/STM32H5xx_HAL_Driver/Src/stm32h5xx_hal_fdcan.c ****   }
2090:Drivers/STM32H5xx_HAL_Driver/Src/stm32h5xx_hal_fdcan.c ****   else
2091:Drivers/STM32H5xx_HAL_Driver/Src/stm32h5xx_hal_fdcan.c ****   {
2092:Drivers/STM32H5xx_HAL_Driver/Src/stm32h5xx_hal_fdcan.c ****     /* Update error code */
2093:Drivers/STM32H5xx_HAL_Driver/Src/stm32h5xx_hal_fdcan.c ****     hfdcan->ErrorCode |= HAL_FDCAN_ERROR_NOT_STARTED;
2094:Drivers/STM32H5xx_HAL_Driver/Src/stm32h5xx_hal_fdcan.c **** 
2095:Drivers/STM32H5xx_HAL_Driver/Src/stm32h5xx_hal_fdcan.c ****     return HAL_ERROR;
2096:Drivers/STM32H5xx_HAL_Driver/Src/stm32h5xx_hal_fdcan.c ****   }
2097:Drivers/STM32H5xx_HAL_Driver/Src/stm32h5xx_hal_fdcan.c **** }
2098:Drivers/STM32H5xx_HAL_Driver/Src/stm32h5xx_hal_fdcan.c **** 
2099:Drivers/STM32H5xx_HAL_Driver/Src/stm32h5xx_hal_fdcan.c **** /**
2100:Drivers/STM32H5xx_HAL_Driver/Src/stm32h5xx_hal_fdcan.c ****   * @brief  Add a message to the Tx FIFO/Queue and activate the corresponding transmission request
2101:Drivers/STM32H5xx_HAL_Driver/Src/stm32h5xx_hal_fdcan.c ****   * @param  hfdcan pointer to an FDCAN_HandleTypeDef structure that contains
2102:Drivers/STM32H5xx_HAL_Driver/Src/stm32h5xx_hal_fdcan.c ****   *         the configuration information for the specified FDCAN.
2103:Drivers/STM32H5xx_HAL_Driver/Src/stm32h5xx_hal_fdcan.c ****   * @param  pTxHeader pointer to a FDCAN_TxHeaderTypeDef structure.
2104:Drivers/STM32H5xx_HAL_Driver/Src/stm32h5xx_hal_fdcan.c ****   * @param  pTxData pointer to a buffer containing the payload of the Tx frame.
2105:Drivers/STM32H5xx_HAL_Driver/Src/stm32h5xx_hal_fdcan.c ****   * @retval HAL status
2106:Drivers/STM32H5xx_HAL_Driver/Src/stm32h5xx_hal_fdcan.c ****   */
2107:Drivers/STM32H5xx_HAL_Driver/Src/stm32h5xx_hal_fdcan.c **** HAL_StatusTypeDef HAL_FDCAN_AddMessageToTxFifoQ(FDCAN_HandleTypeDef *hfdcan, const FDCAN_TxHeaderTy
2108:Drivers/STM32H5xx_HAL_Driver/Src/stm32h5xx_hal_fdcan.c ****                                                 const uint8_t *pTxData)
2109:Drivers/STM32H5xx_HAL_Driver/Src/stm32h5xx_hal_fdcan.c **** {
2110:Drivers/STM32H5xx_HAL_Driver/Src/stm32h5xx_hal_fdcan.c ****   uint32_t PutIndex;
2111:Drivers/STM32H5xx_HAL_Driver/Src/stm32h5xx_hal_fdcan.c **** 
2112:Drivers/STM32H5xx_HAL_Driver/Src/stm32h5xx_hal_fdcan.c ****   /* Check function parameters */
2113:Drivers/STM32H5xx_HAL_Driver/Src/stm32h5xx_hal_fdcan.c ****   assert_param(IS_FDCAN_ID_TYPE(pTxHeader->IdType));
2114:Drivers/STM32H5xx_HAL_Driver/Src/stm32h5xx_hal_fdcan.c ****   if (pTxHeader->IdType == FDCAN_STANDARD_ID)
2115:Drivers/STM32H5xx_HAL_Driver/Src/stm32h5xx_hal_fdcan.c ****   {
2116:Drivers/STM32H5xx_HAL_Driver/Src/stm32h5xx_hal_fdcan.c ****     assert_param(IS_FDCAN_MAX_VALUE(pTxHeader->Identifier, 0x7FFU));
2117:Drivers/STM32H5xx_HAL_Driver/Src/stm32h5xx_hal_fdcan.c ****   }
2118:Drivers/STM32H5xx_HAL_Driver/Src/stm32h5xx_hal_fdcan.c ****   else /* pTxHeader->IdType == FDCAN_EXTENDED_ID */
2119:Drivers/STM32H5xx_HAL_Driver/Src/stm32h5xx_hal_fdcan.c ****   {
2120:Drivers/STM32H5xx_HAL_Driver/Src/stm32h5xx_hal_fdcan.c ****     assert_param(IS_FDCAN_MAX_VALUE(pTxHeader->Identifier, 0x1FFFFFFFU));
2121:Drivers/STM32H5xx_HAL_Driver/Src/stm32h5xx_hal_fdcan.c ****   }
2122:Drivers/STM32H5xx_HAL_Driver/Src/stm32h5xx_hal_fdcan.c ****   assert_param(IS_FDCAN_FRAME_TYPE(pTxHeader->TxFrameType));
2123:Drivers/STM32H5xx_HAL_Driver/Src/stm32h5xx_hal_fdcan.c ****   assert_param(IS_FDCAN_DLC(pTxHeader->DataLength));
2124:Drivers/STM32H5xx_HAL_Driver/Src/stm32h5xx_hal_fdcan.c ****   assert_param(IS_FDCAN_ESI(pTxHeader->ErrorStateIndicator));
2125:Drivers/STM32H5xx_HAL_Driver/Src/stm32h5xx_hal_fdcan.c ****   assert_param(IS_FDCAN_BRS(pTxHeader->BitRateSwitch));
2126:Drivers/STM32H5xx_HAL_Driver/Src/stm32h5xx_hal_fdcan.c ****   assert_param(IS_FDCAN_FDF(pTxHeader->FDFormat));
2127:Drivers/STM32H5xx_HAL_Driver/Src/stm32h5xx_hal_fdcan.c ****   assert_param(IS_FDCAN_EFC(pTxHeader->TxEventFifoControl));
2128:Drivers/STM32H5xx_HAL_Driver/Src/stm32h5xx_hal_fdcan.c ****   assert_param(IS_FDCAN_MAX_VALUE(pTxHeader->MessageMarker, 0xFFU));
2129:Drivers/STM32H5xx_HAL_Driver/Src/stm32h5xx_hal_fdcan.c **** 
2130:Drivers/STM32H5xx_HAL_Driver/Src/stm32h5xx_hal_fdcan.c ****   if (hfdcan->State == HAL_FDCAN_STATE_BUSY)
2131:Drivers/STM32H5xx_HAL_Driver/Src/stm32h5xx_hal_fdcan.c ****   {
2132:Drivers/STM32H5xx_HAL_Driver/Src/stm32h5xx_hal_fdcan.c ****     /* Check that the Tx FIFO/Queue is not full */
2133:Drivers/STM32H5xx_HAL_Driver/Src/stm32h5xx_hal_fdcan.c ****     if ((hfdcan->Instance->TXFQS & FDCAN_TXFQS_TFQF) != 0U)
2134:Drivers/STM32H5xx_HAL_Driver/Src/stm32h5xx_hal_fdcan.c ****     {
2135:Drivers/STM32H5xx_HAL_Driver/Src/stm32h5xx_hal_fdcan.c ****       /* Update error code */
2136:Drivers/STM32H5xx_HAL_Driver/Src/stm32h5xx_hal_fdcan.c ****       hfdcan->ErrorCode |= HAL_FDCAN_ERROR_FIFO_FULL;
2137:Drivers/STM32H5xx_HAL_Driver/Src/stm32h5xx_hal_fdcan.c **** 
2138:Drivers/STM32H5xx_HAL_Driver/Src/stm32h5xx_hal_fdcan.c ****       return HAL_ERROR;
ARM GAS  /tmp/cc1KCPzC.s 			page 39


2139:Drivers/STM32H5xx_HAL_Driver/Src/stm32h5xx_hal_fdcan.c ****     }
2140:Drivers/STM32H5xx_HAL_Driver/Src/stm32h5xx_hal_fdcan.c ****     else
2141:Drivers/STM32H5xx_HAL_Driver/Src/stm32h5xx_hal_fdcan.c ****     {
2142:Drivers/STM32H5xx_HAL_Driver/Src/stm32h5xx_hal_fdcan.c ****       /* Retrieve the Tx FIFO PutIndex */
2143:Drivers/STM32H5xx_HAL_Driver/Src/stm32h5xx_hal_fdcan.c ****       PutIndex = ((hfdcan->Instance->TXFQS & FDCAN_TXFQS_TFQPI) >> FDCAN_TXFQS_TFQPI_Pos);
2144:Drivers/STM32H5xx_HAL_Driver/Src/stm32h5xx_hal_fdcan.c **** 
2145:Drivers/STM32H5xx_HAL_Driver/Src/stm32h5xx_hal_fdcan.c ****       /* Add the message to the Tx FIFO/Queue */
2146:Drivers/STM32H5xx_HAL_Driver/Src/stm32h5xx_hal_fdcan.c ****       FDCAN_CopyMessageToRAM(hfdcan, pTxHeader, pTxData, PutIndex);
2147:Drivers/STM32H5xx_HAL_Driver/Src/stm32h5xx_hal_fdcan.c **** 
2148:Drivers/STM32H5xx_HAL_Driver/Src/stm32h5xx_hal_fdcan.c ****       /* Activate the corresponding transmission request */
2149:Drivers/STM32H5xx_HAL_Driver/Src/stm32h5xx_hal_fdcan.c ****       hfdcan->Instance->TXBAR = ((uint32_t)1 << PutIndex);
2150:Drivers/STM32H5xx_HAL_Driver/Src/stm32h5xx_hal_fdcan.c **** 
2151:Drivers/STM32H5xx_HAL_Driver/Src/stm32h5xx_hal_fdcan.c ****       /* Store the Latest Tx FIFO/Queue Request Buffer Index */
2152:Drivers/STM32H5xx_HAL_Driver/Src/stm32h5xx_hal_fdcan.c ****       hfdcan->LatestTxFifoQRequest = ((uint32_t)1 << PutIndex);
2153:Drivers/STM32H5xx_HAL_Driver/Src/stm32h5xx_hal_fdcan.c ****     }
2154:Drivers/STM32H5xx_HAL_Driver/Src/stm32h5xx_hal_fdcan.c **** 
2155:Drivers/STM32H5xx_HAL_Driver/Src/stm32h5xx_hal_fdcan.c ****     /* Return function status */
2156:Drivers/STM32H5xx_HAL_Driver/Src/stm32h5xx_hal_fdcan.c ****     return HAL_OK;
2157:Drivers/STM32H5xx_HAL_Driver/Src/stm32h5xx_hal_fdcan.c ****   }
2158:Drivers/STM32H5xx_HAL_Driver/Src/stm32h5xx_hal_fdcan.c ****   else
2159:Drivers/STM32H5xx_HAL_Driver/Src/stm32h5xx_hal_fdcan.c ****   {
2160:Drivers/STM32H5xx_HAL_Driver/Src/stm32h5xx_hal_fdcan.c ****     /* Update error code */
2161:Drivers/STM32H5xx_HAL_Driver/Src/stm32h5xx_hal_fdcan.c ****     hfdcan->ErrorCode |= HAL_FDCAN_ERROR_NOT_STARTED;
2162:Drivers/STM32H5xx_HAL_Driver/Src/stm32h5xx_hal_fdcan.c **** 
2163:Drivers/STM32H5xx_HAL_Driver/Src/stm32h5xx_hal_fdcan.c ****     return HAL_ERROR;
2164:Drivers/STM32H5xx_HAL_Driver/Src/stm32h5xx_hal_fdcan.c ****   }
2165:Drivers/STM32H5xx_HAL_Driver/Src/stm32h5xx_hal_fdcan.c **** }
2166:Drivers/STM32H5xx_HAL_Driver/Src/stm32h5xx_hal_fdcan.c **** 
2167:Drivers/STM32H5xx_HAL_Driver/Src/stm32h5xx_hal_fdcan.c **** /**
2168:Drivers/STM32H5xx_HAL_Driver/Src/stm32h5xx_hal_fdcan.c ****   * @brief  Get Tx buffer index of latest Tx FIFO/Queue request
2169:Drivers/STM32H5xx_HAL_Driver/Src/stm32h5xx_hal_fdcan.c ****   * @param  hfdcan pointer to an FDCAN_HandleTypeDef structure that contains
2170:Drivers/STM32H5xx_HAL_Driver/Src/stm32h5xx_hal_fdcan.c ****   *         the configuration information for the specified FDCAN.
2171:Drivers/STM32H5xx_HAL_Driver/Src/stm32h5xx_hal_fdcan.c ****   * @retval Tx buffer index of last Tx FIFO/Queue request
2172:Drivers/STM32H5xx_HAL_Driver/Src/stm32h5xx_hal_fdcan.c ****   *          - Any value of @arg FDCAN_Tx_location if Tx request has been submitted.
2173:Drivers/STM32H5xx_HAL_Driver/Src/stm32h5xx_hal_fdcan.c ****   *          - 0 if no Tx FIFO/Queue request have been submitted.
2174:Drivers/STM32H5xx_HAL_Driver/Src/stm32h5xx_hal_fdcan.c ****   */
2175:Drivers/STM32H5xx_HAL_Driver/Src/stm32h5xx_hal_fdcan.c **** uint32_t HAL_FDCAN_GetLatestTxFifoQRequestBuffer(const FDCAN_HandleTypeDef *hfdcan)
2176:Drivers/STM32H5xx_HAL_Driver/Src/stm32h5xx_hal_fdcan.c **** {
2177:Drivers/STM32H5xx_HAL_Driver/Src/stm32h5xx_hal_fdcan.c ****   /* Return Last Tx FIFO/Queue Request Buffer */
2178:Drivers/STM32H5xx_HAL_Driver/Src/stm32h5xx_hal_fdcan.c ****   return hfdcan->LatestTxFifoQRequest;
2179:Drivers/STM32H5xx_HAL_Driver/Src/stm32h5xx_hal_fdcan.c **** }
2180:Drivers/STM32H5xx_HAL_Driver/Src/stm32h5xx_hal_fdcan.c **** 
2181:Drivers/STM32H5xx_HAL_Driver/Src/stm32h5xx_hal_fdcan.c **** /**
2182:Drivers/STM32H5xx_HAL_Driver/Src/stm32h5xx_hal_fdcan.c ****   * @brief  Abort transmission request
2183:Drivers/STM32H5xx_HAL_Driver/Src/stm32h5xx_hal_fdcan.c ****   * @param  hfdcan pointer to an FDCAN_HandleTypeDef structure that contains
2184:Drivers/STM32H5xx_HAL_Driver/Src/stm32h5xx_hal_fdcan.c ****   *         the configuration information for the specified FDCAN.
2185:Drivers/STM32H5xx_HAL_Driver/Src/stm32h5xx_hal_fdcan.c ****   * @param  BufferIndex buffer index.
2186:Drivers/STM32H5xx_HAL_Driver/Src/stm32h5xx_hal_fdcan.c ****   *         This parameter can be any combination of @arg FDCAN_Tx_location.
2187:Drivers/STM32H5xx_HAL_Driver/Src/stm32h5xx_hal_fdcan.c ****   * @retval HAL status
2188:Drivers/STM32H5xx_HAL_Driver/Src/stm32h5xx_hal_fdcan.c ****   */
2189:Drivers/STM32H5xx_HAL_Driver/Src/stm32h5xx_hal_fdcan.c **** HAL_StatusTypeDef HAL_FDCAN_AbortTxRequest(FDCAN_HandleTypeDef *hfdcan, uint32_t BufferIndex)
2190:Drivers/STM32H5xx_HAL_Driver/Src/stm32h5xx_hal_fdcan.c **** {
2191:Drivers/STM32H5xx_HAL_Driver/Src/stm32h5xx_hal_fdcan.c ****   /* Check function parameters */
2192:Drivers/STM32H5xx_HAL_Driver/Src/stm32h5xx_hal_fdcan.c ****   assert_param(IS_FDCAN_TX_LOCATION_LIST(BufferIndex));
2193:Drivers/STM32H5xx_HAL_Driver/Src/stm32h5xx_hal_fdcan.c **** 
2194:Drivers/STM32H5xx_HAL_Driver/Src/stm32h5xx_hal_fdcan.c ****   if (hfdcan->State == HAL_FDCAN_STATE_BUSY)
2195:Drivers/STM32H5xx_HAL_Driver/Src/stm32h5xx_hal_fdcan.c ****   {
ARM GAS  /tmp/cc1KCPzC.s 			page 40


2196:Drivers/STM32H5xx_HAL_Driver/Src/stm32h5xx_hal_fdcan.c ****     /* Add cancellation request */
2197:Drivers/STM32H5xx_HAL_Driver/Src/stm32h5xx_hal_fdcan.c ****     hfdcan->Instance->TXBCR = BufferIndex;
2198:Drivers/STM32H5xx_HAL_Driver/Src/stm32h5xx_hal_fdcan.c **** 
2199:Drivers/STM32H5xx_HAL_Driver/Src/stm32h5xx_hal_fdcan.c ****     /* Return function status */
2200:Drivers/STM32H5xx_HAL_Driver/Src/stm32h5xx_hal_fdcan.c ****     return HAL_OK;
2201:Drivers/STM32H5xx_HAL_Driver/Src/stm32h5xx_hal_fdcan.c ****   }
2202:Drivers/STM32H5xx_HAL_Driver/Src/stm32h5xx_hal_fdcan.c ****   else
2203:Drivers/STM32H5xx_HAL_Driver/Src/stm32h5xx_hal_fdcan.c ****   {
2204:Drivers/STM32H5xx_HAL_Driver/Src/stm32h5xx_hal_fdcan.c ****     /* Update error code */
2205:Drivers/STM32H5xx_HAL_Driver/Src/stm32h5xx_hal_fdcan.c ****     hfdcan->ErrorCode |= HAL_FDCAN_ERROR_NOT_STARTED;
2206:Drivers/STM32H5xx_HAL_Driver/Src/stm32h5xx_hal_fdcan.c **** 
2207:Drivers/STM32H5xx_HAL_Driver/Src/stm32h5xx_hal_fdcan.c ****     return HAL_ERROR;
2208:Drivers/STM32H5xx_HAL_Driver/Src/stm32h5xx_hal_fdcan.c ****   }
2209:Drivers/STM32H5xx_HAL_Driver/Src/stm32h5xx_hal_fdcan.c **** }
2210:Drivers/STM32H5xx_HAL_Driver/Src/stm32h5xx_hal_fdcan.c **** 
2211:Drivers/STM32H5xx_HAL_Driver/Src/stm32h5xx_hal_fdcan.c **** /**
2212:Drivers/STM32H5xx_HAL_Driver/Src/stm32h5xx_hal_fdcan.c ****   * @brief  Get an FDCAN frame from the Rx FIFO zone into the message RAM.
2213:Drivers/STM32H5xx_HAL_Driver/Src/stm32h5xx_hal_fdcan.c ****   * @param  hfdcan pointer to an FDCAN_HandleTypeDef structure that contains
2214:Drivers/STM32H5xx_HAL_Driver/Src/stm32h5xx_hal_fdcan.c ****   *         the configuration information for the specified FDCAN.
2215:Drivers/STM32H5xx_HAL_Driver/Src/stm32h5xx_hal_fdcan.c ****   * @param  RxLocation Location of the received message to be read.
2216:Drivers/STM32H5xx_HAL_Driver/Src/stm32h5xx_hal_fdcan.c ****   *         This parameter can be a value of @arg FDCAN_Rx_location.
2217:Drivers/STM32H5xx_HAL_Driver/Src/stm32h5xx_hal_fdcan.c ****   * @param  pRxHeader pointer to a FDCAN_RxHeaderTypeDef structure.
2218:Drivers/STM32H5xx_HAL_Driver/Src/stm32h5xx_hal_fdcan.c ****   * @param  pRxData pointer to a buffer where the payload of the Rx frame will be stored.
2219:Drivers/STM32H5xx_HAL_Driver/Src/stm32h5xx_hal_fdcan.c ****   * @retval HAL status
2220:Drivers/STM32H5xx_HAL_Driver/Src/stm32h5xx_hal_fdcan.c ****   */
2221:Drivers/STM32H5xx_HAL_Driver/Src/stm32h5xx_hal_fdcan.c **** HAL_StatusTypeDef HAL_FDCAN_GetRxMessage(FDCAN_HandleTypeDef *hfdcan, uint32_t RxLocation,
2222:Drivers/STM32H5xx_HAL_Driver/Src/stm32h5xx_hal_fdcan.c ****                                          FDCAN_RxHeaderTypeDef *pRxHeader, uint8_t *pRxData)
2223:Drivers/STM32H5xx_HAL_Driver/Src/stm32h5xx_hal_fdcan.c **** {
2224:Drivers/STM32H5xx_HAL_Driver/Src/stm32h5xx_hal_fdcan.c ****   uint32_t *RxAddress;
2225:Drivers/STM32H5xx_HAL_Driver/Src/stm32h5xx_hal_fdcan.c ****   uint8_t  *pData;
2226:Drivers/STM32H5xx_HAL_Driver/Src/stm32h5xx_hal_fdcan.c ****   uint32_t ByteCounter;
2227:Drivers/STM32H5xx_HAL_Driver/Src/stm32h5xx_hal_fdcan.c ****   uint32_t GetIndex = 0;
2228:Drivers/STM32H5xx_HAL_Driver/Src/stm32h5xx_hal_fdcan.c ****   HAL_FDCAN_StateTypeDef state = hfdcan->State;
2229:Drivers/STM32H5xx_HAL_Driver/Src/stm32h5xx_hal_fdcan.c **** 
2230:Drivers/STM32H5xx_HAL_Driver/Src/stm32h5xx_hal_fdcan.c ****   /* Check function parameters */
2231:Drivers/STM32H5xx_HAL_Driver/Src/stm32h5xx_hal_fdcan.c ****   assert_param(IS_FDCAN_RX_FIFO(RxLocation));
2232:Drivers/STM32H5xx_HAL_Driver/Src/stm32h5xx_hal_fdcan.c **** 
2233:Drivers/STM32H5xx_HAL_Driver/Src/stm32h5xx_hal_fdcan.c ****   if (state == HAL_FDCAN_STATE_BUSY)
2234:Drivers/STM32H5xx_HAL_Driver/Src/stm32h5xx_hal_fdcan.c ****   {
2235:Drivers/STM32H5xx_HAL_Driver/Src/stm32h5xx_hal_fdcan.c ****     if (RxLocation == FDCAN_RX_FIFO0) /* Rx element is assigned to the Rx FIFO 0 */
2236:Drivers/STM32H5xx_HAL_Driver/Src/stm32h5xx_hal_fdcan.c ****     {
2237:Drivers/STM32H5xx_HAL_Driver/Src/stm32h5xx_hal_fdcan.c ****       /* Check that the Rx FIFO 0 is not empty */
2238:Drivers/STM32H5xx_HAL_Driver/Src/stm32h5xx_hal_fdcan.c ****       if ((hfdcan->Instance->RXF0S & FDCAN_RXF0S_F0FL) == 0U)
2239:Drivers/STM32H5xx_HAL_Driver/Src/stm32h5xx_hal_fdcan.c ****       {
2240:Drivers/STM32H5xx_HAL_Driver/Src/stm32h5xx_hal_fdcan.c ****         /* Update error code */
2241:Drivers/STM32H5xx_HAL_Driver/Src/stm32h5xx_hal_fdcan.c ****         hfdcan->ErrorCode |= HAL_FDCAN_ERROR_FIFO_EMPTY;
2242:Drivers/STM32H5xx_HAL_Driver/Src/stm32h5xx_hal_fdcan.c **** 
2243:Drivers/STM32H5xx_HAL_Driver/Src/stm32h5xx_hal_fdcan.c ****         return HAL_ERROR;
2244:Drivers/STM32H5xx_HAL_Driver/Src/stm32h5xx_hal_fdcan.c ****       }
2245:Drivers/STM32H5xx_HAL_Driver/Src/stm32h5xx_hal_fdcan.c ****       else
2246:Drivers/STM32H5xx_HAL_Driver/Src/stm32h5xx_hal_fdcan.c ****       {
2247:Drivers/STM32H5xx_HAL_Driver/Src/stm32h5xx_hal_fdcan.c ****         /* Check that the Rx FIFO 0 is full & overwrite mode is on */
2248:Drivers/STM32H5xx_HAL_Driver/Src/stm32h5xx_hal_fdcan.c ****         if (((hfdcan->Instance->RXF0S & FDCAN_RXF0S_F0F) >> FDCAN_RXF0S_F0F_Pos) == 1U)
2249:Drivers/STM32H5xx_HAL_Driver/Src/stm32h5xx_hal_fdcan.c ****         {
2250:Drivers/STM32H5xx_HAL_Driver/Src/stm32h5xx_hal_fdcan.c ****           if (((hfdcan->Instance->RXGFC & FDCAN_RXGFC_F0OM) >> FDCAN_RXGFC_F0OM_Pos) == FDCAN_RX_FI
2251:Drivers/STM32H5xx_HAL_Driver/Src/stm32h5xx_hal_fdcan.c ****           {
2252:Drivers/STM32H5xx_HAL_Driver/Src/stm32h5xx_hal_fdcan.c ****             /* When overwrite status is on discard first message in FIFO */
ARM GAS  /tmp/cc1KCPzC.s 			page 41


2253:Drivers/STM32H5xx_HAL_Driver/Src/stm32h5xx_hal_fdcan.c ****             GetIndex = 1U;
2254:Drivers/STM32H5xx_HAL_Driver/Src/stm32h5xx_hal_fdcan.c ****           }
2255:Drivers/STM32H5xx_HAL_Driver/Src/stm32h5xx_hal_fdcan.c ****         }
2256:Drivers/STM32H5xx_HAL_Driver/Src/stm32h5xx_hal_fdcan.c **** 
2257:Drivers/STM32H5xx_HAL_Driver/Src/stm32h5xx_hal_fdcan.c ****         /* Calculate Rx FIFO 0 element index */
2258:Drivers/STM32H5xx_HAL_Driver/Src/stm32h5xx_hal_fdcan.c ****         GetIndex += ((hfdcan->Instance->RXF0S & FDCAN_RXF0S_F0GI) >> FDCAN_RXF0S_F0GI_Pos);
2259:Drivers/STM32H5xx_HAL_Driver/Src/stm32h5xx_hal_fdcan.c **** 
2260:Drivers/STM32H5xx_HAL_Driver/Src/stm32h5xx_hal_fdcan.c ****         /* Calculate Rx FIFO 0 element address */
2261:Drivers/STM32H5xx_HAL_Driver/Src/stm32h5xx_hal_fdcan.c ****         RxAddress = (uint32_t *)(hfdcan->msgRam.RxFIFO0SA + (GetIndex * SRAMCAN_RF0_SIZE));
2262:Drivers/STM32H5xx_HAL_Driver/Src/stm32h5xx_hal_fdcan.c ****       }
2263:Drivers/STM32H5xx_HAL_Driver/Src/stm32h5xx_hal_fdcan.c ****     }
2264:Drivers/STM32H5xx_HAL_Driver/Src/stm32h5xx_hal_fdcan.c ****     else /* Rx element is assigned to the Rx FIFO 1 */
2265:Drivers/STM32H5xx_HAL_Driver/Src/stm32h5xx_hal_fdcan.c ****     {
2266:Drivers/STM32H5xx_HAL_Driver/Src/stm32h5xx_hal_fdcan.c ****       /* Check that the Rx FIFO 1 is not empty */
2267:Drivers/STM32H5xx_HAL_Driver/Src/stm32h5xx_hal_fdcan.c ****       if ((hfdcan->Instance->RXF1S & FDCAN_RXF1S_F1FL) == 0U)
2268:Drivers/STM32H5xx_HAL_Driver/Src/stm32h5xx_hal_fdcan.c ****       {
2269:Drivers/STM32H5xx_HAL_Driver/Src/stm32h5xx_hal_fdcan.c ****         /* Update error code */
2270:Drivers/STM32H5xx_HAL_Driver/Src/stm32h5xx_hal_fdcan.c ****         hfdcan->ErrorCode |= HAL_FDCAN_ERROR_FIFO_EMPTY;
2271:Drivers/STM32H5xx_HAL_Driver/Src/stm32h5xx_hal_fdcan.c **** 
2272:Drivers/STM32H5xx_HAL_Driver/Src/stm32h5xx_hal_fdcan.c ****         return HAL_ERROR;
2273:Drivers/STM32H5xx_HAL_Driver/Src/stm32h5xx_hal_fdcan.c ****       }
2274:Drivers/STM32H5xx_HAL_Driver/Src/stm32h5xx_hal_fdcan.c ****       else
2275:Drivers/STM32H5xx_HAL_Driver/Src/stm32h5xx_hal_fdcan.c ****       {
2276:Drivers/STM32H5xx_HAL_Driver/Src/stm32h5xx_hal_fdcan.c ****         /* Check that the Rx FIFO 1 is full & overwrite mode is on */
2277:Drivers/STM32H5xx_HAL_Driver/Src/stm32h5xx_hal_fdcan.c ****         if (((hfdcan->Instance->RXF1S & FDCAN_RXF1S_F1F) >> FDCAN_RXF1S_F1F_Pos) == 1U)
2278:Drivers/STM32H5xx_HAL_Driver/Src/stm32h5xx_hal_fdcan.c ****         {
2279:Drivers/STM32H5xx_HAL_Driver/Src/stm32h5xx_hal_fdcan.c ****           if (((hfdcan->Instance->RXGFC & FDCAN_RXGFC_F1OM) >> FDCAN_RXGFC_F1OM_Pos) == FDCAN_RX_FI
2280:Drivers/STM32H5xx_HAL_Driver/Src/stm32h5xx_hal_fdcan.c ****           {
2281:Drivers/STM32H5xx_HAL_Driver/Src/stm32h5xx_hal_fdcan.c ****             /* When overwrite status is on discard first message in FIFO */
2282:Drivers/STM32H5xx_HAL_Driver/Src/stm32h5xx_hal_fdcan.c ****             GetIndex = 1U;
2283:Drivers/STM32H5xx_HAL_Driver/Src/stm32h5xx_hal_fdcan.c ****           }
2284:Drivers/STM32H5xx_HAL_Driver/Src/stm32h5xx_hal_fdcan.c ****         }
2285:Drivers/STM32H5xx_HAL_Driver/Src/stm32h5xx_hal_fdcan.c **** 
2286:Drivers/STM32H5xx_HAL_Driver/Src/stm32h5xx_hal_fdcan.c ****         /* Calculate Rx FIFO 1 element index */
2287:Drivers/STM32H5xx_HAL_Driver/Src/stm32h5xx_hal_fdcan.c ****         GetIndex += ((hfdcan->Instance->RXF1S & FDCAN_RXF1S_F1GI) >> FDCAN_RXF1S_F1GI_Pos);
2288:Drivers/STM32H5xx_HAL_Driver/Src/stm32h5xx_hal_fdcan.c ****         /* Calculate Rx FIFO 1 element address */
2289:Drivers/STM32H5xx_HAL_Driver/Src/stm32h5xx_hal_fdcan.c ****         RxAddress = (uint32_t *)(hfdcan->msgRam.RxFIFO1SA + (GetIndex * SRAMCAN_RF1_SIZE));
2290:Drivers/STM32H5xx_HAL_Driver/Src/stm32h5xx_hal_fdcan.c ****       }
2291:Drivers/STM32H5xx_HAL_Driver/Src/stm32h5xx_hal_fdcan.c ****     }
2292:Drivers/STM32H5xx_HAL_Driver/Src/stm32h5xx_hal_fdcan.c **** 
2293:Drivers/STM32H5xx_HAL_Driver/Src/stm32h5xx_hal_fdcan.c ****     /* Retrieve IdType */
2294:Drivers/STM32H5xx_HAL_Driver/Src/stm32h5xx_hal_fdcan.c ****     pRxHeader->IdType = *RxAddress & FDCAN_ELEMENT_MASK_XTD;
2295:Drivers/STM32H5xx_HAL_Driver/Src/stm32h5xx_hal_fdcan.c **** 
2296:Drivers/STM32H5xx_HAL_Driver/Src/stm32h5xx_hal_fdcan.c ****     /* Retrieve Identifier */
2297:Drivers/STM32H5xx_HAL_Driver/Src/stm32h5xx_hal_fdcan.c ****     if (pRxHeader->IdType == FDCAN_STANDARD_ID) /* Standard ID element */
2298:Drivers/STM32H5xx_HAL_Driver/Src/stm32h5xx_hal_fdcan.c ****     {
2299:Drivers/STM32H5xx_HAL_Driver/Src/stm32h5xx_hal_fdcan.c ****       pRxHeader->Identifier = ((*RxAddress & FDCAN_ELEMENT_MASK_STDID) >> 18U);
2300:Drivers/STM32H5xx_HAL_Driver/Src/stm32h5xx_hal_fdcan.c ****     }
2301:Drivers/STM32H5xx_HAL_Driver/Src/stm32h5xx_hal_fdcan.c ****     else /* Extended ID element */
2302:Drivers/STM32H5xx_HAL_Driver/Src/stm32h5xx_hal_fdcan.c ****     {
2303:Drivers/STM32H5xx_HAL_Driver/Src/stm32h5xx_hal_fdcan.c ****       pRxHeader->Identifier = (*RxAddress & FDCAN_ELEMENT_MASK_EXTID);
2304:Drivers/STM32H5xx_HAL_Driver/Src/stm32h5xx_hal_fdcan.c ****     }
2305:Drivers/STM32H5xx_HAL_Driver/Src/stm32h5xx_hal_fdcan.c **** 
2306:Drivers/STM32H5xx_HAL_Driver/Src/stm32h5xx_hal_fdcan.c ****     /* Retrieve RxFrameType */
2307:Drivers/STM32H5xx_HAL_Driver/Src/stm32h5xx_hal_fdcan.c ****     pRxHeader->RxFrameType = (*RxAddress & FDCAN_ELEMENT_MASK_RTR);
2308:Drivers/STM32H5xx_HAL_Driver/Src/stm32h5xx_hal_fdcan.c **** 
2309:Drivers/STM32H5xx_HAL_Driver/Src/stm32h5xx_hal_fdcan.c ****     /* Retrieve ErrorStateIndicator */
ARM GAS  /tmp/cc1KCPzC.s 			page 42


2310:Drivers/STM32H5xx_HAL_Driver/Src/stm32h5xx_hal_fdcan.c ****     pRxHeader->ErrorStateIndicator = (*RxAddress & FDCAN_ELEMENT_MASK_ESI);
2311:Drivers/STM32H5xx_HAL_Driver/Src/stm32h5xx_hal_fdcan.c **** 
2312:Drivers/STM32H5xx_HAL_Driver/Src/stm32h5xx_hal_fdcan.c ****     /* Increment RxAddress pointer to second word of Rx FIFO element */
2313:Drivers/STM32H5xx_HAL_Driver/Src/stm32h5xx_hal_fdcan.c ****     RxAddress++;
2314:Drivers/STM32H5xx_HAL_Driver/Src/stm32h5xx_hal_fdcan.c **** 
2315:Drivers/STM32H5xx_HAL_Driver/Src/stm32h5xx_hal_fdcan.c ****     /* Retrieve RxTimestamp */
2316:Drivers/STM32H5xx_HAL_Driver/Src/stm32h5xx_hal_fdcan.c ****     pRxHeader->RxTimestamp = (*RxAddress & FDCAN_ELEMENT_MASK_TS);
2317:Drivers/STM32H5xx_HAL_Driver/Src/stm32h5xx_hal_fdcan.c **** 
2318:Drivers/STM32H5xx_HAL_Driver/Src/stm32h5xx_hal_fdcan.c ****     /* Retrieve DataLength */
2319:Drivers/STM32H5xx_HAL_Driver/Src/stm32h5xx_hal_fdcan.c ****     pRxHeader->DataLength = ((*RxAddress & FDCAN_ELEMENT_MASK_DLC) >> 16U);
2320:Drivers/STM32H5xx_HAL_Driver/Src/stm32h5xx_hal_fdcan.c **** 
2321:Drivers/STM32H5xx_HAL_Driver/Src/stm32h5xx_hal_fdcan.c ****     /* Retrieve BitRateSwitch */
2322:Drivers/STM32H5xx_HAL_Driver/Src/stm32h5xx_hal_fdcan.c ****     pRxHeader->BitRateSwitch = (*RxAddress & FDCAN_ELEMENT_MASK_BRS);
2323:Drivers/STM32H5xx_HAL_Driver/Src/stm32h5xx_hal_fdcan.c **** 
2324:Drivers/STM32H5xx_HAL_Driver/Src/stm32h5xx_hal_fdcan.c ****     /* Retrieve FDFormat */
2325:Drivers/STM32H5xx_HAL_Driver/Src/stm32h5xx_hal_fdcan.c ****     pRxHeader->FDFormat = (*RxAddress & FDCAN_ELEMENT_MASK_FDF);
2326:Drivers/STM32H5xx_HAL_Driver/Src/stm32h5xx_hal_fdcan.c **** 
2327:Drivers/STM32H5xx_HAL_Driver/Src/stm32h5xx_hal_fdcan.c ****     /* Retrieve FilterIndex */
2328:Drivers/STM32H5xx_HAL_Driver/Src/stm32h5xx_hal_fdcan.c ****     pRxHeader->FilterIndex = ((*RxAddress & FDCAN_ELEMENT_MASK_FIDX) >> 24U);
2329:Drivers/STM32H5xx_HAL_Driver/Src/stm32h5xx_hal_fdcan.c **** 
2330:Drivers/STM32H5xx_HAL_Driver/Src/stm32h5xx_hal_fdcan.c ****     /* Retrieve NonMatchingFrame */
2331:Drivers/STM32H5xx_HAL_Driver/Src/stm32h5xx_hal_fdcan.c ****     pRxHeader->IsFilterMatchingFrame = ((*RxAddress & FDCAN_ELEMENT_MASK_ANMF) >> 31U);
2332:Drivers/STM32H5xx_HAL_Driver/Src/stm32h5xx_hal_fdcan.c **** 
2333:Drivers/STM32H5xx_HAL_Driver/Src/stm32h5xx_hal_fdcan.c ****     /* Increment RxAddress pointer to payload of Rx FIFO element */
2334:Drivers/STM32H5xx_HAL_Driver/Src/stm32h5xx_hal_fdcan.c ****     RxAddress++;
2335:Drivers/STM32H5xx_HAL_Driver/Src/stm32h5xx_hal_fdcan.c **** 
2336:Drivers/STM32H5xx_HAL_Driver/Src/stm32h5xx_hal_fdcan.c ****     /* Retrieve Rx payload */
2337:Drivers/STM32H5xx_HAL_Driver/Src/stm32h5xx_hal_fdcan.c ****     pData = (uint8_t *)RxAddress;
2338:Drivers/STM32H5xx_HAL_Driver/Src/stm32h5xx_hal_fdcan.c ****     for (ByteCounter = 0; ByteCounter < DLCtoBytes[pRxHeader->DataLength]; ByteCounter++)
2339:Drivers/STM32H5xx_HAL_Driver/Src/stm32h5xx_hal_fdcan.c ****     {
2340:Drivers/STM32H5xx_HAL_Driver/Src/stm32h5xx_hal_fdcan.c ****       pRxData[ByteCounter] = pData[ByteCounter];
2341:Drivers/STM32H5xx_HAL_Driver/Src/stm32h5xx_hal_fdcan.c ****     }
2342:Drivers/STM32H5xx_HAL_Driver/Src/stm32h5xx_hal_fdcan.c **** 
2343:Drivers/STM32H5xx_HAL_Driver/Src/stm32h5xx_hal_fdcan.c ****     if (RxLocation == FDCAN_RX_FIFO0) /* Rx element is assigned to the Rx FIFO 0 */
2344:Drivers/STM32H5xx_HAL_Driver/Src/stm32h5xx_hal_fdcan.c ****     {
2345:Drivers/STM32H5xx_HAL_Driver/Src/stm32h5xx_hal_fdcan.c ****       /* Acknowledge the Rx FIFO 0 that the oldest element is read so that it increments the GetInd
2346:Drivers/STM32H5xx_HAL_Driver/Src/stm32h5xx_hal_fdcan.c ****       hfdcan->Instance->RXF0A = GetIndex;
2347:Drivers/STM32H5xx_HAL_Driver/Src/stm32h5xx_hal_fdcan.c ****     }
2348:Drivers/STM32H5xx_HAL_Driver/Src/stm32h5xx_hal_fdcan.c ****     else /* Rx element is assigned to the Rx FIFO 1 */
2349:Drivers/STM32H5xx_HAL_Driver/Src/stm32h5xx_hal_fdcan.c ****     {
2350:Drivers/STM32H5xx_HAL_Driver/Src/stm32h5xx_hal_fdcan.c ****       /* Acknowledge the Rx FIFO 1 that the oldest element is read so that it increments the GetInd
2351:Drivers/STM32H5xx_HAL_Driver/Src/stm32h5xx_hal_fdcan.c ****       hfdcan->Instance->RXF1A = GetIndex;
2352:Drivers/STM32H5xx_HAL_Driver/Src/stm32h5xx_hal_fdcan.c ****     }
2353:Drivers/STM32H5xx_HAL_Driver/Src/stm32h5xx_hal_fdcan.c **** 
2354:Drivers/STM32H5xx_HAL_Driver/Src/stm32h5xx_hal_fdcan.c ****     /* Return function status */
2355:Drivers/STM32H5xx_HAL_Driver/Src/stm32h5xx_hal_fdcan.c ****     return HAL_OK;
2356:Drivers/STM32H5xx_HAL_Driver/Src/stm32h5xx_hal_fdcan.c ****   }
2357:Drivers/STM32H5xx_HAL_Driver/Src/stm32h5xx_hal_fdcan.c ****   else
2358:Drivers/STM32H5xx_HAL_Driver/Src/stm32h5xx_hal_fdcan.c ****   {
2359:Drivers/STM32H5xx_HAL_Driver/Src/stm32h5xx_hal_fdcan.c ****     /* Update error code */
2360:Drivers/STM32H5xx_HAL_Driver/Src/stm32h5xx_hal_fdcan.c ****     hfdcan->ErrorCode |= HAL_FDCAN_ERROR_NOT_STARTED;
2361:Drivers/STM32H5xx_HAL_Driver/Src/stm32h5xx_hal_fdcan.c **** 
2362:Drivers/STM32H5xx_HAL_Driver/Src/stm32h5xx_hal_fdcan.c ****     return HAL_ERROR;
2363:Drivers/STM32H5xx_HAL_Driver/Src/stm32h5xx_hal_fdcan.c ****   }
2364:Drivers/STM32H5xx_HAL_Driver/Src/stm32h5xx_hal_fdcan.c **** }
2365:Drivers/STM32H5xx_HAL_Driver/Src/stm32h5xx_hal_fdcan.c **** 
2366:Drivers/STM32H5xx_HAL_Driver/Src/stm32h5xx_hal_fdcan.c **** /**
ARM GAS  /tmp/cc1KCPzC.s 			page 43


2367:Drivers/STM32H5xx_HAL_Driver/Src/stm32h5xx_hal_fdcan.c ****   * @brief  Get an FDCAN Tx event from the Tx Event FIFO zone into the message RAM.
2368:Drivers/STM32H5xx_HAL_Driver/Src/stm32h5xx_hal_fdcan.c ****   * @param  hfdcan pointer to an FDCAN_HandleTypeDef structure that contains
2369:Drivers/STM32H5xx_HAL_Driver/Src/stm32h5xx_hal_fdcan.c ****   *         the configuration information for the specified FDCAN.
2370:Drivers/STM32H5xx_HAL_Driver/Src/stm32h5xx_hal_fdcan.c ****   * @param  pTxEvent pointer to a FDCAN_TxEventFifoTypeDef structure.
2371:Drivers/STM32H5xx_HAL_Driver/Src/stm32h5xx_hal_fdcan.c ****   * @retval HAL status
2372:Drivers/STM32H5xx_HAL_Driver/Src/stm32h5xx_hal_fdcan.c ****   */
2373:Drivers/STM32H5xx_HAL_Driver/Src/stm32h5xx_hal_fdcan.c **** HAL_StatusTypeDef HAL_FDCAN_GetTxEvent(FDCAN_HandleTypeDef *hfdcan, FDCAN_TxEventFifoTypeDef *pTxEv
2374:Drivers/STM32H5xx_HAL_Driver/Src/stm32h5xx_hal_fdcan.c **** {
2375:Drivers/STM32H5xx_HAL_Driver/Src/stm32h5xx_hal_fdcan.c ****   uint32_t *TxEventAddress;
2376:Drivers/STM32H5xx_HAL_Driver/Src/stm32h5xx_hal_fdcan.c ****   uint32_t GetIndex;
2377:Drivers/STM32H5xx_HAL_Driver/Src/stm32h5xx_hal_fdcan.c ****   HAL_FDCAN_StateTypeDef state = hfdcan->State;
2378:Drivers/STM32H5xx_HAL_Driver/Src/stm32h5xx_hal_fdcan.c **** 
2379:Drivers/STM32H5xx_HAL_Driver/Src/stm32h5xx_hal_fdcan.c ****   if (state == HAL_FDCAN_STATE_BUSY)
2380:Drivers/STM32H5xx_HAL_Driver/Src/stm32h5xx_hal_fdcan.c ****   {
2381:Drivers/STM32H5xx_HAL_Driver/Src/stm32h5xx_hal_fdcan.c ****     /* Check that the Tx event FIFO is not empty */
2382:Drivers/STM32H5xx_HAL_Driver/Src/stm32h5xx_hal_fdcan.c ****     if ((hfdcan->Instance->TXEFS & FDCAN_TXEFS_EFFL) == 0U)
2383:Drivers/STM32H5xx_HAL_Driver/Src/stm32h5xx_hal_fdcan.c ****     {
2384:Drivers/STM32H5xx_HAL_Driver/Src/stm32h5xx_hal_fdcan.c ****       /* Update error code */
2385:Drivers/STM32H5xx_HAL_Driver/Src/stm32h5xx_hal_fdcan.c ****       hfdcan->ErrorCode |= HAL_FDCAN_ERROR_FIFO_EMPTY;
2386:Drivers/STM32H5xx_HAL_Driver/Src/stm32h5xx_hal_fdcan.c **** 
2387:Drivers/STM32H5xx_HAL_Driver/Src/stm32h5xx_hal_fdcan.c ****       return HAL_ERROR;
2388:Drivers/STM32H5xx_HAL_Driver/Src/stm32h5xx_hal_fdcan.c ****     }
2389:Drivers/STM32H5xx_HAL_Driver/Src/stm32h5xx_hal_fdcan.c **** 
2390:Drivers/STM32H5xx_HAL_Driver/Src/stm32h5xx_hal_fdcan.c ****     /* Calculate Tx event FIFO element address */
2391:Drivers/STM32H5xx_HAL_Driver/Src/stm32h5xx_hal_fdcan.c ****     GetIndex = ((hfdcan->Instance->TXEFS & FDCAN_TXEFS_EFGI) >> FDCAN_TXEFS_EFGI_Pos);
2392:Drivers/STM32H5xx_HAL_Driver/Src/stm32h5xx_hal_fdcan.c ****     TxEventAddress = (uint32_t *)(hfdcan->msgRam.TxEventFIFOSA + (GetIndex * SRAMCAN_TEF_SIZE));
2393:Drivers/STM32H5xx_HAL_Driver/Src/stm32h5xx_hal_fdcan.c **** 
2394:Drivers/STM32H5xx_HAL_Driver/Src/stm32h5xx_hal_fdcan.c ****     /* Retrieve IdType */
2395:Drivers/STM32H5xx_HAL_Driver/Src/stm32h5xx_hal_fdcan.c ****     pTxEvent->IdType = *TxEventAddress & FDCAN_ELEMENT_MASK_XTD;
2396:Drivers/STM32H5xx_HAL_Driver/Src/stm32h5xx_hal_fdcan.c **** 
2397:Drivers/STM32H5xx_HAL_Driver/Src/stm32h5xx_hal_fdcan.c ****     /* Retrieve Identifier */
2398:Drivers/STM32H5xx_HAL_Driver/Src/stm32h5xx_hal_fdcan.c ****     if (pTxEvent->IdType == FDCAN_STANDARD_ID) /* Standard ID element */
2399:Drivers/STM32H5xx_HAL_Driver/Src/stm32h5xx_hal_fdcan.c ****     {
2400:Drivers/STM32H5xx_HAL_Driver/Src/stm32h5xx_hal_fdcan.c ****       pTxEvent->Identifier = ((*TxEventAddress & FDCAN_ELEMENT_MASK_STDID) >> 18U);
2401:Drivers/STM32H5xx_HAL_Driver/Src/stm32h5xx_hal_fdcan.c ****     }
2402:Drivers/STM32H5xx_HAL_Driver/Src/stm32h5xx_hal_fdcan.c ****     else /* Extended ID element */
2403:Drivers/STM32H5xx_HAL_Driver/Src/stm32h5xx_hal_fdcan.c ****     {
2404:Drivers/STM32H5xx_HAL_Driver/Src/stm32h5xx_hal_fdcan.c ****       pTxEvent->Identifier = (*TxEventAddress & FDCAN_ELEMENT_MASK_EXTID);
2405:Drivers/STM32H5xx_HAL_Driver/Src/stm32h5xx_hal_fdcan.c ****     }
2406:Drivers/STM32H5xx_HAL_Driver/Src/stm32h5xx_hal_fdcan.c **** 
2407:Drivers/STM32H5xx_HAL_Driver/Src/stm32h5xx_hal_fdcan.c ****     /* Retrieve TxFrameType */
2408:Drivers/STM32H5xx_HAL_Driver/Src/stm32h5xx_hal_fdcan.c ****     pTxEvent->TxFrameType = (*TxEventAddress & FDCAN_ELEMENT_MASK_RTR);
2409:Drivers/STM32H5xx_HAL_Driver/Src/stm32h5xx_hal_fdcan.c **** 
2410:Drivers/STM32H5xx_HAL_Driver/Src/stm32h5xx_hal_fdcan.c ****     /* Retrieve ErrorStateIndicator */
2411:Drivers/STM32H5xx_HAL_Driver/Src/stm32h5xx_hal_fdcan.c ****     pTxEvent->ErrorStateIndicator = (*TxEventAddress & FDCAN_ELEMENT_MASK_ESI);
2412:Drivers/STM32H5xx_HAL_Driver/Src/stm32h5xx_hal_fdcan.c **** 
2413:Drivers/STM32H5xx_HAL_Driver/Src/stm32h5xx_hal_fdcan.c ****     /* Increment TxEventAddress pointer to second word of Tx Event FIFO element */
2414:Drivers/STM32H5xx_HAL_Driver/Src/stm32h5xx_hal_fdcan.c ****     TxEventAddress++;
2415:Drivers/STM32H5xx_HAL_Driver/Src/stm32h5xx_hal_fdcan.c **** 
2416:Drivers/STM32H5xx_HAL_Driver/Src/stm32h5xx_hal_fdcan.c ****     /* Retrieve TxTimestamp */
2417:Drivers/STM32H5xx_HAL_Driver/Src/stm32h5xx_hal_fdcan.c ****     pTxEvent->TxTimestamp = (*TxEventAddress & FDCAN_ELEMENT_MASK_TS);
2418:Drivers/STM32H5xx_HAL_Driver/Src/stm32h5xx_hal_fdcan.c **** 
2419:Drivers/STM32H5xx_HAL_Driver/Src/stm32h5xx_hal_fdcan.c ****     /* Retrieve DataLength */
2420:Drivers/STM32H5xx_HAL_Driver/Src/stm32h5xx_hal_fdcan.c ****     pTxEvent->DataLength = ((*TxEventAddress & FDCAN_ELEMENT_MASK_DLC) >> 16U);
2421:Drivers/STM32H5xx_HAL_Driver/Src/stm32h5xx_hal_fdcan.c **** 
2422:Drivers/STM32H5xx_HAL_Driver/Src/stm32h5xx_hal_fdcan.c ****     /* Retrieve BitRateSwitch */
2423:Drivers/STM32H5xx_HAL_Driver/Src/stm32h5xx_hal_fdcan.c ****     pTxEvent->BitRateSwitch = (*TxEventAddress & FDCAN_ELEMENT_MASK_BRS);
ARM GAS  /tmp/cc1KCPzC.s 			page 44


2424:Drivers/STM32H5xx_HAL_Driver/Src/stm32h5xx_hal_fdcan.c **** 
2425:Drivers/STM32H5xx_HAL_Driver/Src/stm32h5xx_hal_fdcan.c ****     /* Retrieve FDFormat */
2426:Drivers/STM32H5xx_HAL_Driver/Src/stm32h5xx_hal_fdcan.c ****     pTxEvent->FDFormat = (*TxEventAddress & FDCAN_ELEMENT_MASK_FDF);
2427:Drivers/STM32H5xx_HAL_Driver/Src/stm32h5xx_hal_fdcan.c **** 
2428:Drivers/STM32H5xx_HAL_Driver/Src/stm32h5xx_hal_fdcan.c ****     /* Retrieve EventType */
2429:Drivers/STM32H5xx_HAL_Driver/Src/stm32h5xx_hal_fdcan.c ****     pTxEvent->EventType = (*TxEventAddress & FDCAN_ELEMENT_MASK_ET);
2430:Drivers/STM32H5xx_HAL_Driver/Src/stm32h5xx_hal_fdcan.c **** 
2431:Drivers/STM32H5xx_HAL_Driver/Src/stm32h5xx_hal_fdcan.c ****     /* Retrieve MessageMarker */
2432:Drivers/STM32H5xx_HAL_Driver/Src/stm32h5xx_hal_fdcan.c ****     pTxEvent->MessageMarker = ((*TxEventAddress & FDCAN_ELEMENT_MASK_MM) >> 24U);
2433:Drivers/STM32H5xx_HAL_Driver/Src/stm32h5xx_hal_fdcan.c **** 
2434:Drivers/STM32H5xx_HAL_Driver/Src/stm32h5xx_hal_fdcan.c ****     /* Acknowledge the Tx Event FIFO that the oldest element is read so that it increments the GetI
2435:Drivers/STM32H5xx_HAL_Driver/Src/stm32h5xx_hal_fdcan.c ****     hfdcan->Instance->TXEFA = GetIndex;
2436:Drivers/STM32H5xx_HAL_Driver/Src/stm32h5xx_hal_fdcan.c **** 
2437:Drivers/STM32H5xx_HAL_Driver/Src/stm32h5xx_hal_fdcan.c ****     /* Return function status */
2438:Drivers/STM32H5xx_HAL_Driver/Src/stm32h5xx_hal_fdcan.c ****     return HAL_OK;
2439:Drivers/STM32H5xx_HAL_Driver/Src/stm32h5xx_hal_fdcan.c ****   }
2440:Drivers/STM32H5xx_HAL_Driver/Src/stm32h5xx_hal_fdcan.c ****   else
2441:Drivers/STM32H5xx_HAL_Driver/Src/stm32h5xx_hal_fdcan.c ****   {
2442:Drivers/STM32H5xx_HAL_Driver/Src/stm32h5xx_hal_fdcan.c ****     /* Update error code */
2443:Drivers/STM32H5xx_HAL_Driver/Src/stm32h5xx_hal_fdcan.c ****     hfdcan->ErrorCode |= HAL_FDCAN_ERROR_NOT_STARTED;
2444:Drivers/STM32H5xx_HAL_Driver/Src/stm32h5xx_hal_fdcan.c **** 
2445:Drivers/STM32H5xx_HAL_Driver/Src/stm32h5xx_hal_fdcan.c ****     return HAL_ERROR;
2446:Drivers/STM32H5xx_HAL_Driver/Src/stm32h5xx_hal_fdcan.c ****   }
2447:Drivers/STM32H5xx_HAL_Driver/Src/stm32h5xx_hal_fdcan.c **** }
2448:Drivers/STM32H5xx_HAL_Driver/Src/stm32h5xx_hal_fdcan.c **** 
2449:Drivers/STM32H5xx_HAL_Driver/Src/stm32h5xx_hal_fdcan.c **** /**
2450:Drivers/STM32H5xx_HAL_Driver/Src/stm32h5xx_hal_fdcan.c ****   * @brief  Get high priority message status.
2451:Drivers/STM32H5xx_HAL_Driver/Src/stm32h5xx_hal_fdcan.c ****   * @param  hfdcan pointer to an FDCAN_HandleTypeDef structure that contains
2452:Drivers/STM32H5xx_HAL_Driver/Src/stm32h5xx_hal_fdcan.c ****   *         the configuration information for the specified FDCAN.
2453:Drivers/STM32H5xx_HAL_Driver/Src/stm32h5xx_hal_fdcan.c ****   * @param  HpMsgStatus pointer to an FDCAN_HpMsgStatusTypeDef structure.
2454:Drivers/STM32H5xx_HAL_Driver/Src/stm32h5xx_hal_fdcan.c ****   * @retval HAL status
2455:Drivers/STM32H5xx_HAL_Driver/Src/stm32h5xx_hal_fdcan.c ****   */
2456:Drivers/STM32H5xx_HAL_Driver/Src/stm32h5xx_hal_fdcan.c **** HAL_StatusTypeDef HAL_FDCAN_GetHighPriorityMessageStatus(const FDCAN_HandleTypeDef *hfdcan,
2457:Drivers/STM32H5xx_HAL_Driver/Src/stm32h5xx_hal_fdcan.c ****                                                          FDCAN_HpMsgStatusTypeDef *HpMsgStatus)
2458:Drivers/STM32H5xx_HAL_Driver/Src/stm32h5xx_hal_fdcan.c **** {
2459:Drivers/STM32H5xx_HAL_Driver/Src/stm32h5xx_hal_fdcan.c ****   HpMsgStatus->FilterList = ((hfdcan->Instance->HPMS & FDCAN_HPMS_FLST) >> FDCAN_HPMS_FLST_Pos);
2460:Drivers/STM32H5xx_HAL_Driver/Src/stm32h5xx_hal_fdcan.c ****   HpMsgStatus->FilterIndex = ((hfdcan->Instance->HPMS & FDCAN_HPMS_FIDX) >> FDCAN_HPMS_FIDX_Pos);
2461:Drivers/STM32H5xx_HAL_Driver/Src/stm32h5xx_hal_fdcan.c ****   HpMsgStatus->MessageStorage = (hfdcan->Instance->HPMS & FDCAN_HPMS_MSI);
2462:Drivers/STM32H5xx_HAL_Driver/Src/stm32h5xx_hal_fdcan.c ****   HpMsgStatus->MessageIndex = (hfdcan->Instance->HPMS & FDCAN_HPMS_BIDX);
2463:Drivers/STM32H5xx_HAL_Driver/Src/stm32h5xx_hal_fdcan.c **** 
2464:Drivers/STM32H5xx_HAL_Driver/Src/stm32h5xx_hal_fdcan.c ****   /* Return function status */
2465:Drivers/STM32H5xx_HAL_Driver/Src/stm32h5xx_hal_fdcan.c ****   return HAL_OK;
2466:Drivers/STM32H5xx_HAL_Driver/Src/stm32h5xx_hal_fdcan.c **** }
2467:Drivers/STM32H5xx_HAL_Driver/Src/stm32h5xx_hal_fdcan.c **** 
2468:Drivers/STM32H5xx_HAL_Driver/Src/stm32h5xx_hal_fdcan.c **** /**
2469:Drivers/STM32H5xx_HAL_Driver/Src/stm32h5xx_hal_fdcan.c ****   * @brief  Get protocol status.
2470:Drivers/STM32H5xx_HAL_Driver/Src/stm32h5xx_hal_fdcan.c ****   * @param  hfdcan pointer to an FDCAN_HandleTypeDef structure that contains
2471:Drivers/STM32H5xx_HAL_Driver/Src/stm32h5xx_hal_fdcan.c ****   *         the configuration information for the specified FDCAN.
2472:Drivers/STM32H5xx_HAL_Driver/Src/stm32h5xx_hal_fdcan.c ****   * @param  ProtocolStatus pointer to an FDCAN_ProtocolStatusTypeDef structure.
2473:Drivers/STM32H5xx_HAL_Driver/Src/stm32h5xx_hal_fdcan.c ****   * @retval HAL status
2474:Drivers/STM32H5xx_HAL_Driver/Src/stm32h5xx_hal_fdcan.c ****   */
2475:Drivers/STM32H5xx_HAL_Driver/Src/stm32h5xx_hal_fdcan.c **** HAL_StatusTypeDef HAL_FDCAN_GetProtocolStatus(const FDCAN_HandleTypeDef *hfdcan,
2476:Drivers/STM32H5xx_HAL_Driver/Src/stm32h5xx_hal_fdcan.c ****                                               FDCAN_ProtocolStatusTypeDef *ProtocolStatus)
2477:Drivers/STM32H5xx_HAL_Driver/Src/stm32h5xx_hal_fdcan.c **** {
2478:Drivers/STM32H5xx_HAL_Driver/Src/stm32h5xx_hal_fdcan.c ****   uint32_t StatusReg;
2479:Drivers/STM32H5xx_HAL_Driver/Src/stm32h5xx_hal_fdcan.c **** 
2480:Drivers/STM32H5xx_HAL_Driver/Src/stm32h5xx_hal_fdcan.c ****   /* Read the protocol status register */
ARM GAS  /tmp/cc1KCPzC.s 			page 45


2481:Drivers/STM32H5xx_HAL_Driver/Src/stm32h5xx_hal_fdcan.c ****   StatusReg = READ_REG(hfdcan->Instance->PSR);
2482:Drivers/STM32H5xx_HAL_Driver/Src/stm32h5xx_hal_fdcan.c **** 
2483:Drivers/STM32H5xx_HAL_Driver/Src/stm32h5xx_hal_fdcan.c ****   /* Fill the protocol status structure */
2484:Drivers/STM32H5xx_HAL_Driver/Src/stm32h5xx_hal_fdcan.c ****   ProtocolStatus->LastErrorCode = (StatusReg & FDCAN_PSR_LEC);
2485:Drivers/STM32H5xx_HAL_Driver/Src/stm32h5xx_hal_fdcan.c ****   ProtocolStatus->DataLastErrorCode = ((StatusReg & FDCAN_PSR_DLEC) >> FDCAN_PSR_DLEC_Pos);
2486:Drivers/STM32H5xx_HAL_Driver/Src/stm32h5xx_hal_fdcan.c ****   ProtocolStatus->Activity = (StatusReg & FDCAN_PSR_ACT);
2487:Drivers/STM32H5xx_HAL_Driver/Src/stm32h5xx_hal_fdcan.c ****   ProtocolStatus->ErrorPassive = ((StatusReg & FDCAN_PSR_EP) >> FDCAN_PSR_EP_Pos);
2488:Drivers/STM32H5xx_HAL_Driver/Src/stm32h5xx_hal_fdcan.c ****   ProtocolStatus->Warning = ((StatusReg & FDCAN_PSR_EW) >> FDCAN_PSR_EW_Pos);
2489:Drivers/STM32H5xx_HAL_Driver/Src/stm32h5xx_hal_fdcan.c ****   ProtocolStatus->BusOff = ((StatusReg & FDCAN_PSR_BO) >> FDCAN_PSR_BO_Pos);
2490:Drivers/STM32H5xx_HAL_Driver/Src/stm32h5xx_hal_fdcan.c ****   ProtocolStatus->RxESIflag = ((StatusReg & FDCAN_PSR_RESI) >> FDCAN_PSR_RESI_Pos);
2491:Drivers/STM32H5xx_HAL_Driver/Src/stm32h5xx_hal_fdcan.c ****   ProtocolStatus->RxBRSflag = ((StatusReg & FDCAN_PSR_RBRS) >> FDCAN_PSR_RBRS_Pos);
2492:Drivers/STM32H5xx_HAL_Driver/Src/stm32h5xx_hal_fdcan.c ****   ProtocolStatus->RxFDFflag = ((StatusReg & FDCAN_PSR_REDL) >> FDCAN_PSR_REDL_Pos);
2493:Drivers/STM32H5xx_HAL_Driver/Src/stm32h5xx_hal_fdcan.c ****   ProtocolStatus->ProtocolException = ((StatusReg & FDCAN_PSR_PXE) >> FDCAN_PSR_PXE_Pos);
2494:Drivers/STM32H5xx_HAL_Driver/Src/stm32h5xx_hal_fdcan.c ****   ProtocolStatus->TDCvalue = ((StatusReg & FDCAN_PSR_TDCV) >> FDCAN_PSR_TDCV_Pos);
2495:Drivers/STM32H5xx_HAL_Driver/Src/stm32h5xx_hal_fdcan.c **** 
2496:Drivers/STM32H5xx_HAL_Driver/Src/stm32h5xx_hal_fdcan.c ****   /* Return function status */
2497:Drivers/STM32H5xx_HAL_Driver/Src/stm32h5xx_hal_fdcan.c ****   return HAL_OK;
2498:Drivers/STM32H5xx_HAL_Driver/Src/stm32h5xx_hal_fdcan.c **** }
2499:Drivers/STM32H5xx_HAL_Driver/Src/stm32h5xx_hal_fdcan.c **** 
2500:Drivers/STM32H5xx_HAL_Driver/Src/stm32h5xx_hal_fdcan.c **** /**
2501:Drivers/STM32H5xx_HAL_Driver/Src/stm32h5xx_hal_fdcan.c ****   * @brief  Get error counter values.
2502:Drivers/STM32H5xx_HAL_Driver/Src/stm32h5xx_hal_fdcan.c ****   * @param  hfdcan pointer to an FDCAN_HandleTypeDef structure that contains
2503:Drivers/STM32H5xx_HAL_Driver/Src/stm32h5xx_hal_fdcan.c ****   *         the configuration information for the specified FDCAN.
2504:Drivers/STM32H5xx_HAL_Driver/Src/stm32h5xx_hal_fdcan.c ****   * @param  ErrorCounters pointer to an FDCAN_ErrorCountersTypeDef structure.
2505:Drivers/STM32H5xx_HAL_Driver/Src/stm32h5xx_hal_fdcan.c ****   * @retval HAL status
2506:Drivers/STM32H5xx_HAL_Driver/Src/stm32h5xx_hal_fdcan.c ****   */
2507:Drivers/STM32H5xx_HAL_Driver/Src/stm32h5xx_hal_fdcan.c **** HAL_StatusTypeDef HAL_FDCAN_GetErrorCounters(const FDCAN_HandleTypeDef *hfdcan,
2508:Drivers/STM32H5xx_HAL_Driver/Src/stm32h5xx_hal_fdcan.c ****                                              FDCAN_ErrorCountersTypeDef *ErrorCounters)
2509:Drivers/STM32H5xx_HAL_Driver/Src/stm32h5xx_hal_fdcan.c **** {
2510:Drivers/STM32H5xx_HAL_Driver/Src/stm32h5xx_hal_fdcan.c ****   uint32_t CountersReg;
2511:Drivers/STM32H5xx_HAL_Driver/Src/stm32h5xx_hal_fdcan.c **** 
2512:Drivers/STM32H5xx_HAL_Driver/Src/stm32h5xx_hal_fdcan.c ****   /* Read the error counters register */
2513:Drivers/STM32H5xx_HAL_Driver/Src/stm32h5xx_hal_fdcan.c ****   CountersReg = READ_REG(hfdcan->Instance->ECR);
2514:Drivers/STM32H5xx_HAL_Driver/Src/stm32h5xx_hal_fdcan.c **** 
2515:Drivers/STM32H5xx_HAL_Driver/Src/stm32h5xx_hal_fdcan.c ****   /* Fill the error counters structure */
2516:Drivers/STM32H5xx_HAL_Driver/Src/stm32h5xx_hal_fdcan.c ****   ErrorCounters->TxErrorCnt = ((CountersReg & FDCAN_ECR_TEC) >> FDCAN_ECR_TEC_Pos);
2517:Drivers/STM32H5xx_HAL_Driver/Src/stm32h5xx_hal_fdcan.c ****   ErrorCounters->RxErrorCnt = ((CountersReg & FDCAN_ECR_REC) >> FDCAN_ECR_REC_Pos);
2518:Drivers/STM32H5xx_HAL_Driver/Src/stm32h5xx_hal_fdcan.c ****   ErrorCounters->RxErrorPassive = ((CountersReg & FDCAN_ECR_RP) >> FDCAN_ECR_RP_Pos);
2519:Drivers/STM32H5xx_HAL_Driver/Src/stm32h5xx_hal_fdcan.c ****   ErrorCounters->ErrorLogging = ((CountersReg & FDCAN_ECR_CEL) >> FDCAN_ECR_CEL_Pos);
2520:Drivers/STM32H5xx_HAL_Driver/Src/stm32h5xx_hal_fdcan.c **** 
2521:Drivers/STM32H5xx_HAL_Driver/Src/stm32h5xx_hal_fdcan.c ****   /* Return function status */
2522:Drivers/STM32H5xx_HAL_Driver/Src/stm32h5xx_hal_fdcan.c ****   return HAL_OK;
2523:Drivers/STM32H5xx_HAL_Driver/Src/stm32h5xx_hal_fdcan.c **** }
2524:Drivers/STM32H5xx_HAL_Driver/Src/stm32h5xx_hal_fdcan.c **** 
2525:Drivers/STM32H5xx_HAL_Driver/Src/stm32h5xx_hal_fdcan.c **** /**
2526:Drivers/STM32H5xx_HAL_Driver/Src/stm32h5xx_hal_fdcan.c ****   * @brief  Check if a transmission request is pending on the selected Tx buffer.
2527:Drivers/STM32H5xx_HAL_Driver/Src/stm32h5xx_hal_fdcan.c ****   * @param  hfdcan pointer to an FDCAN_HandleTypeDef structure that contains
2528:Drivers/STM32H5xx_HAL_Driver/Src/stm32h5xx_hal_fdcan.c ****   *         the configuration information for the specified FDCAN.
2529:Drivers/STM32H5xx_HAL_Driver/Src/stm32h5xx_hal_fdcan.c ****   * @param  TxBufferIndex Tx buffer index.
2530:Drivers/STM32H5xx_HAL_Driver/Src/stm32h5xx_hal_fdcan.c ****   *         This parameter can be any combination of @arg FDCAN_Tx_location.
2531:Drivers/STM32H5xx_HAL_Driver/Src/stm32h5xx_hal_fdcan.c ****   * @retval Status
2532:Drivers/STM32H5xx_HAL_Driver/Src/stm32h5xx_hal_fdcan.c ****   *          - 0 : No pending transmission request on TxBufferIndex list.
2533:Drivers/STM32H5xx_HAL_Driver/Src/stm32h5xx_hal_fdcan.c ****   *          - 1 : Pending transmission request on TxBufferIndex.
2534:Drivers/STM32H5xx_HAL_Driver/Src/stm32h5xx_hal_fdcan.c ****   */
2535:Drivers/STM32H5xx_HAL_Driver/Src/stm32h5xx_hal_fdcan.c **** uint32_t HAL_FDCAN_IsTxBufferMessagePending(const FDCAN_HandleTypeDef *hfdcan, uint32_t TxBufferInd
2536:Drivers/STM32H5xx_HAL_Driver/Src/stm32h5xx_hal_fdcan.c **** {
2537:Drivers/STM32H5xx_HAL_Driver/Src/stm32h5xx_hal_fdcan.c ****   /* Check function parameters */
ARM GAS  /tmp/cc1KCPzC.s 			page 46


2538:Drivers/STM32H5xx_HAL_Driver/Src/stm32h5xx_hal_fdcan.c ****   assert_param(IS_FDCAN_TX_LOCATION_LIST(TxBufferIndex));
2539:Drivers/STM32H5xx_HAL_Driver/Src/stm32h5xx_hal_fdcan.c **** 
2540:Drivers/STM32H5xx_HAL_Driver/Src/stm32h5xx_hal_fdcan.c ****   /* Check pending transmission request on the selected buffer */
2541:Drivers/STM32H5xx_HAL_Driver/Src/stm32h5xx_hal_fdcan.c ****   if ((hfdcan->Instance->TXBRP & TxBufferIndex) == 0U)
2542:Drivers/STM32H5xx_HAL_Driver/Src/stm32h5xx_hal_fdcan.c ****   {
2543:Drivers/STM32H5xx_HAL_Driver/Src/stm32h5xx_hal_fdcan.c ****     return 0;
2544:Drivers/STM32H5xx_HAL_Driver/Src/stm32h5xx_hal_fdcan.c ****   }
2545:Drivers/STM32H5xx_HAL_Driver/Src/stm32h5xx_hal_fdcan.c ****   return 1;
2546:Drivers/STM32H5xx_HAL_Driver/Src/stm32h5xx_hal_fdcan.c **** }
2547:Drivers/STM32H5xx_HAL_Driver/Src/stm32h5xx_hal_fdcan.c **** 
2548:Drivers/STM32H5xx_HAL_Driver/Src/stm32h5xx_hal_fdcan.c **** /**
2549:Drivers/STM32H5xx_HAL_Driver/Src/stm32h5xx_hal_fdcan.c ****   * @brief  Return Rx FIFO fill level.
2550:Drivers/STM32H5xx_HAL_Driver/Src/stm32h5xx_hal_fdcan.c ****   * @param  hfdcan pointer to an FDCAN_HandleTypeDef structure that contains
2551:Drivers/STM32H5xx_HAL_Driver/Src/stm32h5xx_hal_fdcan.c ****   *         the configuration information for the specified FDCAN.
2552:Drivers/STM32H5xx_HAL_Driver/Src/stm32h5xx_hal_fdcan.c ****   * @param  RxFifo Rx FIFO.
2553:Drivers/STM32H5xx_HAL_Driver/Src/stm32h5xx_hal_fdcan.c ****   *         This parameter can be one of the following values:
2554:Drivers/STM32H5xx_HAL_Driver/Src/stm32h5xx_hal_fdcan.c ****   *           @arg FDCAN_RX_FIFO0: Rx FIFO 0
2555:Drivers/STM32H5xx_HAL_Driver/Src/stm32h5xx_hal_fdcan.c ****   *           @arg FDCAN_RX_FIFO1: Rx FIFO 1
2556:Drivers/STM32H5xx_HAL_Driver/Src/stm32h5xx_hal_fdcan.c ****   * @retval Rx FIFO fill level.
2557:Drivers/STM32H5xx_HAL_Driver/Src/stm32h5xx_hal_fdcan.c ****   */
2558:Drivers/STM32H5xx_HAL_Driver/Src/stm32h5xx_hal_fdcan.c **** uint32_t HAL_FDCAN_GetRxFifoFillLevel(const FDCAN_HandleTypeDef *hfdcan, uint32_t RxFifo)
2559:Drivers/STM32H5xx_HAL_Driver/Src/stm32h5xx_hal_fdcan.c **** {
2560:Drivers/STM32H5xx_HAL_Driver/Src/stm32h5xx_hal_fdcan.c ****   uint32_t FillLevel;
2561:Drivers/STM32H5xx_HAL_Driver/Src/stm32h5xx_hal_fdcan.c **** 
2562:Drivers/STM32H5xx_HAL_Driver/Src/stm32h5xx_hal_fdcan.c ****   /* Check function parameters */
2563:Drivers/STM32H5xx_HAL_Driver/Src/stm32h5xx_hal_fdcan.c ****   assert_param(IS_FDCAN_RX_FIFO(RxFifo));
2564:Drivers/STM32H5xx_HAL_Driver/Src/stm32h5xx_hal_fdcan.c **** 
2565:Drivers/STM32H5xx_HAL_Driver/Src/stm32h5xx_hal_fdcan.c ****   if (RxFifo == FDCAN_RX_FIFO0)
2566:Drivers/STM32H5xx_HAL_Driver/Src/stm32h5xx_hal_fdcan.c ****   {
2567:Drivers/STM32H5xx_HAL_Driver/Src/stm32h5xx_hal_fdcan.c ****     FillLevel = hfdcan->Instance->RXF0S & FDCAN_RXF0S_F0FL;
2568:Drivers/STM32H5xx_HAL_Driver/Src/stm32h5xx_hal_fdcan.c ****   }
2569:Drivers/STM32H5xx_HAL_Driver/Src/stm32h5xx_hal_fdcan.c ****   else /* RxFifo == FDCAN_RX_FIFO1 */
2570:Drivers/STM32H5xx_HAL_Driver/Src/stm32h5xx_hal_fdcan.c ****   {
2571:Drivers/STM32H5xx_HAL_Driver/Src/stm32h5xx_hal_fdcan.c ****     FillLevel = hfdcan->Instance->RXF1S & FDCAN_RXF1S_F1FL;
2572:Drivers/STM32H5xx_HAL_Driver/Src/stm32h5xx_hal_fdcan.c ****   }
2573:Drivers/STM32H5xx_HAL_Driver/Src/stm32h5xx_hal_fdcan.c **** 
2574:Drivers/STM32H5xx_HAL_Driver/Src/stm32h5xx_hal_fdcan.c ****   /* Return Rx FIFO fill level */
2575:Drivers/STM32H5xx_HAL_Driver/Src/stm32h5xx_hal_fdcan.c ****   return FillLevel;
2576:Drivers/STM32H5xx_HAL_Driver/Src/stm32h5xx_hal_fdcan.c **** }
2577:Drivers/STM32H5xx_HAL_Driver/Src/stm32h5xx_hal_fdcan.c **** 
2578:Drivers/STM32H5xx_HAL_Driver/Src/stm32h5xx_hal_fdcan.c **** /**
2579:Drivers/STM32H5xx_HAL_Driver/Src/stm32h5xx_hal_fdcan.c ****   * @brief  Return Tx FIFO free level: number of consecutive free Tx FIFO
2580:Drivers/STM32H5xx_HAL_Driver/Src/stm32h5xx_hal_fdcan.c ****   *         elements starting from Tx FIFO GetIndex.
2581:Drivers/STM32H5xx_HAL_Driver/Src/stm32h5xx_hal_fdcan.c ****   * @param  hfdcan pointer to an FDCAN_HandleTypeDef structure that contains
2582:Drivers/STM32H5xx_HAL_Driver/Src/stm32h5xx_hal_fdcan.c ****   *         the configuration information for the specified FDCAN.
2583:Drivers/STM32H5xx_HAL_Driver/Src/stm32h5xx_hal_fdcan.c ****   * @retval Tx FIFO free level.
2584:Drivers/STM32H5xx_HAL_Driver/Src/stm32h5xx_hal_fdcan.c ****   */
2585:Drivers/STM32H5xx_HAL_Driver/Src/stm32h5xx_hal_fdcan.c **** uint32_t HAL_FDCAN_GetTxFifoFreeLevel(const FDCAN_HandleTypeDef *hfdcan)
2586:Drivers/STM32H5xx_HAL_Driver/Src/stm32h5xx_hal_fdcan.c **** {
2587:Drivers/STM32H5xx_HAL_Driver/Src/stm32h5xx_hal_fdcan.c ****   uint32_t FreeLevel;
2588:Drivers/STM32H5xx_HAL_Driver/Src/stm32h5xx_hal_fdcan.c **** 
2589:Drivers/STM32H5xx_HAL_Driver/Src/stm32h5xx_hal_fdcan.c ****   FreeLevel = hfdcan->Instance->TXFQS & FDCAN_TXFQS_TFFL;
2590:Drivers/STM32H5xx_HAL_Driver/Src/stm32h5xx_hal_fdcan.c **** 
2591:Drivers/STM32H5xx_HAL_Driver/Src/stm32h5xx_hal_fdcan.c ****   /* Return Tx FIFO free level */
2592:Drivers/STM32H5xx_HAL_Driver/Src/stm32h5xx_hal_fdcan.c ****   return FreeLevel;
2593:Drivers/STM32H5xx_HAL_Driver/Src/stm32h5xx_hal_fdcan.c **** }
2594:Drivers/STM32H5xx_HAL_Driver/Src/stm32h5xx_hal_fdcan.c **** 
ARM GAS  /tmp/cc1KCPzC.s 			page 47


2595:Drivers/STM32H5xx_HAL_Driver/Src/stm32h5xx_hal_fdcan.c **** /**
2596:Drivers/STM32H5xx_HAL_Driver/Src/stm32h5xx_hal_fdcan.c ****   * @brief  Check if the FDCAN peripheral entered Restricted Operation Mode.
2597:Drivers/STM32H5xx_HAL_Driver/Src/stm32h5xx_hal_fdcan.c ****   * @param  hfdcan pointer to an FDCAN_HandleTypeDef structure that contains
2598:Drivers/STM32H5xx_HAL_Driver/Src/stm32h5xx_hal_fdcan.c ****   *         the configuration information for the specified FDCAN.
2599:Drivers/STM32H5xx_HAL_Driver/Src/stm32h5xx_hal_fdcan.c ****   * @retval Status
2600:Drivers/STM32H5xx_HAL_Driver/Src/stm32h5xx_hal_fdcan.c ****   *          - 0 : Normal FDCAN operation.
2601:Drivers/STM32H5xx_HAL_Driver/Src/stm32h5xx_hal_fdcan.c ****   *          - 1 : Restricted Operation Mode active.
2602:Drivers/STM32H5xx_HAL_Driver/Src/stm32h5xx_hal_fdcan.c ****   */
2603:Drivers/STM32H5xx_HAL_Driver/Src/stm32h5xx_hal_fdcan.c **** uint32_t HAL_FDCAN_IsRestrictedOperationMode(const FDCAN_HandleTypeDef *hfdcan)
2604:Drivers/STM32H5xx_HAL_Driver/Src/stm32h5xx_hal_fdcan.c **** {
2605:Drivers/STM32H5xx_HAL_Driver/Src/stm32h5xx_hal_fdcan.c ****   uint32_t OperationMode;
2606:Drivers/STM32H5xx_HAL_Driver/Src/stm32h5xx_hal_fdcan.c **** 
2607:Drivers/STM32H5xx_HAL_Driver/Src/stm32h5xx_hal_fdcan.c ****   /* Get Operation Mode */
2608:Drivers/STM32H5xx_HAL_Driver/Src/stm32h5xx_hal_fdcan.c ****   OperationMode = ((hfdcan->Instance->CCCR & FDCAN_CCCR_ASM) >> FDCAN_CCCR_ASM_Pos);
2609:Drivers/STM32H5xx_HAL_Driver/Src/stm32h5xx_hal_fdcan.c **** 
2610:Drivers/STM32H5xx_HAL_Driver/Src/stm32h5xx_hal_fdcan.c ****   return OperationMode;
2611:Drivers/STM32H5xx_HAL_Driver/Src/stm32h5xx_hal_fdcan.c **** }
2612:Drivers/STM32H5xx_HAL_Driver/Src/stm32h5xx_hal_fdcan.c **** 
2613:Drivers/STM32H5xx_HAL_Driver/Src/stm32h5xx_hal_fdcan.c **** /**
2614:Drivers/STM32H5xx_HAL_Driver/Src/stm32h5xx_hal_fdcan.c ****   * @brief  Exit Restricted Operation Mode.
2615:Drivers/STM32H5xx_HAL_Driver/Src/stm32h5xx_hal_fdcan.c ****   * @param  hfdcan pointer to an FDCAN_HandleTypeDef structure that contains
2616:Drivers/STM32H5xx_HAL_Driver/Src/stm32h5xx_hal_fdcan.c ****   *         the configuration information for the specified FDCAN.
2617:Drivers/STM32H5xx_HAL_Driver/Src/stm32h5xx_hal_fdcan.c ****   * @retval HAL status
2618:Drivers/STM32H5xx_HAL_Driver/Src/stm32h5xx_hal_fdcan.c ****   */
2619:Drivers/STM32H5xx_HAL_Driver/Src/stm32h5xx_hal_fdcan.c **** HAL_StatusTypeDef HAL_FDCAN_ExitRestrictedOperationMode(FDCAN_HandleTypeDef *hfdcan)
2620:Drivers/STM32H5xx_HAL_Driver/Src/stm32h5xx_hal_fdcan.c **** {
2621:Drivers/STM32H5xx_HAL_Driver/Src/stm32h5xx_hal_fdcan.c ****   HAL_FDCAN_StateTypeDef state = hfdcan->State;
2622:Drivers/STM32H5xx_HAL_Driver/Src/stm32h5xx_hal_fdcan.c **** 
2623:Drivers/STM32H5xx_HAL_Driver/Src/stm32h5xx_hal_fdcan.c ****   if ((state == HAL_FDCAN_STATE_READY) || (state == HAL_FDCAN_STATE_BUSY))
2624:Drivers/STM32H5xx_HAL_Driver/Src/stm32h5xx_hal_fdcan.c ****   {
2625:Drivers/STM32H5xx_HAL_Driver/Src/stm32h5xx_hal_fdcan.c ****     /* Exit Restricted Operation mode */
2626:Drivers/STM32H5xx_HAL_Driver/Src/stm32h5xx_hal_fdcan.c ****     CLEAR_BIT(hfdcan->Instance->CCCR, FDCAN_CCCR_ASM);
2627:Drivers/STM32H5xx_HAL_Driver/Src/stm32h5xx_hal_fdcan.c **** 
2628:Drivers/STM32H5xx_HAL_Driver/Src/stm32h5xx_hal_fdcan.c ****     /* Return function status */
2629:Drivers/STM32H5xx_HAL_Driver/Src/stm32h5xx_hal_fdcan.c ****     return HAL_OK;
2630:Drivers/STM32H5xx_HAL_Driver/Src/stm32h5xx_hal_fdcan.c ****   }
2631:Drivers/STM32H5xx_HAL_Driver/Src/stm32h5xx_hal_fdcan.c ****   else
2632:Drivers/STM32H5xx_HAL_Driver/Src/stm32h5xx_hal_fdcan.c ****   {
2633:Drivers/STM32H5xx_HAL_Driver/Src/stm32h5xx_hal_fdcan.c ****     /* Update error code */
2634:Drivers/STM32H5xx_HAL_Driver/Src/stm32h5xx_hal_fdcan.c ****     hfdcan->ErrorCode |= HAL_FDCAN_ERROR_NOT_INITIALIZED;
2635:Drivers/STM32H5xx_HAL_Driver/Src/stm32h5xx_hal_fdcan.c **** 
2636:Drivers/STM32H5xx_HAL_Driver/Src/stm32h5xx_hal_fdcan.c ****     return HAL_ERROR;
2637:Drivers/STM32H5xx_HAL_Driver/Src/stm32h5xx_hal_fdcan.c ****   }
2638:Drivers/STM32H5xx_HAL_Driver/Src/stm32h5xx_hal_fdcan.c **** }
2639:Drivers/STM32H5xx_HAL_Driver/Src/stm32h5xx_hal_fdcan.c **** 
2640:Drivers/STM32H5xx_HAL_Driver/Src/stm32h5xx_hal_fdcan.c **** /**
2641:Drivers/STM32H5xx_HAL_Driver/Src/stm32h5xx_hal_fdcan.c ****   * @}
2642:Drivers/STM32H5xx_HAL_Driver/Src/stm32h5xx_hal_fdcan.c ****   */
2643:Drivers/STM32H5xx_HAL_Driver/Src/stm32h5xx_hal_fdcan.c **** 
2644:Drivers/STM32H5xx_HAL_Driver/Src/stm32h5xx_hal_fdcan.c **** /** @defgroup FDCAN_Exported_Functions_Group4 Interrupts management
2645:Drivers/STM32H5xx_HAL_Driver/Src/stm32h5xx_hal_fdcan.c ****   *  @brief    Interrupts management
2646:Drivers/STM32H5xx_HAL_Driver/Src/stm32h5xx_hal_fdcan.c ****   *
2647:Drivers/STM32H5xx_HAL_Driver/Src/stm32h5xx_hal_fdcan.c **** @verbatim
2648:Drivers/STM32H5xx_HAL_Driver/Src/stm32h5xx_hal_fdcan.c ****   ==============================================================================
2649:Drivers/STM32H5xx_HAL_Driver/Src/stm32h5xx_hal_fdcan.c ****                        ##### Interrupts management #####
2650:Drivers/STM32H5xx_HAL_Driver/Src/stm32h5xx_hal_fdcan.c ****   ==============================================================================
2651:Drivers/STM32H5xx_HAL_Driver/Src/stm32h5xx_hal_fdcan.c ****     [..]  This section provides functions allowing to:
ARM GAS  /tmp/cc1KCPzC.s 			page 48


2652:Drivers/STM32H5xx_HAL_Driver/Src/stm32h5xx_hal_fdcan.c ****       (+) HAL_FDCAN_ConfigInterruptLines      : Assign interrupts to either Interrupt line 0 or 1
2653:Drivers/STM32H5xx_HAL_Driver/Src/stm32h5xx_hal_fdcan.c ****       (+) HAL_FDCAN_ActivateNotification      : Enable interrupts
2654:Drivers/STM32H5xx_HAL_Driver/Src/stm32h5xx_hal_fdcan.c ****       (+) HAL_FDCAN_DeactivateNotification    : Disable interrupts
2655:Drivers/STM32H5xx_HAL_Driver/Src/stm32h5xx_hal_fdcan.c ****       (+) HAL_FDCAN_IRQHandler                : Handles FDCAN interrupt request
2656:Drivers/STM32H5xx_HAL_Driver/Src/stm32h5xx_hal_fdcan.c **** 
2657:Drivers/STM32H5xx_HAL_Driver/Src/stm32h5xx_hal_fdcan.c **** @endverbatim
2658:Drivers/STM32H5xx_HAL_Driver/Src/stm32h5xx_hal_fdcan.c ****   * @{
2659:Drivers/STM32H5xx_HAL_Driver/Src/stm32h5xx_hal_fdcan.c ****   */
2660:Drivers/STM32H5xx_HAL_Driver/Src/stm32h5xx_hal_fdcan.c **** 
2661:Drivers/STM32H5xx_HAL_Driver/Src/stm32h5xx_hal_fdcan.c **** /**
2662:Drivers/STM32H5xx_HAL_Driver/Src/stm32h5xx_hal_fdcan.c ****   * @brief  Assign interrupts to either Interrupt line 0 or 1.
2663:Drivers/STM32H5xx_HAL_Driver/Src/stm32h5xx_hal_fdcan.c ****   * @param  hfdcan pointer to an FDCAN_HandleTypeDef structure that contains
2664:Drivers/STM32H5xx_HAL_Driver/Src/stm32h5xx_hal_fdcan.c ****   *         the configuration information for the specified FDCAN.
2665:Drivers/STM32H5xx_HAL_Driver/Src/stm32h5xx_hal_fdcan.c ****   * @param  ITList indicates which interrupts group will be assigned to the selected interrupt line
2666:Drivers/STM32H5xx_HAL_Driver/Src/stm32h5xx_hal_fdcan.c ****   *         This parameter can be any combination of @arg FDCAN_Interrupts_Group.
2667:Drivers/STM32H5xx_HAL_Driver/Src/stm32h5xx_hal_fdcan.c ****   * @param  InterruptLine Interrupt line.
2668:Drivers/STM32H5xx_HAL_Driver/Src/stm32h5xx_hal_fdcan.c ****   *         This parameter can be a value of @arg FDCAN_Interrupt_Line.
2669:Drivers/STM32H5xx_HAL_Driver/Src/stm32h5xx_hal_fdcan.c ****   * @retval HAL status
2670:Drivers/STM32H5xx_HAL_Driver/Src/stm32h5xx_hal_fdcan.c ****   */
2671:Drivers/STM32H5xx_HAL_Driver/Src/stm32h5xx_hal_fdcan.c **** HAL_StatusTypeDef HAL_FDCAN_ConfigInterruptLines(FDCAN_HandleTypeDef *hfdcan, uint32_t ITList, uint
2672:Drivers/STM32H5xx_HAL_Driver/Src/stm32h5xx_hal_fdcan.c **** {
2673:Drivers/STM32H5xx_HAL_Driver/Src/stm32h5xx_hal_fdcan.c ****   HAL_FDCAN_StateTypeDef state = hfdcan->State;
2674:Drivers/STM32H5xx_HAL_Driver/Src/stm32h5xx_hal_fdcan.c **** 
2675:Drivers/STM32H5xx_HAL_Driver/Src/stm32h5xx_hal_fdcan.c ****   /* Check function parameters */
2676:Drivers/STM32H5xx_HAL_Driver/Src/stm32h5xx_hal_fdcan.c ****   assert_param(IS_FDCAN_IT_GROUP(ITList));
2677:Drivers/STM32H5xx_HAL_Driver/Src/stm32h5xx_hal_fdcan.c ****   assert_param(IS_FDCAN_IT_LINE(InterruptLine));
2678:Drivers/STM32H5xx_HAL_Driver/Src/stm32h5xx_hal_fdcan.c **** 
2679:Drivers/STM32H5xx_HAL_Driver/Src/stm32h5xx_hal_fdcan.c ****   if ((state == HAL_FDCAN_STATE_READY) || (state == HAL_FDCAN_STATE_BUSY))
2680:Drivers/STM32H5xx_HAL_Driver/Src/stm32h5xx_hal_fdcan.c ****   {
2681:Drivers/STM32H5xx_HAL_Driver/Src/stm32h5xx_hal_fdcan.c ****     /* Assign list of interrupts to the selected line */
2682:Drivers/STM32H5xx_HAL_Driver/Src/stm32h5xx_hal_fdcan.c ****     if (InterruptLine == FDCAN_INTERRUPT_LINE0)
2683:Drivers/STM32H5xx_HAL_Driver/Src/stm32h5xx_hal_fdcan.c ****     {
2684:Drivers/STM32H5xx_HAL_Driver/Src/stm32h5xx_hal_fdcan.c ****       CLEAR_BIT(hfdcan->Instance->ILS, ITList);
2685:Drivers/STM32H5xx_HAL_Driver/Src/stm32h5xx_hal_fdcan.c ****     }
2686:Drivers/STM32H5xx_HAL_Driver/Src/stm32h5xx_hal_fdcan.c ****     else /* InterruptLine == FDCAN_INTERRUPT_LINE1 */
2687:Drivers/STM32H5xx_HAL_Driver/Src/stm32h5xx_hal_fdcan.c ****     {
2688:Drivers/STM32H5xx_HAL_Driver/Src/stm32h5xx_hal_fdcan.c ****       SET_BIT(hfdcan->Instance->ILS, ITList);
2689:Drivers/STM32H5xx_HAL_Driver/Src/stm32h5xx_hal_fdcan.c ****     }
2690:Drivers/STM32H5xx_HAL_Driver/Src/stm32h5xx_hal_fdcan.c **** 
2691:Drivers/STM32H5xx_HAL_Driver/Src/stm32h5xx_hal_fdcan.c ****     /* Return function status */
2692:Drivers/STM32H5xx_HAL_Driver/Src/stm32h5xx_hal_fdcan.c ****     return HAL_OK;
2693:Drivers/STM32H5xx_HAL_Driver/Src/stm32h5xx_hal_fdcan.c ****   }
2694:Drivers/STM32H5xx_HAL_Driver/Src/stm32h5xx_hal_fdcan.c ****   else
2695:Drivers/STM32H5xx_HAL_Driver/Src/stm32h5xx_hal_fdcan.c ****   {
2696:Drivers/STM32H5xx_HAL_Driver/Src/stm32h5xx_hal_fdcan.c ****     /* Update error code */
2697:Drivers/STM32H5xx_HAL_Driver/Src/stm32h5xx_hal_fdcan.c ****     hfdcan->ErrorCode |= HAL_FDCAN_ERROR_NOT_INITIALIZED;
2698:Drivers/STM32H5xx_HAL_Driver/Src/stm32h5xx_hal_fdcan.c **** 
2699:Drivers/STM32H5xx_HAL_Driver/Src/stm32h5xx_hal_fdcan.c ****     return HAL_ERROR;
2700:Drivers/STM32H5xx_HAL_Driver/Src/stm32h5xx_hal_fdcan.c ****   }
2701:Drivers/STM32H5xx_HAL_Driver/Src/stm32h5xx_hal_fdcan.c **** }
2702:Drivers/STM32H5xx_HAL_Driver/Src/stm32h5xx_hal_fdcan.c **** 
2703:Drivers/STM32H5xx_HAL_Driver/Src/stm32h5xx_hal_fdcan.c **** /**
2704:Drivers/STM32H5xx_HAL_Driver/Src/stm32h5xx_hal_fdcan.c ****   * @brief  Enable interrupts.
2705:Drivers/STM32H5xx_HAL_Driver/Src/stm32h5xx_hal_fdcan.c ****   * @param  hfdcan pointer to an FDCAN_HandleTypeDef structure that contains
2706:Drivers/STM32H5xx_HAL_Driver/Src/stm32h5xx_hal_fdcan.c ****   *         the configuration information for the specified FDCAN.
2707:Drivers/STM32H5xx_HAL_Driver/Src/stm32h5xx_hal_fdcan.c ****   * @param  ActiveITs indicates which interrupts will be enabled.
2708:Drivers/STM32H5xx_HAL_Driver/Src/stm32h5xx_hal_fdcan.c ****   *         This parameter can be any combination of @arg FDCAN_Interrupts.
ARM GAS  /tmp/cc1KCPzC.s 			page 49


2709:Drivers/STM32H5xx_HAL_Driver/Src/stm32h5xx_hal_fdcan.c ****   * @param  BufferIndexes Tx Buffer Indexes.
2710:Drivers/STM32H5xx_HAL_Driver/Src/stm32h5xx_hal_fdcan.c ****   *         This parameter can be any combination of @arg FDCAN_Tx_location.
2711:Drivers/STM32H5xx_HAL_Driver/Src/stm32h5xx_hal_fdcan.c ****   *         This parameter is ignored if ActiveITs does not include one of the following:
2712:Drivers/STM32H5xx_HAL_Driver/Src/stm32h5xx_hal_fdcan.c ****   *           - FDCAN_IT_TX_COMPLETE
2713:Drivers/STM32H5xx_HAL_Driver/Src/stm32h5xx_hal_fdcan.c ****   *           - FDCAN_IT_TX_ABORT_COMPLETE
2714:Drivers/STM32H5xx_HAL_Driver/Src/stm32h5xx_hal_fdcan.c ****   * @retval HAL status
2715:Drivers/STM32H5xx_HAL_Driver/Src/stm32h5xx_hal_fdcan.c ****   */
2716:Drivers/STM32H5xx_HAL_Driver/Src/stm32h5xx_hal_fdcan.c **** HAL_StatusTypeDef HAL_FDCAN_ActivateNotification(FDCAN_HandleTypeDef *hfdcan, uint32_t ActiveITs,
2717:Drivers/STM32H5xx_HAL_Driver/Src/stm32h5xx_hal_fdcan.c ****                                                  uint32_t BufferIndexes)
2718:Drivers/STM32H5xx_HAL_Driver/Src/stm32h5xx_hal_fdcan.c **** {
2719:Drivers/STM32H5xx_HAL_Driver/Src/stm32h5xx_hal_fdcan.c ****   HAL_FDCAN_StateTypeDef state = hfdcan->State;
2720:Drivers/STM32H5xx_HAL_Driver/Src/stm32h5xx_hal_fdcan.c ****   uint32_t ITs_lines_selection;
2721:Drivers/STM32H5xx_HAL_Driver/Src/stm32h5xx_hal_fdcan.c **** 
2722:Drivers/STM32H5xx_HAL_Driver/Src/stm32h5xx_hal_fdcan.c ****   /* Check function parameters */
2723:Drivers/STM32H5xx_HAL_Driver/Src/stm32h5xx_hal_fdcan.c ****   assert_param(IS_FDCAN_IT(ActiveITs));
2724:Drivers/STM32H5xx_HAL_Driver/Src/stm32h5xx_hal_fdcan.c ****   if ((ActiveITs & (FDCAN_IT_TX_COMPLETE | FDCAN_IT_TX_ABORT_COMPLETE)) != 0U)
2725:Drivers/STM32H5xx_HAL_Driver/Src/stm32h5xx_hal_fdcan.c ****   {
2726:Drivers/STM32H5xx_HAL_Driver/Src/stm32h5xx_hal_fdcan.c ****     assert_param(IS_FDCAN_TX_LOCATION_LIST(BufferIndexes));
2727:Drivers/STM32H5xx_HAL_Driver/Src/stm32h5xx_hal_fdcan.c ****   }
2728:Drivers/STM32H5xx_HAL_Driver/Src/stm32h5xx_hal_fdcan.c **** 
2729:Drivers/STM32H5xx_HAL_Driver/Src/stm32h5xx_hal_fdcan.c ****   if ((state == HAL_FDCAN_STATE_READY) || (state == HAL_FDCAN_STATE_BUSY))
2730:Drivers/STM32H5xx_HAL_Driver/Src/stm32h5xx_hal_fdcan.c ****   {
2731:Drivers/STM32H5xx_HAL_Driver/Src/stm32h5xx_hal_fdcan.c ****     /* Get interrupts line selection */
2732:Drivers/STM32H5xx_HAL_Driver/Src/stm32h5xx_hal_fdcan.c ****     ITs_lines_selection = hfdcan->Instance->ILS;
2733:Drivers/STM32H5xx_HAL_Driver/Src/stm32h5xx_hal_fdcan.c **** 
2734:Drivers/STM32H5xx_HAL_Driver/Src/stm32h5xx_hal_fdcan.c ****     /* Enable Interrupt lines */
2735:Drivers/STM32H5xx_HAL_Driver/Src/stm32h5xx_hal_fdcan.c ****     if ((((ActiveITs & FDCAN_IT_LIST_RX_FIFO0) != 0U)
2736:Drivers/STM32H5xx_HAL_Driver/Src/stm32h5xx_hal_fdcan.c ****          && (((ITs_lines_selection) & FDCAN_IT_GROUP_RX_FIFO0) == 0U)) || \
2737:Drivers/STM32H5xx_HAL_Driver/Src/stm32h5xx_hal_fdcan.c ****         (((ActiveITs & FDCAN_IT_LIST_RX_FIFO1)       != 0U)
2738:Drivers/STM32H5xx_HAL_Driver/Src/stm32h5xx_hal_fdcan.c ****          && (((ITs_lines_selection) & FDCAN_IT_GROUP_RX_FIFO1) == 0U)) || \
2739:Drivers/STM32H5xx_HAL_Driver/Src/stm32h5xx_hal_fdcan.c ****         (((ActiveITs & FDCAN_IT_LIST_SMSG)           != 0U)
2740:Drivers/STM32H5xx_HAL_Driver/Src/stm32h5xx_hal_fdcan.c ****          && (((ITs_lines_selection) & FDCAN_IT_GROUP_SMSG)     == 0U)) || \
2741:Drivers/STM32H5xx_HAL_Driver/Src/stm32h5xx_hal_fdcan.c ****         (((ActiveITs & FDCAN_IT_LIST_TX_FIFO_ERROR)  != 0U)
2742:Drivers/STM32H5xx_HAL_Driver/Src/stm32h5xx_hal_fdcan.c ****          && (((ITs_lines_selection) & FDCAN_IT_GROUP_TX_FIFO_ERROR)  == 0U)) || \
2743:Drivers/STM32H5xx_HAL_Driver/Src/stm32h5xx_hal_fdcan.c ****         (((ActiveITs & FDCAN_IT_LIST_MISC)           != 0U)
2744:Drivers/STM32H5xx_HAL_Driver/Src/stm32h5xx_hal_fdcan.c ****          && (((ITs_lines_selection) & FDCAN_IT_GROUP_MISC)           == 0U)) || \
2745:Drivers/STM32H5xx_HAL_Driver/Src/stm32h5xx_hal_fdcan.c ****         (((ActiveITs & FDCAN_IT_LIST_BIT_LINE_ERROR) != 0U)
2746:Drivers/STM32H5xx_HAL_Driver/Src/stm32h5xx_hal_fdcan.c ****          && (((ITs_lines_selection) & FDCAN_IT_GROUP_BIT_LINE_ERROR) == 0U)) || \
2747:Drivers/STM32H5xx_HAL_Driver/Src/stm32h5xx_hal_fdcan.c ****         (((ActiveITs & FDCAN_IT_LIST_PROTOCOL_ERROR) != 0U)
2748:Drivers/STM32H5xx_HAL_Driver/Src/stm32h5xx_hal_fdcan.c ****          && (((ITs_lines_selection) & FDCAN_IT_GROUP_PROTOCOL_ERROR) == 0U)))
2749:Drivers/STM32H5xx_HAL_Driver/Src/stm32h5xx_hal_fdcan.c ****     {
2750:Drivers/STM32H5xx_HAL_Driver/Src/stm32h5xx_hal_fdcan.c ****       /* Enable Interrupt line 0 */
2751:Drivers/STM32H5xx_HAL_Driver/Src/stm32h5xx_hal_fdcan.c ****       SET_BIT(hfdcan->Instance->ILE, FDCAN_INTERRUPT_LINE0);
2752:Drivers/STM32H5xx_HAL_Driver/Src/stm32h5xx_hal_fdcan.c ****     }
2753:Drivers/STM32H5xx_HAL_Driver/Src/stm32h5xx_hal_fdcan.c ****     if ((((ActiveITs & FDCAN_IT_LIST_RX_FIFO0)       != 0U)
2754:Drivers/STM32H5xx_HAL_Driver/Src/stm32h5xx_hal_fdcan.c ****          && (((ITs_lines_selection) & FDCAN_IT_GROUP_RX_FIFO0)      != 0U)) || \
2755:Drivers/STM32H5xx_HAL_Driver/Src/stm32h5xx_hal_fdcan.c ****         (((ActiveITs & FDCAN_IT_LIST_RX_FIFO1)       != 0U)
2756:Drivers/STM32H5xx_HAL_Driver/Src/stm32h5xx_hal_fdcan.c ****          && (((ITs_lines_selection) & FDCAN_IT_GROUP_RX_FIFO1)       != 0U)) || \
2757:Drivers/STM32H5xx_HAL_Driver/Src/stm32h5xx_hal_fdcan.c ****         (((ActiveITs & FDCAN_IT_LIST_SMSG)           != 0U)
2758:Drivers/STM32H5xx_HAL_Driver/Src/stm32h5xx_hal_fdcan.c ****          && (((ITs_lines_selection) & FDCAN_IT_GROUP_SMSG)           != 0U)) || \
2759:Drivers/STM32H5xx_HAL_Driver/Src/stm32h5xx_hal_fdcan.c ****         (((ActiveITs & FDCAN_IT_LIST_TX_FIFO_ERROR)  != 0U)
2760:Drivers/STM32H5xx_HAL_Driver/Src/stm32h5xx_hal_fdcan.c ****          && (((ITs_lines_selection) & FDCAN_IT_GROUP_TX_FIFO_ERROR)  != 0U)) || \
2761:Drivers/STM32H5xx_HAL_Driver/Src/stm32h5xx_hal_fdcan.c ****         (((ActiveITs & FDCAN_IT_LIST_MISC)           != 0U)
2762:Drivers/STM32H5xx_HAL_Driver/Src/stm32h5xx_hal_fdcan.c ****          && (((ITs_lines_selection) & FDCAN_IT_GROUP_MISC)           != 0U)) || \
2763:Drivers/STM32H5xx_HAL_Driver/Src/stm32h5xx_hal_fdcan.c ****         (((ActiveITs & FDCAN_IT_LIST_BIT_LINE_ERROR) != 0U)
2764:Drivers/STM32H5xx_HAL_Driver/Src/stm32h5xx_hal_fdcan.c ****          && (((ITs_lines_selection) & FDCAN_IT_GROUP_BIT_LINE_ERROR) != 0U)) || \
2765:Drivers/STM32H5xx_HAL_Driver/Src/stm32h5xx_hal_fdcan.c ****         (((ActiveITs & FDCAN_IT_LIST_PROTOCOL_ERROR) != 0U)
ARM GAS  /tmp/cc1KCPzC.s 			page 50


2766:Drivers/STM32H5xx_HAL_Driver/Src/stm32h5xx_hal_fdcan.c ****          && (((ITs_lines_selection) & FDCAN_IT_GROUP_PROTOCOL_ERROR) != 0U)))
2767:Drivers/STM32H5xx_HAL_Driver/Src/stm32h5xx_hal_fdcan.c ****     {
2768:Drivers/STM32H5xx_HAL_Driver/Src/stm32h5xx_hal_fdcan.c ****       /* Enable Interrupt line 1 */
2769:Drivers/STM32H5xx_HAL_Driver/Src/stm32h5xx_hal_fdcan.c ****       SET_BIT(hfdcan->Instance->ILE, FDCAN_INTERRUPT_LINE1);
2770:Drivers/STM32H5xx_HAL_Driver/Src/stm32h5xx_hal_fdcan.c ****     }
2771:Drivers/STM32H5xx_HAL_Driver/Src/stm32h5xx_hal_fdcan.c **** 
2772:Drivers/STM32H5xx_HAL_Driver/Src/stm32h5xx_hal_fdcan.c ****     if ((ActiveITs & FDCAN_IT_TX_COMPLETE) != 0U)
2773:Drivers/STM32H5xx_HAL_Driver/Src/stm32h5xx_hal_fdcan.c ****     {
2774:Drivers/STM32H5xx_HAL_Driver/Src/stm32h5xx_hal_fdcan.c ****       /* Enable Tx Buffer Transmission Interrupt to set TC flag in IR register,
2775:Drivers/STM32H5xx_HAL_Driver/Src/stm32h5xx_hal_fdcan.c ****          but interrupt will only occur if TC is enabled in IE register */
2776:Drivers/STM32H5xx_HAL_Driver/Src/stm32h5xx_hal_fdcan.c ****       SET_BIT(hfdcan->Instance->TXBTIE, BufferIndexes);
2777:Drivers/STM32H5xx_HAL_Driver/Src/stm32h5xx_hal_fdcan.c ****     }
2778:Drivers/STM32H5xx_HAL_Driver/Src/stm32h5xx_hal_fdcan.c **** 
2779:Drivers/STM32H5xx_HAL_Driver/Src/stm32h5xx_hal_fdcan.c ****     if ((ActiveITs & FDCAN_IT_TX_ABORT_COMPLETE) != 0U)
2780:Drivers/STM32H5xx_HAL_Driver/Src/stm32h5xx_hal_fdcan.c ****     {
2781:Drivers/STM32H5xx_HAL_Driver/Src/stm32h5xx_hal_fdcan.c ****       /* Enable Tx Buffer Cancellation Finished Interrupt to set TCF flag in IR register,
2782:Drivers/STM32H5xx_HAL_Driver/Src/stm32h5xx_hal_fdcan.c ****          but interrupt will only occur if TCF is enabled in IE register */
2783:Drivers/STM32H5xx_HAL_Driver/Src/stm32h5xx_hal_fdcan.c ****       SET_BIT(hfdcan->Instance->TXBCIE, BufferIndexes);
2784:Drivers/STM32H5xx_HAL_Driver/Src/stm32h5xx_hal_fdcan.c ****     }
2785:Drivers/STM32H5xx_HAL_Driver/Src/stm32h5xx_hal_fdcan.c **** 
2786:Drivers/STM32H5xx_HAL_Driver/Src/stm32h5xx_hal_fdcan.c ****     /* Enable the selected interrupts */
2787:Drivers/STM32H5xx_HAL_Driver/Src/stm32h5xx_hal_fdcan.c ****     __HAL_FDCAN_ENABLE_IT(hfdcan, ActiveITs);
2788:Drivers/STM32H5xx_HAL_Driver/Src/stm32h5xx_hal_fdcan.c **** 
2789:Drivers/STM32H5xx_HAL_Driver/Src/stm32h5xx_hal_fdcan.c ****     /* Return function status */
2790:Drivers/STM32H5xx_HAL_Driver/Src/stm32h5xx_hal_fdcan.c ****     return HAL_OK;
2791:Drivers/STM32H5xx_HAL_Driver/Src/stm32h5xx_hal_fdcan.c ****   }
2792:Drivers/STM32H5xx_HAL_Driver/Src/stm32h5xx_hal_fdcan.c ****   else
2793:Drivers/STM32H5xx_HAL_Driver/Src/stm32h5xx_hal_fdcan.c ****   {
2794:Drivers/STM32H5xx_HAL_Driver/Src/stm32h5xx_hal_fdcan.c ****     /* Update error code */
2795:Drivers/STM32H5xx_HAL_Driver/Src/stm32h5xx_hal_fdcan.c ****     hfdcan->ErrorCode |= HAL_FDCAN_ERROR_NOT_INITIALIZED;
2796:Drivers/STM32H5xx_HAL_Driver/Src/stm32h5xx_hal_fdcan.c **** 
2797:Drivers/STM32H5xx_HAL_Driver/Src/stm32h5xx_hal_fdcan.c ****     return HAL_ERROR;
2798:Drivers/STM32H5xx_HAL_Driver/Src/stm32h5xx_hal_fdcan.c ****   }
2799:Drivers/STM32H5xx_HAL_Driver/Src/stm32h5xx_hal_fdcan.c **** }
2800:Drivers/STM32H5xx_HAL_Driver/Src/stm32h5xx_hal_fdcan.c **** 
2801:Drivers/STM32H5xx_HAL_Driver/Src/stm32h5xx_hal_fdcan.c **** /**
2802:Drivers/STM32H5xx_HAL_Driver/Src/stm32h5xx_hal_fdcan.c ****   * @brief  Disable interrupts.
2803:Drivers/STM32H5xx_HAL_Driver/Src/stm32h5xx_hal_fdcan.c ****   * @param  hfdcan pointer to an FDCAN_HandleTypeDef structure that contains
2804:Drivers/STM32H5xx_HAL_Driver/Src/stm32h5xx_hal_fdcan.c ****   *         the configuration information for the specified FDCAN.
2805:Drivers/STM32H5xx_HAL_Driver/Src/stm32h5xx_hal_fdcan.c ****   * @param  InactiveITs indicates which interrupts will be disabled.
2806:Drivers/STM32H5xx_HAL_Driver/Src/stm32h5xx_hal_fdcan.c ****   *         This parameter can be any combination of @arg FDCAN_Interrupts.
2807:Drivers/STM32H5xx_HAL_Driver/Src/stm32h5xx_hal_fdcan.c ****   * @retval HAL status
2808:Drivers/STM32H5xx_HAL_Driver/Src/stm32h5xx_hal_fdcan.c ****   */
2809:Drivers/STM32H5xx_HAL_Driver/Src/stm32h5xx_hal_fdcan.c **** HAL_StatusTypeDef HAL_FDCAN_DeactivateNotification(FDCAN_HandleTypeDef *hfdcan, uint32_t InactiveIT
2810:Drivers/STM32H5xx_HAL_Driver/Src/stm32h5xx_hal_fdcan.c **** {
2811:Drivers/STM32H5xx_HAL_Driver/Src/stm32h5xx_hal_fdcan.c ****   HAL_FDCAN_StateTypeDef state = hfdcan->State;
2812:Drivers/STM32H5xx_HAL_Driver/Src/stm32h5xx_hal_fdcan.c ****   uint32_t ITs_enabled;
2813:Drivers/STM32H5xx_HAL_Driver/Src/stm32h5xx_hal_fdcan.c ****   uint32_t ITs_lines_selection;
2814:Drivers/STM32H5xx_HAL_Driver/Src/stm32h5xx_hal_fdcan.c **** 
2815:Drivers/STM32H5xx_HAL_Driver/Src/stm32h5xx_hal_fdcan.c ****   /* Check function parameters */
2816:Drivers/STM32H5xx_HAL_Driver/Src/stm32h5xx_hal_fdcan.c ****   assert_param(IS_FDCAN_IT(InactiveITs));
2817:Drivers/STM32H5xx_HAL_Driver/Src/stm32h5xx_hal_fdcan.c **** 
2818:Drivers/STM32H5xx_HAL_Driver/Src/stm32h5xx_hal_fdcan.c ****   if ((state == HAL_FDCAN_STATE_READY) || (state == HAL_FDCAN_STATE_BUSY))
2819:Drivers/STM32H5xx_HAL_Driver/Src/stm32h5xx_hal_fdcan.c ****   {
2820:Drivers/STM32H5xx_HAL_Driver/Src/stm32h5xx_hal_fdcan.c ****     /* Disable the selected interrupts */
2821:Drivers/STM32H5xx_HAL_Driver/Src/stm32h5xx_hal_fdcan.c ****     __HAL_FDCAN_DISABLE_IT(hfdcan, InactiveITs);
2822:Drivers/STM32H5xx_HAL_Driver/Src/stm32h5xx_hal_fdcan.c **** 
ARM GAS  /tmp/cc1KCPzC.s 			page 51


2823:Drivers/STM32H5xx_HAL_Driver/Src/stm32h5xx_hal_fdcan.c ****     if ((InactiveITs & FDCAN_IT_TX_COMPLETE) != 0U)
2824:Drivers/STM32H5xx_HAL_Driver/Src/stm32h5xx_hal_fdcan.c ****     {
2825:Drivers/STM32H5xx_HAL_Driver/Src/stm32h5xx_hal_fdcan.c ****       /* Disable Tx Buffer Transmission Interrupts */
2826:Drivers/STM32H5xx_HAL_Driver/Src/stm32h5xx_hal_fdcan.c ****       CLEAR_REG(hfdcan->Instance->TXBTIE);
2827:Drivers/STM32H5xx_HAL_Driver/Src/stm32h5xx_hal_fdcan.c ****     }
2828:Drivers/STM32H5xx_HAL_Driver/Src/stm32h5xx_hal_fdcan.c **** 
2829:Drivers/STM32H5xx_HAL_Driver/Src/stm32h5xx_hal_fdcan.c ****     if ((InactiveITs & FDCAN_IT_TX_ABORT_COMPLETE) != 0U)
2830:Drivers/STM32H5xx_HAL_Driver/Src/stm32h5xx_hal_fdcan.c ****     {
2831:Drivers/STM32H5xx_HAL_Driver/Src/stm32h5xx_hal_fdcan.c ****       /* Disable Tx Buffer Cancellation Finished Interrupt */
2832:Drivers/STM32H5xx_HAL_Driver/Src/stm32h5xx_hal_fdcan.c ****       CLEAR_REG(hfdcan->Instance->TXBCIE);
2833:Drivers/STM32H5xx_HAL_Driver/Src/stm32h5xx_hal_fdcan.c ****     }
2834:Drivers/STM32H5xx_HAL_Driver/Src/stm32h5xx_hal_fdcan.c **** 
2835:Drivers/STM32H5xx_HAL_Driver/Src/stm32h5xx_hal_fdcan.c ****     /* Get interrupts enabled and interrupts line selection */
2836:Drivers/STM32H5xx_HAL_Driver/Src/stm32h5xx_hal_fdcan.c ****     ITs_enabled = hfdcan->Instance->IE;
2837:Drivers/STM32H5xx_HAL_Driver/Src/stm32h5xx_hal_fdcan.c ****     ITs_lines_selection = hfdcan->Instance->ILS;
2838:Drivers/STM32H5xx_HAL_Driver/Src/stm32h5xx_hal_fdcan.c **** 
2839:Drivers/STM32H5xx_HAL_Driver/Src/stm32h5xx_hal_fdcan.c ****     /* Check if some interrupts are still enabled on interrupt line 0 */
2840:Drivers/STM32H5xx_HAL_Driver/Src/stm32h5xx_hal_fdcan.c ****     if ((((ITs_enabled & FDCAN_IT_LIST_RX_FIFO0)       != 0U)
2841:Drivers/STM32H5xx_HAL_Driver/Src/stm32h5xx_hal_fdcan.c ****          && (((ITs_lines_selection) & FDCAN_IT_GROUP_RX_FIFO0)       == 0U)) || \
2842:Drivers/STM32H5xx_HAL_Driver/Src/stm32h5xx_hal_fdcan.c ****         (((ITs_enabled & FDCAN_IT_LIST_RX_FIFO1)       != 0U)
2843:Drivers/STM32H5xx_HAL_Driver/Src/stm32h5xx_hal_fdcan.c ****          && (((ITs_lines_selection) & FDCAN_IT_GROUP_RX_FIFO1)       == 0U)) || \
2844:Drivers/STM32H5xx_HAL_Driver/Src/stm32h5xx_hal_fdcan.c ****         (((ITs_enabled & FDCAN_IT_LIST_SMSG)           != 0U)
2845:Drivers/STM32H5xx_HAL_Driver/Src/stm32h5xx_hal_fdcan.c ****          && (((ITs_lines_selection) & FDCAN_IT_GROUP_SMSG)           == 0U)) || \
2846:Drivers/STM32H5xx_HAL_Driver/Src/stm32h5xx_hal_fdcan.c ****         (((ITs_enabled & FDCAN_IT_LIST_TX_FIFO_ERROR)  != 0U)
2847:Drivers/STM32H5xx_HAL_Driver/Src/stm32h5xx_hal_fdcan.c ****          && (((ITs_lines_selection) & FDCAN_IT_GROUP_TX_FIFO_ERROR)  == 0U)) || \
2848:Drivers/STM32H5xx_HAL_Driver/Src/stm32h5xx_hal_fdcan.c ****         (((ITs_enabled & FDCAN_IT_LIST_MISC)           != 0U)
2849:Drivers/STM32H5xx_HAL_Driver/Src/stm32h5xx_hal_fdcan.c ****          && (((ITs_lines_selection) & FDCAN_IT_GROUP_MISC)           == 0U)) || \
2850:Drivers/STM32H5xx_HAL_Driver/Src/stm32h5xx_hal_fdcan.c ****         (((ITs_enabled & FDCAN_IT_LIST_BIT_LINE_ERROR) != 0U)
2851:Drivers/STM32H5xx_HAL_Driver/Src/stm32h5xx_hal_fdcan.c ****          && (((ITs_lines_selection) & FDCAN_IT_GROUP_BIT_LINE_ERROR) == 0U)) || \
2852:Drivers/STM32H5xx_HAL_Driver/Src/stm32h5xx_hal_fdcan.c ****         (((ITs_enabled & FDCAN_IT_LIST_PROTOCOL_ERROR) != 0U)
2853:Drivers/STM32H5xx_HAL_Driver/Src/stm32h5xx_hal_fdcan.c ****          && (((ITs_lines_selection) & FDCAN_IT_GROUP_PROTOCOL_ERROR) == 0U)))
2854:Drivers/STM32H5xx_HAL_Driver/Src/stm32h5xx_hal_fdcan.c ****     {
2855:Drivers/STM32H5xx_HAL_Driver/Src/stm32h5xx_hal_fdcan.c ****       /* Do nothing */
2856:Drivers/STM32H5xx_HAL_Driver/Src/stm32h5xx_hal_fdcan.c ****     }
2857:Drivers/STM32H5xx_HAL_Driver/Src/stm32h5xx_hal_fdcan.c ****     else /* no more interrupts enabled on interrupt line 0 */
2858:Drivers/STM32H5xx_HAL_Driver/Src/stm32h5xx_hal_fdcan.c ****     {
2859:Drivers/STM32H5xx_HAL_Driver/Src/stm32h5xx_hal_fdcan.c ****       /* Disable interrupt line 0 */
2860:Drivers/STM32H5xx_HAL_Driver/Src/stm32h5xx_hal_fdcan.c ****       CLEAR_BIT(hfdcan->Instance->ILE, FDCAN_INTERRUPT_LINE0);
2861:Drivers/STM32H5xx_HAL_Driver/Src/stm32h5xx_hal_fdcan.c ****     }
2862:Drivers/STM32H5xx_HAL_Driver/Src/stm32h5xx_hal_fdcan.c **** 
2863:Drivers/STM32H5xx_HAL_Driver/Src/stm32h5xx_hal_fdcan.c ****     /* Check if some interrupts are still enabled on interrupt line 1 */
2864:Drivers/STM32H5xx_HAL_Driver/Src/stm32h5xx_hal_fdcan.c ****     if ((((ITs_enabled & FDCAN_IT_LIST_RX_FIFO0)       != 0U)
2865:Drivers/STM32H5xx_HAL_Driver/Src/stm32h5xx_hal_fdcan.c ****          && (((ITs_lines_selection) & FDCAN_IT_GROUP_RX_FIFO0)       != 0U)) || \
2866:Drivers/STM32H5xx_HAL_Driver/Src/stm32h5xx_hal_fdcan.c ****         (((ITs_enabled & FDCAN_IT_LIST_RX_FIFO1)       != 0U)
2867:Drivers/STM32H5xx_HAL_Driver/Src/stm32h5xx_hal_fdcan.c ****          && (((ITs_lines_selection) & FDCAN_IT_GROUP_RX_FIFO1)       != 0U)) || \
2868:Drivers/STM32H5xx_HAL_Driver/Src/stm32h5xx_hal_fdcan.c ****         (((ITs_enabled & FDCAN_IT_LIST_SMSG)           != 0U)
2869:Drivers/STM32H5xx_HAL_Driver/Src/stm32h5xx_hal_fdcan.c ****          && (((ITs_lines_selection) & FDCAN_IT_GROUP_SMSG)           != 0U)) || \
2870:Drivers/STM32H5xx_HAL_Driver/Src/stm32h5xx_hal_fdcan.c ****         (((ITs_enabled & FDCAN_IT_LIST_TX_FIFO_ERROR)  != 0U)
2871:Drivers/STM32H5xx_HAL_Driver/Src/stm32h5xx_hal_fdcan.c ****          && (((ITs_lines_selection) & FDCAN_IT_GROUP_TX_FIFO_ERROR)  != 0U)) || \
2872:Drivers/STM32H5xx_HAL_Driver/Src/stm32h5xx_hal_fdcan.c ****         (((ITs_enabled & FDCAN_IT_LIST_MISC)           != 0U)
2873:Drivers/STM32H5xx_HAL_Driver/Src/stm32h5xx_hal_fdcan.c ****          && (((ITs_lines_selection) & FDCAN_IT_GROUP_MISC)           != 0U)) || \
2874:Drivers/STM32H5xx_HAL_Driver/Src/stm32h5xx_hal_fdcan.c ****         (((ITs_enabled & FDCAN_IT_LIST_BIT_LINE_ERROR) != 0U)
2875:Drivers/STM32H5xx_HAL_Driver/Src/stm32h5xx_hal_fdcan.c ****          && (((ITs_lines_selection) & FDCAN_IT_GROUP_BIT_LINE_ERROR) != 0U)) || \
2876:Drivers/STM32H5xx_HAL_Driver/Src/stm32h5xx_hal_fdcan.c ****         (((ITs_enabled & FDCAN_IT_LIST_PROTOCOL_ERROR) != 0U)
2877:Drivers/STM32H5xx_HAL_Driver/Src/stm32h5xx_hal_fdcan.c ****          && (((ITs_lines_selection) & FDCAN_IT_GROUP_PROTOCOL_ERROR) != 0U)))
2878:Drivers/STM32H5xx_HAL_Driver/Src/stm32h5xx_hal_fdcan.c ****     {
2879:Drivers/STM32H5xx_HAL_Driver/Src/stm32h5xx_hal_fdcan.c ****       /* Do nothing */
ARM GAS  /tmp/cc1KCPzC.s 			page 52


2880:Drivers/STM32H5xx_HAL_Driver/Src/stm32h5xx_hal_fdcan.c ****     }
2881:Drivers/STM32H5xx_HAL_Driver/Src/stm32h5xx_hal_fdcan.c ****     else /* no more interrupts enabled on interrupt line 1 */
2882:Drivers/STM32H5xx_HAL_Driver/Src/stm32h5xx_hal_fdcan.c ****     {
2883:Drivers/STM32H5xx_HAL_Driver/Src/stm32h5xx_hal_fdcan.c ****       /* Disable interrupt line 1 */
2884:Drivers/STM32H5xx_HAL_Driver/Src/stm32h5xx_hal_fdcan.c ****       CLEAR_BIT(hfdcan->Instance->ILE, FDCAN_INTERRUPT_LINE1);
2885:Drivers/STM32H5xx_HAL_Driver/Src/stm32h5xx_hal_fdcan.c ****     }
2886:Drivers/STM32H5xx_HAL_Driver/Src/stm32h5xx_hal_fdcan.c **** 
2887:Drivers/STM32H5xx_HAL_Driver/Src/stm32h5xx_hal_fdcan.c ****     /* Return function status */
2888:Drivers/STM32H5xx_HAL_Driver/Src/stm32h5xx_hal_fdcan.c ****     return HAL_OK;
2889:Drivers/STM32H5xx_HAL_Driver/Src/stm32h5xx_hal_fdcan.c ****   }
2890:Drivers/STM32H5xx_HAL_Driver/Src/stm32h5xx_hal_fdcan.c ****   else
2891:Drivers/STM32H5xx_HAL_Driver/Src/stm32h5xx_hal_fdcan.c ****   {
2892:Drivers/STM32H5xx_HAL_Driver/Src/stm32h5xx_hal_fdcan.c ****     /* Update error code */
2893:Drivers/STM32H5xx_HAL_Driver/Src/stm32h5xx_hal_fdcan.c ****     hfdcan->ErrorCode |= HAL_FDCAN_ERROR_NOT_INITIALIZED;
2894:Drivers/STM32H5xx_HAL_Driver/Src/stm32h5xx_hal_fdcan.c **** 
2895:Drivers/STM32H5xx_HAL_Driver/Src/stm32h5xx_hal_fdcan.c ****     return HAL_ERROR;
2896:Drivers/STM32H5xx_HAL_Driver/Src/stm32h5xx_hal_fdcan.c ****   }
2897:Drivers/STM32H5xx_HAL_Driver/Src/stm32h5xx_hal_fdcan.c **** }
2898:Drivers/STM32H5xx_HAL_Driver/Src/stm32h5xx_hal_fdcan.c **** 
2899:Drivers/STM32H5xx_HAL_Driver/Src/stm32h5xx_hal_fdcan.c **** /**
2900:Drivers/STM32H5xx_HAL_Driver/Src/stm32h5xx_hal_fdcan.c ****   * @brief  Handles FDCAN interrupt request.
2901:Drivers/STM32H5xx_HAL_Driver/Src/stm32h5xx_hal_fdcan.c ****   * @param  hfdcan pointer to an FDCAN_HandleTypeDef structure that contains
2902:Drivers/STM32H5xx_HAL_Driver/Src/stm32h5xx_hal_fdcan.c ****   *         the configuration information for the specified FDCAN.
2903:Drivers/STM32H5xx_HAL_Driver/Src/stm32h5xx_hal_fdcan.c ****   * @retval HAL status
2904:Drivers/STM32H5xx_HAL_Driver/Src/stm32h5xx_hal_fdcan.c ****   */
2905:Drivers/STM32H5xx_HAL_Driver/Src/stm32h5xx_hal_fdcan.c **** void HAL_FDCAN_IRQHandler(FDCAN_HandleTypeDef *hfdcan)
2906:Drivers/STM32H5xx_HAL_Driver/Src/stm32h5xx_hal_fdcan.c **** {
2907:Drivers/STM32H5xx_HAL_Driver/Src/stm32h5xx_hal_fdcan.c ****   uint32_t TxEventFifoITs;
2908:Drivers/STM32H5xx_HAL_Driver/Src/stm32h5xx_hal_fdcan.c ****   uint32_t RxFifo0ITs;
2909:Drivers/STM32H5xx_HAL_Driver/Src/stm32h5xx_hal_fdcan.c ****   uint32_t RxFifo1ITs;
2910:Drivers/STM32H5xx_HAL_Driver/Src/stm32h5xx_hal_fdcan.c ****   uint32_t Errors;
2911:Drivers/STM32H5xx_HAL_Driver/Src/stm32h5xx_hal_fdcan.c ****   uint32_t ErrorStatusITs;
2912:Drivers/STM32H5xx_HAL_Driver/Src/stm32h5xx_hal_fdcan.c ****   uint32_t TransmittedBuffers;
2913:Drivers/STM32H5xx_HAL_Driver/Src/stm32h5xx_hal_fdcan.c ****   uint32_t AbortedBuffers;
2914:Drivers/STM32H5xx_HAL_Driver/Src/stm32h5xx_hal_fdcan.c ****   uint32_t itsource;
2915:Drivers/STM32H5xx_HAL_Driver/Src/stm32h5xx_hal_fdcan.c ****   uint32_t itflag;
2916:Drivers/STM32H5xx_HAL_Driver/Src/stm32h5xx_hal_fdcan.c **** 
2917:Drivers/STM32H5xx_HAL_Driver/Src/stm32h5xx_hal_fdcan.c ****   TxEventFifoITs = hfdcan->Instance->IR & FDCAN_TX_EVENT_FIFO_MASK;
2918:Drivers/STM32H5xx_HAL_Driver/Src/stm32h5xx_hal_fdcan.c ****   TxEventFifoITs &= hfdcan->Instance->IE;
2919:Drivers/STM32H5xx_HAL_Driver/Src/stm32h5xx_hal_fdcan.c ****   RxFifo0ITs = hfdcan->Instance->IR & FDCAN_RX_FIFO0_MASK;
2920:Drivers/STM32H5xx_HAL_Driver/Src/stm32h5xx_hal_fdcan.c ****   RxFifo0ITs &= hfdcan->Instance->IE;
2921:Drivers/STM32H5xx_HAL_Driver/Src/stm32h5xx_hal_fdcan.c ****   RxFifo1ITs = hfdcan->Instance->IR & FDCAN_RX_FIFO1_MASK;
2922:Drivers/STM32H5xx_HAL_Driver/Src/stm32h5xx_hal_fdcan.c ****   RxFifo1ITs &= hfdcan->Instance->IE;
2923:Drivers/STM32H5xx_HAL_Driver/Src/stm32h5xx_hal_fdcan.c ****   Errors = hfdcan->Instance->IR & FDCAN_ERROR_MASK;
2924:Drivers/STM32H5xx_HAL_Driver/Src/stm32h5xx_hal_fdcan.c ****   Errors &= hfdcan->Instance->IE;
2925:Drivers/STM32H5xx_HAL_Driver/Src/stm32h5xx_hal_fdcan.c ****   ErrorStatusITs = hfdcan->Instance->IR & FDCAN_ERROR_STATUS_MASK;
2926:Drivers/STM32H5xx_HAL_Driver/Src/stm32h5xx_hal_fdcan.c ****   ErrorStatusITs &= hfdcan->Instance->IE;
2927:Drivers/STM32H5xx_HAL_Driver/Src/stm32h5xx_hal_fdcan.c ****   itsource = hfdcan->Instance->IE;
2928:Drivers/STM32H5xx_HAL_Driver/Src/stm32h5xx_hal_fdcan.c ****   itflag = hfdcan->Instance->IR;
2929:Drivers/STM32H5xx_HAL_Driver/Src/stm32h5xx_hal_fdcan.c **** 
2930:Drivers/STM32H5xx_HAL_Driver/Src/stm32h5xx_hal_fdcan.c ****   /* High Priority Message interrupt management *******************************/
2931:Drivers/STM32H5xx_HAL_Driver/Src/stm32h5xx_hal_fdcan.c ****   if (FDCAN_CHECK_FLAG(itflag, FDCAN_FLAG_RX_HIGH_PRIORITY_MSG) != RESET)
2932:Drivers/STM32H5xx_HAL_Driver/Src/stm32h5xx_hal_fdcan.c ****   {
2933:Drivers/STM32H5xx_HAL_Driver/Src/stm32h5xx_hal_fdcan.c ****     if (FDCAN_CHECK_IT_SOURCE(itsource, FDCAN_IT_RX_HIGH_PRIORITY_MSG) != RESET)
2934:Drivers/STM32H5xx_HAL_Driver/Src/stm32h5xx_hal_fdcan.c ****     {
2935:Drivers/STM32H5xx_HAL_Driver/Src/stm32h5xx_hal_fdcan.c ****       /* Clear the High Priority Message flag */
2936:Drivers/STM32H5xx_HAL_Driver/Src/stm32h5xx_hal_fdcan.c ****       __HAL_FDCAN_CLEAR_FLAG(hfdcan, FDCAN_FLAG_RX_HIGH_PRIORITY_MSG);
ARM GAS  /tmp/cc1KCPzC.s 			page 53


2937:Drivers/STM32H5xx_HAL_Driver/Src/stm32h5xx_hal_fdcan.c **** 
2938:Drivers/STM32H5xx_HAL_Driver/Src/stm32h5xx_hal_fdcan.c **** #if USE_HAL_FDCAN_REGISTER_CALLBACKS == 1
2939:Drivers/STM32H5xx_HAL_Driver/Src/stm32h5xx_hal_fdcan.c ****       /* Call registered callback*/
2940:Drivers/STM32H5xx_HAL_Driver/Src/stm32h5xx_hal_fdcan.c ****       hfdcan->HighPriorityMessageCallback(hfdcan);
2941:Drivers/STM32H5xx_HAL_Driver/Src/stm32h5xx_hal_fdcan.c **** #else
2942:Drivers/STM32H5xx_HAL_Driver/Src/stm32h5xx_hal_fdcan.c ****       /* High Priority Message Callback */
2943:Drivers/STM32H5xx_HAL_Driver/Src/stm32h5xx_hal_fdcan.c ****       HAL_FDCAN_HighPriorityMessageCallback(hfdcan);
2944:Drivers/STM32H5xx_HAL_Driver/Src/stm32h5xx_hal_fdcan.c **** #endif /* USE_HAL_FDCAN_REGISTER_CALLBACKS */
2945:Drivers/STM32H5xx_HAL_Driver/Src/stm32h5xx_hal_fdcan.c ****     }
2946:Drivers/STM32H5xx_HAL_Driver/Src/stm32h5xx_hal_fdcan.c ****   }
2947:Drivers/STM32H5xx_HAL_Driver/Src/stm32h5xx_hal_fdcan.c **** 
2948:Drivers/STM32H5xx_HAL_Driver/Src/stm32h5xx_hal_fdcan.c ****   /* Transmission Abort interrupt management **********************************/
2949:Drivers/STM32H5xx_HAL_Driver/Src/stm32h5xx_hal_fdcan.c ****   if (FDCAN_CHECK_FLAG(itflag, FDCAN_FLAG_TX_ABORT_COMPLETE) != RESET)
2950:Drivers/STM32H5xx_HAL_Driver/Src/stm32h5xx_hal_fdcan.c ****   {
2951:Drivers/STM32H5xx_HAL_Driver/Src/stm32h5xx_hal_fdcan.c ****     if (FDCAN_CHECK_IT_SOURCE(itsource, FDCAN_IT_TX_ABORT_COMPLETE) != RESET)
2952:Drivers/STM32H5xx_HAL_Driver/Src/stm32h5xx_hal_fdcan.c ****     {
2953:Drivers/STM32H5xx_HAL_Driver/Src/stm32h5xx_hal_fdcan.c ****       /* List of aborted monitored buffers */
2954:Drivers/STM32H5xx_HAL_Driver/Src/stm32h5xx_hal_fdcan.c ****       AbortedBuffers = hfdcan->Instance->TXBCF;
2955:Drivers/STM32H5xx_HAL_Driver/Src/stm32h5xx_hal_fdcan.c ****       AbortedBuffers &= hfdcan->Instance->TXBCIE;
2956:Drivers/STM32H5xx_HAL_Driver/Src/stm32h5xx_hal_fdcan.c **** 
2957:Drivers/STM32H5xx_HAL_Driver/Src/stm32h5xx_hal_fdcan.c ****       /* Clear the Transmission Cancellation flag */
2958:Drivers/STM32H5xx_HAL_Driver/Src/stm32h5xx_hal_fdcan.c ****       __HAL_FDCAN_CLEAR_FLAG(hfdcan, FDCAN_FLAG_TX_ABORT_COMPLETE);
2959:Drivers/STM32H5xx_HAL_Driver/Src/stm32h5xx_hal_fdcan.c **** 
2960:Drivers/STM32H5xx_HAL_Driver/Src/stm32h5xx_hal_fdcan.c **** #if USE_HAL_FDCAN_REGISTER_CALLBACKS == 1
2961:Drivers/STM32H5xx_HAL_Driver/Src/stm32h5xx_hal_fdcan.c ****       /* Call registered callback*/
2962:Drivers/STM32H5xx_HAL_Driver/Src/stm32h5xx_hal_fdcan.c ****       hfdcan->TxBufferAbortCallback(hfdcan, AbortedBuffers);
2963:Drivers/STM32H5xx_HAL_Driver/Src/stm32h5xx_hal_fdcan.c **** #else
2964:Drivers/STM32H5xx_HAL_Driver/Src/stm32h5xx_hal_fdcan.c ****       /* Transmission Cancellation Callback */
2965:Drivers/STM32H5xx_HAL_Driver/Src/stm32h5xx_hal_fdcan.c ****       HAL_FDCAN_TxBufferAbortCallback(hfdcan, AbortedBuffers);
2966:Drivers/STM32H5xx_HAL_Driver/Src/stm32h5xx_hal_fdcan.c **** #endif /* USE_HAL_FDCAN_REGISTER_CALLBACKS */
2967:Drivers/STM32H5xx_HAL_Driver/Src/stm32h5xx_hal_fdcan.c ****     }
2968:Drivers/STM32H5xx_HAL_Driver/Src/stm32h5xx_hal_fdcan.c ****   }
2969:Drivers/STM32H5xx_HAL_Driver/Src/stm32h5xx_hal_fdcan.c **** 
2970:Drivers/STM32H5xx_HAL_Driver/Src/stm32h5xx_hal_fdcan.c ****   /* Tx event FIFO interrupts management **************************************/
2971:Drivers/STM32H5xx_HAL_Driver/Src/stm32h5xx_hal_fdcan.c ****   if (TxEventFifoITs != 0U)
2972:Drivers/STM32H5xx_HAL_Driver/Src/stm32h5xx_hal_fdcan.c ****   {
2973:Drivers/STM32H5xx_HAL_Driver/Src/stm32h5xx_hal_fdcan.c ****     /* Clear the Tx Event FIFO flags */
2974:Drivers/STM32H5xx_HAL_Driver/Src/stm32h5xx_hal_fdcan.c ****     __HAL_FDCAN_CLEAR_FLAG(hfdcan, TxEventFifoITs);
2975:Drivers/STM32H5xx_HAL_Driver/Src/stm32h5xx_hal_fdcan.c **** 
2976:Drivers/STM32H5xx_HAL_Driver/Src/stm32h5xx_hal_fdcan.c **** #if USE_HAL_FDCAN_REGISTER_CALLBACKS == 1
2977:Drivers/STM32H5xx_HAL_Driver/Src/stm32h5xx_hal_fdcan.c ****     /* Call registered callback*/
2978:Drivers/STM32H5xx_HAL_Driver/Src/stm32h5xx_hal_fdcan.c ****     hfdcan->TxEventFifoCallback(hfdcan, TxEventFifoITs);
2979:Drivers/STM32H5xx_HAL_Driver/Src/stm32h5xx_hal_fdcan.c **** #else
2980:Drivers/STM32H5xx_HAL_Driver/Src/stm32h5xx_hal_fdcan.c ****     /* Tx Event FIFO Callback */
2981:Drivers/STM32H5xx_HAL_Driver/Src/stm32h5xx_hal_fdcan.c ****     HAL_FDCAN_TxEventFifoCallback(hfdcan, TxEventFifoITs);
2982:Drivers/STM32H5xx_HAL_Driver/Src/stm32h5xx_hal_fdcan.c **** #endif /* USE_HAL_FDCAN_REGISTER_CALLBACKS */
2983:Drivers/STM32H5xx_HAL_Driver/Src/stm32h5xx_hal_fdcan.c ****   }
2984:Drivers/STM32H5xx_HAL_Driver/Src/stm32h5xx_hal_fdcan.c **** 
2985:Drivers/STM32H5xx_HAL_Driver/Src/stm32h5xx_hal_fdcan.c ****   /* Rx FIFO 0 interrupts management ******************************************/
2986:Drivers/STM32H5xx_HAL_Driver/Src/stm32h5xx_hal_fdcan.c ****   if (RxFifo0ITs != 0U)
2987:Drivers/STM32H5xx_HAL_Driver/Src/stm32h5xx_hal_fdcan.c ****   {
2988:Drivers/STM32H5xx_HAL_Driver/Src/stm32h5xx_hal_fdcan.c ****     /* Clear the Rx FIFO 0 flags */
2989:Drivers/STM32H5xx_HAL_Driver/Src/stm32h5xx_hal_fdcan.c ****     __HAL_FDCAN_CLEAR_FLAG(hfdcan, RxFifo0ITs);
2990:Drivers/STM32H5xx_HAL_Driver/Src/stm32h5xx_hal_fdcan.c **** 
2991:Drivers/STM32H5xx_HAL_Driver/Src/stm32h5xx_hal_fdcan.c **** #if USE_HAL_FDCAN_REGISTER_CALLBACKS == 1
2992:Drivers/STM32H5xx_HAL_Driver/Src/stm32h5xx_hal_fdcan.c ****     /* Call registered callback*/
2993:Drivers/STM32H5xx_HAL_Driver/Src/stm32h5xx_hal_fdcan.c ****     hfdcan->RxFifo0Callback(hfdcan, RxFifo0ITs);
ARM GAS  /tmp/cc1KCPzC.s 			page 54


2994:Drivers/STM32H5xx_HAL_Driver/Src/stm32h5xx_hal_fdcan.c **** #else
2995:Drivers/STM32H5xx_HAL_Driver/Src/stm32h5xx_hal_fdcan.c ****     /* Rx FIFO 0 Callback */
2996:Drivers/STM32H5xx_HAL_Driver/Src/stm32h5xx_hal_fdcan.c ****     HAL_FDCAN_RxFifo0Callback(hfdcan, RxFifo0ITs);
2997:Drivers/STM32H5xx_HAL_Driver/Src/stm32h5xx_hal_fdcan.c **** #endif /* USE_HAL_FDCAN_REGISTER_CALLBACKS */
2998:Drivers/STM32H5xx_HAL_Driver/Src/stm32h5xx_hal_fdcan.c ****   }
2999:Drivers/STM32H5xx_HAL_Driver/Src/stm32h5xx_hal_fdcan.c **** 
3000:Drivers/STM32H5xx_HAL_Driver/Src/stm32h5xx_hal_fdcan.c ****   /* Rx FIFO 1 interrupts management ******************************************/
3001:Drivers/STM32H5xx_HAL_Driver/Src/stm32h5xx_hal_fdcan.c ****   if (RxFifo1ITs != 0U)
3002:Drivers/STM32H5xx_HAL_Driver/Src/stm32h5xx_hal_fdcan.c ****   {
3003:Drivers/STM32H5xx_HAL_Driver/Src/stm32h5xx_hal_fdcan.c ****     /* Clear the Rx FIFO 1 flags */
3004:Drivers/STM32H5xx_HAL_Driver/Src/stm32h5xx_hal_fdcan.c ****     __HAL_FDCAN_CLEAR_FLAG(hfdcan, RxFifo1ITs);
3005:Drivers/STM32H5xx_HAL_Driver/Src/stm32h5xx_hal_fdcan.c **** 
3006:Drivers/STM32H5xx_HAL_Driver/Src/stm32h5xx_hal_fdcan.c **** #if USE_HAL_FDCAN_REGISTER_CALLBACKS == 1
3007:Drivers/STM32H5xx_HAL_Driver/Src/stm32h5xx_hal_fdcan.c ****     /* Call registered callback*/
3008:Drivers/STM32H5xx_HAL_Driver/Src/stm32h5xx_hal_fdcan.c ****     hfdcan->RxFifo1Callback(hfdcan, RxFifo1ITs);
3009:Drivers/STM32H5xx_HAL_Driver/Src/stm32h5xx_hal_fdcan.c **** #else
3010:Drivers/STM32H5xx_HAL_Driver/Src/stm32h5xx_hal_fdcan.c ****     /* Rx FIFO 1 Callback */
3011:Drivers/STM32H5xx_HAL_Driver/Src/stm32h5xx_hal_fdcan.c ****     HAL_FDCAN_RxFifo1Callback(hfdcan, RxFifo1ITs);
3012:Drivers/STM32H5xx_HAL_Driver/Src/stm32h5xx_hal_fdcan.c **** #endif /* USE_HAL_FDCAN_REGISTER_CALLBACKS */
3013:Drivers/STM32H5xx_HAL_Driver/Src/stm32h5xx_hal_fdcan.c ****   }
3014:Drivers/STM32H5xx_HAL_Driver/Src/stm32h5xx_hal_fdcan.c **** 
3015:Drivers/STM32H5xx_HAL_Driver/Src/stm32h5xx_hal_fdcan.c ****   /* Tx FIFO empty interrupt management ***************************************/
3016:Drivers/STM32H5xx_HAL_Driver/Src/stm32h5xx_hal_fdcan.c ****   if (FDCAN_CHECK_FLAG(itflag, FDCAN_FLAG_TX_FIFO_EMPTY) != RESET)
3017:Drivers/STM32H5xx_HAL_Driver/Src/stm32h5xx_hal_fdcan.c ****   {
3018:Drivers/STM32H5xx_HAL_Driver/Src/stm32h5xx_hal_fdcan.c ****     if (FDCAN_CHECK_IT_SOURCE(itsource, FDCAN_IT_TX_FIFO_EMPTY) != RESET)
3019:Drivers/STM32H5xx_HAL_Driver/Src/stm32h5xx_hal_fdcan.c ****     {
3020:Drivers/STM32H5xx_HAL_Driver/Src/stm32h5xx_hal_fdcan.c ****       /* Clear the Tx FIFO empty flag */
3021:Drivers/STM32H5xx_HAL_Driver/Src/stm32h5xx_hal_fdcan.c ****       __HAL_FDCAN_CLEAR_FLAG(hfdcan, FDCAN_FLAG_TX_FIFO_EMPTY);
3022:Drivers/STM32H5xx_HAL_Driver/Src/stm32h5xx_hal_fdcan.c **** 
3023:Drivers/STM32H5xx_HAL_Driver/Src/stm32h5xx_hal_fdcan.c **** #if USE_HAL_FDCAN_REGISTER_CALLBACKS == 1
3024:Drivers/STM32H5xx_HAL_Driver/Src/stm32h5xx_hal_fdcan.c ****       /* Call registered callback*/
3025:Drivers/STM32H5xx_HAL_Driver/Src/stm32h5xx_hal_fdcan.c ****       hfdcan->TxFifoEmptyCallback(hfdcan);
3026:Drivers/STM32H5xx_HAL_Driver/Src/stm32h5xx_hal_fdcan.c **** #else
3027:Drivers/STM32H5xx_HAL_Driver/Src/stm32h5xx_hal_fdcan.c ****       /* Tx FIFO empty Callback */
3028:Drivers/STM32H5xx_HAL_Driver/Src/stm32h5xx_hal_fdcan.c ****       HAL_FDCAN_TxFifoEmptyCallback(hfdcan);
3029:Drivers/STM32H5xx_HAL_Driver/Src/stm32h5xx_hal_fdcan.c **** #endif /* USE_HAL_FDCAN_REGISTER_CALLBACKS */
3030:Drivers/STM32H5xx_HAL_Driver/Src/stm32h5xx_hal_fdcan.c ****     }
3031:Drivers/STM32H5xx_HAL_Driver/Src/stm32h5xx_hal_fdcan.c ****   }
3032:Drivers/STM32H5xx_HAL_Driver/Src/stm32h5xx_hal_fdcan.c **** 
3033:Drivers/STM32H5xx_HAL_Driver/Src/stm32h5xx_hal_fdcan.c ****   /* Transmission Complete interrupt management *******************************/
3034:Drivers/STM32H5xx_HAL_Driver/Src/stm32h5xx_hal_fdcan.c ****   if (FDCAN_CHECK_FLAG(itflag, FDCAN_FLAG_TX_COMPLETE) != RESET)
3035:Drivers/STM32H5xx_HAL_Driver/Src/stm32h5xx_hal_fdcan.c ****   {
3036:Drivers/STM32H5xx_HAL_Driver/Src/stm32h5xx_hal_fdcan.c ****     if (FDCAN_CHECK_IT_SOURCE(itsource, FDCAN_IT_TX_COMPLETE) != RESET)
3037:Drivers/STM32H5xx_HAL_Driver/Src/stm32h5xx_hal_fdcan.c ****     {
3038:Drivers/STM32H5xx_HAL_Driver/Src/stm32h5xx_hal_fdcan.c ****       /* List of transmitted monitored buffers */
3039:Drivers/STM32H5xx_HAL_Driver/Src/stm32h5xx_hal_fdcan.c ****       TransmittedBuffers = hfdcan->Instance->TXBTO;
3040:Drivers/STM32H5xx_HAL_Driver/Src/stm32h5xx_hal_fdcan.c ****       TransmittedBuffers &= hfdcan->Instance->TXBTIE;
3041:Drivers/STM32H5xx_HAL_Driver/Src/stm32h5xx_hal_fdcan.c **** 
3042:Drivers/STM32H5xx_HAL_Driver/Src/stm32h5xx_hal_fdcan.c ****       /* Clear the Transmission Complete flag */
3043:Drivers/STM32H5xx_HAL_Driver/Src/stm32h5xx_hal_fdcan.c ****       __HAL_FDCAN_CLEAR_FLAG(hfdcan, FDCAN_FLAG_TX_COMPLETE);
3044:Drivers/STM32H5xx_HAL_Driver/Src/stm32h5xx_hal_fdcan.c **** 
3045:Drivers/STM32H5xx_HAL_Driver/Src/stm32h5xx_hal_fdcan.c **** #if USE_HAL_FDCAN_REGISTER_CALLBACKS == 1
3046:Drivers/STM32H5xx_HAL_Driver/Src/stm32h5xx_hal_fdcan.c ****       /* Call registered callback*/
3047:Drivers/STM32H5xx_HAL_Driver/Src/stm32h5xx_hal_fdcan.c ****       hfdcan->TxBufferCompleteCallback(hfdcan, TransmittedBuffers);
3048:Drivers/STM32H5xx_HAL_Driver/Src/stm32h5xx_hal_fdcan.c **** #else
3049:Drivers/STM32H5xx_HAL_Driver/Src/stm32h5xx_hal_fdcan.c ****       /* Transmission Complete Callback */
3050:Drivers/STM32H5xx_HAL_Driver/Src/stm32h5xx_hal_fdcan.c ****       HAL_FDCAN_TxBufferCompleteCallback(hfdcan, TransmittedBuffers);
ARM GAS  /tmp/cc1KCPzC.s 			page 55


3051:Drivers/STM32H5xx_HAL_Driver/Src/stm32h5xx_hal_fdcan.c **** #endif /* USE_HAL_FDCAN_REGISTER_CALLBACKS */
3052:Drivers/STM32H5xx_HAL_Driver/Src/stm32h5xx_hal_fdcan.c ****     }
3053:Drivers/STM32H5xx_HAL_Driver/Src/stm32h5xx_hal_fdcan.c ****   }
3054:Drivers/STM32H5xx_HAL_Driver/Src/stm32h5xx_hal_fdcan.c **** 
3055:Drivers/STM32H5xx_HAL_Driver/Src/stm32h5xx_hal_fdcan.c ****   /* Timestamp Wraparound interrupt management ********************************/
3056:Drivers/STM32H5xx_HAL_Driver/Src/stm32h5xx_hal_fdcan.c ****   if (FDCAN_CHECK_FLAG(itflag, FDCAN_FLAG_TIMESTAMP_WRAPAROUND) != RESET)
3057:Drivers/STM32H5xx_HAL_Driver/Src/stm32h5xx_hal_fdcan.c ****   {
3058:Drivers/STM32H5xx_HAL_Driver/Src/stm32h5xx_hal_fdcan.c ****     if (FDCAN_CHECK_IT_SOURCE(itsource, FDCAN_IT_TIMESTAMP_WRAPAROUND) != RESET)
3059:Drivers/STM32H5xx_HAL_Driver/Src/stm32h5xx_hal_fdcan.c ****     {
3060:Drivers/STM32H5xx_HAL_Driver/Src/stm32h5xx_hal_fdcan.c ****       /* Clear the Timestamp Wraparound flag */
3061:Drivers/STM32H5xx_HAL_Driver/Src/stm32h5xx_hal_fdcan.c ****       __HAL_FDCAN_CLEAR_FLAG(hfdcan, FDCAN_FLAG_TIMESTAMP_WRAPAROUND);
3062:Drivers/STM32H5xx_HAL_Driver/Src/stm32h5xx_hal_fdcan.c **** 
3063:Drivers/STM32H5xx_HAL_Driver/Src/stm32h5xx_hal_fdcan.c **** #if USE_HAL_FDCAN_REGISTER_CALLBACKS == 1
3064:Drivers/STM32H5xx_HAL_Driver/Src/stm32h5xx_hal_fdcan.c ****       /* Call registered callback*/
3065:Drivers/STM32H5xx_HAL_Driver/Src/stm32h5xx_hal_fdcan.c ****       hfdcan->TimestampWraparoundCallback(hfdcan);
3066:Drivers/STM32H5xx_HAL_Driver/Src/stm32h5xx_hal_fdcan.c **** #else
3067:Drivers/STM32H5xx_HAL_Driver/Src/stm32h5xx_hal_fdcan.c ****       /* Timestamp Wraparound Callback */
3068:Drivers/STM32H5xx_HAL_Driver/Src/stm32h5xx_hal_fdcan.c ****       HAL_FDCAN_TimestampWraparoundCallback(hfdcan);
3069:Drivers/STM32H5xx_HAL_Driver/Src/stm32h5xx_hal_fdcan.c **** #endif /* USE_HAL_FDCAN_REGISTER_CALLBACKS */
3070:Drivers/STM32H5xx_HAL_Driver/Src/stm32h5xx_hal_fdcan.c ****     }
3071:Drivers/STM32H5xx_HAL_Driver/Src/stm32h5xx_hal_fdcan.c ****   }
3072:Drivers/STM32H5xx_HAL_Driver/Src/stm32h5xx_hal_fdcan.c **** 
3073:Drivers/STM32H5xx_HAL_Driver/Src/stm32h5xx_hal_fdcan.c ****   /* Timeout Occurred interrupt management ************************************/
3074:Drivers/STM32H5xx_HAL_Driver/Src/stm32h5xx_hal_fdcan.c ****   if (FDCAN_CHECK_FLAG(itflag, FDCAN_FLAG_TIMEOUT_OCCURRED) != RESET)
3075:Drivers/STM32H5xx_HAL_Driver/Src/stm32h5xx_hal_fdcan.c ****   {
3076:Drivers/STM32H5xx_HAL_Driver/Src/stm32h5xx_hal_fdcan.c ****     if (FDCAN_CHECK_IT_SOURCE(itsource, FDCAN_IT_TIMEOUT_OCCURRED) != RESET)
3077:Drivers/STM32H5xx_HAL_Driver/Src/stm32h5xx_hal_fdcan.c ****     {
3078:Drivers/STM32H5xx_HAL_Driver/Src/stm32h5xx_hal_fdcan.c ****       /* Clear the Timeout Occurred flag */
3079:Drivers/STM32H5xx_HAL_Driver/Src/stm32h5xx_hal_fdcan.c ****       __HAL_FDCAN_CLEAR_FLAG(hfdcan, FDCAN_FLAG_TIMEOUT_OCCURRED);
3080:Drivers/STM32H5xx_HAL_Driver/Src/stm32h5xx_hal_fdcan.c **** 
3081:Drivers/STM32H5xx_HAL_Driver/Src/stm32h5xx_hal_fdcan.c **** #if USE_HAL_FDCAN_REGISTER_CALLBACKS == 1
3082:Drivers/STM32H5xx_HAL_Driver/Src/stm32h5xx_hal_fdcan.c ****       /* Call registered callback*/
3083:Drivers/STM32H5xx_HAL_Driver/Src/stm32h5xx_hal_fdcan.c ****       hfdcan->TimeoutOccurredCallback(hfdcan);
3084:Drivers/STM32H5xx_HAL_Driver/Src/stm32h5xx_hal_fdcan.c **** #else
3085:Drivers/STM32H5xx_HAL_Driver/Src/stm32h5xx_hal_fdcan.c ****       /* Timeout Occurred Callback */
3086:Drivers/STM32H5xx_HAL_Driver/Src/stm32h5xx_hal_fdcan.c ****       HAL_FDCAN_TimeoutOccurredCallback(hfdcan);
3087:Drivers/STM32H5xx_HAL_Driver/Src/stm32h5xx_hal_fdcan.c **** #endif /* USE_HAL_FDCAN_REGISTER_CALLBACKS */
3088:Drivers/STM32H5xx_HAL_Driver/Src/stm32h5xx_hal_fdcan.c ****     }
3089:Drivers/STM32H5xx_HAL_Driver/Src/stm32h5xx_hal_fdcan.c ****   }
3090:Drivers/STM32H5xx_HAL_Driver/Src/stm32h5xx_hal_fdcan.c **** 
3091:Drivers/STM32H5xx_HAL_Driver/Src/stm32h5xx_hal_fdcan.c ****   /* Message RAM access failure interrupt management **************************/
3092:Drivers/STM32H5xx_HAL_Driver/Src/stm32h5xx_hal_fdcan.c ****   if (FDCAN_CHECK_FLAG(itflag, FDCAN_FLAG_RAM_ACCESS_FAILURE) != RESET)
3093:Drivers/STM32H5xx_HAL_Driver/Src/stm32h5xx_hal_fdcan.c ****   {
3094:Drivers/STM32H5xx_HAL_Driver/Src/stm32h5xx_hal_fdcan.c ****     if (FDCAN_CHECK_IT_SOURCE(itsource, FDCAN_IT_RAM_ACCESS_FAILURE) != RESET)
3095:Drivers/STM32H5xx_HAL_Driver/Src/stm32h5xx_hal_fdcan.c ****     {
3096:Drivers/STM32H5xx_HAL_Driver/Src/stm32h5xx_hal_fdcan.c ****       /* Clear the Message RAM access failure flag */
3097:Drivers/STM32H5xx_HAL_Driver/Src/stm32h5xx_hal_fdcan.c ****       __HAL_FDCAN_CLEAR_FLAG(hfdcan, FDCAN_FLAG_RAM_ACCESS_FAILURE);
3098:Drivers/STM32H5xx_HAL_Driver/Src/stm32h5xx_hal_fdcan.c **** 
3099:Drivers/STM32H5xx_HAL_Driver/Src/stm32h5xx_hal_fdcan.c ****       /* Update error code */
3100:Drivers/STM32H5xx_HAL_Driver/Src/stm32h5xx_hal_fdcan.c ****       hfdcan->ErrorCode |= HAL_FDCAN_ERROR_RAM_ACCESS;
3101:Drivers/STM32H5xx_HAL_Driver/Src/stm32h5xx_hal_fdcan.c ****     }
3102:Drivers/STM32H5xx_HAL_Driver/Src/stm32h5xx_hal_fdcan.c ****   }
3103:Drivers/STM32H5xx_HAL_Driver/Src/stm32h5xx_hal_fdcan.c **** 
3104:Drivers/STM32H5xx_HAL_Driver/Src/stm32h5xx_hal_fdcan.c ****   /* Error Status interrupts management ***************************************/
3105:Drivers/STM32H5xx_HAL_Driver/Src/stm32h5xx_hal_fdcan.c ****   if (ErrorStatusITs != 0U)
3106:Drivers/STM32H5xx_HAL_Driver/Src/stm32h5xx_hal_fdcan.c ****   {
3107:Drivers/STM32H5xx_HAL_Driver/Src/stm32h5xx_hal_fdcan.c ****     /* Clear the Error flags */
ARM GAS  /tmp/cc1KCPzC.s 			page 56


3108:Drivers/STM32H5xx_HAL_Driver/Src/stm32h5xx_hal_fdcan.c ****     __HAL_FDCAN_CLEAR_FLAG(hfdcan, ErrorStatusITs);
3109:Drivers/STM32H5xx_HAL_Driver/Src/stm32h5xx_hal_fdcan.c **** 
3110:Drivers/STM32H5xx_HAL_Driver/Src/stm32h5xx_hal_fdcan.c **** #if USE_HAL_FDCAN_REGISTER_CALLBACKS == 1
3111:Drivers/STM32H5xx_HAL_Driver/Src/stm32h5xx_hal_fdcan.c ****     /* Call registered callback*/
3112:Drivers/STM32H5xx_HAL_Driver/Src/stm32h5xx_hal_fdcan.c ****     hfdcan->ErrorStatusCallback(hfdcan, ErrorStatusITs);
3113:Drivers/STM32H5xx_HAL_Driver/Src/stm32h5xx_hal_fdcan.c **** #else
3114:Drivers/STM32H5xx_HAL_Driver/Src/stm32h5xx_hal_fdcan.c ****     /* Error Status Callback */
3115:Drivers/STM32H5xx_HAL_Driver/Src/stm32h5xx_hal_fdcan.c ****     HAL_FDCAN_ErrorStatusCallback(hfdcan, ErrorStatusITs);
3116:Drivers/STM32H5xx_HAL_Driver/Src/stm32h5xx_hal_fdcan.c **** #endif /* USE_HAL_FDCAN_REGISTER_CALLBACKS */
3117:Drivers/STM32H5xx_HAL_Driver/Src/stm32h5xx_hal_fdcan.c ****   }
3118:Drivers/STM32H5xx_HAL_Driver/Src/stm32h5xx_hal_fdcan.c **** 
3119:Drivers/STM32H5xx_HAL_Driver/Src/stm32h5xx_hal_fdcan.c ****   /* Error interrupts management **********************************************/
3120:Drivers/STM32H5xx_HAL_Driver/Src/stm32h5xx_hal_fdcan.c ****   if (Errors != 0U)
3121:Drivers/STM32H5xx_HAL_Driver/Src/stm32h5xx_hal_fdcan.c ****   {
3122:Drivers/STM32H5xx_HAL_Driver/Src/stm32h5xx_hal_fdcan.c ****     /* Clear the Error flags */
3123:Drivers/STM32H5xx_HAL_Driver/Src/stm32h5xx_hal_fdcan.c ****     __HAL_FDCAN_CLEAR_FLAG(hfdcan, Errors);
3124:Drivers/STM32H5xx_HAL_Driver/Src/stm32h5xx_hal_fdcan.c **** 
3125:Drivers/STM32H5xx_HAL_Driver/Src/stm32h5xx_hal_fdcan.c ****     /* Update error code */
3126:Drivers/STM32H5xx_HAL_Driver/Src/stm32h5xx_hal_fdcan.c ****     hfdcan->ErrorCode |= Errors;
3127:Drivers/STM32H5xx_HAL_Driver/Src/stm32h5xx_hal_fdcan.c ****   }
3128:Drivers/STM32H5xx_HAL_Driver/Src/stm32h5xx_hal_fdcan.c **** 
3129:Drivers/STM32H5xx_HAL_Driver/Src/stm32h5xx_hal_fdcan.c ****   if (hfdcan->ErrorCode != HAL_FDCAN_ERROR_NONE)
3130:Drivers/STM32H5xx_HAL_Driver/Src/stm32h5xx_hal_fdcan.c ****   {
3131:Drivers/STM32H5xx_HAL_Driver/Src/stm32h5xx_hal_fdcan.c **** #if USE_HAL_FDCAN_REGISTER_CALLBACKS == 1
3132:Drivers/STM32H5xx_HAL_Driver/Src/stm32h5xx_hal_fdcan.c ****     /* Call registered callback*/
3133:Drivers/STM32H5xx_HAL_Driver/Src/stm32h5xx_hal_fdcan.c ****     hfdcan->ErrorCallback(hfdcan);
3134:Drivers/STM32H5xx_HAL_Driver/Src/stm32h5xx_hal_fdcan.c **** #else
3135:Drivers/STM32H5xx_HAL_Driver/Src/stm32h5xx_hal_fdcan.c ****     /* Error Callback */
3136:Drivers/STM32H5xx_HAL_Driver/Src/stm32h5xx_hal_fdcan.c ****     HAL_FDCAN_ErrorCallback(hfdcan);
3137:Drivers/STM32H5xx_HAL_Driver/Src/stm32h5xx_hal_fdcan.c **** #endif /* USE_HAL_FDCAN_REGISTER_CALLBACKS */
3138:Drivers/STM32H5xx_HAL_Driver/Src/stm32h5xx_hal_fdcan.c ****   }
3139:Drivers/STM32H5xx_HAL_Driver/Src/stm32h5xx_hal_fdcan.c **** }
3140:Drivers/STM32H5xx_HAL_Driver/Src/stm32h5xx_hal_fdcan.c **** 
3141:Drivers/STM32H5xx_HAL_Driver/Src/stm32h5xx_hal_fdcan.c **** /**
3142:Drivers/STM32H5xx_HAL_Driver/Src/stm32h5xx_hal_fdcan.c ****   * @}
3143:Drivers/STM32H5xx_HAL_Driver/Src/stm32h5xx_hal_fdcan.c ****   */
3144:Drivers/STM32H5xx_HAL_Driver/Src/stm32h5xx_hal_fdcan.c **** 
3145:Drivers/STM32H5xx_HAL_Driver/Src/stm32h5xx_hal_fdcan.c **** /** @defgroup FDCAN_Exported_Functions_Group5 Callback functions
3146:Drivers/STM32H5xx_HAL_Driver/Src/stm32h5xx_hal_fdcan.c ****   *  @brief   FDCAN Callback functions
3147:Drivers/STM32H5xx_HAL_Driver/Src/stm32h5xx_hal_fdcan.c ****   *
3148:Drivers/STM32H5xx_HAL_Driver/Src/stm32h5xx_hal_fdcan.c **** @verbatim
3149:Drivers/STM32H5xx_HAL_Driver/Src/stm32h5xx_hal_fdcan.c ****   ==============================================================================
3150:Drivers/STM32H5xx_HAL_Driver/Src/stm32h5xx_hal_fdcan.c ****                           ##### Callback functions #####
3151:Drivers/STM32H5xx_HAL_Driver/Src/stm32h5xx_hal_fdcan.c ****   ==============================================================================
3152:Drivers/STM32H5xx_HAL_Driver/Src/stm32h5xx_hal_fdcan.c ****     [..]
3153:Drivers/STM32H5xx_HAL_Driver/Src/stm32h5xx_hal_fdcan.c ****     This subsection provides the following callback functions:
3154:Drivers/STM32H5xx_HAL_Driver/Src/stm32h5xx_hal_fdcan.c ****       (+) HAL_FDCAN_TxEventFifoCallback
3155:Drivers/STM32H5xx_HAL_Driver/Src/stm32h5xx_hal_fdcan.c ****       (+) HAL_FDCAN_RxFifo0Callback
3156:Drivers/STM32H5xx_HAL_Driver/Src/stm32h5xx_hal_fdcan.c ****       (+) HAL_FDCAN_RxFifo1Callback
3157:Drivers/STM32H5xx_HAL_Driver/Src/stm32h5xx_hal_fdcan.c ****       (+) HAL_FDCAN_TxFifoEmptyCallback
3158:Drivers/STM32H5xx_HAL_Driver/Src/stm32h5xx_hal_fdcan.c ****       (+) HAL_FDCAN_TxBufferCompleteCallback
3159:Drivers/STM32H5xx_HAL_Driver/Src/stm32h5xx_hal_fdcan.c ****       (+) HAL_FDCAN_TxBufferAbortCallback
3160:Drivers/STM32H5xx_HAL_Driver/Src/stm32h5xx_hal_fdcan.c ****       (+) HAL_FDCAN_HighPriorityMessageCallback
3161:Drivers/STM32H5xx_HAL_Driver/Src/stm32h5xx_hal_fdcan.c ****       (+) HAL_FDCAN_TimestampWraparoundCallback
3162:Drivers/STM32H5xx_HAL_Driver/Src/stm32h5xx_hal_fdcan.c ****       (+) HAL_FDCAN_TimeoutOccurredCallback
3163:Drivers/STM32H5xx_HAL_Driver/Src/stm32h5xx_hal_fdcan.c ****       (+) HAL_FDCAN_ErrorCallback
3164:Drivers/STM32H5xx_HAL_Driver/Src/stm32h5xx_hal_fdcan.c ****       (+) HAL_FDCAN_ErrorStatusCallback
ARM GAS  /tmp/cc1KCPzC.s 			page 57


3165:Drivers/STM32H5xx_HAL_Driver/Src/stm32h5xx_hal_fdcan.c **** 
3166:Drivers/STM32H5xx_HAL_Driver/Src/stm32h5xx_hal_fdcan.c **** @endverbatim
3167:Drivers/STM32H5xx_HAL_Driver/Src/stm32h5xx_hal_fdcan.c ****   * @{
3168:Drivers/STM32H5xx_HAL_Driver/Src/stm32h5xx_hal_fdcan.c ****   */
3169:Drivers/STM32H5xx_HAL_Driver/Src/stm32h5xx_hal_fdcan.c **** 
3170:Drivers/STM32H5xx_HAL_Driver/Src/stm32h5xx_hal_fdcan.c **** /**
3171:Drivers/STM32H5xx_HAL_Driver/Src/stm32h5xx_hal_fdcan.c ****   * @brief  Tx Event callback.
3172:Drivers/STM32H5xx_HAL_Driver/Src/stm32h5xx_hal_fdcan.c ****   * @param  hfdcan pointer to an FDCAN_HandleTypeDef structure that contains
3173:Drivers/STM32H5xx_HAL_Driver/Src/stm32h5xx_hal_fdcan.c ****   *         the configuration information for the specified FDCAN.
3174:Drivers/STM32H5xx_HAL_Driver/Src/stm32h5xx_hal_fdcan.c ****   * @param  TxEventFifoITs indicates which Tx Event FIFO interrupts are signaled.
3175:Drivers/STM32H5xx_HAL_Driver/Src/stm32h5xx_hal_fdcan.c ****   *         This parameter can be any combination of @arg FDCAN_Tx_Event_Fifo_Interrupts.
3176:Drivers/STM32H5xx_HAL_Driver/Src/stm32h5xx_hal_fdcan.c ****   * @retval None
3177:Drivers/STM32H5xx_HAL_Driver/Src/stm32h5xx_hal_fdcan.c ****   */
3178:Drivers/STM32H5xx_HAL_Driver/Src/stm32h5xx_hal_fdcan.c **** __weak void HAL_FDCAN_TxEventFifoCallback(FDCAN_HandleTypeDef *hfdcan, uint32_t TxEventFifoITs)
3179:Drivers/STM32H5xx_HAL_Driver/Src/stm32h5xx_hal_fdcan.c **** {
3180:Drivers/STM32H5xx_HAL_Driver/Src/stm32h5xx_hal_fdcan.c ****   /* Prevent unused argument(s) compilation warning */
3181:Drivers/STM32H5xx_HAL_Driver/Src/stm32h5xx_hal_fdcan.c ****   UNUSED(hfdcan);
3182:Drivers/STM32H5xx_HAL_Driver/Src/stm32h5xx_hal_fdcan.c ****   UNUSED(TxEventFifoITs);
3183:Drivers/STM32H5xx_HAL_Driver/Src/stm32h5xx_hal_fdcan.c **** 
3184:Drivers/STM32H5xx_HAL_Driver/Src/stm32h5xx_hal_fdcan.c ****   /* NOTE: This function Should not be modified, when the callback is needed,
3185:Drivers/STM32H5xx_HAL_Driver/Src/stm32h5xx_hal_fdcan.c ****             the HAL_FDCAN_TxEventFifoCallback could be implemented in the user file
3186:Drivers/STM32H5xx_HAL_Driver/Src/stm32h5xx_hal_fdcan.c ****    */
3187:Drivers/STM32H5xx_HAL_Driver/Src/stm32h5xx_hal_fdcan.c **** }
3188:Drivers/STM32H5xx_HAL_Driver/Src/stm32h5xx_hal_fdcan.c **** 
3189:Drivers/STM32H5xx_HAL_Driver/Src/stm32h5xx_hal_fdcan.c **** /**
3190:Drivers/STM32H5xx_HAL_Driver/Src/stm32h5xx_hal_fdcan.c ****   * @brief  Rx FIFO 0 callback.
3191:Drivers/STM32H5xx_HAL_Driver/Src/stm32h5xx_hal_fdcan.c ****   * @param  hfdcan pointer to an FDCAN_HandleTypeDef structure that contains
3192:Drivers/STM32H5xx_HAL_Driver/Src/stm32h5xx_hal_fdcan.c ****   *         the configuration information for the specified FDCAN.
3193:Drivers/STM32H5xx_HAL_Driver/Src/stm32h5xx_hal_fdcan.c ****   * @param  RxFifo0ITs indicates which Rx FIFO 0 interrupts are signaled.
3194:Drivers/STM32H5xx_HAL_Driver/Src/stm32h5xx_hal_fdcan.c ****   *         This parameter can be any combination of @arg FDCAN_Rx_Fifo0_Interrupts.
3195:Drivers/STM32H5xx_HAL_Driver/Src/stm32h5xx_hal_fdcan.c ****   * @retval None
3196:Drivers/STM32H5xx_HAL_Driver/Src/stm32h5xx_hal_fdcan.c ****   */
3197:Drivers/STM32H5xx_HAL_Driver/Src/stm32h5xx_hal_fdcan.c **** __weak void HAL_FDCAN_RxFifo0Callback(FDCAN_HandleTypeDef *hfdcan, uint32_t RxFifo0ITs)
3198:Drivers/STM32H5xx_HAL_Driver/Src/stm32h5xx_hal_fdcan.c **** {
3199:Drivers/STM32H5xx_HAL_Driver/Src/stm32h5xx_hal_fdcan.c ****   /* Prevent unused argument(s) compilation warning */
3200:Drivers/STM32H5xx_HAL_Driver/Src/stm32h5xx_hal_fdcan.c ****   UNUSED(hfdcan);
3201:Drivers/STM32H5xx_HAL_Driver/Src/stm32h5xx_hal_fdcan.c ****   UNUSED(RxFifo0ITs);
3202:Drivers/STM32H5xx_HAL_Driver/Src/stm32h5xx_hal_fdcan.c **** 
3203:Drivers/STM32H5xx_HAL_Driver/Src/stm32h5xx_hal_fdcan.c ****   /* NOTE: This function Should not be modified, when the callback is needed,
3204:Drivers/STM32H5xx_HAL_Driver/Src/stm32h5xx_hal_fdcan.c ****             the HAL_FDCAN_RxFifo0Callback could be implemented in the user file
3205:Drivers/STM32H5xx_HAL_Driver/Src/stm32h5xx_hal_fdcan.c ****    */
3206:Drivers/STM32H5xx_HAL_Driver/Src/stm32h5xx_hal_fdcan.c **** }
3207:Drivers/STM32H5xx_HAL_Driver/Src/stm32h5xx_hal_fdcan.c **** 
3208:Drivers/STM32H5xx_HAL_Driver/Src/stm32h5xx_hal_fdcan.c **** /**
3209:Drivers/STM32H5xx_HAL_Driver/Src/stm32h5xx_hal_fdcan.c ****   * @brief  Rx FIFO 1 callback.
3210:Drivers/STM32H5xx_HAL_Driver/Src/stm32h5xx_hal_fdcan.c ****   * @param  hfdcan pointer to an FDCAN_HandleTypeDef structure that contains
3211:Drivers/STM32H5xx_HAL_Driver/Src/stm32h5xx_hal_fdcan.c ****   *         the configuration information for the specified FDCAN.
3212:Drivers/STM32H5xx_HAL_Driver/Src/stm32h5xx_hal_fdcan.c ****   * @param  RxFifo1ITs indicates which Rx FIFO 1 interrupts are signaled.
3213:Drivers/STM32H5xx_HAL_Driver/Src/stm32h5xx_hal_fdcan.c ****   *         This parameter can be any combination of @arg FDCAN_Rx_Fifo1_Interrupts.
3214:Drivers/STM32H5xx_HAL_Driver/Src/stm32h5xx_hal_fdcan.c ****   * @retval None
3215:Drivers/STM32H5xx_HAL_Driver/Src/stm32h5xx_hal_fdcan.c ****   */
3216:Drivers/STM32H5xx_HAL_Driver/Src/stm32h5xx_hal_fdcan.c **** __weak void HAL_FDCAN_RxFifo1Callback(FDCAN_HandleTypeDef *hfdcan, uint32_t RxFifo1ITs)
3217:Drivers/STM32H5xx_HAL_Driver/Src/stm32h5xx_hal_fdcan.c **** {
3218:Drivers/STM32H5xx_HAL_Driver/Src/stm32h5xx_hal_fdcan.c ****   /* Prevent unused argument(s) compilation warning */
3219:Drivers/STM32H5xx_HAL_Driver/Src/stm32h5xx_hal_fdcan.c ****   UNUSED(hfdcan);
3220:Drivers/STM32H5xx_HAL_Driver/Src/stm32h5xx_hal_fdcan.c ****   UNUSED(RxFifo1ITs);
3221:Drivers/STM32H5xx_HAL_Driver/Src/stm32h5xx_hal_fdcan.c **** 
ARM GAS  /tmp/cc1KCPzC.s 			page 58


3222:Drivers/STM32H5xx_HAL_Driver/Src/stm32h5xx_hal_fdcan.c ****   /* NOTE: This function Should not be modified, when the callback is needed,
3223:Drivers/STM32H5xx_HAL_Driver/Src/stm32h5xx_hal_fdcan.c ****             the HAL_FDCAN_RxFifo1Callback could be implemented in the user file
3224:Drivers/STM32H5xx_HAL_Driver/Src/stm32h5xx_hal_fdcan.c ****    */
3225:Drivers/STM32H5xx_HAL_Driver/Src/stm32h5xx_hal_fdcan.c **** }
3226:Drivers/STM32H5xx_HAL_Driver/Src/stm32h5xx_hal_fdcan.c **** 
3227:Drivers/STM32H5xx_HAL_Driver/Src/stm32h5xx_hal_fdcan.c **** /**
3228:Drivers/STM32H5xx_HAL_Driver/Src/stm32h5xx_hal_fdcan.c ****   * @brief  Tx FIFO Empty callback.
3229:Drivers/STM32H5xx_HAL_Driver/Src/stm32h5xx_hal_fdcan.c ****   * @param  hfdcan pointer to an FDCAN_HandleTypeDef structure that contains
3230:Drivers/STM32H5xx_HAL_Driver/Src/stm32h5xx_hal_fdcan.c ****   *         the configuration information for the specified FDCAN.
3231:Drivers/STM32H5xx_HAL_Driver/Src/stm32h5xx_hal_fdcan.c ****   * @retval None
3232:Drivers/STM32H5xx_HAL_Driver/Src/stm32h5xx_hal_fdcan.c ****   */
3233:Drivers/STM32H5xx_HAL_Driver/Src/stm32h5xx_hal_fdcan.c **** __weak void HAL_FDCAN_TxFifoEmptyCallback(FDCAN_HandleTypeDef *hfdcan)
3234:Drivers/STM32H5xx_HAL_Driver/Src/stm32h5xx_hal_fdcan.c **** {
3235:Drivers/STM32H5xx_HAL_Driver/Src/stm32h5xx_hal_fdcan.c ****   /* Prevent unused argument(s) compilation warning */
3236:Drivers/STM32H5xx_HAL_Driver/Src/stm32h5xx_hal_fdcan.c ****   UNUSED(hfdcan);
3237:Drivers/STM32H5xx_HAL_Driver/Src/stm32h5xx_hal_fdcan.c **** 
3238:Drivers/STM32H5xx_HAL_Driver/Src/stm32h5xx_hal_fdcan.c ****   /* NOTE: This function Should not be modified, when the callback is needed,
3239:Drivers/STM32H5xx_HAL_Driver/Src/stm32h5xx_hal_fdcan.c ****             the HAL_FDCAN_TxFifoEmptyCallback could be implemented in the user file
3240:Drivers/STM32H5xx_HAL_Driver/Src/stm32h5xx_hal_fdcan.c ****    */
3241:Drivers/STM32H5xx_HAL_Driver/Src/stm32h5xx_hal_fdcan.c **** }
3242:Drivers/STM32H5xx_HAL_Driver/Src/stm32h5xx_hal_fdcan.c **** 
3243:Drivers/STM32H5xx_HAL_Driver/Src/stm32h5xx_hal_fdcan.c **** /**
3244:Drivers/STM32H5xx_HAL_Driver/Src/stm32h5xx_hal_fdcan.c ****   * @brief  Transmission Complete callback.
3245:Drivers/STM32H5xx_HAL_Driver/Src/stm32h5xx_hal_fdcan.c ****   * @param  hfdcan pointer to an FDCAN_HandleTypeDef structure that contains
3246:Drivers/STM32H5xx_HAL_Driver/Src/stm32h5xx_hal_fdcan.c ****   *         the configuration information for the specified FDCAN.
3247:Drivers/STM32H5xx_HAL_Driver/Src/stm32h5xx_hal_fdcan.c ****   * @param  BufferIndexes Indexes of the transmitted buffers.
3248:Drivers/STM32H5xx_HAL_Driver/Src/stm32h5xx_hal_fdcan.c ****   *         This parameter can be any combination of @arg FDCAN_Tx_location.
3249:Drivers/STM32H5xx_HAL_Driver/Src/stm32h5xx_hal_fdcan.c ****   * @retval None
3250:Drivers/STM32H5xx_HAL_Driver/Src/stm32h5xx_hal_fdcan.c ****   */
3251:Drivers/STM32H5xx_HAL_Driver/Src/stm32h5xx_hal_fdcan.c **** __weak void HAL_FDCAN_TxBufferCompleteCallback(FDCAN_HandleTypeDef *hfdcan, uint32_t BufferIndexes)
3252:Drivers/STM32H5xx_HAL_Driver/Src/stm32h5xx_hal_fdcan.c **** {
3253:Drivers/STM32H5xx_HAL_Driver/Src/stm32h5xx_hal_fdcan.c ****   /* Prevent unused argument(s) compilation warning */
3254:Drivers/STM32H5xx_HAL_Driver/Src/stm32h5xx_hal_fdcan.c ****   UNUSED(hfdcan);
3255:Drivers/STM32H5xx_HAL_Driver/Src/stm32h5xx_hal_fdcan.c ****   UNUSED(BufferIndexes);
3256:Drivers/STM32H5xx_HAL_Driver/Src/stm32h5xx_hal_fdcan.c **** 
3257:Drivers/STM32H5xx_HAL_Driver/Src/stm32h5xx_hal_fdcan.c ****   /* NOTE: This function Should not be modified, when the callback is needed,
3258:Drivers/STM32H5xx_HAL_Driver/Src/stm32h5xx_hal_fdcan.c ****             the HAL_FDCAN_TxBufferCompleteCallback could be implemented in the user file
3259:Drivers/STM32H5xx_HAL_Driver/Src/stm32h5xx_hal_fdcan.c ****    */
3260:Drivers/STM32H5xx_HAL_Driver/Src/stm32h5xx_hal_fdcan.c **** }
3261:Drivers/STM32H5xx_HAL_Driver/Src/stm32h5xx_hal_fdcan.c **** 
3262:Drivers/STM32H5xx_HAL_Driver/Src/stm32h5xx_hal_fdcan.c **** /**
3263:Drivers/STM32H5xx_HAL_Driver/Src/stm32h5xx_hal_fdcan.c ****   * @brief  Transmission Cancellation callback.
3264:Drivers/STM32H5xx_HAL_Driver/Src/stm32h5xx_hal_fdcan.c ****   * @param  hfdcan pointer to an FDCAN_HandleTypeDef structure that contains
3265:Drivers/STM32H5xx_HAL_Driver/Src/stm32h5xx_hal_fdcan.c ****   *         the configuration information for the specified FDCAN.
3266:Drivers/STM32H5xx_HAL_Driver/Src/stm32h5xx_hal_fdcan.c ****   * @param  BufferIndexes Indexes of the aborted buffers.
3267:Drivers/STM32H5xx_HAL_Driver/Src/stm32h5xx_hal_fdcan.c ****   *         This parameter can be any combination of @arg FDCAN_Tx_location.
3268:Drivers/STM32H5xx_HAL_Driver/Src/stm32h5xx_hal_fdcan.c ****   * @retval None
3269:Drivers/STM32H5xx_HAL_Driver/Src/stm32h5xx_hal_fdcan.c ****   */
3270:Drivers/STM32H5xx_HAL_Driver/Src/stm32h5xx_hal_fdcan.c **** __weak void HAL_FDCAN_TxBufferAbortCallback(FDCAN_HandleTypeDef *hfdcan, uint32_t BufferIndexes)
3271:Drivers/STM32H5xx_HAL_Driver/Src/stm32h5xx_hal_fdcan.c **** {
3272:Drivers/STM32H5xx_HAL_Driver/Src/stm32h5xx_hal_fdcan.c ****   /* Prevent unused argument(s) compilation warning */
3273:Drivers/STM32H5xx_HAL_Driver/Src/stm32h5xx_hal_fdcan.c ****   UNUSED(hfdcan);
3274:Drivers/STM32H5xx_HAL_Driver/Src/stm32h5xx_hal_fdcan.c ****   UNUSED(BufferIndexes);
3275:Drivers/STM32H5xx_HAL_Driver/Src/stm32h5xx_hal_fdcan.c **** 
3276:Drivers/STM32H5xx_HAL_Driver/Src/stm32h5xx_hal_fdcan.c ****   /* NOTE: This function Should not be modified, when the callback is needed,
3277:Drivers/STM32H5xx_HAL_Driver/Src/stm32h5xx_hal_fdcan.c ****             the HAL_FDCAN_TxBufferAbortCallback could be implemented in the user file
3278:Drivers/STM32H5xx_HAL_Driver/Src/stm32h5xx_hal_fdcan.c ****    */
ARM GAS  /tmp/cc1KCPzC.s 			page 59


3279:Drivers/STM32H5xx_HAL_Driver/Src/stm32h5xx_hal_fdcan.c **** }
3280:Drivers/STM32H5xx_HAL_Driver/Src/stm32h5xx_hal_fdcan.c **** 
3281:Drivers/STM32H5xx_HAL_Driver/Src/stm32h5xx_hal_fdcan.c **** /**
3282:Drivers/STM32H5xx_HAL_Driver/Src/stm32h5xx_hal_fdcan.c ****   * @brief  Timestamp Wraparound callback.
3283:Drivers/STM32H5xx_HAL_Driver/Src/stm32h5xx_hal_fdcan.c ****   * @param  hfdcan pointer to an FDCAN_HandleTypeDef structure that contains
3284:Drivers/STM32H5xx_HAL_Driver/Src/stm32h5xx_hal_fdcan.c ****   *         the configuration information for the specified FDCAN.
3285:Drivers/STM32H5xx_HAL_Driver/Src/stm32h5xx_hal_fdcan.c ****   * @retval None
3286:Drivers/STM32H5xx_HAL_Driver/Src/stm32h5xx_hal_fdcan.c ****   */
3287:Drivers/STM32H5xx_HAL_Driver/Src/stm32h5xx_hal_fdcan.c **** __weak void HAL_FDCAN_TimestampWraparoundCallback(FDCAN_HandleTypeDef *hfdcan)
3288:Drivers/STM32H5xx_HAL_Driver/Src/stm32h5xx_hal_fdcan.c **** {
3289:Drivers/STM32H5xx_HAL_Driver/Src/stm32h5xx_hal_fdcan.c ****   /* Prevent unused argument(s) compilation warning */
3290:Drivers/STM32H5xx_HAL_Driver/Src/stm32h5xx_hal_fdcan.c ****   UNUSED(hfdcan);
3291:Drivers/STM32H5xx_HAL_Driver/Src/stm32h5xx_hal_fdcan.c **** 
3292:Drivers/STM32H5xx_HAL_Driver/Src/stm32h5xx_hal_fdcan.c ****   /* NOTE: This function Should not be modified, when the callback is needed,
3293:Drivers/STM32H5xx_HAL_Driver/Src/stm32h5xx_hal_fdcan.c ****             the HAL_FDCAN_TimestampWraparoundCallback could be implemented in the user file
3294:Drivers/STM32H5xx_HAL_Driver/Src/stm32h5xx_hal_fdcan.c ****    */
3295:Drivers/STM32H5xx_HAL_Driver/Src/stm32h5xx_hal_fdcan.c **** }
3296:Drivers/STM32H5xx_HAL_Driver/Src/stm32h5xx_hal_fdcan.c **** 
3297:Drivers/STM32H5xx_HAL_Driver/Src/stm32h5xx_hal_fdcan.c **** /**
3298:Drivers/STM32H5xx_HAL_Driver/Src/stm32h5xx_hal_fdcan.c ****   * @brief  Timeout Occurred callback.
3299:Drivers/STM32H5xx_HAL_Driver/Src/stm32h5xx_hal_fdcan.c ****   * @param  hfdcan pointer to an FDCAN_HandleTypeDef structure that contains
3300:Drivers/STM32H5xx_HAL_Driver/Src/stm32h5xx_hal_fdcan.c ****   *         the configuration information for the specified FDCAN.
3301:Drivers/STM32H5xx_HAL_Driver/Src/stm32h5xx_hal_fdcan.c ****   * @retval None
3302:Drivers/STM32H5xx_HAL_Driver/Src/stm32h5xx_hal_fdcan.c ****   */
3303:Drivers/STM32H5xx_HAL_Driver/Src/stm32h5xx_hal_fdcan.c **** __weak void HAL_FDCAN_TimeoutOccurredCallback(FDCAN_HandleTypeDef *hfdcan)
3304:Drivers/STM32H5xx_HAL_Driver/Src/stm32h5xx_hal_fdcan.c **** {
3305:Drivers/STM32H5xx_HAL_Driver/Src/stm32h5xx_hal_fdcan.c ****   /* Prevent unused argument(s) compilation warning */
3306:Drivers/STM32H5xx_HAL_Driver/Src/stm32h5xx_hal_fdcan.c ****   UNUSED(hfdcan);
3307:Drivers/STM32H5xx_HAL_Driver/Src/stm32h5xx_hal_fdcan.c **** 
3308:Drivers/STM32H5xx_HAL_Driver/Src/stm32h5xx_hal_fdcan.c ****   /* NOTE: This function Should not be modified, when the callback is needed,
3309:Drivers/STM32H5xx_HAL_Driver/Src/stm32h5xx_hal_fdcan.c ****             the HAL_FDCAN_TimeoutOccurredCallback could be implemented in the user file
3310:Drivers/STM32H5xx_HAL_Driver/Src/stm32h5xx_hal_fdcan.c ****    */
3311:Drivers/STM32H5xx_HAL_Driver/Src/stm32h5xx_hal_fdcan.c **** }
3312:Drivers/STM32H5xx_HAL_Driver/Src/stm32h5xx_hal_fdcan.c **** 
3313:Drivers/STM32H5xx_HAL_Driver/Src/stm32h5xx_hal_fdcan.c **** /**
3314:Drivers/STM32H5xx_HAL_Driver/Src/stm32h5xx_hal_fdcan.c ****   * @brief  High Priority Message callback.
3315:Drivers/STM32H5xx_HAL_Driver/Src/stm32h5xx_hal_fdcan.c ****   * @param  hfdcan pointer to an FDCAN_HandleTypeDef structure that contains
3316:Drivers/STM32H5xx_HAL_Driver/Src/stm32h5xx_hal_fdcan.c ****   *         the configuration information for the specified FDCAN.
3317:Drivers/STM32H5xx_HAL_Driver/Src/stm32h5xx_hal_fdcan.c ****   * @retval None
3318:Drivers/STM32H5xx_HAL_Driver/Src/stm32h5xx_hal_fdcan.c ****   */
3319:Drivers/STM32H5xx_HAL_Driver/Src/stm32h5xx_hal_fdcan.c **** __weak void HAL_FDCAN_HighPriorityMessageCallback(FDCAN_HandleTypeDef *hfdcan)
3320:Drivers/STM32H5xx_HAL_Driver/Src/stm32h5xx_hal_fdcan.c **** {
3321:Drivers/STM32H5xx_HAL_Driver/Src/stm32h5xx_hal_fdcan.c ****   /* Prevent unused argument(s) compilation warning */
3322:Drivers/STM32H5xx_HAL_Driver/Src/stm32h5xx_hal_fdcan.c ****   UNUSED(hfdcan);
3323:Drivers/STM32H5xx_HAL_Driver/Src/stm32h5xx_hal_fdcan.c **** 
3324:Drivers/STM32H5xx_HAL_Driver/Src/stm32h5xx_hal_fdcan.c ****   /* NOTE: This function Should not be modified, when the callback is needed,
3325:Drivers/STM32H5xx_HAL_Driver/Src/stm32h5xx_hal_fdcan.c ****             the HAL_FDCAN_HighPriorityMessageCallback could be implemented in the user file
3326:Drivers/STM32H5xx_HAL_Driver/Src/stm32h5xx_hal_fdcan.c ****    */
3327:Drivers/STM32H5xx_HAL_Driver/Src/stm32h5xx_hal_fdcan.c **** }
3328:Drivers/STM32H5xx_HAL_Driver/Src/stm32h5xx_hal_fdcan.c **** 
3329:Drivers/STM32H5xx_HAL_Driver/Src/stm32h5xx_hal_fdcan.c **** /**
3330:Drivers/STM32H5xx_HAL_Driver/Src/stm32h5xx_hal_fdcan.c ****   * @brief  Error callback.
3331:Drivers/STM32H5xx_HAL_Driver/Src/stm32h5xx_hal_fdcan.c ****   * @param  hfdcan pointer to an FDCAN_HandleTypeDef structure that contains
3332:Drivers/STM32H5xx_HAL_Driver/Src/stm32h5xx_hal_fdcan.c ****   *         the configuration information for the specified FDCAN.
3333:Drivers/STM32H5xx_HAL_Driver/Src/stm32h5xx_hal_fdcan.c ****   * @retval None
3334:Drivers/STM32H5xx_HAL_Driver/Src/stm32h5xx_hal_fdcan.c ****   */
3335:Drivers/STM32H5xx_HAL_Driver/Src/stm32h5xx_hal_fdcan.c **** __weak void HAL_FDCAN_ErrorCallback(FDCAN_HandleTypeDef *hfdcan)
ARM GAS  /tmp/cc1KCPzC.s 			page 60


3336:Drivers/STM32H5xx_HAL_Driver/Src/stm32h5xx_hal_fdcan.c **** {
3337:Drivers/STM32H5xx_HAL_Driver/Src/stm32h5xx_hal_fdcan.c ****   /* Prevent unused argument(s) compilation warning */
3338:Drivers/STM32H5xx_HAL_Driver/Src/stm32h5xx_hal_fdcan.c ****   UNUSED(hfdcan);
3339:Drivers/STM32H5xx_HAL_Driver/Src/stm32h5xx_hal_fdcan.c **** 
3340:Drivers/STM32H5xx_HAL_Driver/Src/stm32h5xx_hal_fdcan.c ****   /* NOTE: This function Should not be modified, when the callback is needed,
3341:Drivers/STM32H5xx_HAL_Driver/Src/stm32h5xx_hal_fdcan.c ****             the HAL_FDCAN_ErrorCallback could be implemented in the user file
3342:Drivers/STM32H5xx_HAL_Driver/Src/stm32h5xx_hal_fdcan.c ****    */
3343:Drivers/STM32H5xx_HAL_Driver/Src/stm32h5xx_hal_fdcan.c **** }
3344:Drivers/STM32H5xx_HAL_Driver/Src/stm32h5xx_hal_fdcan.c **** 
3345:Drivers/STM32H5xx_HAL_Driver/Src/stm32h5xx_hal_fdcan.c **** /**
3346:Drivers/STM32H5xx_HAL_Driver/Src/stm32h5xx_hal_fdcan.c ****   * @brief  Error status callback.
3347:Drivers/STM32H5xx_HAL_Driver/Src/stm32h5xx_hal_fdcan.c ****   * @param  hfdcan pointer to an FDCAN_HandleTypeDef structure that contains
3348:Drivers/STM32H5xx_HAL_Driver/Src/stm32h5xx_hal_fdcan.c ****   *         the configuration information for the specified FDCAN.
3349:Drivers/STM32H5xx_HAL_Driver/Src/stm32h5xx_hal_fdcan.c ****   * @param  ErrorStatusITs indicates which Error Status interrupts are signaled.
3350:Drivers/STM32H5xx_HAL_Driver/Src/stm32h5xx_hal_fdcan.c ****   *         This parameter can be any combination of @arg FDCAN_Error_Status_Interrupts.
3351:Drivers/STM32H5xx_HAL_Driver/Src/stm32h5xx_hal_fdcan.c ****   * @retval None
3352:Drivers/STM32H5xx_HAL_Driver/Src/stm32h5xx_hal_fdcan.c ****   */
3353:Drivers/STM32H5xx_HAL_Driver/Src/stm32h5xx_hal_fdcan.c **** __weak void HAL_FDCAN_ErrorStatusCallback(FDCAN_HandleTypeDef *hfdcan, uint32_t ErrorStatusITs)
3354:Drivers/STM32H5xx_HAL_Driver/Src/stm32h5xx_hal_fdcan.c **** {
3355:Drivers/STM32H5xx_HAL_Driver/Src/stm32h5xx_hal_fdcan.c ****   /* Prevent unused argument(s) compilation warning */
3356:Drivers/STM32H5xx_HAL_Driver/Src/stm32h5xx_hal_fdcan.c ****   UNUSED(hfdcan);
3357:Drivers/STM32H5xx_HAL_Driver/Src/stm32h5xx_hal_fdcan.c ****   UNUSED(ErrorStatusITs);
3358:Drivers/STM32H5xx_HAL_Driver/Src/stm32h5xx_hal_fdcan.c **** 
3359:Drivers/STM32H5xx_HAL_Driver/Src/stm32h5xx_hal_fdcan.c ****   /* NOTE: This function Should not be modified, when the callback is needed,
3360:Drivers/STM32H5xx_HAL_Driver/Src/stm32h5xx_hal_fdcan.c ****             the HAL_FDCAN_ErrorStatusCallback could be implemented in the user file
3361:Drivers/STM32H5xx_HAL_Driver/Src/stm32h5xx_hal_fdcan.c ****    */
3362:Drivers/STM32H5xx_HAL_Driver/Src/stm32h5xx_hal_fdcan.c **** }
3363:Drivers/STM32H5xx_HAL_Driver/Src/stm32h5xx_hal_fdcan.c **** 
3364:Drivers/STM32H5xx_HAL_Driver/Src/stm32h5xx_hal_fdcan.c **** /**
3365:Drivers/STM32H5xx_HAL_Driver/Src/stm32h5xx_hal_fdcan.c ****   * @}
3366:Drivers/STM32H5xx_HAL_Driver/Src/stm32h5xx_hal_fdcan.c ****   */
3367:Drivers/STM32H5xx_HAL_Driver/Src/stm32h5xx_hal_fdcan.c **** 
3368:Drivers/STM32H5xx_HAL_Driver/Src/stm32h5xx_hal_fdcan.c **** /** @defgroup FDCAN_Exported_Functions_Group6 Peripheral State functions
3369:Drivers/STM32H5xx_HAL_Driver/Src/stm32h5xx_hal_fdcan.c ****   *  @brief   FDCAN Peripheral State functions
3370:Drivers/STM32H5xx_HAL_Driver/Src/stm32h5xx_hal_fdcan.c ****   *
3371:Drivers/STM32H5xx_HAL_Driver/Src/stm32h5xx_hal_fdcan.c **** @verbatim
3372:Drivers/STM32H5xx_HAL_Driver/Src/stm32h5xx_hal_fdcan.c ****   ==============================================================================
3373:Drivers/STM32H5xx_HAL_Driver/Src/stm32h5xx_hal_fdcan.c ****                       ##### Peripheral State functions #####
3374:Drivers/STM32H5xx_HAL_Driver/Src/stm32h5xx_hal_fdcan.c ****   ==============================================================================
3375:Drivers/STM32H5xx_HAL_Driver/Src/stm32h5xx_hal_fdcan.c ****     [..]
3376:Drivers/STM32H5xx_HAL_Driver/Src/stm32h5xx_hal_fdcan.c ****     This subsection provides functions allowing to :
3377:Drivers/STM32H5xx_HAL_Driver/Src/stm32h5xx_hal_fdcan.c ****       (+) HAL_FDCAN_GetState()  : Return the FDCAN state.
3378:Drivers/STM32H5xx_HAL_Driver/Src/stm32h5xx_hal_fdcan.c ****       (+) HAL_FDCAN_GetError()  : Return the FDCAN error code if any.
3379:Drivers/STM32H5xx_HAL_Driver/Src/stm32h5xx_hal_fdcan.c **** 
3380:Drivers/STM32H5xx_HAL_Driver/Src/stm32h5xx_hal_fdcan.c **** @endverbatim
3381:Drivers/STM32H5xx_HAL_Driver/Src/stm32h5xx_hal_fdcan.c ****   * @{
3382:Drivers/STM32H5xx_HAL_Driver/Src/stm32h5xx_hal_fdcan.c ****   */
3383:Drivers/STM32H5xx_HAL_Driver/Src/stm32h5xx_hal_fdcan.c **** /**
3384:Drivers/STM32H5xx_HAL_Driver/Src/stm32h5xx_hal_fdcan.c ****   * @brief  Return the FDCAN state
3385:Drivers/STM32H5xx_HAL_Driver/Src/stm32h5xx_hal_fdcan.c ****   * @param  hfdcan pointer to an FDCAN_HandleTypeDef structure that contains
3386:Drivers/STM32H5xx_HAL_Driver/Src/stm32h5xx_hal_fdcan.c ****   *         the configuration information for the specified FDCAN.
3387:Drivers/STM32H5xx_HAL_Driver/Src/stm32h5xx_hal_fdcan.c ****   * @retval HAL state
3388:Drivers/STM32H5xx_HAL_Driver/Src/stm32h5xx_hal_fdcan.c ****   */
3389:Drivers/STM32H5xx_HAL_Driver/Src/stm32h5xx_hal_fdcan.c **** HAL_FDCAN_StateTypeDef HAL_FDCAN_GetState(const FDCAN_HandleTypeDef *hfdcan)
3390:Drivers/STM32H5xx_HAL_Driver/Src/stm32h5xx_hal_fdcan.c **** {
3391:Drivers/STM32H5xx_HAL_Driver/Src/stm32h5xx_hal_fdcan.c ****   /* Return FDCAN state */
3392:Drivers/STM32H5xx_HAL_Driver/Src/stm32h5xx_hal_fdcan.c ****   return hfdcan->State;
ARM GAS  /tmp/cc1KCPzC.s 			page 61


3393:Drivers/STM32H5xx_HAL_Driver/Src/stm32h5xx_hal_fdcan.c **** }
3394:Drivers/STM32H5xx_HAL_Driver/Src/stm32h5xx_hal_fdcan.c **** 
3395:Drivers/STM32H5xx_HAL_Driver/Src/stm32h5xx_hal_fdcan.c **** /**
3396:Drivers/STM32H5xx_HAL_Driver/Src/stm32h5xx_hal_fdcan.c ****   * @brief  Return the FDCAN error code
3397:Drivers/STM32H5xx_HAL_Driver/Src/stm32h5xx_hal_fdcan.c ****   * @param  hfdcan pointer to an FDCAN_HandleTypeDef structure that contains
3398:Drivers/STM32H5xx_HAL_Driver/Src/stm32h5xx_hal_fdcan.c ****   *         the configuration information for the specified FDCAN.
3399:Drivers/STM32H5xx_HAL_Driver/Src/stm32h5xx_hal_fdcan.c ****   * @retval FDCAN Error Code
3400:Drivers/STM32H5xx_HAL_Driver/Src/stm32h5xx_hal_fdcan.c ****   */
3401:Drivers/STM32H5xx_HAL_Driver/Src/stm32h5xx_hal_fdcan.c **** uint32_t HAL_FDCAN_GetError(const FDCAN_HandleTypeDef *hfdcan)
3402:Drivers/STM32H5xx_HAL_Driver/Src/stm32h5xx_hal_fdcan.c **** {
3403:Drivers/STM32H5xx_HAL_Driver/Src/stm32h5xx_hal_fdcan.c ****   /* Return FDCAN error code */
3404:Drivers/STM32H5xx_HAL_Driver/Src/stm32h5xx_hal_fdcan.c ****   return hfdcan->ErrorCode;
3405:Drivers/STM32H5xx_HAL_Driver/Src/stm32h5xx_hal_fdcan.c **** }
3406:Drivers/STM32H5xx_HAL_Driver/Src/stm32h5xx_hal_fdcan.c **** 
3407:Drivers/STM32H5xx_HAL_Driver/Src/stm32h5xx_hal_fdcan.c **** /**
3408:Drivers/STM32H5xx_HAL_Driver/Src/stm32h5xx_hal_fdcan.c ****   * @}
3409:Drivers/STM32H5xx_HAL_Driver/Src/stm32h5xx_hal_fdcan.c ****   */
3410:Drivers/STM32H5xx_HAL_Driver/Src/stm32h5xx_hal_fdcan.c **** 
3411:Drivers/STM32H5xx_HAL_Driver/Src/stm32h5xx_hal_fdcan.c **** /**
3412:Drivers/STM32H5xx_HAL_Driver/Src/stm32h5xx_hal_fdcan.c ****   * @}
3413:Drivers/STM32H5xx_HAL_Driver/Src/stm32h5xx_hal_fdcan.c ****   */
3414:Drivers/STM32H5xx_HAL_Driver/Src/stm32h5xx_hal_fdcan.c **** 
3415:Drivers/STM32H5xx_HAL_Driver/Src/stm32h5xx_hal_fdcan.c **** /** @defgroup FDCAN_Private_Functions FDCAN Private Functions
3416:Drivers/STM32H5xx_HAL_Driver/Src/stm32h5xx_hal_fdcan.c ****   * @{
3417:Drivers/STM32H5xx_HAL_Driver/Src/stm32h5xx_hal_fdcan.c ****   */
3418:Drivers/STM32H5xx_HAL_Driver/Src/stm32h5xx_hal_fdcan.c **** 
3419:Drivers/STM32H5xx_HAL_Driver/Src/stm32h5xx_hal_fdcan.c **** /**
3420:Drivers/STM32H5xx_HAL_Driver/Src/stm32h5xx_hal_fdcan.c ****   * @brief  Calculate each RAM block start address and size
3421:Drivers/STM32H5xx_HAL_Driver/Src/stm32h5xx_hal_fdcan.c ****   * @param  hfdcan pointer to an FDCAN_HandleTypeDef structure that contains
3422:Drivers/STM32H5xx_HAL_Driver/Src/stm32h5xx_hal_fdcan.c ****   *         the configuration information for the specified FDCAN.
3423:Drivers/STM32H5xx_HAL_Driver/Src/stm32h5xx_hal_fdcan.c ****   * @retval none
3424:Drivers/STM32H5xx_HAL_Driver/Src/stm32h5xx_hal_fdcan.c ****  */
3425:Drivers/STM32H5xx_HAL_Driver/Src/stm32h5xx_hal_fdcan.c **** static void FDCAN_CalcultateRamBlockAddresses(FDCAN_HandleTypeDef *hfdcan)
3426:Drivers/STM32H5xx_HAL_Driver/Src/stm32h5xx_hal_fdcan.c **** {
  30              		.loc 1 3426 1 view -0
  31              		.cfi_startproc
  32              		@ args = 0, pretend = 0, frame = 0
  33              		@ frame_needed = 0, uses_anonymous_args = 0
  34              		@ link register save eliminated.
  35              		.loc 1 3426 1 is_stmt 0 view .LVU1
  36 0000 10B4     		push	{r4}
  37              	.LCFI0:
  38              		.cfi_def_cfa_offset 4
  39              		.cfi_offset 4, -4
3427:Drivers/STM32H5xx_HAL_Driver/Src/stm32h5xx_hal_fdcan.c ****   uint32_t RAMcounter;
  40              		.loc 1 3427 3 is_stmt 1 view .LVU2
3428:Drivers/STM32H5xx_HAL_Driver/Src/stm32h5xx_hal_fdcan.c ****   uint32_t SramCanInstanceBase = SRAMCAN_BASE;
  41              		.loc 1 3428 3 view .LVU3
  42              	.LVL1:
3429:Drivers/STM32H5xx_HAL_Driver/Src/stm32h5xx_hal_fdcan.c **** #if defined(FDCAN2)
3430:Drivers/STM32H5xx_HAL_Driver/Src/stm32h5xx_hal_fdcan.c **** 
3431:Drivers/STM32H5xx_HAL_Driver/Src/stm32h5xx_hal_fdcan.c ****   if (hfdcan->Instance == FDCAN2)
  43              		.loc 1 3431 3 view .LVU4
  44              		.loc 1 3431 13 is_stmt 0 view .LVU5
  45 0002 0268     		ldr	r2, [r0]
  46              		.loc 1 3431 6 view .LVU6
  47 0004 1A4B     		ldr	r3, .L7
ARM GAS  /tmp/cc1KCPzC.s 			page 62


  48 0006 9A42     		cmp	r2, r3
  49 0008 25D0     		beq	.L5
3428:Drivers/STM32H5xx_HAL_Driver/Src/stm32h5xx_hal_fdcan.c ****   uint32_t SramCanInstanceBase = SRAMCAN_BASE;
  50              		.loc 1 3428 12 view .LVU7
  51 000a 1A49     		ldr	r1, .L7+4
  52              	.L2:
  53              	.LVL2:
3432:Drivers/STM32H5xx_HAL_Driver/Src/stm32h5xx_hal_fdcan.c ****   {
3433:Drivers/STM32H5xx_HAL_Driver/Src/stm32h5xx_hal_fdcan.c ****     SramCanInstanceBase += SRAMCAN_SIZE;
3434:Drivers/STM32H5xx_HAL_Driver/Src/stm32h5xx_hal_fdcan.c ****   }
3435:Drivers/STM32H5xx_HAL_Driver/Src/stm32h5xx_hal_fdcan.c **** #endif /* FDCAN2 */
3436:Drivers/STM32H5xx_HAL_Driver/Src/stm32h5xx_hal_fdcan.c **** #if defined(FDCAN3)
3437:Drivers/STM32H5xx_HAL_Driver/Src/stm32h5xx_hal_fdcan.c ****   if (hfdcan->Instance == FDCAN3)
3438:Drivers/STM32H5xx_HAL_Driver/Src/stm32h5xx_hal_fdcan.c ****   {
3439:Drivers/STM32H5xx_HAL_Driver/Src/stm32h5xx_hal_fdcan.c ****     SramCanInstanceBase += SRAMCAN_SIZE * 2U;
3440:Drivers/STM32H5xx_HAL_Driver/Src/stm32h5xx_hal_fdcan.c ****   }
3441:Drivers/STM32H5xx_HAL_Driver/Src/stm32h5xx_hal_fdcan.c **** #endif /* FDCAN3 */
3442:Drivers/STM32H5xx_HAL_Driver/Src/stm32h5xx_hal_fdcan.c **** 
3443:Drivers/STM32H5xx_HAL_Driver/Src/stm32h5xx_hal_fdcan.c ****   /* Standard filter list start address */
3444:Drivers/STM32H5xx_HAL_Driver/Src/stm32h5xx_hal_fdcan.c ****   hfdcan->msgRam.StandardFilterSA = SramCanInstanceBase + SRAMCAN_FLSSA;
  54              		.loc 1 3444 3 is_stmt 1 view .LVU8
  55              		.loc 1 3444 35 is_stmt 0 view .LVU9
  56 000c 0164     		str	r1, [r0, #64]
3445:Drivers/STM32H5xx_HAL_Driver/Src/stm32h5xx_hal_fdcan.c **** 
3446:Drivers/STM32H5xx_HAL_Driver/Src/stm32h5xx_hal_fdcan.c ****   /* Standard filter elements number */
3447:Drivers/STM32H5xx_HAL_Driver/Src/stm32h5xx_hal_fdcan.c ****   MODIFY_REG(hfdcan->Instance->RXGFC, FDCAN_RXGFC_LSS, (hfdcan->Init.StdFiltersNbr << FDCAN_RXGFC_L
  57              		.loc 1 3447 3 is_stmt 1 view .LVU10
  58 000e D2F88030 		ldr	r3, [r2, #128]
  59 0012 23F4F813 		bic	r3, r3, #2031616
  60 0016 446B     		ldr	r4, [r0, #52]
  61 0018 43EA0443 		orr	r3, r3, r4, lsl #16
  62 001c C2F88030 		str	r3, [r2, #128]
3448:Drivers/STM32H5xx_HAL_Driver/Src/stm32h5xx_hal_fdcan.c **** 
3449:Drivers/STM32H5xx_HAL_Driver/Src/stm32h5xx_hal_fdcan.c ****   /* Extended filter list start address */
3450:Drivers/STM32H5xx_HAL_Driver/Src/stm32h5xx_hal_fdcan.c ****   hfdcan->msgRam.ExtendedFilterSA = SramCanInstanceBase + SRAMCAN_FLESA;
  63              		.loc 1 3450 3 view .LVU11
  64              		.loc 1 3450 57 is_stmt 0 view .LVU12
  65 0020 01F17003 		add	r3, r1, #112
  66              		.loc 1 3450 35 view .LVU13
  67 0024 4364     		str	r3, [r0, #68]
3451:Drivers/STM32H5xx_HAL_Driver/Src/stm32h5xx_hal_fdcan.c **** 
3452:Drivers/STM32H5xx_HAL_Driver/Src/stm32h5xx_hal_fdcan.c ****   /* Extended filter elements number */
3453:Drivers/STM32H5xx_HAL_Driver/Src/stm32h5xx_hal_fdcan.c ****   MODIFY_REG(hfdcan->Instance->RXGFC, FDCAN_RXGFC_LSE, (hfdcan->Init.ExtFiltersNbr << FDCAN_RXGFC_L
  68              		.loc 1 3453 3 is_stmt 1 view .LVU14
  69 0026 0268     		ldr	r2, [r0]
  70 0028 D2F88030 		ldr	r3, [r2, #128]
  71 002c 23F07063 		bic	r3, r3, #251658240
  72 0030 846B     		ldr	r4, [r0, #56]
  73 0032 43EA0463 		orr	r3, r3, r4, lsl #24
  74 0036 C2F88030 		str	r3, [r2, #128]
3454:Drivers/STM32H5xx_HAL_Driver/Src/stm32h5xx_hal_fdcan.c **** 
3455:Drivers/STM32H5xx_HAL_Driver/Src/stm32h5xx_hal_fdcan.c ****   /* Rx FIFO 0 start address */
3456:Drivers/STM32H5xx_HAL_Driver/Src/stm32h5xx_hal_fdcan.c ****   hfdcan->msgRam.RxFIFO0SA = SramCanInstanceBase + SRAMCAN_RF0SA;
  75              		.loc 1 3456 3 view .LVU15
  76              		.loc 1 3456 50 is_stmt 0 view .LVU16
  77 003a 01F1B003 		add	r3, r1, #176
  78              		.loc 1 3456 28 view .LVU17
ARM GAS  /tmp/cc1KCPzC.s 			page 63


  79 003e 8364     		str	r3, [r0, #72]
3457:Drivers/STM32H5xx_HAL_Driver/Src/stm32h5xx_hal_fdcan.c **** 
3458:Drivers/STM32H5xx_HAL_Driver/Src/stm32h5xx_hal_fdcan.c ****   /* Rx FIFO 1 start address */
3459:Drivers/STM32H5xx_HAL_Driver/Src/stm32h5xx_hal_fdcan.c ****   hfdcan->msgRam.RxFIFO1SA = SramCanInstanceBase + SRAMCAN_RF1SA;
  80              		.loc 1 3459 3 is_stmt 1 view .LVU18
  81              		.loc 1 3459 50 is_stmt 0 view .LVU19
  82 0040 01F5C473 		add	r3, r1, #392
  83              		.loc 1 3459 28 view .LVU20
  84 0044 C364     		str	r3, [r0, #76]
3460:Drivers/STM32H5xx_HAL_Driver/Src/stm32h5xx_hal_fdcan.c **** 
3461:Drivers/STM32H5xx_HAL_Driver/Src/stm32h5xx_hal_fdcan.c ****   /* Tx event FIFO start address */
3462:Drivers/STM32H5xx_HAL_Driver/Src/stm32h5xx_hal_fdcan.c ****   hfdcan->msgRam.TxEventFIFOSA = SramCanInstanceBase + SRAMCAN_TEFSA;
  85              		.loc 1 3462 3 is_stmt 1 view .LVU21
  86              		.loc 1 3462 54 is_stmt 0 view .LVU22
  87 0046 01F51873 		add	r3, r1, #608
  88              		.loc 1 3462 32 view .LVU23
  89 004a 0365     		str	r3, [r0, #80]
3463:Drivers/STM32H5xx_HAL_Driver/Src/stm32h5xx_hal_fdcan.c **** 
3464:Drivers/STM32H5xx_HAL_Driver/Src/stm32h5xx_hal_fdcan.c ****   /* Tx FIFO/queue start address */
3465:Drivers/STM32H5xx_HAL_Driver/Src/stm32h5xx_hal_fdcan.c ****   hfdcan->msgRam.TxFIFOQSA = SramCanInstanceBase + SRAMCAN_TFQSA;
  90              		.loc 1 3465 3 is_stmt 1 view .LVU24
  91              		.loc 1 3465 50 is_stmt 0 view .LVU25
  92 004c 01F51E73 		add	r3, r1, #632
  93              		.loc 1 3465 28 view .LVU26
  94 0050 4365     		str	r3, [r0, #84]
3466:Drivers/STM32H5xx_HAL_Driver/Src/stm32h5xx_hal_fdcan.c **** 
3467:Drivers/STM32H5xx_HAL_Driver/Src/stm32h5xx_hal_fdcan.c ****   /* Flush the allocated Message RAM area */
3468:Drivers/STM32H5xx_HAL_Driver/Src/stm32h5xx_hal_fdcan.c ****   for (RAMcounter = SramCanInstanceBase; RAMcounter < (SramCanInstanceBase + SRAMCAN_SIZE); RAMcoun
  95              		.loc 1 3468 3 is_stmt 1 view .LVU27
  96              	.LVL3:
  97              		.loc 1 3468 19 is_stmt 0 view .LVU28
  98 0052 0B46     		mov	r3, r1
  99              		.loc 1 3468 3 view .LVU29
 100 0054 04E0     		b	.L3
 101              	.LVL4:
 102              	.L5:
3433:Drivers/STM32H5xx_HAL_Driver/Src/stm32h5xx_hal_fdcan.c ****   }
 103              		.loc 1 3433 25 view .LVU30
 104 0056 0849     		ldr	r1, .L7+8
 105 0058 D8E7     		b	.L2
 106              	.LVL5:
 107              	.L4:
3469:Drivers/STM32H5xx_HAL_Driver/Src/stm32h5xx_hal_fdcan.c ****   {
3470:Drivers/STM32H5xx_HAL_Driver/Src/stm32h5xx_hal_fdcan.c ****     *(uint32_t *)(RAMcounter) = 0x00000000U;
 108              		.loc 1 3470 5 is_stmt 1 view .LVU31
 109              		.loc 1 3470 31 is_stmt 0 view .LVU32
 110 005a 0022     		movs	r2, #0
 111 005c 43F8042B 		str	r2, [r3], #4
 112              	.LVL6:
3468:Drivers/STM32H5xx_HAL_Driver/Src/stm32h5xx_hal_fdcan.c ****   {
 113              		.loc 1 3468 104 is_stmt 1 discriminator 3 view .LVU33
 114              	.L3:
3468:Drivers/STM32H5xx_HAL_Driver/Src/stm32h5xx_hal_fdcan.c ****   {
 115              		.loc 1 3468 53 discriminator 1 view .LVU34
3468:Drivers/STM32H5xx_HAL_Driver/Src/stm32h5xx_hal_fdcan.c ****   {
 116              		.loc 1 3468 76 is_stmt 0 discriminator 1 view .LVU35
 117 0060 01F55472 		add	r2, r1, #848
ARM GAS  /tmp/cc1KCPzC.s 			page 64


3468:Drivers/STM32H5xx_HAL_Driver/Src/stm32h5xx_hal_fdcan.c ****   {
 118              		.loc 1 3468 53 discriminator 1 view .LVU36
 119 0064 9A42     		cmp	r2, r3
 120 0066 F8D8     		bhi	.L4
3471:Drivers/STM32H5xx_HAL_Driver/Src/stm32h5xx_hal_fdcan.c ****   }
3472:Drivers/STM32H5xx_HAL_Driver/Src/stm32h5xx_hal_fdcan.c **** }
 121              		.loc 1 3472 1 view .LVU37
 122 0068 5DF8044B 		ldr	r4, [sp], #4
 123              	.LCFI1:
 124              		.cfi_restore 4
 125              		.cfi_def_cfa_offset 0
 126 006c 7047     		bx	lr
 127              	.L8:
 128 006e 00BF     		.align	2
 129              	.L7:
 130 0070 00A80040 		.word	1073784832
 131 0074 00AC0040 		.word	1073785856
 132 0078 50AF0040 		.word	1073786704
 133              		.cfi_endproc
 134              	.LFE217:
 136              		.section	.text.FDCAN_CopyMessageToRAM,"ax",%progbits
 137              		.align	1
 138              		.syntax unified
 139              		.thumb
 140              		.thumb_func
 142              	FDCAN_CopyMessageToRAM:
 143              	.LVL7:
 144              	.LFB218:
3473:Drivers/STM32H5xx_HAL_Driver/Src/stm32h5xx_hal_fdcan.c **** 
3474:Drivers/STM32H5xx_HAL_Driver/Src/stm32h5xx_hal_fdcan.c **** /**
3475:Drivers/STM32H5xx_HAL_Driver/Src/stm32h5xx_hal_fdcan.c ****   * @brief  Copy Tx message to the message RAM.
3476:Drivers/STM32H5xx_HAL_Driver/Src/stm32h5xx_hal_fdcan.c ****   * @param  hfdcan pointer to an FDCAN_HandleTypeDef structure that contains
3477:Drivers/STM32H5xx_HAL_Driver/Src/stm32h5xx_hal_fdcan.c ****   *         the configuration information for the specified FDCAN.
3478:Drivers/STM32H5xx_HAL_Driver/Src/stm32h5xx_hal_fdcan.c ****   * @param  pTxHeader pointer to a FDCAN_TxHeaderTypeDef structure.
3479:Drivers/STM32H5xx_HAL_Driver/Src/stm32h5xx_hal_fdcan.c ****   * @param  pTxData pointer to a buffer containing the payload of the Tx frame.
3480:Drivers/STM32H5xx_HAL_Driver/Src/stm32h5xx_hal_fdcan.c ****   * @param  BufferIndex index of the buffer to be configured.
3481:Drivers/STM32H5xx_HAL_Driver/Src/stm32h5xx_hal_fdcan.c ****   * @retval none
3482:Drivers/STM32H5xx_HAL_Driver/Src/stm32h5xx_hal_fdcan.c ****  */
3483:Drivers/STM32H5xx_HAL_Driver/Src/stm32h5xx_hal_fdcan.c **** static void FDCAN_CopyMessageToRAM(const FDCAN_HandleTypeDef *hfdcan, const FDCAN_TxHeaderTypeDef *
3484:Drivers/STM32H5xx_HAL_Driver/Src/stm32h5xx_hal_fdcan.c ****                                    const uint8_t *pTxData, uint32_t BufferIndex)
3485:Drivers/STM32H5xx_HAL_Driver/Src/stm32h5xx_hal_fdcan.c **** {
 145              		.loc 1 3485 1 is_stmt 1 view -0
 146              		.cfi_startproc
 147              		@ args = 0, pretend = 0, frame = 0
 148              		@ frame_needed = 0, uses_anonymous_args = 0
 149              		.loc 1 3485 1 is_stmt 0 view .LVU39
 150 0000 70B5     		push	{r4, r5, r6, lr}
 151              	.LCFI2:
 152              		.cfi_def_cfa_offset 16
 153              		.cfi_offset 4, -16
 154              		.cfi_offset 5, -12
 155              		.cfi_offset 6, -8
 156              		.cfi_offset 14, -4
3486:Drivers/STM32H5xx_HAL_Driver/Src/stm32h5xx_hal_fdcan.c ****   uint32_t TxElementW1;
 157              		.loc 1 3486 3 is_stmt 1 view .LVU40
3487:Drivers/STM32H5xx_HAL_Driver/Src/stm32h5xx_hal_fdcan.c ****   uint32_t TxElementW2;
 158              		.loc 1 3487 3 view .LVU41
ARM GAS  /tmp/cc1KCPzC.s 			page 65


3488:Drivers/STM32H5xx_HAL_Driver/Src/stm32h5xx_hal_fdcan.c ****   uint32_t *TxAddress;
 159              		.loc 1 3488 3 view .LVU42
3489:Drivers/STM32H5xx_HAL_Driver/Src/stm32h5xx_hal_fdcan.c ****   uint32_t ByteCounter;
 160              		.loc 1 3489 3 view .LVU43
3490:Drivers/STM32H5xx_HAL_Driver/Src/stm32h5xx_hal_fdcan.c **** 
3491:Drivers/STM32H5xx_HAL_Driver/Src/stm32h5xx_hal_fdcan.c ****   /* Build first word of Tx header element */
3492:Drivers/STM32H5xx_HAL_Driver/Src/stm32h5xx_hal_fdcan.c ****   if (pTxHeader->IdType == FDCAN_STANDARD_ID)
 161              		.loc 1 3492 3 view .LVU44
 162              		.loc 1 3492 16 is_stmt 0 view .LVU45
 163 0002 4C68     		ldr	r4, [r1, #4]
 164              		.loc 1 3492 6 view .LVU46
 165 0004 ECB9     		cbnz	r4, .L10
3493:Drivers/STM32H5xx_HAL_Driver/Src/stm32h5xx_hal_fdcan.c ****   {
3494:Drivers/STM32H5xx_HAL_Driver/Src/stm32h5xx_hal_fdcan.c ****     TxElementW1 = (pTxHeader->ErrorStateIndicator |
 166              		.loc 1 3494 5 is_stmt 1 view .LVU47
 167              		.loc 1 3494 29 is_stmt 0 view .LVU48
 168 0006 0D69     		ldr	r5, [r1, #16]
3495:Drivers/STM32H5xx_HAL_Driver/Src/stm32h5xx_hal_fdcan.c ****                    FDCAN_STANDARD_ID |
3496:Drivers/STM32H5xx_HAL_Driver/Src/stm32h5xx_hal_fdcan.c ****                    pTxHeader->TxFrameType |
 169              		.loc 1 3496 29 view .LVU49
 170 0008 8C68     		ldr	r4, [r1, #8]
3495:Drivers/STM32H5xx_HAL_Driver/Src/stm32h5xx_hal_fdcan.c ****                    FDCAN_STANDARD_ID |
 171              		.loc 1 3495 38 view .LVU50
 172 000a 2543     		orrs	r5, r5, r4
3497:Drivers/STM32H5xx_HAL_Driver/Src/stm32h5xx_hal_fdcan.c ****                    (pTxHeader->Identifier << 18U));
 173              		.loc 1 3497 30 view .LVU51
 174 000c 0C68     		ldr	r4, [r1]
3494:Drivers/STM32H5xx_HAL_Driver/Src/stm32h5xx_hal_fdcan.c ****                    FDCAN_STANDARD_ID |
 175              		.loc 1 3494 17 view .LVU52
 176 000e 45EA8445 		orr	r5, r5, r4, lsl #18
 177              	.LVL8:
 178              	.L11:
3498:Drivers/STM32H5xx_HAL_Driver/Src/stm32h5xx_hal_fdcan.c ****   }
3499:Drivers/STM32H5xx_HAL_Driver/Src/stm32h5xx_hal_fdcan.c ****   else /* pTxHeader->IdType == FDCAN_EXTENDED_ID */
3500:Drivers/STM32H5xx_HAL_Driver/Src/stm32h5xx_hal_fdcan.c ****   {
3501:Drivers/STM32H5xx_HAL_Driver/Src/stm32h5xx_hal_fdcan.c ****     TxElementW1 = (pTxHeader->ErrorStateIndicator |
3502:Drivers/STM32H5xx_HAL_Driver/Src/stm32h5xx_hal_fdcan.c ****                    FDCAN_EXTENDED_ID |
3503:Drivers/STM32H5xx_HAL_Driver/Src/stm32h5xx_hal_fdcan.c ****                    pTxHeader->TxFrameType |
3504:Drivers/STM32H5xx_HAL_Driver/Src/stm32h5xx_hal_fdcan.c ****                    pTxHeader->Identifier);
3505:Drivers/STM32H5xx_HAL_Driver/Src/stm32h5xx_hal_fdcan.c ****   }
3506:Drivers/STM32H5xx_HAL_Driver/Src/stm32h5xx_hal_fdcan.c **** 
3507:Drivers/STM32H5xx_HAL_Driver/Src/stm32h5xx_hal_fdcan.c ****   /* Build second word of Tx header element */
3508:Drivers/STM32H5xx_HAL_Driver/Src/stm32h5xx_hal_fdcan.c ****   TxElementW2 = ((pTxHeader->MessageMarker << 24U) |
 179              		.loc 1 3508 3 is_stmt 1 view .LVU53
3509:Drivers/STM32H5xx_HAL_Driver/Src/stm32h5xx_hal_fdcan.c ****                  pTxHeader->TxEventFifoControl |
 180              		.loc 1 3509 27 is_stmt 0 view .LVU54
 181 0012 CC69     		ldr	r4, [r1, #28]
3508:Drivers/STM32H5xx_HAL_Driver/Src/stm32h5xx_hal_fdcan.c ****                  pTxHeader->TxEventFifoControl |
 182              		.loc 1 3508 52 view .LVU55
 183 0014 0E6A     		ldr	r6, [r1, #32]
 184 0016 44EA0664 		orr	r4, r4, r6, lsl #24
 185              		.loc 1 3509 48 view .LVU56
 186 001a 8E69     		ldr	r6, [r1, #24]
 187 001c 3443     		orrs	r4, r4, r6
3510:Drivers/STM32H5xx_HAL_Driver/Src/stm32h5xx_hal_fdcan.c ****                  pTxHeader->FDFormat |
 188              		.loc 1 3510 38 view .LVU57
 189 001e 4E69     		ldr	r6, [r1, #20]
ARM GAS  /tmp/cc1KCPzC.s 			page 66


 190 0020 3443     		orrs	r4, r4, r6
3508:Drivers/STM32H5xx_HAL_Driver/Src/stm32h5xx_hal_fdcan.c ****                  pTxHeader->TxEventFifoControl |
 191              		.loc 1 3508 15 view .LVU58
 192 0022 CE68     		ldr	r6, [r1, #12]
 193 0024 44EA0644 		orr	r4, r4, r6, lsl #16
 194              	.LVL9:
3511:Drivers/STM32H5xx_HAL_Driver/Src/stm32h5xx_hal_fdcan.c ****                  pTxHeader->BitRateSwitch |
3512:Drivers/STM32H5xx_HAL_Driver/Src/stm32h5xx_hal_fdcan.c ****                  (pTxHeader->DataLength << 16U));
3513:Drivers/STM32H5xx_HAL_Driver/Src/stm32h5xx_hal_fdcan.c **** 
3514:Drivers/STM32H5xx_HAL_Driver/Src/stm32h5xx_hal_fdcan.c ****   /* Calculate Tx element address */
3515:Drivers/STM32H5xx_HAL_Driver/Src/stm32h5xx_hal_fdcan.c ****   TxAddress = (uint32_t *)(hfdcan->msgRam.TxFIFOQSA + (BufferIndex * SRAMCAN_TFQ_SIZE));
 195              		.loc 1 3515 3 is_stmt 1 view .LVU59
 196              		.loc 1 3515 42 is_stmt 0 view .LVU60
 197 0028 406D     		ldr	r0, [r0, #84]
 198              	.LVL10:
 199              		.loc 1 3515 68 view .LVU61
 200 002a 03EBC303 		add	r3, r3, r3, lsl #3
 201              	.LVL11:
 202              		.loc 1 3515 53 view .LVU62
 203 002e 00EBC30E 		add	lr, r0, r3, lsl #3
 204              	.LVL12:
3516:Drivers/STM32H5xx_HAL_Driver/Src/stm32h5xx_hal_fdcan.c **** 
3517:Drivers/STM32H5xx_HAL_Driver/Src/stm32h5xx_hal_fdcan.c ****   /* Write Tx element header to the message RAM */
3518:Drivers/STM32H5xx_HAL_Driver/Src/stm32h5xx_hal_fdcan.c ****   *TxAddress = TxElementW1;
 205              		.loc 1 3518 3 is_stmt 1 view .LVU63
 206              		.loc 1 3518 14 is_stmt 0 view .LVU64
 207 0032 40F83350 		str	r5, [r0, r3, lsl #3]
3519:Drivers/STM32H5xx_HAL_Driver/Src/stm32h5xx_hal_fdcan.c ****   TxAddress++;
 208              		.loc 1 3519 3 is_stmt 1 view .LVU65
 209              	.LVL13:
3520:Drivers/STM32H5xx_HAL_Driver/Src/stm32h5xx_hal_fdcan.c ****   *TxAddress = TxElementW2;
 210              		.loc 1 3520 3 view .LVU66
 211              		.loc 1 3520 14 is_stmt 0 view .LVU67
 212 0036 CEF80440 		str	r4, [lr, #4]
3521:Drivers/STM32H5xx_HAL_Driver/Src/stm32h5xx_hal_fdcan.c ****   TxAddress++;
 213              		.loc 1 3521 3 is_stmt 1 view .LVU68
 214              		.loc 1 3521 12 is_stmt 0 view .LVU69
 215 003a 0EF1080E 		add	lr, lr, #8
 216              	.LVL14:
3522:Drivers/STM32H5xx_HAL_Driver/Src/stm32h5xx_hal_fdcan.c **** 
3523:Drivers/STM32H5xx_HAL_Driver/Src/stm32h5xx_hal_fdcan.c ****   /* Write Tx payload to the message RAM */
3524:Drivers/STM32H5xx_HAL_Driver/Src/stm32h5xx_hal_fdcan.c ****   for (ByteCounter = 0; ByteCounter < DLCtoBytes[pTxHeader->DataLength]; ByteCounter += 4U)
 217              		.loc 1 3524 3 is_stmt 1 view .LVU70
 218              		.loc 1 3524 20 is_stmt 0 view .LVU71
 219 003e 0020     		movs	r0, #0
 220              		.loc 1 3524 3 view .LVU72
 221 0040 19E0     		b	.L12
 222              	.LVL15:
 223              	.L10:
3501:Drivers/STM32H5xx_HAL_Driver/Src/stm32h5xx_hal_fdcan.c ****                    FDCAN_EXTENDED_ID |
 224              		.loc 1 3501 5 is_stmt 1 view .LVU73
3501:Drivers/STM32H5xx_HAL_Driver/Src/stm32h5xx_hal_fdcan.c ****                    FDCAN_EXTENDED_ID |
 225              		.loc 1 3501 29 is_stmt 0 view .LVU74
 226 0042 0C69     		ldr	r4, [r1, #16]
3503:Drivers/STM32H5xx_HAL_Driver/Src/stm32h5xx_hal_fdcan.c ****                    pTxHeader->Identifier);
 227              		.loc 1 3503 29 view .LVU75
 228 0044 8D68     		ldr	r5, [r1, #8]
ARM GAS  /tmp/cc1KCPzC.s 			page 67


3502:Drivers/STM32H5xx_HAL_Driver/Src/stm32h5xx_hal_fdcan.c ****                    pTxHeader->TxFrameType |
 229              		.loc 1 3502 38 view .LVU76
 230 0046 2543     		orrs	r5, r5, r4
3504:Drivers/STM32H5xx_HAL_Driver/Src/stm32h5xx_hal_fdcan.c ****   }
 231              		.loc 1 3504 29 view .LVU77
 232 0048 0C68     		ldr	r4, [r1]
3503:Drivers/STM32H5xx_HAL_Driver/Src/stm32h5xx_hal_fdcan.c ****                    pTxHeader->Identifier);
 233              		.loc 1 3503 43 view .LVU78
 234 004a 2543     		orrs	r5, r5, r4
3501:Drivers/STM32H5xx_HAL_Driver/Src/stm32h5xx_hal_fdcan.c ****                    FDCAN_EXTENDED_ID |
 235              		.loc 1 3501 17 view .LVU79
 236 004c 45F08045 		orr	r5, r5, #1073741824
 237              	.LVL16:
3501:Drivers/STM32H5xx_HAL_Driver/Src/stm32h5xx_hal_fdcan.c ****                    FDCAN_EXTENDED_ID |
 238              		.loc 1 3501 17 view .LVU80
 239 0050 DFE7     		b	.L11
 240              	.LVL17:
 241              	.L13:
3525:Drivers/STM32H5xx_HAL_Driver/Src/stm32h5xx_hal_fdcan.c ****   {
3526:Drivers/STM32H5xx_HAL_Driver/Src/stm32h5xx_hal_fdcan.c ****     *TxAddress = (((uint32_t)pTxData[ByteCounter + 3U] << 24U) |
 242              		.loc 1 3526 5 is_stmt 1 view .LVU81
 243              		.loc 1 3526 37 is_stmt 0 view .LVU82
 244 0052 02EB000C 		add	ip, r2, r0
 245 0056 9CF80340 		ldrb	r4, [ip, #3]	@ zero_extendqisi2
3527:Drivers/STM32H5xx_HAL_Driver/Src/stm32h5xx_hal_fdcan.c ****                   ((uint32_t)pTxData[ByteCounter + 2U] << 16U) |
 246              		.loc 1 3527 37 view .LVU83
 247 005a 9CF80230 		ldrb	r3, [ip, #2]	@ zero_extendqisi2
 248              		.loc 1 3527 56 view .LVU84
 249 005e 1B04     		lsls	r3, r3, #16
3526:Drivers/STM32H5xx_HAL_Driver/Src/stm32h5xx_hal_fdcan.c ****                   ((uint32_t)pTxData[ByteCounter + 2U] << 16U) |
 250              		.loc 1 3526 64 view .LVU85
 251 0060 43EA0463 		orr	r3, r3, r4, lsl #24
3528:Drivers/STM32H5xx_HAL_Driver/Src/stm32h5xx_hal_fdcan.c ****                   ((uint32_t)pTxData[ByteCounter + 1U] << 8U)  |
 252              		.loc 1 3528 37 view .LVU86
 253 0064 9CF80140 		ldrb	r4, [ip, #1]	@ zero_extendqisi2
3527:Drivers/STM32H5xx_HAL_Driver/Src/stm32h5xx_hal_fdcan.c ****                   ((uint32_t)pTxData[ByteCounter + 2U] << 16U) |
 254              		.loc 1 3527 64 view .LVU87
 255 0068 43EA0423 		orr	r3, r3, r4, lsl #8
3529:Drivers/STM32H5xx_HAL_Driver/Src/stm32h5xx_hal_fdcan.c ****                   (uint32_t)pTxData[ByteCounter]);
 256              		.loc 1 3529 36 view .LVU88
 257 006c 145C     		ldrb	r4, [r2, r0]	@ zero_extendqisi2
3528:Drivers/STM32H5xx_HAL_Driver/Src/stm32h5xx_hal_fdcan.c ****                   ((uint32_t)pTxData[ByteCounter + 1U] << 8U)  |
 258              		.loc 1 3528 64 view .LVU89
 259 006e 2343     		orrs	r3, r3, r4
3526:Drivers/STM32H5xx_HAL_Driver/Src/stm32h5xx_hal_fdcan.c ****                   ((uint32_t)pTxData[ByteCounter + 2U] << 16U) |
 260              		.loc 1 3526 16 view .LVU90
 261 0070 4EF8043B 		str	r3, [lr], #4
 262              	.LVL18:
3530:Drivers/STM32H5xx_HAL_Driver/Src/stm32h5xx_hal_fdcan.c ****     TxAddress++;
 263              		.loc 1 3530 5 is_stmt 1 view .LVU91
3524:Drivers/STM32H5xx_HAL_Driver/Src/stm32h5xx_hal_fdcan.c ****   {
 264              		.loc 1 3524 86 discriminator 3 view .LVU92
 265 0074 0430     		adds	r0, r0, #4
 266              	.LVL19:
 267              	.L12:
3524:Drivers/STM32H5xx_HAL_Driver/Src/stm32h5xx_hal_fdcan.c ****   {
 268              		.loc 1 3524 37 discriminator 1 view .LVU93
ARM GAS  /tmp/cc1KCPzC.s 			page 68


3524:Drivers/STM32H5xx_HAL_Driver/Src/stm32h5xx_hal_fdcan.c ****   {
 269              		.loc 1 3524 59 is_stmt 0 discriminator 1 view .LVU94
 270 0076 CB68     		ldr	r3, [r1, #12]
3524:Drivers/STM32H5xx_HAL_Driver/Src/stm32h5xx_hal_fdcan.c ****   {
 271              		.loc 1 3524 49 discriminator 1 view .LVU95
 272 0078 024C     		ldr	r4, .L15
 273 007a E35C     		ldrb	r3, [r4, r3]	@ zero_extendqisi2
3524:Drivers/STM32H5xx_HAL_Driver/Src/stm32h5xx_hal_fdcan.c ****   {
 274              		.loc 1 3524 37 discriminator 1 view .LVU96
 275 007c 8342     		cmp	r3, r0
 276 007e E8D8     		bhi	.L13
3531:Drivers/STM32H5xx_HAL_Driver/Src/stm32h5xx_hal_fdcan.c ****   }
3532:Drivers/STM32H5xx_HAL_Driver/Src/stm32h5xx_hal_fdcan.c **** }
 277              		.loc 1 3532 1 view .LVU97
 278 0080 70BD     		pop	{r4, r5, r6, pc}
 279              	.LVL20:
 280              	.L16:
 281              		.loc 1 3532 1 view .LVU98
 282 0082 00BF     		.align	2
 283              	.L15:
 284 0084 00000000 		.word	DLCtoBytes
 285              		.cfi_endproc
 286              	.LFE218:
 288              		.section	.text.HAL_FDCAN_MspInit,"ax",%progbits
 289              		.align	1
 290              		.weak	HAL_FDCAN_MspInit
 291              		.syntax unified
 292              		.thumb
 293              		.thumb_func
 295              	HAL_FDCAN_MspInit:
 296              	.LVL21:
 297              	.LFB159:
 583:Drivers/STM32H5xx_HAL_Driver/Src/stm32h5xx_hal_fdcan.c ****   /* Prevent unused argument(s) compilation warning */
 298              		.loc 1 583 1 is_stmt 1 view -0
 299              		.cfi_startproc
 300              		@ args = 0, pretend = 0, frame = 0
 301              		@ frame_needed = 0, uses_anonymous_args = 0
 302              		@ link register save eliminated.
 585:Drivers/STM32H5xx_HAL_Driver/Src/stm32h5xx_hal_fdcan.c ****   /* NOTE: This function Should not be modified, when the callback is needed,
 303              		.loc 1 585 3 view .LVU100
 589:Drivers/STM32H5xx_HAL_Driver/Src/stm32h5xx_hal_fdcan.c **** 
 304              		.loc 1 589 1 is_stmt 0 view .LVU101
 305 0000 7047     		bx	lr
 306              		.cfi_endproc
 307              	.LFE159:
 309              		.section	.text.HAL_FDCAN_Init,"ax",%progbits
 310              		.align	1
 311              		.global	HAL_FDCAN_Init
 312              		.syntax unified
 313              		.thumb
 314              		.thumb_func
 316              	HAL_FDCAN_Init:
 317              	.LVL22:
 318              	.LFB157:
 294:Drivers/STM32H5xx_HAL_Driver/Src/stm32h5xx_hal_fdcan.c ****   uint32_t tickstart;
 319              		.loc 1 294 1 is_stmt 1 view -0
 320              		.cfi_startproc
ARM GAS  /tmp/cc1KCPzC.s 			page 69


 321              		@ args = 0, pretend = 0, frame = 0
 322              		@ frame_needed = 0, uses_anonymous_args = 0
 295:Drivers/STM32H5xx_HAL_Driver/Src/stm32h5xx_hal_fdcan.c **** 
 323              		.loc 1 295 3 view .LVU103
 298:Drivers/STM32H5xx_HAL_Driver/Src/stm32h5xx_hal_fdcan.c ****   {
 324              		.loc 1 298 3 view .LVU104
 298:Drivers/STM32H5xx_HAL_Driver/Src/stm32h5xx_hal_fdcan.c ****   {
 325              		.loc 1 298 6 is_stmt 0 view .LVU105
 326 0000 0028     		cmp	r0, #0
 327 0002 00F0E280 		beq	.L36
 294:Drivers/STM32H5xx_HAL_Driver/Src/stm32h5xx_hal_fdcan.c ****   uint32_t tickstart;
 328              		.loc 1 294 1 view .LVU106
 329 0006 38B5     		push	{r3, r4, r5, lr}
 330              	.LCFI3:
 331              		.cfi_def_cfa_offset 16
 332              		.cfi_offset 3, -16
 333              		.cfi_offset 4, -12
 334              		.cfi_offset 5, -8
 335              		.cfi_offset 14, -4
 336 0008 0446     		mov	r4, r0
 304:Drivers/STM32H5xx_HAL_Driver/Src/stm32h5xx_hal_fdcan.c ****   if (hfdcan->Instance == FDCAN1)
 337              		.loc 1 304 3 is_stmt 1 view .LVU107
 305:Drivers/STM32H5xx_HAL_Driver/Src/stm32h5xx_hal_fdcan.c ****   {
 338              		.loc 1 305 3 view .LVU108
 307:Drivers/STM32H5xx_HAL_Driver/Src/stm32h5xx_hal_fdcan.c ****   }
 339              		.loc 1 307 5 view .LVU109
 309:Drivers/STM32H5xx_HAL_Driver/Src/stm32h5xx_hal_fdcan.c ****   assert_param(IS_FDCAN_MODE(hfdcan->Init.Mode));
 340              		.loc 1 309 3 view .LVU110
 310:Drivers/STM32H5xx_HAL_Driver/Src/stm32h5xx_hal_fdcan.c ****   assert_param(IS_FUNCTIONAL_STATE(hfdcan->Init.AutoRetransmission));
 341              		.loc 1 310 3 view .LVU111
 311:Drivers/STM32H5xx_HAL_Driver/Src/stm32h5xx_hal_fdcan.c ****   assert_param(IS_FUNCTIONAL_STATE(hfdcan->Init.TransmitPause));
 342              		.loc 1 311 3 view .LVU112
 312:Drivers/STM32H5xx_HAL_Driver/Src/stm32h5xx_hal_fdcan.c ****   assert_param(IS_FUNCTIONAL_STATE(hfdcan->Init.ProtocolException));
 343              		.loc 1 312 3 view .LVU113
 313:Drivers/STM32H5xx_HAL_Driver/Src/stm32h5xx_hal_fdcan.c ****   assert_param(IS_FDCAN_NOMINAL_PRESCALER(hfdcan->Init.NominalPrescaler));
 344              		.loc 1 313 3 view .LVU114
 314:Drivers/STM32H5xx_HAL_Driver/Src/stm32h5xx_hal_fdcan.c ****   assert_param(IS_FDCAN_NOMINAL_SJW(hfdcan->Init.NominalSyncJumpWidth));
 345              		.loc 1 314 3 view .LVU115
 315:Drivers/STM32H5xx_HAL_Driver/Src/stm32h5xx_hal_fdcan.c ****   assert_param(IS_FDCAN_NOMINAL_TSEG1(hfdcan->Init.NominalTimeSeg1));
 346              		.loc 1 315 3 view .LVU116
 316:Drivers/STM32H5xx_HAL_Driver/Src/stm32h5xx_hal_fdcan.c ****   assert_param(IS_FDCAN_NOMINAL_TSEG2(hfdcan->Init.NominalTimeSeg2));
 347              		.loc 1 316 3 view .LVU117
 317:Drivers/STM32H5xx_HAL_Driver/Src/stm32h5xx_hal_fdcan.c ****   if (hfdcan->Init.FrameFormat == FDCAN_FRAME_FD_BRS)
 348              		.loc 1 317 3 view .LVU118
 318:Drivers/STM32H5xx_HAL_Driver/Src/stm32h5xx_hal_fdcan.c ****   {
 349              		.loc 1 318 3 view .LVU119
 320:Drivers/STM32H5xx_HAL_Driver/Src/stm32h5xx_hal_fdcan.c ****     assert_param(IS_FDCAN_DATA_SJW(hfdcan->Init.DataSyncJumpWidth));
 350              		.loc 1 320 5 view .LVU120
 321:Drivers/STM32H5xx_HAL_Driver/Src/stm32h5xx_hal_fdcan.c ****     assert_param(IS_FDCAN_DATA_TSEG1(hfdcan->Init.DataTimeSeg1));
 351              		.loc 1 321 5 view .LVU121
 322:Drivers/STM32H5xx_HAL_Driver/Src/stm32h5xx_hal_fdcan.c ****     assert_param(IS_FDCAN_DATA_TSEG2(hfdcan->Init.DataTimeSeg2));
 352              		.loc 1 322 5 view .LVU122
 323:Drivers/STM32H5xx_HAL_Driver/Src/stm32h5xx_hal_fdcan.c ****   }
 353              		.loc 1 323 5 view .LVU123
 325:Drivers/STM32H5xx_HAL_Driver/Src/stm32h5xx_hal_fdcan.c ****   assert_param(IS_FDCAN_MAX_VALUE(hfdcan->Init.ExtFiltersNbr, SRAMCAN_FLE_NBR));
 354              		.loc 1 325 3 view .LVU124
 326:Drivers/STM32H5xx_HAL_Driver/Src/stm32h5xx_hal_fdcan.c ****   assert_param(IS_FDCAN_TX_FIFO_QUEUE_MODE(hfdcan->Init.TxFifoQueueMode));
ARM GAS  /tmp/cc1KCPzC.s 			page 70


 355              		.loc 1 326 3 view .LVU125
 327:Drivers/STM32H5xx_HAL_Driver/Src/stm32h5xx_hal_fdcan.c **** 
 356              		.loc 1 327 3 view .LVU126
 357:Drivers/STM32H5xx_HAL_Driver/Src/stm32h5xx_hal_fdcan.c ****   {
 357              		.loc 1 357 3 view .LVU127
 357:Drivers/STM32H5xx_HAL_Driver/Src/stm32h5xx_hal_fdcan.c ****   {
 358              		.loc 1 357 13 is_stmt 0 view .LVU128
 359 000a 90F85C30 		ldrb	r3, [r0, #92]	@ zero_extendqisi2
 357:Drivers/STM32H5xx_HAL_Driver/Src/stm32h5xx_hal_fdcan.c ****   {
 360              		.loc 1 357 6 view .LVU129
 361 000e D3B1     		cbz	r3, .L41
 362              	.LVL23:
 363              	.L20:
 368:Drivers/STM32H5xx_HAL_Driver/Src/stm32h5xx_hal_fdcan.c **** 
 364              		.loc 1 368 3 is_stmt 1 view .LVU130
 365 0010 2268     		ldr	r2, [r4]
 366 0012 9369     		ldr	r3, [r2, #24]
 367 0014 23F01003 		bic	r3, r3, #16
 368 0018 9361     		str	r3, [r2, #24]
 371:Drivers/STM32H5xx_HAL_Driver/Src/stm32h5xx_hal_fdcan.c **** 
 369              		.loc 1 371 3 view .LVU131
 371:Drivers/STM32H5xx_HAL_Driver/Src/stm32h5xx_hal_fdcan.c **** 
 370              		.loc 1 371 15 is_stmt 0 view .LVU132
 371 001a FFF7FEFF 		bl	HAL_GetTick
 372              	.LVL24:
 373 001e 0546     		mov	r5, r0
 374              	.LVL25:
 374:Drivers/STM32H5xx_HAL_Driver/Src/stm32h5xx_hal_fdcan.c ****   {
 375              		.loc 1 374 3 is_stmt 1 view .LVU133
 376              	.L21:
 374:Drivers/STM32H5xx_HAL_Driver/Src/stm32h5xx_hal_fdcan.c ****   {
 377              		.loc 1 374 52 view .LVU134
 374:Drivers/STM32H5xx_HAL_Driver/Src/stm32h5xx_hal_fdcan.c ****   {
 378              		.loc 1 374 17 is_stmt 0 view .LVU135
 379 0020 2368     		ldr	r3, [r4]
 374:Drivers/STM32H5xx_HAL_Driver/Src/stm32h5xx_hal_fdcan.c ****   {
 380              		.loc 1 374 27 view .LVU136
 381 0022 9A69     		ldr	r2, [r3, #24]
 374:Drivers/STM32H5xx_HAL_Driver/Src/stm32h5xx_hal_fdcan.c ****   {
 382              		.loc 1 374 52 view .LVU137
 383 0024 12F0080F 		tst	r2, #8
 384 0028 12D0     		beq	.L42
 376:Drivers/STM32H5xx_HAL_Driver/Src/stm32h5xx_hal_fdcan.c ****     {
 385              		.loc 1 376 5 is_stmt 1 view .LVU138
 376:Drivers/STM32H5xx_HAL_Driver/Src/stm32h5xx_hal_fdcan.c ****     {
 386              		.loc 1 376 10 is_stmt 0 view .LVU139
 387 002a FFF7FEFF 		bl	HAL_GetTick
 388              	.LVL26:
 376:Drivers/STM32H5xx_HAL_Driver/Src/stm32h5xx_hal_fdcan.c ****     {
 389              		.loc 1 376 24 discriminator 1 view .LVU140
 390 002e 401B     		subs	r0, r0, r5
 376:Drivers/STM32H5xx_HAL_Driver/Src/stm32h5xx_hal_fdcan.c ****     {
 391              		.loc 1 376 8 discriminator 1 view .LVU141
 392 0030 0A28     		cmp	r0, #10
 393 0032 F5D9     		bls	.L21
 379:Drivers/STM32H5xx_HAL_Driver/Src/stm32h5xx_hal_fdcan.c **** 
 394              		.loc 1 379 7 is_stmt 1 view .LVU142
ARM GAS  /tmp/cc1KCPzC.s 			page 71


 379:Drivers/STM32H5xx_HAL_Driver/Src/stm32h5xx_hal_fdcan.c **** 
 395              		.loc 1 379 13 is_stmt 0 view .LVU143
 396 0034 236E     		ldr	r3, [r4, #96]
 379:Drivers/STM32H5xx_HAL_Driver/Src/stm32h5xx_hal_fdcan.c **** 
 397              		.loc 1 379 25 view .LVU144
 398 0036 43F00103 		orr	r3, r3, #1
 399 003a 2366     		str	r3, [r4, #96]
 382:Drivers/STM32H5xx_HAL_Driver/Src/stm32h5xx_hal_fdcan.c **** 
 400              		.loc 1 382 7 is_stmt 1 view .LVU145
 382:Drivers/STM32H5xx_HAL_Driver/Src/stm32h5xx_hal_fdcan.c **** 
 401              		.loc 1 382 21 is_stmt 0 view .LVU146
 402 003c 0323     		movs	r3, #3
 403 003e 84F85C30 		strb	r3, [r4, #92]
 384:Drivers/STM32H5xx_HAL_Driver/Src/stm32h5xx_hal_fdcan.c ****     }
 404              		.loc 1 384 7 is_stmt 1 view .LVU147
 384:Drivers/STM32H5xx_HAL_Driver/Src/stm32h5xx_hal_fdcan.c ****     }
 405              		.loc 1 384 14 is_stmt 0 view .LVU148
 406 0042 0120     		movs	r0, #1
 407              	.L19:
 528:Drivers/STM32H5xx_HAL_Driver/Src/stm32h5xx_hal_fdcan.c **** 
 408              		.loc 1 528 1 view .LVU149
 409 0044 38BD     		pop	{r3, r4, r5, pc}
 410              	.LVL27:
 411              	.L41:
 360:Drivers/STM32H5xx_HAL_Driver/Src/stm32h5xx_hal_fdcan.c **** 
 412              		.loc 1 360 5 is_stmt 1 view .LVU150
 360:Drivers/STM32H5xx_HAL_Driver/Src/stm32h5xx_hal_fdcan.c **** 
 413              		.loc 1 360 18 is_stmt 0 view .LVU151
 414 0046 80F85D30 		strb	r3, [r0, #93]
 363:Drivers/STM32H5xx_HAL_Driver/Src/stm32h5xx_hal_fdcan.c ****   }
 415              		.loc 1 363 5 is_stmt 1 view .LVU152
 416 004a FFF7FEFF 		bl	HAL_FDCAN_MspInit
 417              	.LVL28:
 363:Drivers/STM32H5xx_HAL_Driver/Src/stm32h5xx_hal_fdcan.c ****   }
 418              		.loc 1 363 5 is_stmt 0 view .LVU153
 419 004e DFE7     		b	.L20
 420              	.LVL29:
 421              	.L42:
 389:Drivers/STM32H5xx_HAL_Driver/Src/stm32h5xx_hal_fdcan.c **** 
 422              		.loc 1 389 3 is_stmt 1 view .LVU154
 423 0050 9A69     		ldr	r2, [r3, #24]
 424 0052 42F00102 		orr	r2, r2, #1
 425 0056 9A61     		str	r2, [r3, #24]
 392:Drivers/STM32H5xx_HAL_Driver/Src/stm32h5xx_hal_fdcan.c **** 
 426              		.loc 1 392 3 view .LVU155
 392:Drivers/STM32H5xx_HAL_Driver/Src/stm32h5xx_hal_fdcan.c **** 
 427              		.loc 1 392 15 is_stmt 0 view .LVU156
 428 0058 FFF7FEFF 		bl	HAL_GetTick
 429              	.LVL30:
 430 005c 0546     		mov	r5, r0
 431              	.LVL31:
 395:Drivers/STM32H5xx_HAL_Driver/Src/stm32h5xx_hal_fdcan.c ****   {
 432              		.loc 1 395 3 is_stmt 1 view .LVU157
 433              	.L23:
 395:Drivers/STM32H5xx_HAL_Driver/Src/stm32h5xx_hal_fdcan.c ****   {
 434              		.loc 1 395 53 view .LVU158
 395:Drivers/STM32H5xx_HAL_Driver/Src/stm32h5xx_hal_fdcan.c ****   {
ARM GAS  /tmp/cc1KCPzC.s 			page 72


 435              		.loc 1 395 17 is_stmt 0 view .LVU159
 436 005e 2368     		ldr	r3, [r4]
 395:Drivers/STM32H5xx_HAL_Driver/Src/stm32h5xx_hal_fdcan.c ****   {
 437              		.loc 1 395 27 view .LVU160
 438 0060 9A69     		ldr	r2, [r3, #24]
 395:Drivers/STM32H5xx_HAL_Driver/Src/stm32h5xx_hal_fdcan.c ****   {
 439              		.loc 1 395 53 view .LVU161
 440 0062 12F0010F 		tst	r2, #1
 441 0066 0DD1     		bne	.L43
 398:Drivers/STM32H5xx_HAL_Driver/Src/stm32h5xx_hal_fdcan.c ****     {
 442              		.loc 1 398 5 is_stmt 1 view .LVU162
 398:Drivers/STM32H5xx_HAL_Driver/Src/stm32h5xx_hal_fdcan.c ****     {
 443              		.loc 1 398 10 is_stmt 0 view .LVU163
 444 0068 FFF7FEFF 		bl	HAL_GetTick
 445              	.LVL32:
 398:Drivers/STM32H5xx_HAL_Driver/Src/stm32h5xx_hal_fdcan.c ****     {
 446              		.loc 1 398 24 discriminator 1 view .LVU164
 447 006c 401B     		subs	r0, r0, r5
 398:Drivers/STM32H5xx_HAL_Driver/Src/stm32h5xx_hal_fdcan.c ****     {
 448              		.loc 1 398 8 discriminator 1 view .LVU165
 449 006e 0A28     		cmp	r0, #10
 450 0070 F5D9     		bls	.L23
 401:Drivers/STM32H5xx_HAL_Driver/Src/stm32h5xx_hal_fdcan.c **** 
 451              		.loc 1 401 7 is_stmt 1 view .LVU166
 401:Drivers/STM32H5xx_HAL_Driver/Src/stm32h5xx_hal_fdcan.c **** 
 452              		.loc 1 401 13 is_stmt 0 view .LVU167
 453 0072 236E     		ldr	r3, [r4, #96]
 401:Drivers/STM32H5xx_HAL_Driver/Src/stm32h5xx_hal_fdcan.c **** 
 454              		.loc 1 401 25 view .LVU168
 455 0074 43F00103 		orr	r3, r3, #1
 456 0078 2366     		str	r3, [r4, #96]
 404:Drivers/STM32H5xx_HAL_Driver/Src/stm32h5xx_hal_fdcan.c **** 
 457              		.loc 1 404 7 is_stmt 1 view .LVU169
 404:Drivers/STM32H5xx_HAL_Driver/Src/stm32h5xx_hal_fdcan.c **** 
 458              		.loc 1 404 21 is_stmt 0 view .LVU170
 459 007a 0323     		movs	r3, #3
 460 007c 84F85C30 		strb	r3, [r4, #92]
 406:Drivers/STM32H5xx_HAL_Driver/Src/stm32h5xx_hal_fdcan.c ****     }
 461              		.loc 1 406 7 is_stmt 1 view .LVU171
 406:Drivers/STM32H5xx_HAL_Driver/Src/stm32h5xx_hal_fdcan.c ****     }
 462              		.loc 1 406 14 is_stmt 0 view .LVU172
 463 0080 0120     		movs	r0, #1
 464 0082 DFE7     		b	.L19
 465              	.L43:
 411:Drivers/STM32H5xx_HAL_Driver/Src/stm32h5xx_hal_fdcan.c **** 
 466              		.loc 1 411 3 is_stmt 1 view .LVU173
 467 0084 9A69     		ldr	r2, [r3, #24]
 468 0086 42F00202 		orr	r2, r2, #2
 469 008a 9A61     		str	r2, [r3, #24]
 414:Drivers/STM32H5xx_HAL_Driver/Src/stm32h5xx_hal_fdcan.c ****   {
 470              		.loc 1 414 3 view .LVU174
 414:Drivers/STM32H5xx_HAL_Driver/Src/stm32h5xx_hal_fdcan.c ****   {
 471              		.loc 1 414 13 is_stmt 0 view .LVU175
 472 008c 2268     		ldr	r2, [r4]
 414:Drivers/STM32H5xx_HAL_Driver/Src/stm32h5xx_hal_fdcan.c ****   {
 473              		.loc 1 414 6 view .LVU176
 474 008e 504B     		ldr	r3, .L50
ARM GAS  /tmp/cc1KCPzC.s 			page 73


 475 0090 9A42     		cmp	r2, r3
 476 0092 42D0     		beq	.L44
 477              	.L25:
 421:Drivers/STM32H5xx_HAL_Driver/Src/stm32h5xx_hal_fdcan.c ****   {
 478              		.loc 1 421 3 is_stmt 1 view .LVU177
 421:Drivers/STM32H5xx_HAL_Driver/Src/stm32h5xx_hal_fdcan.c ****   {
 479              		.loc 1 421 19 is_stmt 0 view .LVU178
 480 0094 237C     		ldrb	r3, [r4, #16]	@ zero_extendqisi2
 421:Drivers/STM32H5xx_HAL_Driver/Src/stm32h5xx_hal_fdcan.c ****   {
 481              		.loc 1 421 6 view .LVU179
 482 0096 012B     		cmp	r3, #1
 483 0098 44D0     		beq	.L45
 427:Drivers/STM32H5xx_HAL_Driver/Src/stm32h5xx_hal_fdcan.c ****   }
 484              		.loc 1 427 5 is_stmt 1 view .LVU180
 485 009a 2268     		ldr	r2, [r4]
 486 009c 9369     		ldr	r3, [r2, #24]
 487 009e 43F04003 		orr	r3, r3, #64
 488 00a2 9361     		str	r3, [r2, #24]
 489              	.L27:
 431:Drivers/STM32H5xx_HAL_Driver/Src/stm32h5xx_hal_fdcan.c ****   {
 490              		.loc 1 431 3 view .LVU181
 431:Drivers/STM32H5xx_HAL_Driver/Src/stm32h5xx_hal_fdcan.c ****   {
 491              		.loc 1 431 19 is_stmt 0 view .LVU182
 492 00a4 637C     		ldrb	r3, [r4, #17]	@ zero_extendqisi2
 431:Drivers/STM32H5xx_HAL_Driver/Src/stm32h5xx_hal_fdcan.c ****   {
 493              		.loc 1 431 6 view .LVU183
 494 00a6 012B     		cmp	r3, #1
 495 00a8 42D0     		beq	.L46
 437:Drivers/STM32H5xx_HAL_Driver/Src/stm32h5xx_hal_fdcan.c ****   }
 496              		.loc 1 437 5 is_stmt 1 view .LVU184
 497 00aa 2268     		ldr	r2, [r4]
 498 00ac 9369     		ldr	r3, [r2, #24]
 499 00ae 23F48043 		bic	r3, r3, #16384
 500 00b2 9361     		str	r3, [r2, #24]
 501              	.L29:
 441:Drivers/STM32H5xx_HAL_Driver/Src/stm32h5xx_hal_fdcan.c ****   {
 502              		.loc 1 441 3 view .LVU185
 441:Drivers/STM32H5xx_HAL_Driver/Src/stm32h5xx_hal_fdcan.c ****   {
 503              		.loc 1 441 19 is_stmt 0 view .LVU186
 504 00b4 A37C     		ldrb	r3, [r4, #18]	@ zero_extendqisi2
 441:Drivers/STM32H5xx_HAL_Driver/Src/stm32h5xx_hal_fdcan.c ****   {
 505              		.loc 1 441 6 view .LVU187
 506 00b6 012B     		cmp	r3, #1
 507 00b8 40D0     		beq	.L47
 447:Drivers/STM32H5xx_HAL_Driver/Src/stm32h5xx_hal_fdcan.c ****   }
 508              		.loc 1 447 5 is_stmt 1 view .LVU188
 509 00ba 2268     		ldr	r2, [r4]
 510 00bc 9369     		ldr	r3, [r2, #24]
 511 00be 43F48053 		orr	r3, r3, #4096
 512 00c2 9361     		str	r3, [r2, #24]
 513              	.L31:
 451:Drivers/STM32H5xx_HAL_Driver/Src/stm32h5xx_hal_fdcan.c **** 
 514              		.loc 1 451 3 view .LVU189
 515 00c4 2268     		ldr	r2, [r4]
 516 00c6 9369     		ldr	r3, [r2, #24]
 517 00c8 23F44073 		bic	r3, r3, #768
 518 00cc A168     		ldr	r1, [r4, #8]
ARM GAS  /tmp/cc1KCPzC.s 			page 74


 519 00ce 0B43     		orrs	r3, r3, r1
 520 00d0 9361     		str	r3, [r2, #24]
 454:Drivers/STM32H5xx_HAL_Driver/Src/stm32h5xx_hal_fdcan.c ****   CLEAR_BIT(hfdcan->Instance->TEST, FDCAN_TEST_LBCK);
 521              		.loc 1 454 3 view .LVU190
 522 00d2 2268     		ldr	r2, [r4]
 523 00d4 9369     		ldr	r3, [r2, #24]
 524 00d6 23F0A403 		bic	r3, r3, #164
 525 00da 9361     		str	r3, [r2, #24]
 455:Drivers/STM32H5xx_HAL_Driver/Src/stm32h5xx_hal_fdcan.c **** 
 526              		.loc 1 455 3 view .LVU191
 527 00dc 2268     		ldr	r2, [r4]
 528 00de 1369     		ldr	r3, [r2, #16]
 529 00e0 23F01003 		bic	r3, r3, #16
 530 00e4 1361     		str	r3, [r2, #16]
 465:Drivers/STM32H5xx_HAL_Driver/Src/stm32h5xx_hal_fdcan.c ****   {
 531              		.loc 1 465 3 view .LVU192
 465:Drivers/STM32H5xx_HAL_Driver/Src/stm32h5xx_hal_fdcan.c ****   {
 532              		.loc 1 465 19 is_stmt 0 view .LVU193
 533 00e6 E368     		ldr	r3, [r4, #12]
 465:Drivers/STM32H5xx_HAL_Driver/Src/stm32h5xx_hal_fdcan.c ****   {
 534              		.loc 1 465 6 view .LVU194
 535 00e8 012B     		cmp	r3, #1
 536 00ea 2DD0     		beq	.L48
 470:Drivers/STM32H5xx_HAL_Driver/Src/stm32h5xx_hal_fdcan.c ****   {
 537              		.loc 1 470 8 is_stmt 1 view .LVU195
 470:Drivers/STM32H5xx_HAL_Driver/Src/stm32h5xx_hal_fdcan.c ****   {
 538              		.loc 1 470 11 is_stmt 0 view .LVU196
 539 00ec 002B     		cmp	r3, #0
 540 00ee 30D0     		beq	.L33
 472:Drivers/STM32H5xx_HAL_Driver/Src/stm32h5xx_hal_fdcan.c ****     {
 541              		.loc 1 472 5 is_stmt 1 view .LVU197
 472:Drivers/STM32H5xx_HAL_Driver/Src/stm32h5xx_hal_fdcan.c ****     {
 542              		.loc 1 472 8 is_stmt 0 view .LVU198
 543 00f0 022B     		cmp	r3, #2
 544 00f2 53D0     		beq	.L34
 475:Drivers/STM32H5xx_HAL_Driver/Src/stm32h5xx_hal_fdcan.c **** 
 545              		.loc 1 475 7 is_stmt 1 view .LVU199
 546 00f4 2268     		ldr	r2, [r4]
 547 00f6 9369     		ldr	r3, [r2, #24]
 548 00f8 43F08003 		orr	r3, r3, #128
 549 00fc 9361     		str	r3, [r2, #24]
 478:Drivers/STM32H5xx_HAL_Driver/Src/stm32h5xx_hal_fdcan.c **** 
 550              		.loc 1 478 7 view .LVU200
 551 00fe 2268     		ldr	r2, [r4]
 552 0100 1369     		ldr	r3, [r2, #16]
 553 0102 43F01003 		orr	r3, r3, #16
 554 0106 1361     		str	r3, [r2, #16]
 480:Drivers/STM32H5xx_HAL_Driver/Src/stm32h5xx_hal_fdcan.c ****       {
 555              		.loc 1 480 7 view .LVU201
 480:Drivers/STM32H5xx_HAL_Driver/Src/stm32h5xx_hal_fdcan.c ****       {
 556              		.loc 1 480 23 is_stmt 0 view .LVU202
 557 0108 E368     		ldr	r3, [r4, #12]
 480:Drivers/STM32H5xx_HAL_Driver/Src/stm32h5xx_hal_fdcan.c ****       {
 558              		.loc 1 480 10 view .LVU203
 559 010a 032B     		cmp	r3, #3
 560 010c 21D1     		bne	.L33
 482:Drivers/STM32H5xx_HAL_Driver/Src/stm32h5xx_hal_fdcan.c ****       }
ARM GAS  /tmp/cc1KCPzC.s 			page 75


 561              		.loc 1 482 9 is_stmt 1 view .LVU204
 562 010e 2268     		ldr	r2, [r4]
 563 0110 9369     		ldr	r3, [r2, #24]
 564 0112 43F02003 		orr	r3, r3, #32
 565 0116 9361     		str	r3, [r2, #24]
 566 0118 1BE0     		b	.L33
 567              	.L44:
 417:Drivers/STM32H5xx_HAL_Driver/Src/stm32h5xx_hal_fdcan.c ****   }
 568              		.loc 1 417 5 view .LVU205
 417:Drivers/STM32H5xx_HAL_Driver/Src/stm32h5xx_hal_fdcan.c ****   }
 569              		.loc 1 417 39 is_stmt 0 view .LVU206
 570 011a 6268     		ldr	r2, [r4, #4]
 417:Drivers/STM32H5xx_HAL_Driver/Src/stm32h5xx_hal_fdcan.c ****   }
 571              		.loc 1 417 25 view .LVU207
 572 011c 03F58073 		add	r3, r3, #256
 573 0120 1A60     		str	r2, [r3]
 574 0122 B7E7     		b	.L25
 575              	.L45:
 423:Drivers/STM32H5xx_HAL_Driver/Src/stm32h5xx_hal_fdcan.c ****   }
 576              		.loc 1 423 5 is_stmt 1 view .LVU208
 577 0124 2268     		ldr	r2, [r4]
 578 0126 9369     		ldr	r3, [r2, #24]
 579 0128 23F04003 		bic	r3, r3, #64
 580 012c 9361     		str	r3, [r2, #24]
 581 012e B9E7     		b	.L27
 582              	.L46:
 433:Drivers/STM32H5xx_HAL_Driver/Src/stm32h5xx_hal_fdcan.c ****   }
 583              		.loc 1 433 5 view .LVU209
 584 0130 2268     		ldr	r2, [r4]
 585 0132 9369     		ldr	r3, [r2, #24]
 586 0134 43F48043 		orr	r3, r3, #16384
 587 0138 9361     		str	r3, [r2, #24]
 588 013a BBE7     		b	.L29
 589              	.L47:
 443:Drivers/STM32H5xx_HAL_Driver/Src/stm32h5xx_hal_fdcan.c ****   }
 590              		.loc 1 443 5 view .LVU210
 591 013c 2268     		ldr	r2, [r4]
 592 013e 9369     		ldr	r3, [r2, #24]
 593 0140 23F48053 		bic	r3, r3, #4096
 594 0144 9361     		str	r3, [r2, #24]
 595 0146 BDE7     		b	.L31
 596              	.L48:
 468:Drivers/STM32H5xx_HAL_Driver/Src/stm32h5xx_hal_fdcan.c ****   }
 597              		.loc 1 468 5 view .LVU211
 598 0148 2268     		ldr	r2, [r4]
 599 014a 9369     		ldr	r3, [r2, #24]
 600 014c 43F00403 		orr	r3, r3, #4
 601 0150 9361     		str	r3, [r2, #24]
 602              	.L33:
 494:Drivers/STM32H5xx_HAL_Driver/Src/stm32h5xx_hal_fdcan.c **** 
 603              		.loc 1 494 3 view .LVU212
 497:Drivers/STM32H5xx_HAL_Driver/Src/stm32h5xx_hal_fdcan.c ****                             (((uint32_t)hfdcan->Init.NominalTimeSeg1 - 1U) << FDCAN_NBTP_NTSEG1_Pos
 604              		.loc 1 497 3 view .LVU213
 497:Drivers/STM32H5xx_HAL_Driver/Src/stm32h5xx_hal_fdcan.c ****                             (((uint32_t)hfdcan->Init.NominalTimeSeg1 - 1U) << FDCAN_NBTP_NTSEG1_Pos
 605              		.loc 1 497 53 is_stmt 0 view .LVU214
 606 0152 A369     		ldr	r3, [r4, #24]
 497:Drivers/STM32H5xx_HAL_Driver/Src/stm32h5xx_hal_fdcan.c ****                             (((uint32_t)hfdcan->Init.NominalTimeSeg1 - 1U) << FDCAN_NBTP_NTSEG1_Pos
ARM GAS  /tmp/cc1KCPzC.s 			page 76


 607              		.loc 1 497 75 view .LVU215
 608 0154 5A1E     		subs	r2, r3, #1
 498:Drivers/STM32H5xx_HAL_Driver/Src/stm32h5xx_hal_fdcan.c ****                             (((uint32_t)hfdcan->Init.NominalTimeSeg2 - 1U) << FDCAN_NBTP_NTSEG2_Pos
 609              		.loc 1 498 53 view .LVU216
 610 0156 E369     		ldr	r3, [r4, #28]
 498:Drivers/STM32H5xx_HAL_Driver/Src/stm32h5xx_hal_fdcan.c ****                             (((uint32_t)hfdcan->Init.NominalTimeSeg2 - 1U) << FDCAN_NBTP_NTSEG2_Pos
 611              		.loc 1 498 70 view .LVU217
 612 0158 013B     		subs	r3, r3, #1
 498:Drivers/STM32H5xx_HAL_Driver/Src/stm32h5xx_hal_fdcan.c ****                             (((uint32_t)hfdcan->Init.NominalTimeSeg2 - 1U) << FDCAN_NBTP_NTSEG2_Pos
 613              		.loc 1 498 76 view .LVU218
 614 015a 1B02     		lsls	r3, r3, #8
 497:Drivers/STM32H5xx_HAL_Driver/Src/stm32h5xx_hal_fdcan.c ****                             (((uint32_t)hfdcan->Init.NominalTimeSeg1 - 1U) << FDCAN_NBTP_NTSEG1_Pos
 615              		.loc 1 497 105 view .LVU219
 616 015c 43EA4263 		orr	r3, r3, r2, lsl #25
 499:Drivers/STM32H5xx_HAL_Driver/Src/stm32h5xx_hal_fdcan.c ****                             (((uint32_t)hfdcan->Init.NominalPrescaler - 1U) << FDCAN_NBTP_NBRP_Pos)
 617              		.loc 1 499 53 view .LVU220
 618 0160 226A     		ldr	r2, [r4, #32]
 499:Drivers/STM32H5xx_HAL_Driver/Src/stm32h5xx_hal_fdcan.c ****                             (((uint32_t)hfdcan->Init.NominalPrescaler - 1U) << FDCAN_NBTP_NBRP_Pos)
 619              		.loc 1 499 76 view .LVU221
 620 0162 013A     		subs	r2, r2, #1
 498:Drivers/STM32H5xx_HAL_Driver/Src/stm32h5xx_hal_fdcan.c ****                             (((uint32_t)hfdcan->Init.NominalTimeSeg2 - 1U) << FDCAN_NBTP_NTSEG2_Pos
 621              		.loc 1 498 105 view .LVU222
 622 0164 1343     		orrs	r3, r3, r2
 500:Drivers/STM32H5xx_HAL_Driver/Src/stm32h5xx_hal_fdcan.c **** 
 623              		.loc 1 500 53 view .LVU223
 624 0166 6269     		ldr	r2, [r4, #20]
 500:Drivers/STM32H5xx_HAL_Driver/Src/stm32h5xx_hal_fdcan.c **** 
 625              		.loc 1 500 71 view .LVU224
 626 0168 013A     		subs	r2, r2, #1
 497:Drivers/STM32H5xx_HAL_Driver/Src/stm32h5xx_hal_fdcan.c ****                             (((uint32_t)hfdcan->Init.NominalTimeSeg1 - 1U) << FDCAN_NBTP_NTSEG1_Pos
 627              		.loc 1 497 9 view .LVU225
 628 016a 2168     		ldr	r1, [r4]
 499:Drivers/STM32H5xx_HAL_Driver/Src/stm32h5xx_hal_fdcan.c ****                             (((uint32_t)hfdcan->Init.NominalPrescaler - 1U) << FDCAN_NBTP_NBRP_Pos)
 629              		.loc 1 499 105 view .LVU226
 630 016c 43EA0243 		orr	r3, r3, r2, lsl #16
 497:Drivers/STM32H5xx_HAL_Driver/Src/stm32h5xx_hal_fdcan.c ****                             (((uint32_t)hfdcan->Init.NominalTimeSeg1 - 1U) << FDCAN_NBTP_NTSEG1_Pos
 631              		.loc 1 497 26 view .LVU227
 632 0170 CB61     		str	r3, [r1, #28]
 503:Drivers/STM32H5xx_HAL_Driver/Src/stm32h5xx_hal_fdcan.c ****   {
 633              		.loc 1 503 3 is_stmt 1 view .LVU228
 503:Drivers/STM32H5xx_HAL_Driver/Src/stm32h5xx_hal_fdcan.c ****   {
 634              		.loc 1 503 19 is_stmt 0 view .LVU229
 635 0172 A368     		ldr	r3, [r4, #8]
 503:Drivers/STM32H5xx_HAL_Driver/Src/stm32h5xx_hal_fdcan.c ****   {
 636              		.loc 1 503 6 view .LVU230
 637 0174 B3F5407F 		cmp	r3, #768
 638 0178 16D0     		beq	.L49
 639              	.L35:
 512:Drivers/STM32H5xx_HAL_Driver/Src/stm32h5xx_hal_fdcan.c **** 
 640              		.loc 1 512 3 is_stmt 1 view .LVU231
 641 017a 2268     		ldr	r2, [r4]
 642 017c D2F8C030 		ldr	r3, [r2, #192]
 643 0180 E16B     		ldr	r1, [r4, #60]
 644 0182 0B43     		orrs	r3, r3, r1
 645 0184 C2F8C030 		str	r3, [r2, #192]
 515:Drivers/STM32H5xx_HAL_Driver/Src/stm32h5xx_hal_fdcan.c **** 
 646              		.loc 1 515 3 view .LVU232
ARM GAS  /tmp/cc1KCPzC.s 			page 77


 647 0188 2046     		mov	r0, r4
 648 018a FFF7FEFF 		bl	FDCAN_CalcultateRamBlockAddresses
 649              	.LVL33:
 518:Drivers/STM32H5xx_HAL_Driver/Src/stm32h5xx_hal_fdcan.c **** 
 650              		.loc 1 518 3 view .LVU233
 518:Drivers/STM32H5xx_HAL_Driver/Src/stm32h5xx_hal_fdcan.c **** 
 651              		.loc 1 518 32 is_stmt 0 view .LVU234
 652 018e 0020     		movs	r0, #0
 653 0190 A065     		str	r0, [r4, #88]
 521:Drivers/STM32H5xx_HAL_Driver/Src/stm32h5xx_hal_fdcan.c **** 
 654              		.loc 1 521 3 is_stmt 1 view .LVU235
 521:Drivers/STM32H5xx_HAL_Driver/Src/stm32h5xx_hal_fdcan.c **** 
 655              		.loc 1 521 21 is_stmt 0 view .LVU236
 656 0192 2066     		str	r0, [r4, #96]
 524:Drivers/STM32H5xx_HAL_Driver/Src/stm32h5xx_hal_fdcan.c **** 
 657              		.loc 1 524 3 is_stmt 1 view .LVU237
 524:Drivers/STM32H5xx_HAL_Driver/Src/stm32h5xx_hal_fdcan.c **** 
 658              		.loc 1 524 17 is_stmt 0 view .LVU238
 659 0194 0123     		movs	r3, #1
 660 0196 84F85C30 		strb	r3, [r4, #92]
 527:Drivers/STM32H5xx_HAL_Driver/Src/stm32h5xx_hal_fdcan.c **** }
 661              		.loc 1 527 3 is_stmt 1 view .LVU239
 527:Drivers/STM32H5xx_HAL_Driver/Src/stm32h5xx_hal_fdcan.c **** }
 662              		.loc 1 527 10 is_stmt 0 view .LVU240
 663 019a 53E7     		b	.L19
 664              	.L34:
 488:Drivers/STM32H5xx_HAL_Driver/Src/stm32h5xx_hal_fdcan.c ****     }
 665              		.loc 1 488 7 is_stmt 1 view .LVU241
 666 019c 2268     		ldr	r2, [r4]
 667 019e 9369     		ldr	r3, [r2, #24]
 668 01a0 43F02003 		orr	r3, r3, #32
 669 01a4 9361     		str	r3, [r2, #24]
 670 01a6 D4E7     		b	.L33
 671              	.L49:
 505:Drivers/STM32H5xx_HAL_Driver/Src/stm32h5xx_hal_fdcan.c ****                               (((uint32_t)hfdcan->Init.DataTimeSeg1 - 1U) << FDCAN_DBTP_DTSEG1_Pos)
 672              		.loc 1 505 5 view .LVU242
 505:Drivers/STM32H5xx_HAL_Driver/Src/stm32h5xx_hal_fdcan.c ****                               (((uint32_t)hfdcan->Init.DataTimeSeg1 - 1U) << FDCAN_DBTP_DTSEG1_Pos)
 673              		.loc 1 505 55 is_stmt 0 view .LVU243
 674 01a8 A36A     		ldr	r3, [r4, #40]
 505:Drivers/STM32H5xx_HAL_Driver/Src/stm32h5xx_hal_fdcan.c ****                               (((uint32_t)hfdcan->Init.DataTimeSeg1 - 1U) << FDCAN_DBTP_DTSEG1_Pos)
 675              		.loc 1 505 80 view .LVU244
 676 01aa 013B     		subs	r3, r3, #1
 506:Drivers/STM32H5xx_HAL_Driver/Src/stm32h5xx_hal_fdcan.c ****                               (((uint32_t)hfdcan->Init.DataTimeSeg2 - 1U) << FDCAN_DBTP_DTSEG2_Pos)
 677              		.loc 1 506 55 view .LVU245
 678 01ac E26A     		ldr	r2, [r4, #44]
 506:Drivers/STM32H5xx_HAL_Driver/Src/stm32h5xx_hal_fdcan.c ****                               (((uint32_t)hfdcan->Init.DataTimeSeg2 - 1U) << FDCAN_DBTP_DTSEG2_Pos)
 679              		.loc 1 506 69 view .LVU246
 680 01ae 013A     		subs	r2, r2, #1
 505:Drivers/STM32H5xx_HAL_Driver/Src/stm32h5xx_hal_fdcan.c ****                               (((uint32_t)hfdcan->Init.DataTimeSeg1 - 1U) << FDCAN_DBTP_DTSEG1_Pos)
 681              		.loc 1 505 105 view .LVU247
 682 01b0 43EA0223 		orr	r3, r3, r2, lsl #8
 507:Drivers/STM32H5xx_HAL_Driver/Src/stm32h5xx_hal_fdcan.c ****                               (((uint32_t)hfdcan->Init.DataPrescaler - 1U) << FDCAN_DBTP_DBRP_Pos))
 683              		.loc 1 507 55 view .LVU248
 684 01b4 226B     		ldr	r2, [r4, #48]
 507:Drivers/STM32H5xx_HAL_Driver/Src/stm32h5xx_hal_fdcan.c ****                               (((uint32_t)hfdcan->Init.DataPrescaler - 1U) << FDCAN_DBTP_DBRP_Pos))
 685              		.loc 1 507 69 view .LVU249
 686 01b6 013A     		subs	r2, r2, #1
ARM GAS  /tmp/cc1KCPzC.s 			page 78


 506:Drivers/STM32H5xx_HAL_Driver/Src/stm32h5xx_hal_fdcan.c ****                               (((uint32_t)hfdcan->Init.DataTimeSeg2 - 1U) << FDCAN_DBTP_DTSEG2_Pos)
 687              		.loc 1 506 105 view .LVU250
 688 01b8 43EA0213 		orr	r3, r3, r2, lsl #4
 508:Drivers/STM32H5xx_HAL_Driver/Src/stm32h5xx_hal_fdcan.c ****   }
 689              		.loc 1 508 55 view .LVU251
 690 01bc 626A     		ldr	r2, [r4, #36]
 508:Drivers/STM32H5xx_HAL_Driver/Src/stm32h5xx_hal_fdcan.c ****   }
 691              		.loc 1 508 70 view .LVU252
 692 01be 013A     		subs	r2, r2, #1
 505:Drivers/STM32H5xx_HAL_Driver/Src/stm32h5xx_hal_fdcan.c ****                               (((uint32_t)hfdcan->Init.DataTimeSeg1 - 1U) << FDCAN_DBTP_DTSEG1_Pos)
 693              		.loc 1 505 11 view .LVU253
 694 01c0 2168     		ldr	r1, [r4]
 507:Drivers/STM32H5xx_HAL_Driver/Src/stm32h5xx_hal_fdcan.c ****                               (((uint32_t)hfdcan->Init.DataPrescaler - 1U) << FDCAN_DBTP_DBRP_Pos))
 695              		.loc 1 507 105 view .LVU254
 696 01c2 43EA0243 		orr	r3, r3, r2, lsl #16
 505:Drivers/STM32H5xx_HAL_Driver/Src/stm32h5xx_hal_fdcan.c ****                               (((uint32_t)hfdcan->Init.DataTimeSeg1 - 1U) << FDCAN_DBTP_DTSEG1_Pos)
 697              		.loc 1 505 28 view .LVU255
 698 01c6 CB60     		str	r3, [r1, #12]
 699 01c8 D7E7     		b	.L35
 700              	.LVL34:
 701              	.L36:
 702              	.LCFI4:
 703              		.cfi_def_cfa_offset 0
 704              		.cfi_restore 3
 705              		.cfi_restore 4
 706              		.cfi_restore 5
 707              		.cfi_restore 14
 300:Drivers/STM32H5xx_HAL_Driver/Src/stm32h5xx_hal_fdcan.c ****   }
 708              		.loc 1 300 12 view .LVU256
 709 01ca 0120     		movs	r0, #1
 710              	.LVL35:
 528:Drivers/STM32H5xx_HAL_Driver/Src/stm32h5xx_hal_fdcan.c **** 
 711              		.loc 1 528 1 view .LVU257
 712 01cc 7047     		bx	lr
 713              	.L51:
 714 01ce 00BF     		.align	2
 715              	.L50:
 716 01d0 00A40040 		.word	1073783808
 717              		.cfi_endproc
 718              	.LFE157:
 720              		.section	.text.HAL_FDCAN_MspDeInit,"ax",%progbits
 721              		.align	1
 722              		.weak	HAL_FDCAN_MspDeInit
 723              		.syntax unified
 724              		.thumb
 725              		.thumb_func
 727              	HAL_FDCAN_MspDeInit:
 728              	.LVL36:
 729              	.LFB160:
 598:Drivers/STM32H5xx_HAL_Driver/Src/stm32h5xx_hal_fdcan.c ****   /* Prevent unused argument(s) compilation warning */
 730              		.loc 1 598 1 is_stmt 1 view -0
 731              		.cfi_startproc
 732              		@ args = 0, pretend = 0, frame = 0
 733              		@ frame_needed = 0, uses_anonymous_args = 0
 734              		@ link register save eliminated.
 600:Drivers/STM32H5xx_HAL_Driver/Src/stm32h5xx_hal_fdcan.c ****   /* NOTE: This function Should not be modified, when the callback is needed,
 735              		.loc 1 600 3 view .LVU259
ARM GAS  /tmp/cc1KCPzC.s 			page 79


 604:Drivers/STM32H5xx_HAL_Driver/Src/stm32h5xx_hal_fdcan.c **** 
 736              		.loc 1 604 1 is_stmt 0 view .LVU260
 737 0000 7047     		bx	lr
 738              		.cfi_endproc
 739              	.LFE160:
 741              		.section	.text.HAL_FDCAN_EnterPowerDownMode,"ax",%progbits
 742              		.align	1
 743              		.global	HAL_FDCAN_EnterPowerDownMode
 744              		.syntax unified
 745              		.thumb
 746              		.thumb_func
 748              	HAL_FDCAN_EnterPowerDownMode:
 749              	.LVL37:
 750              	.LFB161:
 613:Drivers/STM32H5xx_HAL_Driver/Src/stm32h5xx_hal_fdcan.c ****   uint32_t tickstart;
 751              		.loc 1 613 1 is_stmt 1 view -0
 752              		.cfi_startproc
 753              		@ args = 0, pretend = 0, frame = 0
 754              		@ frame_needed = 0, uses_anonymous_args = 0
 613:Drivers/STM32H5xx_HAL_Driver/Src/stm32h5xx_hal_fdcan.c ****   uint32_t tickstart;
 755              		.loc 1 613 1 is_stmt 0 view .LVU262
 756 0000 38B5     		push	{r3, r4, r5, lr}
 757              	.LCFI5:
 758              		.cfi_def_cfa_offset 16
 759              		.cfi_offset 3, -16
 760              		.cfi_offset 4, -12
 761              		.cfi_offset 5, -8
 762              		.cfi_offset 14, -4
 763 0002 0446     		mov	r4, r0
 614:Drivers/STM32H5xx_HAL_Driver/Src/stm32h5xx_hal_fdcan.c **** 
 764              		.loc 1 614 3 is_stmt 1 view .LVU263
 617:Drivers/STM32H5xx_HAL_Driver/Src/stm32h5xx_hal_fdcan.c **** 
 765              		.loc 1 617 3 view .LVU264
 766 0004 0268     		ldr	r2, [r0]
 767 0006 9369     		ldr	r3, [r2, #24]
 768 0008 43F01003 		orr	r3, r3, #16
 769 000c 9361     		str	r3, [r2, #24]
 620:Drivers/STM32H5xx_HAL_Driver/Src/stm32h5xx_hal_fdcan.c **** 
 770              		.loc 1 620 3 view .LVU265
 620:Drivers/STM32H5xx_HAL_Driver/Src/stm32h5xx_hal_fdcan.c **** 
 771              		.loc 1 620 15 is_stmt 0 view .LVU266
 772 000e FFF7FEFF 		bl	HAL_GetTick
 773              	.LVL38:
 620:Drivers/STM32H5xx_HAL_Driver/Src/stm32h5xx_hal_fdcan.c **** 
 774              		.loc 1 620 15 view .LVU267
 775 0012 0546     		mov	r5, r0
 776              	.LVL39:
 623:Drivers/STM32H5xx_HAL_Driver/Src/stm32h5xx_hal_fdcan.c ****   {
 777              		.loc 1 623 3 is_stmt 1 view .LVU268
 778              	.L54:
 623:Drivers/STM32H5xx_HAL_Driver/Src/stm32h5xx_hal_fdcan.c ****   {
 779              		.loc 1 623 52 view .LVU269
 623:Drivers/STM32H5xx_HAL_Driver/Src/stm32h5xx_hal_fdcan.c ****   {
 780              		.loc 1 623 17 is_stmt 0 view .LVU270
 781 0014 2368     		ldr	r3, [r4]
 623:Drivers/STM32H5xx_HAL_Driver/Src/stm32h5xx_hal_fdcan.c ****   {
 782              		.loc 1 623 27 view .LVU271
ARM GAS  /tmp/cc1KCPzC.s 			page 80


 783 0016 9B69     		ldr	r3, [r3, #24]
 623:Drivers/STM32H5xx_HAL_Driver/Src/stm32h5xx_hal_fdcan.c ****   {
 784              		.loc 1 623 52 view .LVU272
 785 0018 13F0080F 		tst	r3, #8
 786 001c 0DD1     		bne	.L58
 625:Drivers/STM32H5xx_HAL_Driver/Src/stm32h5xx_hal_fdcan.c ****     {
 787              		.loc 1 625 5 is_stmt 1 view .LVU273
 625:Drivers/STM32H5xx_HAL_Driver/Src/stm32h5xx_hal_fdcan.c ****     {
 788              		.loc 1 625 10 is_stmt 0 view .LVU274
 789 001e FFF7FEFF 		bl	HAL_GetTick
 790              	.LVL40:
 625:Drivers/STM32H5xx_HAL_Driver/Src/stm32h5xx_hal_fdcan.c ****     {
 791              		.loc 1 625 24 discriminator 1 view .LVU275
 792 0022 401B     		subs	r0, r0, r5
 625:Drivers/STM32H5xx_HAL_Driver/Src/stm32h5xx_hal_fdcan.c ****     {
 793              		.loc 1 625 8 discriminator 1 view .LVU276
 794 0024 0A28     		cmp	r0, #10
 795 0026 F5D9     		bls	.L54
 628:Drivers/STM32H5xx_HAL_Driver/Src/stm32h5xx_hal_fdcan.c **** 
 796              		.loc 1 628 7 is_stmt 1 view .LVU277
 628:Drivers/STM32H5xx_HAL_Driver/Src/stm32h5xx_hal_fdcan.c **** 
 797              		.loc 1 628 13 is_stmt 0 view .LVU278
 798 0028 236E     		ldr	r3, [r4, #96]
 628:Drivers/STM32H5xx_HAL_Driver/Src/stm32h5xx_hal_fdcan.c **** 
 799              		.loc 1 628 25 view .LVU279
 800 002a 43F00103 		orr	r3, r3, #1
 801 002e 2366     		str	r3, [r4, #96]
 631:Drivers/STM32H5xx_HAL_Driver/Src/stm32h5xx_hal_fdcan.c **** 
 802              		.loc 1 631 7 is_stmt 1 view .LVU280
 631:Drivers/STM32H5xx_HAL_Driver/Src/stm32h5xx_hal_fdcan.c **** 
 803              		.loc 1 631 21 is_stmt 0 view .LVU281
 804 0030 0323     		movs	r3, #3
 805 0032 84F85C30 		strb	r3, [r4, #92]
 633:Drivers/STM32H5xx_HAL_Driver/Src/stm32h5xx_hal_fdcan.c ****     }
 806              		.loc 1 633 7 is_stmt 1 view .LVU282
 633:Drivers/STM32H5xx_HAL_Driver/Src/stm32h5xx_hal_fdcan.c ****     }
 807              		.loc 1 633 14 is_stmt 0 view .LVU283
 808 0036 0120     		movs	r0, #1
 809 0038 00E0     		b	.L55
 810              	.L58:
 638:Drivers/STM32H5xx_HAL_Driver/Src/stm32h5xx_hal_fdcan.c **** }
 811              		.loc 1 638 10 view .LVU284
 812 003a 0020     		movs	r0, #0
 813              	.L55:
 639:Drivers/STM32H5xx_HAL_Driver/Src/stm32h5xx_hal_fdcan.c **** 
 814              		.loc 1 639 1 view .LVU285
 815 003c 38BD     		pop	{r3, r4, r5, pc}
 639:Drivers/STM32H5xx_HAL_Driver/Src/stm32h5xx_hal_fdcan.c **** 
 816              		.loc 1 639 1 view .LVU286
 817              		.cfi_endproc
 818              	.LFE161:
 820              		.section	.text.HAL_FDCAN_ExitPowerDownMode,"ax",%progbits
 821              		.align	1
 822              		.global	HAL_FDCAN_ExitPowerDownMode
 823              		.syntax unified
 824              		.thumb
 825              		.thumb_func
ARM GAS  /tmp/cc1KCPzC.s 			page 81


 827              	HAL_FDCAN_ExitPowerDownMode:
 828              	.LVL41:
 829              	.LFB162:
 648:Drivers/STM32H5xx_HAL_Driver/Src/stm32h5xx_hal_fdcan.c ****   uint32_t tickstart;
 830              		.loc 1 648 1 is_stmt 1 view -0
 831              		.cfi_startproc
 832              		@ args = 0, pretend = 0, frame = 0
 833              		@ frame_needed = 0, uses_anonymous_args = 0
 648:Drivers/STM32H5xx_HAL_Driver/Src/stm32h5xx_hal_fdcan.c ****   uint32_t tickstart;
 834              		.loc 1 648 1 is_stmt 0 view .LVU288
 835 0000 38B5     		push	{r3, r4, r5, lr}
 836              	.LCFI6:
 837              		.cfi_def_cfa_offset 16
 838              		.cfi_offset 3, -16
 839              		.cfi_offset 4, -12
 840              		.cfi_offset 5, -8
 841              		.cfi_offset 14, -4
 842 0002 0446     		mov	r4, r0
 649:Drivers/STM32H5xx_HAL_Driver/Src/stm32h5xx_hal_fdcan.c **** 
 843              		.loc 1 649 3 is_stmt 1 view .LVU289
 652:Drivers/STM32H5xx_HAL_Driver/Src/stm32h5xx_hal_fdcan.c **** 
 844              		.loc 1 652 3 view .LVU290
 845 0004 0268     		ldr	r2, [r0]
 846 0006 9369     		ldr	r3, [r2, #24]
 847 0008 23F01003 		bic	r3, r3, #16
 848 000c 9361     		str	r3, [r2, #24]
 655:Drivers/STM32H5xx_HAL_Driver/Src/stm32h5xx_hal_fdcan.c **** 
 849              		.loc 1 655 3 view .LVU291
 655:Drivers/STM32H5xx_HAL_Driver/Src/stm32h5xx_hal_fdcan.c **** 
 850              		.loc 1 655 15 is_stmt 0 view .LVU292
 851 000e FFF7FEFF 		bl	HAL_GetTick
 852              	.LVL42:
 655:Drivers/STM32H5xx_HAL_Driver/Src/stm32h5xx_hal_fdcan.c **** 
 853              		.loc 1 655 15 view .LVU293
 854 0012 0546     		mov	r5, r0
 855              	.LVL43:
 658:Drivers/STM32H5xx_HAL_Driver/Src/stm32h5xx_hal_fdcan.c ****   {
 856              		.loc 1 658 3 is_stmt 1 view .LVU294
 857              	.L60:
 658:Drivers/STM32H5xx_HAL_Driver/Src/stm32h5xx_hal_fdcan.c ****   {
 858              		.loc 1 658 52 view .LVU295
 658:Drivers/STM32H5xx_HAL_Driver/Src/stm32h5xx_hal_fdcan.c ****   {
 859              		.loc 1 658 17 is_stmt 0 view .LVU296
 860 0014 2368     		ldr	r3, [r4]
 658:Drivers/STM32H5xx_HAL_Driver/Src/stm32h5xx_hal_fdcan.c ****   {
 861              		.loc 1 658 27 view .LVU297
 862 0016 9A69     		ldr	r2, [r3, #24]
 658:Drivers/STM32H5xx_HAL_Driver/Src/stm32h5xx_hal_fdcan.c ****   {
 863              		.loc 1 658 52 view .LVU298
 864 0018 12F0080F 		tst	r2, #8
 865 001c 0DD0     		beq	.L64
 660:Drivers/STM32H5xx_HAL_Driver/Src/stm32h5xx_hal_fdcan.c ****     {
 866              		.loc 1 660 5 is_stmt 1 view .LVU299
 660:Drivers/STM32H5xx_HAL_Driver/Src/stm32h5xx_hal_fdcan.c ****     {
 867              		.loc 1 660 10 is_stmt 0 view .LVU300
 868 001e FFF7FEFF 		bl	HAL_GetTick
 869              	.LVL44:
ARM GAS  /tmp/cc1KCPzC.s 			page 82


 660:Drivers/STM32H5xx_HAL_Driver/Src/stm32h5xx_hal_fdcan.c ****     {
 870              		.loc 1 660 24 discriminator 1 view .LVU301
 871 0022 401B     		subs	r0, r0, r5
 660:Drivers/STM32H5xx_HAL_Driver/Src/stm32h5xx_hal_fdcan.c ****     {
 872              		.loc 1 660 8 discriminator 1 view .LVU302
 873 0024 0A28     		cmp	r0, #10
 874 0026 F5D9     		bls	.L60
 663:Drivers/STM32H5xx_HAL_Driver/Src/stm32h5xx_hal_fdcan.c **** 
 875              		.loc 1 663 7 is_stmt 1 view .LVU303
 663:Drivers/STM32H5xx_HAL_Driver/Src/stm32h5xx_hal_fdcan.c **** 
 876              		.loc 1 663 13 is_stmt 0 view .LVU304
 877 0028 236E     		ldr	r3, [r4, #96]
 663:Drivers/STM32H5xx_HAL_Driver/Src/stm32h5xx_hal_fdcan.c **** 
 878              		.loc 1 663 25 view .LVU305
 879 002a 43F00103 		orr	r3, r3, #1
 880 002e 2366     		str	r3, [r4, #96]
 666:Drivers/STM32H5xx_HAL_Driver/Src/stm32h5xx_hal_fdcan.c **** 
 881              		.loc 1 666 7 is_stmt 1 view .LVU306
 666:Drivers/STM32H5xx_HAL_Driver/Src/stm32h5xx_hal_fdcan.c **** 
 882              		.loc 1 666 21 is_stmt 0 view .LVU307
 883 0030 0323     		movs	r3, #3
 884 0032 84F85C30 		strb	r3, [r4, #92]
 668:Drivers/STM32H5xx_HAL_Driver/Src/stm32h5xx_hal_fdcan.c ****     }
 885              		.loc 1 668 7 is_stmt 1 view .LVU308
 668:Drivers/STM32H5xx_HAL_Driver/Src/stm32h5xx_hal_fdcan.c ****     }
 886              		.loc 1 668 14 is_stmt 0 view .LVU309
 887 0036 0120     		movs	r0, #1
 888 0038 04E0     		b	.L61
 889              	.L64:
 673:Drivers/STM32H5xx_HAL_Driver/Src/stm32h5xx_hal_fdcan.c **** 
 890              		.loc 1 673 3 is_stmt 1 view .LVU310
 891 003a 9A69     		ldr	r2, [r3, #24]
 892 003c 22F00102 		bic	r2, r2, #1
 893 0040 9A61     		str	r2, [r3, #24]
 676:Drivers/STM32H5xx_HAL_Driver/Src/stm32h5xx_hal_fdcan.c **** }
 894              		.loc 1 676 3 view .LVU311
 676:Drivers/STM32H5xx_HAL_Driver/Src/stm32h5xx_hal_fdcan.c **** }
 895              		.loc 1 676 10 is_stmt 0 view .LVU312
 896 0042 0020     		movs	r0, #0
 897              	.L61:
 677:Drivers/STM32H5xx_HAL_Driver/Src/stm32h5xx_hal_fdcan.c **** 
 898              		.loc 1 677 1 view .LVU313
 899 0044 38BD     		pop	{r3, r4, r5, pc}
 677:Drivers/STM32H5xx_HAL_Driver/Src/stm32h5xx_hal_fdcan.c **** 
 900              		.loc 1 677 1 view .LVU314
 901              		.cfi_endproc
 902              	.LFE162:
 904              		.section	.text.HAL_FDCAN_ConfigFilter,"ax",%progbits
 905              		.align	1
 906              		.global	HAL_FDCAN_ConfigFilter
 907              		.syntax unified
 908              		.thumb
 909              		.thumb_func
 911              	HAL_FDCAN_ConfigFilter:
 912              	.LVL45:
 913              	.LFB163:
1297:Drivers/STM32H5xx_HAL_Driver/Src/stm32h5xx_hal_fdcan.c ****   uint32_t FilterElementW1;
ARM GAS  /tmp/cc1KCPzC.s 			page 83


 914              		.loc 1 1297 1 is_stmt 1 view -0
 915              		.cfi_startproc
 916              		@ args = 0, pretend = 0, frame = 0
 917              		@ frame_needed = 0, uses_anonymous_args = 0
 918              		@ link register save eliminated.
1298:Drivers/STM32H5xx_HAL_Driver/Src/stm32h5xx_hal_fdcan.c ****   uint32_t FilterElementW2;
 919              		.loc 1 1298 3 view .LVU316
1299:Drivers/STM32H5xx_HAL_Driver/Src/stm32h5xx_hal_fdcan.c ****   uint32_t *FilterAddress;
 920              		.loc 1 1299 3 view .LVU317
1300:Drivers/STM32H5xx_HAL_Driver/Src/stm32h5xx_hal_fdcan.c ****   HAL_FDCAN_StateTypeDef state = hfdcan->State;
 921              		.loc 1 1300 3 view .LVU318
1301:Drivers/STM32H5xx_HAL_Driver/Src/stm32h5xx_hal_fdcan.c **** 
 922              		.loc 1 1301 3 view .LVU319
1301:Drivers/STM32H5xx_HAL_Driver/Src/stm32h5xx_hal_fdcan.c **** 
 923              		.loc 1 1301 26 is_stmt 0 view .LVU320
 924 0000 90F85C30 		ldrb	r3, [r0, #92]	@ zero_extendqisi2
 925              	.LVL46:
1303:Drivers/STM32H5xx_HAL_Driver/Src/stm32h5xx_hal_fdcan.c ****   {
 926              		.loc 1 1303 3 is_stmt 1 view .LVU321
1303:Drivers/STM32H5xx_HAL_Driver/Src/stm32h5xx_hal_fdcan.c ****   {
 927              		.loc 1 1303 40 is_stmt 0 view .LVU322
 928 0004 013B     		subs	r3, r3, #1
 929              	.LVL47:
1303:Drivers/STM32H5xx_HAL_Driver/Src/stm32h5xx_hal_fdcan.c ****   {
 930              		.loc 1 1303 40 view .LVU323
 931 0006 DBB2     		uxtb	r3, r3
 932              	.LVL48:
1303:Drivers/STM32H5xx_HAL_Driver/Src/stm32h5xx_hal_fdcan.c ****   {
 933              		.loc 1 1303 6 view .LVU324
 934 0008 012B     		cmp	r3, #1
 935 000a 05D9     		bls	.L75
1358:Drivers/STM32H5xx_HAL_Driver/Src/stm32h5xx_hal_fdcan.c **** 
 936              		.loc 1 1358 5 is_stmt 1 view .LVU325
1358:Drivers/STM32H5xx_HAL_Driver/Src/stm32h5xx_hal_fdcan.c **** 
 937              		.loc 1 1358 11 is_stmt 0 view .LVU326
 938 000c 036E     		ldr	r3, [r0, #96]
1358:Drivers/STM32H5xx_HAL_Driver/Src/stm32h5xx_hal_fdcan.c **** 
 939              		.loc 1 1358 23 view .LVU327
 940 000e 43F00203 		orr	r3, r3, #2
 941 0012 0366     		str	r3, [r0, #96]
1360:Drivers/STM32H5xx_HAL_Driver/Src/stm32h5xx_hal_fdcan.c ****   }
 942              		.loc 1 1360 5 is_stmt 1 view .LVU328
1360:Drivers/STM32H5xx_HAL_Driver/Src/stm32h5xx_hal_fdcan.c ****   }
 943              		.loc 1 1360 12 is_stmt 0 view .LVU329
 944 0014 0120     		movs	r0, #1
 945              	.LVL49:
1360:Drivers/STM32H5xx_HAL_Driver/Src/stm32h5xx_hal_fdcan.c ****   }
 946              		.loc 1 1360 12 view .LVU330
 947 0016 7047     		bx	lr
 948              	.LVL50:
 949              	.L75:
1306:Drivers/STM32H5xx_HAL_Driver/Src/stm32h5xx_hal_fdcan.c ****     assert_param(IS_FDCAN_FILTER_CFG(sFilterConfig->FilterConfig));
 950              		.loc 1 1306 5 is_stmt 1 view .LVU331
1307:Drivers/STM32H5xx_HAL_Driver/Src/stm32h5xx_hal_fdcan.c **** 
 951              		.loc 1 1307 5 view .LVU332
1309:Drivers/STM32H5xx_HAL_Driver/Src/stm32h5xx_hal_fdcan.c ****     {
 952              		.loc 1 1309 5 view .LVU333
ARM GAS  /tmp/cc1KCPzC.s 			page 84


1309:Drivers/STM32H5xx_HAL_Driver/Src/stm32h5xx_hal_fdcan.c ****     {
 953              		.loc 1 1309 22 is_stmt 0 view .LVU334
 954 0018 0B68     		ldr	r3, [r1]
1309:Drivers/STM32H5xx_HAL_Driver/Src/stm32h5xx_hal_fdcan.c ****     {
 955              		.loc 1 1309 8 view .LVU335
 956 001a A3B1     		cbz	r3, .L74
1297:Drivers/STM32H5xx_HAL_Driver/Src/stm32h5xx_hal_fdcan.c ****   uint32_t FilterElementW1;
 957              		.loc 1 1297 1 view .LVU336
 958 001c 10B4     		push	{r4}
 959              	.LCFI7:
 960              		.cfi_def_cfa_offset 4
 961              		.cfi_offset 4, -4
1332:Drivers/STM32H5xx_HAL_Driver/Src/stm32h5xx_hal_fdcan.c ****       assert_param(IS_FDCAN_MAX_VALUE(sFilterConfig->FilterID1, 0x1FFFFFFFU));
 962              		.loc 1 1332 7 is_stmt 1 view .LVU337
1333:Drivers/STM32H5xx_HAL_Driver/Src/stm32h5xx_hal_fdcan.c ****       assert_param(IS_FDCAN_MAX_VALUE(sFilterConfig->FilterID2, 0x1FFFFFFFU));
 963              		.loc 1 1333 7 view .LVU338
1334:Drivers/STM32H5xx_HAL_Driver/Src/stm32h5xx_hal_fdcan.c ****       assert_param(IS_FDCAN_EXT_FILTER_TYPE(sFilterConfig->FilterType));
 964              		.loc 1 1334 7 view .LVU339
1335:Drivers/STM32H5xx_HAL_Driver/Src/stm32h5xx_hal_fdcan.c **** 
 965              		.loc 1 1335 7 view .LVU340
1338:Drivers/STM32H5xx_HAL_Driver/Src/stm32h5xx_hal_fdcan.c **** 
 966              		.loc 1 1338 7 view .LVU341
1338:Drivers/STM32H5xx_HAL_Driver/Src/stm32h5xx_hal_fdcan.c **** 
 967              		.loc 1 1338 40 is_stmt 0 view .LVU342
 968 001e CA68     		ldr	r2, [r1, #12]
1338:Drivers/STM32H5xx_HAL_Driver/Src/stm32h5xx_hal_fdcan.c **** 
 969              		.loc 1 1338 78 view .LVU343
 970 0020 0B69     		ldr	r3, [r1, #16]
1338:Drivers/STM32H5xx_HAL_Driver/Src/stm32h5xx_hal_fdcan.c **** 
 971              		.loc 1 1338 23 view .LVU344
 972 0022 43EA4272 		orr	r2, r3, r2, lsl #29
 973              	.LVL51:
1341:Drivers/STM32H5xx_HAL_Driver/Src/stm32h5xx_hal_fdcan.c **** 
 974              		.loc 1 1341 7 is_stmt 1 view .LVU345
1341:Drivers/STM32H5xx_HAL_Driver/Src/stm32h5xx_hal_fdcan.c **** 
 975              		.loc 1 1341 76 is_stmt 0 view .LVU346
 976 0026 4B69     		ldr	r3, [r1, #20]
1341:Drivers/STM32H5xx_HAL_Driver/Src/stm32h5xx_hal_fdcan.c **** 
 977              		.loc 1 1341 23 view .LVU347
 978 0028 8C68     		ldr	r4, [r1, #8]
 979 002a 43EA8473 		orr	r3, r3, r4, lsl #30
 980              	.LVL52:
1344:Drivers/STM32H5xx_HAL_Driver/Src/stm32h5xx_hal_fdcan.c **** 
 981              		.loc 1 1344 7 is_stmt 1 view .LVU348
1344:Drivers/STM32H5xx_HAL_Driver/Src/stm32h5xx_hal_fdcan.c **** 
 982              		.loc 1 1344 50 is_stmt 0 view .LVU349
 983 002e 406C     		ldr	r0, [r0, #68]
 984              	.LVL53:
1344:Drivers/STM32H5xx_HAL_Driver/Src/stm32h5xx_hal_fdcan.c **** 
 985              		.loc 1 1344 84 view .LVU350
 986 0030 4968     		ldr	r1, [r1, #4]
 987              	.LVL54:
1344:Drivers/STM32H5xx_HAL_Driver/Src/stm32h5xx_hal_fdcan.c **** 
 988              		.loc 1 1344 68 view .LVU351
 989 0032 00EBC10C 		add	ip, r0, r1, lsl #3
 990              	.LVL55:
1347:Drivers/STM32H5xx_HAL_Driver/Src/stm32h5xx_hal_fdcan.c ****       FilterAddress++;
ARM GAS  /tmp/cc1KCPzC.s 			page 85


 991              		.loc 1 1347 7 is_stmt 1 view .LVU352
1347:Drivers/STM32H5xx_HAL_Driver/Src/stm32h5xx_hal_fdcan.c ****       FilterAddress++;
 992              		.loc 1 1347 22 is_stmt 0 view .LVU353
 993 0036 40F83120 		str	r2, [r0, r1, lsl #3]
1348:Drivers/STM32H5xx_HAL_Driver/Src/stm32h5xx_hal_fdcan.c ****       *FilterAddress = FilterElementW2;
 994              		.loc 1 1348 7 is_stmt 1 view .LVU354
 995              	.LVL56:
1349:Drivers/STM32H5xx_HAL_Driver/Src/stm32h5xx_hal_fdcan.c ****     }
 996              		.loc 1 1349 7 view .LVU355
1349:Drivers/STM32H5xx_HAL_Driver/Src/stm32h5xx_hal_fdcan.c ****     }
 997              		.loc 1 1349 22 is_stmt 0 view .LVU356
 998 003a CCF80430 		str	r3, [ip, #4]
1353:Drivers/STM32H5xx_HAL_Driver/Src/stm32h5xx_hal_fdcan.c ****   }
 999              		.loc 1 1353 5 is_stmt 1 view .LVU357
1353:Drivers/STM32H5xx_HAL_Driver/Src/stm32h5xx_hal_fdcan.c ****   }
 1000              		.loc 1 1353 12 is_stmt 0 view .LVU358
 1001 003e 0020     		movs	r0, #0
1362:Drivers/STM32H5xx_HAL_Driver/Src/stm32h5xx_hal_fdcan.c **** 
 1002              		.loc 1 1362 1 view .LVU359
 1003 0040 5DF8044B 		ldr	r4, [sp], #4
 1004              	.LCFI8:
 1005              		.cfi_restore 4
 1006              		.cfi_def_cfa_offset 0
 1007 0044 7047     		bx	lr
 1008              	.LVL57:
 1009              	.L74:
1312:Drivers/STM32H5xx_HAL_Driver/Src/stm32h5xx_hal_fdcan.c ****       assert_param(IS_FDCAN_MAX_VALUE(sFilterConfig->FilterID1, 0x7FFU));
 1010              		.loc 1 1312 7 is_stmt 1 view .LVU360
1313:Drivers/STM32H5xx_HAL_Driver/Src/stm32h5xx_hal_fdcan.c ****       assert_param(IS_FDCAN_MAX_VALUE(sFilterConfig->FilterID2, 0x7FFU));
 1011              		.loc 1 1313 7 view .LVU361
1314:Drivers/STM32H5xx_HAL_Driver/Src/stm32h5xx_hal_fdcan.c ****       assert_param(IS_FDCAN_STD_FILTER_TYPE(sFilterConfig->FilterType));
 1012              		.loc 1 1314 7 view .LVU362
1315:Drivers/STM32H5xx_HAL_Driver/Src/stm32h5xx_hal_fdcan.c **** 
 1013              		.loc 1 1315 7 view .LVU363
1318:Drivers/STM32H5xx_HAL_Driver/Src/stm32h5xx_hal_fdcan.c ****                          (sFilterConfig->FilterConfig << 27U) |
 1014              		.loc 1 1318 7 view .LVU364
1318:Drivers/STM32H5xx_HAL_Driver/Src/stm32h5xx_hal_fdcan.c ****                          (sFilterConfig->FilterConfig << 27U) |
 1015              		.loc 1 1318 40 is_stmt 0 view .LVU365
 1016 0046 8A68     		ldr	r2, [r1, #8]
1319:Drivers/STM32H5xx_HAL_Driver/Src/stm32h5xx_hal_fdcan.c ****                          (sFilterConfig->FilterID1 << 16U)    |
 1017              		.loc 1 1319 40 view .LVU366
 1018 0048 CB68     		ldr	r3, [r1, #12]
1319:Drivers/STM32H5xx_HAL_Driver/Src/stm32h5xx_hal_fdcan.c ****                          (sFilterConfig->FilterID1 << 16U)    |
 1019              		.loc 1 1319 55 view .LVU367
 1020 004a DB06     		lsls	r3, r3, #27
1318:Drivers/STM32H5xx_HAL_Driver/Src/stm32h5xx_hal_fdcan.c ****                          (sFilterConfig->FilterConfig << 27U) |
 1021              		.loc 1 1318 63 view .LVU368
 1022 004c 43EA8273 		orr	r3, r3, r2, lsl #30
1320:Drivers/STM32H5xx_HAL_Driver/Src/stm32h5xx_hal_fdcan.c ****                          sFilterConfig->FilterID2);
 1023              		.loc 1 1320 40 view .LVU369
 1024 0050 0A69     		ldr	r2, [r1, #16]
1319:Drivers/STM32H5xx_HAL_Driver/Src/stm32h5xx_hal_fdcan.c ****                          (sFilterConfig->FilterID1 << 16U)    |
 1025              		.loc 1 1319 63 view .LVU370
 1026 0052 43EA0243 		orr	r3, r3, r2, lsl #16
1321:Drivers/STM32H5xx_HAL_Driver/Src/stm32h5xx_hal_fdcan.c **** 
 1027              		.loc 1 1321 39 view .LVU371
 1028 0056 4A69     		ldr	r2, [r1, #20]
ARM GAS  /tmp/cc1KCPzC.s 			page 86


1318:Drivers/STM32H5xx_HAL_Driver/Src/stm32h5xx_hal_fdcan.c ****                          (sFilterConfig->FilterConfig << 27U) |
 1029              		.loc 1 1318 23 view .LVU372
 1030 0058 1343     		orrs	r3, r3, r2
 1031              	.LVL58:
1324:Drivers/STM32H5xx_HAL_Driver/Src/stm32h5xx_hal_fdcan.c **** 
 1032              		.loc 1 1324 7 is_stmt 1 view .LVU373
1324:Drivers/STM32H5xx_HAL_Driver/Src/stm32h5xx_hal_fdcan.c **** 
 1033              		.loc 1 1324 50 is_stmt 0 view .LVU374
 1034 005a 026C     		ldr	r2, [r0, #64]
1324:Drivers/STM32H5xx_HAL_Driver/Src/stm32h5xx_hal_fdcan.c **** 
 1035              		.loc 1 1324 84 view .LVU375
 1036 005c 4968     		ldr	r1, [r1, #4]
 1037              	.LVL59:
1327:Drivers/STM32H5xx_HAL_Driver/Src/stm32h5xx_hal_fdcan.c ****     }
 1038              		.loc 1 1327 7 is_stmt 1 view .LVU376
1327:Drivers/STM32H5xx_HAL_Driver/Src/stm32h5xx_hal_fdcan.c ****     }
 1039              		.loc 1 1327 22 is_stmt 0 view .LVU377
 1040 005e 42F82130 		str	r3, [r2, r1, lsl #2]
1353:Drivers/STM32H5xx_HAL_Driver/Src/stm32h5xx_hal_fdcan.c ****   }
 1041              		.loc 1 1353 5 is_stmt 1 view .LVU378
1353:Drivers/STM32H5xx_HAL_Driver/Src/stm32h5xx_hal_fdcan.c ****   }
 1042              		.loc 1 1353 12 is_stmt 0 view .LVU379
 1043 0062 0020     		movs	r0, #0
 1044              	.LVL60:
1362:Drivers/STM32H5xx_HAL_Driver/Src/stm32h5xx_hal_fdcan.c **** 
 1045              		.loc 1 1362 1 view .LVU380
 1046 0064 7047     		bx	lr
 1047              		.cfi_endproc
 1048              	.LFE163:
 1050              		.section	.text.HAL_FDCAN_ConfigGlobalFilter,"ax",%progbits
 1051              		.align	1
 1052              		.global	HAL_FDCAN_ConfigGlobalFilter
 1053              		.syntax unified
 1054              		.thumb
 1055              		.thumb_func
 1057              	HAL_FDCAN_ConfigGlobalFilter:
 1058              	.LVL61:
 1059              	.LFB164:
1385:Drivers/STM32H5xx_HAL_Driver/Src/stm32h5xx_hal_fdcan.c ****   /* Check function parameters */
 1060              		.loc 1 1385 1 is_stmt 1 view -0
 1061              		.cfi_startproc
 1062              		@ args = 4, pretend = 0, frame = 0
 1063              		@ frame_needed = 0, uses_anonymous_args = 0
 1064              		@ link register save eliminated.
1387:Drivers/STM32H5xx_HAL_Driver/Src/stm32h5xx_hal_fdcan.c ****   assert_param(IS_FDCAN_NON_MATCHING(NonMatchingExt));
 1065              		.loc 1 1387 3 view .LVU382
1388:Drivers/STM32H5xx_HAL_Driver/Src/stm32h5xx_hal_fdcan.c ****   assert_param(IS_FDCAN_REJECT_REMOTE(RejectRemoteStd));
 1066              		.loc 1 1388 3 view .LVU383
1389:Drivers/STM32H5xx_HAL_Driver/Src/stm32h5xx_hal_fdcan.c ****   assert_param(IS_FDCAN_REJECT_REMOTE(RejectRemoteExt));
 1067              		.loc 1 1389 3 view .LVU384
1390:Drivers/STM32H5xx_HAL_Driver/Src/stm32h5xx_hal_fdcan.c **** 
 1068              		.loc 1 1390 3 view .LVU385
1392:Drivers/STM32H5xx_HAL_Driver/Src/stm32h5xx_hal_fdcan.c ****   {
 1069              		.loc 1 1392 3 view .LVU386
1392:Drivers/STM32H5xx_HAL_Driver/Src/stm32h5xx_hal_fdcan.c ****   {
 1070              		.loc 1 1392 13 is_stmt 0 view .LVU387
 1071 0000 90F85CC0 		ldrb	ip, [r0, #92]	@ zero_extendqisi2
ARM GAS  /tmp/cc1KCPzC.s 			page 87


 1072 0004 5FFA8CFC 		uxtb	ip, ip
1392:Drivers/STM32H5xx_HAL_Driver/Src/stm32h5xx_hal_fdcan.c ****   {
 1073              		.loc 1 1392 6 view .LVU388
 1074 0008 BCF1010F 		cmp	ip, #1
 1075 000c 05D0     		beq	.L83
1410:Drivers/STM32H5xx_HAL_Driver/Src/stm32h5xx_hal_fdcan.c **** 
 1076              		.loc 1 1410 5 is_stmt 1 view .LVU389
1410:Drivers/STM32H5xx_HAL_Driver/Src/stm32h5xx_hal_fdcan.c **** 
 1077              		.loc 1 1410 11 is_stmt 0 view .LVU390
 1078 000e 036E     		ldr	r3, [r0, #96]
 1079              	.LVL62:
1410:Drivers/STM32H5xx_HAL_Driver/Src/stm32h5xx_hal_fdcan.c **** 
 1080              		.loc 1 1410 23 view .LVU391
 1081 0010 43F00403 		orr	r3, r3, #4
 1082 0014 0366     		str	r3, [r0, #96]
1412:Drivers/STM32H5xx_HAL_Driver/Src/stm32h5xx_hal_fdcan.c ****   }
 1083              		.loc 1 1412 5 is_stmt 1 view .LVU392
1412:Drivers/STM32H5xx_HAL_Driver/Src/stm32h5xx_hal_fdcan.c ****   }
 1084              		.loc 1 1412 12 is_stmt 0 view .LVU393
 1085 0016 0120     		movs	r0, #1
 1086              	.LVL63:
1414:Drivers/STM32H5xx_HAL_Driver/Src/stm32h5xx_hal_fdcan.c **** 
 1087              		.loc 1 1414 1 view .LVU394
 1088 0018 7047     		bx	lr
 1089              	.LVL64:
 1090              	.L83:
1385:Drivers/STM32H5xx_HAL_Driver/Src/stm32h5xx_hal_fdcan.c ****   /* Check function parameters */
 1091              		.loc 1 1385 1 view .LVU395
 1092 001a 10B4     		push	{r4}
 1093              	.LCFI9:
 1094              		.cfi_def_cfa_offset 4
 1095              		.cfi_offset 4, -4
1395:Drivers/STM32H5xx_HAL_Driver/Src/stm32h5xx_hal_fdcan.c ****                                          FDCAN_RXGFC_ANFE |
 1096              		.loc 1 1395 5 is_stmt 1 view .LVU396
 1097 001c 0468     		ldr	r4, [r0]
 1098 001e D4F88000 		ldr	r0, [r4, #128]
 1099              	.LVL65:
1395:Drivers/STM32H5xx_HAL_Driver/Src/stm32h5xx_hal_fdcan.c ****                                          FDCAN_RXGFC_ANFE |
 1100              		.loc 1 1395 5 is_stmt 0 view .LVU397
 1101 0022 20F03F00 		bic	r0, r0, #63
 1102 0026 9200     		lsls	r2, r2, #2
 1103              	.LVL66:
1395:Drivers/STM32H5xx_HAL_Driver/Src/stm32h5xx_hal_fdcan.c ****                                          FDCAN_RXGFC_ANFE |
 1104              		.loc 1 1395 5 view .LVU398
 1105 0028 42EA0112 		orr	r2, r2, r1, lsl #4
 1106 002c 42EA4303 		orr	r3, r2, r3, lsl #1
 1107              	.LVL67:
1395:Drivers/STM32H5xx_HAL_Driver/Src/stm32h5xx_hal_fdcan.c ****                                          FDCAN_RXGFC_ANFE |
 1108              		.loc 1 1395 5 view .LVU399
 1109 0030 019A     		ldr	r2, [sp, #4]
 1110 0032 1A43     		orrs	r2, r2, r3
 1111 0034 0243     		orrs	r2, r2, r0
 1112 0036 C4F88020 		str	r2, [r4, #128]
1405:Drivers/STM32H5xx_HAL_Driver/Src/stm32h5xx_hal_fdcan.c ****   }
 1113              		.loc 1 1405 5 is_stmt 1 view .LVU400
1405:Drivers/STM32H5xx_HAL_Driver/Src/stm32h5xx_hal_fdcan.c ****   }
 1114              		.loc 1 1405 12 is_stmt 0 view .LVU401
ARM GAS  /tmp/cc1KCPzC.s 			page 88


 1115 003a 0020     		movs	r0, #0
1414:Drivers/STM32H5xx_HAL_Driver/Src/stm32h5xx_hal_fdcan.c **** 
 1116              		.loc 1 1414 1 view .LVU402
 1117 003c 5DF8044B 		ldr	r4, [sp], #4
 1118              	.LCFI10:
 1119              		.cfi_restore 4
 1120              		.cfi_def_cfa_offset 0
 1121              	.LVL68:
1414:Drivers/STM32H5xx_HAL_Driver/Src/stm32h5xx_hal_fdcan.c **** 
 1122              		.loc 1 1414 1 view .LVU403
 1123 0040 7047     		bx	lr
 1124              		.cfi_endproc
 1125              	.LFE164:
 1127              		.section	.text.HAL_FDCAN_ConfigExtendedIdMask,"ax",%progbits
 1128              		.align	1
 1129              		.global	HAL_FDCAN_ConfigExtendedIdMask
 1130              		.syntax unified
 1131              		.thumb
 1132              		.thumb_func
 1134              	HAL_FDCAN_ConfigExtendedIdMask:
 1135              	.LVL69:
 1136              	.LFB165:
1425:Drivers/STM32H5xx_HAL_Driver/Src/stm32h5xx_hal_fdcan.c ****   /* Check function parameters */
 1137              		.loc 1 1425 1 is_stmt 1 view -0
 1138              		.cfi_startproc
 1139              		@ args = 0, pretend = 0, frame = 0
 1140              		@ frame_needed = 0, uses_anonymous_args = 0
 1141              		@ link register save eliminated.
1427:Drivers/STM32H5xx_HAL_Driver/Src/stm32h5xx_hal_fdcan.c **** 
 1142              		.loc 1 1427 3 view .LVU405
1429:Drivers/STM32H5xx_HAL_Driver/Src/stm32h5xx_hal_fdcan.c ****   {
 1143              		.loc 1 1429 3 view .LVU406
1429:Drivers/STM32H5xx_HAL_Driver/Src/stm32h5xx_hal_fdcan.c ****   {
 1144              		.loc 1 1429 13 is_stmt 0 view .LVU407
 1145 0000 90F85C30 		ldrb	r3, [r0, #92]	@ zero_extendqisi2
 1146 0004 DBB2     		uxtb	r3, r3
1429:Drivers/STM32H5xx_HAL_Driver/Src/stm32h5xx_hal_fdcan.c ****   {
 1147              		.loc 1 1429 6 view .LVU408
 1148 0006 012B     		cmp	r3, #1
 1149 0008 05D0     		beq	.L87
1440:Drivers/STM32H5xx_HAL_Driver/Src/stm32h5xx_hal_fdcan.c **** 
 1150              		.loc 1 1440 5 is_stmt 1 view .LVU409
1440:Drivers/STM32H5xx_HAL_Driver/Src/stm32h5xx_hal_fdcan.c **** 
 1151              		.loc 1 1440 11 is_stmt 0 view .LVU410
 1152 000a 036E     		ldr	r3, [r0, #96]
1440:Drivers/STM32H5xx_HAL_Driver/Src/stm32h5xx_hal_fdcan.c **** 
 1153              		.loc 1 1440 23 view .LVU411
 1154 000c 43F00403 		orr	r3, r3, #4
 1155 0010 0366     		str	r3, [r0, #96]
1442:Drivers/STM32H5xx_HAL_Driver/Src/stm32h5xx_hal_fdcan.c ****   }
 1156              		.loc 1 1442 5 is_stmt 1 view .LVU412
1442:Drivers/STM32H5xx_HAL_Driver/Src/stm32h5xx_hal_fdcan.c ****   }
 1157              		.loc 1 1442 12 is_stmt 0 view .LVU413
 1158 0012 0120     		movs	r0, #1
 1159              	.LVL70:
1444:Drivers/STM32H5xx_HAL_Driver/Src/stm32h5xx_hal_fdcan.c **** 
 1160              		.loc 1 1444 1 view .LVU414
ARM GAS  /tmp/cc1KCPzC.s 			page 89


 1161 0014 7047     		bx	lr
 1162              	.LVL71:
 1163              	.L87:
1432:Drivers/STM32H5xx_HAL_Driver/Src/stm32h5xx_hal_fdcan.c **** 
 1164              		.loc 1 1432 5 is_stmt 1 view .LVU415
1432:Drivers/STM32H5xx_HAL_Driver/Src/stm32h5xx_hal_fdcan.c **** 
 1165              		.loc 1 1432 11 is_stmt 0 view .LVU416
 1166 0016 0368     		ldr	r3, [r0]
1432:Drivers/STM32H5xx_HAL_Driver/Src/stm32h5xx_hal_fdcan.c **** 
 1167              		.loc 1 1432 29 view .LVU417
 1168 0018 C3F88410 		str	r1, [r3, #132]
1435:Drivers/STM32H5xx_HAL_Driver/Src/stm32h5xx_hal_fdcan.c ****   }
 1169              		.loc 1 1435 5 is_stmt 1 view .LVU418
1435:Drivers/STM32H5xx_HAL_Driver/Src/stm32h5xx_hal_fdcan.c ****   }
 1170              		.loc 1 1435 12 is_stmt 0 view .LVU419
 1171 001c 0020     		movs	r0, #0
 1172              	.LVL72:
1435:Drivers/STM32H5xx_HAL_Driver/Src/stm32h5xx_hal_fdcan.c ****   }
 1173              		.loc 1 1435 12 view .LVU420
 1174 001e 7047     		bx	lr
 1175              		.cfi_endproc
 1176              	.LFE165:
 1178              		.section	.text.HAL_FDCAN_ConfigRxFifoOverwrite,"ax",%progbits
 1179              		.align	1
 1180              		.global	HAL_FDCAN_ConfigRxFifoOverwrite
 1181              		.syntax unified
 1182              		.thumb
 1183              		.thumb_func
 1185              	HAL_FDCAN_ConfigRxFifoOverwrite:
 1186              	.LVL73:
 1187              	.LFB166:
1459:Drivers/STM32H5xx_HAL_Driver/Src/stm32h5xx_hal_fdcan.c ****   /* Check function parameters */
 1188              		.loc 1 1459 1 is_stmt 1 view -0
 1189              		.cfi_startproc
 1190              		@ args = 0, pretend = 0, frame = 0
 1191              		@ frame_needed = 0, uses_anonymous_args = 0
 1192              		@ link register save eliminated.
1461:Drivers/STM32H5xx_HAL_Driver/Src/stm32h5xx_hal_fdcan.c ****   assert_param(IS_FDCAN_RX_FIFO_MODE(OperationMode));
 1193              		.loc 1 1461 3 view .LVU422
1462:Drivers/STM32H5xx_HAL_Driver/Src/stm32h5xx_hal_fdcan.c **** 
 1194              		.loc 1 1462 3 view .LVU423
1464:Drivers/STM32H5xx_HAL_Driver/Src/stm32h5xx_hal_fdcan.c ****   {
 1195              		.loc 1 1464 3 view .LVU424
1464:Drivers/STM32H5xx_HAL_Driver/Src/stm32h5xx_hal_fdcan.c ****   {
 1196              		.loc 1 1464 13 is_stmt 0 view .LVU425
 1197 0000 90F85C30 		ldrb	r3, [r0, #92]	@ zero_extendqisi2
 1198 0004 DBB2     		uxtb	r3, r3
1464:Drivers/STM32H5xx_HAL_Driver/Src/stm32h5xx_hal_fdcan.c ****   {
 1199              		.loc 1 1464 6 view .LVU426
 1200 0006 012B     		cmp	r3, #1
 1201 0008 05D0     		beq	.L93
1483:Drivers/STM32H5xx_HAL_Driver/Src/stm32h5xx_hal_fdcan.c **** 
 1202              		.loc 1 1483 5 is_stmt 1 view .LVU427
1483:Drivers/STM32H5xx_HAL_Driver/Src/stm32h5xx_hal_fdcan.c **** 
 1203              		.loc 1 1483 11 is_stmt 0 view .LVU428
 1204 000a 036E     		ldr	r3, [r0, #96]
1483:Drivers/STM32H5xx_HAL_Driver/Src/stm32h5xx_hal_fdcan.c **** 
ARM GAS  /tmp/cc1KCPzC.s 			page 90


 1205              		.loc 1 1483 23 view .LVU429
 1206 000c 43F00403 		orr	r3, r3, #4
 1207 0010 0366     		str	r3, [r0, #96]
1485:Drivers/STM32H5xx_HAL_Driver/Src/stm32h5xx_hal_fdcan.c ****   }
 1208              		.loc 1 1485 5 is_stmt 1 view .LVU430
1485:Drivers/STM32H5xx_HAL_Driver/Src/stm32h5xx_hal_fdcan.c ****   }
 1209              		.loc 1 1485 12 is_stmt 0 view .LVU431
 1210 0012 0120     		movs	r0, #1
 1211              	.LVL74:
1487:Drivers/STM32H5xx_HAL_Driver/Src/stm32h5xx_hal_fdcan.c **** 
 1212              		.loc 1 1487 1 view .LVU432
 1213 0014 7047     		bx	lr
 1214              	.LVL75:
 1215              	.L93:
1466:Drivers/STM32H5xx_HAL_Driver/Src/stm32h5xx_hal_fdcan.c ****     {
 1216              		.loc 1 1466 5 is_stmt 1 view .LVU433
1466:Drivers/STM32H5xx_HAL_Driver/Src/stm32h5xx_hal_fdcan.c ****     {
 1217              		.loc 1 1466 8 is_stmt 0 view .LVU434
 1218 0016 4029     		cmp	r1, #64
 1219 0018 0AD0     		beq	.L94
1474:Drivers/STM32H5xx_HAL_Driver/Src/stm32h5xx_hal_fdcan.c ****     }
 1220              		.loc 1 1474 7 is_stmt 1 view .LVU435
 1221 001a 0168     		ldr	r1, [r0]
 1222              	.LVL76:
1474:Drivers/STM32H5xx_HAL_Driver/Src/stm32h5xx_hal_fdcan.c ****     }
 1223              		.loc 1 1474 7 is_stmt 0 view .LVU436
 1224 001c D1F88030 		ldr	r3, [r1, #128]
 1225 0020 23F48073 		bic	r3, r3, #256
 1226 0024 43EA0223 		orr	r3, r3, r2, lsl #8
 1227 0028 C1F88030 		str	r3, [r1, #128]
 1228              	.L91:
1478:Drivers/STM32H5xx_HAL_Driver/Src/stm32h5xx_hal_fdcan.c ****   }
 1229              		.loc 1 1478 5 is_stmt 1 view .LVU437
1478:Drivers/STM32H5xx_HAL_Driver/Src/stm32h5xx_hal_fdcan.c ****   }
 1230              		.loc 1 1478 12 is_stmt 0 view .LVU438
 1231 002c 0020     		movs	r0, #0
 1232              	.LVL77:
1478:Drivers/STM32H5xx_HAL_Driver/Src/stm32h5xx_hal_fdcan.c ****   }
 1233              		.loc 1 1478 12 view .LVU439
 1234 002e 7047     		bx	lr
 1235              	.LVL78:
 1236              	.L94:
1469:Drivers/STM32H5xx_HAL_Driver/Src/stm32h5xx_hal_fdcan.c ****     }
 1237              		.loc 1 1469 7 is_stmt 1 view .LVU440
 1238 0030 0168     		ldr	r1, [r0]
 1239              	.LVL79:
1469:Drivers/STM32H5xx_HAL_Driver/Src/stm32h5xx_hal_fdcan.c ****     }
 1240              		.loc 1 1469 7 is_stmt 0 view .LVU441
 1241 0032 D1F88030 		ldr	r3, [r1, #128]
 1242 0036 23F40073 		bic	r3, r3, #512
 1243 003a 43EA4223 		orr	r3, r3, r2, lsl #9
 1244 003e C1F88030 		str	r3, [r1, #128]
 1245 0042 F3E7     		b	.L91
 1246              		.cfi_endproc
 1247              	.LFE166:
 1249              		.section	.text.HAL_FDCAN_ConfigRamWatchdog,"ax",%progbits
 1250              		.align	1
ARM GAS  /tmp/cc1KCPzC.s 			page 91


 1251              		.global	HAL_FDCAN_ConfigRamWatchdog
 1252              		.syntax unified
 1253              		.thumb
 1254              		.thumb_func
 1256              	HAL_FDCAN_ConfigRamWatchdog:
 1257              	.LVL80:
 1258              	.LFB167:
1499:Drivers/STM32H5xx_HAL_Driver/Src/stm32h5xx_hal_fdcan.c ****   /* Check function parameters */
 1259              		.loc 1 1499 1 is_stmt 1 view -0
 1260              		.cfi_startproc
 1261              		@ args = 0, pretend = 0, frame = 0
 1262              		@ frame_needed = 0, uses_anonymous_args = 0
 1263              		@ link register save eliminated.
1501:Drivers/STM32H5xx_HAL_Driver/Src/stm32h5xx_hal_fdcan.c **** 
 1264              		.loc 1 1501 3 view .LVU443
1503:Drivers/STM32H5xx_HAL_Driver/Src/stm32h5xx_hal_fdcan.c ****   {
 1265              		.loc 1 1503 3 view .LVU444
1503:Drivers/STM32H5xx_HAL_Driver/Src/stm32h5xx_hal_fdcan.c ****   {
 1266              		.loc 1 1503 13 is_stmt 0 view .LVU445
 1267 0000 90F85C30 		ldrb	r3, [r0, #92]	@ zero_extendqisi2
 1268 0004 DBB2     		uxtb	r3, r3
1503:Drivers/STM32H5xx_HAL_Driver/Src/stm32h5xx_hal_fdcan.c ****   {
 1269              		.loc 1 1503 6 view .LVU446
 1270 0006 012B     		cmp	r3, #1
 1271 0008 05D0     		beq	.L98
1514:Drivers/STM32H5xx_HAL_Driver/Src/stm32h5xx_hal_fdcan.c **** 
 1272              		.loc 1 1514 5 is_stmt 1 view .LVU447
1514:Drivers/STM32H5xx_HAL_Driver/Src/stm32h5xx_hal_fdcan.c **** 
 1273              		.loc 1 1514 11 is_stmt 0 view .LVU448
 1274 000a 036E     		ldr	r3, [r0, #96]
1514:Drivers/STM32H5xx_HAL_Driver/Src/stm32h5xx_hal_fdcan.c **** 
 1275              		.loc 1 1514 23 view .LVU449
 1276 000c 43F00403 		orr	r3, r3, #4
 1277 0010 0366     		str	r3, [r0, #96]
1516:Drivers/STM32H5xx_HAL_Driver/Src/stm32h5xx_hal_fdcan.c ****   }
 1278              		.loc 1 1516 5 is_stmt 1 view .LVU450
1516:Drivers/STM32H5xx_HAL_Driver/Src/stm32h5xx_hal_fdcan.c ****   }
 1279              		.loc 1 1516 12 is_stmt 0 view .LVU451
 1280 0012 0120     		movs	r0, #1
 1281              	.LVL81:
1518:Drivers/STM32H5xx_HAL_Driver/Src/stm32h5xx_hal_fdcan.c **** 
 1282              		.loc 1 1518 1 view .LVU452
 1283 0014 7047     		bx	lr
 1284              	.LVL82:
 1285              	.L98:
1506:Drivers/STM32H5xx_HAL_Driver/Src/stm32h5xx_hal_fdcan.c **** 
 1286              		.loc 1 1506 5 is_stmt 1 view .LVU453
 1287 0016 0268     		ldr	r2, [r0]
 1288 0018 5369     		ldr	r3, [r2, #20]
 1289 001a 23F0FF03 		bic	r3, r3, #255
 1290 001e 0B43     		orrs	r3, r3, r1
 1291 0020 5361     		str	r3, [r2, #20]
1509:Drivers/STM32H5xx_HAL_Driver/Src/stm32h5xx_hal_fdcan.c ****   }
 1292              		.loc 1 1509 5 view .LVU454
1509:Drivers/STM32H5xx_HAL_Driver/Src/stm32h5xx_hal_fdcan.c ****   }
 1293              		.loc 1 1509 12 is_stmt 0 view .LVU455
 1294 0022 0020     		movs	r0, #0
ARM GAS  /tmp/cc1KCPzC.s 			page 92


 1295              	.LVL83:
1509:Drivers/STM32H5xx_HAL_Driver/Src/stm32h5xx_hal_fdcan.c ****   }
 1296              		.loc 1 1509 12 view .LVU456
 1297 0024 7047     		bx	lr
 1298              		.cfi_endproc
 1299              	.LFE167:
 1301              		.section	.text.HAL_FDCAN_ConfigTimestampCounter,"ax",%progbits
 1302              		.align	1
 1303              		.global	HAL_FDCAN_ConfigTimestampCounter
 1304              		.syntax unified
 1305              		.thumb
 1306              		.thumb_func
 1308              	HAL_FDCAN_ConfigTimestampCounter:
 1309              	.LVL84:
 1310              	.LFB168:
1529:Drivers/STM32H5xx_HAL_Driver/Src/stm32h5xx_hal_fdcan.c ****   /* Check function parameters */
 1311              		.loc 1 1529 1 is_stmt 1 view -0
 1312              		.cfi_startproc
 1313              		@ args = 0, pretend = 0, frame = 0
 1314              		@ frame_needed = 0, uses_anonymous_args = 0
 1315              		@ link register save eliminated.
1531:Drivers/STM32H5xx_HAL_Driver/Src/stm32h5xx_hal_fdcan.c **** 
 1316              		.loc 1 1531 3 view .LVU458
1533:Drivers/STM32H5xx_HAL_Driver/Src/stm32h5xx_hal_fdcan.c ****   {
 1317              		.loc 1 1533 3 view .LVU459
1533:Drivers/STM32H5xx_HAL_Driver/Src/stm32h5xx_hal_fdcan.c ****   {
 1318              		.loc 1 1533 13 is_stmt 0 view .LVU460
 1319 0000 90F85C30 		ldrb	r3, [r0, #92]	@ zero_extendqisi2
 1320 0004 DBB2     		uxtb	r3, r3
1533:Drivers/STM32H5xx_HAL_Driver/Src/stm32h5xx_hal_fdcan.c ****   {
 1321              		.loc 1 1533 6 view .LVU461
 1322 0006 012B     		cmp	r3, #1
 1323 0008 05D0     		beq	.L102
1544:Drivers/STM32H5xx_HAL_Driver/Src/stm32h5xx_hal_fdcan.c **** 
 1324              		.loc 1 1544 5 is_stmt 1 view .LVU462
1544:Drivers/STM32H5xx_HAL_Driver/Src/stm32h5xx_hal_fdcan.c **** 
 1325              		.loc 1 1544 11 is_stmt 0 view .LVU463
 1326 000a 036E     		ldr	r3, [r0, #96]
1544:Drivers/STM32H5xx_HAL_Driver/Src/stm32h5xx_hal_fdcan.c **** 
 1327              		.loc 1 1544 23 view .LVU464
 1328 000c 43F00403 		orr	r3, r3, #4
 1329 0010 0366     		str	r3, [r0, #96]
1546:Drivers/STM32H5xx_HAL_Driver/Src/stm32h5xx_hal_fdcan.c ****   }
 1330              		.loc 1 1546 5 is_stmt 1 view .LVU465
1546:Drivers/STM32H5xx_HAL_Driver/Src/stm32h5xx_hal_fdcan.c ****   }
 1331              		.loc 1 1546 12 is_stmt 0 view .LVU466
 1332 0012 0120     		movs	r0, #1
 1333              	.LVL85:
1548:Drivers/STM32H5xx_HAL_Driver/Src/stm32h5xx_hal_fdcan.c **** 
 1334              		.loc 1 1548 1 view .LVU467
 1335 0014 7047     		bx	lr
 1336              	.LVL86:
 1337              	.L102:
1536:Drivers/STM32H5xx_HAL_Driver/Src/stm32h5xx_hal_fdcan.c **** 
 1338              		.loc 1 1536 5 is_stmt 1 view .LVU468
 1339 0016 0268     		ldr	r2, [r0]
 1340 0018 136A     		ldr	r3, [r2, #32]
ARM GAS  /tmp/cc1KCPzC.s 			page 93


 1341 001a 23F47023 		bic	r3, r3, #983040
 1342 001e 0B43     		orrs	r3, r3, r1
 1343 0020 1362     		str	r3, [r2, #32]
1539:Drivers/STM32H5xx_HAL_Driver/Src/stm32h5xx_hal_fdcan.c ****   }
 1344              		.loc 1 1539 5 view .LVU469
1539:Drivers/STM32H5xx_HAL_Driver/Src/stm32h5xx_hal_fdcan.c ****   }
 1345              		.loc 1 1539 12 is_stmt 0 view .LVU470
 1346 0022 0020     		movs	r0, #0
 1347              	.LVL87:
1539:Drivers/STM32H5xx_HAL_Driver/Src/stm32h5xx_hal_fdcan.c ****   }
 1348              		.loc 1 1539 12 view .LVU471
 1349 0024 7047     		bx	lr
 1350              		.cfi_endproc
 1351              	.LFE168:
 1353              		.section	.text.HAL_FDCAN_EnableTimestampCounter,"ax",%progbits
 1354              		.align	1
 1355              		.global	HAL_FDCAN_EnableTimestampCounter
 1356              		.syntax unified
 1357              		.thumb
 1358              		.thumb_func
 1360              	HAL_FDCAN_EnableTimestampCounter:
 1361              	.LVL88:
 1362              	.LFB169:
1559:Drivers/STM32H5xx_HAL_Driver/Src/stm32h5xx_hal_fdcan.c ****   /* Check function parameters */
 1363              		.loc 1 1559 1 is_stmt 1 view -0
 1364              		.cfi_startproc
 1365              		@ args = 0, pretend = 0, frame = 0
 1366              		@ frame_needed = 0, uses_anonymous_args = 0
 1367              		@ link register save eliminated.
1561:Drivers/STM32H5xx_HAL_Driver/Src/stm32h5xx_hal_fdcan.c **** 
 1368              		.loc 1 1561 3 view .LVU473
1563:Drivers/STM32H5xx_HAL_Driver/Src/stm32h5xx_hal_fdcan.c ****   {
 1369              		.loc 1 1563 3 view .LVU474
1563:Drivers/STM32H5xx_HAL_Driver/Src/stm32h5xx_hal_fdcan.c ****   {
 1370              		.loc 1 1563 13 is_stmt 0 view .LVU475
 1371 0000 90F85C30 		ldrb	r3, [r0, #92]	@ zero_extendqisi2
 1372 0004 DBB2     		uxtb	r3, r3
1563:Drivers/STM32H5xx_HAL_Driver/Src/stm32h5xx_hal_fdcan.c ****   {
 1373              		.loc 1 1563 6 view .LVU476
 1374 0006 012B     		cmp	r3, #1
 1375 0008 05D0     		beq	.L106
1574:Drivers/STM32H5xx_HAL_Driver/Src/stm32h5xx_hal_fdcan.c **** 
 1376              		.loc 1 1574 5 is_stmt 1 view .LVU477
1574:Drivers/STM32H5xx_HAL_Driver/Src/stm32h5xx_hal_fdcan.c **** 
 1377              		.loc 1 1574 11 is_stmt 0 view .LVU478
 1378 000a 036E     		ldr	r3, [r0, #96]
1574:Drivers/STM32H5xx_HAL_Driver/Src/stm32h5xx_hal_fdcan.c **** 
 1379              		.loc 1 1574 23 view .LVU479
 1380 000c 43F00403 		orr	r3, r3, #4
 1381 0010 0366     		str	r3, [r0, #96]
1576:Drivers/STM32H5xx_HAL_Driver/Src/stm32h5xx_hal_fdcan.c ****   }
 1382              		.loc 1 1576 5 is_stmt 1 view .LVU480
1576:Drivers/STM32H5xx_HAL_Driver/Src/stm32h5xx_hal_fdcan.c ****   }
 1383              		.loc 1 1576 12 is_stmt 0 view .LVU481
 1384 0012 0120     		movs	r0, #1
 1385              	.LVL89:
1578:Drivers/STM32H5xx_HAL_Driver/Src/stm32h5xx_hal_fdcan.c **** 
ARM GAS  /tmp/cc1KCPzC.s 			page 94


 1386              		.loc 1 1578 1 view .LVU482
 1387 0014 7047     		bx	lr
 1388              	.LVL90:
 1389              	.L106:
1566:Drivers/STM32H5xx_HAL_Driver/Src/stm32h5xx_hal_fdcan.c **** 
 1390              		.loc 1 1566 5 is_stmt 1 view .LVU483
 1391 0016 0268     		ldr	r2, [r0]
 1392 0018 136A     		ldr	r3, [r2, #32]
 1393 001a 23F00303 		bic	r3, r3, #3
 1394 001e 0B43     		orrs	r3, r3, r1
 1395 0020 1362     		str	r3, [r2, #32]
1569:Drivers/STM32H5xx_HAL_Driver/Src/stm32h5xx_hal_fdcan.c ****   }
 1396              		.loc 1 1569 5 view .LVU484
1569:Drivers/STM32H5xx_HAL_Driver/Src/stm32h5xx_hal_fdcan.c ****   }
 1397              		.loc 1 1569 12 is_stmt 0 view .LVU485
 1398 0022 0020     		movs	r0, #0
 1399              	.LVL91:
1569:Drivers/STM32H5xx_HAL_Driver/Src/stm32h5xx_hal_fdcan.c ****   }
 1400              		.loc 1 1569 12 view .LVU486
 1401 0024 7047     		bx	lr
 1402              		.cfi_endproc
 1403              	.LFE169:
 1405              		.section	.text.HAL_FDCAN_DisableTimestampCounter,"ax",%progbits
 1406              		.align	1
 1407              		.global	HAL_FDCAN_DisableTimestampCounter
 1408              		.syntax unified
 1409              		.thumb
 1410              		.thumb_func
 1412              	HAL_FDCAN_DisableTimestampCounter:
 1413              	.LVL92:
 1414              	.LFB170:
1587:Drivers/STM32H5xx_HAL_Driver/Src/stm32h5xx_hal_fdcan.c ****   if (hfdcan->State == HAL_FDCAN_STATE_READY)
 1415              		.loc 1 1587 1 is_stmt 1 view -0
 1416              		.cfi_startproc
 1417              		@ args = 0, pretend = 0, frame = 0
 1418              		@ frame_needed = 0, uses_anonymous_args = 0
 1419              		@ link register save eliminated.
1588:Drivers/STM32H5xx_HAL_Driver/Src/stm32h5xx_hal_fdcan.c ****   {
 1420              		.loc 1 1588 3 view .LVU488
1588:Drivers/STM32H5xx_HAL_Driver/Src/stm32h5xx_hal_fdcan.c ****   {
 1421              		.loc 1 1588 13 is_stmt 0 view .LVU489
 1422 0000 90F85C30 		ldrb	r3, [r0, #92]	@ zero_extendqisi2
 1423 0004 DBB2     		uxtb	r3, r3
1588:Drivers/STM32H5xx_HAL_Driver/Src/stm32h5xx_hal_fdcan.c ****   {
 1424              		.loc 1 1588 6 view .LVU490
 1425 0006 012B     		cmp	r3, #1
 1426 0008 05D0     		beq	.L110
1599:Drivers/STM32H5xx_HAL_Driver/Src/stm32h5xx_hal_fdcan.c **** 
 1427              		.loc 1 1599 5 is_stmt 1 view .LVU491
1599:Drivers/STM32H5xx_HAL_Driver/Src/stm32h5xx_hal_fdcan.c **** 
 1428              		.loc 1 1599 11 is_stmt 0 view .LVU492
 1429 000a 036E     		ldr	r3, [r0, #96]
1599:Drivers/STM32H5xx_HAL_Driver/Src/stm32h5xx_hal_fdcan.c **** 
 1430              		.loc 1 1599 23 view .LVU493
 1431 000c 43F00403 		orr	r3, r3, #4
 1432 0010 0366     		str	r3, [r0, #96]
1601:Drivers/STM32H5xx_HAL_Driver/Src/stm32h5xx_hal_fdcan.c ****   }
ARM GAS  /tmp/cc1KCPzC.s 			page 95


 1433              		.loc 1 1601 5 is_stmt 1 view .LVU494
1601:Drivers/STM32H5xx_HAL_Driver/Src/stm32h5xx_hal_fdcan.c ****   }
 1434              		.loc 1 1601 12 is_stmt 0 view .LVU495
 1435 0012 0120     		movs	r0, #1
 1436              	.LVL93:
1603:Drivers/STM32H5xx_HAL_Driver/Src/stm32h5xx_hal_fdcan.c **** 
 1437              		.loc 1 1603 1 view .LVU496
 1438 0014 7047     		bx	lr
 1439              	.LVL94:
 1440              	.L110:
1591:Drivers/STM32H5xx_HAL_Driver/Src/stm32h5xx_hal_fdcan.c **** 
 1441              		.loc 1 1591 5 is_stmt 1 view .LVU497
 1442 0016 0268     		ldr	r2, [r0]
 1443 0018 136A     		ldr	r3, [r2, #32]
 1444 001a 23F00303 		bic	r3, r3, #3
 1445 001e 1362     		str	r3, [r2, #32]
1594:Drivers/STM32H5xx_HAL_Driver/Src/stm32h5xx_hal_fdcan.c ****   }
 1446              		.loc 1 1594 5 view .LVU498
1594:Drivers/STM32H5xx_HAL_Driver/Src/stm32h5xx_hal_fdcan.c ****   }
 1447              		.loc 1 1594 12 is_stmt 0 view .LVU499
 1448 0020 0020     		movs	r0, #0
 1449              	.LVL95:
1594:Drivers/STM32H5xx_HAL_Driver/Src/stm32h5xx_hal_fdcan.c ****   }
 1450              		.loc 1 1594 12 view .LVU500
 1451 0022 7047     		bx	lr
 1452              		.cfi_endproc
 1453              	.LFE170:
 1455              		.section	.text.HAL_FDCAN_GetTimestampCounter,"ax",%progbits
 1456              		.align	1
 1457              		.global	HAL_FDCAN_GetTimestampCounter
 1458              		.syntax unified
 1459              		.thumb
 1460              		.thumb_func
 1462              	HAL_FDCAN_GetTimestampCounter:
 1463              	.LVL96:
 1464              	.LFB171:
1612:Drivers/STM32H5xx_HAL_Driver/Src/stm32h5xx_hal_fdcan.c ****   return (uint16_t)(hfdcan->Instance->TSCV);
 1465              		.loc 1 1612 1 is_stmt 1 view -0
 1466              		.cfi_startproc
 1467              		@ args = 0, pretend = 0, frame = 0
 1468              		@ frame_needed = 0, uses_anonymous_args = 0
 1469              		@ link register save eliminated.
1613:Drivers/STM32H5xx_HAL_Driver/Src/stm32h5xx_hal_fdcan.c **** }
 1470              		.loc 1 1613 3 view .LVU502
1613:Drivers/STM32H5xx_HAL_Driver/Src/stm32h5xx_hal_fdcan.c **** }
 1471              		.loc 1 1613 27 is_stmt 0 view .LVU503
 1472 0000 0368     		ldr	r3, [r0]
1613:Drivers/STM32H5xx_HAL_Driver/Src/stm32h5xx_hal_fdcan.c **** }
 1473              		.loc 1 1613 37 view .LVU504
 1474 0002 586A     		ldr	r0, [r3, #36]
 1475              	.LVL97:
1614:Drivers/STM32H5xx_HAL_Driver/Src/stm32h5xx_hal_fdcan.c **** 
 1476              		.loc 1 1614 1 view .LVU505
 1477 0004 80B2     		uxth	r0, r0
 1478 0006 7047     		bx	lr
 1479              		.cfi_endproc
 1480              	.LFE171:
ARM GAS  /tmp/cc1KCPzC.s 			page 96


 1482              		.section	.text.HAL_FDCAN_ResetTimestampCounter,"ax",%progbits
 1483              		.align	1
 1484              		.global	HAL_FDCAN_ResetTimestampCounter
 1485              		.syntax unified
 1486              		.thumb
 1487              		.thumb_func
 1489              	HAL_FDCAN_ResetTimestampCounter:
 1490              	.LVL98:
 1491              	.LFB172:
1623:Drivers/STM32H5xx_HAL_Driver/Src/stm32h5xx_hal_fdcan.c ****   if ((hfdcan->Instance->TSCC & FDCAN_TSCC_TSS) != FDCAN_TIMESTAMP_EXTERNAL)
 1492              		.loc 1 1623 1 is_stmt 1 view -0
 1493              		.cfi_startproc
 1494              		@ args = 0, pretend = 0, frame = 0
 1495              		@ frame_needed = 0, uses_anonymous_args = 0
 1496              		@ link register save eliminated.
1624:Drivers/STM32H5xx_HAL_Driver/Src/stm32h5xx_hal_fdcan.c ****   {
 1497              		.loc 1 1624 3 view .LVU507
1624:Drivers/STM32H5xx_HAL_Driver/Src/stm32h5xx_hal_fdcan.c ****   {
 1498              		.loc 1 1624 14 is_stmt 0 view .LVU508
 1499 0000 0268     		ldr	r2, [r0]
1624:Drivers/STM32H5xx_HAL_Driver/Src/stm32h5xx_hal_fdcan.c ****   {
 1500              		.loc 1 1624 24 view .LVU509
 1501 0002 136A     		ldr	r3, [r2, #32]
1624:Drivers/STM32H5xx_HAL_Driver/Src/stm32h5xx_hal_fdcan.c ****   {
 1502              		.loc 1 1624 31 view .LVU510
 1503 0004 03F00303 		and	r3, r3, #3
1624:Drivers/STM32H5xx_HAL_Driver/Src/stm32h5xx_hal_fdcan.c ****   {
 1504              		.loc 1 1624 6 view .LVU511
 1505 0008 022B     		cmp	r3, #2
 1506 000a 02D0     		beq	.L113
1628:Drivers/STM32H5xx_HAL_Driver/Src/stm32h5xx_hal_fdcan.c ****   }
 1507              		.loc 1 1628 5 is_stmt 1 view .LVU512
 1508 000c 0020     		movs	r0, #0
 1509              	.LVL99:
1628:Drivers/STM32H5xx_HAL_Driver/Src/stm32h5xx_hal_fdcan.c ****   }
 1510              		.loc 1 1628 5 is_stmt 0 view .LVU513
 1511 000e 5062     		str	r0, [r2, #36]
1640:Drivers/STM32H5xx_HAL_Driver/Src/stm32h5xx_hal_fdcan.c **** }
 1512              		.loc 1 1640 3 is_stmt 1 view .LVU514
1640:Drivers/STM32H5xx_HAL_Driver/Src/stm32h5xx_hal_fdcan.c **** }
 1513              		.loc 1 1640 10 is_stmt 0 view .LVU515
 1514 0010 7047     		bx	lr
 1515              	.LVL100:
 1516              	.L113:
1634:Drivers/STM32H5xx_HAL_Driver/Src/stm32h5xx_hal_fdcan.c **** 
 1517              		.loc 1 1634 5 is_stmt 1 view .LVU516
1634:Drivers/STM32H5xx_HAL_Driver/Src/stm32h5xx_hal_fdcan.c **** 
 1518              		.loc 1 1634 11 is_stmt 0 view .LVU517
 1519 0012 036E     		ldr	r3, [r0, #96]
1634:Drivers/STM32H5xx_HAL_Driver/Src/stm32h5xx_hal_fdcan.c **** 
 1520              		.loc 1 1634 23 view .LVU518
 1521 0014 43F01003 		orr	r3, r3, #16
 1522 0018 0366     		str	r3, [r0, #96]
1636:Drivers/STM32H5xx_HAL_Driver/Src/stm32h5xx_hal_fdcan.c ****   }
 1523              		.loc 1 1636 5 is_stmt 1 view .LVU519
1636:Drivers/STM32H5xx_HAL_Driver/Src/stm32h5xx_hal_fdcan.c ****   }
 1524              		.loc 1 1636 12 is_stmt 0 view .LVU520
ARM GAS  /tmp/cc1KCPzC.s 			page 97


 1525 001a 0120     		movs	r0, #1
 1526              	.LVL101:
1641:Drivers/STM32H5xx_HAL_Driver/Src/stm32h5xx_hal_fdcan.c **** 
 1527              		.loc 1 1641 1 view .LVU521
 1528 001c 7047     		bx	lr
 1529              		.cfi_endproc
 1530              	.LFE172:
 1532              		.section	.text.HAL_FDCAN_ConfigTimeoutCounter,"ax",%progbits
 1533              		.align	1
 1534              		.global	HAL_FDCAN_ConfigTimeoutCounter
 1535              		.syntax unified
 1536              		.thumb
 1537              		.thumb_func
 1539              	HAL_FDCAN_ConfigTimeoutCounter:
 1540              	.LVL102:
 1541              	.LFB173:
1655:Drivers/STM32H5xx_HAL_Driver/Src/stm32h5xx_hal_fdcan.c ****   /* Check function parameters */
 1542              		.loc 1 1655 1 is_stmt 1 view -0
 1543              		.cfi_startproc
 1544              		@ args = 0, pretend = 0, frame = 0
 1545              		@ frame_needed = 0, uses_anonymous_args = 0
 1546              		@ link register save eliminated.
1657:Drivers/STM32H5xx_HAL_Driver/Src/stm32h5xx_hal_fdcan.c ****   assert_param(IS_FDCAN_MAX_VALUE(TimeoutPeriod, 0xFFFFU));
 1547              		.loc 1 1657 3 view .LVU523
1658:Drivers/STM32H5xx_HAL_Driver/Src/stm32h5xx_hal_fdcan.c **** 
 1548              		.loc 1 1658 3 view .LVU524
1660:Drivers/STM32H5xx_HAL_Driver/Src/stm32h5xx_hal_fdcan.c ****   {
 1549              		.loc 1 1660 3 view .LVU525
1660:Drivers/STM32H5xx_HAL_Driver/Src/stm32h5xx_hal_fdcan.c ****   {
 1550              		.loc 1 1660 13 is_stmt 0 view .LVU526
 1551 0000 90F85C30 		ldrb	r3, [r0, #92]	@ zero_extendqisi2
 1552 0004 DBB2     		uxtb	r3, r3
1660:Drivers/STM32H5xx_HAL_Driver/Src/stm32h5xx_hal_fdcan.c ****   {
 1553              		.loc 1 1660 6 view .LVU527
 1554 0006 012B     		cmp	r3, #1
 1555 0008 05D0     		beq	.L118
1672:Drivers/STM32H5xx_HAL_Driver/Src/stm32h5xx_hal_fdcan.c **** 
 1556              		.loc 1 1672 5 is_stmt 1 view .LVU528
1672:Drivers/STM32H5xx_HAL_Driver/Src/stm32h5xx_hal_fdcan.c **** 
 1557              		.loc 1 1672 11 is_stmt 0 view .LVU529
 1558 000a 036E     		ldr	r3, [r0, #96]
1672:Drivers/STM32H5xx_HAL_Driver/Src/stm32h5xx_hal_fdcan.c **** 
 1559              		.loc 1 1672 23 view .LVU530
 1560 000c 43F00403 		orr	r3, r3, #4
 1561 0010 0366     		str	r3, [r0, #96]
1674:Drivers/STM32H5xx_HAL_Driver/Src/stm32h5xx_hal_fdcan.c ****   }
 1562              		.loc 1 1674 5 is_stmt 1 view .LVU531
1674:Drivers/STM32H5xx_HAL_Driver/Src/stm32h5xx_hal_fdcan.c ****   }
 1563              		.loc 1 1674 12 is_stmt 0 view .LVU532
 1564 0012 0120     		movs	r0, #1
 1565              	.LVL103:
1676:Drivers/STM32H5xx_HAL_Driver/Src/stm32h5xx_hal_fdcan.c **** 
 1566              		.loc 1 1676 1 view .LVU533
 1567 0014 7047     		bx	lr
 1568              	.LVL104:
 1569              	.L118:
1663:Drivers/STM32H5xx_HAL_Driver/Src/stm32h5xx_hal_fdcan.c ****                (FDCAN_TOCC_TOS | FDCAN_TOCC_TOP), (TimeoutOperation | (TimeoutPeriod << FDCAN_TOCC_
ARM GAS  /tmp/cc1KCPzC.s 			page 98


 1570              		.loc 1 1663 5 is_stmt 1 view .LVU534
 1571 0016 0068     		ldr	r0, [r0]
 1572              	.LVL105:
1663:Drivers/STM32H5xx_HAL_Driver/Src/stm32h5xx_hal_fdcan.c ****                (FDCAN_TOCC_TOS | FDCAN_TOCC_TOP), (TimeoutOperation | (TimeoutPeriod << FDCAN_TOCC_
 1573              		.loc 1 1663 5 is_stmt 0 view .LVU535
 1574 0018 836A     		ldr	r3, [r0, #40]
 1575 001a 23F00603 		bic	r3, r3, #6
 1576 001e 1B04     		lsls	r3, r3, #16
 1577 0020 1B0C     		lsrs	r3, r3, #16
 1578 0022 41EA0241 		orr	r1, r1, r2, lsl #16
 1579              	.LVL106:
1663:Drivers/STM32H5xx_HAL_Driver/Src/stm32h5xx_hal_fdcan.c ****                (FDCAN_TOCC_TOS | FDCAN_TOCC_TOP), (TimeoutOperation | (TimeoutPeriod << FDCAN_TOCC_
 1580              		.loc 1 1663 5 view .LVU536
 1581 0026 0B43     		orrs	r3, r3, r1
 1582 0028 8362     		str	r3, [r0, #40]
1667:Drivers/STM32H5xx_HAL_Driver/Src/stm32h5xx_hal_fdcan.c ****   }
 1583              		.loc 1 1667 5 is_stmt 1 view .LVU537
1667:Drivers/STM32H5xx_HAL_Driver/Src/stm32h5xx_hal_fdcan.c ****   }
 1584              		.loc 1 1667 12 is_stmt 0 view .LVU538
 1585 002a 0020     		movs	r0, #0
 1586 002c 7047     		bx	lr
 1587              		.cfi_endproc
 1588              	.LFE173:
 1590              		.section	.text.HAL_FDCAN_EnableTimeoutCounter,"ax",%progbits
 1591              		.align	1
 1592              		.global	HAL_FDCAN_EnableTimeoutCounter
 1593              		.syntax unified
 1594              		.thumb
 1595              		.thumb_func
 1597              	HAL_FDCAN_EnableTimeoutCounter:
 1598              	.LVL107:
 1599              	.LFB174:
1685:Drivers/STM32H5xx_HAL_Driver/Src/stm32h5xx_hal_fdcan.c ****   if (hfdcan->State == HAL_FDCAN_STATE_READY)
 1600              		.loc 1 1685 1 is_stmt 1 view -0
 1601              		.cfi_startproc
 1602              		@ args = 0, pretend = 0, frame = 0
 1603              		@ frame_needed = 0, uses_anonymous_args = 0
 1604              		@ link register save eliminated.
1686:Drivers/STM32H5xx_HAL_Driver/Src/stm32h5xx_hal_fdcan.c ****   {
 1605              		.loc 1 1686 3 view .LVU540
1686:Drivers/STM32H5xx_HAL_Driver/Src/stm32h5xx_hal_fdcan.c ****   {
 1606              		.loc 1 1686 13 is_stmt 0 view .LVU541
 1607 0000 90F85C30 		ldrb	r3, [r0, #92]	@ zero_extendqisi2
 1608 0004 DBB2     		uxtb	r3, r3
1686:Drivers/STM32H5xx_HAL_Driver/Src/stm32h5xx_hal_fdcan.c ****   {
 1609              		.loc 1 1686 6 view .LVU542
 1610 0006 012B     		cmp	r3, #1
 1611 0008 05D0     		beq	.L122
1697:Drivers/STM32H5xx_HAL_Driver/Src/stm32h5xx_hal_fdcan.c **** 
 1612              		.loc 1 1697 5 is_stmt 1 view .LVU543
1697:Drivers/STM32H5xx_HAL_Driver/Src/stm32h5xx_hal_fdcan.c **** 
 1613              		.loc 1 1697 11 is_stmt 0 view .LVU544
 1614 000a 036E     		ldr	r3, [r0, #96]
1697:Drivers/STM32H5xx_HAL_Driver/Src/stm32h5xx_hal_fdcan.c **** 
 1615              		.loc 1 1697 23 view .LVU545
 1616 000c 43F00403 		orr	r3, r3, #4
 1617 0010 0366     		str	r3, [r0, #96]
ARM GAS  /tmp/cc1KCPzC.s 			page 99


1699:Drivers/STM32H5xx_HAL_Driver/Src/stm32h5xx_hal_fdcan.c ****   }
 1618              		.loc 1 1699 5 is_stmt 1 view .LVU546
1699:Drivers/STM32H5xx_HAL_Driver/Src/stm32h5xx_hal_fdcan.c ****   }
 1619              		.loc 1 1699 12 is_stmt 0 view .LVU547
 1620 0012 0120     		movs	r0, #1
 1621              	.LVL108:
1701:Drivers/STM32H5xx_HAL_Driver/Src/stm32h5xx_hal_fdcan.c **** 
 1622              		.loc 1 1701 1 view .LVU548
 1623 0014 7047     		bx	lr
 1624              	.LVL109:
 1625              	.L122:
1689:Drivers/STM32H5xx_HAL_Driver/Src/stm32h5xx_hal_fdcan.c **** 
 1626              		.loc 1 1689 5 is_stmt 1 view .LVU549
 1627 0016 0268     		ldr	r2, [r0]
 1628 0018 936A     		ldr	r3, [r2, #40]
 1629 001a 43F00103 		orr	r3, r3, #1
 1630 001e 9362     		str	r3, [r2, #40]
1692:Drivers/STM32H5xx_HAL_Driver/Src/stm32h5xx_hal_fdcan.c ****   }
 1631              		.loc 1 1692 5 view .LVU550
1692:Drivers/STM32H5xx_HAL_Driver/Src/stm32h5xx_hal_fdcan.c ****   }
 1632              		.loc 1 1692 12 is_stmt 0 view .LVU551
 1633 0020 0020     		movs	r0, #0
 1634              	.LVL110:
1692:Drivers/STM32H5xx_HAL_Driver/Src/stm32h5xx_hal_fdcan.c ****   }
 1635              		.loc 1 1692 12 view .LVU552
 1636 0022 7047     		bx	lr
 1637              		.cfi_endproc
 1638              	.LFE174:
 1640              		.section	.text.HAL_FDCAN_DisableTimeoutCounter,"ax",%progbits
 1641              		.align	1
 1642              		.global	HAL_FDCAN_DisableTimeoutCounter
 1643              		.syntax unified
 1644              		.thumb
 1645              		.thumb_func
 1647              	HAL_FDCAN_DisableTimeoutCounter:
 1648              	.LVL111:
 1649              	.LFB175:
1710:Drivers/STM32H5xx_HAL_Driver/Src/stm32h5xx_hal_fdcan.c ****   if (hfdcan->State == HAL_FDCAN_STATE_READY)
 1650              		.loc 1 1710 1 is_stmt 1 view -0
 1651              		.cfi_startproc
 1652              		@ args = 0, pretend = 0, frame = 0
 1653              		@ frame_needed = 0, uses_anonymous_args = 0
 1654              		@ link register save eliminated.
1711:Drivers/STM32H5xx_HAL_Driver/Src/stm32h5xx_hal_fdcan.c ****   {
 1655              		.loc 1 1711 3 view .LVU554
1711:Drivers/STM32H5xx_HAL_Driver/Src/stm32h5xx_hal_fdcan.c ****   {
 1656              		.loc 1 1711 13 is_stmt 0 view .LVU555
 1657 0000 90F85C30 		ldrb	r3, [r0, #92]	@ zero_extendqisi2
 1658 0004 DBB2     		uxtb	r3, r3
1711:Drivers/STM32H5xx_HAL_Driver/Src/stm32h5xx_hal_fdcan.c ****   {
 1659              		.loc 1 1711 6 view .LVU556
 1660 0006 012B     		cmp	r3, #1
 1661 0008 05D0     		beq	.L126
1722:Drivers/STM32H5xx_HAL_Driver/Src/stm32h5xx_hal_fdcan.c **** 
 1662              		.loc 1 1722 5 is_stmt 1 view .LVU557
1722:Drivers/STM32H5xx_HAL_Driver/Src/stm32h5xx_hal_fdcan.c **** 
 1663              		.loc 1 1722 11 is_stmt 0 view .LVU558
ARM GAS  /tmp/cc1KCPzC.s 			page 100


 1664 000a 036E     		ldr	r3, [r0, #96]
1722:Drivers/STM32H5xx_HAL_Driver/Src/stm32h5xx_hal_fdcan.c **** 
 1665              		.loc 1 1722 23 view .LVU559
 1666 000c 43F00403 		orr	r3, r3, #4
 1667 0010 0366     		str	r3, [r0, #96]
1724:Drivers/STM32H5xx_HAL_Driver/Src/stm32h5xx_hal_fdcan.c ****   }
 1668              		.loc 1 1724 5 is_stmt 1 view .LVU560
1724:Drivers/STM32H5xx_HAL_Driver/Src/stm32h5xx_hal_fdcan.c ****   }
 1669              		.loc 1 1724 12 is_stmt 0 view .LVU561
 1670 0012 0120     		movs	r0, #1
 1671              	.LVL112:
1726:Drivers/STM32H5xx_HAL_Driver/Src/stm32h5xx_hal_fdcan.c **** 
 1672              		.loc 1 1726 1 view .LVU562
 1673 0014 7047     		bx	lr
 1674              	.LVL113:
 1675              	.L126:
1714:Drivers/STM32H5xx_HAL_Driver/Src/stm32h5xx_hal_fdcan.c **** 
 1676              		.loc 1 1714 5 is_stmt 1 view .LVU563
 1677 0016 0268     		ldr	r2, [r0]
 1678 0018 936A     		ldr	r3, [r2, #40]
 1679 001a 23F00103 		bic	r3, r3, #1
 1680 001e 9362     		str	r3, [r2, #40]
1717:Drivers/STM32H5xx_HAL_Driver/Src/stm32h5xx_hal_fdcan.c ****   }
 1681              		.loc 1 1717 5 view .LVU564
1717:Drivers/STM32H5xx_HAL_Driver/Src/stm32h5xx_hal_fdcan.c ****   }
 1682              		.loc 1 1717 12 is_stmt 0 view .LVU565
 1683 0020 0020     		movs	r0, #0
 1684              	.LVL114:
1717:Drivers/STM32H5xx_HAL_Driver/Src/stm32h5xx_hal_fdcan.c ****   }
 1685              		.loc 1 1717 12 view .LVU566
 1686 0022 7047     		bx	lr
 1687              		.cfi_endproc
 1688              	.LFE175:
 1690              		.section	.text.HAL_FDCAN_GetTimeoutCounter,"ax",%progbits
 1691              		.align	1
 1692              		.global	HAL_FDCAN_GetTimeoutCounter
 1693              		.syntax unified
 1694              		.thumb
 1695              		.thumb_func
 1697              	HAL_FDCAN_GetTimeoutCounter:
 1698              	.LVL115:
 1699              	.LFB176:
1735:Drivers/STM32H5xx_HAL_Driver/Src/stm32h5xx_hal_fdcan.c ****   return (uint16_t)(hfdcan->Instance->TOCV);
 1700              		.loc 1 1735 1 is_stmt 1 view -0
 1701              		.cfi_startproc
 1702              		@ args = 0, pretend = 0, frame = 0
 1703              		@ frame_needed = 0, uses_anonymous_args = 0
 1704              		@ link register save eliminated.
1736:Drivers/STM32H5xx_HAL_Driver/Src/stm32h5xx_hal_fdcan.c **** }
 1705              		.loc 1 1736 3 view .LVU568
1736:Drivers/STM32H5xx_HAL_Driver/Src/stm32h5xx_hal_fdcan.c **** }
 1706              		.loc 1 1736 27 is_stmt 0 view .LVU569
 1707 0000 0368     		ldr	r3, [r0]
1736:Drivers/STM32H5xx_HAL_Driver/Src/stm32h5xx_hal_fdcan.c **** }
 1708              		.loc 1 1736 37 view .LVU570
 1709 0002 D86A     		ldr	r0, [r3, #44]
 1710              	.LVL116:
ARM GAS  /tmp/cc1KCPzC.s 			page 101


1737:Drivers/STM32H5xx_HAL_Driver/Src/stm32h5xx_hal_fdcan.c **** 
 1711              		.loc 1 1737 1 view .LVU571
 1712 0004 80B2     		uxth	r0, r0
 1713 0006 7047     		bx	lr
 1714              		.cfi_endproc
 1715              	.LFE176:
 1717              		.section	.text.HAL_FDCAN_ResetTimeoutCounter,"ax",%progbits
 1718              		.align	1
 1719              		.global	HAL_FDCAN_ResetTimeoutCounter
 1720              		.syntax unified
 1721              		.thumb
 1722              		.thumb_func
 1724              	HAL_FDCAN_ResetTimeoutCounter:
 1725              	.LVL117:
 1726              	.LFB177:
1746:Drivers/STM32H5xx_HAL_Driver/Src/stm32h5xx_hal_fdcan.c ****   if ((hfdcan->Instance->TOCC & FDCAN_TOCC_TOS) == FDCAN_TIMEOUT_CONTINUOUS)
 1727              		.loc 1 1746 1 is_stmt 1 view -0
 1728              		.cfi_startproc
 1729              		@ args = 0, pretend = 0, frame = 0
 1730              		@ frame_needed = 0, uses_anonymous_args = 0
 1731              		@ link register save eliminated.
1747:Drivers/STM32H5xx_HAL_Driver/Src/stm32h5xx_hal_fdcan.c ****   {
 1732              		.loc 1 1747 3 view .LVU573
1747:Drivers/STM32H5xx_HAL_Driver/Src/stm32h5xx_hal_fdcan.c ****   {
 1733              		.loc 1 1747 14 is_stmt 0 view .LVU574
 1734 0000 0368     		ldr	r3, [r0]
1747:Drivers/STM32H5xx_HAL_Driver/Src/stm32h5xx_hal_fdcan.c ****   {
 1735              		.loc 1 1747 24 view .LVU575
 1736 0002 9A6A     		ldr	r2, [r3, #40]
1747:Drivers/STM32H5xx_HAL_Driver/Src/stm32h5xx_hal_fdcan.c ****   {
 1737              		.loc 1 1747 6 view .LVU576
 1738 0004 12F0060F 		tst	r2, #6
 1739 0008 02D1     		bne	.L129
1750:Drivers/STM32H5xx_HAL_Driver/Src/stm32h5xx_hal_fdcan.c **** 
 1740              		.loc 1 1750 5 is_stmt 1 view .LVU577
 1741 000a 0020     		movs	r0, #0
 1742              	.LVL118:
1750:Drivers/STM32H5xx_HAL_Driver/Src/stm32h5xx_hal_fdcan.c **** 
 1743              		.loc 1 1750 5 is_stmt 0 view .LVU578
 1744 000c D862     		str	r0, [r3, #44]
1753:Drivers/STM32H5xx_HAL_Driver/Src/stm32h5xx_hal_fdcan.c ****   }
 1745              		.loc 1 1753 5 is_stmt 1 view .LVU579
1753:Drivers/STM32H5xx_HAL_Driver/Src/stm32h5xx_hal_fdcan.c ****   }
 1746              		.loc 1 1753 12 is_stmt 0 view .LVU580
 1747 000e 7047     		bx	lr
 1748              	.LVL119:
 1749              	.L129:
1759:Drivers/STM32H5xx_HAL_Driver/Src/stm32h5xx_hal_fdcan.c **** 
 1750              		.loc 1 1759 5 is_stmt 1 view .LVU581
1759:Drivers/STM32H5xx_HAL_Driver/Src/stm32h5xx_hal_fdcan.c **** 
 1751              		.loc 1 1759 11 is_stmt 0 view .LVU582
 1752 0010 036E     		ldr	r3, [r0, #96]
1759:Drivers/STM32H5xx_HAL_Driver/Src/stm32h5xx_hal_fdcan.c **** 
 1753              		.loc 1 1759 23 view .LVU583
 1754 0012 43F01003 		orr	r3, r3, #16
 1755 0016 0366     		str	r3, [r0, #96]
1761:Drivers/STM32H5xx_HAL_Driver/Src/stm32h5xx_hal_fdcan.c ****   }
ARM GAS  /tmp/cc1KCPzC.s 			page 102


 1756              		.loc 1 1761 5 is_stmt 1 view .LVU584
1761:Drivers/STM32H5xx_HAL_Driver/Src/stm32h5xx_hal_fdcan.c ****   }
 1757              		.loc 1 1761 12 is_stmt 0 view .LVU585
 1758 0018 0120     		movs	r0, #1
 1759              	.LVL120:
1763:Drivers/STM32H5xx_HAL_Driver/Src/stm32h5xx_hal_fdcan.c **** 
 1760              		.loc 1 1763 1 view .LVU586
 1761 001a 7047     		bx	lr
 1762              		.cfi_endproc
 1763              	.LFE177:
 1765              		.section	.text.HAL_FDCAN_ConfigTxDelayCompensation,"ax",%progbits
 1766              		.align	1
 1767              		.global	HAL_FDCAN_ConfigTxDelayCompensation
 1768              		.syntax unified
 1769              		.thumb
 1770              		.thumb_func
 1772              	HAL_FDCAN_ConfigTxDelayCompensation:
 1773              	.LVL121:
 1774              	.LFB178:
1777:Drivers/STM32H5xx_HAL_Driver/Src/stm32h5xx_hal_fdcan.c ****   /* Check function parameters */
 1775              		.loc 1 1777 1 is_stmt 1 view -0
 1776              		.cfi_startproc
 1777              		@ args = 0, pretend = 0, frame = 0
 1778              		@ frame_needed = 0, uses_anonymous_args = 0
 1779              		@ link register save eliminated.
1779:Drivers/STM32H5xx_HAL_Driver/Src/stm32h5xx_hal_fdcan.c ****   assert_param(IS_FDCAN_MAX_VALUE(TdcFilter, 0x7FU));
 1780              		.loc 1 1779 3 view .LVU588
1780:Drivers/STM32H5xx_HAL_Driver/Src/stm32h5xx_hal_fdcan.c **** 
 1781              		.loc 1 1780 3 view .LVU589
1782:Drivers/STM32H5xx_HAL_Driver/Src/stm32h5xx_hal_fdcan.c ****   {
 1782              		.loc 1 1782 3 view .LVU590
1782:Drivers/STM32H5xx_HAL_Driver/Src/stm32h5xx_hal_fdcan.c ****   {
 1783              		.loc 1 1782 13 is_stmt 0 view .LVU591
 1784 0000 90F85C30 		ldrb	r3, [r0, #92]	@ zero_extendqisi2
 1785 0004 DBB2     		uxtb	r3, r3
1782:Drivers/STM32H5xx_HAL_Driver/Src/stm32h5xx_hal_fdcan.c ****   {
 1786              		.loc 1 1782 6 view .LVU592
 1787 0006 012B     		cmp	r3, #1
 1788 0008 05D0     		beq	.L134
1793:Drivers/STM32H5xx_HAL_Driver/Src/stm32h5xx_hal_fdcan.c **** 
 1789              		.loc 1 1793 5 is_stmt 1 view .LVU593
1793:Drivers/STM32H5xx_HAL_Driver/Src/stm32h5xx_hal_fdcan.c **** 
 1790              		.loc 1 1793 11 is_stmt 0 view .LVU594
 1791 000a 036E     		ldr	r3, [r0, #96]
1793:Drivers/STM32H5xx_HAL_Driver/Src/stm32h5xx_hal_fdcan.c **** 
 1792              		.loc 1 1793 23 view .LVU595
 1793 000c 43F00403 		orr	r3, r3, #4
 1794 0010 0366     		str	r3, [r0, #96]
1795:Drivers/STM32H5xx_HAL_Driver/Src/stm32h5xx_hal_fdcan.c ****   }
 1795              		.loc 1 1795 5 is_stmt 1 view .LVU596
1795:Drivers/STM32H5xx_HAL_Driver/Src/stm32h5xx_hal_fdcan.c ****   }
 1796              		.loc 1 1795 12 is_stmt 0 view .LVU597
 1797 0012 0120     		movs	r0, #1
 1798              	.LVL122:
1797:Drivers/STM32H5xx_HAL_Driver/Src/stm32h5xx_hal_fdcan.c **** 
 1799              		.loc 1 1797 1 view .LVU598
 1800 0014 7047     		bx	lr
ARM GAS  /tmp/cc1KCPzC.s 			page 103


 1801              	.LVL123:
 1802              	.L134:
1785:Drivers/STM32H5xx_HAL_Driver/Src/stm32h5xx_hal_fdcan.c **** 
 1803              		.loc 1 1785 5 is_stmt 1 view .LVU599
1785:Drivers/STM32H5xx_HAL_Driver/Src/stm32h5xx_hal_fdcan.c **** 
 1804              		.loc 1 1785 11 is_stmt 0 view .LVU600
 1805 0016 0368     		ldr	r3, [r0]
1785:Drivers/STM32H5xx_HAL_Driver/Src/stm32h5xx_hal_fdcan.c **** 
 1806              		.loc 1 1785 66 view .LVU601
 1807 0018 42EA0122 		orr	r2, r2, r1, lsl #8
 1808              	.LVL124:
1785:Drivers/STM32H5xx_HAL_Driver/Src/stm32h5xx_hal_fdcan.c **** 
 1809              		.loc 1 1785 28 view .LVU602
 1810 001c 9A64     		str	r2, [r3, #72]
1788:Drivers/STM32H5xx_HAL_Driver/Src/stm32h5xx_hal_fdcan.c ****   }
 1811              		.loc 1 1788 5 is_stmt 1 view .LVU603
1788:Drivers/STM32H5xx_HAL_Driver/Src/stm32h5xx_hal_fdcan.c ****   }
 1812              		.loc 1 1788 12 is_stmt 0 view .LVU604
 1813 001e 0020     		movs	r0, #0
 1814              	.LVL125:
1788:Drivers/STM32H5xx_HAL_Driver/Src/stm32h5xx_hal_fdcan.c ****   }
 1815              		.loc 1 1788 12 view .LVU605
 1816 0020 7047     		bx	lr
 1817              		.cfi_endproc
 1818              	.LFE178:
 1820              		.section	.text.HAL_FDCAN_EnableTxDelayCompensation,"ax",%progbits
 1821              		.align	1
 1822              		.global	HAL_FDCAN_EnableTxDelayCompensation
 1823              		.syntax unified
 1824              		.thumb
 1825              		.thumb_func
 1827              	HAL_FDCAN_EnableTxDelayCompensation:
 1828              	.LVL126:
 1829              	.LFB179:
1806:Drivers/STM32H5xx_HAL_Driver/Src/stm32h5xx_hal_fdcan.c ****   if (hfdcan->State == HAL_FDCAN_STATE_READY)
 1830              		.loc 1 1806 1 is_stmt 1 view -0
 1831              		.cfi_startproc
 1832              		@ args = 0, pretend = 0, frame = 0
 1833              		@ frame_needed = 0, uses_anonymous_args = 0
 1834              		@ link register save eliminated.
1807:Drivers/STM32H5xx_HAL_Driver/Src/stm32h5xx_hal_fdcan.c ****   {
 1835              		.loc 1 1807 3 view .LVU607
1807:Drivers/STM32H5xx_HAL_Driver/Src/stm32h5xx_hal_fdcan.c ****   {
 1836              		.loc 1 1807 13 is_stmt 0 view .LVU608
 1837 0000 90F85C30 		ldrb	r3, [r0, #92]	@ zero_extendqisi2
 1838 0004 DBB2     		uxtb	r3, r3
1807:Drivers/STM32H5xx_HAL_Driver/Src/stm32h5xx_hal_fdcan.c ****   {
 1839              		.loc 1 1807 6 view .LVU609
 1840 0006 012B     		cmp	r3, #1
 1841 0008 05D0     		beq	.L138
1818:Drivers/STM32H5xx_HAL_Driver/Src/stm32h5xx_hal_fdcan.c **** 
 1842              		.loc 1 1818 5 is_stmt 1 view .LVU610
1818:Drivers/STM32H5xx_HAL_Driver/Src/stm32h5xx_hal_fdcan.c **** 
 1843              		.loc 1 1818 11 is_stmt 0 view .LVU611
 1844 000a 036E     		ldr	r3, [r0, #96]
1818:Drivers/STM32H5xx_HAL_Driver/Src/stm32h5xx_hal_fdcan.c **** 
 1845              		.loc 1 1818 23 view .LVU612
ARM GAS  /tmp/cc1KCPzC.s 			page 104


 1846 000c 43F00403 		orr	r3, r3, #4
 1847 0010 0366     		str	r3, [r0, #96]
1820:Drivers/STM32H5xx_HAL_Driver/Src/stm32h5xx_hal_fdcan.c ****   }
 1848              		.loc 1 1820 5 is_stmt 1 view .LVU613
1820:Drivers/STM32H5xx_HAL_Driver/Src/stm32h5xx_hal_fdcan.c ****   }
 1849              		.loc 1 1820 12 is_stmt 0 view .LVU614
 1850 0012 0120     		movs	r0, #1
 1851              	.LVL127:
1822:Drivers/STM32H5xx_HAL_Driver/Src/stm32h5xx_hal_fdcan.c **** 
 1852              		.loc 1 1822 1 view .LVU615
 1853 0014 7047     		bx	lr
 1854              	.LVL128:
 1855              	.L138:
1810:Drivers/STM32H5xx_HAL_Driver/Src/stm32h5xx_hal_fdcan.c **** 
 1856              		.loc 1 1810 5 is_stmt 1 view .LVU616
 1857 0016 0268     		ldr	r2, [r0]
 1858 0018 D368     		ldr	r3, [r2, #12]
 1859 001a 43F40003 		orr	r3, r3, #8388608
 1860 001e D360     		str	r3, [r2, #12]
1813:Drivers/STM32H5xx_HAL_Driver/Src/stm32h5xx_hal_fdcan.c ****   }
 1861              		.loc 1 1813 5 view .LVU617
1813:Drivers/STM32H5xx_HAL_Driver/Src/stm32h5xx_hal_fdcan.c ****   }
 1862              		.loc 1 1813 12 is_stmt 0 view .LVU618
 1863 0020 0020     		movs	r0, #0
 1864              	.LVL129:
1813:Drivers/STM32H5xx_HAL_Driver/Src/stm32h5xx_hal_fdcan.c ****   }
 1865              		.loc 1 1813 12 view .LVU619
 1866 0022 7047     		bx	lr
 1867              		.cfi_endproc
 1868              	.LFE179:
 1870              		.section	.text.HAL_FDCAN_DisableTxDelayCompensation,"ax",%progbits
 1871              		.align	1
 1872              		.global	HAL_FDCAN_DisableTxDelayCompensation
 1873              		.syntax unified
 1874              		.thumb
 1875              		.thumb_func
 1877              	HAL_FDCAN_DisableTxDelayCompensation:
 1878              	.LVL130:
 1879              	.LFB180:
1831:Drivers/STM32H5xx_HAL_Driver/Src/stm32h5xx_hal_fdcan.c ****   if (hfdcan->State == HAL_FDCAN_STATE_READY)
 1880              		.loc 1 1831 1 is_stmt 1 view -0
 1881              		.cfi_startproc
 1882              		@ args = 0, pretend = 0, frame = 0
 1883              		@ frame_needed = 0, uses_anonymous_args = 0
 1884              		@ link register save eliminated.
1832:Drivers/STM32H5xx_HAL_Driver/Src/stm32h5xx_hal_fdcan.c ****   {
 1885              		.loc 1 1832 3 view .LVU621
1832:Drivers/STM32H5xx_HAL_Driver/Src/stm32h5xx_hal_fdcan.c ****   {
 1886              		.loc 1 1832 13 is_stmt 0 view .LVU622
 1887 0000 90F85C30 		ldrb	r3, [r0, #92]	@ zero_extendqisi2
 1888 0004 DBB2     		uxtb	r3, r3
1832:Drivers/STM32H5xx_HAL_Driver/Src/stm32h5xx_hal_fdcan.c ****   {
 1889              		.loc 1 1832 6 view .LVU623
 1890 0006 012B     		cmp	r3, #1
 1891 0008 05D0     		beq	.L142
1843:Drivers/STM32H5xx_HAL_Driver/Src/stm32h5xx_hal_fdcan.c **** 
 1892              		.loc 1 1843 5 is_stmt 1 view .LVU624
ARM GAS  /tmp/cc1KCPzC.s 			page 105


1843:Drivers/STM32H5xx_HAL_Driver/Src/stm32h5xx_hal_fdcan.c **** 
 1893              		.loc 1 1843 11 is_stmt 0 view .LVU625
 1894 000a 036E     		ldr	r3, [r0, #96]
1843:Drivers/STM32H5xx_HAL_Driver/Src/stm32h5xx_hal_fdcan.c **** 
 1895              		.loc 1 1843 23 view .LVU626
 1896 000c 43F00403 		orr	r3, r3, #4
 1897 0010 0366     		str	r3, [r0, #96]
1845:Drivers/STM32H5xx_HAL_Driver/Src/stm32h5xx_hal_fdcan.c ****   }
 1898              		.loc 1 1845 5 is_stmt 1 view .LVU627
1845:Drivers/STM32H5xx_HAL_Driver/Src/stm32h5xx_hal_fdcan.c ****   }
 1899              		.loc 1 1845 12 is_stmt 0 view .LVU628
 1900 0012 0120     		movs	r0, #1
 1901              	.LVL131:
1847:Drivers/STM32H5xx_HAL_Driver/Src/stm32h5xx_hal_fdcan.c **** 
 1902              		.loc 1 1847 1 view .LVU629
 1903 0014 7047     		bx	lr
 1904              	.LVL132:
 1905              	.L142:
1835:Drivers/STM32H5xx_HAL_Driver/Src/stm32h5xx_hal_fdcan.c **** 
 1906              		.loc 1 1835 5 is_stmt 1 view .LVU630
 1907 0016 0268     		ldr	r2, [r0]
 1908 0018 D368     		ldr	r3, [r2, #12]
 1909 001a 23F40003 		bic	r3, r3, #8388608
 1910 001e D360     		str	r3, [r2, #12]
1838:Drivers/STM32H5xx_HAL_Driver/Src/stm32h5xx_hal_fdcan.c ****   }
 1911              		.loc 1 1838 5 view .LVU631
1838:Drivers/STM32H5xx_HAL_Driver/Src/stm32h5xx_hal_fdcan.c ****   }
 1912              		.loc 1 1838 12 is_stmt 0 view .LVU632
 1913 0020 0020     		movs	r0, #0
 1914              	.LVL133:
1838:Drivers/STM32H5xx_HAL_Driver/Src/stm32h5xx_hal_fdcan.c ****   }
 1915              		.loc 1 1838 12 view .LVU633
 1916 0022 7047     		bx	lr
 1917              		.cfi_endproc
 1918              	.LFE180:
 1920              		.section	.text.HAL_FDCAN_EnableISOMode,"ax",%progbits
 1921              		.align	1
 1922              		.global	HAL_FDCAN_EnableISOMode
 1923              		.syntax unified
 1924              		.thumb
 1925              		.thumb_func
 1927              	HAL_FDCAN_EnableISOMode:
 1928              	.LVL134:
 1929              	.LFB181:
1857:Drivers/STM32H5xx_HAL_Driver/Src/stm32h5xx_hal_fdcan.c ****   if (hfdcan->State == HAL_FDCAN_STATE_READY)
 1930              		.loc 1 1857 1 is_stmt 1 view -0
 1931              		.cfi_startproc
 1932              		@ args = 0, pretend = 0, frame = 0
 1933              		@ frame_needed = 0, uses_anonymous_args = 0
 1934              		@ link register save eliminated.
1858:Drivers/STM32H5xx_HAL_Driver/Src/stm32h5xx_hal_fdcan.c ****   {
 1935              		.loc 1 1858 3 view .LVU635
1858:Drivers/STM32H5xx_HAL_Driver/Src/stm32h5xx_hal_fdcan.c ****   {
 1936              		.loc 1 1858 13 is_stmt 0 view .LVU636
 1937 0000 90F85C30 		ldrb	r3, [r0, #92]	@ zero_extendqisi2
 1938 0004 DBB2     		uxtb	r3, r3
1858:Drivers/STM32H5xx_HAL_Driver/Src/stm32h5xx_hal_fdcan.c ****   {
ARM GAS  /tmp/cc1KCPzC.s 			page 106


 1939              		.loc 1 1858 6 view .LVU637
 1940 0006 012B     		cmp	r3, #1
 1941 0008 05D0     		beq	.L146
1869:Drivers/STM32H5xx_HAL_Driver/Src/stm32h5xx_hal_fdcan.c **** 
 1942              		.loc 1 1869 5 is_stmt 1 view .LVU638
1869:Drivers/STM32H5xx_HAL_Driver/Src/stm32h5xx_hal_fdcan.c **** 
 1943              		.loc 1 1869 11 is_stmt 0 view .LVU639
 1944 000a 036E     		ldr	r3, [r0, #96]
1869:Drivers/STM32H5xx_HAL_Driver/Src/stm32h5xx_hal_fdcan.c **** 
 1945              		.loc 1 1869 23 view .LVU640
 1946 000c 43F00403 		orr	r3, r3, #4
 1947 0010 0366     		str	r3, [r0, #96]
1871:Drivers/STM32H5xx_HAL_Driver/Src/stm32h5xx_hal_fdcan.c ****   }
 1948              		.loc 1 1871 5 is_stmt 1 view .LVU641
1871:Drivers/STM32H5xx_HAL_Driver/Src/stm32h5xx_hal_fdcan.c ****   }
 1949              		.loc 1 1871 12 is_stmt 0 view .LVU642
 1950 0012 0120     		movs	r0, #1
 1951              	.LVL135:
1873:Drivers/STM32H5xx_HAL_Driver/Src/stm32h5xx_hal_fdcan.c **** 
 1952              		.loc 1 1873 1 view .LVU643
 1953 0014 7047     		bx	lr
 1954              	.LVL136:
 1955              	.L146:
1861:Drivers/STM32H5xx_HAL_Driver/Src/stm32h5xx_hal_fdcan.c **** 
 1956              		.loc 1 1861 5 is_stmt 1 view .LVU644
 1957 0016 0268     		ldr	r2, [r0]
 1958 0018 9369     		ldr	r3, [r2, #24]
 1959 001a 23F40043 		bic	r3, r3, #32768
 1960 001e 9361     		str	r3, [r2, #24]
1864:Drivers/STM32H5xx_HAL_Driver/Src/stm32h5xx_hal_fdcan.c ****   }
 1961              		.loc 1 1864 5 view .LVU645
1864:Drivers/STM32H5xx_HAL_Driver/Src/stm32h5xx_hal_fdcan.c ****   }
 1962              		.loc 1 1864 12 is_stmt 0 view .LVU646
 1963 0020 0020     		movs	r0, #0
 1964              	.LVL137:
1864:Drivers/STM32H5xx_HAL_Driver/Src/stm32h5xx_hal_fdcan.c ****   }
 1965              		.loc 1 1864 12 view .LVU647
 1966 0022 7047     		bx	lr
 1967              		.cfi_endproc
 1968              	.LFE181:
 1970              		.section	.text.HAL_FDCAN_DisableISOMode,"ax",%progbits
 1971              		.align	1
 1972              		.global	HAL_FDCAN_DisableISOMode
 1973              		.syntax unified
 1974              		.thumb
 1975              		.thumb_func
 1977              	HAL_FDCAN_DisableISOMode:
 1978              	.LVL138:
 1979              	.LFB182:
1883:Drivers/STM32H5xx_HAL_Driver/Src/stm32h5xx_hal_fdcan.c ****   if (hfdcan->State == HAL_FDCAN_STATE_READY)
 1980              		.loc 1 1883 1 is_stmt 1 view -0
 1981              		.cfi_startproc
 1982              		@ args = 0, pretend = 0, frame = 0
 1983              		@ frame_needed = 0, uses_anonymous_args = 0
 1984              		@ link register save eliminated.
1884:Drivers/STM32H5xx_HAL_Driver/Src/stm32h5xx_hal_fdcan.c ****   {
 1985              		.loc 1 1884 3 view .LVU649
ARM GAS  /tmp/cc1KCPzC.s 			page 107


1884:Drivers/STM32H5xx_HAL_Driver/Src/stm32h5xx_hal_fdcan.c ****   {
 1986              		.loc 1 1884 13 is_stmt 0 view .LVU650
 1987 0000 90F85C30 		ldrb	r3, [r0, #92]	@ zero_extendqisi2
 1988 0004 DBB2     		uxtb	r3, r3
1884:Drivers/STM32H5xx_HAL_Driver/Src/stm32h5xx_hal_fdcan.c ****   {
 1989              		.loc 1 1884 6 view .LVU651
 1990 0006 012B     		cmp	r3, #1
 1991 0008 05D0     		beq	.L150
1895:Drivers/STM32H5xx_HAL_Driver/Src/stm32h5xx_hal_fdcan.c **** 
 1992              		.loc 1 1895 5 is_stmt 1 view .LVU652
1895:Drivers/STM32H5xx_HAL_Driver/Src/stm32h5xx_hal_fdcan.c **** 
 1993              		.loc 1 1895 11 is_stmt 0 view .LVU653
 1994 000a 036E     		ldr	r3, [r0, #96]
1895:Drivers/STM32H5xx_HAL_Driver/Src/stm32h5xx_hal_fdcan.c **** 
 1995              		.loc 1 1895 23 view .LVU654
 1996 000c 43F00403 		orr	r3, r3, #4
 1997 0010 0366     		str	r3, [r0, #96]
1897:Drivers/STM32H5xx_HAL_Driver/Src/stm32h5xx_hal_fdcan.c ****   }
 1998              		.loc 1 1897 5 is_stmt 1 view .LVU655
1897:Drivers/STM32H5xx_HAL_Driver/Src/stm32h5xx_hal_fdcan.c ****   }
 1999              		.loc 1 1897 12 is_stmt 0 view .LVU656
 2000 0012 0120     		movs	r0, #1
 2001              	.LVL139:
1899:Drivers/STM32H5xx_HAL_Driver/Src/stm32h5xx_hal_fdcan.c **** 
 2002              		.loc 1 1899 1 view .LVU657
 2003 0014 7047     		bx	lr
 2004              	.LVL140:
 2005              	.L150:
1887:Drivers/STM32H5xx_HAL_Driver/Src/stm32h5xx_hal_fdcan.c **** 
 2006              		.loc 1 1887 5 is_stmt 1 view .LVU658
 2007 0016 0268     		ldr	r2, [r0]
 2008 0018 9369     		ldr	r3, [r2, #24]
 2009 001a 43F40043 		orr	r3, r3, #32768
 2010 001e 9361     		str	r3, [r2, #24]
1890:Drivers/STM32H5xx_HAL_Driver/Src/stm32h5xx_hal_fdcan.c ****   }
 2011              		.loc 1 1890 5 view .LVU659
1890:Drivers/STM32H5xx_HAL_Driver/Src/stm32h5xx_hal_fdcan.c ****   }
 2012              		.loc 1 1890 12 is_stmt 0 view .LVU660
 2013 0020 0020     		movs	r0, #0
 2014              	.LVL141:
1890:Drivers/STM32H5xx_HAL_Driver/Src/stm32h5xx_hal_fdcan.c ****   }
 2015              		.loc 1 1890 12 view .LVU661
 2016 0022 7047     		bx	lr
 2017              		.cfi_endproc
 2018              	.LFE182:
 2020              		.section	.text.HAL_FDCAN_EnableEdgeFiltering,"ax",%progbits
 2021              		.align	1
 2022              		.global	HAL_FDCAN_EnableEdgeFiltering
 2023              		.syntax unified
 2024              		.thumb
 2025              		.thumb_func
 2027              	HAL_FDCAN_EnableEdgeFiltering:
 2028              	.LVL142:
 2029              	.LFB183:
1909:Drivers/STM32H5xx_HAL_Driver/Src/stm32h5xx_hal_fdcan.c ****   if (hfdcan->State == HAL_FDCAN_STATE_READY)
 2030              		.loc 1 1909 1 is_stmt 1 view -0
 2031              		.cfi_startproc
ARM GAS  /tmp/cc1KCPzC.s 			page 108


 2032              		@ args = 0, pretend = 0, frame = 0
 2033              		@ frame_needed = 0, uses_anonymous_args = 0
 2034              		@ link register save eliminated.
1910:Drivers/STM32H5xx_HAL_Driver/Src/stm32h5xx_hal_fdcan.c ****   {
 2035              		.loc 1 1910 3 view .LVU663
1910:Drivers/STM32H5xx_HAL_Driver/Src/stm32h5xx_hal_fdcan.c ****   {
 2036              		.loc 1 1910 13 is_stmt 0 view .LVU664
 2037 0000 90F85C30 		ldrb	r3, [r0, #92]	@ zero_extendqisi2
 2038 0004 DBB2     		uxtb	r3, r3
1910:Drivers/STM32H5xx_HAL_Driver/Src/stm32h5xx_hal_fdcan.c ****   {
 2039              		.loc 1 1910 6 view .LVU665
 2040 0006 012B     		cmp	r3, #1
 2041 0008 05D0     		beq	.L154
1921:Drivers/STM32H5xx_HAL_Driver/Src/stm32h5xx_hal_fdcan.c **** 
 2042              		.loc 1 1921 5 is_stmt 1 view .LVU666
1921:Drivers/STM32H5xx_HAL_Driver/Src/stm32h5xx_hal_fdcan.c **** 
 2043              		.loc 1 1921 11 is_stmt 0 view .LVU667
 2044 000a 036E     		ldr	r3, [r0, #96]
1921:Drivers/STM32H5xx_HAL_Driver/Src/stm32h5xx_hal_fdcan.c **** 
 2045              		.loc 1 1921 23 view .LVU668
 2046 000c 43F00403 		orr	r3, r3, #4
 2047 0010 0366     		str	r3, [r0, #96]
1923:Drivers/STM32H5xx_HAL_Driver/Src/stm32h5xx_hal_fdcan.c ****   }
 2048              		.loc 1 1923 5 is_stmt 1 view .LVU669
1923:Drivers/STM32H5xx_HAL_Driver/Src/stm32h5xx_hal_fdcan.c ****   }
 2049              		.loc 1 1923 12 is_stmt 0 view .LVU670
 2050 0012 0120     		movs	r0, #1
 2051              	.LVL143:
1925:Drivers/STM32H5xx_HAL_Driver/Src/stm32h5xx_hal_fdcan.c **** 
 2052              		.loc 1 1925 1 view .LVU671
 2053 0014 7047     		bx	lr
 2054              	.LVL144:
 2055              	.L154:
1913:Drivers/STM32H5xx_HAL_Driver/Src/stm32h5xx_hal_fdcan.c **** 
 2056              		.loc 1 1913 5 is_stmt 1 view .LVU672
 2057 0016 0268     		ldr	r2, [r0]
 2058 0018 9369     		ldr	r3, [r2, #24]
 2059 001a 43F40053 		orr	r3, r3, #8192
 2060 001e 9361     		str	r3, [r2, #24]
1916:Drivers/STM32H5xx_HAL_Driver/Src/stm32h5xx_hal_fdcan.c ****   }
 2061              		.loc 1 1916 5 view .LVU673
1916:Drivers/STM32H5xx_HAL_Driver/Src/stm32h5xx_hal_fdcan.c ****   }
 2062              		.loc 1 1916 12 is_stmt 0 view .LVU674
 2063 0020 0020     		movs	r0, #0
 2064              	.LVL145:
1916:Drivers/STM32H5xx_HAL_Driver/Src/stm32h5xx_hal_fdcan.c ****   }
 2065              		.loc 1 1916 12 view .LVU675
 2066 0022 7047     		bx	lr
 2067              		.cfi_endproc
 2068              	.LFE183:
 2070              		.section	.text.HAL_FDCAN_DisableEdgeFiltering,"ax",%progbits
 2071              		.align	1
 2072              		.global	HAL_FDCAN_DisableEdgeFiltering
 2073              		.syntax unified
 2074              		.thumb
 2075              		.thumb_func
 2077              	HAL_FDCAN_DisableEdgeFiltering:
ARM GAS  /tmp/cc1KCPzC.s 			page 109


 2078              	.LVL146:
 2079              	.LFB184:
1935:Drivers/STM32H5xx_HAL_Driver/Src/stm32h5xx_hal_fdcan.c ****   if (hfdcan->State == HAL_FDCAN_STATE_READY)
 2080              		.loc 1 1935 1 is_stmt 1 view -0
 2081              		.cfi_startproc
 2082              		@ args = 0, pretend = 0, frame = 0
 2083              		@ frame_needed = 0, uses_anonymous_args = 0
 2084              		@ link register save eliminated.
1936:Drivers/STM32H5xx_HAL_Driver/Src/stm32h5xx_hal_fdcan.c ****   {
 2085              		.loc 1 1936 3 view .LVU677
1936:Drivers/STM32H5xx_HAL_Driver/Src/stm32h5xx_hal_fdcan.c ****   {
 2086              		.loc 1 1936 13 is_stmt 0 view .LVU678
 2087 0000 90F85C30 		ldrb	r3, [r0, #92]	@ zero_extendqisi2
 2088 0004 DBB2     		uxtb	r3, r3
1936:Drivers/STM32H5xx_HAL_Driver/Src/stm32h5xx_hal_fdcan.c ****   {
 2089              		.loc 1 1936 6 view .LVU679
 2090 0006 012B     		cmp	r3, #1
 2091 0008 05D0     		beq	.L158
1947:Drivers/STM32H5xx_HAL_Driver/Src/stm32h5xx_hal_fdcan.c **** 
 2092              		.loc 1 1947 5 is_stmt 1 view .LVU680
1947:Drivers/STM32H5xx_HAL_Driver/Src/stm32h5xx_hal_fdcan.c **** 
 2093              		.loc 1 1947 11 is_stmt 0 view .LVU681
 2094 000a 036E     		ldr	r3, [r0, #96]
1947:Drivers/STM32H5xx_HAL_Driver/Src/stm32h5xx_hal_fdcan.c **** 
 2095              		.loc 1 1947 23 view .LVU682
 2096 000c 43F00403 		orr	r3, r3, #4
 2097 0010 0366     		str	r3, [r0, #96]
1949:Drivers/STM32H5xx_HAL_Driver/Src/stm32h5xx_hal_fdcan.c ****   }
 2098              		.loc 1 1949 5 is_stmt 1 view .LVU683
1949:Drivers/STM32H5xx_HAL_Driver/Src/stm32h5xx_hal_fdcan.c ****   }
 2099              		.loc 1 1949 12 is_stmt 0 view .LVU684
 2100 0012 0120     		movs	r0, #1
 2101              	.LVL147:
1951:Drivers/STM32H5xx_HAL_Driver/Src/stm32h5xx_hal_fdcan.c **** 
 2102              		.loc 1 1951 1 view .LVU685
 2103 0014 7047     		bx	lr
 2104              	.LVL148:
 2105              	.L158:
1939:Drivers/STM32H5xx_HAL_Driver/Src/stm32h5xx_hal_fdcan.c **** 
 2106              		.loc 1 1939 5 is_stmt 1 view .LVU686
 2107 0016 0268     		ldr	r2, [r0]
 2108 0018 9369     		ldr	r3, [r2, #24]
 2109 001a 23F40053 		bic	r3, r3, #8192
 2110 001e 9361     		str	r3, [r2, #24]
1942:Drivers/STM32H5xx_HAL_Driver/Src/stm32h5xx_hal_fdcan.c ****   }
 2111              		.loc 1 1942 5 view .LVU687
1942:Drivers/STM32H5xx_HAL_Driver/Src/stm32h5xx_hal_fdcan.c ****   }
 2112              		.loc 1 1942 12 is_stmt 0 view .LVU688
 2113 0020 0020     		movs	r0, #0
 2114              	.LVL149:
1942:Drivers/STM32H5xx_HAL_Driver/Src/stm32h5xx_hal_fdcan.c ****   }
 2115              		.loc 1 1942 12 view .LVU689
 2116 0022 7047     		bx	lr
 2117              		.cfi_endproc
 2118              	.LFE184:
 2120              		.section	.text.HAL_FDCAN_Start,"ax",%progbits
 2121              		.align	1
ARM GAS  /tmp/cc1KCPzC.s 			page 110


 2122              		.global	HAL_FDCAN_Start
 2123              		.syntax unified
 2124              		.thumb
 2125              		.thumb_func
 2127              	HAL_FDCAN_Start:
 2128              	.LVL150:
 2129              	.LFB185:
1995:Drivers/STM32H5xx_HAL_Driver/Src/stm32h5xx_hal_fdcan.c ****   if (hfdcan->State == HAL_FDCAN_STATE_READY)
 2130              		.loc 1 1995 1 is_stmt 1 view -0
 2131              		.cfi_startproc
 2132              		@ args = 0, pretend = 0, frame = 0
 2133              		@ frame_needed = 0, uses_anonymous_args = 0
 2134              		@ link register save eliminated.
1996:Drivers/STM32H5xx_HAL_Driver/Src/stm32h5xx_hal_fdcan.c ****   {
 2135              		.loc 1 1996 3 view .LVU691
1996:Drivers/STM32H5xx_HAL_Driver/Src/stm32h5xx_hal_fdcan.c ****   {
 2136              		.loc 1 1996 13 is_stmt 0 view .LVU692
 2137 0000 90F85C30 		ldrb	r3, [r0, #92]	@ zero_extendqisi2
 2138 0004 DBB2     		uxtb	r3, r3
1996:Drivers/STM32H5xx_HAL_Driver/Src/stm32h5xx_hal_fdcan.c ****   {
 2139              		.loc 1 1996 6 view .LVU693
 2140 0006 012B     		cmp	r3, #1
 2141 0008 05D0     		beq	.L162
2013:Drivers/STM32H5xx_HAL_Driver/Src/stm32h5xx_hal_fdcan.c **** 
 2142              		.loc 1 2013 5 is_stmt 1 view .LVU694
2013:Drivers/STM32H5xx_HAL_Driver/Src/stm32h5xx_hal_fdcan.c **** 
 2143              		.loc 1 2013 11 is_stmt 0 view .LVU695
 2144 000a 036E     		ldr	r3, [r0, #96]
2013:Drivers/STM32H5xx_HAL_Driver/Src/stm32h5xx_hal_fdcan.c **** 
 2145              		.loc 1 2013 23 view .LVU696
 2146 000c 43F00403 		orr	r3, r3, #4
 2147 0010 0366     		str	r3, [r0, #96]
2015:Drivers/STM32H5xx_HAL_Driver/Src/stm32h5xx_hal_fdcan.c ****   }
 2148              		.loc 1 2015 5 is_stmt 1 view .LVU697
2015:Drivers/STM32H5xx_HAL_Driver/Src/stm32h5xx_hal_fdcan.c ****   }
 2149              		.loc 1 2015 12 is_stmt 0 view .LVU698
 2150 0012 0120     		movs	r0, #1
 2151              	.LVL151:
2017:Drivers/STM32H5xx_HAL_Driver/Src/stm32h5xx_hal_fdcan.c **** 
 2152              		.loc 1 2017 1 view .LVU699
 2153 0014 7047     		bx	lr
 2154              	.LVL152:
 2155              	.L162:
1999:Drivers/STM32H5xx_HAL_Driver/Src/stm32h5xx_hal_fdcan.c **** 
 2156              		.loc 1 1999 5 is_stmt 1 view .LVU700
1999:Drivers/STM32H5xx_HAL_Driver/Src/stm32h5xx_hal_fdcan.c **** 
 2157              		.loc 1 1999 19 is_stmt 0 view .LVU701
 2158 0016 0223     		movs	r3, #2
 2159 0018 80F85C30 		strb	r3, [r0, #92]
2002:Drivers/STM32H5xx_HAL_Driver/Src/stm32h5xx_hal_fdcan.c **** 
 2160              		.loc 1 2002 5 is_stmt 1 view .LVU702
 2161 001c 0268     		ldr	r2, [r0]
 2162 001e 9369     		ldr	r3, [r2, #24]
 2163 0020 23F00103 		bic	r3, r3, #1
 2164 0024 9361     		str	r3, [r2, #24]
2005:Drivers/STM32H5xx_HAL_Driver/Src/stm32h5xx_hal_fdcan.c **** 
 2165              		.loc 1 2005 5 view .LVU703
ARM GAS  /tmp/cc1KCPzC.s 			page 111


2005:Drivers/STM32H5xx_HAL_Driver/Src/stm32h5xx_hal_fdcan.c **** 
 2166              		.loc 1 2005 23 is_stmt 0 view .LVU704
 2167 0026 0023     		movs	r3, #0
 2168 0028 0366     		str	r3, [r0, #96]
2008:Drivers/STM32H5xx_HAL_Driver/Src/stm32h5xx_hal_fdcan.c ****   }
 2169              		.loc 1 2008 5 is_stmt 1 view .LVU705
2008:Drivers/STM32H5xx_HAL_Driver/Src/stm32h5xx_hal_fdcan.c ****   }
 2170              		.loc 1 2008 12 is_stmt 0 view .LVU706
 2171 002a 1846     		mov	r0, r3
 2172              	.LVL153:
2008:Drivers/STM32H5xx_HAL_Driver/Src/stm32h5xx_hal_fdcan.c ****   }
 2173              		.loc 1 2008 12 view .LVU707
 2174 002c 7047     		bx	lr
 2175              		.cfi_endproc
 2176              	.LFE185:
 2178              		.section	.text.HAL_FDCAN_Stop,"ax",%progbits
 2179              		.align	1
 2180              		.global	HAL_FDCAN_Stop
 2181              		.syntax unified
 2182              		.thumb
 2183              		.thumb_func
 2185              	HAL_FDCAN_Stop:
 2186              	.LVL154:
 2187              	.LFB186:
2026:Drivers/STM32H5xx_HAL_Driver/Src/stm32h5xx_hal_fdcan.c ****   uint32_t Counter = 0U;
 2188              		.loc 1 2026 1 is_stmt 1 view -0
 2189              		.cfi_startproc
 2190              		@ args = 0, pretend = 0, frame = 0
 2191              		@ frame_needed = 0, uses_anonymous_args = 0
 2192              		@ link register save eliminated.
2027:Drivers/STM32H5xx_HAL_Driver/Src/stm32h5xx_hal_fdcan.c **** 
 2193              		.loc 1 2027 3 view .LVU709
2029:Drivers/STM32H5xx_HAL_Driver/Src/stm32h5xx_hal_fdcan.c ****   {
 2194              		.loc 1 2029 3 view .LVU710
2029:Drivers/STM32H5xx_HAL_Driver/Src/stm32h5xx_hal_fdcan.c ****   {
 2195              		.loc 1 2029 13 is_stmt 0 view .LVU711
 2196 0000 90F85C30 		ldrb	r3, [r0, #92]	@ zero_extendqisi2
 2197 0004 DBB2     		uxtb	r3, r3
2029:Drivers/STM32H5xx_HAL_Driver/Src/stm32h5xx_hal_fdcan.c ****   {
 2198              		.loc 1 2029 6 view .LVU712
 2199 0006 022B     		cmp	r3, #2
 2200 0008 39D1     		bne	.L164
2032:Drivers/STM32H5xx_HAL_Driver/Src/stm32h5xx_hal_fdcan.c **** 
 2201              		.loc 1 2032 5 is_stmt 1 view .LVU713
 2202 000a 0268     		ldr	r2, [r0]
 2203 000c 9369     		ldr	r3, [r2, #24]
 2204 000e 43F00103 		orr	r3, r3, #1
 2205 0012 9361     		str	r3, [r2, #24]
2035:Drivers/STM32H5xx_HAL_Driver/Src/stm32h5xx_hal_fdcan.c ****     {
 2206              		.loc 1 2035 5 view .LVU714
2027:Drivers/STM32H5xx_HAL_Driver/Src/stm32h5xx_hal_fdcan.c **** 
 2207              		.loc 1 2027 12 is_stmt 0 view .LVU715
 2208 0014 0023     		movs	r3, #0
 2209              	.LVL155:
 2210              	.L165:
2035:Drivers/STM32H5xx_HAL_Driver/Src/stm32h5xx_hal_fdcan.c ****     {
 2211              		.loc 1 2035 55 is_stmt 1 view .LVU716
ARM GAS  /tmp/cc1KCPzC.s 			page 112


2035:Drivers/STM32H5xx_HAL_Driver/Src/stm32h5xx_hal_fdcan.c ****     {
 2212              		.loc 1 2035 19 is_stmt 0 view .LVU717
 2213 0016 0268     		ldr	r2, [r0]
2035:Drivers/STM32H5xx_HAL_Driver/Src/stm32h5xx_hal_fdcan.c ****     {
 2214              		.loc 1 2035 29 view .LVU718
 2215 0018 9169     		ldr	r1, [r2, #24]
2035:Drivers/STM32H5xx_HAL_Driver/Src/stm32h5xx_hal_fdcan.c ****     {
 2216              		.loc 1 2035 55 view .LVU719
 2217 001a 11F0010F 		tst	r1, #1
 2218 001e 0CD1     		bne	.L172
2038:Drivers/STM32H5xx_HAL_Driver/Src/stm32h5xx_hal_fdcan.c ****       {
 2219              		.loc 1 2038 7 is_stmt 1 view .LVU720
2038:Drivers/STM32H5xx_HAL_Driver/Src/stm32h5xx_hal_fdcan.c ****       {
 2220              		.loc 1 2038 10 is_stmt 0 view .LVU721
 2221 0020 0A2B     		cmp	r3, #10
 2222 0022 01D8     		bhi	.L173
2050:Drivers/STM32H5xx_HAL_Driver/Src/stm32h5xx_hal_fdcan.c ****     }
 2223              		.loc 1 2050 7 is_stmt 1 view .LVU722
2050:Drivers/STM32H5xx_HAL_Driver/Src/stm32h5xx_hal_fdcan.c ****     }
 2224              		.loc 1 2050 14 is_stmt 0 view .LVU723
 2225 0024 0133     		adds	r3, r3, #1
 2226              	.LVL156:
2050:Drivers/STM32H5xx_HAL_Driver/Src/stm32h5xx_hal_fdcan.c ****     }
 2227              		.loc 1 2050 14 view .LVU724
 2228 0026 F6E7     		b	.L165
 2229              	.L173:
2041:Drivers/STM32H5xx_HAL_Driver/Src/stm32h5xx_hal_fdcan.c **** 
 2230              		.loc 1 2041 9 is_stmt 1 view .LVU725
2041:Drivers/STM32H5xx_HAL_Driver/Src/stm32h5xx_hal_fdcan.c **** 
 2231              		.loc 1 2041 15 is_stmt 0 view .LVU726
 2232 0028 036E     		ldr	r3, [r0, #96]
 2233              	.LVL157:
2041:Drivers/STM32H5xx_HAL_Driver/Src/stm32h5xx_hal_fdcan.c **** 
 2234              		.loc 1 2041 27 view .LVU727
 2235 002a 43F00103 		orr	r3, r3, #1
 2236 002e 0366     		str	r3, [r0, #96]
2044:Drivers/STM32H5xx_HAL_Driver/Src/stm32h5xx_hal_fdcan.c **** 
 2237              		.loc 1 2044 9 is_stmt 1 view .LVU728
2044:Drivers/STM32H5xx_HAL_Driver/Src/stm32h5xx_hal_fdcan.c **** 
 2238              		.loc 1 2044 23 is_stmt 0 view .LVU729
 2239 0030 0323     		movs	r3, #3
 2240 0032 80F85C30 		strb	r3, [r0, #92]
2046:Drivers/STM32H5xx_HAL_Driver/Src/stm32h5xx_hal_fdcan.c ****       }
 2241              		.loc 1 2046 9 is_stmt 1 view .LVU730
2046:Drivers/STM32H5xx_HAL_Driver/Src/stm32h5xx_hal_fdcan.c ****       }
 2242              		.loc 1 2046 16 is_stmt 0 view .LVU731
 2243 0036 0120     		movs	r0, #1
 2244              	.LVL158:
2046:Drivers/STM32H5xx_HAL_Driver/Src/stm32h5xx_hal_fdcan.c ****       }
 2245              		.loc 1 2046 16 view .LVU732
 2246 0038 7047     		bx	lr
 2247              	.LVL159:
 2248              	.L172:
2054:Drivers/STM32H5xx_HAL_Driver/Src/stm32h5xx_hal_fdcan.c **** 
 2249              		.loc 1 2054 5 is_stmt 1 view .LVU733
2057:Drivers/STM32H5xx_HAL_Driver/Src/stm32h5xx_hal_fdcan.c **** 
 2250              		.loc 1 2057 5 view .LVU734
ARM GAS  /tmp/cc1KCPzC.s 			page 113


 2251 003a 9369     		ldr	r3, [r2, #24]
 2252 003c 23F01003 		bic	r3, r3, #16
 2253 0040 9361     		str	r3, [r2, #24]
2060:Drivers/STM32H5xx_HAL_Driver/Src/stm32h5xx_hal_fdcan.c ****     {
 2254              		.loc 1 2060 5 view .LVU735
2054:Drivers/STM32H5xx_HAL_Driver/Src/stm32h5xx_hal_fdcan.c **** 
 2255              		.loc 1 2054 13 is_stmt 0 view .LVU736
 2256 0042 0023     		movs	r3, #0
 2257              	.LVL160:
 2258              	.L169:
2060:Drivers/STM32H5xx_HAL_Driver/Src/stm32h5xx_hal_fdcan.c ****     {
 2259              		.loc 1 2060 54 is_stmt 1 view .LVU737
2060:Drivers/STM32H5xx_HAL_Driver/Src/stm32h5xx_hal_fdcan.c ****     {
 2260              		.loc 1 2060 19 is_stmt 0 view .LVU738
 2261 0044 0268     		ldr	r2, [r0]
2060:Drivers/STM32H5xx_HAL_Driver/Src/stm32h5xx_hal_fdcan.c ****     {
 2262              		.loc 1 2060 29 view .LVU739
 2263 0046 9169     		ldr	r1, [r2, #24]
2060:Drivers/STM32H5xx_HAL_Driver/Src/stm32h5xx_hal_fdcan.c ****     {
 2264              		.loc 1 2060 54 view .LVU740
 2265 0048 11F0080F 		tst	r1, #8
 2266 004c 0CD0     		beq	.L174
2063:Drivers/STM32H5xx_HAL_Driver/Src/stm32h5xx_hal_fdcan.c ****       {
 2267              		.loc 1 2063 7 is_stmt 1 view .LVU741
2063:Drivers/STM32H5xx_HAL_Driver/Src/stm32h5xx_hal_fdcan.c ****       {
 2268              		.loc 1 2063 10 is_stmt 0 view .LVU742
 2269 004e 0A2B     		cmp	r3, #10
 2270 0050 01D8     		bhi	.L175
2075:Drivers/STM32H5xx_HAL_Driver/Src/stm32h5xx_hal_fdcan.c ****     }
 2271              		.loc 1 2075 7 is_stmt 1 view .LVU743
2075:Drivers/STM32H5xx_HAL_Driver/Src/stm32h5xx_hal_fdcan.c ****     }
 2272              		.loc 1 2075 14 is_stmt 0 view .LVU744
 2273 0052 0133     		adds	r3, r3, #1
 2274              	.LVL161:
2075:Drivers/STM32H5xx_HAL_Driver/Src/stm32h5xx_hal_fdcan.c ****     }
 2275              		.loc 1 2075 14 view .LVU745
 2276 0054 F6E7     		b	.L169
 2277              	.L175:
2066:Drivers/STM32H5xx_HAL_Driver/Src/stm32h5xx_hal_fdcan.c **** 
 2278              		.loc 1 2066 9 is_stmt 1 view .LVU746
2066:Drivers/STM32H5xx_HAL_Driver/Src/stm32h5xx_hal_fdcan.c **** 
 2279              		.loc 1 2066 15 is_stmt 0 view .LVU747
 2280 0056 036E     		ldr	r3, [r0, #96]
 2281              	.LVL162:
2066:Drivers/STM32H5xx_HAL_Driver/Src/stm32h5xx_hal_fdcan.c **** 
 2282              		.loc 1 2066 27 view .LVU748
 2283 0058 43F00103 		orr	r3, r3, #1
 2284 005c 0366     		str	r3, [r0, #96]
2069:Drivers/STM32H5xx_HAL_Driver/Src/stm32h5xx_hal_fdcan.c **** 
 2285              		.loc 1 2069 9 is_stmt 1 view .LVU749
2069:Drivers/STM32H5xx_HAL_Driver/Src/stm32h5xx_hal_fdcan.c **** 
 2286              		.loc 1 2069 23 is_stmt 0 view .LVU750
 2287 005e 0323     		movs	r3, #3
 2288 0060 80F85C30 		strb	r3, [r0, #92]
2071:Drivers/STM32H5xx_HAL_Driver/Src/stm32h5xx_hal_fdcan.c ****       }
 2289              		.loc 1 2071 9 is_stmt 1 view .LVU751
2071:Drivers/STM32H5xx_HAL_Driver/Src/stm32h5xx_hal_fdcan.c ****       }
ARM GAS  /tmp/cc1KCPzC.s 			page 114


 2290              		.loc 1 2071 16 is_stmt 0 view .LVU752
 2291 0064 0120     		movs	r0, #1
 2292              	.LVL163:
2071:Drivers/STM32H5xx_HAL_Driver/Src/stm32h5xx_hal_fdcan.c ****       }
 2293              		.loc 1 2071 16 view .LVU753
 2294 0066 7047     		bx	lr
 2295              	.LVL164:
 2296              	.L174:
2079:Drivers/STM32H5xx_HAL_Driver/Src/stm32h5xx_hal_fdcan.c **** 
 2297              		.loc 1 2079 5 is_stmt 1 view .LVU754
 2298 0068 9369     		ldr	r3, [r2, #24]
 2299              	.LVL165:
2079:Drivers/STM32H5xx_HAL_Driver/Src/stm32h5xx_hal_fdcan.c **** 
 2300              		.loc 1 2079 5 is_stmt 0 view .LVU755
 2301 006a 43F00203 		orr	r3, r3, #2
 2302 006e 9361     		str	r3, [r2, #24]
2082:Drivers/STM32H5xx_HAL_Driver/Src/stm32h5xx_hal_fdcan.c **** 
 2303              		.loc 1 2082 5 is_stmt 1 view .LVU756
2082:Drivers/STM32H5xx_HAL_Driver/Src/stm32h5xx_hal_fdcan.c **** 
 2304              		.loc 1 2082 34 is_stmt 0 view .LVU757
 2305 0070 0023     		movs	r3, #0
 2306 0072 8365     		str	r3, [r0, #88]
2085:Drivers/STM32H5xx_HAL_Driver/Src/stm32h5xx_hal_fdcan.c **** 
 2307              		.loc 1 2085 5 is_stmt 1 view .LVU758
2085:Drivers/STM32H5xx_HAL_Driver/Src/stm32h5xx_hal_fdcan.c **** 
 2308              		.loc 1 2085 19 is_stmt 0 view .LVU759
 2309 0074 0122     		movs	r2, #1
 2310 0076 80F85C20 		strb	r2, [r0, #92]
2088:Drivers/STM32H5xx_HAL_Driver/Src/stm32h5xx_hal_fdcan.c ****   }
 2311              		.loc 1 2088 5 is_stmt 1 view .LVU760
2088:Drivers/STM32H5xx_HAL_Driver/Src/stm32h5xx_hal_fdcan.c ****   }
 2312              		.loc 1 2088 12 is_stmt 0 view .LVU761
 2313 007a 1846     		mov	r0, r3
 2314              	.LVL166:
2088:Drivers/STM32H5xx_HAL_Driver/Src/stm32h5xx_hal_fdcan.c ****   }
 2315              		.loc 1 2088 12 view .LVU762
 2316 007c 7047     		bx	lr
 2317              	.LVL167:
 2318              	.L164:
2093:Drivers/STM32H5xx_HAL_Driver/Src/stm32h5xx_hal_fdcan.c **** 
 2319              		.loc 1 2093 5 is_stmt 1 view .LVU763
2093:Drivers/STM32H5xx_HAL_Driver/Src/stm32h5xx_hal_fdcan.c **** 
 2320              		.loc 1 2093 11 is_stmt 0 view .LVU764
 2321 007e 036E     		ldr	r3, [r0, #96]
2093:Drivers/STM32H5xx_HAL_Driver/Src/stm32h5xx_hal_fdcan.c **** 
 2322              		.loc 1 2093 23 view .LVU765
 2323 0080 43F00803 		orr	r3, r3, #8
 2324 0084 0366     		str	r3, [r0, #96]
2095:Drivers/STM32H5xx_HAL_Driver/Src/stm32h5xx_hal_fdcan.c ****   }
 2325              		.loc 1 2095 5 is_stmt 1 view .LVU766
2095:Drivers/STM32H5xx_HAL_Driver/Src/stm32h5xx_hal_fdcan.c ****   }
 2326              		.loc 1 2095 12 is_stmt 0 view .LVU767
 2327 0086 0120     		movs	r0, #1
 2328              	.LVL168:
2097:Drivers/STM32H5xx_HAL_Driver/Src/stm32h5xx_hal_fdcan.c **** 
 2329              		.loc 1 2097 1 view .LVU768
 2330 0088 7047     		bx	lr
ARM GAS  /tmp/cc1KCPzC.s 			page 115


 2331              		.cfi_endproc
 2332              	.LFE186:
 2334              		.section	.text.HAL_FDCAN_DeInit,"ax",%progbits
 2335              		.align	1
 2336              		.global	HAL_FDCAN_DeInit
 2337              		.syntax unified
 2338              		.thumb
 2339              		.thumb_func
 2341              	HAL_FDCAN_DeInit:
 2342              	.LVL169:
 2343              	.LFB158:
 537:Drivers/STM32H5xx_HAL_Driver/Src/stm32h5xx_hal_fdcan.c ****   /* Check FDCAN handle */
 2344              		.loc 1 537 1 is_stmt 1 view -0
 2345              		.cfi_startproc
 2346              		@ args = 0, pretend = 0, frame = 0
 2347              		@ frame_needed = 0, uses_anonymous_args = 0
 539:Drivers/STM32H5xx_HAL_Driver/Src/stm32h5xx_hal_fdcan.c ****   {
 2348              		.loc 1 539 3 view .LVU770
 539:Drivers/STM32H5xx_HAL_Driver/Src/stm32h5xx_hal_fdcan.c ****   {
 2349              		.loc 1 539 6 is_stmt 0 view .LVU771
 2350 0000 80B1     		cbz	r0, .L178
 537:Drivers/STM32H5xx_HAL_Driver/Src/stm32h5xx_hal_fdcan.c ****   /* Check FDCAN handle */
 2351              		.loc 1 537 1 view .LVU772
 2352 0002 10B5     		push	{r4, lr}
 2353              	.LCFI11:
 2354              		.cfi_def_cfa_offset 8
 2355              		.cfi_offset 4, -8
 2356              		.cfi_offset 14, -4
 2357 0004 0446     		mov	r4, r0
 545:Drivers/STM32H5xx_HAL_Driver/Src/stm32h5xx_hal_fdcan.c **** 
 2358              		.loc 1 545 3 is_stmt 1 view .LVU773
 548:Drivers/STM32H5xx_HAL_Driver/Src/stm32h5xx_hal_fdcan.c **** 
 2359              		.loc 1 548 3 view .LVU774
 548:Drivers/STM32H5xx_HAL_Driver/Src/stm32h5xx_hal_fdcan.c **** 
 2360              		.loc 1 548 9 is_stmt 0 view .LVU775
 2361 0006 FFF7FEFF 		bl	HAL_FDCAN_Stop
 2362              	.LVL170:
 551:Drivers/STM32H5xx_HAL_Driver/Src/stm32h5xx_hal_fdcan.c **** 
 2363              		.loc 1 551 3 is_stmt 1 view .LVU776
 2364 000a 2268     		ldr	r2, [r4]
 2365 000c D36D     		ldr	r3, [r2, #92]
 2366 000e 23F00303 		bic	r3, r3, #3
 2367 0012 D365     		str	r3, [r2, #92]
 563:Drivers/STM32H5xx_HAL_Driver/Src/stm32h5xx_hal_fdcan.c **** #endif /* USE_HAL_FDCAN_REGISTER_CALLBACKS */
 2368              		.loc 1 563 3 view .LVU777
 2369 0014 2046     		mov	r0, r4
 2370 0016 FFF7FEFF 		bl	HAL_FDCAN_MspDeInit
 2371              	.LVL171:
 567:Drivers/STM32H5xx_HAL_Driver/Src/stm32h5xx_hal_fdcan.c **** 
 2372              		.loc 1 567 3 view .LVU778
 567:Drivers/STM32H5xx_HAL_Driver/Src/stm32h5xx_hal_fdcan.c **** 
 2373              		.loc 1 567 21 is_stmt 0 view .LVU779
 2374 001a 0020     		movs	r0, #0
 2375 001c 2066     		str	r0, [r4, #96]
 570:Drivers/STM32H5xx_HAL_Driver/Src/stm32h5xx_hal_fdcan.c **** 
 2376              		.loc 1 570 3 is_stmt 1 view .LVU780
 570:Drivers/STM32H5xx_HAL_Driver/Src/stm32h5xx_hal_fdcan.c **** 
ARM GAS  /tmp/cc1KCPzC.s 			page 116


 2377              		.loc 1 570 17 is_stmt 0 view .LVU781
 2378 001e 84F85C00 		strb	r0, [r4, #92]
 573:Drivers/STM32H5xx_HAL_Driver/Src/stm32h5xx_hal_fdcan.c **** }
 2379              		.loc 1 573 3 is_stmt 1 view .LVU782
 574:Drivers/STM32H5xx_HAL_Driver/Src/stm32h5xx_hal_fdcan.c **** 
 2380              		.loc 1 574 1 is_stmt 0 view .LVU783
 2381 0022 10BD     		pop	{r4, pc}
 2382              	.LVL172:
 2383              	.L178:
 2384              	.LCFI12:
 2385              		.cfi_def_cfa_offset 0
 2386              		.cfi_restore 4
 2387              		.cfi_restore 14
 541:Drivers/STM32H5xx_HAL_Driver/Src/stm32h5xx_hal_fdcan.c ****   }
 2388              		.loc 1 541 12 view .LVU784
 2389 0024 0120     		movs	r0, #1
 2390              	.LVL173:
 574:Drivers/STM32H5xx_HAL_Driver/Src/stm32h5xx_hal_fdcan.c **** 
 2391              		.loc 1 574 1 view .LVU785
 2392 0026 7047     		bx	lr
 2393              		.cfi_endproc
 2394              	.LFE158:
 2396              		.section	.text.HAL_FDCAN_AddMessageToTxFifoQ,"ax",%progbits
 2397              		.align	1
 2398              		.global	HAL_FDCAN_AddMessageToTxFifoQ
 2399              		.syntax unified
 2400              		.thumb
 2401              		.thumb_func
 2403              	HAL_FDCAN_AddMessageToTxFifoQ:
 2404              	.LVL174:
 2405              	.LFB187:
2109:Drivers/STM32H5xx_HAL_Driver/Src/stm32h5xx_hal_fdcan.c ****   uint32_t PutIndex;
 2406              		.loc 1 2109 1 is_stmt 1 view -0
 2407              		.cfi_startproc
 2408              		@ args = 0, pretend = 0, frame = 0
 2409              		@ frame_needed = 0, uses_anonymous_args = 0
2109:Drivers/STM32H5xx_HAL_Driver/Src/stm32h5xx_hal_fdcan.c ****   uint32_t PutIndex;
 2410              		.loc 1 2109 1 is_stmt 0 view .LVU787
 2411 0000 38B5     		push	{r3, r4, r5, lr}
 2412              	.LCFI13:
 2413              		.cfi_def_cfa_offset 16
 2414              		.cfi_offset 3, -16
 2415              		.cfi_offset 4, -12
 2416              		.cfi_offset 5, -8
 2417              		.cfi_offset 14, -4
 2418 0002 0446     		mov	r4, r0
2110:Drivers/STM32H5xx_HAL_Driver/Src/stm32h5xx_hal_fdcan.c **** 
 2419              		.loc 1 2110 3 is_stmt 1 view .LVU788
2113:Drivers/STM32H5xx_HAL_Driver/Src/stm32h5xx_hal_fdcan.c ****   if (pTxHeader->IdType == FDCAN_STANDARD_ID)
 2420              		.loc 1 2113 3 view .LVU789
2114:Drivers/STM32H5xx_HAL_Driver/Src/stm32h5xx_hal_fdcan.c ****   {
 2421              		.loc 1 2114 3 view .LVU790
2116:Drivers/STM32H5xx_HAL_Driver/Src/stm32h5xx_hal_fdcan.c ****   }
 2422              		.loc 1 2116 5 view .LVU791
2120:Drivers/STM32H5xx_HAL_Driver/Src/stm32h5xx_hal_fdcan.c ****   }
 2423              		.loc 1 2120 5 view .LVU792
2122:Drivers/STM32H5xx_HAL_Driver/Src/stm32h5xx_hal_fdcan.c ****   assert_param(IS_FDCAN_DLC(pTxHeader->DataLength));
ARM GAS  /tmp/cc1KCPzC.s 			page 117


 2424              		.loc 1 2122 3 view .LVU793
2123:Drivers/STM32H5xx_HAL_Driver/Src/stm32h5xx_hal_fdcan.c ****   assert_param(IS_FDCAN_ESI(pTxHeader->ErrorStateIndicator));
 2425              		.loc 1 2123 3 view .LVU794
2124:Drivers/STM32H5xx_HAL_Driver/Src/stm32h5xx_hal_fdcan.c ****   assert_param(IS_FDCAN_BRS(pTxHeader->BitRateSwitch));
 2426              		.loc 1 2124 3 view .LVU795
2125:Drivers/STM32H5xx_HAL_Driver/Src/stm32h5xx_hal_fdcan.c ****   assert_param(IS_FDCAN_FDF(pTxHeader->FDFormat));
 2427              		.loc 1 2125 3 view .LVU796
2126:Drivers/STM32H5xx_HAL_Driver/Src/stm32h5xx_hal_fdcan.c ****   assert_param(IS_FDCAN_EFC(pTxHeader->TxEventFifoControl));
 2428              		.loc 1 2126 3 view .LVU797
2127:Drivers/STM32H5xx_HAL_Driver/Src/stm32h5xx_hal_fdcan.c ****   assert_param(IS_FDCAN_MAX_VALUE(pTxHeader->MessageMarker, 0xFFU));
 2429              		.loc 1 2127 3 view .LVU798
2128:Drivers/STM32H5xx_HAL_Driver/Src/stm32h5xx_hal_fdcan.c **** 
 2430              		.loc 1 2128 3 view .LVU799
2130:Drivers/STM32H5xx_HAL_Driver/Src/stm32h5xx_hal_fdcan.c ****   {
 2431              		.loc 1 2130 3 view .LVU800
2130:Drivers/STM32H5xx_HAL_Driver/Src/stm32h5xx_hal_fdcan.c ****   {
 2432              		.loc 1 2130 13 is_stmt 0 view .LVU801
 2433 0004 90F85C30 		ldrb	r3, [r0, #92]	@ zero_extendqisi2
 2434 0008 DBB2     		uxtb	r3, r3
2130:Drivers/STM32H5xx_HAL_Driver/Src/stm32h5xx_hal_fdcan.c ****   {
 2435              		.loc 1 2130 6 view .LVU802
 2436 000a 022B     		cmp	r3, #2
 2437 000c 1BD1     		bne	.L184
2133:Drivers/STM32H5xx_HAL_Driver/Src/stm32h5xx_hal_fdcan.c ****     {
 2438              		.loc 1 2133 5 is_stmt 1 view .LVU803
2133:Drivers/STM32H5xx_HAL_Driver/Src/stm32h5xx_hal_fdcan.c ****     {
 2439              		.loc 1 2133 16 is_stmt 0 view .LVU804
 2440 000e 0368     		ldr	r3, [r0]
2133:Drivers/STM32H5xx_HAL_Driver/Src/stm32h5xx_hal_fdcan.c ****     {
 2441              		.loc 1 2133 26 view .LVU805
 2442 0010 D3F8C400 		ldr	r0, [r3, #196]
 2443              	.LVL175:
2133:Drivers/STM32H5xx_HAL_Driver/Src/stm32h5xx_hal_fdcan.c ****     {
 2444              		.loc 1 2133 8 view .LVU806
 2445 0014 10F4001F 		tst	r0, #2097152
 2446 0018 05D0     		beq	.L185
2136:Drivers/STM32H5xx_HAL_Driver/Src/stm32h5xx_hal_fdcan.c **** 
 2447              		.loc 1 2136 7 is_stmt 1 view .LVU807
2136:Drivers/STM32H5xx_HAL_Driver/Src/stm32h5xx_hal_fdcan.c **** 
 2448              		.loc 1 2136 13 is_stmt 0 view .LVU808
 2449 001a 236E     		ldr	r3, [r4, #96]
2136:Drivers/STM32H5xx_HAL_Driver/Src/stm32h5xx_hal_fdcan.c **** 
 2450              		.loc 1 2136 25 view .LVU809
 2451 001c 43F40073 		orr	r3, r3, #512
 2452 0020 2366     		str	r3, [r4, #96]
2138:Drivers/STM32H5xx_HAL_Driver/Src/stm32h5xx_hal_fdcan.c ****     }
 2453              		.loc 1 2138 7 is_stmt 1 view .LVU810
2138:Drivers/STM32H5xx_HAL_Driver/Src/stm32h5xx_hal_fdcan.c ****     }
 2454              		.loc 1 2138 14 is_stmt 0 view .LVU811
 2455 0022 0120     		movs	r0, #1
 2456 0024 14E0     		b	.L186
 2457              	.L185:
2143:Drivers/STM32H5xx_HAL_Driver/Src/stm32h5xx_hal_fdcan.c **** 
 2458              		.loc 1 2143 7 is_stmt 1 view .LVU812
2143:Drivers/STM32H5xx_HAL_Driver/Src/stm32h5xx_hal_fdcan.c **** 
 2459              		.loc 1 2143 36 is_stmt 0 view .LVU813
 2460 0026 D3F8C450 		ldr	r5, [r3, #196]
ARM GAS  /tmp/cc1KCPzC.s 			page 118


2143:Drivers/STM32H5xx_HAL_Driver/Src/stm32h5xx_hal_fdcan.c **** 
 2461              		.loc 1 2143 16 view .LVU814
 2462 002a C5F30145 		ubfx	r5, r5, #16, #2
 2463              	.LVL176:
2146:Drivers/STM32H5xx_HAL_Driver/Src/stm32h5xx_hal_fdcan.c **** 
 2464              		.loc 1 2146 7 is_stmt 1 view .LVU815
 2465 002e 2B46     		mov	r3, r5
 2466 0030 2046     		mov	r0, r4
 2467 0032 FFF7FEFF 		bl	FDCAN_CopyMessageToRAM
 2468              	.LVL177:
2149:Drivers/STM32H5xx_HAL_Driver/Src/stm32h5xx_hal_fdcan.c **** 
 2469              		.loc 1 2149 7 view .LVU816
2149:Drivers/STM32H5xx_HAL_Driver/Src/stm32h5xx_hal_fdcan.c **** 
 2470              		.loc 1 2149 13 is_stmt 0 view .LVU817
 2471 0036 2268     		ldr	r2, [r4]
2149:Drivers/STM32H5xx_HAL_Driver/Src/stm32h5xx_hal_fdcan.c **** 
 2472              		.loc 1 2149 46 view .LVU818
 2473 0038 0123     		movs	r3, #1
 2474 003a AB40     		lsls	r3, r3, r5
2149:Drivers/STM32H5xx_HAL_Driver/Src/stm32h5xx_hal_fdcan.c **** 
 2475              		.loc 1 2149 31 view .LVU819
 2476 003c C2F8CC30 		str	r3, [r2, #204]
2152:Drivers/STM32H5xx_HAL_Driver/Src/stm32h5xx_hal_fdcan.c ****     }
 2477              		.loc 1 2152 7 is_stmt 1 view .LVU820
2152:Drivers/STM32H5xx_HAL_Driver/Src/stm32h5xx_hal_fdcan.c ****     }
 2478              		.loc 1 2152 36 is_stmt 0 view .LVU821
 2479 0040 A365     		str	r3, [r4, #88]
2156:Drivers/STM32H5xx_HAL_Driver/Src/stm32h5xx_hal_fdcan.c ****   }
 2480              		.loc 1 2156 5 is_stmt 1 view .LVU822
2156:Drivers/STM32H5xx_HAL_Driver/Src/stm32h5xx_hal_fdcan.c ****   }
 2481              		.loc 1 2156 12 is_stmt 0 view .LVU823
 2482 0042 0020     		movs	r0, #0
 2483 0044 04E0     		b	.L186
 2484              	.LVL178:
 2485              	.L184:
2161:Drivers/STM32H5xx_HAL_Driver/Src/stm32h5xx_hal_fdcan.c **** 
 2486              		.loc 1 2161 5 is_stmt 1 view .LVU824
2161:Drivers/STM32H5xx_HAL_Driver/Src/stm32h5xx_hal_fdcan.c **** 
 2487              		.loc 1 2161 11 is_stmt 0 view .LVU825
 2488 0046 036E     		ldr	r3, [r0, #96]
2161:Drivers/STM32H5xx_HAL_Driver/Src/stm32h5xx_hal_fdcan.c **** 
 2489              		.loc 1 2161 23 view .LVU826
 2490 0048 43F00803 		orr	r3, r3, #8
 2491 004c 0366     		str	r3, [r0, #96]
2163:Drivers/STM32H5xx_HAL_Driver/Src/stm32h5xx_hal_fdcan.c ****   }
 2492              		.loc 1 2163 5 is_stmt 1 view .LVU827
2163:Drivers/STM32H5xx_HAL_Driver/Src/stm32h5xx_hal_fdcan.c ****   }
 2493              		.loc 1 2163 12 is_stmt 0 view .LVU828
 2494 004e 0120     		movs	r0, #1
 2495              	.LVL179:
 2496              	.L186:
2165:Drivers/STM32H5xx_HAL_Driver/Src/stm32h5xx_hal_fdcan.c **** 
 2497              		.loc 1 2165 1 view .LVU829
 2498 0050 38BD     		pop	{r3, r4, r5, pc}
2165:Drivers/STM32H5xx_HAL_Driver/Src/stm32h5xx_hal_fdcan.c **** 
 2499              		.loc 1 2165 1 view .LVU830
 2500              		.cfi_endproc
ARM GAS  /tmp/cc1KCPzC.s 			page 119


 2501              	.LFE187:
 2503              		.section	.text.HAL_FDCAN_GetLatestTxFifoQRequestBuffer,"ax",%progbits
 2504              		.align	1
 2505              		.global	HAL_FDCAN_GetLatestTxFifoQRequestBuffer
 2506              		.syntax unified
 2507              		.thumb
 2508              		.thumb_func
 2510              	HAL_FDCAN_GetLatestTxFifoQRequestBuffer:
 2511              	.LVL180:
 2512              	.LFB188:
2176:Drivers/STM32H5xx_HAL_Driver/Src/stm32h5xx_hal_fdcan.c ****   /* Return Last Tx FIFO/Queue Request Buffer */
 2513              		.loc 1 2176 1 is_stmt 1 view -0
 2514              		.cfi_startproc
 2515              		@ args = 0, pretend = 0, frame = 0
 2516              		@ frame_needed = 0, uses_anonymous_args = 0
 2517              		@ link register save eliminated.
2178:Drivers/STM32H5xx_HAL_Driver/Src/stm32h5xx_hal_fdcan.c **** }
 2518              		.loc 1 2178 3 view .LVU832
2179:Drivers/STM32H5xx_HAL_Driver/Src/stm32h5xx_hal_fdcan.c **** 
 2519              		.loc 1 2179 1 is_stmt 0 view .LVU833
 2520 0000 806D     		ldr	r0, [r0, #88]
 2521              	.LVL181:
2179:Drivers/STM32H5xx_HAL_Driver/Src/stm32h5xx_hal_fdcan.c **** 
 2522              		.loc 1 2179 1 view .LVU834
 2523 0002 7047     		bx	lr
 2524              		.cfi_endproc
 2525              	.LFE188:
 2527              		.section	.text.HAL_FDCAN_AbortTxRequest,"ax",%progbits
 2528              		.align	1
 2529              		.global	HAL_FDCAN_AbortTxRequest
 2530              		.syntax unified
 2531              		.thumb
 2532              		.thumb_func
 2534              	HAL_FDCAN_AbortTxRequest:
 2535              	.LVL182:
 2536              	.LFB189:
2190:Drivers/STM32H5xx_HAL_Driver/Src/stm32h5xx_hal_fdcan.c ****   /* Check function parameters */
 2537              		.loc 1 2190 1 is_stmt 1 view -0
 2538              		.cfi_startproc
 2539              		@ args = 0, pretend = 0, frame = 0
 2540              		@ frame_needed = 0, uses_anonymous_args = 0
 2541              		@ link register save eliminated.
2192:Drivers/STM32H5xx_HAL_Driver/Src/stm32h5xx_hal_fdcan.c **** 
 2542              		.loc 1 2192 3 view .LVU836
2194:Drivers/STM32H5xx_HAL_Driver/Src/stm32h5xx_hal_fdcan.c ****   {
 2543              		.loc 1 2194 3 view .LVU837
2194:Drivers/STM32H5xx_HAL_Driver/Src/stm32h5xx_hal_fdcan.c ****   {
 2544              		.loc 1 2194 13 is_stmt 0 view .LVU838
 2545 0000 90F85C30 		ldrb	r3, [r0, #92]	@ zero_extendqisi2
 2546 0004 DBB2     		uxtb	r3, r3
2194:Drivers/STM32H5xx_HAL_Driver/Src/stm32h5xx_hal_fdcan.c ****   {
 2547              		.loc 1 2194 6 view .LVU839
 2548 0006 022B     		cmp	r3, #2
 2549 0008 05D0     		beq	.L192
2205:Drivers/STM32H5xx_HAL_Driver/Src/stm32h5xx_hal_fdcan.c **** 
 2550              		.loc 1 2205 5 is_stmt 1 view .LVU840
2205:Drivers/STM32H5xx_HAL_Driver/Src/stm32h5xx_hal_fdcan.c **** 
ARM GAS  /tmp/cc1KCPzC.s 			page 120


 2551              		.loc 1 2205 11 is_stmt 0 view .LVU841
 2552 000a 036E     		ldr	r3, [r0, #96]
2205:Drivers/STM32H5xx_HAL_Driver/Src/stm32h5xx_hal_fdcan.c **** 
 2553              		.loc 1 2205 23 view .LVU842
 2554 000c 43F00803 		orr	r3, r3, #8
 2555 0010 0366     		str	r3, [r0, #96]
2207:Drivers/STM32H5xx_HAL_Driver/Src/stm32h5xx_hal_fdcan.c ****   }
 2556              		.loc 1 2207 5 is_stmt 1 view .LVU843
2207:Drivers/STM32H5xx_HAL_Driver/Src/stm32h5xx_hal_fdcan.c ****   }
 2557              		.loc 1 2207 12 is_stmt 0 view .LVU844
 2558 0012 0120     		movs	r0, #1
 2559              	.LVL183:
2209:Drivers/STM32H5xx_HAL_Driver/Src/stm32h5xx_hal_fdcan.c **** 
 2560              		.loc 1 2209 1 view .LVU845
 2561 0014 7047     		bx	lr
 2562              	.LVL184:
 2563              	.L192:
2197:Drivers/STM32H5xx_HAL_Driver/Src/stm32h5xx_hal_fdcan.c **** 
 2564              		.loc 1 2197 5 is_stmt 1 view .LVU846
2197:Drivers/STM32H5xx_HAL_Driver/Src/stm32h5xx_hal_fdcan.c **** 
 2565              		.loc 1 2197 11 is_stmt 0 view .LVU847
 2566 0016 0368     		ldr	r3, [r0]
2197:Drivers/STM32H5xx_HAL_Driver/Src/stm32h5xx_hal_fdcan.c **** 
 2567              		.loc 1 2197 29 view .LVU848
 2568 0018 C3F8D010 		str	r1, [r3, #208]
2200:Drivers/STM32H5xx_HAL_Driver/Src/stm32h5xx_hal_fdcan.c ****   }
 2569              		.loc 1 2200 5 is_stmt 1 view .LVU849
2200:Drivers/STM32H5xx_HAL_Driver/Src/stm32h5xx_hal_fdcan.c ****   }
 2570              		.loc 1 2200 12 is_stmt 0 view .LVU850
 2571 001c 0020     		movs	r0, #0
 2572              	.LVL185:
2200:Drivers/STM32H5xx_HAL_Driver/Src/stm32h5xx_hal_fdcan.c ****   }
 2573              		.loc 1 2200 12 view .LVU851
 2574 001e 7047     		bx	lr
 2575              		.cfi_endproc
 2576              	.LFE189:
 2578              		.section	.text.HAL_FDCAN_GetRxMessage,"ax",%progbits
 2579              		.align	1
 2580              		.global	HAL_FDCAN_GetRxMessage
 2581              		.syntax unified
 2582              		.thumb
 2583              		.thumb_func
 2585              	HAL_FDCAN_GetRxMessage:
 2586              	.LVL186:
 2587              	.LFB190:
2223:Drivers/STM32H5xx_HAL_Driver/Src/stm32h5xx_hal_fdcan.c ****   uint32_t *RxAddress;
 2588              		.loc 1 2223 1 is_stmt 1 view -0
 2589              		.cfi_startproc
 2590              		@ args = 0, pretend = 0, frame = 0
 2591              		@ frame_needed = 0, uses_anonymous_args = 0
2223:Drivers/STM32H5xx_HAL_Driver/Src/stm32h5xx_hal_fdcan.c ****   uint32_t *RxAddress;
 2592              		.loc 1 2223 1 is_stmt 0 view .LVU853
 2593 0000 70B5     		push	{r4, r5, r6, lr}
 2594              	.LCFI14:
 2595              		.cfi_def_cfa_offset 16
 2596              		.cfi_offset 4, -16
 2597              		.cfi_offset 5, -12
ARM GAS  /tmp/cc1KCPzC.s 			page 121


 2598              		.cfi_offset 6, -8
 2599              		.cfi_offset 14, -4
2224:Drivers/STM32H5xx_HAL_Driver/Src/stm32h5xx_hal_fdcan.c ****   uint8_t  *pData;
 2600              		.loc 1 2224 3 is_stmt 1 view .LVU854
2225:Drivers/STM32H5xx_HAL_Driver/Src/stm32h5xx_hal_fdcan.c ****   uint32_t ByteCounter;
 2601              		.loc 1 2225 3 view .LVU855
2226:Drivers/STM32H5xx_HAL_Driver/Src/stm32h5xx_hal_fdcan.c ****   uint32_t GetIndex = 0;
 2602              		.loc 1 2226 3 view .LVU856
2227:Drivers/STM32H5xx_HAL_Driver/Src/stm32h5xx_hal_fdcan.c ****   HAL_FDCAN_StateTypeDef state = hfdcan->State;
 2603              		.loc 1 2227 3 view .LVU857
 2604              	.LVL187:
2228:Drivers/STM32H5xx_HAL_Driver/Src/stm32h5xx_hal_fdcan.c **** 
 2605              		.loc 1 2228 3 view .LVU858
2228:Drivers/STM32H5xx_HAL_Driver/Src/stm32h5xx_hal_fdcan.c **** 
 2606              		.loc 1 2228 26 is_stmt 0 view .LVU859
 2607 0002 90F85C40 		ldrb	r4, [r0, #92]	@ zero_extendqisi2
 2608 0006 E4B2     		uxtb	r4, r4
 2609              	.LVL188:
2231:Drivers/STM32H5xx_HAL_Driver/Src/stm32h5xx_hal_fdcan.c **** 
 2610              		.loc 1 2231 3 is_stmt 1 view .LVU860
2233:Drivers/STM32H5xx_HAL_Driver/Src/stm32h5xx_hal_fdcan.c ****   {
 2611              		.loc 1 2233 3 view .LVU861
2233:Drivers/STM32H5xx_HAL_Driver/Src/stm32h5xx_hal_fdcan.c ****   {
 2612              		.loc 1 2233 6 is_stmt 0 view .LVU862
 2613 0008 022C     		cmp	r4, #2
 2614 000a 40F09580 		bne	.L194
2235:Drivers/STM32H5xx_HAL_Driver/Src/stm32h5xx_hal_fdcan.c ****     {
 2615              		.loc 1 2235 5 is_stmt 1 view .LVU863
2235:Drivers/STM32H5xx_HAL_Driver/Src/stm32h5xx_hal_fdcan.c ****     {
 2616              		.loc 1 2235 8 is_stmt 0 view .LVU864
 2617 000e 4029     		cmp	r1, #64
 2618 0010 0BD0     		beq	.L211
2267:Drivers/STM32H5xx_HAL_Driver/Src/stm32h5xx_hal_fdcan.c ****       {
 2619              		.loc 1 2267 7 is_stmt 1 view .LVU865
2267:Drivers/STM32H5xx_HAL_Driver/Src/stm32h5xx_hal_fdcan.c ****       {
 2620              		.loc 1 2267 18 is_stmt 0 view .LVU866
 2621 0012 0468     		ldr	r4, [r0]
 2622              	.LVL189:
2267:Drivers/STM32H5xx_HAL_Driver/Src/stm32h5xx_hal_fdcan.c ****       {
 2623              		.loc 1 2267 28 view .LVU867
 2624 0014 D4F89850 		ldr	r5, [r4, #152]
2267:Drivers/STM32H5xx_HAL_Driver/Src/stm32h5xx_hal_fdcan.c ****       {
 2625              		.loc 1 2267 10 view .LVU868
 2626 0018 15F00F0F 		tst	r5, #15
 2627 001c 27D1     		bne	.L200
2270:Drivers/STM32H5xx_HAL_Driver/Src/stm32h5xx_hal_fdcan.c **** 
 2628              		.loc 1 2270 9 is_stmt 1 view .LVU869
2270:Drivers/STM32H5xx_HAL_Driver/Src/stm32h5xx_hal_fdcan.c **** 
 2629              		.loc 1 2270 15 is_stmt 0 view .LVU870
 2630 001e 036E     		ldr	r3, [r0, #96]
 2631              	.LVL190:
2270:Drivers/STM32H5xx_HAL_Driver/Src/stm32h5xx_hal_fdcan.c **** 
 2632              		.loc 1 2270 27 view .LVU871
 2633 0020 43F48073 		orr	r3, r3, #256
 2634 0024 0366     		str	r3, [r0, #96]
2272:Drivers/STM32H5xx_HAL_Driver/Src/stm32h5xx_hal_fdcan.c ****       }
 2635              		.loc 1 2272 9 is_stmt 1 view .LVU872
ARM GAS  /tmp/cc1KCPzC.s 			page 122


2272:Drivers/STM32H5xx_HAL_Driver/Src/stm32h5xx_hal_fdcan.c ****       }
 2636              		.loc 1 2272 16 is_stmt 0 view .LVU873
 2637 0026 0120     		movs	r0, #1
 2638              	.LVL191:
2272:Drivers/STM32H5xx_HAL_Driver/Src/stm32h5xx_hal_fdcan.c ****       }
 2639              		.loc 1 2272 16 view .LVU874
 2640 0028 8BE0     		b	.L197
 2641              	.LVL192:
 2642              	.L211:
2238:Drivers/STM32H5xx_HAL_Driver/Src/stm32h5xx_hal_fdcan.c ****       {
 2643              		.loc 1 2238 7 is_stmt 1 view .LVU875
2238:Drivers/STM32H5xx_HAL_Driver/Src/stm32h5xx_hal_fdcan.c ****       {
 2644              		.loc 1 2238 18 is_stmt 0 view .LVU876
 2645 002a 0468     		ldr	r4, [r0]
 2646              	.LVL193:
2238:Drivers/STM32H5xx_HAL_Driver/Src/stm32h5xx_hal_fdcan.c ****       {
 2647              		.loc 1 2238 28 view .LVU877
 2648 002c D4F89050 		ldr	r5, [r4, #144]
2238:Drivers/STM32H5xx_HAL_Driver/Src/stm32h5xx_hal_fdcan.c ****       {
 2649              		.loc 1 2238 10 view .LVU878
 2650 0030 15F00F0F 		tst	r5, #15
 2651 0034 05D1     		bne	.L196
2241:Drivers/STM32H5xx_HAL_Driver/Src/stm32h5xx_hal_fdcan.c **** 
 2652              		.loc 1 2241 9 is_stmt 1 view .LVU879
2241:Drivers/STM32H5xx_HAL_Driver/Src/stm32h5xx_hal_fdcan.c **** 
 2653              		.loc 1 2241 15 is_stmt 0 view .LVU880
 2654 0036 036E     		ldr	r3, [r0, #96]
 2655              	.LVL194:
2241:Drivers/STM32H5xx_HAL_Driver/Src/stm32h5xx_hal_fdcan.c **** 
 2656              		.loc 1 2241 27 view .LVU881
 2657 0038 43F48073 		orr	r3, r3, #256
 2658 003c 0366     		str	r3, [r0, #96]
2243:Drivers/STM32H5xx_HAL_Driver/Src/stm32h5xx_hal_fdcan.c ****       }
 2659              		.loc 1 2243 9 is_stmt 1 view .LVU882
2243:Drivers/STM32H5xx_HAL_Driver/Src/stm32h5xx_hal_fdcan.c ****       }
 2660              		.loc 1 2243 16 is_stmt 0 view .LVU883
 2661 003e 0120     		movs	r0, #1
 2662              	.LVL195:
2243:Drivers/STM32H5xx_HAL_Driver/Src/stm32h5xx_hal_fdcan.c ****       }
 2663              		.loc 1 2243 16 view .LVU884
 2664 0040 7FE0     		b	.L197
 2665              	.LVL196:
 2666              	.L196:
2248:Drivers/STM32H5xx_HAL_Driver/Src/stm32h5xx_hal_fdcan.c ****         {
 2667              		.loc 1 2248 9 is_stmt 1 view .LVU885
2248:Drivers/STM32H5xx_HAL_Driver/Src/stm32h5xx_hal_fdcan.c ****         {
 2668              		.loc 1 2248 31 is_stmt 0 view .LVU886
 2669 0042 D4F89060 		ldr	r6, [r4, #144]
2248:Drivers/STM32H5xx_HAL_Driver/Src/stm32h5xx_hal_fdcan.c ****         {
 2670              		.loc 1 2248 12 view .LVU887
 2671 0046 16F08076 		ands	r6, r6, #16777216
 2672 004a 05D0     		beq	.L198
2250:Drivers/STM32H5xx_HAL_Driver/Src/stm32h5xx_hal_fdcan.c ****           {
 2673              		.loc 1 2250 11 is_stmt 1 view .LVU888
2250:Drivers/STM32H5xx_HAL_Driver/Src/stm32h5xx_hal_fdcan.c ****           {
 2674              		.loc 1 2250 33 is_stmt 0 view .LVU889
 2675 004c D4F88060 		ldr	r6, [r4, #128]
ARM GAS  /tmp/cc1KCPzC.s 			page 123


2250:Drivers/STM32H5xx_HAL_Driver/Src/stm32h5xx_hal_fdcan.c ****           {
 2676              		.loc 1 2250 14 view .LVU890
 2677 0050 16F40076 		ands	r6, r6, #512
 2678 0054 00D0     		beq	.L198
2253:Drivers/STM32H5xx_HAL_Driver/Src/stm32h5xx_hal_fdcan.c ****           }
 2679              		.loc 1 2253 22 view .LVU891
 2680 0056 0126     		movs	r6, #1
 2681              	.L198:
 2682              	.LVL197:
2258:Drivers/STM32H5xx_HAL_Driver/Src/stm32h5xx_hal_fdcan.c **** 
 2683              		.loc 1 2258 9 is_stmt 1 view .LVU892
2258:Drivers/STM32H5xx_HAL_Driver/Src/stm32h5xx_hal_fdcan.c **** 
 2684              		.loc 1 2258 39 is_stmt 0 view .LVU893
 2685 0058 D4F89040 		ldr	r4, [r4, #144]
2258:Drivers/STM32H5xx_HAL_Driver/Src/stm32h5xx_hal_fdcan.c **** 
 2686              		.loc 1 2258 67 view .LVU894
 2687 005c C4F30124 		ubfx	r4, r4, #8, #2
2258:Drivers/STM32H5xx_HAL_Driver/Src/stm32h5xx_hal_fdcan.c **** 
 2688              		.loc 1 2258 18 view .LVU895
 2689 0060 2644     		add	r6, r6, r4
 2690              	.LVL198:
2261:Drivers/STM32H5xx_HAL_Driver/Src/stm32h5xx_hal_fdcan.c ****       }
 2691              		.loc 1 2261 9 is_stmt 1 view .LVU896
2261:Drivers/STM32H5xx_HAL_Driver/Src/stm32h5xx_hal_fdcan.c ****       }
 2692              		.loc 1 2261 48 is_stmt 0 view .LVU897
 2693 0062 846C     		ldr	r4, [r0, #72]
2261:Drivers/STM32H5xx_HAL_Driver/Src/stm32h5xx_hal_fdcan.c ****       }
 2694              		.loc 1 2261 71 view .LVU898
 2695 0064 06EBC605 		add	r5, r6, r6, lsl #3
2261:Drivers/STM32H5xx_HAL_Driver/Src/stm32h5xx_hal_fdcan.c ****       }
 2696              		.loc 1 2261 59 view .LVU899
 2697 0068 04EBC50E 		add	lr, r4, r5, lsl #3
 2698              	.LVL199:
2261:Drivers/STM32H5xx_HAL_Driver/Src/stm32h5xx_hal_fdcan.c ****       }
 2699              		.loc 1 2261 59 view .LVU900
 2700 006c 14E0     		b	.L199
 2701              	.LVL200:
 2702              	.L200:
2277:Drivers/STM32H5xx_HAL_Driver/Src/stm32h5xx_hal_fdcan.c ****         {
 2703              		.loc 1 2277 9 is_stmt 1 view .LVU901
2277:Drivers/STM32H5xx_HAL_Driver/Src/stm32h5xx_hal_fdcan.c ****         {
 2704              		.loc 1 2277 31 is_stmt 0 view .LVU902
 2705 006e D4F89860 		ldr	r6, [r4, #152]
2277:Drivers/STM32H5xx_HAL_Driver/Src/stm32h5xx_hal_fdcan.c ****         {
 2706              		.loc 1 2277 12 view .LVU903
 2707 0072 16F08076 		ands	r6, r6, #16777216
 2708 0076 05D0     		beq	.L201
2279:Drivers/STM32H5xx_HAL_Driver/Src/stm32h5xx_hal_fdcan.c ****           {
 2709              		.loc 1 2279 11 is_stmt 1 view .LVU904
2279:Drivers/STM32H5xx_HAL_Driver/Src/stm32h5xx_hal_fdcan.c ****           {
 2710              		.loc 1 2279 33 is_stmt 0 view .LVU905
 2711 0078 D4F88060 		ldr	r6, [r4, #128]
2279:Drivers/STM32H5xx_HAL_Driver/Src/stm32h5xx_hal_fdcan.c ****           {
 2712              		.loc 1 2279 14 view .LVU906
 2713 007c 16F48076 		ands	r6, r6, #256
 2714 0080 00D0     		beq	.L201
2282:Drivers/STM32H5xx_HAL_Driver/Src/stm32h5xx_hal_fdcan.c ****           }
ARM GAS  /tmp/cc1KCPzC.s 			page 124


 2715              		.loc 1 2282 22 view .LVU907
 2716 0082 0126     		movs	r6, #1
 2717              	.L201:
 2718              	.LVL201:
2287:Drivers/STM32H5xx_HAL_Driver/Src/stm32h5xx_hal_fdcan.c ****         /* Calculate Rx FIFO 1 element address */
 2719              		.loc 1 2287 9 is_stmt 1 view .LVU908
2287:Drivers/STM32H5xx_HAL_Driver/Src/stm32h5xx_hal_fdcan.c ****         /* Calculate Rx FIFO 1 element address */
 2720              		.loc 1 2287 39 is_stmt 0 view .LVU909
 2721 0084 D4F89840 		ldr	r4, [r4, #152]
2287:Drivers/STM32H5xx_HAL_Driver/Src/stm32h5xx_hal_fdcan.c ****         /* Calculate Rx FIFO 1 element address */
 2722              		.loc 1 2287 67 view .LVU910
 2723 0088 C4F30124 		ubfx	r4, r4, #8, #2
2287:Drivers/STM32H5xx_HAL_Driver/Src/stm32h5xx_hal_fdcan.c ****         /* Calculate Rx FIFO 1 element address */
 2724              		.loc 1 2287 18 view .LVU911
 2725 008c 2644     		add	r6, r6, r4
 2726              	.LVL202:
2289:Drivers/STM32H5xx_HAL_Driver/Src/stm32h5xx_hal_fdcan.c ****       }
 2727              		.loc 1 2289 9 is_stmt 1 view .LVU912
2289:Drivers/STM32H5xx_HAL_Driver/Src/stm32h5xx_hal_fdcan.c ****       }
 2728              		.loc 1 2289 48 is_stmt 0 view .LVU913
 2729 008e C46C     		ldr	r4, [r0, #76]
2289:Drivers/STM32H5xx_HAL_Driver/Src/stm32h5xx_hal_fdcan.c ****       }
 2730              		.loc 1 2289 71 view .LVU914
 2731 0090 06EBC605 		add	r5, r6, r6, lsl #3
2289:Drivers/STM32H5xx_HAL_Driver/Src/stm32h5xx_hal_fdcan.c ****       }
 2732              		.loc 1 2289 59 view .LVU915
 2733 0094 04EBC50E 		add	lr, r4, r5, lsl #3
 2734              	.LVL203:
 2735              	.L199:
2294:Drivers/STM32H5xx_HAL_Driver/Src/stm32h5xx_hal_fdcan.c **** 
 2736              		.loc 1 2294 5 is_stmt 1 view .LVU916
2294:Drivers/STM32H5xx_HAL_Driver/Src/stm32h5xx_hal_fdcan.c **** 
 2737              		.loc 1 2294 25 is_stmt 0 view .LVU917
 2738 0098 DEF80040 		ldr	r4, [lr]
2294:Drivers/STM32H5xx_HAL_Driver/Src/stm32h5xx_hal_fdcan.c **** 
 2739              		.loc 1 2294 36 view .LVU918
 2740 009c 04F08044 		and	r4, r4, #1073741824
2294:Drivers/STM32H5xx_HAL_Driver/Src/stm32h5xx_hal_fdcan.c **** 
 2741              		.loc 1 2294 23 view .LVU919
 2742 00a0 5460     		str	r4, [r2, #4]
2297:Drivers/STM32H5xx_HAL_Driver/Src/stm32h5xx_hal_fdcan.c ****     {
 2743              		.loc 1 2297 5 is_stmt 1 view .LVU920
2297:Drivers/STM32H5xx_HAL_Driver/Src/stm32h5xx_hal_fdcan.c ****     {
 2744              		.loc 1 2297 8 is_stmt 0 view .LVU921
 2745 00a2 64BB     		cbnz	r4, .L202
2299:Drivers/STM32H5xx_HAL_Driver/Src/stm32h5xx_hal_fdcan.c ****     }
 2746              		.loc 1 2299 7 is_stmt 1 view .LVU922
2299:Drivers/STM32H5xx_HAL_Driver/Src/stm32h5xx_hal_fdcan.c ****     }
 2747              		.loc 1 2299 33 is_stmt 0 view .LVU923
 2748 00a4 DEF80040 		ldr	r4, [lr]
2299:Drivers/STM32H5xx_HAL_Driver/Src/stm32h5xx_hal_fdcan.c ****     }
 2749              		.loc 1 2299 72 view .LVU924
 2750 00a8 C4F38A44 		ubfx	r4, r4, #18, #11
2299:Drivers/STM32H5xx_HAL_Driver/Src/stm32h5xx_hal_fdcan.c ****     }
 2751              		.loc 1 2299 29 view .LVU925
 2752 00ac 1460     		str	r4, [r2]
 2753              	.L203:
ARM GAS  /tmp/cc1KCPzC.s 			page 125


2307:Drivers/STM32H5xx_HAL_Driver/Src/stm32h5xx_hal_fdcan.c **** 
 2754              		.loc 1 2307 5 is_stmt 1 view .LVU926
2307:Drivers/STM32H5xx_HAL_Driver/Src/stm32h5xx_hal_fdcan.c **** 
 2755              		.loc 1 2307 31 is_stmt 0 view .LVU927
 2756 00ae DEF80040 		ldr	r4, [lr]
2307:Drivers/STM32H5xx_HAL_Driver/Src/stm32h5xx_hal_fdcan.c **** 
 2757              		.loc 1 2307 42 view .LVU928
 2758 00b2 04F00054 		and	r4, r4, #536870912
2307:Drivers/STM32H5xx_HAL_Driver/Src/stm32h5xx_hal_fdcan.c **** 
 2759              		.loc 1 2307 28 view .LVU929
 2760 00b6 9460     		str	r4, [r2, #8]
2310:Drivers/STM32H5xx_HAL_Driver/Src/stm32h5xx_hal_fdcan.c **** 
 2761              		.loc 1 2310 5 is_stmt 1 view .LVU930
2310:Drivers/STM32H5xx_HAL_Driver/Src/stm32h5xx_hal_fdcan.c **** 
 2762              		.loc 1 2310 39 is_stmt 0 view .LVU931
 2763 00b8 DEF80040 		ldr	r4, [lr]
2310:Drivers/STM32H5xx_HAL_Driver/Src/stm32h5xx_hal_fdcan.c **** 
 2764              		.loc 1 2310 50 view .LVU932
 2765 00bc 04F00044 		and	r4, r4, #-2147483648
2310:Drivers/STM32H5xx_HAL_Driver/Src/stm32h5xx_hal_fdcan.c **** 
 2766              		.loc 1 2310 36 view .LVU933
 2767 00c0 1461     		str	r4, [r2, #16]
2313:Drivers/STM32H5xx_HAL_Driver/Src/stm32h5xx_hal_fdcan.c **** 
 2768              		.loc 1 2313 5 is_stmt 1 view .LVU934
 2769              	.LVL204:
2316:Drivers/STM32H5xx_HAL_Driver/Src/stm32h5xx_hal_fdcan.c **** 
 2770              		.loc 1 2316 5 view .LVU935
2316:Drivers/STM32H5xx_HAL_Driver/Src/stm32h5xx_hal_fdcan.c **** 
 2771              		.loc 1 2316 42 is_stmt 0 view .LVU936
 2772 00c2 BEF80440 		ldrh	r4, [lr, #4]
2316:Drivers/STM32H5xx_HAL_Driver/Src/stm32h5xx_hal_fdcan.c **** 
 2773              		.loc 1 2316 28 view .LVU937
 2774 00c6 D461     		str	r4, [r2, #28]
2319:Drivers/STM32H5xx_HAL_Driver/Src/stm32h5xx_hal_fdcan.c **** 
 2775              		.loc 1 2319 5 is_stmt 1 view .LVU938
2319:Drivers/STM32H5xx_HAL_Driver/Src/stm32h5xx_hal_fdcan.c **** 
 2776              		.loc 1 2319 68 is_stmt 0 view .LVU939
 2777 00c8 BEF80640 		ldrh	r4, [lr, #6]
 2778 00cc 04F00F04 		and	r4, r4, #15
2319:Drivers/STM32H5xx_HAL_Driver/Src/stm32h5xx_hal_fdcan.c **** 
 2779              		.loc 1 2319 27 view .LVU940
 2780 00d0 D460     		str	r4, [r2, #12]
2322:Drivers/STM32H5xx_HAL_Driver/Src/stm32h5xx_hal_fdcan.c **** 
 2781              		.loc 1 2322 5 is_stmt 1 view .LVU941
2322:Drivers/STM32H5xx_HAL_Driver/Src/stm32h5xx_hal_fdcan.c **** 
 2782              		.loc 1 2322 33 is_stmt 0 view .LVU942
 2783 00d2 DEF80440 		ldr	r4, [lr, #4]
2322:Drivers/STM32H5xx_HAL_Driver/Src/stm32h5xx_hal_fdcan.c **** 
 2784              		.loc 1 2322 44 view .LVU943
 2785 00d6 04F48014 		and	r4, r4, #1048576
2322:Drivers/STM32H5xx_HAL_Driver/Src/stm32h5xx_hal_fdcan.c **** 
 2786              		.loc 1 2322 30 view .LVU944
 2787 00da 5461     		str	r4, [r2, #20]
2325:Drivers/STM32H5xx_HAL_Driver/Src/stm32h5xx_hal_fdcan.c **** 
 2788              		.loc 1 2325 5 is_stmt 1 view .LVU945
2325:Drivers/STM32H5xx_HAL_Driver/Src/stm32h5xx_hal_fdcan.c **** 
 2789              		.loc 1 2325 28 is_stmt 0 view .LVU946
ARM GAS  /tmp/cc1KCPzC.s 			page 126


 2790 00dc DEF80440 		ldr	r4, [lr, #4]
2325:Drivers/STM32H5xx_HAL_Driver/Src/stm32h5xx_hal_fdcan.c **** 
 2791              		.loc 1 2325 39 view .LVU947
 2792 00e0 04F40014 		and	r4, r4, #2097152
2325:Drivers/STM32H5xx_HAL_Driver/Src/stm32h5xx_hal_fdcan.c **** 
 2793              		.loc 1 2325 25 view .LVU948
 2794 00e4 9461     		str	r4, [r2, #24]
2328:Drivers/STM32H5xx_HAL_Driver/Src/stm32h5xx_hal_fdcan.c **** 
 2795              		.loc 1 2328 5 is_stmt 1 view .LVU949
2328:Drivers/STM32H5xx_HAL_Driver/Src/stm32h5xx_hal_fdcan.c **** 
 2796              		.loc 1 2328 70 is_stmt 0 view .LVU950
 2797 00e6 9EF80740 		ldrb	r4, [lr, #7]	@ zero_extendqisi2
 2798 00ea 04F07F04 		and	r4, r4, #127
2328:Drivers/STM32H5xx_HAL_Driver/Src/stm32h5xx_hal_fdcan.c **** 
 2799              		.loc 1 2328 28 view .LVU951
 2800 00ee 1462     		str	r4, [r2, #32]
2331:Drivers/STM32H5xx_HAL_Driver/Src/stm32h5xx_hal_fdcan.c **** 
 2801              		.loc 1 2331 5 is_stmt 1 view .LVU952
2331:Drivers/STM32H5xx_HAL_Driver/Src/stm32h5xx_hal_fdcan.c **** 
 2802              		.loc 1 2331 42 is_stmt 0 view .LVU953
 2803 00f0 DEF80440 		ldr	r4, [lr, #4]
2331:Drivers/STM32H5xx_HAL_Driver/Src/stm32h5xx_hal_fdcan.c **** 
 2804              		.loc 1 2331 80 view .LVU954
 2805 00f4 E40F     		lsrs	r4, r4, #31
2331:Drivers/STM32H5xx_HAL_Driver/Src/stm32h5xx_hal_fdcan.c **** 
 2806              		.loc 1 2331 38 view .LVU955
 2807 00f6 5462     		str	r4, [r2, #36]
2334:Drivers/STM32H5xx_HAL_Driver/Src/stm32h5xx_hal_fdcan.c **** 
 2808              		.loc 1 2334 5 is_stmt 1 view .LVU956
 2809              	.LVL205:
2337:Drivers/STM32H5xx_HAL_Driver/Src/stm32h5xx_hal_fdcan.c ****     for (ByteCounter = 0; ByteCounter < DLCtoBytes[pRxHeader->DataLength]; ByteCounter++)
 2810              		.loc 1 2337 5 view .LVU957
2338:Drivers/STM32H5xx_HAL_Driver/Src/stm32h5xx_hal_fdcan.c ****     {
 2811              		.loc 1 2338 5 view .LVU958
2338:Drivers/STM32H5xx_HAL_Driver/Src/stm32h5xx_hal_fdcan.c ****     {
 2812              		.loc 1 2338 22 is_stmt 0 view .LVU959
 2813 00f8 4FF0000C 		mov	ip, #0
2338:Drivers/STM32H5xx_HAL_Driver/Src/stm32h5xx_hal_fdcan.c ****     {
 2814              		.loc 1 2338 5 view .LVU960
 2815 00fc 0CE0     		b	.L204
 2816              	.LVL206:
 2817              	.L202:
2303:Drivers/STM32H5xx_HAL_Driver/Src/stm32h5xx_hal_fdcan.c ****     }
 2818              		.loc 1 2303 7 is_stmt 1 view .LVU961
2303:Drivers/STM32H5xx_HAL_Driver/Src/stm32h5xx_hal_fdcan.c ****     }
 2819              		.loc 1 2303 32 is_stmt 0 view .LVU962
 2820 00fe DEF80040 		ldr	r4, [lr]
2303:Drivers/STM32H5xx_HAL_Driver/Src/stm32h5xx_hal_fdcan.c ****     }
 2821              		.loc 1 2303 43 view .LVU963
 2822 0102 24F06044 		bic	r4, r4, #-536870912
2303:Drivers/STM32H5xx_HAL_Driver/Src/stm32h5xx_hal_fdcan.c ****     }
 2823              		.loc 1 2303 29 view .LVU964
 2824 0106 1460     		str	r4, [r2]
 2825 0108 D1E7     		b	.L203
 2826              	.LVL207:
 2827              	.L205:
2340:Drivers/STM32H5xx_HAL_Driver/Src/stm32h5xx_hal_fdcan.c ****     }
ARM GAS  /tmp/cc1KCPzC.s 			page 127


 2828              		.loc 1 2340 7 is_stmt 1 view .LVU965
2340:Drivers/STM32H5xx_HAL_Driver/Src/stm32h5xx_hal_fdcan.c ****     }
 2829              		.loc 1 2340 35 is_stmt 0 view .LVU966
 2830 010a 0EEB0C04 		add	r4, lr, ip
 2831 010e 247A     		ldrb	r4, [r4, #8]	@ zero_extendqisi2
2340:Drivers/STM32H5xx_HAL_Driver/Src/stm32h5xx_hal_fdcan.c ****     }
 2832              		.loc 1 2340 28 view .LVU967
 2833 0110 03F80C40 		strb	r4, [r3, ip]
2338:Drivers/STM32H5xx_HAL_Driver/Src/stm32h5xx_hal_fdcan.c ****     {
 2834              		.loc 1 2338 87 is_stmt 1 discriminator 3 view .LVU968
 2835 0114 0CF1010C 		add	ip, ip, #1
 2836              	.LVL208:
 2837              	.L204:
2338:Drivers/STM32H5xx_HAL_Driver/Src/stm32h5xx_hal_fdcan.c ****     {
 2838              		.loc 1 2338 39 discriminator 1 view .LVU969
2338:Drivers/STM32H5xx_HAL_Driver/Src/stm32h5xx_hal_fdcan.c ****     {
 2839              		.loc 1 2338 61 is_stmt 0 discriminator 1 view .LVU970
 2840 0118 D468     		ldr	r4, [r2, #12]
2338:Drivers/STM32H5xx_HAL_Driver/Src/stm32h5xx_hal_fdcan.c ****     {
 2841              		.loc 1 2338 51 discriminator 1 view .LVU971
 2842 011a 0A4D     		ldr	r5, .L213
 2843 011c 2C5D     		ldrb	r4, [r5, r4]	@ zero_extendqisi2
2338:Drivers/STM32H5xx_HAL_Driver/Src/stm32h5xx_hal_fdcan.c ****     {
 2844              		.loc 1 2338 39 discriminator 1 view .LVU972
 2845 011e 6445     		cmp	r4, ip
 2846 0120 F3D8     		bhi	.L205
2343:Drivers/STM32H5xx_HAL_Driver/Src/stm32h5xx_hal_fdcan.c ****     {
 2847              		.loc 1 2343 5 is_stmt 1 view .LVU973
2343:Drivers/STM32H5xx_HAL_Driver/Src/stm32h5xx_hal_fdcan.c ****     {
 2848              		.loc 1 2343 8 is_stmt 0 view .LVU974
 2849 0122 4029     		cmp	r1, #64
 2850 0124 04D0     		beq	.L212
2351:Drivers/STM32H5xx_HAL_Driver/Src/stm32h5xx_hal_fdcan.c ****     }
 2851              		.loc 1 2351 7 is_stmt 1 view .LVU975
2351:Drivers/STM32H5xx_HAL_Driver/Src/stm32h5xx_hal_fdcan.c ****     }
 2852              		.loc 1 2351 13 is_stmt 0 view .LVU976
 2853 0126 0368     		ldr	r3, [r0]
 2854              	.LVL209:
2351:Drivers/STM32H5xx_HAL_Driver/Src/stm32h5xx_hal_fdcan.c ****     }
 2855              		.loc 1 2351 31 view .LVU977
 2856 0128 C3F89C60 		str	r6, [r3, #156]
 2857              	.L207:
2355:Drivers/STM32H5xx_HAL_Driver/Src/stm32h5xx_hal_fdcan.c ****   }
 2858              		.loc 1 2355 5 is_stmt 1 view .LVU978
2355:Drivers/STM32H5xx_HAL_Driver/Src/stm32h5xx_hal_fdcan.c ****   }
 2859              		.loc 1 2355 12 is_stmt 0 view .LVU979
 2860 012c 0020     		movs	r0, #0
 2861              	.LVL210:
2355:Drivers/STM32H5xx_HAL_Driver/Src/stm32h5xx_hal_fdcan.c ****   }
 2862              		.loc 1 2355 12 view .LVU980
 2863 012e 08E0     		b	.L197
 2864              	.LVL211:
 2865              	.L212:
2346:Drivers/STM32H5xx_HAL_Driver/Src/stm32h5xx_hal_fdcan.c ****     }
 2866              		.loc 1 2346 7 is_stmt 1 view .LVU981
2346:Drivers/STM32H5xx_HAL_Driver/Src/stm32h5xx_hal_fdcan.c ****     }
 2867              		.loc 1 2346 13 is_stmt 0 view .LVU982
ARM GAS  /tmp/cc1KCPzC.s 			page 128


 2868 0130 0368     		ldr	r3, [r0]
 2869              	.LVL212:
2346:Drivers/STM32H5xx_HAL_Driver/Src/stm32h5xx_hal_fdcan.c ****     }
 2870              		.loc 1 2346 31 view .LVU983
 2871 0132 C3F89460 		str	r6, [r3, #148]
 2872 0136 F9E7     		b	.L207
 2873              	.LVL213:
 2874              	.L194:
2360:Drivers/STM32H5xx_HAL_Driver/Src/stm32h5xx_hal_fdcan.c **** 
 2875              		.loc 1 2360 5 is_stmt 1 view .LVU984
2360:Drivers/STM32H5xx_HAL_Driver/Src/stm32h5xx_hal_fdcan.c **** 
 2876              		.loc 1 2360 11 is_stmt 0 view .LVU985
 2877 0138 036E     		ldr	r3, [r0, #96]
 2878              	.LVL214:
2360:Drivers/STM32H5xx_HAL_Driver/Src/stm32h5xx_hal_fdcan.c **** 
 2879              		.loc 1 2360 23 view .LVU986
 2880 013a 43F00803 		orr	r3, r3, #8
 2881 013e 0366     		str	r3, [r0, #96]
2362:Drivers/STM32H5xx_HAL_Driver/Src/stm32h5xx_hal_fdcan.c ****   }
 2882              		.loc 1 2362 5 is_stmt 1 view .LVU987
2362:Drivers/STM32H5xx_HAL_Driver/Src/stm32h5xx_hal_fdcan.c ****   }
 2883              		.loc 1 2362 12 is_stmt 0 view .LVU988
 2884 0140 0120     		movs	r0, #1
 2885              	.LVL215:
 2886              	.L197:
2364:Drivers/STM32H5xx_HAL_Driver/Src/stm32h5xx_hal_fdcan.c **** 
 2887              		.loc 1 2364 1 view .LVU989
 2888 0142 70BD     		pop	{r4, r5, r6, pc}
 2889              	.L214:
 2890              		.align	2
 2891              	.L213:
 2892 0144 00000000 		.word	DLCtoBytes
 2893              		.cfi_endproc
 2894              	.LFE190:
 2896              		.section	.text.HAL_FDCAN_GetTxEvent,"ax",%progbits
 2897              		.align	1
 2898              		.global	HAL_FDCAN_GetTxEvent
 2899              		.syntax unified
 2900              		.thumb
 2901              		.thumb_func
 2903              	HAL_FDCAN_GetTxEvent:
 2904              	.LVL216:
 2905              	.LFB191:
2374:Drivers/STM32H5xx_HAL_Driver/Src/stm32h5xx_hal_fdcan.c ****   uint32_t *TxEventAddress;
 2906              		.loc 1 2374 1 is_stmt 1 view -0
 2907              		.cfi_startproc
 2908              		@ args = 0, pretend = 0, frame = 0
 2909              		@ frame_needed = 0, uses_anonymous_args = 0
 2910              		@ link register save eliminated.
2375:Drivers/STM32H5xx_HAL_Driver/Src/stm32h5xx_hal_fdcan.c ****   uint32_t GetIndex;
 2911              		.loc 1 2375 3 view .LVU991
2376:Drivers/STM32H5xx_HAL_Driver/Src/stm32h5xx_hal_fdcan.c ****   HAL_FDCAN_StateTypeDef state = hfdcan->State;
 2912              		.loc 1 2376 3 view .LVU992
2377:Drivers/STM32H5xx_HAL_Driver/Src/stm32h5xx_hal_fdcan.c **** 
 2913              		.loc 1 2377 3 view .LVU993
2377:Drivers/STM32H5xx_HAL_Driver/Src/stm32h5xx_hal_fdcan.c **** 
 2914              		.loc 1 2377 26 is_stmt 0 view .LVU994
ARM GAS  /tmp/cc1KCPzC.s 			page 129


 2915 0000 90F85C30 		ldrb	r3, [r0, #92]	@ zero_extendqisi2
 2916 0004 DBB2     		uxtb	r3, r3
 2917              	.LVL217:
2379:Drivers/STM32H5xx_HAL_Driver/Src/stm32h5xx_hal_fdcan.c ****   {
 2918              		.loc 1 2379 3 is_stmt 1 view .LVU995
2379:Drivers/STM32H5xx_HAL_Driver/Src/stm32h5xx_hal_fdcan.c ****   {
 2919              		.loc 1 2379 6 is_stmt 0 view .LVU996
 2920 0006 022B     		cmp	r3, #2
 2921 0008 48D1     		bne	.L216
2382:Drivers/STM32H5xx_HAL_Driver/Src/stm32h5xx_hal_fdcan.c ****     {
 2922              		.loc 1 2382 5 is_stmt 1 view .LVU997
2382:Drivers/STM32H5xx_HAL_Driver/Src/stm32h5xx_hal_fdcan.c ****     {
 2923              		.loc 1 2382 16 is_stmt 0 view .LVU998
 2924 000a 0368     		ldr	r3, [r0]
 2925              	.LVL218:
2382:Drivers/STM32H5xx_HAL_Driver/Src/stm32h5xx_hal_fdcan.c ****     {
 2926              		.loc 1 2382 26 view .LVU999
 2927 000c D3F8E420 		ldr	r2, [r3, #228]
2382:Drivers/STM32H5xx_HAL_Driver/Src/stm32h5xx_hal_fdcan.c ****     {
 2928              		.loc 1 2382 8 view .LVU1000
 2929 0010 12F0070F 		tst	r2, #7
 2930 0014 05D1     		bne	.L217
2385:Drivers/STM32H5xx_HAL_Driver/Src/stm32h5xx_hal_fdcan.c **** 
 2931              		.loc 1 2385 7 is_stmt 1 view .LVU1001
2385:Drivers/STM32H5xx_HAL_Driver/Src/stm32h5xx_hal_fdcan.c **** 
 2932              		.loc 1 2385 13 is_stmt 0 view .LVU1002
 2933 0016 036E     		ldr	r3, [r0, #96]
2385:Drivers/STM32H5xx_HAL_Driver/Src/stm32h5xx_hal_fdcan.c **** 
 2934              		.loc 1 2385 25 view .LVU1003
 2935 0018 43F48073 		orr	r3, r3, #256
 2936 001c 0366     		str	r3, [r0, #96]
2387:Drivers/STM32H5xx_HAL_Driver/Src/stm32h5xx_hal_fdcan.c ****     }
 2937              		.loc 1 2387 7 is_stmt 1 view .LVU1004
2387:Drivers/STM32H5xx_HAL_Driver/Src/stm32h5xx_hal_fdcan.c ****     }
 2938              		.loc 1 2387 14 is_stmt 0 view .LVU1005
 2939 001e 0120     		movs	r0, #1
 2940              	.LVL219:
2387:Drivers/STM32H5xx_HAL_Driver/Src/stm32h5xx_hal_fdcan.c ****     }
 2941              		.loc 1 2387 14 view .LVU1006
 2942 0020 7047     		bx	lr
 2943              	.LVL220:
 2944              	.L217:
2374:Drivers/STM32H5xx_HAL_Driver/Src/stm32h5xx_hal_fdcan.c ****   uint32_t *TxEventAddress;
 2945              		.loc 1 2374 1 view .LVU1007
 2946 0022 30B4     		push	{r4, r5}
 2947              	.LCFI15:
 2948              		.cfi_def_cfa_offset 8
 2949              		.cfi_offset 4, -8
 2950              		.cfi_offset 5, -4
2391:Drivers/STM32H5xx_HAL_Driver/Src/stm32h5xx_hal_fdcan.c ****     TxEventAddress = (uint32_t *)(hfdcan->msgRam.TxEventFIFOSA + (GetIndex * SRAMCAN_TEF_SIZE));
 2951              		.loc 1 2391 5 is_stmt 1 view .LVU1008
2391:Drivers/STM32H5xx_HAL_Driver/Src/stm32h5xx_hal_fdcan.c ****     TxEventAddress = (uint32_t *)(hfdcan->msgRam.TxEventFIFOSA + (GetIndex * SRAMCAN_TEF_SIZE));
 2952              		.loc 1 2391 34 is_stmt 0 view .LVU1009
 2953 0024 D3F8E430 		ldr	r3, [r3, #228]
2391:Drivers/STM32H5xx_HAL_Driver/Src/stm32h5xx_hal_fdcan.c ****     TxEventAddress = (uint32_t *)(hfdcan->msgRam.TxEventFIFOSA + (GetIndex * SRAMCAN_TEF_SIZE));
 2954              		.loc 1 2391 14 view .LVU1010
 2955 0028 C3F30123 		ubfx	r3, r3, #8, #2
ARM GAS  /tmp/cc1KCPzC.s 			page 130


 2956              	.LVL221:
2392:Drivers/STM32H5xx_HAL_Driver/Src/stm32h5xx_hal_fdcan.c **** 
 2957              		.loc 1 2392 5 is_stmt 1 view .LVU1011
2392:Drivers/STM32H5xx_HAL_Driver/Src/stm32h5xx_hal_fdcan.c **** 
 2958              		.loc 1 2392 49 is_stmt 0 view .LVU1012
 2959 002c 046D     		ldr	r4, [r0, #80]
2392:Drivers/STM32H5xx_HAL_Driver/Src/stm32h5xx_hal_fdcan.c **** 
 2960              		.loc 1 2392 64 view .LVU1013
 2961 002e 04EBC302 		add	r2, r4, r3, lsl #3
 2962              	.LVL222:
2395:Drivers/STM32H5xx_HAL_Driver/Src/stm32h5xx_hal_fdcan.c **** 
 2963              		.loc 1 2395 5 is_stmt 1 view .LVU1014
2395:Drivers/STM32H5xx_HAL_Driver/Src/stm32h5xx_hal_fdcan.c **** 
 2964              		.loc 1 2395 24 is_stmt 0 view .LVU1015
 2965 0032 54F83350 		ldr	r5, [r4, r3, lsl #3]
2395:Drivers/STM32H5xx_HAL_Driver/Src/stm32h5xx_hal_fdcan.c **** 
 2966              		.loc 1 2395 40 view .LVU1016
 2967 0036 05F08045 		and	r5, r5, #1073741824
2395:Drivers/STM32H5xx_HAL_Driver/Src/stm32h5xx_hal_fdcan.c **** 
 2968              		.loc 1 2395 22 view .LVU1017
 2969 003a 4D60     		str	r5, [r1, #4]
2398:Drivers/STM32H5xx_HAL_Driver/Src/stm32h5xx_hal_fdcan.c ****     {
 2970              		.loc 1 2398 5 is_stmt 1 view .LVU1018
2398:Drivers/STM32H5xx_HAL_Driver/Src/stm32h5xx_hal_fdcan.c ****     {
 2971              		.loc 1 2398 8 is_stmt 0 view .LVU1019
 2972 003c 45BB     		cbnz	r5, .L219
2400:Drivers/STM32H5xx_HAL_Driver/Src/stm32h5xx_hal_fdcan.c ****     }
 2973              		.loc 1 2400 7 is_stmt 1 view .LVU1020
2400:Drivers/STM32H5xx_HAL_Driver/Src/stm32h5xx_hal_fdcan.c ****     }
 2974              		.loc 1 2400 32 is_stmt 0 view .LVU1021
 2975 003e 54F83350 		ldr	r5, [r4, r3, lsl #3]
2400:Drivers/STM32H5xx_HAL_Driver/Src/stm32h5xx_hal_fdcan.c ****     }
 2976              		.loc 1 2400 76 view .LVU1022
 2977 0042 C5F38A45 		ubfx	r5, r5, #18, #11
2400:Drivers/STM32H5xx_HAL_Driver/Src/stm32h5xx_hal_fdcan.c ****     }
 2978              		.loc 1 2400 28 view .LVU1023
 2979 0046 0D60     		str	r5, [r1]
 2980              	.L220:
2408:Drivers/STM32H5xx_HAL_Driver/Src/stm32h5xx_hal_fdcan.c **** 
 2981              		.loc 1 2408 5 is_stmt 1 view .LVU1024
2408:Drivers/STM32H5xx_HAL_Driver/Src/stm32h5xx_hal_fdcan.c **** 
 2982              		.loc 1 2408 30 is_stmt 0 view .LVU1025
 2983 0048 54F83350 		ldr	r5, [r4, r3, lsl #3]
2408:Drivers/STM32H5xx_HAL_Driver/Src/stm32h5xx_hal_fdcan.c **** 
 2984              		.loc 1 2408 46 view .LVU1026
 2985 004c 05F00055 		and	r5, r5, #536870912
2408:Drivers/STM32H5xx_HAL_Driver/Src/stm32h5xx_hal_fdcan.c **** 
 2986              		.loc 1 2408 27 view .LVU1027
 2987 0050 8D60     		str	r5, [r1, #8]
2411:Drivers/STM32H5xx_HAL_Driver/Src/stm32h5xx_hal_fdcan.c **** 
 2988              		.loc 1 2411 5 is_stmt 1 view .LVU1028
2411:Drivers/STM32H5xx_HAL_Driver/Src/stm32h5xx_hal_fdcan.c **** 
 2989              		.loc 1 2411 38 is_stmt 0 view .LVU1029
 2990 0052 54F83340 		ldr	r4, [r4, r3, lsl #3]
2411:Drivers/STM32H5xx_HAL_Driver/Src/stm32h5xx_hal_fdcan.c **** 
 2991              		.loc 1 2411 54 view .LVU1030
 2992 0056 04F00044 		and	r4, r4, #-2147483648
ARM GAS  /tmp/cc1KCPzC.s 			page 131


2411:Drivers/STM32H5xx_HAL_Driver/Src/stm32h5xx_hal_fdcan.c **** 
 2993              		.loc 1 2411 35 view .LVU1031
 2994 005a 0C61     		str	r4, [r1, #16]
2414:Drivers/STM32H5xx_HAL_Driver/Src/stm32h5xx_hal_fdcan.c **** 
 2995              		.loc 1 2414 5 is_stmt 1 view .LVU1032
 2996              	.LVL223:
2417:Drivers/STM32H5xx_HAL_Driver/Src/stm32h5xx_hal_fdcan.c **** 
 2997              		.loc 1 2417 5 view .LVU1033
2417:Drivers/STM32H5xx_HAL_Driver/Src/stm32h5xx_hal_fdcan.c **** 
 2998              		.loc 1 2417 46 is_stmt 0 view .LVU1034
 2999 005c 9488     		ldrh	r4, [r2, #4]
2417:Drivers/STM32H5xx_HAL_Driver/Src/stm32h5xx_hal_fdcan.c **** 
 3000              		.loc 1 2417 27 view .LVU1035
 3001 005e CC61     		str	r4, [r1, #28]
2420:Drivers/STM32H5xx_HAL_Driver/Src/stm32h5xx_hal_fdcan.c **** 
 3002              		.loc 1 2420 5 is_stmt 1 view .LVU1036
2420:Drivers/STM32H5xx_HAL_Driver/Src/stm32h5xx_hal_fdcan.c **** 
 3003              		.loc 1 2420 72 is_stmt 0 view .LVU1037
 3004 0060 D488     		ldrh	r4, [r2, #6]
 3005 0062 04F00F04 		and	r4, r4, #15
2420:Drivers/STM32H5xx_HAL_Driver/Src/stm32h5xx_hal_fdcan.c **** 
 3006              		.loc 1 2420 26 view .LVU1038
 3007 0066 CC60     		str	r4, [r1, #12]
2423:Drivers/STM32H5xx_HAL_Driver/Src/stm32h5xx_hal_fdcan.c **** 
 3008              		.loc 1 2423 5 is_stmt 1 view .LVU1039
2423:Drivers/STM32H5xx_HAL_Driver/Src/stm32h5xx_hal_fdcan.c **** 
 3009              		.loc 1 2423 32 is_stmt 0 view .LVU1040
 3010 0068 5468     		ldr	r4, [r2, #4]
2423:Drivers/STM32H5xx_HAL_Driver/Src/stm32h5xx_hal_fdcan.c **** 
 3011              		.loc 1 2423 48 view .LVU1041
 3012 006a 04F48014 		and	r4, r4, #1048576
2423:Drivers/STM32H5xx_HAL_Driver/Src/stm32h5xx_hal_fdcan.c **** 
 3013              		.loc 1 2423 29 view .LVU1042
 3014 006e 4C61     		str	r4, [r1, #20]
2426:Drivers/STM32H5xx_HAL_Driver/Src/stm32h5xx_hal_fdcan.c **** 
 3015              		.loc 1 2426 5 is_stmt 1 view .LVU1043
2426:Drivers/STM32H5xx_HAL_Driver/Src/stm32h5xx_hal_fdcan.c **** 
 3016              		.loc 1 2426 27 is_stmt 0 view .LVU1044
 3017 0070 5468     		ldr	r4, [r2, #4]
2426:Drivers/STM32H5xx_HAL_Driver/Src/stm32h5xx_hal_fdcan.c **** 
 3018              		.loc 1 2426 43 view .LVU1045
 3019 0072 04F40014 		and	r4, r4, #2097152
2426:Drivers/STM32H5xx_HAL_Driver/Src/stm32h5xx_hal_fdcan.c **** 
 3020              		.loc 1 2426 24 view .LVU1046
 3021 0076 8C61     		str	r4, [r1, #24]
2429:Drivers/STM32H5xx_HAL_Driver/Src/stm32h5xx_hal_fdcan.c **** 
 3022              		.loc 1 2429 5 is_stmt 1 view .LVU1047
2429:Drivers/STM32H5xx_HAL_Driver/Src/stm32h5xx_hal_fdcan.c **** 
 3023              		.loc 1 2429 28 is_stmt 0 view .LVU1048
 3024 0078 5468     		ldr	r4, [r2, #4]
2429:Drivers/STM32H5xx_HAL_Driver/Src/stm32h5xx_hal_fdcan.c **** 
 3025              		.loc 1 2429 44 view .LVU1049
 3026 007a 04F44004 		and	r4, r4, #12582912
2429:Drivers/STM32H5xx_HAL_Driver/Src/stm32h5xx_hal_fdcan.c **** 
 3027              		.loc 1 2429 25 view .LVU1050
 3028 007e 4C62     		str	r4, [r1, #36]
2432:Drivers/STM32H5xx_HAL_Driver/Src/stm32h5xx_hal_fdcan.c **** 
ARM GAS  /tmp/cc1KCPzC.s 			page 132


 3029              		.loc 1 2432 5 is_stmt 1 view .LVU1051
2432:Drivers/STM32H5xx_HAL_Driver/Src/stm32h5xx_hal_fdcan.c **** 
 3030              		.loc 1 2432 74 is_stmt 0 view .LVU1052
 3031 0080 D279     		ldrb	r2, [r2, #7]	@ zero_extendqisi2
 3032              	.LVL224:
2432:Drivers/STM32H5xx_HAL_Driver/Src/stm32h5xx_hal_fdcan.c **** 
 3033              		.loc 1 2432 29 view .LVU1053
 3034 0082 0A62     		str	r2, [r1, #32]
2435:Drivers/STM32H5xx_HAL_Driver/Src/stm32h5xx_hal_fdcan.c **** 
 3035              		.loc 1 2435 5 is_stmt 1 view .LVU1054
2435:Drivers/STM32H5xx_HAL_Driver/Src/stm32h5xx_hal_fdcan.c **** 
 3036              		.loc 1 2435 11 is_stmt 0 view .LVU1055
 3037 0084 0268     		ldr	r2, [r0]
2435:Drivers/STM32H5xx_HAL_Driver/Src/stm32h5xx_hal_fdcan.c **** 
 3038              		.loc 1 2435 29 view .LVU1056
 3039 0086 C2F8E830 		str	r3, [r2, #232]
2438:Drivers/STM32H5xx_HAL_Driver/Src/stm32h5xx_hal_fdcan.c ****   }
 3040              		.loc 1 2438 5 is_stmt 1 view .LVU1057
2438:Drivers/STM32H5xx_HAL_Driver/Src/stm32h5xx_hal_fdcan.c ****   }
 3041              		.loc 1 2438 12 is_stmt 0 view .LVU1058
 3042 008a 0020     		movs	r0, #0
 3043              	.LVL225:
2447:Drivers/STM32H5xx_HAL_Driver/Src/stm32h5xx_hal_fdcan.c **** 
 3044              		.loc 1 2447 1 view .LVU1059
 3045 008c 30BC     		pop	{r4, r5}
 3046              	.LCFI16:
 3047              		.cfi_remember_state
 3048              		.cfi_restore 5
 3049              		.cfi_restore 4
 3050              		.cfi_def_cfa_offset 0
 3051 008e 7047     		bx	lr
 3052              	.LVL226:
 3053              	.L219:
 3054              	.LCFI17:
 3055              		.cfi_restore_state
2404:Drivers/STM32H5xx_HAL_Driver/Src/stm32h5xx_hal_fdcan.c ****     }
 3056              		.loc 1 2404 7 is_stmt 1 view .LVU1060
2404:Drivers/STM32H5xx_HAL_Driver/Src/stm32h5xx_hal_fdcan.c ****     }
 3057              		.loc 1 2404 31 is_stmt 0 view .LVU1061
 3058 0090 54F83350 		ldr	r5, [r4, r3, lsl #3]
2404:Drivers/STM32H5xx_HAL_Driver/Src/stm32h5xx_hal_fdcan.c ****     }
 3059              		.loc 1 2404 47 view .LVU1062
 3060 0094 25F06045 		bic	r5, r5, #-536870912
2404:Drivers/STM32H5xx_HAL_Driver/Src/stm32h5xx_hal_fdcan.c ****     }
 3061              		.loc 1 2404 28 view .LVU1063
 3062 0098 0D60     		str	r5, [r1]
 3063 009a D5E7     		b	.L220
 3064              	.LVL227:
 3065              	.L216:
 3066              	.LCFI18:
 3067              		.cfi_def_cfa_offset 0
 3068              		.cfi_restore 4
 3069              		.cfi_restore 5
2443:Drivers/STM32H5xx_HAL_Driver/Src/stm32h5xx_hal_fdcan.c **** 
 3070              		.loc 1 2443 5 is_stmt 1 view .LVU1064
2443:Drivers/STM32H5xx_HAL_Driver/Src/stm32h5xx_hal_fdcan.c **** 
 3071              		.loc 1 2443 11 is_stmt 0 view .LVU1065
ARM GAS  /tmp/cc1KCPzC.s 			page 133


 3072 009c 036E     		ldr	r3, [r0, #96]
 3073              	.LVL228:
2443:Drivers/STM32H5xx_HAL_Driver/Src/stm32h5xx_hal_fdcan.c **** 
 3074              		.loc 1 2443 23 view .LVU1066
 3075 009e 43F00803 		orr	r3, r3, #8
 3076 00a2 0366     		str	r3, [r0, #96]
2445:Drivers/STM32H5xx_HAL_Driver/Src/stm32h5xx_hal_fdcan.c ****   }
 3077              		.loc 1 2445 5 is_stmt 1 view .LVU1067
2445:Drivers/STM32H5xx_HAL_Driver/Src/stm32h5xx_hal_fdcan.c ****   }
 3078              		.loc 1 2445 12 is_stmt 0 view .LVU1068
 3079 00a4 0120     		movs	r0, #1
 3080              	.LVL229:
2447:Drivers/STM32H5xx_HAL_Driver/Src/stm32h5xx_hal_fdcan.c **** 
 3081              		.loc 1 2447 1 view .LVU1069
 3082 00a6 7047     		bx	lr
 3083              		.cfi_endproc
 3084              	.LFE191:
 3086              		.section	.text.HAL_FDCAN_GetHighPriorityMessageStatus,"ax",%progbits
 3087              		.align	1
 3088              		.global	HAL_FDCAN_GetHighPriorityMessageStatus
 3089              		.syntax unified
 3090              		.thumb
 3091              		.thumb_func
 3093              	HAL_FDCAN_GetHighPriorityMessageStatus:
 3094              	.LVL230:
 3095              	.LFB192:
2458:Drivers/STM32H5xx_HAL_Driver/Src/stm32h5xx_hal_fdcan.c ****   HpMsgStatus->FilterList = ((hfdcan->Instance->HPMS & FDCAN_HPMS_FLST) >> FDCAN_HPMS_FLST_Pos);
 3096              		.loc 1 2458 1 is_stmt 1 view -0
 3097              		.cfi_startproc
 3098              		@ args = 0, pretend = 0, frame = 0
 3099              		@ frame_needed = 0, uses_anonymous_args = 0
 3100              		@ link register save eliminated.
2459:Drivers/STM32H5xx_HAL_Driver/Src/stm32h5xx_hal_fdcan.c ****   HpMsgStatus->FilterIndex = ((hfdcan->Instance->HPMS & FDCAN_HPMS_FIDX) >> FDCAN_HPMS_FIDX_Pos);
 3101              		.loc 1 2459 3 view .LVU1071
2459:Drivers/STM32H5xx_HAL_Driver/Src/stm32h5xx_hal_fdcan.c ****   HpMsgStatus->FilterIndex = ((hfdcan->Instance->HPMS & FDCAN_HPMS_FIDX) >> FDCAN_HPMS_FIDX_Pos);
 3102              		.loc 1 2459 37 is_stmt 0 view .LVU1072
 3103 0000 0368     		ldr	r3, [r0]
2459:Drivers/STM32H5xx_HAL_Driver/Src/stm32h5xx_hal_fdcan.c ****   HpMsgStatus->FilterIndex = ((hfdcan->Instance->HPMS & FDCAN_HPMS_FIDX) >> FDCAN_HPMS_FIDX_Pos);
 3104              		.loc 1 2459 47 view .LVU1073
 3105 0002 D3F88830 		ldr	r3, [r3, #136]
2459:Drivers/STM32H5xx_HAL_Driver/Src/stm32h5xx_hal_fdcan.c ****   HpMsgStatus->FilterIndex = ((hfdcan->Instance->HPMS & FDCAN_HPMS_FIDX) >> FDCAN_HPMS_FIDX_Pos);
 3106              		.loc 1 2459 73 view .LVU1074
 3107 0006 C3F3C033 		ubfx	r3, r3, #15, #1
2459:Drivers/STM32H5xx_HAL_Driver/Src/stm32h5xx_hal_fdcan.c ****   HpMsgStatus->FilterIndex = ((hfdcan->Instance->HPMS & FDCAN_HPMS_FIDX) >> FDCAN_HPMS_FIDX_Pos);
 3108              		.loc 1 2459 27 view .LVU1075
 3109 000a 0B60     		str	r3, [r1]
2460:Drivers/STM32H5xx_HAL_Driver/Src/stm32h5xx_hal_fdcan.c ****   HpMsgStatus->MessageStorage = (hfdcan->Instance->HPMS & FDCAN_HPMS_MSI);
 3110              		.loc 1 2460 3 is_stmt 1 view .LVU1076
2460:Drivers/STM32H5xx_HAL_Driver/Src/stm32h5xx_hal_fdcan.c ****   HpMsgStatus->MessageStorage = (hfdcan->Instance->HPMS & FDCAN_HPMS_MSI);
 3111              		.loc 1 2460 38 is_stmt 0 view .LVU1077
 3112 000c 0368     		ldr	r3, [r0]
2460:Drivers/STM32H5xx_HAL_Driver/Src/stm32h5xx_hal_fdcan.c ****   HpMsgStatus->MessageStorage = (hfdcan->Instance->HPMS & FDCAN_HPMS_MSI);
 3113              		.loc 1 2460 48 view .LVU1078
 3114 000e D3F88830 		ldr	r3, [r3, #136]
2460:Drivers/STM32H5xx_HAL_Driver/Src/stm32h5xx_hal_fdcan.c ****   HpMsgStatus->MessageStorage = (hfdcan->Instance->HPMS & FDCAN_HPMS_MSI);
 3115              		.loc 1 2460 74 view .LVU1079
 3116 0012 C3F30423 		ubfx	r3, r3, #8, #5
ARM GAS  /tmp/cc1KCPzC.s 			page 134


2460:Drivers/STM32H5xx_HAL_Driver/Src/stm32h5xx_hal_fdcan.c ****   HpMsgStatus->MessageStorage = (hfdcan->Instance->HPMS & FDCAN_HPMS_MSI);
 3117              		.loc 1 2460 28 view .LVU1080
 3118 0016 4B60     		str	r3, [r1, #4]
2461:Drivers/STM32H5xx_HAL_Driver/Src/stm32h5xx_hal_fdcan.c ****   HpMsgStatus->MessageIndex = (hfdcan->Instance->HPMS & FDCAN_HPMS_BIDX);
 3119              		.loc 1 2461 3 is_stmt 1 view .LVU1081
2461:Drivers/STM32H5xx_HAL_Driver/Src/stm32h5xx_hal_fdcan.c ****   HpMsgStatus->MessageIndex = (hfdcan->Instance->HPMS & FDCAN_HPMS_BIDX);
 3120              		.loc 1 2461 40 is_stmt 0 view .LVU1082
 3121 0018 0368     		ldr	r3, [r0]
2461:Drivers/STM32H5xx_HAL_Driver/Src/stm32h5xx_hal_fdcan.c ****   HpMsgStatus->MessageIndex = (hfdcan->Instance->HPMS & FDCAN_HPMS_BIDX);
 3122              		.loc 1 2461 50 view .LVU1083
 3123 001a D3F88830 		ldr	r3, [r3, #136]
2461:Drivers/STM32H5xx_HAL_Driver/Src/stm32h5xx_hal_fdcan.c ****   HpMsgStatus->MessageIndex = (hfdcan->Instance->HPMS & FDCAN_HPMS_BIDX);
 3124              		.loc 1 2461 57 view .LVU1084
 3125 001e 03F0C003 		and	r3, r3, #192
2461:Drivers/STM32H5xx_HAL_Driver/Src/stm32h5xx_hal_fdcan.c ****   HpMsgStatus->MessageIndex = (hfdcan->Instance->HPMS & FDCAN_HPMS_BIDX);
 3126              		.loc 1 2461 31 view .LVU1085
 3127 0022 8B60     		str	r3, [r1, #8]
2462:Drivers/STM32H5xx_HAL_Driver/Src/stm32h5xx_hal_fdcan.c **** 
 3128              		.loc 1 2462 3 is_stmt 1 view .LVU1086
2462:Drivers/STM32H5xx_HAL_Driver/Src/stm32h5xx_hal_fdcan.c **** 
 3129              		.loc 1 2462 38 is_stmt 0 view .LVU1087
 3130 0024 0368     		ldr	r3, [r0]
2462:Drivers/STM32H5xx_HAL_Driver/Src/stm32h5xx_hal_fdcan.c **** 
 3131              		.loc 1 2462 48 view .LVU1088
 3132 0026 D3F88830 		ldr	r3, [r3, #136]
2462:Drivers/STM32H5xx_HAL_Driver/Src/stm32h5xx_hal_fdcan.c **** 
 3133              		.loc 1 2462 55 view .LVU1089
 3134 002a 03F00703 		and	r3, r3, #7
2462:Drivers/STM32H5xx_HAL_Driver/Src/stm32h5xx_hal_fdcan.c **** 
 3135              		.loc 1 2462 29 view .LVU1090
 3136 002e CB60     		str	r3, [r1, #12]
2465:Drivers/STM32H5xx_HAL_Driver/Src/stm32h5xx_hal_fdcan.c **** }
 3137              		.loc 1 2465 3 is_stmt 1 view .LVU1091
2466:Drivers/STM32H5xx_HAL_Driver/Src/stm32h5xx_hal_fdcan.c **** 
 3138              		.loc 1 2466 1 is_stmt 0 view .LVU1092
 3139 0030 0020     		movs	r0, #0
 3140              	.LVL231:
2466:Drivers/STM32H5xx_HAL_Driver/Src/stm32h5xx_hal_fdcan.c **** 
 3141              		.loc 1 2466 1 view .LVU1093
 3142 0032 7047     		bx	lr
 3143              		.cfi_endproc
 3144              	.LFE192:
 3146              		.section	.text.HAL_FDCAN_GetProtocolStatus,"ax",%progbits
 3147              		.align	1
 3148              		.global	HAL_FDCAN_GetProtocolStatus
 3149              		.syntax unified
 3150              		.thumb
 3151              		.thumb_func
 3153              	HAL_FDCAN_GetProtocolStatus:
 3154              	.LVL232:
 3155              	.LFB193:
2477:Drivers/STM32H5xx_HAL_Driver/Src/stm32h5xx_hal_fdcan.c ****   uint32_t StatusReg;
 3156              		.loc 1 2477 1 is_stmt 1 view -0
 3157              		.cfi_startproc
 3158              		@ args = 0, pretend = 0, frame = 0
 3159              		@ frame_needed = 0, uses_anonymous_args = 0
 3160              		@ link register save eliminated.
ARM GAS  /tmp/cc1KCPzC.s 			page 135


2478:Drivers/STM32H5xx_HAL_Driver/Src/stm32h5xx_hal_fdcan.c **** 
 3161              		.loc 1 2478 3 view .LVU1095
2481:Drivers/STM32H5xx_HAL_Driver/Src/stm32h5xx_hal_fdcan.c **** 
 3162              		.loc 1 2481 3 view .LVU1096
2481:Drivers/STM32H5xx_HAL_Driver/Src/stm32h5xx_hal_fdcan.c **** 
 3163              		.loc 1 2481 15 is_stmt 0 view .LVU1097
 3164 0000 0368     		ldr	r3, [r0]
2481:Drivers/STM32H5xx_HAL_Driver/Src/stm32h5xx_hal_fdcan.c **** 
 3165              		.loc 1 2481 13 view .LVU1098
 3166 0002 5B6C     		ldr	r3, [r3, #68]
 3167              	.LVL233:
2484:Drivers/STM32H5xx_HAL_Driver/Src/stm32h5xx_hal_fdcan.c ****   ProtocolStatus->DataLastErrorCode = ((StatusReg & FDCAN_PSR_DLEC) >> FDCAN_PSR_DLEC_Pos);
 3168              		.loc 1 2484 3 is_stmt 1 view .LVU1099
2484:Drivers/STM32H5xx_HAL_Driver/Src/stm32h5xx_hal_fdcan.c ****   ProtocolStatus->DataLastErrorCode = ((StatusReg & FDCAN_PSR_DLEC) >> FDCAN_PSR_DLEC_Pos);
 3169              		.loc 1 2484 46 is_stmt 0 view .LVU1100
 3170 0004 03F00702 		and	r2, r3, #7
2484:Drivers/STM32H5xx_HAL_Driver/Src/stm32h5xx_hal_fdcan.c ****   ProtocolStatus->DataLastErrorCode = ((StatusReg & FDCAN_PSR_DLEC) >> FDCAN_PSR_DLEC_Pos);
 3171              		.loc 1 2484 33 view .LVU1101
 3172 0008 0A60     		str	r2, [r1]
2485:Drivers/STM32H5xx_HAL_Driver/Src/stm32h5xx_hal_fdcan.c ****   ProtocolStatus->Activity = (StatusReg & FDCAN_PSR_ACT);
 3173              		.loc 1 2485 3 is_stmt 1 view .LVU1102
2485:Drivers/STM32H5xx_HAL_Driver/Src/stm32h5xx_hal_fdcan.c ****   ProtocolStatus->Activity = (StatusReg & FDCAN_PSR_ACT);
 3174              		.loc 1 2485 69 is_stmt 0 view .LVU1103
 3175 000a C3F30222 		ubfx	r2, r3, #8, #3
2485:Drivers/STM32H5xx_HAL_Driver/Src/stm32h5xx_hal_fdcan.c ****   ProtocolStatus->Activity = (StatusReg & FDCAN_PSR_ACT);
 3176              		.loc 1 2485 37 view .LVU1104
 3177 000e 4A60     		str	r2, [r1, #4]
2486:Drivers/STM32H5xx_HAL_Driver/Src/stm32h5xx_hal_fdcan.c ****   ProtocolStatus->ErrorPassive = ((StatusReg & FDCAN_PSR_EP) >> FDCAN_PSR_EP_Pos);
 3178              		.loc 1 2486 3 is_stmt 1 view .LVU1105
2486:Drivers/STM32H5xx_HAL_Driver/Src/stm32h5xx_hal_fdcan.c ****   ProtocolStatus->ErrorPassive = ((StatusReg & FDCAN_PSR_EP) >> FDCAN_PSR_EP_Pos);
 3179              		.loc 1 2486 41 is_stmt 0 view .LVU1106
 3180 0010 03F01802 		and	r2, r3, #24
2486:Drivers/STM32H5xx_HAL_Driver/Src/stm32h5xx_hal_fdcan.c ****   ProtocolStatus->ErrorPassive = ((StatusReg & FDCAN_PSR_EP) >> FDCAN_PSR_EP_Pos);
 3181              		.loc 1 2486 28 view .LVU1107
 3182 0014 8A60     		str	r2, [r1, #8]
2487:Drivers/STM32H5xx_HAL_Driver/Src/stm32h5xx_hal_fdcan.c ****   ProtocolStatus->Warning = ((StatusReg & FDCAN_PSR_EW) >> FDCAN_PSR_EW_Pos);
 3183              		.loc 1 2487 3 is_stmt 1 view .LVU1108
2487:Drivers/STM32H5xx_HAL_Driver/Src/stm32h5xx_hal_fdcan.c ****   ProtocolStatus->Warning = ((StatusReg & FDCAN_PSR_EW) >> FDCAN_PSR_EW_Pos);
 3184              		.loc 1 2487 62 is_stmt 0 view .LVU1109
 3185 0016 C3F34012 		ubfx	r2, r3, #5, #1
2487:Drivers/STM32H5xx_HAL_Driver/Src/stm32h5xx_hal_fdcan.c ****   ProtocolStatus->Warning = ((StatusReg & FDCAN_PSR_EW) >> FDCAN_PSR_EW_Pos);
 3186              		.loc 1 2487 32 view .LVU1110
 3187 001a CA60     		str	r2, [r1, #12]
2488:Drivers/STM32H5xx_HAL_Driver/Src/stm32h5xx_hal_fdcan.c ****   ProtocolStatus->BusOff = ((StatusReg & FDCAN_PSR_BO) >> FDCAN_PSR_BO_Pos);
 3188              		.loc 1 2488 3 is_stmt 1 view .LVU1111
2488:Drivers/STM32H5xx_HAL_Driver/Src/stm32h5xx_hal_fdcan.c ****   ProtocolStatus->BusOff = ((StatusReg & FDCAN_PSR_BO) >> FDCAN_PSR_BO_Pos);
 3189              		.loc 1 2488 57 is_stmt 0 view .LVU1112
 3190 001c C3F38012 		ubfx	r2, r3, #6, #1
2488:Drivers/STM32H5xx_HAL_Driver/Src/stm32h5xx_hal_fdcan.c ****   ProtocolStatus->BusOff = ((StatusReg & FDCAN_PSR_BO) >> FDCAN_PSR_BO_Pos);
 3191              		.loc 1 2488 27 view .LVU1113
 3192 0020 0A61     		str	r2, [r1, #16]
2489:Drivers/STM32H5xx_HAL_Driver/Src/stm32h5xx_hal_fdcan.c ****   ProtocolStatus->RxESIflag = ((StatusReg & FDCAN_PSR_RESI) >> FDCAN_PSR_RESI_Pos);
 3193              		.loc 1 2489 3 is_stmt 1 view .LVU1114
2489:Drivers/STM32H5xx_HAL_Driver/Src/stm32h5xx_hal_fdcan.c ****   ProtocolStatus->RxESIflag = ((StatusReg & FDCAN_PSR_RESI) >> FDCAN_PSR_RESI_Pos);
 3194              		.loc 1 2489 56 is_stmt 0 view .LVU1115
 3195 0022 C3F3C012 		ubfx	r2, r3, #7, #1
2489:Drivers/STM32H5xx_HAL_Driver/Src/stm32h5xx_hal_fdcan.c ****   ProtocolStatus->RxESIflag = ((StatusReg & FDCAN_PSR_RESI) >> FDCAN_PSR_RESI_Pos);
ARM GAS  /tmp/cc1KCPzC.s 			page 136


 3196              		.loc 1 2489 26 view .LVU1116
 3197 0026 4A61     		str	r2, [r1, #20]
2490:Drivers/STM32H5xx_HAL_Driver/Src/stm32h5xx_hal_fdcan.c ****   ProtocolStatus->RxBRSflag = ((StatusReg & FDCAN_PSR_RBRS) >> FDCAN_PSR_RBRS_Pos);
 3198              		.loc 1 2490 3 is_stmt 1 view .LVU1117
2490:Drivers/STM32H5xx_HAL_Driver/Src/stm32h5xx_hal_fdcan.c ****   ProtocolStatus->RxBRSflag = ((StatusReg & FDCAN_PSR_RBRS) >> FDCAN_PSR_RBRS_Pos);
 3199              		.loc 1 2490 61 is_stmt 0 view .LVU1118
 3200 0028 C3F3C022 		ubfx	r2, r3, #11, #1
2490:Drivers/STM32H5xx_HAL_Driver/Src/stm32h5xx_hal_fdcan.c ****   ProtocolStatus->RxBRSflag = ((StatusReg & FDCAN_PSR_RBRS) >> FDCAN_PSR_RBRS_Pos);
 3201              		.loc 1 2490 29 view .LVU1119
 3202 002c 8A61     		str	r2, [r1, #24]
2491:Drivers/STM32H5xx_HAL_Driver/Src/stm32h5xx_hal_fdcan.c ****   ProtocolStatus->RxFDFflag = ((StatusReg & FDCAN_PSR_REDL) >> FDCAN_PSR_REDL_Pos);
 3203              		.loc 1 2491 3 is_stmt 1 view .LVU1120
2491:Drivers/STM32H5xx_HAL_Driver/Src/stm32h5xx_hal_fdcan.c ****   ProtocolStatus->RxFDFflag = ((StatusReg & FDCAN_PSR_REDL) >> FDCAN_PSR_REDL_Pos);
 3204              		.loc 1 2491 61 is_stmt 0 view .LVU1121
 3205 002e C3F30032 		ubfx	r2, r3, #12, #1
2491:Drivers/STM32H5xx_HAL_Driver/Src/stm32h5xx_hal_fdcan.c ****   ProtocolStatus->RxFDFflag = ((StatusReg & FDCAN_PSR_REDL) >> FDCAN_PSR_REDL_Pos);
 3206              		.loc 1 2491 29 view .LVU1122
 3207 0032 CA61     		str	r2, [r1, #28]
2492:Drivers/STM32H5xx_HAL_Driver/Src/stm32h5xx_hal_fdcan.c ****   ProtocolStatus->ProtocolException = ((StatusReg & FDCAN_PSR_PXE) >> FDCAN_PSR_PXE_Pos);
 3208              		.loc 1 2492 3 is_stmt 1 view .LVU1123
2492:Drivers/STM32H5xx_HAL_Driver/Src/stm32h5xx_hal_fdcan.c ****   ProtocolStatus->ProtocolException = ((StatusReg & FDCAN_PSR_PXE) >> FDCAN_PSR_PXE_Pos);
 3209              		.loc 1 2492 61 is_stmt 0 view .LVU1124
 3210 0034 C3F34032 		ubfx	r2, r3, #13, #1
2492:Drivers/STM32H5xx_HAL_Driver/Src/stm32h5xx_hal_fdcan.c ****   ProtocolStatus->ProtocolException = ((StatusReg & FDCAN_PSR_PXE) >> FDCAN_PSR_PXE_Pos);
 3211              		.loc 1 2492 29 view .LVU1125
 3212 0038 0A62     		str	r2, [r1, #32]
2493:Drivers/STM32H5xx_HAL_Driver/Src/stm32h5xx_hal_fdcan.c ****   ProtocolStatus->TDCvalue = ((StatusReg & FDCAN_PSR_TDCV) >> FDCAN_PSR_TDCV_Pos);
 3213              		.loc 1 2493 3 is_stmt 1 view .LVU1126
2493:Drivers/STM32H5xx_HAL_Driver/Src/stm32h5xx_hal_fdcan.c ****   ProtocolStatus->TDCvalue = ((StatusReg & FDCAN_PSR_TDCV) >> FDCAN_PSR_TDCV_Pos);
 3214              		.loc 1 2493 68 is_stmt 0 view .LVU1127
 3215 003a C3F38032 		ubfx	r2, r3, #14, #1
2493:Drivers/STM32H5xx_HAL_Driver/Src/stm32h5xx_hal_fdcan.c ****   ProtocolStatus->TDCvalue = ((StatusReg & FDCAN_PSR_TDCV) >> FDCAN_PSR_TDCV_Pos);
 3216              		.loc 1 2493 37 view .LVU1128
 3217 003e 4A62     		str	r2, [r1, #36]
2494:Drivers/STM32H5xx_HAL_Driver/Src/stm32h5xx_hal_fdcan.c **** 
 3218              		.loc 1 2494 3 is_stmt 1 view .LVU1129
2494:Drivers/STM32H5xx_HAL_Driver/Src/stm32h5xx_hal_fdcan.c **** 
 3219              		.loc 1 2494 60 is_stmt 0 view .LVU1130
 3220 0040 C3F30643 		ubfx	r3, r3, #16, #7
 3221              	.LVL234:
2494:Drivers/STM32H5xx_HAL_Driver/Src/stm32h5xx_hal_fdcan.c **** 
 3222              		.loc 1 2494 28 view .LVU1131
 3223 0044 8B62     		str	r3, [r1, #40]
2497:Drivers/STM32H5xx_HAL_Driver/Src/stm32h5xx_hal_fdcan.c **** }
 3224              		.loc 1 2497 3 is_stmt 1 view .LVU1132
2498:Drivers/STM32H5xx_HAL_Driver/Src/stm32h5xx_hal_fdcan.c **** 
 3225              		.loc 1 2498 1 is_stmt 0 view .LVU1133
 3226 0046 0020     		movs	r0, #0
 3227              	.LVL235:
2498:Drivers/STM32H5xx_HAL_Driver/Src/stm32h5xx_hal_fdcan.c **** 
 3228              		.loc 1 2498 1 view .LVU1134
 3229 0048 7047     		bx	lr
 3230              		.cfi_endproc
 3231              	.LFE193:
 3233              		.section	.text.HAL_FDCAN_GetErrorCounters,"ax",%progbits
 3234              		.align	1
 3235              		.global	HAL_FDCAN_GetErrorCounters
ARM GAS  /tmp/cc1KCPzC.s 			page 137


 3236              		.syntax unified
 3237              		.thumb
 3238              		.thumb_func
 3240              	HAL_FDCAN_GetErrorCounters:
 3241              	.LVL236:
 3242              	.LFB194:
2509:Drivers/STM32H5xx_HAL_Driver/Src/stm32h5xx_hal_fdcan.c ****   uint32_t CountersReg;
 3243              		.loc 1 2509 1 is_stmt 1 view -0
 3244              		.cfi_startproc
 3245              		@ args = 0, pretend = 0, frame = 0
 3246              		@ frame_needed = 0, uses_anonymous_args = 0
 3247              		@ link register save eliminated.
2510:Drivers/STM32H5xx_HAL_Driver/Src/stm32h5xx_hal_fdcan.c **** 
 3248              		.loc 1 2510 3 view .LVU1136
2513:Drivers/STM32H5xx_HAL_Driver/Src/stm32h5xx_hal_fdcan.c **** 
 3249              		.loc 1 2513 3 view .LVU1137
2513:Drivers/STM32H5xx_HAL_Driver/Src/stm32h5xx_hal_fdcan.c **** 
 3250              		.loc 1 2513 17 is_stmt 0 view .LVU1138
 3251 0000 0368     		ldr	r3, [r0]
2513:Drivers/STM32H5xx_HAL_Driver/Src/stm32h5xx_hal_fdcan.c **** 
 3252              		.loc 1 2513 15 view .LVU1139
 3253 0002 1B6C     		ldr	r3, [r3, #64]
 3254              	.LVL237:
2516:Drivers/STM32H5xx_HAL_Driver/Src/stm32h5xx_hal_fdcan.c ****   ErrorCounters->RxErrorCnt = ((CountersReg & FDCAN_ECR_REC) >> FDCAN_ECR_REC_Pos);
 3255              		.loc 1 2516 3 is_stmt 1 view .LVU1140
2516:Drivers/STM32H5xx_HAL_Driver/Src/stm32h5xx_hal_fdcan.c ****   ErrorCounters->RxErrorCnt = ((CountersReg & FDCAN_ECR_REC) >> FDCAN_ECR_REC_Pos);
 3256              		.loc 1 2516 62 is_stmt 0 view .LVU1141
 3257 0004 DAB2     		uxtb	r2, r3
2516:Drivers/STM32H5xx_HAL_Driver/Src/stm32h5xx_hal_fdcan.c ****   ErrorCounters->RxErrorCnt = ((CountersReg & FDCAN_ECR_REC) >> FDCAN_ECR_REC_Pos);
 3258              		.loc 1 2516 29 view .LVU1142
 3259 0006 0A60     		str	r2, [r1]
2517:Drivers/STM32H5xx_HAL_Driver/Src/stm32h5xx_hal_fdcan.c ****   ErrorCounters->RxErrorPassive = ((CountersReg & FDCAN_ECR_RP) >> FDCAN_ECR_RP_Pos);
 3260              		.loc 1 2517 3 is_stmt 1 view .LVU1143
2517:Drivers/STM32H5xx_HAL_Driver/Src/stm32h5xx_hal_fdcan.c ****   ErrorCounters->RxErrorPassive = ((CountersReg & FDCAN_ECR_RP) >> FDCAN_ECR_RP_Pos);
 3261              		.loc 1 2517 62 is_stmt 0 view .LVU1144
 3262 0008 C3F30622 		ubfx	r2, r3, #8, #7
2517:Drivers/STM32H5xx_HAL_Driver/Src/stm32h5xx_hal_fdcan.c ****   ErrorCounters->RxErrorPassive = ((CountersReg & FDCAN_ECR_RP) >> FDCAN_ECR_RP_Pos);
 3263              		.loc 1 2517 29 view .LVU1145
 3264 000c 4A60     		str	r2, [r1, #4]
2518:Drivers/STM32H5xx_HAL_Driver/Src/stm32h5xx_hal_fdcan.c ****   ErrorCounters->ErrorLogging = ((CountersReg & FDCAN_ECR_CEL) >> FDCAN_ECR_CEL_Pos);
 3265              		.loc 1 2518 3 is_stmt 1 view .LVU1146
2518:Drivers/STM32H5xx_HAL_Driver/Src/stm32h5xx_hal_fdcan.c ****   ErrorCounters->ErrorLogging = ((CountersReg & FDCAN_ECR_CEL) >> FDCAN_ECR_CEL_Pos);
 3266              		.loc 1 2518 65 is_stmt 0 view .LVU1147
 3267 000e C3F3C032 		ubfx	r2, r3, #15, #1
2518:Drivers/STM32H5xx_HAL_Driver/Src/stm32h5xx_hal_fdcan.c ****   ErrorCounters->ErrorLogging = ((CountersReg & FDCAN_ECR_CEL) >> FDCAN_ECR_CEL_Pos);
 3268              		.loc 1 2518 33 view .LVU1148
 3269 0012 8A60     		str	r2, [r1, #8]
2519:Drivers/STM32H5xx_HAL_Driver/Src/stm32h5xx_hal_fdcan.c **** 
 3270              		.loc 1 2519 3 is_stmt 1 view .LVU1149
2519:Drivers/STM32H5xx_HAL_Driver/Src/stm32h5xx_hal_fdcan.c **** 
 3271              		.loc 1 2519 64 is_stmt 0 view .LVU1150
 3272 0014 C3F30743 		ubfx	r3, r3, #16, #8
 3273              	.LVL238:
2519:Drivers/STM32H5xx_HAL_Driver/Src/stm32h5xx_hal_fdcan.c **** 
 3274              		.loc 1 2519 31 view .LVU1151
 3275 0018 CB60     		str	r3, [r1, #12]
2522:Drivers/STM32H5xx_HAL_Driver/Src/stm32h5xx_hal_fdcan.c **** }
ARM GAS  /tmp/cc1KCPzC.s 			page 138


 3276              		.loc 1 2522 3 is_stmt 1 view .LVU1152
2523:Drivers/STM32H5xx_HAL_Driver/Src/stm32h5xx_hal_fdcan.c **** 
 3277              		.loc 1 2523 1 is_stmt 0 view .LVU1153
 3278 001a 0020     		movs	r0, #0
 3279              	.LVL239:
2523:Drivers/STM32H5xx_HAL_Driver/Src/stm32h5xx_hal_fdcan.c **** 
 3280              		.loc 1 2523 1 view .LVU1154
 3281 001c 7047     		bx	lr
 3282              		.cfi_endproc
 3283              	.LFE194:
 3285              		.section	.text.HAL_FDCAN_IsTxBufferMessagePending,"ax",%progbits
 3286              		.align	1
 3287              		.global	HAL_FDCAN_IsTxBufferMessagePending
 3288              		.syntax unified
 3289              		.thumb
 3290              		.thumb_func
 3292              	HAL_FDCAN_IsTxBufferMessagePending:
 3293              	.LVL240:
 3294              	.LFB195:
2536:Drivers/STM32H5xx_HAL_Driver/Src/stm32h5xx_hal_fdcan.c ****   /* Check function parameters */
 3295              		.loc 1 2536 1 is_stmt 1 view -0
 3296              		.cfi_startproc
 3297              		@ args = 0, pretend = 0, frame = 0
 3298              		@ frame_needed = 0, uses_anonymous_args = 0
 3299              		@ link register save eliminated.
2538:Drivers/STM32H5xx_HAL_Driver/Src/stm32h5xx_hal_fdcan.c **** 
 3300              		.loc 1 2538 3 view .LVU1156
2541:Drivers/STM32H5xx_HAL_Driver/Src/stm32h5xx_hal_fdcan.c ****   {
 3301              		.loc 1 2541 3 view .LVU1157
2541:Drivers/STM32H5xx_HAL_Driver/Src/stm32h5xx_hal_fdcan.c ****   {
 3302              		.loc 1 2541 14 is_stmt 0 view .LVU1158
 3303 0000 0368     		ldr	r3, [r0]
2541:Drivers/STM32H5xx_HAL_Driver/Src/stm32h5xx_hal_fdcan.c ****   {
 3304              		.loc 1 2541 24 view .LVU1159
 3305 0002 D3F8C800 		ldr	r0, [r3, #200]
 3306              	.LVL241:
2541:Drivers/STM32H5xx_HAL_Driver/Src/stm32h5xx_hal_fdcan.c ****   {
 3307              		.loc 1 2541 6 view .LVU1160
 3308 0006 0840     		ands	r0, r0, r1
 3309 0008 00D0     		beq	.L227
2545:Drivers/STM32H5xx_HAL_Driver/Src/stm32h5xx_hal_fdcan.c **** }
 3310              		.loc 1 2545 10 view .LVU1161
 3311 000a 0120     		movs	r0, #1
 3312              	.L227:
2546:Drivers/STM32H5xx_HAL_Driver/Src/stm32h5xx_hal_fdcan.c **** 
 3313              		.loc 1 2546 1 view .LVU1162
 3314 000c 7047     		bx	lr
 3315              		.cfi_endproc
 3316              	.LFE195:
 3318              		.section	.text.HAL_FDCAN_GetRxFifoFillLevel,"ax",%progbits
 3319              		.align	1
 3320              		.global	HAL_FDCAN_GetRxFifoFillLevel
 3321              		.syntax unified
 3322              		.thumb
 3323              		.thumb_func
 3325              	HAL_FDCAN_GetRxFifoFillLevel:
 3326              	.LVL242:
ARM GAS  /tmp/cc1KCPzC.s 			page 139


 3327              	.LFB196:
2559:Drivers/STM32H5xx_HAL_Driver/Src/stm32h5xx_hal_fdcan.c ****   uint32_t FillLevel;
 3328              		.loc 1 2559 1 is_stmt 1 view -0
 3329              		.cfi_startproc
 3330              		@ args = 0, pretend = 0, frame = 0
 3331              		@ frame_needed = 0, uses_anonymous_args = 0
 3332              		@ link register save eliminated.
2560:Drivers/STM32H5xx_HAL_Driver/Src/stm32h5xx_hal_fdcan.c **** 
 3333              		.loc 1 2560 3 view .LVU1164
2563:Drivers/STM32H5xx_HAL_Driver/Src/stm32h5xx_hal_fdcan.c **** 
 3334              		.loc 1 2563 3 view .LVU1165
2565:Drivers/STM32H5xx_HAL_Driver/Src/stm32h5xx_hal_fdcan.c ****   {
 3335              		.loc 1 2565 3 view .LVU1166
2565:Drivers/STM32H5xx_HAL_Driver/Src/stm32h5xx_hal_fdcan.c ****   {
 3336              		.loc 1 2565 6 is_stmt 0 view .LVU1167
 3337 0000 4029     		cmp	r1, #64
 3338 0002 05D0     		beq	.L232
2571:Drivers/STM32H5xx_HAL_Driver/Src/stm32h5xx_hal_fdcan.c ****   }
 3339              		.loc 1 2571 5 is_stmt 1 view .LVU1168
2571:Drivers/STM32H5xx_HAL_Driver/Src/stm32h5xx_hal_fdcan.c ****   }
 3340              		.loc 1 2571 23 is_stmt 0 view .LVU1169
 3341 0004 0368     		ldr	r3, [r0]
2571:Drivers/STM32H5xx_HAL_Driver/Src/stm32h5xx_hal_fdcan.c ****   }
 3342              		.loc 1 2571 33 view .LVU1170
 3343 0006 D3F89800 		ldr	r0, [r3, #152]
 3344              	.LVL243:
2571:Drivers/STM32H5xx_HAL_Driver/Src/stm32h5xx_hal_fdcan.c ****   }
 3345              		.loc 1 2571 15 view .LVU1171
 3346 000a 00F00F00 		and	r0, r0, #15
 3347              	.LVL244:
2575:Drivers/STM32H5xx_HAL_Driver/Src/stm32h5xx_hal_fdcan.c **** }
 3348              		.loc 1 2575 3 is_stmt 1 view .LVU1172
2576:Drivers/STM32H5xx_HAL_Driver/Src/stm32h5xx_hal_fdcan.c **** 
 3349              		.loc 1 2576 1 is_stmt 0 view .LVU1173
 3350 000e 7047     		bx	lr
 3351              	.LVL245:
 3352              	.L232:
2567:Drivers/STM32H5xx_HAL_Driver/Src/stm32h5xx_hal_fdcan.c ****   }
 3353              		.loc 1 2567 5 is_stmt 1 view .LVU1174
2567:Drivers/STM32H5xx_HAL_Driver/Src/stm32h5xx_hal_fdcan.c ****   }
 3354              		.loc 1 2567 23 is_stmt 0 view .LVU1175
 3355 0010 0368     		ldr	r3, [r0]
2567:Drivers/STM32H5xx_HAL_Driver/Src/stm32h5xx_hal_fdcan.c ****   }
 3356              		.loc 1 2567 33 view .LVU1176
 3357 0012 D3F89000 		ldr	r0, [r3, #144]
 3358              	.LVL246:
2567:Drivers/STM32H5xx_HAL_Driver/Src/stm32h5xx_hal_fdcan.c ****   }
 3359              		.loc 1 2567 15 view .LVU1177
 3360 0016 00F00F00 		and	r0, r0, #15
 3361              	.LVL247:
2567:Drivers/STM32H5xx_HAL_Driver/Src/stm32h5xx_hal_fdcan.c ****   }
 3362              		.loc 1 2567 15 view .LVU1178
 3363 001a 7047     		bx	lr
 3364              		.cfi_endproc
 3365              	.LFE196:
 3367              		.section	.text.HAL_FDCAN_GetTxFifoFreeLevel,"ax",%progbits
 3368              		.align	1
ARM GAS  /tmp/cc1KCPzC.s 			page 140


 3369              		.global	HAL_FDCAN_GetTxFifoFreeLevel
 3370              		.syntax unified
 3371              		.thumb
 3372              		.thumb_func
 3374              	HAL_FDCAN_GetTxFifoFreeLevel:
 3375              	.LVL248:
 3376              	.LFB197:
2586:Drivers/STM32H5xx_HAL_Driver/Src/stm32h5xx_hal_fdcan.c ****   uint32_t FreeLevel;
 3377              		.loc 1 2586 1 is_stmt 1 view -0
 3378              		.cfi_startproc
 3379              		@ args = 0, pretend = 0, frame = 0
 3380              		@ frame_needed = 0, uses_anonymous_args = 0
 3381              		@ link register save eliminated.
2587:Drivers/STM32H5xx_HAL_Driver/Src/stm32h5xx_hal_fdcan.c **** 
 3382              		.loc 1 2587 3 view .LVU1180
2589:Drivers/STM32H5xx_HAL_Driver/Src/stm32h5xx_hal_fdcan.c **** 
 3383              		.loc 1 2589 3 view .LVU1181
2589:Drivers/STM32H5xx_HAL_Driver/Src/stm32h5xx_hal_fdcan.c **** 
 3384              		.loc 1 2589 21 is_stmt 0 view .LVU1182
 3385 0000 0368     		ldr	r3, [r0]
2589:Drivers/STM32H5xx_HAL_Driver/Src/stm32h5xx_hal_fdcan.c **** 
 3386              		.loc 1 2589 31 view .LVU1183
 3387 0002 D3F8C400 		ldr	r0, [r3, #196]
 3388              	.LVL249:
2592:Drivers/STM32H5xx_HAL_Driver/Src/stm32h5xx_hal_fdcan.c **** }
 3389              		.loc 1 2592 3 is_stmt 1 view .LVU1184
2593:Drivers/STM32H5xx_HAL_Driver/Src/stm32h5xx_hal_fdcan.c **** 
 3390              		.loc 1 2593 1 is_stmt 0 view .LVU1185
 3391 0006 00F00700 		and	r0, r0, #7
 3392              	.LVL250:
2593:Drivers/STM32H5xx_HAL_Driver/Src/stm32h5xx_hal_fdcan.c **** 
 3393              		.loc 1 2593 1 view .LVU1186
 3394 000a 7047     		bx	lr
 3395              		.cfi_endproc
 3396              	.LFE197:
 3398              		.section	.text.HAL_FDCAN_IsRestrictedOperationMode,"ax",%progbits
 3399              		.align	1
 3400              		.global	HAL_FDCAN_IsRestrictedOperationMode
 3401              		.syntax unified
 3402              		.thumb
 3403              		.thumb_func
 3405              	HAL_FDCAN_IsRestrictedOperationMode:
 3406              	.LVL251:
 3407              	.LFB198:
2604:Drivers/STM32H5xx_HAL_Driver/Src/stm32h5xx_hal_fdcan.c ****   uint32_t OperationMode;
 3408              		.loc 1 2604 1 is_stmt 1 view -0
 3409              		.cfi_startproc
 3410              		@ args = 0, pretend = 0, frame = 0
 3411              		@ frame_needed = 0, uses_anonymous_args = 0
 3412              		@ link register save eliminated.
2605:Drivers/STM32H5xx_HAL_Driver/Src/stm32h5xx_hal_fdcan.c **** 
 3413              		.loc 1 2605 3 view .LVU1188
2608:Drivers/STM32H5xx_HAL_Driver/Src/stm32h5xx_hal_fdcan.c **** 
 3414              		.loc 1 2608 3 view .LVU1189
2608:Drivers/STM32H5xx_HAL_Driver/Src/stm32h5xx_hal_fdcan.c **** 
 3415              		.loc 1 2608 27 is_stmt 0 view .LVU1190
 3416 0000 0368     		ldr	r3, [r0]
ARM GAS  /tmp/cc1KCPzC.s 			page 141


2608:Drivers/STM32H5xx_HAL_Driver/Src/stm32h5xx_hal_fdcan.c **** 
 3417              		.loc 1 2608 37 view .LVU1191
 3418 0002 9869     		ldr	r0, [r3, #24]
 3419              	.LVL252:
2610:Drivers/STM32H5xx_HAL_Driver/Src/stm32h5xx_hal_fdcan.c **** }
 3420              		.loc 1 2610 3 is_stmt 1 view .LVU1192
2611:Drivers/STM32H5xx_HAL_Driver/Src/stm32h5xx_hal_fdcan.c **** 
 3421              		.loc 1 2611 1 is_stmt 0 view .LVU1193
 3422 0004 C0F38000 		ubfx	r0, r0, #2, #1
 3423              	.LVL253:
2611:Drivers/STM32H5xx_HAL_Driver/Src/stm32h5xx_hal_fdcan.c **** 
 3424              		.loc 1 2611 1 view .LVU1194
 3425 0008 7047     		bx	lr
 3426              		.cfi_endproc
 3427              	.LFE198:
 3429              		.section	.text.HAL_FDCAN_ExitRestrictedOperationMode,"ax",%progbits
 3430              		.align	1
 3431              		.global	HAL_FDCAN_ExitRestrictedOperationMode
 3432              		.syntax unified
 3433              		.thumb
 3434              		.thumb_func
 3436              	HAL_FDCAN_ExitRestrictedOperationMode:
 3437              	.LVL254:
 3438              	.LFB199:
2620:Drivers/STM32H5xx_HAL_Driver/Src/stm32h5xx_hal_fdcan.c ****   HAL_FDCAN_StateTypeDef state = hfdcan->State;
 3439              		.loc 1 2620 1 is_stmt 1 view -0
 3440              		.cfi_startproc
 3441              		@ args = 0, pretend = 0, frame = 0
 3442              		@ frame_needed = 0, uses_anonymous_args = 0
 3443              		@ link register save eliminated.
2621:Drivers/STM32H5xx_HAL_Driver/Src/stm32h5xx_hal_fdcan.c **** 
 3444              		.loc 1 2621 3 view .LVU1196
2621:Drivers/STM32H5xx_HAL_Driver/Src/stm32h5xx_hal_fdcan.c **** 
 3445              		.loc 1 2621 26 is_stmt 0 view .LVU1197
 3446 0000 90F85C30 		ldrb	r3, [r0, #92]	@ zero_extendqisi2
 3447              	.LVL255:
2623:Drivers/STM32H5xx_HAL_Driver/Src/stm32h5xx_hal_fdcan.c ****   {
 3448              		.loc 1 2623 3 is_stmt 1 view .LVU1198
2623:Drivers/STM32H5xx_HAL_Driver/Src/stm32h5xx_hal_fdcan.c ****   {
 3449              		.loc 1 2623 40 is_stmt 0 view .LVU1199
 3450 0004 013B     		subs	r3, r3, #1
 3451              	.LVL256:
2623:Drivers/STM32H5xx_HAL_Driver/Src/stm32h5xx_hal_fdcan.c ****   {
 3452              		.loc 1 2623 40 view .LVU1200
 3453 0006 DBB2     		uxtb	r3, r3
 3454              	.LVL257:
2623:Drivers/STM32H5xx_HAL_Driver/Src/stm32h5xx_hal_fdcan.c ****   {
 3455              		.loc 1 2623 6 view .LVU1201
 3456 0008 012B     		cmp	r3, #1
 3457 000a 05D9     		bls	.L238
2634:Drivers/STM32H5xx_HAL_Driver/Src/stm32h5xx_hal_fdcan.c **** 
 3458              		.loc 1 2634 5 is_stmt 1 view .LVU1202
2634:Drivers/STM32H5xx_HAL_Driver/Src/stm32h5xx_hal_fdcan.c **** 
 3459              		.loc 1 2634 11 is_stmt 0 view .LVU1203
 3460 000c 036E     		ldr	r3, [r0, #96]
2634:Drivers/STM32H5xx_HAL_Driver/Src/stm32h5xx_hal_fdcan.c **** 
 3461              		.loc 1 2634 23 view .LVU1204
ARM GAS  /tmp/cc1KCPzC.s 			page 142


 3462 000e 43F00203 		orr	r3, r3, #2
 3463 0012 0366     		str	r3, [r0, #96]
2636:Drivers/STM32H5xx_HAL_Driver/Src/stm32h5xx_hal_fdcan.c ****   }
 3464              		.loc 1 2636 5 is_stmt 1 view .LVU1205
2636:Drivers/STM32H5xx_HAL_Driver/Src/stm32h5xx_hal_fdcan.c ****   }
 3465              		.loc 1 2636 12 is_stmt 0 view .LVU1206
 3466 0014 0120     		movs	r0, #1
 3467              	.LVL258:
2638:Drivers/STM32H5xx_HAL_Driver/Src/stm32h5xx_hal_fdcan.c **** 
 3468              		.loc 1 2638 1 view .LVU1207
 3469 0016 7047     		bx	lr
 3470              	.LVL259:
 3471              	.L238:
2626:Drivers/STM32H5xx_HAL_Driver/Src/stm32h5xx_hal_fdcan.c **** 
 3472              		.loc 1 2626 5 is_stmt 1 view .LVU1208
 3473 0018 0268     		ldr	r2, [r0]
 3474 001a 9369     		ldr	r3, [r2, #24]
 3475 001c 23F00403 		bic	r3, r3, #4
 3476 0020 9361     		str	r3, [r2, #24]
2629:Drivers/STM32H5xx_HAL_Driver/Src/stm32h5xx_hal_fdcan.c ****   }
 3477              		.loc 1 2629 5 view .LVU1209
2629:Drivers/STM32H5xx_HAL_Driver/Src/stm32h5xx_hal_fdcan.c ****   }
 3478              		.loc 1 2629 12 is_stmt 0 view .LVU1210
 3479 0022 0020     		movs	r0, #0
 3480              	.LVL260:
2629:Drivers/STM32H5xx_HAL_Driver/Src/stm32h5xx_hal_fdcan.c ****   }
 3481              		.loc 1 2629 12 view .LVU1211
 3482 0024 7047     		bx	lr
 3483              		.cfi_endproc
 3484              	.LFE199:
 3486              		.section	.text.HAL_FDCAN_ConfigInterruptLines,"ax",%progbits
 3487              		.align	1
 3488              		.global	HAL_FDCAN_ConfigInterruptLines
 3489              		.syntax unified
 3490              		.thumb
 3491              		.thumb_func
 3493              	HAL_FDCAN_ConfigInterruptLines:
 3494              	.LVL261:
 3495              	.LFB200:
2672:Drivers/STM32H5xx_HAL_Driver/Src/stm32h5xx_hal_fdcan.c ****   HAL_FDCAN_StateTypeDef state = hfdcan->State;
 3496              		.loc 1 2672 1 is_stmt 1 view -0
 3497              		.cfi_startproc
 3498              		@ args = 0, pretend = 0, frame = 0
 3499              		@ frame_needed = 0, uses_anonymous_args = 0
 3500              		@ link register save eliminated.
2673:Drivers/STM32H5xx_HAL_Driver/Src/stm32h5xx_hal_fdcan.c **** 
 3501              		.loc 1 2673 3 view .LVU1213
2673:Drivers/STM32H5xx_HAL_Driver/Src/stm32h5xx_hal_fdcan.c **** 
 3502              		.loc 1 2673 26 is_stmt 0 view .LVU1214
 3503 0000 90F85C30 		ldrb	r3, [r0, #92]	@ zero_extendqisi2
 3504              	.LVL262:
2676:Drivers/STM32H5xx_HAL_Driver/Src/stm32h5xx_hal_fdcan.c ****   assert_param(IS_FDCAN_IT_LINE(InterruptLine));
 3505              		.loc 1 2676 3 is_stmt 1 view .LVU1215
2677:Drivers/STM32H5xx_HAL_Driver/Src/stm32h5xx_hal_fdcan.c **** 
 3506              		.loc 1 2677 3 view .LVU1216
2679:Drivers/STM32H5xx_HAL_Driver/Src/stm32h5xx_hal_fdcan.c ****   {
 3507              		.loc 1 2679 3 view .LVU1217
ARM GAS  /tmp/cc1KCPzC.s 			page 143


2679:Drivers/STM32H5xx_HAL_Driver/Src/stm32h5xx_hal_fdcan.c ****   {
 3508              		.loc 1 2679 40 is_stmt 0 view .LVU1218
 3509 0004 013B     		subs	r3, r3, #1
 3510              	.LVL263:
2679:Drivers/STM32H5xx_HAL_Driver/Src/stm32h5xx_hal_fdcan.c ****   {
 3511              		.loc 1 2679 40 view .LVU1219
 3512 0006 DBB2     		uxtb	r3, r3
 3513              	.LVL264:
2679:Drivers/STM32H5xx_HAL_Driver/Src/stm32h5xx_hal_fdcan.c ****   {
 3514              		.loc 1 2679 6 view .LVU1220
 3515 0008 012B     		cmp	r3, #1
 3516 000a 05D9     		bls	.L244
2697:Drivers/STM32H5xx_HAL_Driver/Src/stm32h5xx_hal_fdcan.c **** 
 3517              		.loc 1 2697 5 is_stmt 1 view .LVU1221
2697:Drivers/STM32H5xx_HAL_Driver/Src/stm32h5xx_hal_fdcan.c **** 
 3518              		.loc 1 2697 11 is_stmt 0 view .LVU1222
 3519 000c 036E     		ldr	r3, [r0, #96]
2697:Drivers/STM32H5xx_HAL_Driver/Src/stm32h5xx_hal_fdcan.c **** 
 3520              		.loc 1 2697 23 view .LVU1223
 3521 000e 43F00203 		orr	r3, r3, #2
 3522 0012 0366     		str	r3, [r0, #96]
2699:Drivers/STM32H5xx_HAL_Driver/Src/stm32h5xx_hal_fdcan.c ****   }
 3523              		.loc 1 2699 5 is_stmt 1 view .LVU1224
2699:Drivers/STM32H5xx_HAL_Driver/Src/stm32h5xx_hal_fdcan.c ****   }
 3524              		.loc 1 2699 12 is_stmt 0 view .LVU1225
 3525 0014 0120     		movs	r0, #1
 3526              	.LVL265:
2701:Drivers/STM32H5xx_HAL_Driver/Src/stm32h5xx_hal_fdcan.c **** 
 3527              		.loc 1 2701 1 view .LVU1226
 3528 0016 7047     		bx	lr
 3529              	.LVL266:
 3530              	.L244:
2682:Drivers/STM32H5xx_HAL_Driver/Src/stm32h5xx_hal_fdcan.c ****     {
 3531              		.loc 1 2682 5 is_stmt 1 view .LVU1227
2682:Drivers/STM32H5xx_HAL_Driver/Src/stm32h5xx_hal_fdcan.c ****     {
 3532              		.loc 1 2682 8 is_stmt 0 view .LVU1228
 3533 0018 012A     		cmp	r2, #1
 3534 001a 05D0     		beq	.L245
2688:Drivers/STM32H5xx_HAL_Driver/Src/stm32h5xx_hal_fdcan.c ****     }
 3535              		.loc 1 2688 7 is_stmt 1 view .LVU1229
 3536 001c 0268     		ldr	r2, [r0]
 3537              	.LVL267:
2688:Drivers/STM32H5xx_HAL_Driver/Src/stm32h5xx_hal_fdcan.c ****     }
 3538              		.loc 1 2688 7 is_stmt 0 view .LVU1230
 3539 001e 936D     		ldr	r3, [r2, #88]
 3540 0020 0B43     		orrs	r3, r3, r1
 3541 0022 9365     		str	r3, [r2, #88]
 3542              	.L242:
2692:Drivers/STM32H5xx_HAL_Driver/Src/stm32h5xx_hal_fdcan.c ****   }
 3543              		.loc 1 2692 5 is_stmt 1 view .LVU1231
2692:Drivers/STM32H5xx_HAL_Driver/Src/stm32h5xx_hal_fdcan.c ****   }
 3544              		.loc 1 2692 12 is_stmt 0 view .LVU1232
 3545 0024 0020     		movs	r0, #0
 3546              	.LVL268:
2692:Drivers/STM32H5xx_HAL_Driver/Src/stm32h5xx_hal_fdcan.c ****   }
 3547              		.loc 1 2692 12 view .LVU1233
 3548 0026 7047     		bx	lr
ARM GAS  /tmp/cc1KCPzC.s 			page 144


 3549              	.LVL269:
 3550              	.L245:
2684:Drivers/STM32H5xx_HAL_Driver/Src/stm32h5xx_hal_fdcan.c ****     }
 3551              		.loc 1 2684 7 is_stmt 1 view .LVU1234
 3552 0028 0268     		ldr	r2, [r0]
 3553              	.LVL270:
2684:Drivers/STM32H5xx_HAL_Driver/Src/stm32h5xx_hal_fdcan.c ****     }
 3554              		.loc 1 2684 7 is_stmt 0 view .LVU1235
 3555 002a 936D     		ldr	r3, [r2, #88]
 3556 002c 23EA0103 		bic	r3, r3, r1
 3557 0030 9365     		str	r3, [r2, #88]
 3558 0032 F7E7     		b	.L242
 3559              		.cfi_endproc
 3560              	.LFE200:
 3562              		.section	.text.HAL_FDCAN_ActivateNotification,"ax",%progbits
 3563              		.align	1
 3564              		.global	HAL_FDCAN_ActivateNotification
 3565              		.syntax unified
 3566              		.thumb
 3567              		.thumb_func
 3569              	HAL_FDCAN_ActivateNotification:
 3570              	.LVL271:
 3571              	.LFB201:
2718:Drivers/STM32H5xx_HAL_Driver/Src/stm32h5xx_hal_fdcan.c ****   HAL_FDCAN_StateTypeDef state = hfdcan->State;
 3572              		.loc 1 2718 1 is_stmt 1 view -0
 3573              		.cfi_startproc
 3574              		@ args = 0, pretend = 0, frame = 0
 3575              		@ frame_needed = 0, uses_anonymous_args = 0
 3576              		@ link register save eliminated.
2719:Drivers/STM32H5xx_HAL_Driver/Src/stm32h5xx_hal_fdcan.c ****   uint32_t ITs_lines_selection;
 3577              		.loc 1 2719 3 view .LVU1237
2719:Drivers/STM32H5xx_HAL_Driver/Src/stm32h5xx_hal_fdcan.c ****   uint32_t ITs_lines_selection;
 3578              		.loc 1 2719 26 is_stmt 0 view .LVU1238
 3579 0000 90F85C30 		ldrb	r3, [r0, #92]	@ zero_extendqisi2
 3580              	.LVL272:
2720:Drivers/STM32H5xx_HAL_Driver/Src/stm32h5xx_hal_fdcan.c **** 
 3581              		.loc 1 2720 3 is_stmt 1 view .LVU1239
2723:Drivers/STM32H5xx_HAL_Driver/Src/stm32h5xx_hal_fdcan.c ****   if ((ActiveITs & (FDCAN_IT_TX_COMPLETE | FDCAN_IT_TX_ABORT_COMPLETE)) != 0U)
 3582              		.loc 1 2723 3 view .LVU1240
2724:Drivers/STM32H5xx_HAL_Driver/Src/stm32h5xx_hal_fdcan.c ****   {
 3583              		.loc 1 2724 3 view .LVU1241
2726:Drivers/STM32H5xx_HAL_Driver/Src/stm32h5xx_hal_fdcan.c ****   }
 3584              		.loc 1 2726 5 view .LVU1242
2729:Drivers/STM32H5xx_HAL_Driver/Src/stm32h5xx_hal_fdcan.c ****   {
 3585              		.loc 1 2729 3 view .LVU1243
2729:Drivers/STM32H5xx_HAL_Driver/Src/stm32h5xx_hal_fdcan.c ****   {
 3586              		.loc 1 2729 40 is_stmt 0 view .LVU1244
 3587 0004 013B     		subs	r3, r3, #1
 3588              	.LVL273:
2729:Drivers/STM32H5xx_HAL_Driver/Src/stm32h5xx_hal_fdcan.c ****   {
 3589              		.loc 1 2729 40 view .LVU1245
 3590 0006 DBB2     		uxtb	r3, r3
 3591              	.LVL274:
2729:Drivers/STM32H5xx_HAL_Driver/Src/stm32h5xx_hal_fdcan.c ****   {
 3592              		.loc 1 2729 6 view .LVU1246
 3593 0008 012B     		cmp	r3, #1
 3594 000a 05D9     		bls	.L271
ARM GAS  /tmp/cc1KCPzC.s 			page 145


2795:Drivers/STM32H5xx_HAL_Driver/Src/stm32h5xx_hal_fdcan.c **** 
 3595              		.loc 1 2795 5 is_stmt 1 view .LVU1247
2795:Drivers/STM32H5xx_HAL_Driver/Src/stm32h5xx_hal_fdcan.c **** 
 3596              		.loc 1 2795 11 is_stmt 0 view .LVU1248
 3597 000c 036E     		ldr	r3, [r0, #96]
2795:Drivers/STM32H5xx_HAL_Driver/Src/stm32h5xx_hal_fdcan.c **** 
 3598              		.loc 1 2795 23 view .LVU1249
 3599 000e 43F00203 		orr	r3, r3, #2
 3600 0012 0366     		str	r3, [r0, #96]
2797:Drivers/STM32H5xx_HAL_Driver/Src/stm32h5xx_hal_fdcan.c ****   }
 3601              		.loc 1 2797 5 is_stmt 1 view .LVU1250
2797:Drivers/STM32H5xx_HAL_Driver/Src/stm32h5xx_hal_fdcan.c ****   }
 3602              		.loc 1 2797 12 is_stmt 0 view .LVU1251
 3603 0014 0120     		movs	r0, #1
 3604              	.LVL275:
2799:Drivers/STM32H5xx_HAL_Driver/Src/stm32h5xx_hal_fdcan.c **** 
 3605              		.loc 1 2799 1 view .LVU1252
 3606 0016 7047     		bx	lr
 3607              	.LVL276:
 3608              	.L271:
2718:Drivers/STM32H5xx_HAL_Driver/Src/stm32h5xx_hal_fdcan.c ****   HAL_FDCAN_StateTypeDef state = hfdcan->State;
 3609              		.loc 1 2718 1 view .LVU1253
 3610 0018 70B4     		push	{r4, r5, r6}
 3611              	.LCFI19:
 3612              		.cfi_def_cfa_offset 12
 3613              		.cfi_offset 4, -12
 3614              		.cfi_offset 5, -8
 3615              		.cfi_offset 6, -4
2732:Drivers/STM32H5xx_HAL_Driver/Src/stm32h5xx_hal_fdcan.c **** 
 3616              		.loc 1 2732 5 is_stmt 1 view .LVU1254
2732:Drivers/STM32H5xx_HAL_Driver/Src/stm32h5xx_hal_fdcan.c **** 
 3617              		.loc 1 2732 33 is_stmt 0 view .LVU1255
 3618 001a 0468     		ldr	r4, [r0]
2732:Drivers/STM32H5xx_HAL_Driver/Src/stm32h5xx_hal_fdcan.c **** 
 3619              		.loc 1 2732 25 view .LVU1256
 3620 001c A36D     		ldr	r3, [r4, #88]
 3621              	.LVL277:
2735:Drivers/STM32H5xx_HAL_Driver/Src/stm32h5xx_hal_fdcan.c ****          && (((ITs_lines_selection) & FDCAN_IT_GROUP_RX_FIFO0) == 0U)) || \
 3622              		.loc 1 2735 5 is_stmt 1 view .LVU1257
2735:Drivers/STM32H5xx_HAL_Driver/Src/stm32h5xx_hal_fdcan.c ****          && (((ITs_lines_selection) & FDCAN_IT_GROUP_RX_FIFO0) == 0U)) || \
 3623              		.loc 1 2735 8 is_stmt 0 view .LVU1258
 3624 001e 11F00706 		ands	r6, r1, #7
 3625 0022 02D0     		beq	.L248
2736:Drivers/STM32H5xx_HAL_Driver/Src/stm32h5xx_hal_fdcan.c ****         (((ActiveITs & FDCAN_IT_LIST_RX_FIFO1)       != 0U)
 3626              		.loc 1 2736 10 view .LVU1259
 3627 0024 13F0010F 		tst	r3, #1
 3628 0028 23D0     		beq	.L249
 3629              	.L248:
2736:Drivers/STM32H5xx_HAL_Driver/Src/stm32h5xx_hal_fdcan.c ****         (((ActiveITs & FDCAN_IT_LIST_RX_FIFO1)       != 0U)
 3630              		.loc 1 2736 72 discriminator 1 view .LVU1260
 3631 002a 11F0380F 		tst	r1, #56
 3632 002e 02D0     		beq	.L250
2738:Drivers/STM32H5xx_HAL_Driver/Src/stm32h5xx_hal_fdcan.c ****         (((ActiveITs & FDCAN_IT_LIST_SMSG)           != 0U)
 3633              		.loc 1 2738 10 view .LVU1261
 3634 0030 13F0020F 		tst	r3, #2
 3635 0034 1DD0     		beq	.L249
 3636              	.L250:
ARM GAS  /tmp/cc1KCPzC.s 			page 146


2738:Drivers/STM32H5xx_HAL_Driver/Src/stm32h5xx_hal_fdcan.c ****         (((ActiveITs & FDCAN_IT_LIST_SMSG)           != 0U)
 3637              		.loc 1 2738 72 discriminator 1 view .LVU1262
 3638 0036 11F4E07F 		tst	r1, #448
 3639 003a 02D0     		beq	.L251
2740:Drivers/STM32H5xx_HAL_Driver/Src/stm32h5xx_hal_fdcan.c ****         (((ActiveITs & FDCAN_IT_LIST_TX_FIFO_ERROR)  != 0U)
 3640              		.loc 1 2740 10 view .LVU1263
 3641 003c 13F0040F 		tst	r3, #4
 3642 0040 17D0     		beq	.L249
 3643              	.L251:
2740:Drivers/STM32H5xx_HAL_Driver/Src/stm32h5xx_hal_fdcan.c ****         (((ActiveITs & FDCAN_IT_LIST_TX_FIFO_ERROR)  != 0U)
 3644              		.loc 1 2740 72 discriminator 1 view .LVU1264
 3645 0042 11F4F05F 		tst	r1, #7680
 3646 0046 02D0     		beq	.L252
2742:Drivers/STM32H5xx_HAL_Driver/Src/stm32h5xx_hal_fdcan.c ****         (((ActiveITs & FDCAN_IT_LIST_MISC)           != 0U)
 3647              		.loc 1 2742 10 view .LVU1265
 3648 0048 13F0080F 		tst	r3, #8
 3649 004c 11D0     		beq	.L249
 3650              	.L252:
2742:Drivers/STM32H5xx_HAL_Driver/Src/stm32h5xx_hal_fdcan.c ****         (((ActiveITs & FDCAN_IT_LIST_MISC)           != 0U)
 3651              		.loc 1 2742 78 discriminator 1 view .LVU1266
 3652 004e 11F4604F 		tst	r1, #57344
 3653 0052 02D0     		beq	.L253
2744:Drivers/STM32H5xx_HAL_Driver/Src/stm32h5xx_hal_fdcan.c ****         (((ActiveITs & FDCAN_IT_LIST_BIT_LINE_ERROR) != 0U)
 3654              		.loc 1 2744 10 view .LVU1267
 3655 0054 13F0100F 		tst	r3, #16
 3656 0058 0BD0     		beq	.L249
 3657              	.L253:
2744:Drivers/STM32H5xx_HAL_Driver/Src/stm32h5xx_hal_fdcan.c ****         (((ActiveITs & FDCAN_IT_LIST_BIT_LINE_ERROR) != 0U)
 3658              		.loc 1 2744 78 discriminator 1 view .LVU1268
 3659 005a 11F4403F 		tst	r1, #196608
 3660 005e 02D0     		beq	.L254
2746:Drivers/STM32H5xx_HAL_Driver/Src/stm32h5xx_hal_fdcan.c ****         (((ActiveITs & FDCAN_IT_LIST_PROTOCOL_ERROR) != 0U)
 3661              		.loc 1 2746 10 view .LVU1269
 3662 0060 13F0200F 		tst	r3, #32
 3663 0064 05D0     		beq	.L249
 3664              	.L254:
2746:Drivers/STM32H5xx_HAL_Driver/Src/stm32h5xx_hal_fdcan.c ****         (((ActiveITs & FDCAN_IT_LIST_PROTOCOL_ERROR) != 0U)
 3665              		.loc 1 2746 78 discriminator 1 view .LVU1270
 3666 0066 11F47C0F 		tst	r1, #16515072
 3667 006a 06D0     		beq	.L255
2748:Drivers/STM32H5xx_HAL_Driver/Src/stm32h5xx_hal_fdcan.c ****     {
 3668              		.loc 1 2748 10 view .LVU1271
 3669 006c 13F0400F 		tst	r3, #64
 3670 0070 03D1     		bne	.L255
 3671              	.L249:
2751:Drivers/STM32H5xx_HAL_Driver/Src/stm32h5xx_hal_fdcan.c ****     }
 3672              		.loc 1 2751 7 is_stmt 1 view .LVU1272
 3673 0072 E56D     		ldr	r5, [r4, #92]
 3674 0074 45F00105 		orr	r5, r5, #1
 3675 0078 E565     		str	r5, [r4, #92]
 3676              	.L255:
2753:Drivers/STM32H5xx_HAL_Driver/Src/stm32h5xx_hal_fdcan.c ****          && (((ITs_lines_selection) & FDCAN_IT_GROUP_RX_FIFO0)      != 0U)) || \
 3677              		.loc 1 2753 5 view .LVU1273
2753:Drivers/STM32H5xx_HAL_Driver/Src/stm32h5xx_hal_fdcan.c ****          && (((ITs_lines_selection) & FDCAN_IT_GROUP_RX_FIFO0)      != 0U)) || \
 3678              		.loc 1 2753 8 is_stmt 0 view .LVU1274
 3679 007a 16B1     		cbz	r6, .L256
2754:Drivers/STM32H5xx_HAL_Driver/Src/stm32h5xx_hal_fdcan.c ****         (((ActiveITs & FDCAN_IT_LIST_RX_FIFO1)       != 0U)
ARM GAS  /tmp/cc1KCPzC.s 			page 147


 3680              		.loc 1 2754 10 view .LVU1275
 3681 007c 13F0010F 		tst	r3, #1
 3682 0080 23D1     		bne	.L257
 3683              	.L256:
2754:Drivers/STM32H5xx_HAL_Driver/Src/stm32h5xx_hal_fdcan.c ****         (((ActiveITs & FDCAN_IT_LIST_RX_FIFO1)       != 0U)
 3684              		.loc 1 2754 77 discriminator 1 view .LVU1276
 3685 0082 11F0380F 		tst	r1, #56
 3686 0086 02D0     		beq	.L258
2756:Drivers/STM32H5xx_HAL_Driver/Src/stm32h5xx_hal_fdcan.c ****         (((ActiveITs & FDCAN_IT_LIST_SMSG)           != 0U)
 3687              		.loc 1 2756 10 view .LVU1277
 3688 0088 13F0020F 		tst	r3, #2
 3689 008c 1DD1     		bne	.L257
 3690              	.L258:
2756:Drivers/STM32H5xx_HAL_Driver/Src/stm32h5xx_hal_fdcan.c ****         (((ActiveITs & FDCAN_IT_LIST_SMSG)           != 0U)
 3691              		.loc 1 2756 78 discriminator 1 view .LVU1278
 3692 008e 11F4E07F 		tst	r1, #448
 3693 0092 02D0     		beq	.L259
2758:Drivers/STM32H5xx_HAL_Driver/Src/stm32h5xx_hal_fdcan.c ****         (((ActiveITs & FDCAN_IT_LIST_TX_FIFO_ERROR)  != 0U)
 3694              		.loc 1 2758 10 view .LVU1279
 3695 0094 13F0040F 		tst	r3, #4
 3696 0098 17D1     		bne	.L257
 3697              	.L259:
2758:Drivers/STM32H5xx_HAL_Driver/Src/stm32h5xx_hal_fdcan.c ****         (((ActiveITs & FDCAN_IT_LIST_TX_FIFO_ERROR)  != 0U)
 3698              		.loc 1 2758 78 discriminator 1 view .LVU1280
 3699 009a 11F4F05F 		tst	r1, #7680
 3700 009e 02D0     		beq	.L260
2760:Drivers/STM32H5xx_HAL_Driver/Src/stm32h5xx_hal_fdcan.c ****         (((ActiveITs & FDCAN_IT_LIST_MISC)           != 0U)
 3701              		.loc 1 2760 10 view .LVU1281
 3702 00a0 13F0080F 		tst	r3, #8
 3703 00a4 11D1     		bne	.L257
 3704              	.L260:
2760:Drivers/STM32H5xx_HAL_Driver/Src/stm32h5xx_hal_fdcan.c ****         (((ActiveITs & FDCAN_IT_LIST_MISC)           != 0U)
 3705              		.loc 1 2760 78 discriminator 1 view .LVU1282
 3706 00a6 11F4604F 		tst	r1, #57344
 3707 00aa 02D0     		beq	.L261
2762:Drivers/STM32H5xx_HAL_Driver/Src/stm32h5xx_hal_fdcan.c ****         (((ActiveITs & FDCAN_IT_LIST_BIT_LINE_ERROR) != 0U)
 3708              		.loc 1 2762 10 view .LVU1283
 3709 00ac 13F0100F 		tst	r3, #16
 3710 00b0 0BD1     		bne	.L257
 3711              	.L261:
2762:Drivers/STM32H5xx_HAL_Driver/Src/stm32h5xx_hal_fdcan.c ****         (((ActiveITs & FDCAN_IT_LIST_BIT_LINE_ERROR) != 0U)
 3712              		.loc 1 2762 78 discriminator 1 view .LVU1284
 3713 00b2 11F4403F 		tst	r1, #196608
 3714 00b6 02D0     		beq	.L262
2764:Drivers/STM32H5xx_HAL_Driver/Src/stm32h5xx_hal_fdcan.c ****         (((ActiveITs & FDCAN_IT_LIST_PROTOCOL_ERROR) != 0U)
 3715              		.loc 1 2764 10 view .LVU1285
 3716 00b8 13F0200F 		tst	r3, #32
 3717 00bc 05D1     		bne	.L257
 3718              	.L262:
2764:Drivers/STM32H5xx_HAL_Driver/Src/stm32h5xx_hal_fdcan.c ****         (((ActiveITs & FDCAN_IT_LIST_PROTOCOL_ERROR) != 0U)
 3719              		.loc 1 2764 78 discriminator 1 view .LVU1286
 3720 00be 11F47C0F 		tst	r1, #16515072
 3721 00c2 07D0     		beq	.L263
2766:Drivers/STM32H5xx_HAL_Driver/Src/stm32h5xx_hal_fdcan.c ****     {
 3722              		.loc 1 2766 10 view .LVU1287
 3723 00c4 13F0400F 		tst	r3, #64
 3724 00c8 04D0     		beq	.L263
ARM GAS  /tmp/cc1KCPzC.s 			page 148


 3725              	.L257:
2769:Drivers/STM32H5xx_HAL_Driver/Src/stm32h5xx_hal_fdcan.c ****     }
 3726              		.loc 1 2769 7 is_stmt 1 view .LVU1288
 3727 00ca 0468     		ldr	r4, [r0]
 3728 00cc E36D     		ldr	r3, [r4, #92]
 3729              	.LVL278:
2769:Drivers/STM32H5xx_HAL_Driver/Src/stm32h5xx_hal_fdcan.c ****     }
 3730              		.loc 1 2769 7 is_stmt 0 view .LVU1289
 3731 00ce 43F00203 		orr	r3, r3, #2
 3732 00d2 E365     		str	r3, [r4, #92]
 3733              	.L263:
2772:Drivers/STM32H5xx_HAL_Driver/Src/stm32h5xx_hal_fdcan.c ****     {
 3734              		.loc 1 2772 5 is_stmt 1 view .LVU1290
2772:Drivers/STM32H5xx_HAL_Driver/Src/stm32h5xx_hal_fdcan.c ****     {
 3735              		.loc 1 2772 8 is_stmt 0 view .LVU1291
 3736 00d4 11F0800F 		tst	r1, #128
 3737 00d8 05D0     		beq	.L264
2776:Drivers/STM32H5xx_HAL_Driver/Src/stm32h5xx_hal_fdcan.c ****     }
 3738              		.loc 1 2776 7 is_stmt 1 view .LVU1292
 3739 00da 0468     		ldr	r4, [r0]
 3740 00dc D4F8DC30 		ldr	r3, [r4, #220]
 3741 00e0 1343     		orrs	r3, r3, r2
 3742 00e2 C4F8DC30 		str	r3, [r4, #220]
 3743              	.L264:
2779:Drivers/STM32H5xx_HAL_Driver/Src/stm32h5xx_hal_fdcan.c ****     {
 3744              		.loc 1 2779 5 view .LVU1293
2779:Drivers/STM32H5xx_HAL_Driver/Src/stm32h5xx_hal_fdcan.c ****     {
 3745              		.loc 1 2779 8 is_stmt 0 view .LVU1294
 3746 00e6 11F4807F 		tst	r1, #256
 3747 00ea 05D0     		beq	.L265
2783:Drivers/STM32H5xx_HAL_Driver/Src/stm32h5xx_hal_fdcan.c ****     }
 3748              		.loc 1 2783 7 is_stmt 1 view .LVU1295
 3749 00ec 0468     		ldr	r4, [r0]
 3750 00ee D4F8E030 		ldr	r3, [r4, #224]
 3751 00f2 1343     		orrs	r3, r3, r2
 3752 00f4 C4F8E030 		str	r3, [r4, #224]
 3753              	.L265:
2787:Drivers/STM32H5xx_HAL_Driver/Src/stm32h5xx_hal_fdcan.c **** 
 3754              		.loc 1 2787 5 view .LVU1296
 3755 00f8 0268     		ldr	r2, [r0]
 3756              	.LVL279:
2787:Drivers/STM32H5xx_HAL_Driver/Src/stm32h5xx_hal_fdcan.c **** 
 3757              		.loc 1 2787 5 is_stmt 0 view .LVU1297
 3758 00fa 536D     		ldr	r3, [r2, #84]
 3759 00fc 0B43     		orrs	r3, r3, r1
 3760 00fe 5365     		str	r3, [r2, #84]
2790:Drivers/STM32H5xx_HAL_Driver/Src/stm32h5xx_hal_fdcan.c ****   }
 3761              		.loc 1 2790 5 is_stmt 1 view .LVU1298
2790:Drivers/STM32H5xx_HAL_Driver/Src/stm32h5xx_hal_fdcan.c ****   }
 3762              		.loc 1 2790 12 is_stmt 0 view .LVU1299
 3763 0100 0020     		movs	r0, #0
 3764              	.LVL280:
2799:Drivers/STM32H5xx_HAL_Driver/Src/stm32h5xx_hal_fdcan.c **** 
 3765              		.loc 1 2799 1 view .LVU1300
 3766 0102 70BC     		pop	{r4, r5, r6}
 3767              	.LCFI20:
 3768              		.cfi_restore 6
ARM GAS  /tmp/cc1KCPzC.s 			page 149


 3769              		.cfi_restore 5
 3770              		.cfi_restore 4
 3771              		.cfi_def_cfa_offset 0
 3772 0104 7047     		bx	lr
 3773              		.cfi_endproc
 3774              	.LFE201:
 3776              		.section	.text.HAL_FDCAN_DeactivateNotification,"ax",%progbits
 3777              		.align	1
 3778              		.global	HAL_FDCAN_DeactivateNotification
 3779              		.syntax unified
 3780              		.thumb
 3781              		.thumb_func
 3783              	HAL_FDCAN_DeactivateNotification:
 3784              	.LVL281:
 3785              	.LFB202:
2810:Drivers/STM32H5xx_HAL_Driver/Src/stm32h5xx_hal_fdcan.c ****   HAL_FDCAN_StateTypeDef state = hfdcan->State;
 3786              		.loc 1 2810 1 is_stmt 1 view -0
 3787              		.cfi_startproc
 3788              		@ args = 0, pretend = 0, frame = 0
 3789              		@ frame_needed = 0, uses_anonymous_args = 0
 3790              		@ link register save eliminated.
2811:Drivers/STM32H5xx_HAL_Driver/Src/stm32h5xx_hal_fdcan.c ****   uint32_t ITs_enabled;
 3791              		.loc 1 2811 3 view .LVU1302
2811:Drivers/STM32H5xx_HAL_Driver/Src/stm32h5xx_hal_fdcan.c ****   uint32_t ITs_enabled;
 3792              		.loc 1 2811 26 is_stmt 0 view .LVU1303
 3793 0000 90F85C30 		ldrb	r3, [r0, #92]	@ zero_extendqisi2
 3794              	.LVL282:
2812:Drivers/STM32H5xx_HAL_Driver/Src/stm32h5xx_hal_fdcan.c ****   uint32_t ITs_lines_selection;
 3795              		.loc 1 2812 3 is_stmt 1 view .LVU1304
2813:Drivers/STM32H5xx_HAL_Driver/Src/stm32h5xx_hal_fdcan.c **** 
 3796              		.loc 1 2813 3 view .LVU1305
2816:Drivers/STM32H5xx_HAL_Driver/Src/stm32h5xx_hal_fdcan.c **** 
 3797              		.loc 1 2816 3 view .LVU1306
2818:Drivers/STM32H5xx_HAL_Driver/Src/stm32h5xx_hal_fdcan.c ****   {
 3798              		.loc 1 2818 3 view .LVU1307
2818:Drivers/STM32H5xx_HAL_Driver/Src/stm32h5xx_hal_fdcan.c ****   {
 3799              		.loc 1 2818 40 is_stmt 0 view .LVU1308
 3800 0004 013B     		subs	r3, r3, #1
 3801              	.LVL283:
2818:Drivers/STM32H5xx_HAL_Driver/Src/stm32h5xx_hal_fdcan.c ****   {
 3802              		.loc 1 2818 40 view .LVU1309
 3803 0006 DBB2     		uxtb	r3, r3
 3804              	.LVL284:
2818:Drivers/STM32H5xx_HAL_Driver/Src/stm32h5xx_hal_fdcan.c ****   {
 3805              		.loc 1 2818 6 view .LVU1310
 3806 0008 012B     		cmp	r3, #1
 3807 000a 05D9     		bls	.L297
2893:Drivers/STM32H5xx_HAL_Driver/Src/stm32h5xx_hal_fdcan.c **** 
 3808              		.loc 1 2893 5 is_stmt 1 view .LVU1311
2893:Drivers/STM32H5xx_HAL_Driver/Src/stm32h5xx_hal_fdcan.c **** 
 3809              		.loc 1 2893 11 is_stmt 0 view .LVU1312
 3810 000c 036E     		ldr	r3, [r0, #96]
2893:Drivers/STM32H5xx_HAL_Driver/Src/stm32h5xx_hal_fdcan.c **** 
 3811              		.loc 1 2893 23 view .LVU1313
 3812 000e 43F00203 		orr	r3, r3, #2
 3813 0012 0366     		str	r3, [r0, #96]
2895:Drivers/STM32H5xx_HAL_Driver/Src/stm32h5xx_hal_fdcan.c ****   }
ARM GAS  /tmp/cc1KCPzC.s 			page 150


 3814              		.loc 1 2895 5 is_stmt 1 view .LVU1314
2895:Drivers/STM32H5xx_HAL_Driver/Src/stm32h5xx_hal_fdcan.c ****   }
 3815              		.loc 1 2895 12 is_stmt 0 view .LVU1315
 3816 0014 0120     		movs	r0, #1
 3817              	.LVL285:
2897:Drivers/STM32H5xx_HAL_Driver/Src/stm32h5xx_hal_fdcan.c **** 
 3818              		.loc 1 2897 1 view .LVU1316
 3819 0016 7047     		bx	lr
 3820              	.LVL286:
 3821              	.L297:
2810:Drivers/STM32H5xx_HAL_Driver/Src/stm32h5xx_hal_fdcan.c ****   HAL_FDCAN_StateTypeDef state = hfdcan->State;
 3822              		.loc 1 2810 1 view .LVU1317
 3823 0018 30B4     		push	{r4, r5}
 3824              	.LCFI21:
 3825              		.cfi_def_cfa_offset 8
 3826              		.cfi_offset 4, -8
 3827              		.cfi_offset 5, -4
2821:Drivers/STM32H5xx_HAL_Driver/Src/stm32h5xx_hal_fdcan.c **** 
 3828              		.loc 1 2821 5 is_stmt 1 view .LVU1318
 3829 001a 0268     		ldr	r2, [r0]
 3830 001c 536D     		ldr	r3, [r2, #84]
 3831 001e 23EA0103 		bic	r3, r3, r1
 3832 0022 5365     		str	r3, [r2, #84]
2823:Drivers/STM32H5xx_HAL_Driver/Src/stm32h5xx_hal_fdcan.c ****     {
 3833              		.loc 1 2823 5 view .LVU1319
2823:Drivers/STM32H5xx_HAL_Driver/Src/stm32h5xx_hal_fdcan.c ****     {
 3834              		.loc 1 2823 8 is_stmt 0 view .LVU1320
 3835 0024 11F0800F 		tst	r1, #128
 3836 0028 03D0     		beq	.L274
2826:Drivers/STM32H5xx_HAL_Driver/Src/stm32h5xx_hal_fdcan.c ****     }
 3837              		.loc 1 2826 7 is_stmt 1 view .LVU1321
 3838 002a 0368     		ldr	r3, [r0]
 3839 002c 0022     		movs	r2, #0
 3840 002e C3F8DC20 		str	r2, [r3, #220]
 3841              	.L274:
2829:Drivers/STM32H5xx_HAL_Driver/Src/stm32h5xx_hal_fdcan.c ****     {
 3842              		.loc 1 2829 5 view .LVU1322
2829:Drivers/STM32H5xx_HAL_Driver/Src/stm32h5xx_hal_fdcan.c ****     {
 3843              		.loc 1 2829 8 is_stmt 0 view .LVU1323
 3844 0032 11F4807F 		tst	r1, #256
 3845 0036 03D0     		beq	.L275
2832:Drivers/STM32H5xx_HAL_Driver/Src/stm32h5xx_hal_fdcan.c ****     }
 3846              		.loc 1 2832 7 is_stmt 1 view .LVU1324
 3847 0038 0368     		ldr	r3, [r0]
 3848 003a 0022     		movs	r2, #0
 3849 003c C3F8E020 		str	r2, [r3, #224]
 3850              	.L275:
2836:Drivers/STM32H5xx_HAL_Driver/Src/stm32h5xx_hal_fdcan.c ****     ITs_lines_selection = hfdcan->Instance->ILS;
 3851              		.loc 1 2836 5 view .LVU1325
2836:Drivers/STM32H5xx_HAL_Driver/Src/stm32h5xx_hal_fdcan.c ****     ITs_lines_selection = hfdcan->Instance->ILS;
 3852              		.loc 1 2836 25 is_stmt 0 view .LVU1326
 3853 0040 0168     		ldr	r1, [r0]
 3854              	.LVL287:
2836:Drivers/STM32H5xx_HAL_Driver/Src/stm32h5xx_hal_fdcan.c ****     ITs_lines_selection = hfdcan->Instance->ILS;
 3855              		.loc 1 2836 17 view .LVU1327
 3856 0042 4B6D     		ldr	r3, [r1, #84]
 3857              	.LVL288:
ARM GAS  /tmp/cc1KCPzC.s 			page 151


2837:Drivers/STM32H5xx_HAL_Driver/Src/stm32h5xx_hal_fdcan.c **** 
 3858              		.loc 1 2837 5 is_stmt 1 view .LVU1328
2837:Drivers/STM32H5xx_HAL_Driver/Src/stm32h5xx_hal_fdcan.c **** 
 3859              		.loc 1 2837 25 is_stmt 0 view .LVU1329
 3860 0044 8A6D     		ldr	r2, [r1, #88]
 3861              	.LVL289:
2840:Drivers/STM32H5xx_HAL_Driver/Src/stm32h5xx_hal_fdcan.c ****          && (((ITs_lines_selection) & FDCAN_IT_GROUP_RX_FIFO0)       == 0U)) || \
 3862              		.loc 1 2840 5 is_stmt 1 view .LVU1330
2840:Drivers/STM32H5xx_HAL_Driver/Src/stm32h5xx_hal_fdcan.c ****          && (((ITs_lines_selection) & FDCAN_IT_GROUP_RX_FIFO0)       == 0U)) || \
 3863              		.loc 1 2840 8 is_stmt 0 view .LVU1331
 3864 0046 13F00704 		ands	r4, r3, #7
 3865 004a 02D0     		beq	.L276
2841:Drivers/STM32H5xx_HAL_Driver/Src/stm32h5xx_hal_fdcan.c ****         (((ITs_enabled & FDCAN_IT_LIST_RX_FIFO1)       != 0U)
 3866              		.loc 1 2841 10 view .LVU1332
 3867 004c 12F0010F 		tst	r2, #1
 3868 0050 27D0     		beq	.L277
 3869              	.L276:
2841:Drivers/STM32H5xx_HAL_Driver/Src/stm32h5xx_hal_fdcan.c ****         (((ITs_enabled & FDCAN_IT_LIST_RX_FIFO1)       != 0U)
 3870              		.loc 1 2841 78 discriminator 1 view .LVU1333
 3871 0052 13F0380F 		tst	r3, #56
 3872 0056 02D0     		beq	.L278
2843:Drivers/STM32H5xx_HAL_Driver/Src/stm32h5xx_hal_fdcan.c ****         (((ITs_enabled & FDCAN_IT_LIST_SMSG)           != 0U)
 3873              		.loc 1 2843 10 view .LVU1334
 3874 0058 12F0020F 		tst	r2, #2
 3875 005c 21D0     		beq	.L277
 3876              	.L278:
2843:Drivers/STM32H5xx_HAL_Driver/Src/stm32h5xx_hal_fdcan.c ****         (((ITs_enabled & FDCAN_IT_LIST_SMSG)           != 0U)
 3877              		.loc 1 2843 78 discriminator 1 view .LVU1335
 3878 005e 13F4E07F 		tst	r3, #448
 3879 0062 02D0     		beq	.L279
2845:Drivers/STM32H5xx_HAL_Driver/Src/stm32h5xx_hal_fdcan.c ****         (((ITs_enabled & FDCAN_IT_LIST_TX_FIFO_ERROR)  != 0U)
 3880              		.loc 1 2845 10 view .LVU1336
 3881 0064 12F0040F 		tst	r2, #4
 3882 0068 1BD0     		beq	.L277
 3883              	.L279:
2845:Drivers/STM32H5xx_HAL_Driver/Src/stm32h5xx_hal_fdcan.c ****         (((ITs_enabled & FDCAN_IT_LIST_TX_FIFO_ERROR)  != 0U)
 3884              		.loc 1 2845 78 discriminator 1 view .LVU1337
 3885 006a 13F4F05F 		tst	r3, #7680
 3886 006e 02D0     		beq	.L280
2847:Drivers/STM32H5xx_HAL_Driver/Src/stm32h5xx_hal_fdcan.c ****         (((ITs_enabled & FDCAN_IT_LIST_MISC)           != 0U)
 3887              		.loc 1 2847 10 view .LVU1338
 3888 0070 12F0080F 		tst	r2, #8
 3889 0074 15D0     		beq	.L277
 3890              	.L280:
2847:Drivers/STM32H5xx_HAL_Driver/Src/stm32h5xx_hal_fdcan.c ****         (((ITs_enabled & FDCAN_IT_LIST_MISC)           != 0U)
 3891              		.loc 1 2847 78 discriminator 1 view .LVU1339
 3892 0076 13F4604F 		tst	r3, #57344
 3893 007a 02D0     		beq	.L281
2849:Drivers/STM32H5xx_HAL_Driver/Src/stm32h5xx_hal_fdcan.c ****         (((ITs_enabled & FDCAN_IT_LIST_BIT_LINE_ERROR) != 0U)
 3894              		.loc 1 2849 10 view .LVU1340
 3895 007c 12F0100F 		tst	r2, #16
 3896 0080 0FD0     		beq	.L277
 3897              	.L281:
2849:Drivers/STM32H5xx_HAL_Driver/Src/stm32h5xx_hal_fdcan.c ****         (((ITs_enabled & FDCAN_IT_LIST_BIT_LINE_ERROR) != 0U)
 3898              		.loc 1 2849 78 discriminator 1 view .LVU1341
 3899 0082 13F4403F 		tst	r3, #196608
 3900 0086 02D0     		beq	.L282
ARM GAS  /tmp/cc1KCPzC.s 			page 152


2851:Drivers/STM32H5xx_HAL_Driver/Src/stm32h5xx_hal_fdcan.c ****         (((ITs_enabled & FDCAN_IT_LIST_PROTOCOL_ERROR) != 0U)
 3901              		.loc 1 2851 10 view .LVU1342
 3902 0088 12F0200F 		tst	r2, #32
 3903 008c 09D0     		beq	.L277
 3904              	.L282:
2851:Drivers/STM32H5xx_HAL_Driver/Src/stm32h5xx_hal_fdcan.c ****         (((ITs_enabled & FDCAN_IT_LIST_PROTOCOL_ERROR) != 0U)
 3905              		.loc 1 2851 78 discriminator 1 view .LVU1343
 3906 008e 13F47C0F 		tst	r3, #16515072
 3907 0092 02D0     		beq	.L283
2853:Drivers/STM32H5xx_HAL_Driver/Src/stm32h5xx_hal_fdcan.c ****     {
 3908              		.loc 1 2853 10 view .LVU1344
 3909 0094 12F0400F 		tst	r2, #64
 3910 0098 03D0     		beq	.L277
 3911              	.L283:
2860:Drivers/STM32H5xx_HAL_Driver/Src/stm32h5xx_hal_fdcan.c ****     }
 3912              		.loc 1 2860 7 is_stmt 1 view .LVU1345
 3913 009a CD6D     		ldr	r5, [r1, #92]
 3914 009c 25F00105 		bic	r5, r5, #1
 3915 00a0 CD65     		str	r5, [r1, #92]
 3916              	.L277:
2864:Drivers/STM32H5xx_HAL_Driver/Src/stm32h5xx_hal_fdcan.c ****          && (((ITs_lines_selection) & FDCAN_IT_GROUP_RX_FIFO0)       != 0U)) || \
 3917              		.loc 1 2864 5 view .LVU1346
2864:Drivers/STM32H5xx_HAL_Driver/Src/stm32h5xx_hal_fdcan.c ****          && (((ITs_lines_selection) & FDCAN_IT_GROUP_RX_FIFO0)       != 0U)) || \
 3918              		.loc 1 2864 8 is_stmt 0 view .LVU1347
 3919 00a2 14B1     		cbz	r4, .L284
2865:Drivers/STM32H5xx_HAL_Driver/Src/stm32h5xx_hal_fdcan.c ****         (((ITs_enabled & FDCAN_IT_LIST_RX_FIFO1)       != 0U)
 3920              		.loc 1 2865 10 view .LVU1348
 3921 00a4 12F0010F 		tst	r2, #1
 3922 00a8 28D1     		bne	.L285
 3923              	.L284:
2865:Drivers/STM32H5xx_HAL_Driver/Src/stm32h5xx_hal_fdcan.c ****         (((ITs_enabled & FDCAN_IT_LIST_RX_FIFO1)       != 0U)
 3924              		.loc 1 2865 78 discriminator 1 view .LVU1349
 3925 00aa 13F0380F 		tst	r3, #56
 3926 00ae 02D0     		beq	.L286
2867:Drivers/STM32H5xx_HAL_Driver/Src/stm32h5xx_hal_fdcan.c ****         (((ITs_enabled & FDCAN_IT_LIST_SMSG)           != 0U)
 3927              		.loc 1 2867 10 view .LVU1350
 3928 00b0 12F0020F 		tst	r2, #2
 3929 00b4 22D1     		bne	.L285
 3930              	.L286:
2867:Drivers/STM32H5xx_HAL_Driver/Src/stm32h5xx_hal_fdcan.c ****         (((ITs_enabled & FDCAN_IT_LIST_SMSG)           != 0U)
 3931              		.loc 1 2867 78 discriminator 1 view .LVU1351
 3932 00b6 13F4E07F 		tst	r3, #448
 3933 00ba 02D0     		beq	.L287
2869:Drivers/STM32H5xx_HAL_Driver/Src/stm32h5xx_hal_fdcan.c ****         (((ITs_enabled & FDCAN_IT_LIST_TX_FIFO_ERROR)  != 0U)
 3934              		.loc 1 2869 10 view .LVU1352
 3935 00bc 12F0040F 		tst	r2, #4
 3936 00c0 1CD1     		bne	.L285
 3937              	.L287:
2869:Drivers/STM32H5xx_HAL_Driver/Src/stm32h5xx_hal_fdcan.c ****         (((ITs_enabled & FDCAN_IT_LIST_TX_FIFO_ERROR)  != 0U)
 3938              		.loc 1 2869 78 discriminator 1 view .LVU1353
 3939 00c2 13F4F05F 		tst	r3, #7680
 3940 00c6 02D0     		beq	.L288
2871:Drivers/STM32H5xx_HAL_Driver/Src/stm32h5xx_hal_fdcan.c ****         (((ITs_enabled & FDCAN_IT_LIST_MISC)           != 0U)
 3941              		.loc 1 2871 10 view .LVU1354
 3942 00c8 12F0080F 		tst	r2, #8
 3943 00cc 16D1     		bne	.L285
 3944              	.L288:
ARM GAS  /tmp/cc1KCPzC.s 			page 153


2871:Drivers/STM32H5xx_HAL_Driver/Src/stm32h5xx_hal_fdcan.c ****         (((ITs_enabled & FDCAN_IT_LIST_MISC)           != 0U)
 3945              		.loc 1 2871 78 discriminator 1 view .LVU1355
 3946 00ce 13F4604F 		tst	r3, #57344
 3947 00d2 02D0     		beq	.L289
2873:Drivers/STM32H5xx_HAL_Driver/Src/stm32h5xx_hal_fdcan.c ****         (((ITs_enabled & FDCAN_IT_LIST_BIT_LINE_ERROR) != 0U)
 3948              		.loc 1 2873 10 view .LVU1356
 3949 00d4 12F0100F 		tst	r2, #16
 3950 00d8 10D1     		bne	.L285
 3951              	.L289:
2873:Drivers/STM32H5xx_HAL_Driver/Src/stm32h5xx_hal_fdcan.c ****         (((ITs_enabled & FDCAN_IT_LIST_BIT_LINE_ERROR) != 0U)
 3952              		.loc 1 2873 78 discriminator 1 view .LVU1357
 3953 00da 13F4403F 		tst	r3, #196608
 3954 00de 02D0     		beq	.L290
2875:Drivers/STM32H5xx_HAL_Driver/Src/stm32h5xx_hal_fdcan.c ****         (((ITs_enabled & FDCAN_IT_LIST_PROTOCOL_ERROR) != 0U)
 3955              		.loc 1 2875 10 view .LVU1358
 3956 00e0 12F0200F 		tst	r2, #32
 3957 00e4 0AD1     		bne	.L285
 3958              	.L290:
2875:Drivers/STM32H5xx_HAL_Driver/Src/stm32h5xx_hal_fdcan.c ****         (((ITs_enabled & FDCAN_IT_LIST_PROTOCOL_ERROR) != 0U)
 3959              		.loc 1 2875 78 discriminator 1 view .LVU1359
 3960 00e6 13F47C0F 		tst	r3, #16515072
 3961 00ea 02D0     		beq	.L291
2877:Drivers/STM32H5xx_HAL_Driver/Src/stm32h5xx_hal_fdcan.c ****     {
 3962              		.loc 1 2877 10 view .LVU1360
 3963 00ec 12F0400F 		tst	r2, #64
 3964 00f0 04D1     		bne	.L285
 3965              	.L291:
2884:Drivers/STM32H5xx_HAL_Driver/Src/stm32h5xx_hal_fdcan.c ****     }
 3966              		.loc 1 2884 7 is_stmt 1 view .LVU1361
 3967 00f2 0268     		ldr	r2, [r0]
 3968              	.LVL290:
2884:Drivers/STM32H5xx_HAL_Driver/Src/stm32h5xx_hal_fdcan.c ****     }
 3969              		.loc 1 2884 7 is_stmt 0 view .LVU1362
 3970 00f4 D36D     		ldr	r3, [r2, #92]
 3971              	.LVL291:
2884:Drivers/STM32H5xx_HAL_Driver/Src/stm32h5xx_hal_fdcan.c ****     }
 3972              		.loc 1 2884 7 view .LVU1363
 3973 00f6 23F00203 		bic	r3, r3, #2
 3974 00fa D365     		str	r3, [r2, #92]
 3975              	.L285:
2888:Drivers/STM32H5xx_HAL_Driver/Src/stm32h5xx_hal_fdcan.c ****   }
 3976              		.loc 1 2888 5 is_stmt 1 view .LVU1364
2888:Drivers/STM32H5xx_HAL_Driver/Src/stm32h5xx_hal_fdcan.c ****   }
 3977              		.loc 1 2888 12 is_stmt 0 view .LVU1365
 3978 00fc 0020     		movs	r0, #0
 3979              	.LVL292:
2897:Drivers/STM32H5xx_HAL_Driver/Src/stm32h5xx_hal_fdcan.c **** 
 3980              		.loc 1 2897 1 view .LVU1366
 3981 00fe 30BC     		pop	{r4, r5}
 3982              	.LCFI22:
 3983              		.cfi_restore 5
 3984              		.cfi_restore 4
 3985              		.cfi_def_cfa_offset 0
 3986 0100 7047     		bx	lr
 3987              		.cfi_endproc
 3988              	.LFE202:
 3990              		.section	.text.HAL_FDCAN_TxEventFifoCallback,"ax",%progbits
ARM GAS  /tmp/cc1KCPzC.s 			page 154


 3991              		.align	1
 3992              		.weak	HAL_FDCAN_TxEventFifoCallback
 3993              		.syntax unified
 3994              		.thumb
 3995              		.thumb_func
 3997              	HAL_FDCAN_TxEventFifoCallback:
 3998              	.LVL293:
 3999              	.LFB204:
3179:Drivers/STM32H5xx_HAL_Driver/Src/stm32h5xx_hal_fdcan.c ****   /* Prevent unused argument(s) compilation warning */
 4000              		.loc 1 3179 1 is_stmt 1 view -0
 4001              		.cfi_startproc
 4002              		@ args = 0, pretend = 0, frame = 0
 4003              		@ frame_needed = 0, uses_anonymous_args = 0
 4004              		@ link register save eliminated.
3181:Drivers/STM32H5xx_HAL_Driver/Src/stm32h5xx_hal_fdcan.c ****   UNUSED(TxEventFifoITs);
 4005              		.loc 1 3181 3 view .LVU1368
3182:Drivers/STM32H5xx_HAL_Driver/Src/stm32h5xx_hal_fdcan.c **** 
 4006              		.loc 1 3182 3 view .LVU1369
3187:Drivers/STM32H5xx_HAL_Driver/Src/stm32h5xx_hal_fdcan.c **** 
 4007              		.loc 1 3187 1 is_stmt 0 view .LVU1370
 4008 0000 7047     		bx	lr
 4009              		.cfi_endproc
 4010              	.LFE204:
 4012              		.section	.text.HAL_FDCAN_RxFifo0Callback,"ax",%progbits
 4013              		.align	1
 4014              		.weak	HAL_FDCAN_RxFifo0Callback
 4015              		.syntax unified
 4016              		.thumb
 4017              		.thumb_func
 4019              	HAL_FDCAN_RxFifo0Callback:
 4020              	.LVL294:
 4021              	.LFB205:
3198:Drivers/STM32H5xx_HAL_Driver/Src/stm32h5xx_hal_fdcan.c ****   /* Prevent unused argument(s) compilation warning */
 4022              		.loc 1 3198 1 is_stmt 1 view -0
 4023              		.cfi_startproc
 4024              		@ args = 0, pretend = 0, frame = 0
 4025              		@ frame_needed = 0, uses_anonymous_args = 0
 4026              		@ link register save eliminated.
3200:Drivers/STM32H5xx_HAL_Driver/Src/stm32h5xx_hal_fdcan.c ****   UNUSED(RxFifo0ITs);
 4027              		.loc 1 3200 3 view .LVU1372
3201:Drivers/STM32H5xx_HAL_Driver/Src/stm32h5xx_hal_fdcan.c **** 
 4028              		.loc 1 3201 3 view .LVU1373
3206:Drivers/STM32H5xx_HAL_Driver/Src/stm32h5xx_hal_fdcan.c **** 
 4029              		.loc 1 3206 1 is_stmt 0 view .LVU1374
 4030 0000 7047     		bx	lr
 4031              		.cfi_endproc
 4032              	.LFE205:
 4034              		.section	.text.HAL_FDCAN_RxFifo1Callback,"ax",%progbits
 4035              		.align	1
 4036              		.weak	HAL_FDCAN_RxFifo1Callback
 4037              		.syntax unified
 4038              		.thumb
 4039              		.thumb_func
 4041              	HAL_FDCAN_RxFifo1Callback:
 4042              	.LVL295:
 4043              	.LFB206:
3217:Drivers/STM32H5xx_HAL_Driver/Src/stm32h5xx_hal_fdcan.c ****   /* Prevent unused argument(s) compilation warning */
ARM GAS  /tmp/cc1KCPzC.s 			page 155


 4044              		.loc 1 3217 1 is_stmt 1 view -0
 4045              		.cfi_startproc
 4046              		@ args = 0, pretend = 0, frame = 0
 4047              		@ frame_needed = 0, uses_anonymous_args = 0
 4048              		@ link register save eliminated.
3219:Drivers/STM32H5xx_HAL_Driver/Src/stm32h5xx_hal_fdcan.c ****   UNUSED(RxFifo1ITs);
 4049              		.loc 1 3219 3 view .LVU1376
3220:Drivers/STM32H5xx_HAL_Driver/Src/stm32h5xx_hal_fdcan.c **** 
 4050              		.loc 1 3220 3 view .LVU1377
3225:Drivers/STM32H5xx_HAL_Driver/Src/stm32h5xx_hal_fdcan.c **** 
 4051              		.loc 1 3225 1 is_stmt 0 view .LVU1378
 4052 0000 7047     		bx	lr
 4053              		.cfi_endproc
 4054              	.LFE206:
 4056              		.section	.text.HAL_FDCAN_TxFifoEmptyCallback,"ax",%progbits
 4057              		.align	1
 4058              		.weak	HAL_FDCAN_TxFifoEmptyCallback
 4059              		.syntax unified
 4060              		.thumb
 4061              		.thumb_func
 4063              	HAL_FDCAN_TxFifoEmptyCallback:
 4064              	.LVL296:
 4065              	.LFB207:
3234:Drivers/STM32H5xx_HAL_Driver/Src/stm32h5xx_hal_fdcan.c ****   /* Prevent unused argument(s) compilation warning */
 4066              		.loc 1 3234 1 is_stmt 1 view -0
 4067              		.cfi_startproc
 4068              		@ args = 0, pretend = 0, frame = 0
 4069              		@ frame_needed = 0, uses_anonymous_args = 0
 4070              		@ link register save eliminated.
3236:Drivers/STM32H5xx_HAL_Driver/Src/stm32h5xx_hal_fdcan.c **** 
 4071              		.loc 1 3236 3 view .LVU1380
3241:Drivers/STM32H5xx_HAL_Driver/Src/stm32h5xx_hal_fdcan.c **** 
 4072              		.loc 1 3241 1 is_stmt 0 view .LVU1381
 4073 0000 7047     		bx	lr
 4074              		.cfi_endproc
 4075              	.LFE207:
 4077              		.section	.text.HAL_FDCAN_TxBufferCompleteCallback,"ax",%progbits
 4078              		.align	1
 4079              		.weak	HAL_FDCAN_TxBufferCompleteCallback
 4080              		.syntax unified
 4081              		.thumb
 4082              		.thumb_func
 4084              	HAL_FDCAN_TxBufferCompleteCallback:
 4085              	.LVL297:
 4086              	.LFB208:
3252:Drivers/STM32H5xx_HAL_Driver/Src/stm32h5xx_hal_fdcan.c ****   /* Prevent unused argument(s) compilation warning */
 4087              		.loc 1 3252 1 is_stmt 1 view -0
 4088              		.cfi_startproc
 4089              		@ args = 0, pretend = 0, frame = 0
 4090              		@ frame_needed = 0, uses_anonymous_args = 0
 4091              		@ link register save eliminated.
3254:Drivers/STM32H5xx_HAL_Driver/Src/stm32h5xx_hal_fdcan.c ****   UNUSED(BufferIndexes);
 4092              		.loc 1 3254 3 view .LVU1383
3255:Drivers/STM32H5xx_HAL_Driver/Src/stm32h5xx_hal_fdcan.c **** 
 4093              		.loc 1 3255 3 view .LVU1384
3260:Drivers/STM32H5xx_HAL_Driver/Src/stm32h5xx_hal_fdcan.c **** 
 4094              		.loc 1 3260 1 is_stmt 0 view .LVU1385
ARM GAS  /tmp/cc1KCPzC.s 			page 156


 4095 0000 7047     		bx	lr
 4096              		.cfi_endproc
 4097              	.LFE208:
 4099              		.section	.text.HAL_FDCAN_TxBufferAbortCallback,"ax",%progbits
 4100              		.align	1
 4101              		.weak	HAL_FDCAN_TxBufferAbortCallback
 4102              		.syntax unified
 4103              		.thumb
 4104              		.thumb_func
 4106              	HAL_FDCAN_TxBufferAbortCallback:
 4107              	.LVL298:
 4108              	.LFB209:
3271:Drivers/STM32H5xx_HAL_Driver/Src/stm32h5xx_hal_fdcan.c ****   /* Prevent unused argument(s) compilation warning */
 4109              		.loc 1 3271 1 is_stmt 1 view -0
 4110              		.cfi_startproc
 4111              		@ args = 0, pretend = 0, frame = 0
 4112              		@ frame_needed = 0, uses_anonymous_args = 0
 4113              		@ link register save eliminated.
3273:Drivers/STM32H5xx_HAL_Driver/Src/stm32h5xx_hal_fdcan.c ****   UNUSED(BufferIndexes);
 4114              		.loc 1 3273 3 view .LVU1387
3274:Drivers/STM32H5xx_HAL_Driver/Src/stm32h5xx_hal_fdcan.c **** 
 4115              		.loc 1 3274 3 view .LVU1388
3279:Drivers/STM32H5xx_HAL_Driver/Src/stm32h5xx_hal_fdcan.c **** 
 4116              		.loc 1 3279 1 is_stmt 0 view .LVU1389
 4117 0000 7047     		bx	lr
 4118              		.cfi_endproc
 4119              	.LFE209:
 4121              		.section	.text.HAL_FDCAN_TimestampWraparoundCallback,"ax",%progbits
 4122              		.align	1
 4123              		.weak	HAL_FDCAN_TimestampWraparoundCallback
 4124              		.syntax unified
 4125              		.thumb
 4126              		.thumb_func
 4128              	HAL_FDCAN_TimestampWraparoundCallback:
 4129              	.LVL299:
 4130              	.LFB210:
3288:Drivers/STM32H5xx_HAL_Driver/Src/stm32h5xx_hal_fdcan.c ****   /* Prevent unused argument(s) compilation warning */
 4131              		.loc 1 3288 1 is_stmt 1 view -0
 4132              		.cfi_startproc
 4133              		@ args = 0, pretend = 0, frame = 0
 4134              		@ frame_needed = 0, uses_anonymous_args = 0
 4135              		@ link register save eliminated.
3290:Drivers/STM32H5xx_HAL_Driver/Src/stm32h5xx_hal_fdcan.c **** 
 4136              		.loc 1 3290 3 view .LVU1391
3295:Drivers/STM32H5xx_HAL_Driver/Src/stm32h5xx_hal_fdcan.c **** 
 4137              		.loc 1 3295 1 is_stmt 0 view .LVU1392
 4138 0000 7047     		bx	lr
 4139              		.cfi_endproc
 4140              	.LFE210:
 4142              		.section	.text.HAL_FDCAN_TimeoutOccurredCallback,"ax",%progbits
 4143              		.align	1
 4144              		.weak	HAL_FDCAN_TimeoutOccurredCallback
 4145              		.syntax unified
 4146              		.thumb
 4147              		.thumb_func
 4149              	HAL_FDCAN_TimeoutOccurredCallback:
 4150              	.LVL300:
ARM GAS  /tmp/cc1KCPzC.s 			page 157


 4151              	.LFB211:
3304:Drivers/STM32H5xx_HAL_Driver/Src/stm32h5xx_hal_fdcan.c ****   /* Prevent unused argument(s) compilation warning */
 4152              		.loc 1 3304 1 is_stmt 1 view -0
 4153              		.cfi_startproc
 4154              		@ args = 0, pretend = 0, frame = 0
 4155              		@ frame_needed = 0, uses_anonymous_args = 0
 4156              		@ link register save eliminated.
3306:Drivers/STM32H5xx_HAL_Driver/Src/stm32h5xx_hal_fdcan.c **** 
 4157              		.loc 1 3306 3 view .LVU1394
3311:Drivers/STM32H5xx_HAL_Driver/Src/stm32h5xx_hal_fdcan.c **** 
 4158              		.loc 1 3311 1 is_stmt 0 view .LVU1395
 4159 0000 7047     		bx	lr
 4160              		.cfi_endproc
 4161              	.LFE211:
 4163              		.section	.text.HAL_FDCAN_HighPriorityMessageCallback,"ax",%progbits
 4164              		.align	1
 4165              		.weak	HAL_FDCAN_HighPriorityMessageCallback
 4166              		.syntax unified
 4167              		.thumb
 4168              		.thumb_func
 4170              	HAL_FDCAN_HighPriorityMessageCallback:
 4171              	.LVL301:
 4172              	.LFB212:
3320:Drivers/STM32H5xx_HAL_Driver/Src/stm32h5xx_hal_fdcan.c ****   /* Prevent unused argument(s) compilation warning */
 4173              		.loc 1 3320 1 is_stmt 1 view -0
 4174              		.cfi_startproc
 4175              		@ args = 0, pretend = 0, frame = 0
 4176              		@ frame_needed = 0, uses_anonymous_args = 0
 4177              		@ link register save eliminated.
3322:Drivers/STM32H5xx_HAL_Driver/Src/stm32h5xx_hal_fdcan.c **** 
 4178              		.loc 1 3322 3 view .LVU1397
3327:Drivers/STM32H5xx_HAL_Driver/Src/stm32h5xx_hal_fdcan.c **** 
 4179              		.loc 1 3327 1 is_stmt 0 view .LVU1398
 4180 0000 7047     		bx	lr
 4181              		.cfi_endproc
 4182              	.LFE212:
 4184              		.section	.text.HAL_FDCAN_ErrorCallback,"ax",%progbits
 4185              		.align	1
 4186              		.weak	HAL_FDCAN_ErrorCallback
 4187              		.syntax unified
 4188              		.thumb
 4189              		.thumb_func
 4191              	HAL_FDCAN_ErrorCallback:
 4192              	.LVL302:
 4193              	.LFB213:
3336:Drivers/STM32H5xx_HAL_Driver/Src/stm32h5xx_hal_fdcan.c ****   /* Prevent unused argument(s) compilation warning */
 4194              		.loc 1 3336 1 is_stmt 1 view -0
 4195              		.cfi_startproc
 4196              		@ args = 0, pretend = 0, frame = 0
 4197              		@ frame_needed = 0, uses_anonymous_args = 0
 4198              		@ link register save eliminated.
3338:Drivers/STM32H5xx_HAL_Driver/Src/stm32h5xx_hal_fdcan.c **** 
 4199              		.loc 1 3338 3 view .LVU1400
3343:Drivers/STM32H5xx_HAL_Driver/Src/stm32h5xx_hal_fdcan.c **** 
 4200              		.loc 1 3343 1 is_stmt 0 view .LVU1401
 4201 0000 7047     		bx	lr
 4202              		.cfi_endproc
ARM GAS  /tmp/cc1KCPzC.s 			page 158


 4203              	.LFE213:
 4205              		.section	.text.HAL_FDCAN_ErrorStatusCallback,"ax",%progbits
 4206              		.align	1
 4207              		.weak	HAL_FDCAN_ErrorStatusCallback
 4208              		.syntax unified
 4209              		.thumb
 4210              		.thumb_func
 4212              	HAL_FDCAN_ErrorStatusCallback:
 4213              	.LVL303:
 4214              	.LFB214:
3354:Drivers/STM32H5xx_HAL_Driver/Src/stm32h5xx_hal_fdcan.c ****   /* Prevent unused argument(s) compilation warning */
 4215              		.loc 1 3354 1 is_stmt 1 view -0
 4216              		.cfi_startproc
 4217              		@ args = 0, pretend = 0, frame = 0
 4218              		@ frame_needed = 0, uses_anonymous_args = 0
 4219              		@ link register save eliminated.
3356:Drivers/STM32H5xx_HAL_Driver/Src/stm32h5xx_hal_fdcan.c ****   UNUSED(ErrorStatusITs);
 4220              		.loc 1 3356 3 view .LVU1403
3357:Drivers/STM32H5xx_HAL_Driver/Src/stm32h5xx_hal_fdcan.c **** 
 4221              		.loc 1 3357 3 view .LVU1404
3362:Drivers/STM32H5xx_HAL_Driver/Src/stm32h5xx_hal_fdcan.c **** 
 4222              		.loc 1 3362 1 is_stmt 0 view .LVU1405
 4223 0000 7047     		bx	lr
 4224              		.cfi_endproc
 4225              	.LFE214:
 4227              		.section	.text.HAL_FDCAN_IRQHandler,"ax",%progbits
 4228              		.align	1
 4229              		.global	HAL_FDCAN_IRQHandler
 4230              		.syntax unified
 4231              		.thumb
 4232              		.thumb_func
 4234              	HAL_FDCAN_IRQHandler:
 4235              	.LVL304:
 4236              	.LFB203:
2906:Drivers/STM32H5xx_HAL_Driver/Src/stm32h5xx_hal_fdcan.c ****   uint32_t TxEventFifoITs;
 4237              		.loc 1 2906 1 is_stmt 1 view -0
 4238              		.cfi_startproc
 4239              		@ args = 0, pretend = 0, frame = 0
 4240              		@ frame_needed = 0, uses_anonymous_args = 0
2906:Drivers/STM32H5xx_HAL_Driver/Src/stm32h5xx_hal_fdcan.c ****   uint32_t TxEventFifoITs;
 4241              		.loc 1 2906 1 is_stmt 0 view .LVU1407
 4242 0000 2DE9F84F 		push	{r3, r4, r5, r6, r7, r8, r9, r10, fp, lr}
 4243              	.LCFI23:
 4244              		.cfi_def_cfa_offset 40
 4245              		.cfi_offset 3, -40
 4246              		.cfi_offset 4, -36
 4247              		.cfi_offset 5, -32
 4248              		.cfi_offset 6, -28
 4249              		.cfi_offset 7, -24
 4250              		.cfi_offset 8, -20
 4251              		.cfi_offset 9, -16
 4252              		.cfi_offset 10, -12
 4253              		.cfi_offset 11, -8
 4254              		.cfi_offset 14, -4
 4255 0004 0446     		mov	r4, r0
2907:Drivers/STM32H5xx_HAL_Driver/Src/stm32h5xx_hal_fdcan.c ****   uint32_t RxFifo0ITs;
 4256              		.loc 1 2907 3 is_stmt 1 view .LVU1408
ARM GAS  /tmp/cc1KCPzC.s 			page 159


2908:Drivers/STM32H5xx_HAL_Driver/Src/stm32h5xx_hal_fdcan.c ****   uint32_t RxFifo1ITs;
 4257              		.loc 1 2908 3 view .LVU1409
2909:Drivers/STM32H5xx_HAL_Driver/Src/stm32h5xx_hal_fdcan.c ****   uint32_t Errors;
 4258              		.loc 1 2909 3 view .LVU1410
2910:Drivers/STM32H5xx_HAL_Driver/Src/stm32h5xx_hal_fdcan.c ****   uint32_t ErrorStatusITs;
 4259              		.loc 1 2910 3 view .LVU1411
2911:Drivers/STM32H5xx_HAL_Driver/Src/stm32h5xx_hal_fdcan.c ****   uint32_t TransmittedBuffers;
 4260              		.loc 1 2911 3 view .LVU1412
2912:Drivers/STM32H5xx_HAL_Driver/Src/stm32h5xx_hal_fdcan.c ****   uint32_t AbortedBuffers;
 4261              		.loc 1 2912 3 view .LVU1413
2913:Drivers/STM32H5xx_HAL_Driver/Src/stm32h5xx_hal_fdcan.c ****   uint32_t itsource;
 4262              		.loc 1 2913 3 view .LVU1414
2914:Drivers/STM32H5xx_HAL_Driver/Src/stm32h5xx_hal_fdcan.c ****   uint32_t itflag;
 4263              		.loc 1 2914 3 view .LVU1415
2915:Drivers/STM32H5xx_HAL_Driver/Src/stm32h5xx_hal_fdcan.c **** 
 4264              		.loc 1 2915 3 view .LVU1416
2917:Drivers/STM32H5xx_HAL_Driver/Src/stm32h5xx_hal_fdcan.c ****   TxEventFifoITs &= hfdcan->Instance->IE;
 4265              		.loc 1 2917 3 view .LVU1417
2917:Drivers/STM32H5xx_HAL_Driver/Src/stm32h5xx_hal_fdcan.c ****   TxEventFifoITs &= hfdcan->Instance->IE;
 4266              		.loc 1 2917 26 is_stmt 0 view .LVU1418
 4267 0006 0368     		ldr	r3, [r0]
2917:Drivers/STM32H5xx_HAL_Driver/Src/stm32h5xx_hal_fdcan.c ****   TxEventFifoITs &= hfdcan->Instance->IE;
 4268              		.loc 1 2917 36 view .LVU1419
 4269 0008 1A6D     		ldr	r2, [r3, #80]
2917:Drivers/STM32H5xx_HAL_Driver/Src/stm32h5xx_hal_fdcan.c ****   TxEventFifoITs &= hfdcan->Instance->IE;
 4270              		.loc 1 2917 18 view .LVU1420
 4271 000a 02F4E05A 		and	r10, r2, #7168
 4272              	.LVL305:
2918:Drivers/STM32H5xx_HAL_Driver/Src/stm32h5xx_hal_fdcan.c ****   RxFifo0ITs = hfdcan->Instance->IR & FDCAN_RX_FIFO0_MASK;
 4273              		.loc 1 2918 3 is_stmt 1 view .LVU1421
2918:Drivers/STM32H5xx_HAL_Driver/Src/stm32h5xx_hal_fdcan.c ****   RxFifo0ITs = hfdcan->Instance->IR & FDCAN_RX_FIFO0_MASK;
 4274              		.loc 1 2918 37 is_stmt 0 view .LVU1422
 4275 000e 5A6D     		ldr	r2, [r3, #84]
2918:Drivers/STM32H5xx_HAL_Driver/Src/stm32h5xx_hal_fdcan.c ****   RxFifo0ITs = hfdcan->Instance->IR & FDCAN_RX_FIFO0_MASK;
 4276              		.loc 1 2918 18 view .LVU1423
 4277 0010 0AEA020A 		and	r10, r10, r2
 4278              	.LVL306:
2919:Drivers/STM32H5xx_HAL_Driver/Src/stm32h5xx_hal_fdcan.c ****   RxFifo0ITs &= hfdcan->Instance->IE;
 4279              		.loc 1 2919 3 is_stmt 1 view .LVU1424
2919:Drivers/STM32H5xx_HAL_Driver/Src/stm32h5xx_hal_fdcan.c ****   RxFifo0ITs &= hfdcan->Instance->IE;
 4280              		.loc 1 2919 32 is_stmt 0 view .LVU1425
 4281 0014 1A6D     		ldr	r2, [r3, #80]
2919:Drivers/STM32H5xx_HAL_Driver/Src/stm32h5xx_hal_fdcan.c ****   RxFifo0ITs &= hfdcan->Instance->IE;
 4282              		.loc 1 2919 14 view .LVU1426
 4283 0016 02F00709 		and	r9, r2, #7
 4284              	.LVL307:
2920:Drivers/STM32H5xx_HAL_Driver/Src/stm32h5xx_hal_fdcan.c ****   RxFifo1ITs = hfdcan->Instance->IR & FDCAN_RX_FIFO1_MASK;
 4285              		.loc 1 2920 3 is_stmt 1 view .LVU1427
2920:Drivers/STM32H5xx_HAL_Driver/Src/stm32h5xx_hal_fdcan.c ****   RxFifo1ITs = hfdcan->Instance->IR & FDCAN_RX_FIFO1_MASK;
 4286              		.loc 1 2920 33 is_stmt 0 view .LVU1428
 4287 001a 5A6D     		ldr	r2, [r3, #84]
2920:Drivers/STM32H5xx_HAL_Driver/Src/stm32h5xx_hal_fdcan.c ****   RxFifo1ITs = hfdcan->Instance->IR & FDCAN_RX_FIFO1_MASK;
 4288              		.loc 1 2920 14 view .LVU1429
 4289 001c 09EA0209 		and	r9, r9, r2
 4290              	.LVL308:
2921:Drivers/STM32H5xx_HAL_Driver/Src/stm32h5xx_hal_fdcan.c ****   RxFifo1ITs &= hfdcan->Instance->IE;
 4291              		.loc 1 2921 3 is_stmt 1 view .LVU1430
ARM GAS  /tmp/cc1KCPzC.s 			page 160


2921:Drivers/STM32H5xx_HAL_Driver/Src/stm32h5xx_hal_fdcan.c ****   RxFifo1ITs &= hfdcan->Instance->IE;
 4292              		.loc 1 2921 32 is_stmt 0 view .LVU1431
 4293 0020 1A6D     		ldr	r2, [r3, #80]
2921:Drivers/STM32H5xx_HAL_Driver/Src/stm32h5xx_hal_fdcan.c ****   RxFifo1ITs &= hfdcan->Instance->IE;
 4294              		.loc 1 2921 14 view .LVU1432
 4295 0022 02F03808 		and	r8, r2, #56
 4296              	.LVL309:
2922:Drivers/STM32H5xx_HAL_Driver/Src/stm32h5xx_hal_fdcan.c ****   Errors = hfdcan->Instance->IR & FDCAN_ERROR_MASK;
 4297              		.loc 1 2922 3 is_stmt 1 view .LVU1433
2922:Drivers/STM32H5xx_HAL_Driver/Src/stm32h5xx_hal_fdcan.c ****   Errors = hfdcan->Instance->IR & FDCAN_ERROR_MASK;
 4298              		.loc 1 2922 33 is_stmt 0 view .LVU1434
 4299 0026 5A6D     		ldr	r2, [r3, #84]
2922:Drivers/STM32H5xx_HAL_Driver/Src/stm32h5xx_hal_fdcan.c ****   Errors = hfdcan->Instance->IR & FDCAN_ERROR_MASK;
 4300              		.loc 1 2922 14 view .LVU1435
 4301 0028 08EA0208 		and	r8, r8, r2
 4302              	.LVL310:
2923:Drivers/STM32H5xx_HAL_Driver/Src/stm32h5xx_hal_fdcan.c ****   Errors &= hfdcan->Instance->IE;
 4303              		.loc 1 2923 3 is_stmt 1 view .LVU1436
2923:Drivers/STM32H5xx_HAL_Driver/Src/stm32h5xx_hal_fdcan.c ****   Errors &= hfdcan->Instance->IE;
 4304              		.loc 1 2923 28 is_stmt 0 view .LVU1437
 4305 002c 1E6D     		ldr	r6, [r3, #80]
2923:Drivers/STM32H5xx_HAL_Driver/Src/stm32h5xx_hal_fdcan.c ****   Errors &= hfdcan->Instance->IE;
 4306              		.loc 1 2923 10 view .LVU1438
 4307 002e 06F47106 		and	r6, r6, #15794176
 4308              	.LVL311:
2924:Drivers/STM32H5xx_HAL_Driver/Src/stm32h5xx_hal_fdcan.c ****   ErrorStatusITs = hfdcan->Instance->IR & FDCAN_ERROR_STATUS_MASK;
 4309              		.loc 1 2924 3 is_stmt 1 view .LVU1439
2924:Drivers/STM32H5xx_HAL_Driver/Src/stm32h5xx_hal_fdcan.c ****   ErrorStatusITs = hfdcan->Instance->IR & FDCAN_ERROR_STATUS_MASK;
 4310              		.loc 1 2924 29 is_stmt 0 view .LVU1440
 4311 0032 5A6D     		ldr	r2, [r3, #84]
2924:Drivers/STM32H5xx_HAL_Driver/Src/stm32h5xx_hal_fdcan.c ****   ErrorStatusITs = hfdcan->Instance->IR & FDCAN_ERROR_STATUS_MASK;
 4312              		.loc 1 2924 10 view .LVU1441
 4313 0034 1640     		ands	r6, r6, r2
 4314              	.LVL312:
2925:Drivers/STM32H5xx_HAL_Driver/Src/stm32h5xx_hal_fdcan.c ****   ErrorStatusITs &= hfdcan->Instance->IE;
 4315              		.loc 1 2925 3 is_stmt 1 view .LVU1442
2925:Drivers/STM32H5xx_HAL_Driver/Src/stm32h5xx_hal_fdcan.c ****   ErrorStatusITs &= hfdcan->Instance->IE;
 4316              		.loc 1 2925 36 is_stmt 0 view .LVU1443
 4317 0036 1F6D     		ldr	r7, [r3, #80]
2925:Drivers/STM32H5xx_HAL_Driver/Src/stm32h5xx_hal_fdcan.c ****   ErrorStatusITs &= hfdcan->Instance->IE;
 4318              		.loc 1 2925 18 view .LVU1444
 4319 0038 07F46027 		and	r7, r7, #917504
 4320              	.LVL313:
2926:Drivers/STM32H5xx_HAL_Driver/Src/stm32h5xx_hal_fdcan.c ****   itsource = hfdcan->Instance->IE;
 4321              		.loc 1 2926 3 is_stmt 1 view .LVU1445
2926:Drivers/STM32H5xx_HAL_Driver/Src/stm32h5xx_hal_fdcan.c ****   itsource = hfdcan->Instance->IE;
 4322              		.loc 1 2926 37 is_stmt 0 view .LVU1446
 4323 003c 5A6D     		ldr	r2, [r3, #84]
2926:Drivers/STM32H5xx_HAL_Driver/Src/stm32h5xx_hal_fdcan.c ****   itsource = hfdcan->Instance->IE;
 4324              		.loc 1 2926 18 view .LVU1447
 4325 003e 1740     		ands	r7, r7, r2
 4326              	.LVL314:
2927:Drivers/STM32H5xx_HAL_Driver/Src/stm32h5xx_hal_fdcan.c ****   itflag = hfdcan->Instance->IR;
 4327              		.loc 1 2927 3 is_stmt 1 view .LVU1448
2927:Drivers/STM32H5xx_HAL_Driver/Src/stm32h5xx_hal_fdcan.c ****   itflag = hfdcan->Instance->IR;
 4328              		.loc 1 2927 12 is_stmt 0 view .LVU1449
 4329 0040 D3F854B0 		ldr	fp, [r3, #84]
ARM GAS  /tmp/cc1KCPzC.s 			page 161


 4330              	.LVL315:
2928:Drivers/STM32H5xx_HAL_Driver/Src/stm32h5xx_hal_fdcan.c **** 
 4331              		.loc 1 2928 3 is_stmt 1 view .LVU1450
2928:Drivers/STM32H5xx_HAL_Driver/Src/stm32h5xx_hal_fdcan.c **** 
 4332              		.loc 1 2928 10 is_stmt 0 view .LVU1451
 4333 0044 1D6D     		ldr	r5, [r3, #80]
 4334              	.LVL316:
2931:Drivers/STM32H5xx_HAL_Driver/Src/stm32h5xx_hal_fdcan.c ****   {
 4335              		.loc 1 2931 3 is_stmt 1 view .LVU1452
2931:Drivers/STM32H5xx_HAL_Driver/Src/stm32h5xx_hal_fdcan.c ****   {
 4336              		.loc 1 2931 6 is_stmt 0 view .LVU1453
 4337 0046 15F0400F 		tst	r5, #64
 4338 004a 02D0     		beq	.L310
2933:Drivers/STM32H5xx_HAL_Driver/Src/stm32h5xx_hal_fdcan.c ****     {
 4339              		.loc 1 2933 5 is_stmt 1 view .LVU1454
2933:Drivers/STM32H5xx_HAL_Driver/Src/stm32h5xx_hal_fdcan.c ****     {
 4340              		.loc 1 2933 8 is_stmt 0 view .LVU1455
 4341 004c 1BF0400F 		tst	fp, #64
 4342 0050 41D1     		bne	.L324
 4343              	.LVL317:
 4344              	.L310:
2949:Drivers/STM32H5xx_HAL_Driver/Src/stm32h5xx_hal_fdcan.c ****   {
 4345              		.loc 1 2949 3 is_stmt 1 view .LVU1456
2949:Drivers/STM32H5xx_HAL_Driver/Src/stm32h5xx_hal_fdcan.c ****   {
 4346              		.loc 1 2949 6 is_stmt 0 view .LVU1457
 4347 0052 15F4807F 		tst	r5, #256
 4348 0056 02D0     		beq	.L311
2951:Drivers/STM32H5xx_HAL_Driver/Src/stm32h5xx_hal_fdcan.c ****     {
 4349              		.loc 1 2951 5 is_stmt 1 view .LVU1458
2951:Drivers/STM32H5xx_HAL_Driver/Src/stm32h5xx_hal_fdcan.c ****     {
 4350              		.loc 1 2951 8 is_stmt 0 view .LVU1459
 4351 0058 1BF4807F 		tst	fp, #256
 4352 005c 40D1     		bne	.L325
 4353              	.L311:
2971:Drivers/STM32H5xx_HAL_Driver/Src/stm32h5xx_hal_fdcan.c ****   {
 4354              		.loc 1 2971 3 is_stmt 1 view .LVU1460
2971:Drivers/STM32H5xx_HAL_Driver/Src/stm32h5xx_hal_fdcan.c ****   {
 4355              		.loc 1 2971 6 is_stmt 0 view .LVU1461
 4356 005e BAF1000F 		cmp	r10, #0
 4357 0062 4AD1     		bne	.L326
 4358              	.L312:
2986:Drivers/STM32H5xx_HAL_Driver/Src/stm32h5xx_hal_fdcan.c ****   {
 4359              		.loc 1 2986 3 is_stmt 1 view .LVU1462
2986:Drivers/STM32H5xx_HAL_Driver/Src/stm32h5xx_hal_fdcan.c ****   {
 4360              		.loc 1 2986 6 is_stmt 0 view .LVU1463
 4361 0064 B9F1000F 		cmp	r9, #0
 4362 0068 4FD1     		bne	.L327
 4363              	.L313:
3001:Drivers/STM32H5xx_HAL_Driver/Src/stm32h5xx_hal_fdcan.c ****   {
 4364              		.loc 1 3001 3 is_stmt 1 view .LVU1464
3001:Drivers/STM32H5xx_HAL_Driver/Src/stm32h5xx_hal_fdcan.c ****   {
 4365              		.loc 1 3001 6 is_stmt 0 view .LVU1465
 4366 006a B8F1000F 		cmp	r8, #0
 4367 006e 54D1     		bne	.L328
 4368              	.L314:
3016:Drivers/STM32H5xx_HAL_Driver/Src/stm32h5xx_hal_fdcan.c ****   {
 4369              		.loc 1 3016 3 is_stmt 1 view .LVU1466
ARM GAS  /tmp/cc1KCPzC.s 			page 162


3016:Drivers/STM32H5xx_HAL_Driver/Src/stm32h5xx_hal_fdcan.c ****   {
 4370              		.loc 1 3016 6 is_stmt 0 view .LVU1467
 4371 0070 15F4007F 		tst	r5, #512
 4372 0074 02D0     		beq	.L315
3018:Drivers/STM32H5xx_HAL_Driver/Src/stm32h5xx_hal_fdcan.c ****     {
 4373              		.loc 1 3018 5 is_stmt 1 view .LVU1468
3018:Drivers/STM32H5xx_HAL_Driver/Src/stm32h5xx_hal_fdcan.c ****     {
 4374              		.loc 1 3018 8 is_stmt 0 view .LVU1469
 4375 0076 1BF4007F 		tst	fp, #512
 4376 007a 56D1     		bne	.L329
 4377              	.L315:
3034:Drivers/STM32H5xx_HAL_Driver/Src/stm32h5xx_hal_fdcan.c ****   {
 4378              		.loc 1 3034 3 is_stmt 1 view .LVU1470
3034:Drivers/STM32H5xx_HAL_Driver/Src/stm32h5xx_hal_fdcan.c ****   {
 4379              		.loc 1 3034 6 is_stmt 0 view .LVU1471
 4380 007c 15F0800F 		tst	r5, #128
 4381 0080 02D0     		beq	.L316
3036:Drivers/STM32H5xx_HAL_Driver/Src/stm32h5xx_hal_fdcan.c ****     {
 4382              		.loc 1 3036 5 is_stmt 1 view .LVU1472
3036:Drivers/STM32H5xx_HAL_Driver/Src/stm32h5xx_hal_fdcan.c ****     {
 4383              		.loc 1 3036 8 is_stmt 0 view .LVU1473
 4384 0082 1BF0800F 		tst	fp, #128
 4385 0086 58D1     		bne	.L330
 4386              	.L316:
3056:Drivers/STM32H5xx_HAL_Driver/Src/stm32h5xx_hal_fdcan.c ****   {
 4387              		.loc 1 3056 3 is_stmt 1 view .LVU1474
3056:Drivers/STM32H5xx_HAL_Driver/Src/stm32h5xx_hal_fdcan.c ****   {
 4388              		.loc 1 3056 6 is_stmt 0 view .LVU1475
 4389 0088 15F4005F 		tst	r5, #8192
 4390 008c 02D0     		beq	.L317
3058:Drivers/STM32H5xx_HAL_Driver/Src/stm32h5xx_hal_fdcan.c ****     {
 4391              		.loc 1 3058 5 is_stmt 1 view .LVU1476
3058:Drivers/STM32H5xx_HAL_Driver/Src/stm32h5xx_hal_fdcan.c ****     {
 4392              		.loc 1 3058 8 is_stmt 0 view .LVU1477
 4393 008e 1BF4005F 		tst	fp, #8192
 4394 0092 5ED1     		bne	.L331
 4395              	.L317:
3074:Drivers/STM32H5xx_HAL_Driver/Src/stm32h5xx_hal_fdcan.c ****   {
 4396              		.loc 1 3074 3 is_stmt 1 view .LVU1478
3074:Drivers/STM32H5xx_HAL_Driver/Src/stm32h5xx_hal_fdcan.c ****   {
 4397              		.loc 1 3074 6 is_stmt 0 view .LVU1479
 4398 0094 15F4004F 		tst	r5, #32768
 4399 0098 02D0     		beq	.L318
3076:Drivers/STM32H5xx_HAL_Driver/Src/stm32h5xx_hal_fdcan.c ****     {
 4400              		.loc 1 3076 5 is_stmt 1 view .LVU1480
3076:Drivers/STM32H5xx_HAL_Driver/Src/stm32h5xx_hal_fdcan.c ****     {
 4401              		.loc 1 3076 8 is_stmt 0 view .LVU1481
 4402 009a 1BF4004F 		tst	fp, #32768
 4403 009e 60D1     		bne	.L332
 4404              	.L318:
3092:Drivers/STM32H5xx_HAL_Driver/Src/stm32h5xx_hal_fdcan.c ****   {
 4405              		.loc 1 3092 3 is_stmt 1 view .LVU1482
3092:Drivers/STM32H5xx_HAL_Driver/Src/stm32h5xx_hal_fdcan.c ****   {
 4406              		.loc 1 3092 6 is_stmt 0 view .LVU1483
 4407 00a0 15F4804F 		tst	r5, #16384
 4408 00a4 0AD0     		beq	.L319
3094:Drivers/STM32H5xx_HAL_Driver/Src/stm32h5xx_hal_fdcan.c ****     {
ARM GAS  /tmp/cc1KCPzC.s 			page 163


 4409              		.loc 1 3094 5 is_stmt 1 view .LVU1484
3094:Drivers/STM32H5xx_HAL_Driver/Src/stm32h5xx_hal_fdcan.c ****     {
 4410              		.loc 1 3094 8 is_stmt 0 view .LVU1485
 4411 00a6 1BF4804F 		tst	fp, #16384
 4412 00aa 07D0     		beq	.L319
3097:Drivers/STM32H5xx_HAL_Driver/Src/stm32h5xx_hal_fdcan.c **** 
 4413              		.loc 1 3097 7 is_stmt 1 view .LVU1486
 4414 00ac 2368     		ldr	r3, [r4]
 4415 00ae 4FF48042 		mov	r2, #16384
 4416 00b2 1A65     		str	r2, [r3, #80]
3100:Drivers/STM32H5xx_HAL_Driver/Src/stm32h5xx_hal_fdcan.c ****     }
 4417              		.loc 1 3100 7 view .LVU1487
3100:Drivers/STM32H5xx_HAL_Driver/Src/stm32h5xx_hal_fdcan.c ****     }
 4418              		.loc 1 3100 13 is_stmt 0 view .LVU1488
 4419 00b4 236E     		ldr	r3, [r4, #96]
3100:Drivers/STM32H5xx_HAL_Driver/Src/stm32h5xx_hal_fdcan.c ****     }
 4420              		.loc 1 3100 25 view .LVU1489
 4421 00b6 43F08003 		orr	r3, r3, #128
 4422 00ba 2366     		str	r3, [r4, #96]
 4423              	.L319:
3105:Drivers/STM32H5xx_HAL_Driver/Src/stm32h5xx_hal_fdcan.c ****   {
 4424              		.loc 1 3105 3 is_stmt 1 view .LVU1490
3105:Drivers/STM32H5xx_HAL_Driver/Src/stm32h5xx_hal_fdcan.c ****   {
 4425              		.loc 1 3105 6 is_stmt 0 view .LVU1491
 4426 00bc 002F     		cmp	r7, #0
 4427 00be 58D1     		bne	.L333
 4428              	.L320:
3120:Drivers/STM32H5xx_HAL_Driver/Src/stm32h5xx_hal_fdcan.c ****   {
 4429              		.loc 1 3120 3 is_stmt 1 view .LVU1492
3120:Drivers/STM32H5xx_HAL_Driver/Src/stm32h5xx_hal_fdcan.c ****   {
 4430              		.loc 1 3120 6 is_stmt 0 view .LVU1493
 4431 00c0 26B1     		cbz	r6, .L321
3123:Drivers/STM32H5xx_HAL_Driver/Src/stm32h5xx_hal_fdcan.c **** 
 4432              		.loc 1 3123 5 is_stmt 1 view .LVU1494
 4433 00c2 2368     		ldr	r3, [r4]
 4434 00c4 1E65     		str	r6, [r3, #80]
3126:Drivers/STM32H5xx_HAL_Driver/Src/stm32h5xx_hal_fdcan.c ****   }
 4435              		.loc 1 3126 5 view .LVU1495
3126:Drivers/STM32H5xx_HAL_Driver/Src/stm32h5xx_hal_fdcan.c ****   }
 4436              		.loc 1 3126 11 is_stmt 0 view .LVU1496
 4437 00c6 236E     		ldr	r3, [r4, #96]
3126:Drivers/STM32H5xx_HAL_Driver/Src/stm32h5xx_hal_fdcan.c ****   }
 4438              		.loc 1 3126 23 view .LVU1497
 4439 00c8 3343     		orrs	r3, r3, r6
 4440 00ca 2366     		str	r3, [r4, #96]
 4441              	.L321:
3129:Drivers/STM32H5xx_HAL_Driver/Src/stm32h5xx_hal_fdcan.c ****   {
 4442              		.loc 1 3129 3 is_stmt 1 view .LVU1498
3129:Drivers/STM32H5xx_HAL_Driver/Src/stm32h5xx_hal_fdcan.c ****   {
 4443              		.loc 1 3129 13 is_stmt 0 view .LVU1499
 4444 00cc 236E     		ldr	r3, [r4, #96]
3129:Drivers/STM32H5xx_HAL_Driver/Src/stm32h5xx_hal_fdcan.c ****   {
 4445              		.loc 1 3129 6 view .LVU1500
 4446 00ce 002B     		cmp	r3, #0
 4447 00d0 56D1     		bne	.L334
 4448              	.L309:
3139:Drivers/STM32H5xx_HAL_Driver/Src/stm32h5xx_hal_fdcan.c **** 
ARM GAS  /tmp/cc1KCPzC.s 			page 164


 4449              		.loc 1 3139 1 view .LVU1501
 4450 00d2 BDE8F88F 		pop	{r3, r4, r5, r6, r7, r8, r9, r10, fp, pc}
 4451              	.LVL318:
 4452              	.L324:
2936:Drivers/STM32H5xx_HAL_Driver/Src/stm32h5xx_hal_fdcan.c **** 
 4453              		.loc 1 2936 7 is_stmt 1 view .LVU1502
 4454 00d6 4022     		movs	r2, #64
 4455 00d8 1A65     		str	r2, [r3, #80]
2943:Drivers/STM32H5xx_HAL_Driver/Src/stm32h5xx_hal_fdcan.c **** #endif /* USE_HAL_FDCAN_REGISTER_CALLBACKS */
 4456              		.loc 1 2943 7 view .LVU1503
 4457 00da FFF7FEFF 		bl	HAL_FDCAN_HighPriorityMessageCallback
 4458              	.LVL319:
2943:Drivers/STM32H5xx_HAL_Driver/Src/stm32h5xx_hal_fdcan.c **** #endif /* USE_HAL_FDCAN_REGISTER_CALLBACKS */
 4459              		.loc 1 2943 7 is_stmt 0 view .LVU1504
 4460 00de B8E7     		b	.L310
 4461              	.L325:
2954:Drivers/STM32H5xx_HAL_Driver/Src/stm32h5xx_hal_fdcan.c ****       AbortedBuffers &= hfdcan->Instance->TXBCIE;
 4462              		.loc 1 2954 7 is_stmt 1 view .LVU1505
2954:Drivers/STM32H5xx_HAL_Driver/Src/stm32h5xx_hal_fdcan.c ****       AbortedBuffers &= hfdcan->Instance->TXBCIE;
 4463              		.loc 1 2954 30 is_stmt 0 view .LVU1506
 4464 00e0 2368     		ldr	r3, [r4]
2954:Drivers/STM32H5xx_HAL_Driver/Src/stm32h5xx_hal_fdcan.c ****       AbortedBuffers &= hfdcan->Instance->TXBCIE;
 4465              		.loc 1 2954 22 view .LVU1507
 4466 00e2 D3F8D810 		ldr	r1, [r3, #216]
 4467              	.LVL320:
2955:Drivers/STM32H5xx_HAL_Driver/Src/stm32h5xx_hal_fdcan.c **** 
 4468              		.loc 1 2955 7 is_stmt 1 view .LVU1508
2955:Drivers/STM32H5xx_HAL_Driver/Src/stm32h5xx_hal_fdcan.c **** 
 4469              		.loc 1 2955 41 is_stmt 0 view .LVU1509
 4470 00e6 D3F8E020 		ldr	r2, [r3, #224]
 4471              	.LVL321:
2958:Drivers/STM32H5xx_HAL_Driver/Src/stm32h5xx_hal_fdcan.c **** 
 4472              		.loc 1 2958 7 is_stmt 1 view .LVU1510
 4473 00ea 4FF48070 		mov	r0, #256
 4474 00ee 1865     		str	r0, [r3, #80]
2965:Drivers/STM32H5xx_HAL_Driver/Src/stm32h5xx_hal_fdcan.c **** #endif /* USE_HAL_FDCAN_REGISTER_CALLBACKS */
 4475              		.loc 1 2965 7 view .LVU1511
 4476 00f0 1140     		ands	r1, r1, r2
 4477              	.LVL322:
2965:Drivers/STM32H5xx_HAL_Driver/Src/stm32h5xx_hal_fdcan.c **** #endif /* USE_HAL_FDCAN_REGISTER_CALLBACKS */
 4478              		.loc 1 2965 7 is_stmt 0 view .LVU1512
 4479 00f2 2046     		mov	r0, r4
 4480 00f4 FFF7FEFF 		bl	HAL_FDCAN_TxBufferAbortCallback
 4481              	.LVL323:
2965:Drivers/STM32H5xx_HAL_Driver/Src/stm32h5xx_hal_fdcan.c **** #endif /* USE_HAL_FDCAN_REGISTER_CALLBACKS */
 4482              		.loc 1 2965 7 view .LVU1513
 4483 00f8 B1E7     		b	.L311
 4484              	.LVL324:
 4485              	.L326:
2974:Drivers/STM32H5xx_HAL_Driver/Src/stm32h5xx_hal_fdcan.c **** 
 4486              		.loc 1 2974 5 is_stmt 1 view .LVU1514
 4487 00fa 2368     		ldr	r3, [r4]
 4488 00fc C3F850A0 		str	r10, [r3, #80]
2981:Drivers/STM32H5xx_HAL_Driver/Src/stm32h5xx_hal_fdcan.c **** #endif /* USE_HAL_FDCAN_REGISTER_CALLBACKS */
 4489              		.loc 1 2981 5 view .LVU1515
 4490 0100 5146     		mov	r1, r10
 4491 0102 2046     		mov	r0, r4
ARM GAS  /tmp/cc1KCPzC.s 			page 165


 4492 0104 FFF7FEFF 		bl	HAL_FDCAN_TxEventFifoCallback
 4493              	.LVL325:
 4494 0108 ACE7     		b	.L312
 4495              	.L327:
2989:Drivers/STM32H5xx_HAL_Driver/Src/stm32h5xx_hal_fdcan.c **** 
 4496              		.loc 1 2989 5 view .LVU1516
 4497 010a 2368     		ldr	r3, [r4]
 4498 010c C3F85090 		str	r9, [r3, #80]
2996:Drivers/STM32H5xx_HAL_Driver/Src/stm32h5xx_hal_fdcan.c **** #endif /* USE_HAL_FDCAN_REGISTER_CALLBACKS */
 4499              		.loc 1 2996 5 view .LVU1517
 4500 0110 4946     		mov	r1, r9
 4501 0112 2046     		mov	r0, r4
 4502 0114 FFF7FEFF 		bl	HAL_FDCAN_RxFifo0Callback
 4503              	.LVL326:
 4504 0118 A7E7     		b	.L313
 4505              	.L328:
3004:Drivers/STM32H5xx_HAL_Driver/Src/stm32h5xx_hal_fdcan.c **** 
 4506              		.loc 1 3004 5 view .LVU1518
 4507 011a 2368     		ldr	r3, [r4]
 4508 011c C3F85080 		str	r8, [r3, #80]
3011:Drivers/STM32H5xx_HAL_Driver/Src/stm32h5xx_hal_fdcan.c **** #endif /* USE_HAL_FDCAN_REGISTER_CALLBACKS */
 4509              		.loc 1 3011 5 view .LVU1519
 4510 0120 4146     		mov	r1, r8
 4511 0122 2046     		mov	r0, r4
 4512 0124 FFF7FEFF 		bl	HAL_FDCAN_RxFifo1Callback
 4513              	.LVL327:
 4514 0128 A2E7     		b	.L314
 4515              	.L329:
3021:Drivers/STM32H5xx_HAL_Driver/Src/stm32h5xx_hal_fdcan.c **** 
 4516              		.loc 1 3021 7 view .LVU1520
 4517 012a 2368     		ldr	r3, [r4]
 4518 012c 4FF40072 		mov	r2, #512
 4519 0130 1A65     		str	r2, [r3, #80]
3028:Drivers/STM32H5xx_HAL_Driver/Src/stm32h5xx_hal_fdcan.c **** #endif /* USE_HAL_FDCAN_REGISTER_CALLBACKS */
 4520              		.loc 1 3028 7 view .LVU1521
 4521 0132 2046     		mov	r0, r4
 4522 0134 FFF7FEFF 		bl	HAL_FDCAN_TxFifoEmptyCallback
 4523              	.LVL328:
 4524 0138 A0E7     		b	.L315
 4525              	.L330:
3039:Drivers/STM32H5xx_HAL_Driver/Src/stm32h5xx_hal_fdcan.c ****       TransmittedBuffers &= hfdcan->Instance->TXBTIE;
 4526              		.loc 1 3039 7 view .LVU1522
3039:Drivers/STM32H5xx_HAL_Driver/Src/stm32h5xx_hal_fdcan.c ****       TransmittedBuffers &= hfdcan->Instance->TXBTIE;
 4527              		.loc 1 3039 34 is_stmt 0 view .LVU1523
 4528 013a 2368     		ldr	r3, [r4]
3039:Drivers/STM32H5xx_HAL_Driver/Src/stm32h5xx_hal_fdcan.c ****       TransmittedBuffers &= hfdcan->Instance->TXBTIE;
 4529              		.loc 1 3039 26 view .LVU1524
 4530 013c D3F8D410 		ldr	r1, [r3, #212]
 4531              	.LVL329:
3040:Drivers/STM32H5xx_HAL_Driver/Src/stm32h5xx_hal_fdcan.c **** 
 4532              		.loc 1 3040 7 is_stmt 1 view .LVU1525
3040:Drivers/STM32H5xx_HAL_Driver/Src/stm32h5xx_hal_fdcan.c **** 
 4533              		.loc 1 3040 45 is_stmt 0 view .LVU1526
 4534 0140 D3F8DC20 		ldr	r2, [r3, #220]
 4535              	.LVL330:
3043:Drivers/STM32H5xx_HAL_Driver/Src/stm32h5xx_hal_fdcan.c **** 
 4536              		.loc 1 3043 7 is_stmt 1 view .LVU1527
ARM GAS  /tmp/cc1KCPzC.s 			page 166


 4537 0144 8020     		movs	r0, #128
 4538 0146 1865     		str	r0, [r3, #80]
3050:Drivers/STM32H5xx_HAL_Driver/Src/stm32h5xx_hal_fdcan.c **** #endif /* USE_HAL_FDCAN_REGISTER_CALLBACKS */
 4539              		.loc 1 3050 7 view .LVU1528
 4540 0148 1140     		ands	r1, r1, r2
 4541              	.LVL331:
3050:Drivers/STM32H5xx_HAL_Driver/Src/stm32h5xx_hal_fdcan.c **** #endif /* USE_HAL_FDCAN_REGISTER_CALLBACKS */
 4542              		.loc 1 3050 7 is_stmt 0 view .LVU1529
 4543 014a 2046     		mov	r0, r4
 4544 014c FFF7FEFF 		bl	HAL_FDCAN_TxBufferCompleteCallback
 4545              	.LVL332:
3050:Drivers/STM32H5xx_HAL_Driver/Src/stm32h5xx_hal_fdcan.c **** #endif /* USE_HAL_FDCAN_REGISTER_CALLBACKS */
 4546              		.loc 1 3050 7 view .LVU1530
 4547 0150 9AE7     		b	.L316
 4548              	.LVL333:
 4549              	.L331:
3061:Drivers/STM32H5xx_HAL_Driver/Src/stm32h5xx_hal_fdcan.c **** 
 4550              		.loc 1 3061 7 is_stmt 1 view .LVU1531
 4551 0152 2368     		ldr	r3, [r4]
 4552 0154 4FF40052 		mov	r2, #8192
 4553 0158 1A65     		str	r2, [r3, #80]
3068:Drivers/STM32H5xx_HAL_Driver/Src/stm32h5xx_hal_fdcan.c **** #endif /* USE_HAL_FDCAN_REGISTER_CALLBACKS */
 4554              		.loc 1 3068 7 view .LVU1532
 4555 015a 2046     		mov	r0, r4
 4556 015c FFF7FEFF 		bl	HAL_FDCAN_TimestampWraparoundCallback
 4557              	.LVL334:
 4558 0160 98E7     		b	.L317
 4559              	.L332:
3079:Drivers/STM32H5xx_HAL_Driver/Src/stm32h5xx_hal_fdcan.c **** 
 4560              		.loc 1 3079 7 view .LVU1533
 4561 0162 2368     		ldr	r3, [r4]
 4562 0164 4FF40042 		mov	r2, #32768
 4563 0168 1A65     		str	r2, [r3, #80]
3086:Drivers/STM32H5xx_HAL_Driver/Src/stm32h5xx_hal_fdcan.c **** #endif /* USE_HAL_FDCAN_REGISTER_CALLBACKS */
 4564              		.loc 1 3086 7 view .LVU1534
 4565 016a 2046     		mov	r0, r4
 4566 016c FFF7FEFF 		bl	HAL_FDCAN_TimeoutOccurredCallback
 4567              	.LVL335:
 4568 0170 96E7     		b	.L318
 4569              	.L333:
3108:Drivers/STM32H5xx_HAL_Driver/Src/stm32h5xx_hal_fdcan.c **** 
 4570              		.loc 1 3108 5 view .LVU1535
 4571 0172 2368     		ldr	r3, [r4]
 4572 0174 1F65     		str	r7, [r3, #80]
3115:Drivers/STM32H5xx_HAL_Driver/Src/stm32h5xx_hal_fdcan.c **** #endif /* USE_HAL_FDCAN_REGISTER_CALLBACKS */
 4573              		.loc 1 3115 5 view .LVU1536
 4574 0176 3946     		mov	r1, r7
 4575 0178 2046     		mov	r0, r4
 4576 017a FFF7FEFF 		bl	HAL_FDCAN_ErrorStatusCallback
 4577              	.LVL336:
 4578 017e 9FE7     		b	.L320
 4579              	.L334:
3136:Drivers/STM32H5xx_HAL_Driver/Src/stm32h5xx_hal_fdcan.c **** #endif /* USE_HAL_FDCAN_REGISTER_CALLBACKS */
 4580              		.loc 1 3136 5 view .LVU1537
 4581 0180 2046     		mov	r0, r4
 4582 0182 FFF7FEFF 		bl	HAL_FDCAN_ErrorCallback
 4583              	.LVL337:
ARM GAS  /tmp/cc1KCPzC.s 			page 167


3139:Drivers/STM32H5xx_HAL_Driver/Src/stm32h5xx_hal_fdcan.c **** 
 4584              		.loc 1 3139 1 is_stmt 0 view .LVU1538
 4585 0186 A4E7     		b	.L309
 4586              		.cfi_endproc
 4587              	.LFE203:
 4589              		.section	.text.HAL_FDCAN_GetState,"ax",%progbits
 4590              		.align	1
 4591              		.global	HAL_FDCAN_GetState
 4592              		.syntax unified
 4593              		.thumb
 4594              		.thumb_func
 4596              	HAL_FDCAN_GetState:
 4597              	.LVL338:
 4598              	.LFB215:
3390:Drivers/STM32H5xx_HAL_Driver/Src/stm32h5xx_hal_fdcan.c ****   /* Return FDCAN state */
 4599              		.loc 1 3390 1 is_stmt 1 view -0
 4600              		.cfi_startproc
 4601              		@ args = 0, pretend = 0, frame = 0
 4602              		@ frame_needed = 0, uses_anonymous_args = 0
 4603              		@ link register save eliminated.
3392:Drivers/STM32H5xx_HAL_Driver/Src/stm32h5xx_hal_fdcan.c **** }
 4604              		.loc 1 3392 3 view .LVU1540
3392:Drivers/STM32H5xx_HAL_Driver/Src/stm32h5xx_hal_fdcan.c **** }
 4605              		.loc 1 3392 16 is_stmt 0 view .LVU1541
 4606 0000 90F85C00 		ldrb	r0, [r0, #92]	@ zero_extendqisi2
 4607              	.LVL339:
3393:Drivers/STM32H5xx_HAL_Driver/Src/stm32h5xx_hal_fdcan.c **** 
 4608              		.loc 1 3393 1 view .LVU1542
 4609 0004 7047     		bx	lr
 4610              		.cfi_endproc
 4611              	.LFE215:
 4613              		.section	.text.HAL_FDCAN_GetError,"ax",%progbits
 4614              		.align	1
 4615              		.global	HAL_FDCAN_GetError
 4616              		.syntax unified
 4617              		.thumb
 4618              		.thumb_func
 4620              	HAL_FDCAN_GetError:
 4621              	.LVL340:
 4622              	.LFB216:
3402:Drivers/STM32H5xx_HAL_Driver/Src/stm32h5xx_hal_fdcan.c ****   /* Return FDCAN error code */
 4623              		.loc 1 3402 1 is_stmt 1 view -0
 4624              		.cfi_startproc
 4625              		@ args = 0, pretend = 0, frame = 0
 4626              		@ frame_needed = 0, uses_anonymous_args = 0
 4627              		@ link register save eliminated.
3404:Drivers/STM32H5xx_HAL_Driver/Src/stm32h5xx_hal_fdcan.c **** }
 4628              		.loc 1 3404 3 view .LVU1544
3404:Drivers/STM32H5xx_HAL_Driver/Src/stm32h5xx_hal_fdcan.c **** }
 4629              		.loc 1 3404 16 is_stmt 0 view .LVU1545
 4630 0000 006E     		ldr	r0, [r0, #96]
 4631              	.LVL341:
3405:Drivers/STM32H5xx_HAL_Driver/Src/stm32h5xx_hal_fdcan.c **** 
 4632              		.loc 1 3405 1 view .LVU1546
 4633 0002 7047     		bx	lr
 4634              		.cfi_endproc
 4635              	.LFE216:
ARM GAS  /tmp/cc1KCPzC.s 			page 168


 4637              		.section	.rodata.DLCtoBytes,"a"
 4638              		.align	2
 4641              	DLCtoBytes:
 4642 0000 00010203 		.ascii	"\000\001\002\003\004\005\006\007\010\014\020\024\030"
 4642      04050607 
 4642      080C1014 
 4642      18
 4643 000d 203040   		.ascii	" 0@"
 4644              		.text
 4645              	.Letext0:
 4646              		.file 2 "/usr/lib/gcc/arm-none-eabi/13.2.1/include/stdint.h"
 4647              		.file 3 "Drivers/CMSIS/Device/ST/STM32H5xx/Include/stm32h533xx.h"
 4648              		.file 4 "Drivers/CMSIS/Device/ST/STM32H5xx/Include/stm32h5xx.h"
 4649              		.file 5 "Drivers/STM32H5xx_HAL_Driver/Inc/stm32h5xx_hal_def.h"
 4650              		.file 6 "Drivers/STM32H5xx_HAL_Driver/Inc/stm32h5xx_hal_fdcan.h"
 4651              		.file 7 "Drivers/STM32H5xx_HAL_Driver/Inc/stm32h5xx_hal.h"
ARM GAS  /tmp/cc1KCPzC.s 			page 169


DEFINED SYMBOLS
                            *ABS*:00000000 stm32h5xx_hal_fdcan.c
     /tmp/cc1KCPzC.s:22     .text.FDCAN_CalcultateRamBlockAddresses:00000000 $t
     /tmp/cc1KCPzC.s:27     .text.FDCAN_CalcultateRamBlockAddresses:00000000 FDCAN_CalcultateRamBlockAddresses
     /tmp/cc1KCPzC.s:130    .text.FDCAN_CalcultateRamBlockAddresses:00000070 $d
     /tmp/cc1KCPzC.s:137    .text.FDCAN_CopyMessageToRAM:00000000 $t
     /tmp/cc1KCPzC.s:142    .text.FDCAN_CopyMessageToRAM:00000000 FDCAN_CopyMessageToRAM
     /tmp/cc1KCPzC.s:284    .text.FDCAN_CopyMessageToRAM:00000084 $d
     /tmp/cc1KCPzC.s:4641   .rodata.DLCtoBytes:00000000 DLCtoBytes
     /tmp/cc1KCPzC.s:289    .text.HAL_FDCAN_MspInit:00000000 $t
     /tmp/cc1KCPzC.s:295    .text.HAL_FDCAN_MspInit:00000000 HAL_FDCAN_MspInit
     /tmp/cc1KCPzC.s:310    .text.HAL_FDCAN_Init:00000000 $t
     /tmp/cc1KCPzC.s:316    .text.HAL_FDCAN_Init:00000000 HAL_FDCAN_Init
     /tmp/cc1KCPzC.s:716    .text.HAL_FDCAN_Init:000001d0 $d
     /tmp/cc1KCPzC.s:721    .text.HAL_FDCAN_MspDeInit:00000000 $t
     /tmp/cc1KCPzC.s:727    .text.HAL_FDCAN_MspDeInit:00000000 HAL_FDCAN_MspDeInit
     /tmp/cc1KCPzC.s:742    .text.HAL_FDCAN_EnterPowerDownMode:00000000 $t
     /tmp/cc1KCPzC.s:748    .text.HAL_FDCAN_EnterPowerDownMode:00000000 HAL_FDCAN_EnterPowerDownMode
     /tmp/cc1KCPzC.s:821    .text.HAL_FDCAN_ExitPowerDownMode:00000000 $t
     /tmp/cc1KCPzC.s:827    .text.HAL_FDCAN_ExitPowerDownMode:00000000 HAL_FDCAN_ExitPowerDownMode
     /tmp/cc1KCPzC.s:905    .text.HAL_FDCAN_ConfigFilter:00000000 $t
     /tmp/cc1KCPzC.s:911    .text.HAL_FDCAN_ConfigFilter:00000000 HAL_FDCAN_ConfigFilter
     /tmp/cc1KCPzC.s:1051   .text.HAL_FDCAN_ConfigGlobalFilter:00000000 $t
     /tmp/cc1KCPzC.s:1057   .text.HAL_FDCAN_ConfigGlobalFilter:00000000 HAL_FDCAN_ConfigGlobalFilter
     /tmp/cc1KCPzC.s:1128   .text.HAL_FDCAN_ConfigExtendedIdMask:00000000 $t
     /tmp/cc1KCPzC.s:1134   .text.HAL_FDCAN_ConfigExtendedIdMask:00000000 HAL_FDCAN_ConfigExtendedIdMask
     /tmp/cc1KCPzC.s:1179   .text.HAL_FDCAN_ConfigRxFifoOverwrite:00000000 $t
     /tmp/cc1KCPzC.s:1185   .text.HAL_FDCAN_ConfigRxFifoOverwrite:00000000 HAL_FDCAN_ConfigRxFifoOverwrite
     /tmp/cc1KCPzC.s:1250   .text.HAL_FDCAN_ConfigRamWatchdog:00000000 $t
     /tmp/cc1KCPzC.s:1256   .text.HAL_FDCAN_ConfigRamWatchdog:00000000 HAL_FDCAN_ConfigRamWatchdog
     /tmp/cc1KCPzC.s:1302   .text.HAL_FDCAN_ConfigTimestampCounter:00000000 $t
     /tmp/cc1KCPzC.s:1308   .text.HAL_FDCAN_ConfigTimestampCounter:00000000 HAL_FDCAN_ConfigTimestampCounter
     /tmp/cc1KCPzC.s:1354   .text.HAL_FDCAN_EnableTimestampCounter:00000000 $t
     /tmp/cc1KCPzC.s:1360   .text.HAL_FDCAN_EnableTimestampCounter:00000000 HAL_FDCAN_EnableTimestampCounter
     /tmp/cc1KCPzC.s:1406   .text.HAL_FDCAN_DisableTimestampCounter:00000000 $t
     /tmp/cc1KCPzC.s:1412   .text.HAL_FDCAN_DisableTimestampCounter:00000000 HAL_FDCAN_DisableTimestampCounter
     /tmp/cc1KCPzC.s:1456   .text.HAL_FDCAN_GetTimestampCounter:00000000 $t
     /tmp/cc1KCPzC.s:1462   .text.HAL_FDCAN_GetTimestampCounter:00000000 HAL_FDCAN_GetTimestampCounter
     /tmp/cc1KCPzC.s:1483   .text.HAL_FDCAN_ResetTimestampCounter:00000000 $t
     /tmp/cc1KCPzC.s:1489   .text.HAL_FDCAN_ResetTimestampCounter:00000000 HAL_FDCAN_ResetTimestampCounter
     /tmp/cc1KCPzC.s:1533   .text.HAL_FDCAN_ConfigTimeoutCounter:00000000 $t
     /tmp/cc1KCPzC.s:1539   .text.HAL_FDCAN_ConfigTimeoutCounter:00000000 HAL_FDCAN_ConfigTimeoutCounter
     /tmp/cc1KCPzC.s:1591   .text.HAL_FDCAN_EnableTimeoutCounter:00000000 $t
     /tmp/cc1KCPzC.s:1597   .text.HAL_FDCAN_EnableTimeoutCounter:00000000 HAL_FDCAN_EnableTimeoutCounter
     /tmp/cc1KCPzC.s:1641   .text.HAL_FDCAN_DisableTimeoutCounter:00000000 $t
     /tmp/cc1KCPzC.s:1647   .text.HAL_FDCAN_DisableTimeoutCounter:00000000 HAL_FDCAN_DisableTimeoutCounter
     /tmp/cc1KCPzC.s:1691   .text.HAL_FDCAN_GetTimeoutCounter:00000000 $t
     /tmp/cc1KCPzC.s:1697   .text.HAL_FDCAN_GetTimeoutCounter:00000000 HAL_FDCAN_GetTimeoutCounter
     /tmp/cc1KCPzC.s:1718   .text.HAL_FDCAN_ResetTimeoutCounter:00000000 $t
     /tmp/cc1KCPzC.s:1724   .text.HAL_FDCAN_ResetTimeoutCounter:00000000 HAL_FDCAN_ResetTimeoutCounter
     /tmp/cc1KCPzC.s:1766   .text.HAL_FDCAN_ConfigTxDelayCompensation:00000000 $t
     /tmp/cc1KCPzC.s:1772   .text.HAL_FDCAN_ConfigTxDelayCompensation:00000000 HAL_FDCAN_ConfigTxDelayCompensation
     /tmp/cc1KCPzC.s:1821   .text.HAL_FDCAN_EnableTxDelayCompensation:00000000 $t
     /tmp/cc1KCPzC.s:1827   .text.HAL_FDCAN_EnableTxDelayCompensation:00000000 HAL_FDCAN_EnableTxDelayCompensation
     /tmp/cc1KCPzC.s:1871   .text.HAL_FDCAN_DisableTxDelayCompensation:00000000 $t
     /tmp/cc1KCPzC.s:1877   .text.HAL_FDCAN_DisableTxDelayCompensation:00000000 HAL_FDCAN_DisableTxDelayCompensation
     /tmp/cc1KCPzC.s:1921   .text.HAL_FDCAN_EnableISOMode:00000000 $t
ARM GAS  /tmp/cc1KCPzC.s 			page 170


     /tmp/cc1KCPzC.s:1927   .text.HAL_FDCAN_EnableISOMode:00000000 HAL_FDCAN_EnableISOMode
     /tmp/cc1KCPzC.s:1971   .text.HAL_FDCAN_DisableISOMode:00000000 $t
     /tmp/cc1KCPzC.s:1977   .text.HAL_FDCAN_DisableISOMode:00000000 HAL_FDCAN_DisableISOMode
     /tmp/cc1KCPzC.s:2021   .text.HAL_FDCAN_EnableEdgeFiltering:00000000 $t
     /tmp/cc1KCPzC.s:2027   .text.HAL_FDCAN_EnableEdgeFiltering:00000000 HAL_FDCAN_EnableEdgeFiltering
     /tmp/cc1KCPzC.s:2071   .text.HAL_FDCAN_DisableEdgeFiltering:00000000 $t
     /tmp/cc1KCPzC.s:2077   .text.HAL_FDCAN_DisableEdgeFiltering:00000000 HAL_FDCAN_DisableEdgeFiltering
     /tmp/cc1KCPzC.s:2121   .text.HAL_FDCAN_Start:00000000 $t
     /tmp/cc1KCPzC.s:2127   .text.HAL_FDCAN_Start:00000000 HAL_FDCAN_Start
     /tmp/cc1KCPzC.s:2179   .text.HAL_FDCAN_Stop:00000000 $t
     /tmp/cc1KCPzC.s:2185   .text.HAL_FDCAN_Stop:00000000 HAL_FDCAN_Stop
     /tmp/cc1KCPzC.s:2335   .text.HAL_FDCAN_DeInit:00000000 $t
     /tmp/cc1KCPzC.s:2341   .text.HAL_FDCAN_DeInit:00000000 HAL_FDCAN_DeInit
     /tmp/cc1KCPzC.s:2397   .text.HAL_FDCAN_AddMessageToTxFifoQ:00000000 $t
     /tmp/cc1KCPzC.s:2403   .text.HAL_FDCAN_AddMessageToTxFifoQ:00000000 HAL_FDCAN_AddMessageToTxFifoQ
     /tmp/cc1KCPzC.s:2504   .text.HAL_FDCAN_GetLatestTxFifoQRequestBuffer:00000000 $t
     /tmp/cc1KCPzC.s:2510   .text.HAL_FDCAN_GetLatestTxFifoQRequestBuffer:00000000 HAL_FDCAN_GetLatestTxFifoQRequestBuffer
     /tmp/cc1KCPzC.s:2528   .text.HAL_FDCAN_AbortTxRequest:00000000 $t
     /tmp/cc1KCPzC.s:2534   .text.HAL_FDCAN_AbortTxRequest:00000000 HAL_FDCAN_AbortTxRequest
     /tmp/cc1KCPzC.s:2579   .text.HAL_FDCAN_GetRxMessage:00000000 $t
     /tmp/cc1KCPzC.s:2585   .text.HAL_FDCAN_GetRxMessage:00000000 HAL_FDCAN_GetRxMessage
     /tmp/cc1KCPzC.s:2892   .text.HAL_FDCAN_GetRxMessage:00000144 $d
     /tmp/cc1KCPzC.s:2897   .text.HAL_FDCAN_GetTxEvent:00000000 $t
     /tmp/cc1KCPzC.s:2903   .text.HAL_FDCAN_GetTxEvent:00000000 HAL_FDCAN_GetTxEvent
     /tmp/cc1KCPzC.s:3087   .text.HAL_FDCAN_GetHighPriorityMessageStatus:00000000 $t
     /tmp/cc1KCPzC.s:3093   .text.HAL_FDCAN_GetHighPriorityMessageStatus:00000000 HAL_FDCAN_GetHighPriorityMessageStatus
     /tmp/cc1KCPzC.s:3147   .text.HAL_FDCAN_GetProtocolStatus:00000000 $t
     /tmp/cc1KCPzC.s:3153   .text.HAL_FDCAN_GetProtocolStatus:00000000 HAL_FDCAN_GetProtocolStatus
     /tmp/cc1KCPzC.s:3234   .text.HAL_FDCAN_GetErrorCounters:00000000 $t
     /tmp/cc1KCPzC.s:3240   .text.HAL_FDCAN_GetErrorCounters:00000000 HAL_FDCAN_GetErrorCounters
     /tmp/cc1KCPzC.s:3286   .text.HAL_FDCAN_IsTxBufferMessagePending:00000000 $t
     /tmp/cc1KCPzC.s:3292   .text.HAL_FDCAN_IsTxBufferMessagePending:00000000 HAL_FDCAN_IsTxBufferMessagePending
     /tmp/cc1KCPzC.s:3319   .text.HAL_FDCAN_GetRxFifoFillLevel:00000000 $t
     /tmp/cc1KCPzC.s:3325   .text.HAL_FDCAN_GetRxFifoFillLevel:00000000 HAL_FDCAN_GetRxFifoFillLevel
     /tmp/cc1KCPzC.s:3368   .text.HAL_FDCAN_GetTxFifoFreeLevel:00000000 $t
     /tmp/cc1KCPzC.s:3374   .text.HAL_FDCAN_GetTxFifoFreeLevel:00000000 HAL_FDCAN_GetTxFifoFreeLevel
     /tmp/cc1KCPzC.s:3399   .text.HAL_FDCAN_IsRestrictedOperationMode:00000000 $t
     /tmp/cc1KCPzC.s:3405   .text.HAL_FDCAN_IsRestrictedOperationMode:00000000 HAL_FDCAN_IsRestrictedOperationMode
     /tmp/cc1KCPzC.s:3430   .text.HAL_FDCAN_ExitRestrictedOperationMode:00000000 $t
     /tmp/cc1KCPzC.s:3436   .text.HAL_FDCAN_ExitRestrictedOperationMode:00000000 HAL_FDCAN_ExitRestrictedOperationMode
     /tmp/cc1KCPzC.s:3487   .text.HAL_FDCAN_ConfigInterruptLines:00000000 $t
     /tmp/cc1KCPzC.s:3493   .text.HAL_FDCAN_ConfigInterruptLines:00000000 HAL_FDCAN_ConfigInterruptLines
     /tmp/cc1KCPzC.s:3563   .text.HAL_FDCAN_ActivateNotification:00000000 $t
     /tmp/cc1KCPzC.s:3569   .text.HAL_FDCAN_ActivateNotification:00000000 HAL_FDCAN_ActivateNotification
     /tmp/cc1KCPzC.s:3777   .text.HAL_FDCAN_DeactivateNotification:00000000 $t
     /tmp/cc1KCPzC.s:3783   .text.HAL_FDCAN_DeactivateNotification:00000000 HAL_FDCAN_DeactivateNotification
     /tmp/cc1KCPzC.s:3991   .text.HAL_FDCAN_TxEventFifoCallback:00000000 $t
     /tmp/cc1KCPzC.s:3997   .text.HAL_FDCAN_TxEventFifoCallback:00000000 HAL_FDCAN_TxEventFifoCallback
     /tmp/cc1KCPzC.s:4013   .text.HAL_FDCAN_RxFifo0Callback:00000000 $t
     /tmp/cc1KCPzC.s:4019   .text.HAL_FDCAN_RxFifo0Callback:00000000 HAL_FDCAN_RxFifo0Callback
     /tmp/cc1KCPzC.s:4035   .text.HAL_FDCAN_RxFifo1Callback:00000000 $t
     /tmp/cc1KCPzC.s:4041   .text.HAL_FDCAN_RxFifo1Callback:00000000 HAL_FDCAN_RxFifo1Callback
     /tmp/cc1KCPzC.s:4057   .text.HAL_FDCAN_TxFifoEmptyCallback:00000000 $t
     /tmp/cc1KCPzC.s:4063   .text.HAL_FDCAN_TxFifoEmptyCallback:00000000 HAL_FDCAN_TxFifoEmptyCallback
     /tmp/cc1KCPzC.s:4078   .text.HAL_FDCAN_TxBufferCompleteCallback:00000000 $t
     /tmp/cc1KCPzC.s:4084   .text.HAL_FDCAN_TxBufferCompleteCallback:00000000 HAL_FDCAN_TxBufferCompleteCallback
     /tmp/cc1KCPzC.s:4100   .text.HAL_FDCAN_TxBufferAbortCallback:00000000 $t
ARM GAS  /tmp/cc1KCPzC.s 			page 171


     /tmp/cc1KCPzC.s:4106   .text.HAL_FDCAN_TxBufferAbortCallback:00000000 HAL_FDCAN_TxBufferAbortCallback
     /tmp/cc1KCPzC.s:4122   .text.HAL_FDCAN_TimestampWraparoundCallback:00000000 $t
     /tmp/cc1KCPzC.s:4128   .text.HAL_FDCAN_TimestampWraparoundCallback:00000000 HAL_FDCAN_TimestampWraparoundCallback
     /tmp/cc1KCPzC.s:4143   .text.HAL_FDCAN_TimeoutOccurredCallback:00000000 $t
     /tmp/cc1KCPzC.s:4149   .text.HAL_FDCAN_TimeoutOccurredCallback:00000000 HAL_FDCAN_TimeoutOccurredCallback
     /tmp/cc1KCPzC.s:4164   .text.HAL_FDCAN_HighPriorityMessageCallback:00000000 $t
     /tmp/cc1KCPzC.s:4170   .text.HAL_FDCAN_HighPriorityMessageCallback:00000000 HAL_FDCAN_HighPriorityMessageCallback
     /tmp/cc1KCPzC.s:4185   .text.HAL_FDCAN_ErrorCallback:00000000 $t
     /tmp/cc1KCPzC.s:4191   .text.HAL_FDCAN_ErrorCallback:00000000 HAL_FDCAN_ErrorCallback
     /tmp/cc1KCPzC.s:4206   .text.HAL_FDCAN_ErrorStatusCallback:00000000 $t
     /tmp/cc1KCPzC.s:4212   .text.HAL_FDCAN_ErrorStatusCallback:00000000 HAL_FDCAN_ErrorStatusCallback
     /tmp/cc1KCPzC.s:4228   .text.HAL_FDCAN_IRQHandler:00000000 $t
     /tmp/cc1KCPzC.s:4234   .text.HAL_FDCAN_IRQHandler:00000000 HAL_FDCAN_IRQHandler
     /tmp/cc1KCPzC.s:4590   .text.HAL_FDCAN_GetState:00000000 $t
     /tmp/cc1KCPzC.s:4596   .text.HAL_FDCAN_GetState:00000000 HAL_FDCAN_GetState
     /tmp/cc1KCPzC.s:4614   .text.HAL_FDCAN_GetError:00000000 $t
     /tmp/cc1KCPzC.s:4620   .text.HAL_FDCAN_GetError:00000000 HAL_FDCAN_GetError
     /tmp/cc1KCPzC.s:4638   .rodata.DLCtoBytes:00000000 $d

UNDEFINED SYMBOLS
HAL_GetTick
