ARM GAS  /tmp/cc3pUyOJ.s 			page 1


   1              		.cpu cortex-m33
   2              		.arch armv8-m.main
   3              		.fpu fpv5-sp-d16
   4              		.arch_extension dsp
   5              		.eabi_attribute 27, 1
   6              		.eabi_attribute 28, 1
   7              		.eabi_attribute 20, 1
   8              		.eabi_attribute 21, 1
   9              		.eabi_attribute 23, 3
  10              		.eabi_attribute 24, 1
  11              		.eabi_attribute 25, 1
  12              		.eabi_attribute 26, 1
  13              		.eabi_attribute 30, 1
  14              		.eabi_attribute 34, 1
  15              		.eabi_attribute 18, 4
  16              		.file	"stm32h5xx_hal_spi.c"
  17              		.text
  18              	.Ltext0:
  19              		.cfi_sections	.debug_frame
  20              		.file 1 "Drivers/STM32H5xx_HAL_Driver/Src/stm32h5xx_hal_spi.c"
  21              		.section	.text.SPI_RxISR_8BIT,"ax",%progbits
  22              		.align	1
  23              		.syntax unified
  24              		.thumb
  25              		.thumb_func
  27              	SPI_RxISR_8BIT:
  28              	.LVL0:
  29              	.LFB197:
   1:Drivers/STM32H5xx_HAL_Driver/Src/stm32h5xx_hal_spi.c **** /**
   2:Drivers/STM32H5xx_HAL_Driver/Src/stm32h5xx_hal_spi.c ****   ******************************************************************************
   3:Drivers/STM32H5xx_HAL_Driver/Src/stm32h5xx_hal_spi.c ****   * @file    stm32h5xx_hal_spi.c
   4:Drivers/STM32H5xx_HAL_Driver/Src/stm32h5xx_hal_spi.c ****   * @author  MCD Application Team
   5:Drivers/STM32H5xx_HAL_Driver/Src/stm32h5xx_hal_spi.c ****   * @brief   SPI HAL module driver.
   6:Drivers/STM32H5xx_HAL_Driver/Src/stm32h5xx_hal_spi.c ****   *          This file provides firmware functions to manage the following
   7:Drivers/STM32H5xx_HAL_Driver/Src/stm32h5xx_hal_spi.c ****   *          functionalities of the Serial Peripheral Interface (SPI) peripheral:
   8:Drivers/STM32H5xx_HAL_Driver/Src/stm32h5xx_hal_spi.c ****   *           + Initialization and de-initialization functions
   9:Drivers/STM32H5xx_HAL_Driver/Src/stm32h5xx_hal_spi.c ****   *           + IO operation functions
  10:Drivers/STM32H5xx_HAL_Driver/Src/stm32h5xx_hal_spi.c ****   *           + Peripheral Control functions
  11:Drivers/STM32H5xx_HAL_Driver/Src/stm32h5xx_hal_spi.c ****   *           + Peripheral State functions
  12:Drivers/STM32H5xx_HAL_Driver/Src/stm32h5xx_hal_spi.c ****   *
  13:Drivers/STM32H5xx_HAL_Driver/Src/stm32h5xx_hal_spi.c ****   ******************************************************************************
  14:Drivers/STM32H5xx_HAL_Driver/Src/stm32h5xx_hal_spi.c ****   * @attention
  15:Drivers/STM32H5xx_HAL_Driver/Src/stm32h5xx_hal_spi.c ****   *
  16:Drivers/STM32H5xx_HAL_Driver/Src/stm32h5xx_hal_spi.c ****   * Copyright (c) 2023 STMicroelectronics.
  17:Drivers/STM32H5xx_HAL_Driver/Src/stm32h5xx_hal_spi.c ****   * All rights reserved.
  18:Drivers/STM32H5xx_HAL_Driver/Src/stm32h5xx_hal_spi.c ****   *
  19:Drivers/STM32H5xx_HAL_Driver/Src/stm32h5xx_hal_spi.c ****   * This software is licensed under terms that can be found in the LICENSE file
  20:Drivers/STM32H5xx_HAL_Driver/Src/stm32h5xx_hal_spi.c ****   * in the root directory of this software component.
  21:Drivers/STM32H5xx_HAL_Driver/Src/stm32h5xx_hal_spi.c ****   * If no LICENSE file comes with this software, it is provided AS-IS.
  22:Drivers/STM32H5xx_HAL_Driver/Src/stm32h5xx_hal_spi.c ****   *
  23:Drivers/STM32H5xx_HAL_Driver/Src/stm32h5xx_hal_spi.c ****   ******************************************************************************
  24:Drivers/STM32H5xx_HAL_Driver/Src/stm32h5xx_hal_spi.c ****   @verbatim
  25:Drivers/STM32H5xx_HAL_Driver/Src/stm32h5xx_hal_spi.c ****   ==============================================================================
  26:Drivers/STM32H5xx_HAL_Driver/Src/stm32h5xx_hal_spi.c ****                         ##### How to use this driver #####
  27:Drivers/STM32H5xx_HAL_Driver/Src/stm32h5xx_hal_spi.c ****   ==============================================================================
  28:Drivers/STM32H5xx_HAL_Driver/Src/stm32h5xx_hal_spi.c ****     [..]
  29:Drivers/STM32H5xx_HAL_Driver/Src/stm32h5xx_hal_spi.c ****       The SPI HAL driver can be used as follows:
ARM GAS  /tmp/cc3pUyOJ.s 			page 2


  30:Drivers/STM32H5xx_HAL_Driver/Src/stm32h5xx_hal_spi.c **** 
  31:Drivers/STM32H5xx_HAL_Driver/Src/stm32h5xx_hal_spi.c ****       (#) Declare a SPI_HandleTypeDef handle structure, for example:
  32:Drivers/STM32H5xx_HAL_Driver/Src/stm32h5xx_hal_spi.c ****           SPI_HandleTypeDef  hspi;
  33:Drivers/STM32H5xx_HAL_Driver/Src/stm32h5xx_hal_spi.c **** 
  34:Drivers/STM32H5xx_HAL_Driver/Src/stm32h5xx_hal_spi.c ****       (#)Initialize the SPI low level resources by implementing the HAL_SPI_MspInit() API:
  35:Drivers/STM32H5xx_HAL_Driver/Src/stm32h5xx_hal_spi.c ****           (##) Enable the SPIx interface clock
  36:Drivers/STM32H5xx_HAL_Driver/Src/stm32h5xx_hal_spi.c ****           (##) SPI pins configuration
  37:Drivers/STM32H5xx_HAL_Driver/Src/stm32h5xx_hal_spi.c ****               (+++) Enable the clock for the SPI GPIOs
  38:Drivers/STM32H5xx_HAL_Driver/Src/stm32h5xx_hal_spi.c ****               (+++) Configure these SPI pins as alternate function push-pull
  39:Drivers/STM32H5xx_HAL_Driver/Src/stm32h5xx_hal_spi.c ****           (##) NVIC configuration if you need to use interrupt process or DMA process
  40:Drivers/STM32H5xx_HAL_Driver/Src/stm32h5xx_hal_spi.c ****               (+++) Configure the SPIx interrupt priority
  41:Drivers/STM32H5xx_HAL_Driver/Src/stm32h5xx_hal_spi.c ****               (+++) Enable the NVIC SPI IRQ handle
  42:Drivers/STM32H5xx_HAL_Driver/Src/stm32h5xx_hal_spi.c ****           (##) DMA Configuration if you need to use DMA process
  43:Drivers/STM32H5xx_HAL_Driver/Src/stm32h5xx_hal_spi.c ****               (+++) Declare a DMA_HandleTypeDef handle structure for the transmit or receive Stream
  44:Drivers/STM32H5xx_HAL_Driver/Src/stm32h5xx_hal_spi.c ****               (+++) Enable the DMAx clock
  45:Drivers/STM32H5xx_HAL_Driver/Src/stm32h5xx_hal_spi.c ****               (+++) Configure the DMA handle parameters
  46:Drivers/STM32H5xx_HAL_Driver/Src/stm32h5xx_hal_spi.c ****               (+++) Configure the DMA Tx or Rx Stream/Channel
  47:Drivers/STM32H5xx_HAL_Driver/Src/stm32h5xx_hal_spi.c ****               (+++) Associate the initialized hdma_tx handle to the hspi DMA Tx or Rx handle
  48:Drivers/STM32H5xx_HAL_Driver/Src/stm32h5xx_hal_spi.c ****               (+++) Configure the priority and enable the NVIC for the transfer complete interrupt 
  49:Drivers/STM32H5xx_HAL_Driver/Src/stm32h5xx_hal_spi.c ****                     or Rx Stream/Channel
  50:Drivers/STM32H5xx_HAL_Driver/Src/stm32h5xx_hal_spi.c **** 
  51:Drivers/STM32H5xx_HAL_Driver/Src/stm32h5xx_hal_spi.c ****       (#) Program the Mode, BidirectionalMode , Data size, Baudrate Prescaler, NSS
  52:Drivers/STM32H5xx_HAL_Driver/Src/stm32h5xx_hal_spi.c ****           management, Clock polarity and phase, FirstBit and CRC configuration in the hspi Init str
  53:Drivers/STM32H5xx_HAL_Driver/Src/stm32h5xx_hal_spi.c **** 
  54:Drivers/STM32H5xx_HAL_Driver/Src/stm32h5xx_hal_spi.c ****       (#) Initialize the SPI registers by calling the HAL_SPI_Init() API:
  55:Drivers/STM32H5xx_HAL_Driver/Src/stm32h5xx_hal_spi.c ****           (++) This API configures also the low level Hardware GPIO, CLOCK, CORTEX...etc)
  56:Drivers/STM32H5xx_HAL_Driver/Src/stm32h5xx_hal_spi.c ****               by calling the customized HAL_SPI_MspInit() API.
  57:Drivers/STM32H5xx_HAL_Driver/Src/stm32h5xx_hal_spi.c ****      [..]
  58:Drivers/STM32H5xx_HAL_Driver/Src/stm32h5xx_hal_spi.c ****        Callback registration:
  59:Drivers/STM32H5xx_HAL_Driver/Src/stm32h5xx_hal_spi.c **** 
  60:Drivers/STM32H5xx_HAL_Driver/Src/stm32h5xx_hal_spi.c ****       (#) The compilation flag USE_HAL_SPI_REGISTER_CALLBACKS when set to 1UL
  61:Drivers/STM32H5xx_HAL_Driver/Src/stm32h5xx_hal_spi.c ****           allows the user to configure dynamically the driver callbacks.
  62:Drivers/STM32H5xx_HAL_Driver/Src/stm32h5xx_hal_spi.c ****           Use Functions HAL_SPI_RegisterCallback() to register an interrupt callback.
  63:Drivers/STM32H5xx_HAL_Driver/Src/stm32h5xx_hal_spi.c **** 
  64:Drivers/STM32H5xx_HAL_Driver/Src/stm32h5xx_hal_spi.c ****           Function HAL_SPI_RegisterCallback() allows to register following callbacks:
  65:Drivers/STM32H5xx_HAL_Driver/Src/stm32h5xx_hal_spi.c ****             (+) TxCpltCallback        : SPI Tx Completed callback
  66:Drivers/STM32H5xx_HAL_Driver/Src/stm32h5xx_hal_spi.c ****             (+) RxCpltCallback        : SPI Rx Completed callback
  67:Drivers/STM32H5xx_HAL_Driver/Src/stm32h5xx_hal_spi.c ****             (+) TxRxCpltCallback      : SPI TxRx Completed callback
  68:Drivers/STM32H5xx_HAL_Driver/Src/stm32h5xx_hal_spi.c ****             (+) TxHalfCpltCallback    : SPI Tx Half Completed callback
  69:Drivers/STM32H5xx_HAL_Driver/Src/stm32h5xx_hal_spi.c ****             (+) RxHalfCpltCallback    : SPI Rx Half Completed callback
  70:Drivers/STM32H5xx_HAL_Driver/Src/stm32h5xx_hal_spi.c ****             (+) TxRxHalfCpltCallback  : SPI TxRx Half Completed callback
  71:Drivers/STM32H5xx_HAL_Driver/Src/stm32h5xx_hal_spi.c ****             (+) ErrorCallback         : SPI Error callback
  72:Drivers/STM32H5xx_HAL_Driver/Src/stm32h5xx_hal_spi.c ****             (+) AbortCpltCallback     : SPI Abort callback
  73:Drivers/STM32H5xx_HAL_Driver/Src/stm32h5xx_hal_spi.c ****             (+) SuspendCallback       : SPI Suspend callback
  74:Drivers/STM32H5xx_HAL_Driver/Src/stm32h5xx_hal_spi.c ****             (+) MspInitCallback       : SPI Msp Init callback
  75:Drivers/STM32H5xx_HAL_Driver/Src/stm32h5xx_hal_spi.c ****             (+) MspDeInitCallback     : SPI Msp DeInit callback
  76:Drivers/STM32H5xx_HAL_Driver/Src/stm32h5xx_hal_spi.c ****           This function takes as parameters the HAL peripheral handle, the Callback ID
  77:Drivers/STM32H5xx_HAL_Driver/Src/stm32h5xx_hal_spi.c ****           and a pointer to the user callback function.
  78:Drivers/STM32H5xx_HAL_Driver/Src/stm32h5xx_hal_spi.c **** 
  79:Drivers/STM32H5xx_HAL_Driver/Src/stm32h5xx_hal_spi.c **** 
  80:Drivers/STM32H5xx_HAL_Driver/Src/stm32h5xx_hal_spi.c ****       (#) Use function HAL_SPI_UnRegisterCallback to reset a callback to the default
  81:Drivers/STM32H5xx_HAL_Driver/Src/stm32h5xx_hal_spi.c ****           weak function.
  82:Drivers/STM32H5xx_HAL_Driver/Src/stm32h5xx_hal_spi.c ****           HAL_SPI_UnRegisterCallback takes as parameters the HAL peripheral handle,
  83:Drivers/STM32H5xx_HAL_Driver/Src/stm32h5xx_hal_spi.c ****           and the Callback ID.
  84:Drivers/STM32H5xx_HAL_Driver/Src/stm32h5xx_hal_spi.c ****           This function allows to reset following callbacks:
  85:Drivers/STM32H5xx_HAL_Driver/Src/stm32h5xx_hal_spi.c ****             (+) TxCpltCallback        : SPI Tx Completed callback
  86:Drivers/STM32H5xx_HAL_Driver/Src/stm32h5xx_hal_spi.c ****             (+) RxCpltCallback        : SPI Rx Completed callback
ARM GAS  /tmp/cc3pUyOJ.s 			page 3


  87:Drivers/STM32H5xx_HAL_Driver/Src/stm32h5xx_hal_spi.c ****             (+) TxRxCpltCallback      : SPI TxRx Completed callback
  88:Drivers/STM32H5xx_HAL_Driver/Src/stm32h5xx_hal_spi.c ****             (+) TxHalfCpltCallback    : SPI Tx Half Completed callback
  89:Drivers/STM32H5xx_HAL_Driver/Src/stm32h5xx_hal_spi.c ****             (+) RxHalfCpltCallback    : SPI Rx Half Completed callback
  90:Drivers/STM32H5xx_HAL_Driver/Src/stm32h5xx_hal_spi.c ****             (+) TxRxHalfCpltCallback  : SPI TxRx Half Completed callback
  91:Drivers/STM32H5xx_HAL_Driver/Src/stm32h5xx_hal_spi.c ****             (+) ErrorCallback         : SPI Error callback
  92:Drivers/STM32H5xx_HAL_Driver/Src/stm32h5xx_hal_spi.c ****             (+) AbortCpltCallback     : SPI Abort callback
  93:Drivers/STM32H5xx_HAL_Driver/Src/stm32h5xx_hal_spi.c ****             (+) SuspendCallback       : SPI Suspend callback
  94:Drivers/STM32H5xx_HAL_Driver/Src/stm32h5xx_hal_spi.c ****             (+) MspInitCallback       : SPI Msp Init callback
  95:Drivers/STM32H5xx_HAL_Driver/Src/stm32h5xx_hal_spi.c ****             (+) MspDeInitCallback     : SPI Msp DeInit callback
  96:Drivers/STM32H5xx_HAL_Driver/Src/stm32h5xx_hal_spi.c **** 
  97:Drivers/STM32H5xx_HAL_Driver/Src/stm32h5xx_hal_spi.c ****        By default, after the HAL_SPI_Init() and when the state is HAL_SPI_STATE_RESET
  98:Drivers/STM32H5xx_HAL_Driver/Src/stm32h5xx_hal_spi.c ****        all callbacks are set to the corresponding weak functions:
  99:Drivers/STM32H5xx_HAL_Driver/Src/stm32h5xx_hal_spi.c ****        examples HAL_SPI_MasterTxCpltCallback(), HAL_SPI_MasterRxCpltCallback().
 100:Drivers/STM32H5xx_HAL_Driver/Src/stm32h5xx_hal_spi.c ****        Exception done for MspInit and MspDeInit functions that are
 101:Drivers/STM32H5xx_HAL_Driver/Src/stm32h5xx_hal_spi.c ****        reset to the legacy weak functions in the HAL_SPI_Init()/ HAL_SPI_DeInit() only when
 102:Drivers/STM32H5xx_HAL_Driver/Src/stm32h5xx_hal_spi.c ****        these callbacks are null (not registered beforehand).
 103:Drivers/STM32H5xx_HAL_Driver/Src/stm32h5xx_hal_spi.c ****        If MspInit or MspDeInit are not null, the HAL_SPI_Init()/ HAL_SPI_DeInit()
 104:Drivers/STM32H5xx_HAL_Driver/Src/stm32h5xx_hal_spi.c ****        keep and use the user MspInit/MspDeInit callbacks (registered beforehand) whatever the state
 105:Drivers/STM32H5xx_HAL_Driver/Src/stm32h5xx_hal_spi.c **** 
 106:Drivers/STM32H5xx_HAL_Driver/Src/stm32h5xx_hal_spi.c ****        Callbacks can be registered/unregistered in HAL_SPI_STATE_READY state only.
 107:Drivers/STM32H5xx_HAL_Driver/Src/stm32h5xx_hal_spi.c ****        Exception done MspInit/MspDeInit functions that can be registered/unregistered
 108:Drivers/STM32H5xx_HAL_Driver/Src/stm32h5xx_hal_spi.c ****        in HAL_SPI_STATE_READY or HAL_SPI_STATE_RESET state,
 109:Drivers/STM32H5xx_HAL_Driver/Src/stm32h5xx_hal_spi.c ****        thus registered (user) MspInit/DeInit callbacks can be used during the Init/DeInit.
 110:Drivers/STM32H5xx_HAL_Driver/Src/stm32h5xx_hal_spi.c ****        Then, the user first registers the MspInit/MspDeInit user callbacks
 111:Drivers/STM32H5xx_HAL_Driver/Src/stm32h5xx_hal_spi.c ****        using HAL_SPI_RegisterCallback() before calling HAL_SPI_DeInit()
 112:Drivers/STM32H5xx_HAL_Driver/Src/stm32h5xx_hal_spi.c ****        or HAL_SPI_Init() function.
 113:Drivers/STM32H5xx_HAL_Driver/Src/stm32h5xx_hal_spi.c **** 
 114:Drivers/STM32H5xx_HAL_Driver/Src/stm32h5xx_hal_spi.c ****        When The compilation define USE_HAL_PPP_REGISTER_CALLBACKS is set to 0 or not defined,
 115:Drivers/STM32H5xx_HAL_Driver/Src/stm32h5xx_hal_spi.c ****        the callback registering feature is not available and weak callbacks are used.
 116:Drivers/STM32H5xx_HAL_Driver/Src/stm32h5xx_hal_spi.c **** 
 117:Drivers/STM32H5xx_HAL_Driver/Src/stm32h5xx_hal_spi.c ****        SuspendCallback restriction:
 118:Drivers/STM32H5xx_HAL_Driver/Src/stm32h5xx_hal_spi.c ****            SuspendCallback is called only when MasterReceiverAutoSusp is enabled and
 119:Drivers/STM32H5xx_HAL_Driver/Src/stm32h5xx_hal_spi.c ****        EOT interrupt is activated. SuspendCallback is used in relation with functions
 120:Drivers/STM32H5xx_HAL_Driver/Src/stm32h5xx_hal_spi.c ****        HAL_SPI_Transmit_IT, HAL_SPI_Receive_IT and HAL_SPI_TransmitReceive_IT.
 121:Drivers/STM32H5xx_HAL_Driver/Src/stm32h5xx_hal_spi.c **** 
 122:Drivers/STM32H5xx_HAL_Driver/Src/stm32h5xx_hal_spi.c ****     [..]
 123:Drivers/STM32H5xx_HAL_Driver/Src/stm32h5xx_hal_spi.c ****       Circular mode restriction:
 124:Drivers/STM32H5xx_HAL_Driver/Src/stm32h5xx_hal_spi.c ****       (+) The DMA circular mode cannot be used when the SPI is configured in these modes:
 125:Drivers/STM32H5xx_HAL_Driver/Src/stm32h5xx_hal_spi.c ****           (++) Master 2Lines RxOnly
 126:Drivers/STM32H5xx_HAL_Driver/Src/stm32h5xx_hal_spi.c ****           (++) Master 1Line Rx
 127:Drivers/STM32H5xx_HAL_Driver/Src/stm32h5xx_hal_spi.c ****       (+) The CRC feature is not managed when the DMA circular mode is enabled
 128:Drivers/STM32H5xx_HAL_Driver/Src/stm32h5xx_hal_spi.c ****       (+) The functions HAL_SPI_DMAPause()/ HAL_SPI_DMAResume() are not supported. Return always
 129:Drivers/STM32H5xx_HAL_Driver/Src/stm32h5xx_hal_spi.c ****           HAL_ERROR with ErrorCode set to HAL_SPI_ERROR_NOT_SUPPORTED.
 130:Drivers/STM32H5xx_HAL_Driver/Src/stm32h5xx_hal_spi.c ****           Those functions are maintained for backward compatibility reasons.
 131:Drivers/STM32H5xx_HAL_Driver/Src/stm32h5xx_hal_spi.c **** 
 132:Drivers/STM32H5xx_HAL_Driver/Src/stm32h5xx_hal_spi.c ****   @endverbatim
 133:Drivers/STM32H5xx_HAL_Driver/Src/stm32h5xx_hal_spi.c ****   */
 134:Drivers/STM32H5xx_HAL_Driver/Src/stm32h5xx_hal_spi.c **** 
 135:Drivers/STM32H5xx_HAL_Driver/Src/stm32h5xx_hal_spi.c **** /* Includes ------------------------------------------------------------------*/
 136:Drivers/STM32H5xx_HAL_Driver/Src/stm32h5xx_hal_spi.c **** #include "stm32h5xx_hal.h"
 137:Drivers/STM32H5xx_HAL_Driver/Src/stm32h5xx_hal_spi.c **** 
 138:Drivers/STM32H5xx_HAL_Driver/Src/stm32h5xx_hal_spi.c **** /** @addtogroup STM32H5xx_HAL_Driver
 139:Drivers/STM32H5xx_HAL_Driver/Src/stm32h5xx_hal_spi.c ****   * @{
 140:Drivers/STM32H5xx_HAL_Driver/Src/stm32h5xx_hal_spi.c ****   */
 141:Drivers/STM32H5xx_HAL_Driver/Src/stm32h5xx_hal_spi.c **** 
 142:Drivers/STM32H5xx_HAL_Driver/Src/stm32h5xx_hal_spi.c **** /** @defgroup SPI SPI
 143:Drivers/STM32H5xx_HAL_Driver/Src/stm32h5xx_hal_spi.c ****   * @brief SPI HAL module driver
ARM GAS  /tmp/cc3pUyOJ.s 			page 4


 144:Drivers/STM32H5xx_HAL_Driver/Src/stm32h5xx_hal_spi.c ****   * @{
 145:Drivers/STM32H5xx_HAL_Driver/Src/stm32h5xx_hal_spi.c ****   */
 146:Drivers/STM32H5xx_HAL_Driver/Src/stm32h5xx_hal_spi.c **** #ifdef HAL_SPI_MODULE_ENABLED
 147:Drivers/STM32H5xx_HAL_Driver/Src/stm32h5xx_hal_spi.c **** 
 148:Drivers/STM32H5xx_HAL_Driver/Src/stm32h5xx_hal_spi.c **** /* Private typedef -----------------------------------------------------------*/
 149:Drivers/STM32H5xx_HAL_Driver/Src/stm32h5xx_hal_spi.c **** /* Private defines -----------------------------------------------------------*/
 150:Drivers/STM32H5xx_HAL_Driver/Src/stm32h5xx_hal_spi.c **** /** @defgroup SPI_Private_Constants SPI Private Constants
 151:Drivers/STM32H5xx_HAL_Driver/Src/stm32h5xx_hal_spi.c ****   * @{
 152:Drivers/STM32H5xx_HAL_Driver/Src/stm32h5xx_hal_spi.c ****   */
 153:Drivers/STM32H5xx_HAL_Driver/Src/stm32h5xx_hal_spi.c **** #define SPI_DEFAULT_TIMEOUT 100UL
 154:Drivers/STM32H5xx_HAL_Driver/Src/stm32h5xx_hal_spi.c **** /**
 155:Drivers/STM32H5xx_HAL_Driver/Src/stm32h5xx_hal_spi.c ****   * @}
 156:Drivers/STM32H5xx_HAL_Driver/Src/stm32h5xx_hal_spi.c ****   */
 157:Drivers/STM32H5xx_HAL_Driver/Src/stm32h5xx_hal_spi.c **** 
 158:Drivers/STM32H5xx_HAL_Driver/Src/stm32h5xx_hal_spi.c **** /* Private macros ------------------------------------------------------------*/
 159:Drivers/STM32H5xx_HAL_Driver/Src/stm32h5xx_hal_spi.c **** /* Private variables ---------------------------------------------------------*/
 160:Drivers/STM32H5xx_HAL_Driver/Src/stm32h5xx_hal_spi.c **** /* Private function prototypes -----------------------------------------------*/
 161:Drivers/STM32H5xx_HAL_Driver/Src/stm32h5xx_hal_spi.c **** /** @defgroup SPI_Private_Functions SPI Private Functions
 162:Drivers/STM32H5xx_HAL_Driver/Src/stm32h5xx_hal_spi.c ****   * @{
 163:Drivers/STM32H5xx_HAL_Driver/Src/stm32h5xx_hal_spi.c ****   */
 164:Drivers/STM32H5xx_HAL_Driver/Src/stm32h5xx_hal_spi.c **** #if defined(HAL_DMA_MODULE_ENABLED)
 165:Drivers/STM32H5xx_HAL_Driver/Src/stm32h5xx_hal_spi.c **** static void SPI_DMATransmitCplt(DMA_HandleTypeDef *hdma);
 166:Drivers/STM32H5xx_HAL_Driver/Src/stm32h5xx_hal_spi.c **** static void SPI_DMAReceiveCplt(DMA_HandleTypeDef *hdma);
 167:Drivers/STM32H5xx_HAL_Driver/Src/stm32h5xx_hal_spi.c **** static void SPI_DMATransmitReceiveCplt(DMA_HandleTypeDef *hdma);
 168:Drivers/STM32H5xx_HAL_Driver/Src/stm32h5xx_hal_spi.c **** static void SPI_DMAHalfTransmitCplt(DMA_HandleTypeDef *hdma);
 169:Drivers/STM32H5xx_HAL_Driver/Src/stm32h5xx_hal_spi.c **** static void SPI_DMAHalfReceiveCplt(DMA_HandleTypeDef *hdma);
 170:Drivers/STM32H5xx_HAL_Driver/Src/stm32h5xx_hal_spi.c **** static void SPI_DMAHalfTransmitReceiveCplt(DMA_HandleTypeDef *hdma);
 171:Drivers/STM32H5xx_HAL_Driver/Src/stm32h5xx_hal_spi.c **** static void SPI_DMAError(DMA_HandleTypeDef *hdma);
 172:Drivers/STM32H5xx_HAL_Driver/Src/stm32h5xx_hal_spi.c **** static void SPI_DMAAbortOnError(DMA_HandleTypeDef *hdma);
 173:Drivers/STM32H5xx_HAL_Driver/Src/stm32h5xx_hal_spi.c **** static void SPI_DMATxAbortCallback(DMA_HandleTypeDef *hdma);
 174:Drivers/STM32H5xx_HAL_Driver/Src/stm32h5xx_hal_spi.c **** static void SPI_DMARxAbortCallback(DMA_HandleTypeDef *hdma);
 175:Drivers/STM32H5xx_HAL_Driver/Src/stm32h5xx_hal_spi.c **** #endif /* HAL_DMA_MODULE_ENABLED */
 176:Drivers/STM32H5xx_HAL_Driver/Src/stm32h5xx_hal_spi.c **** static HAL_StatusTypeDef SPI_WaitOnFlagUntilTimeout(const SPI_HandleTypeDef *hspi, uint32_t Flag,
 177:Drivers/STM32H5xx_HAL_Driver/Src/stm32h5xx_hal_spi.c ****                                                     FlagStatus FlagStatus, uint32_t Timeout, uint32
 178:Drivers/STM32H5xx_HAL_Driver/Src/stm32h5xx_hal_spi.c **** static void SPI_TxISR_8BIT(SPI_HandleTypeDef *hspi);
 179:Drivers/STM32H5xx_HAL_Driver/Src/stm32h5xx_hal_spi.c **** static void SPI_TxISR_16BIT(SPI_HandleTypeDef *hspi);
 180:Drivers/STM32H5xx_HAL_Driver/Src/stm32h5xx_hal_spi.c **** static void SPI_TxISR_32BIT(SPI_HandleTypeDef *hspi);
 181:Drivers/STM32H5xx_HAL_Driver/Src/stm32h5xx_hal_spi.c **** static void SPI_RxISR_8BIT(SPI_HandleTypeDef *hspi);
 182:Drivers/STM32H5xx_HAL_Driver/Src/stm32h5xx_hal_spi.c **** static void SPI_RxISR_16BIT(SPI_HandleTypeDef *hspi);
 183:Drivers/STM32H5xx_HAL_Driver/Src/stm32h5xx_hal_spi.c **** static void SPI_RxISR_32BIT(SPI_HandleTypeDef *hspi);
 184:Drivers/STM32H5xx_HAL_Driver/Src/stm32h5xx_hal_spi.c **** static void SPI_AbortTransfer(SPI_HandleTypeDef *hspi);
 185:Drivers/STM32H5xx_HAL_Driver/Src/stm32h5xx_hal_spi.c **** static void SPI_CloseTransfer(SPI_HandleTypeDef *hspi);
 186:Drivers/STM32H5xx_HAL_Driver/Src/stm32h5xx_hal_spi.c **** static uint32_t SPI_GetPacketSize(const SPI_HandleTypeDef *hspi);
 187:Drivers/STM32H5xx_HAL_Driver/Src/stm32h5xx_hal_spi.c **** 
 188:Drivers/STM32H5xx_HAL_Driver/Src/stm32h5xx_hal_spi.c **** 
 189:Drivers/STM32H5xx_HAL_Driver/Src/stm32h5xx_hal_spi.c **** /**
 190:Drivers/STM32H5xx_HAL_Driver/Src/stm32h5xx_hal_spi.c ****   * @}
 191:Drivers/STM32H5xx_HAL_Driver/Src/stm32h5xx_hal_spi.c ****   */
 192:Drivers/STM32H5xx_HAL_Driver/Src/stm32h5xx_hal_spi.c **** 
 193:Drivers/STM32H5xx_HAL_Driver/Src/stm32h5xx_hal_spi.c **** /* Exported functions --------------------------------------------------------*/
 194:Drivers/STM32H5xx_HAL_Driver/Src/stm32h5xx_hal_spi.c **** /** @defgroup SPI_Exported_Functions SPI Exported Functions
 195:Drivers/STM32H5xx_HAL_Driver/Src/stm32h5xx_hal_spi.c ****   * @{
 196:Drivers/STM32H5xx_HAL_Driver/Src/stm32h5xx_hal_spi.c ****   */
 197:Drivers/STM32H5xx_HAL_Driver/Src/stm32h5xx_hal_spi.c **** 
 198:Drivers/STM32H5xx_HAL_Driver/Src/stm32h5xx_hal_spi.c **** /** @defgroup SPI_Exported_Functions_Group1 Initialization and de-initialization functions
 199:Drivers/STM32H5xx_HAL_Driver/Src/stm32h5xx_hal_spi.c ****   *  @brief    Initialization and Configuration functions
 200:Drivers/STM32H5xx_HAL_Driver/Src/stm32h5xx_hal_spi.c ****   *
ARM GAS  /tmp/cc3pUyOJ.s 			page 5


 201:Drivers/STM32H5xx_HAL_Driver/Src/stm32h5xx_hal_spi.c **** @verbatim
 202:Drivers/STM32H5xx_HAL_Driver/Src/stm32h5xx_hal_spi.c ****  ===============================================================================
 203:Drivers/STM32H5xx_HAL_Driver/Src/stm32h5xx_hal_spi.c ****               ##### Initialization and de-initialization functions #####
 204:Drivers/STM32H5xx_HAL_Driver/Src/stm32h5xx_hal_spi.c ****  ===============================================================================
 205:Drivers/STM32H5xx_HAL_Driver/Src/stm32h5xx_hal_spi.c ****     [..]  This subsection provides a set of functions allowing to initialize and
 206:Drivers/STM32H5xx_HAL_Driver/Src/stm32h5xx_hal_spi.c ****           de-initialize the SPIx peripheral:
 207:Drivers/STM32H5xx_HAL_Driver/Src/stm32h5xx_hal_spi.c **** 
 208:Drivers/STM32H5xx_HAL_Driver/Src/stm32h5xx_hal_spi.c ****       (+) User must implement HAL_SPI_MspInit() function in which he configures
 209:Drivers/STM32H5xx_HAL_Driver/Src/stm32h5xx_hal_spi.c ****           all related peripherals resources (CLOCK, GPIO, DMA, IT and NVIC ).
 210:Drivers/STM32H5xx_HAL_Driver/Src/stm32h5xx_hal_spi.c **** 
 211:Drivers/STM32H5xx_HAL_Driver/Src/stm32h5xx_hal_spi.c ****       (+) Call the function HAL_SPI_Init() to configure the selected device with
 212:Drivers/STM32H5xx_HAL_Driver/Src/stm32h5xx_hal_spi.c ****           the selected configuration:
 213:Drivers/STM32H5xx_HAL_Driver/Src/stm32h5xx_hal_spi.c ****         (++) Mode
 214:Drivers/STM32H5xx_HAL_Driver/Src/stm32h5xx_hal_spi.c ****         (++) Direction
 215:Drivers/STM32H5xx_HAL_Driver/Src/stm32h5xx_hal_spi.c ****         (++) Data Size
 216:Drivers/STM32H5xx_HAL_Driver/Src/stm32h5xx_hal_spi.c ****         (++) Clock Polarity and Phase
 217:Drivers/STM32H5xx_HAL_Driver/Src/stm32h5xx_hal_spi.c ****         (++) NSS Management
 218:Drivers/STM32H5xx_HAL_Driver/Src/stm32h5xx_hal_spi.c ****         (++) BaudRate Prescaler
 219:Drivers/STM32H5xx_HAL_Driver/Src/stm32h5xx_hal_spi.c ****         (++) FirstBit
 220:Drivers/STM32H5xx_HAL_Driver/Src/stm32h5xx_hal_spi.c ****         (++) TIMode
 221:Drivers/STM32H5xx_HAL_Driver/Src/stm32h5xx_hal_spi.c ****         (++) CRC Calculation
 222:Drivers/STM32H5xx_HAL_Driver/Src/stm32h5xx_hal_spi.c ****         (++) CRC Polynomial if CRC enabled
 223:Drivers/STM32H5xx_HAL_Driver/Src/stm32h5xx_hal_spi.c ****         (++) CRC Length, used only with Data8 and Data16
 224:Drivers/STM32H5xx_HAL_Driver/Src/stm32h5xx_hal_spi.c ****         (++) FIFO reception threshold
 225:Drivers/STM32H5xx_HAL_Driver/Src/stm32h5xx_hal_spi.c ****         (++) FIFO transmission threshold
 226:Drivers/STM32H5xx_HAL_Driver/Src/stm32h5xx_hal_spi.c **** 
 227:Drivers/STM32H5xx_HAL_Driver/Src/stm32h5xx_hal_spi.c ****       (+) Call the function HAL_SPI_DeInit() to restore the default configuration
 228:Drivers/STM32H5xx_HAL_Driver/Src/stm32h5xx_hal_spi.c ****           of the selected SPIx peripheral.
 229:Drivers/STM32H5xx_HAL_Driver/Src/stm32h5xx_hal_spi.c **** 
 230:Drivers/STM32H5xx_HAL_Driver/Src/stm32h5xx_hal_spi.c **** @endverbatim
 231:Drivers/STM32H5xx_HAL_Driver/Src/stm32h5xx_hal_spi.c ****   * @{
 232:Drivers/STM32H5xx_HAL_Driver/Src/stm32h5xx_hal_spi.c ****   */
 233:Drivers/STM32H5xx_HAL_Driver/Src/stm32h5xx_hal_spi.c **** 
 234:Drivers/STM32H5xx_HAL_Driver/Src/stm32h5xx_hal_spi.c **** /**
 235:Drivers/STM32H5xx_HAL_Driver/Src/stm32h5xx_hal_spi.c ****   * @brief  Initialize the SPI according to the specified parameters
 236:Drivers/STM32H5xx_HAL_Driver/Src/stm32h5xx_hal_spi.c ****   *         in the SPI_InitTypeDef and initialize the associated handle.
 237:Drivers/STM32H5xx_HAL_Driver/Src/stm32h5xx_hal_spi.c ****   * @param  hspi: pointer to a SPI_HandleTypeDef structure that contains
 238:Drivers/STM32H5xx_HAL_Driver/Src/stm32h5xx_hal_spi.c ****   *               the configuration information for SPI module.
 239:Drivers/STM32H5xx_HAL_Driver/Src/stm32h5xx_hal_spi.c ****   * @retval HAL status
 240:Drivers/STM32H5xx_HAL_Driver/Src/stm32h5xx_hal_spi.c ****   */
 241:Drivers/STM32H5xx_HAL_Driver/Src/stm32h5xx_hal_spi.c **** HAL_StatusTypeDef HAL_SPI_Init(SPI_HandleTypeDef *hspi)
 242:Drivers/STM32H5xx_HAL_Driver/Src/stm32h5xx_hal_spi.c **** {
 243:Drivers/STM32H5xx_HAL_Driver/Src/stm32h5xx_hal_spi.c ****   uint32_t crc_length;
 244:Drivers/STM32H5xx_HAL_Driver/Src/stm32h5xx_hal_spi.c ****   uint32_t packet_length;
 245:Drivers/STM32H5xx_HAL_Driver/Src/stm32h5xx_hal_spi.c **** #if (USE_SPI_CRC != 0UL)
 246:Drivers/STM32H5xx_HAL_Driver/Src/stm32h5xx_hal_spi.c ****   uint32_t crc_poly_msb_mask;
 247:Drivers/STM32H5xx_HAL_Driver/Src/stm32h5xx_hal_spi.c **** #endif /* USE_SPI_CRC */
 248:Drivers/STM32H5xx_HAL_Driver/Src/stm32h5xx_hal_spi.c **** 
 249:Drivers/STM32H5xx_HAL_Driver/Src/stm32h5xx_hal_spi.c ****   /* Check the SPI handle allocation */
 250:Drivers/STM32H5xx_HAL_Driver/Src/stm32h5xx_hal_spi.c ****   if (hspi == NULL)
 251:Drivers/STM32H5xx_HAL_Driver/Src/stm32h5xx_hal_spi.c ****   {
 252:Drivers/STM32H5xx_HAL_Driver/Src/stm32h5xx_hal_spi.c ****     return HAL_ERROR;
 253:Drivers/STM32H5xx_HAL_Driver/Src/stm32h5xx_hal_spi.c ****   }
 254:Drivers/STM32H5xx_HAL_Driver/Src/stm32h5xx_hal_spi.c **** 
 255:Drivers/STM32H5xx_HAL_Driver/Src/stm32h5xx_hal_spi.c ****   /* Check the parameters */
 256:Drivers/STM32H5xx_HAL_Driver/Src/stm32h5xx_hal_spi.c ****   assert_param(IS_SPI_ALL_INSTANCE(hspi->Instance));
 257:Drivers/STM32H5xx_HAL_Driver/Src/stm32h5xx_hal_spi.c ****   assert_param(IS_SPI_MODE(hspi->Init.Mode));
ARM GAS  /tmp/cc3pUyOJ.s 			page 6


 258:Drivers/STM32H5xx_HAL_Driver/Src/stm32h5xx_hal_spi.c ****   assert_param(IS_SPI_DIRECTION(hspi->Init.Direction));
 259:Drivers/STM32H5xx_HAL_Driver/Src/stm32h5xx_hal_spi.c ****   if (IS_SPI_LIMITED_INSTANCE(hspi->Instance))
 260:Drivers/STM32H5xx_HAL_Driver/Src/stm32h5xx_hal_spi.c ****   {
 261:Drivers/STM32H5xx_HAL_Driver/Src/stm32h5xx_hal_spi.c ****     assert_param(IS_SPI_LIMITED_DATASIZE(hspi->Init.DataSize));
 262:Drivers/STM32H5xx_HAL_Driver/Src/stm32h5xx_hal_spi.c ****     assert_param(IS_SPI_LIMITED_FIFOTHRESHOLD(hspi->Init.FifoThreshold));
 263:Drivers/STM32H5xx_HAL_Driver/Src/stm32h5xx_hal_spi.c ****   }
 264:Drivers/STM32H5xx_HAL_Driver/Src/stm32h5xx_hal_spi.c ****   else
 265:Drivers/STM32H5xx_HAL_Driver/Src/stm32h5xx_hal_spi.c ****   {
 266:Drivers/STM32H5xx_HAL_Driver/Src/stm32h5xx_hal_spi.c ****     assert_param(IS_SPI_DATASIZE(hspi->Init.DataSize));
 267:Drivers/STM32H5xx_HAL_Driver/Src/stm32h5xx_hal_spi.c ****     assert_param(IS_SPI_FIFOTHRESHOLD(hspi->Init.FifoThreshold));
 268:Drivers/STM32H5xx_HAL_Driver/Src/stm32h5xx_hal_spi.c ****   }
 269:Drivers/STM32H5xx_HAL_Driver/Src/stm32h5xx_hal_spi.c ****   assert_param(IS_SPI_NSS(hspi->Init.NSS));
 270:Drivers/STM32H5xx_HAL_Driver/Src/stm32h5xx_hal_spi.c ****   assert_param(IS_SPI_NSSP(hspi->Init.NSSPMode));
 271:Drivers/STM32H5xx_HAL_Driver/Src/stm32h5xx_hal_spi.c ****   assert_param(IS_SPI_BAUDRATE_PRESCALER(hspi->Init.BaudRatePrescaler));
 272:Drivers/STM32H5xx_HAL_Driver/Src/stm32h5xx_hal_spi.c ****   assert_param(IS_SPI_FIRST_BIT(hspi->Init.FirstBit));
 273:Drivers/STM32H5xx_HAL_Driver/Src/stm32h5xx_hal_spi.c ****   assert_param(IS_SPI_TIMODE(hspi->Init.TIMode));
 274:Drivers/STM32H5xx_HAL_Driver/Src/stm32h5xx_hal_spi.c ****   if (hspi->Init.TIMode == SPI_TIMODE_DISABLE)
 275:Drivers/STM32H5xx_HAL_Driver/Src/stm32h5xx_hal_spi.c ****   {
 276:Drivers/STM32H5xx_HAL_Driver/Src/stm32h5xx_hal_spi.c ****     assert_param(IS_SPI_CPOL(hspi->Init.CLKPolarity));
 277:Drivers/STM32H5xx_HAL_Driver/Src/stm32h5xx_hal_spi.c ****     assert_param(IS_SPI_CPHA(hspi->Init.CLKPhase));
 278:Drivers/STM32H5xx_HAL_Driver/Src/stm32h5xx_hal_spi.c ****   }
 279:Drivers/STM32H5xx_HAL_Driver/Src/stm32h5xx_hal_spi.c **** #if (USE_SPI_CRC != 0UL)
 280:Drivers/STM32H5xx_HAL_Driver/Src/stm32h5xx_hal_spi.c ****   assert_param(IS_SPI_CRC_CALCULATION(hspi->Init.CRCCalculation));
 281:Drivers/STM32H5xx_HAL_Driver/Src/stm32h5xx_hal_spi.c ****   if (hspi->Init.CRCCalculation == SPI_CRCCALCULATION_ENABLE)
 282:Drivers/STM32H5xx_HAL_Driver/Src/stm32h5xx_hal_spi.c ****   {
 283:Drivers/STM32H5xx_HAL_Driver/Src/stm32h5xx_hal_spi.c ****     if (IS_SPI_LIMITED_INSTANCE(hspi->Instance))
 284:Drivers/STM32H5xx_HAL_Driver/Src/stm32h5xx_hal_spi.c ****     {
 285:Drivers/STM32H5xx_HAL_Driver/Src/stm32h5xx_hal_spi.c ****       assert_param(IS_SPI_LIMITED_CRC_LENGTH(hspi->Init.CRCLength));
 286:Drivers/STM32H5xx_HAL_Driver/Src/stm32h5xx_hal_spi.c ****     }
 287:Drivers/STM32H5xx_HAL_Driver/Src/stm32h5xx_hal_spi.c ****     else
 288:Drivers/STM32H5xx_HAL_Driver/Src/stm32h5xx_hal_spi.c ****     {
 289:Drivers/STM32H5xx_HAL_Driver/Src/stm32h5xx_hal_spi.c ****       assert_param(IS_SPI_CRC_LENGTH(hspi->Init.CRCLength));
 290:Drivers/STM32H5xx_HAL_Driver/Src/stm32h5xx_hal_spi.c ****     }
 291:Drivers/STM32H5xx_HAL_Driver/Src/stm32h5xx_hal_spi.c ****     assert_param(IS_SPI_CRC_POLYNOMIAL(hspi->Init.CRCPolynomial));
 292:Drivers/STM32H5xx_HAL_Driver/Src/stm32h5xx_hal_spi.c ****     assert_param(IS_SPI_CRC_INITIALIZATION_PATTERN(hspi->Init.TxCRCInitializationPattern));
 293:Drivers/STM32H5xx_HAL_Driver/Src/stm32h5xx_hal_spi.c ****     assert_param(IS_SPI_CRC_INITIALIZATION_PATTERN(hspi->Init.RxCRCInitializationPattern));
 294:Drivers/STM32H5xx_HAL_Driver/Src/stm32h5xx_hal_spi.c ****   }
 295:Drivers/STM32H5xx_HAL_Driver/Src/stm32h5xx_hal_spi.c **** #else
 296:Drivers/STM32H5xx_HAL_Driver/Src/stm32h5xx_hal_spi.c ****   hspi->Init.CRCCalculation = SPI_CRCCALCULATION_DISABLE;
 297:Drivers/STM32H5xx_HAL_Driver/Src/stm32h5xx_hal_spi.c **** #endif /* USE_SPI_CRC */
 298:Drivers/STM32H5xx_HAL_Driver/Src/stm32h5xx_hal_spi.c **** 
 299:Drivers/STM32H5xx_HAL_Driver/Src/stm32h5xx_hal_spi.c ****   assert_param(IS_SPI_RDY_MASTER_MANAGEMENT(hspi->Init.ReadyMasterManagement));
 300:Drivers/STM32H5xx_HAL_Driver/Src/stm32h5xx_hal_spi.c ****   assert_param(IS_SPI_RDY_POLARITY(hspi->Init.ReadyPolarity));
 301:Drivers/STM32H5xx_HAL_Driver/Src/stm32h5xx_hal_spi.c ****   assert_param(IS_SPI_MASTER_RX_AUTOSUSP(hspi->Init.MasterReceiverAutoSusp));
 302:Drivers/STM32H5xx_HAL_Driver/Src/stm32h5xx_hal_spi.c **** 
 303:Drivers/STM32H5xx_HAL_Driver/Src/stm32h5xx_hal_spi.c ****   /* Verify that the SPI instance supports Data Size higher than 16bits */
 304:Drivers/STM32H5xx_HAL_Driver/Src/stm32h5xx_hal_spi.c ****   if ((IS_SPI_LIMITED_INSTANCE(hspi->Instance)) && (hspi->Init.DataSize > SPI_DATASIZE_16BIT))
 305:Drivers/STM32H5xx_HAL_Driver/Src/stm32h5xx_hal_spi.c ****   {
 306:Drivers/STM32H5xx_HAL_Driver/Src/stm32h5xx_hal_spi.c ****     return HAL_ERROR;
 307:Drivers/STM32H5xx_HAL_Driver/Src/stm32h5xx_hal_spi.c ****   }
 308:Drivers/STM32H5xx_HAL_Driver/Src/stm32h5xx_hal_spi.c **** 
 309:Drivers/STM32H5xx_HAL_Driver/Src/stm32h5xx_hal_spi.c ****   /* Verify that the SPI instance supports requested data packing */
 310:Drivers/STM32H5xx_HAL_Driver/Src/stm32h5xx_hal_spi.c ****   packet_length = SPI_GetPacketSize(hspi);
 311:Drivers/STM32H5xx_HAL_Driver/Src/stm32h5xx_hal_spi.c ****   if (((IS_SPI_LIMITED_INSTANCE(hspi->Instance)) && (packet_length > SPI_LOWEND_FIFO_SIZE)) ||
 312:Drivers/STM32H5xx_HAL_Driver/Src/stm32h5xx_hal_spi.c ****       ((IS_SPI_FULL_INSTANCE(hspi->Instance)) && (packet_length > SPI_HIGHEND_FIFO_SIZE)))
 313:Drivers/STM32H5xx_HAL_Driver/Src/stm32h5xx_hal_spi.c ****   {
 314:Drivers/STM32H5xx_HAL_Driver/Src/stm32h5xx_hal_spi.c ****     return HAL_ERROR;
ARM GAS  /tmp/cc3pUyOJ.s 			page 7


 315:Drivers/STM32H5xx_HAL_Driver/Src/stm32h5xx_hal_spi.c ****   }
 316:Drivers/STM32H5xx_HAL_Driver/Src/stm32h5xx_hal_spi.c **** #if (USE_SPI_CRC != 0UL)
 317:Drivers/STM32H5xx_HAL_Driver/Src/stm32h5xx_hal_spi.c ****   if (hspi->Init.CRCCalculation == SPI_CRCCALCULATION_ENABLE)
 318:Drivers/STM32H5xx_HAL_Driver/Src/stm32h5xx_hal_spi.c ****   {
 319:Drivers/STM32H5xx_HAL_Driver/Src/stm32h5xx_hal_spi.c ****     /* Verify that the SPI instance supports CRC Length higher than 16bits */
 320:Drivers/STM32H5xx_HAL_Driver/Src/stm32h5xx_hal_spi.c ****     if ((IS_SPI_LIMITED_INSTANCE(hspi->Instance)) && (hspi->Init.CRCLength > SPI_CRC_LENGTH_16BIT))
 321:Drivers/STM32H5xx_HAL_Driver/Src/stm32h5xx_hal_spi.c ****     {
 322:Drivers/STM32H5xx_HAL_Driver/Src/stm32h5xx_hal_spi.c ****       return HAL_ERROR;
 323:Drivers/STM32H5xx_HAL_Driver/Src/stm32h5xx_hal_spi.c ****     }
 324:Drivers/STM32H5xx_HAL_Driver/Src/stm32h5xx_hal_spi.c **** 
 325:Drivers/STM32H5xx_HAL_Driver/Src/stm32h5xx_hal_spi.c ****     /* Align the CRC Length on the data size */
 326:Drivers/STM32H5xx_HAL_Driver/Src/stm32h5xx_hal_spi.c ****     if (hspi->Init.CRCLength == SPI_CRC_LENGTH_DATASIZE)
 327:Drivers/STM32H5xx_HAL_Driver/Src/stm32h5xx_hal_spi.c ****     {
 328:Drivers/STM32H5xx_HAL_Driver/Src/stm32h5xx_hal_spi.c ****       crc_length = (hspi->Init.DataSize >> SPI_CFG1_DSIZE_Pos) << SPI_CFG1_CRCSIZE_Pos;
 329:Drivers/STM32H5xx_HAL_Driver/Src/stm32h5xx_hal_spi.c ****     }
 330:Drivers/STM32H5xx_HAL_Driver/Src/stm32h5xx_hal_spi.c ****     else
 331:Drivers/STM32H5xx_HAL_Driver/Src/stm32h5xx_hal_spi.c ****     {
 332:Drivers/STM32H5xx_HAL_Driver/Src/stm32h5xx_hal_spi.c ****       crc_length = hspi->Init.CRCLength;
 333:Drivers/STM32H5xx_HAL_Driver/Src/stm32h5xx_hal_spi.c ****     }
 334:Drivers/STM32H5xx_HAL_Driver/Src/stm32h5xx_hal_spi.c **** 
 335:Drivers/STM32H5xx_HAL_Driver/Src/stm32h5xx_hal_spi.c ****     /* Verify the correctness of polynom size */
 336:Drivers/STM32H5xx_HAL_Driver/Src/stm32h5xx_hal_spi.c ****     assert_param(IS_SPI_CRC_POLYNOMIAL_SIZE(hspi->Init.CRCPolynomial, crc_length));
 337:Drivers/STM32H5xx_HAL_Driver/Src/stm32h5xx_hal_spi.c **** 
 338:Drivers/STM32H5xx_HAL_Driver/Src/stm32h5xx_hal_spi.c ****     /* Verify that the CRC Length is higher than DataSize */
 339:Drivers/STM32H5xx_HAL_Driver/Src/stm32h5xx_hal_spi.c ****     if ((hspi->Init.DataSize >> SPI_CFG1_DSIZE_Pos) > (crc_length >> SPI_CFG1_CRCSIZE_Pos))
 340:Drivers/STM32H5xx_HAL_Driver/Src/stm32h5xx_hal_spi.c ****     {
 341:Drivers/STM32H5xx_HAL_Driver/Src/stm32h5xx_hal_spi.c ****       return HAL_ERROR;
 342:Drivers/STM32H5xx_HAL_Driver/Src/stm32h5xx_hal_spi.c ****     }
 343:Drivers/STM32H5xx_HAL_Driver/Src/stm32h5xx_hal_spi.c ****   }
 344:Drivers/STM32H5xx_HAL_Driver/Src/stm32h5xx_hal_spi.c ****   else
 345:Drivers/STM32H5xx_HAL_Driver/Src/stm32h5xx_hal_spi.c ****   {
 346:Drivers/STM32H5xx_HAL_Driver/Src/stm32h5xx_hal_spi.c ****     crc_length = hspi->Init.DataSize << SPI_CFG1_CRCSIZE_Pos;
 347:Drivers/STM32H5xx_HAL_Driver/Src/stm32h5xx_hal_spi.c ****   }
 348:Drivers/STM32H5xx_HAL_Driver/Src/stm32h5xx_hal_spi.c **** #endif /* USE_SPI_CRC */
 349:Drivers/STM32H5xx_HAL_Driver/Src/stm32h5xx_hal_spi.c **** 
 350:Drivers/STM32H5xx_HAL_Driver/Src/stm32h5xx_hal_spi.c ****   if (hspi->State == HAL_SPI_STATE_RESET)
 351:Drivers/STM32H5xx_HAL_Driver/Src/stm32h5xx_hal_spi.c ****   {
 352:Drivers/STM32H5xx_HAL_Driver/Src/stm32h5xx_hal_spi.c ****     /* Allocate lock resource and initialize it */
 353:Drivers/STM32H5xx_HAL_Driver/Src/stm32h5xx_hal_spi.c ****     hspi->Lock = HAL_UNLOCKED;
 354:Drivers/STM32H5xx_HAL_Driver/Src/stm32h5xx_hal_spi.c **** 
 355:Drivers/STM32H5xx_HAL_Driver/Src/stm32h5xx_hal_spi.c **** #if (USE_HAL_SPI_REGISTER_CALLBACKS == 1UL)
 356:Drivers/STM32H5xx_HAL_Driver/Src/stm32h5xx_hal_spi.c ****     /* Init the SPI Callback settings */
 357:Drivers/STM32H5xx_HAL_Driver/Src/stm32h5xx_hal_spi.c ****     hspi->TxCpltCallback       = HAL_SPI_TxCpltCallback;       /* Legacy weak TxCpltCallback       
 358:Drivers/STM32H5xx_HAL_Driver/Src/stm32h5xx_hal_spi.c ****     hspi->RxCpltCallback       = HAL_SPI_RxCpltCallback;       /* Legacy weak RxCpltCallback       
 359:Drivers/STM32H5xx_HAL_Driver/Src/stm32h5xx_hal_spi.c ****     hspi->TxRxCpltCallback     = HAL_SPI_TxRxCpltCallback;     /* Legacy weak TxRxCpltCallback     
 360:Drivers/STM32H5xx_HAL_Driver/Src/stm32h5xx_hal_spi.c ****     hspi->TxHalfCpltCallback   = HAL_SPI_TxHalfCpltCallback;   /* Legacy weak TxHalfCpltCallback   
 361:Drivers/STM32H5xx_HAL_Driver/Src/stm32h5xx_hal_spi.c ****     hspi->RxHalfCpltCallback   = HAL_SPI_RxHalfCpltCallback;   /* Legacy weak RxHalfCpltCallback   
 362:Drivers/STM32H5xx_HAL_Driver/Src/stm32h5xx_hal_spi.c ****     hspi->TxRxHalfCpltCallback = HAL_SPI_TxRxHalfCpltCallback; /* Legacy weak TxRxHalfCpltCallback 
 363:Drivers/STM32H5xx_HAL_Driver/Src/stm32h5xx_hal_spi.c ****     hspi->ErrorCallback        = HAL_SPI_ErrorCallback;        /* Legacy weak ErrorCallback        
 364:Drivers/STM32H5xx_HAL_Driver/Src/stm32h5xx_hal_spi.c ****     hspi->AbortCpltCallback    = HAL_SPI_AbortCpltCallback;    /* Legacy weak AbortCpltCallback    
 365:Drivers/STM32H5xx_HAL_Driver/Src/stm32h5xx_hal_spi.c ****     hspi->SuspendCallback      = HAL_SPI_SuspendCallback;      /* Legacy weak SuspendCallback      
 366:Drivers/STM32H5xx_HAL_Driver/Src/stm32h5xx_hal_spi.c **** 
 367:Drivers/STM32H5xx_HAL_Driver/Src/stm32h5xx_hal_spi.c ****     if (hspi->MspInitCallback == NULL)
 368:Drivers/STM32H5xx_HAL_Driver/Src/stm32h5xx_hal_spi.c ****     {
 369:Drivers/STM32H5xx_HAL_Driver/Src/stm32h5xx_hal_spi.c ****       hspi->MspInitCallback = HAL_SPI_MspInit; /* Legacy weak MspInit  */
 370:Drivers/STM32H5xx_HAL_Driver/Src/stm32h5xx_hal_spi.c ****     }
 371:Drivers/STM32H5xx_HAL_Driver/Src/stm32h5xx_hal_spi.c **** 
ARM GAS  /tmp/cc3pUyOJ.s 			page 8


 372:Drivers/STM32H5xx_HAL_Driver/Src/stm32h5xx_hal_spi.c ****     /* Init the low level hardware : GPIO, CLOCK, NVIC... */
 373:Drivers/STM32H5xx_HAL_Driver/Src/stm32h5xx_hal_spi.c ****     hspi->MspInitCallback(hspi);
 374:Drivers/STM32H5xx_HAL_Driver/Src/stm32h5xx_hal_spi.c **** #else
 375:Drivers/STM32H5xx_HAL_Driver/Src/stm32h5xx_hal_spi.c ****     /* Init the low level hardware : GPIO, CLOCK, NVIC... */
 376:Drivers/STM32H5xx_HAL_Driver/Src/stm32h5xx_hal_spi.c ****     HAL_SPI_MspInit(hspi);
 377:Drivers/STM32H5xx_HAL_Driver/Src/stm32h5xx_hal_spi.c **** #endif /* USE_HAL_SPI_REGISTER_CALLBACKS */
 378:Drivers/STM32H5xx_HAL_Driver/Src/stm32h5xx_hal_spi.c ****   }
 379:Drivers/STM32H5xx_HAL_Driver/Src/stm32h5xx_hal_spi.c **** 
 380:Drivers/STM32H5xx_HAL_Driver/Src/stm32h5xx_hal_spi.c ****   hspi->State = HAL_SPI_STATE_BUSY;
 381:Drivers/STM32H5xx_HAL_Driver/Src/stm32h5xx_hal_spi.c **** 
 382:Drivers/STM32H5xx_HAL_Driver/Src/stm32h5xx_hal_spi.c ****   /* Disable the selected SPI peripheral */
 383:Drivers/STM32H5xx_HAL_Driver/Src/stm32h5xx_hal_spi.c ****   __HAL_SPI_DISABLE(hspi);
 384:Drivers/STM32H5xx_HAL_Driver/Src/stm32h5xx_hal_spi.c **** 
 385:Drivers/STM32H5xx_HAL_Driver/Src/stm32h5xx_hal_spi.c **** #if (USE_SPI_CRC == 0)
 386:Drivers/STM32H5xx_HAL_Driver/Src/stm32h5xx_hal_spi.c ****   /* Keep the default value of CRCSIZE in case of CRC is not used */
 387:Drivers/STM32H5xx_HAL_Driver/Src/stm32h5xx_hal_spi.c ****   crc_length = hspi->Instance->CFG1 & SPI_CFG1_CRCSIZE;
 388:Drivers/STM32H5xx_HAL_Driver/Src/stm32h5xx_hal_spi.c **** #endif /* USE_SPI_CRC */
 389:Drivers/STM32H5xx_HAL_Driver/Src/stm32h5xx_hal_spi.c **** 
 390:Drivers/STM32H5xx_HAL_Driver/Src/stm32h5xx_hal_spi.c ****   /*----------------------- SPIx CR1 & CR2 Configuration ---------------------*/
 391:Drivers/STM32H5xx_HAL_Driver/Src/stm32h5xx_hal_spi.c ****   /* Configure : SPI Mode, Communication Mode, Clock polarity and phase, NSS management,
 392:Drivers/STM32H5xx_HAL_Driver/Src/stm32h5xx_hal_spi.c ****   Communication speed, First bit, CRC calculation state, CRC Length */
 393:Drivers/STM32H5xx_HAL_Driver/Src/stm32h5xx_hal_spi.c **** 
 394:Drivers/STM32H5xx_HAL_Driver/Src/stm32h5xx_hal_spi.c ****   /* SPIx NSS Software Management Configuration */
 395:Drivers/STM32H5xx_HAL_Driver/Src/stm32h5xx_hal_spi.c ****   if ((hspi->Init.NSS == SPI_NSS_SOFT) && (((hspi->Init.Mode == SPI_MODE_MASTER) &&  \
 396:Drivers/STM32H5xx_HAL_Driver/Src/stm32h5xx_hal_spi.c ****                                             (hspi->Init.NSSPolarity == SPI_NSS_POLARITY_LOW)) || \
 397:Drivers/STM32H5xx_HAL_Driver/Src/stm32h5xx_hal_spi.c ****                                            ((hspi->Init.Mode == SPI_MODE_SLAVE) && \
 398:Drivers/STM32H5xx_HAL_Driver/Src/stm32h5xx_hal_spi.c ****                                             (hspi->Init.NSSPolarity == SPI_NSS_POLARITY_HIGH))))
 399:Drivers/STM32H5xx_HAL_Driver/Src/stm32h5xx_hal_spi.c ****   {
 400:Drivers/STM32H5xx_HAL_Driver/Src/stm32h5xx_hal_spi.c ****     SET_BIT(hspi->Instance->CR1, SPI_CR1_SSI);
 401:Drivers/STM32H5xx_HAL_Driver/Src/stm32h5xx_hal_spi.c ****   }
 402:Drivers/STM32H5xx_HAL_Driver/Src/stm32h5xx_hal_spi.c **** 
 403:Drivers/STM32H5xx_HAL_Driver/Src/stm32h5xx_hal_spi.c ****   /* SPIx Master Rx Auto Suspend Configuration */
 404:Drivers/STM32H5xx_HAL_Driver/Src/stm32h5xx_hal_spi.c ****   if (((hspi->Init.Mode & SPI_MODE_MASTER) == SPI_MODE_MASTER) && (hspi->Init.DataSize >= SPI_DATAS
 405:Drivers/STM32H5xx_HAL_Driver/Src/stm32h5xx_hal_spi.c ****   {
 406:Drivers/STM32H5xx_HAL_Driver/Src/stm32h5xx_hal_spi.c ****     MODIFY_REG(hspi->Instance->CR1, SPI_CR1_MASRX, hspi->Init.MasterReceiverAutoSusp);
 407:Drivers/STM32H5xx_HAL_Driver/Src/stm32h5xx_hal_spi.c ****   }
 408:Drivers/STM32H5xx_HAL_Driver/Src/stm32h5xx_hal_spi.c ****   else
 409:Drivers/STM32H5xx_HAL_Driver/Src/stm32h5xx_hal_spi.c ****   {
 410:Drivers/STM32H5xx_HAL_Driver/Src/stm32h5xx_hal_spi.c ****     CLEAR_BIT(hspi->Instance->CR1, SPI_CR1_MASRX);
 411:Drivers/STM32H5xx_HAL_Driver/Src/stm32h5xx_hal_spi.c ****   }
 412:Drivers/STM32H5xx_HAL_Driver/Src/stm32h5xx_hal_spi.c **** 
 413:Drivers/STM32H5xx_HAL_Driver/Src/stm32h5xx_hal_spi.c ****   /* SPIx CFG1 Configuration */
 414:Drivers/STM32H5xx_HAL_Driver/Src/stm32h5xx_hal_spi.c ****   WRITE_REG(hspi->Instance->CFG1, (hspi->Init.BaudRatePrescaler | hspi->Init.CRCCalculation | crc_l
 415:Drivers/STM32H5xx_HAL_Driver/Src/stm32h5xx_hal_spi.c ****                                    hspi->Init.FifoThreshold     | hspi->Init.DataSize));
 416:Drivers/STM32H5xx_HAL_Driver/Src/stm32h5xx_hal_spi.c **** 
 417:Drivers/STM32H5xx_HAL_Driver/Src/stm32h5xx_hal_spi.c ****   /* SPIx CFG2 Configuration */
 418:Drivers/STM32H5xx_HAL_Driver/Src/stm32h5xx_hal_spi.c ****   WRITE_REG(hspi->Instance->CFG2, (hspi->Init.NSSPMode                | hspi->Init.TIMode    |
 419:Drivers/STM32H5xx_HAL_Driver/Src/stm32h5xx_hal_spi.c ****                                    hspi->Init.NSSPolarity             | hspi->Init.NSS       |
 420:Drivers/STM32H5xx_HAL_Driver/Src/stm32h5xx_hal_spi.c ****                                    hspi->Init.CLKPolarity             | hspi->Init.CLKPhase  |
 421:Drivers/STM32H5xx_HAL_Driver/Src/stm32h5xx_hal_spi.c ****                                    hspi->Init.FirstBit                | hspi->Init.Mode      |
 422:Drivers/STM32H5xx_HAL_Driver/Src/stm32h5xx_hal_spi.c ****                                    hspi->Init.MasterInterDataIdleness | hspi->Init.Direction |
 423:Drivers/STM32H5xx_HAL_Driver/Src/stm32h5xx_hal_spi.c ****                                    hspi->Init.MasterSSIdleness        | hspi->Init.IOSwap    |
 424:Drivers/STM32H5xx_HAL_Driver/Src/stm32h5xx_hal_spi.c ****                                    hspi->Init.ReadyMasterManagement   | hspi->Init.ReadyPolarity));
 425:Drivers/STM32H5xx_HAL_Driver/Src/stm32h5xx_hal_spi.c **** 
 426:Drivers/STM32H5xx_HAL_Driver/Src/stm32h5xx_hal_spi.c **** #if (USE_SPI_CRC != 0UL)
 427:Drivers/STM32H5xx_HAL_Driver/Src/stm32h5xx_hal_spi.c ****   /*---------------------------- SPIx CRCPOLY Configuration ------------------*/
 428:Drivers/STM32H5xx_HAL_Driver/Src/stm32h5xx_hal_spi.c ****   /* Configure : CRC Polynomial */
ARM GAS  /tmp/cc3pUyOJ.s 			page 9


 429:Drivers/STM32H5xx_HAL_Driver/Src/stm32h5xx_hal_spi.c ****   if (hspi->Init.CRCCalculation == SPI_CRCCALCULATION_ENABLE)
 430:Drivers/STM32H5xx_HAL_Driver/Src/stm32h5xx_hal_spi.c ****   {
 431:Drivers/STM32H5xx_HAL_Driver/Src/stm32h5xx_hal_spi.c ****     /* Initialize TXCRC Pattern Initial Value */
 432:Drivers/STM32H5xx_HAL_Driver/Src/stm32h5xx_hal_spi.c ****     if (hspi->Init.TxCRCInitializationPattern == SPI_CRC_INITIALIZATION_ALL_ONE_PATTERN)
 433:Drivers/STM32H5xx_HAL_Driver/Src/stm32h5xx_hal_spi.c ****     {
 434:Drivers/STM32H5xx_HAL_Driver/Src/stm32h5xx_hal_spi.c ****       SET_BIT(hspi->Instance->CR1, SPI_CR1_TCRCINI);
 435:Drivers/STM32H5xx_HAL_Driver/Src/stm32h5xx_hal_spi.c ****     }
 436:Drivers/STM32H5xx_HAL_Driver/Src/stm32h5xx_hal_spi.c ****     else
 437:Drivers/STM32H5xx_HAL_Driver/Src/stm32h5xx_hal_spi.c ****     {
 438:Drivers/STM32H5xx_HAL_Driver/Src/stm32h5xx_hal_spi.c ****       CLEAR_BIT(hspi->Instance->CR1, SPI_CR1_TCRCINI);
 439:Drivers/STM32H5xx_HAL_Driver/Src/stm32h5xx_hal_spi.c ****     }
 440:Drivers/STM32H5xx_HAL_Driver/Src/stm32h5xx_hal_spi.c **** 
 441:Drivers/STM32H5xx_HAL_Driver/Src/stm32h5xx_hal_spi.c ****     /* Initialize RXCRC Pattern Initial Value */
 442:Drivers/STM32H5xx_HAL_Driver/Src/stm32h5xx_hal_spi.c ****     if (hspi->Init.RxCRCInitializationPattern == SPI_CRC_INITIALIZATION_ALL_ONE_PATTERN)
 443:Drivers/STM32H5xx_HAL_Driver/Src/stm32h5xx_hal_spi.c ****     {
 444:Drivers/STM32H5xx_HAL_Driver/Src/stm32h5xx_hal_spi.c ****       SET_BIT(hspi->Instance->CR1, SPI_CR1_RCRCINI);
 445:Drivers/STM32H5xx_HAL_Driver/Src/stm32h5xx_hal_spi.c ****     }
 446:Drivers/STM32H5xx_HAL_Driver/Src/stm32h5xx_hal_spi.c ****     else
 447:Drivers/STM32H5xx_HAL_Driver/Src/stm32h5xx_hal_spi.c ****     {
 448:Drivers/STM32H5xx_HAL_Driver/Src/stm32h5xx_hal_spi.c ****       CLEAR_BIT(hspi->Instance->CR1, SPI_CR1_RCRCINI);
 449:Drivers/STM32H5xx_HAL_Driver/Src/stm32h5xx_hal_spi.c ****     }
 450:Drivers/STM32H5xx_HAL_Driver/Src/stm32h5xx_hal_spi.c **** 
 451:Drivers/STM32H5xx_HAL_Driver/Src/stm32h5xx_hal_spi.c ****     /* Enable 33/17 bits CRC computation */
 452:Drivers/STM32H5xx_HAL_Driver/Src/stm32h5xx_hal_spi.c ****     if (((IS_SPI_LIMITED_INSTANCE(hspi->Instance)) && (crc_length == SPI_CRC_LENGTH_16BIT)) ||
 453:Drivers/STM32H5xx_HAL_Driver/Src/stm32h5xx_hal_spi.c ****         ((IS_SPI_FULL_INSTANCE(hspi->Instance)) && (crc_length == SPI_CRC_LENGTH_32BIT)))
 454:Drivers/STM32H5xx_HAL_Driver/Src/stm32h5xx_hal_spi.c ****     {
 455:Drivers/STM32H5xx_HAL_Driver/Src/stm32h5xx_hal_spi.c ****       /* Set SPI_CR1_CRC33_17 bit */
 456:Drivers/STM32H5xx_HAL_Driver/Src/stm32h5xx_hal_spi.c ****       SET_BIT(hspi->Instance->CR1, SPI_CR1_CRC33_17);
 457:Drivers/STM32H5xx_HAL_Driver/Src/stm32h5xx_hal_spi.c ****       /* Write CRC polynomial in SPI Register */
 458:Drivers/STM32H5xx_HAL_Driver/Src/stm32h5xx_hal_spi.c ****       WRITE_REG(hspi->Instance->CRCPOLY, hspi->Init.CRCPolynomial);
 459:Drivers/STM32H5xx_HAL_Driver/Src/stm32h5xx_hal_spi.c ****     }
 460:Drivers/STM32H5xx_HAL_Driver/Src/stm32h5xx_hal_spi.c ****     else
 461:Drivers/STM32H5xx_HAL_Driver/Src/stm32h5xx_hal_spi.c ****     {
 462:Drivers/STM32H5xx_HAL_Driver/Src/stm32h5xx_hal_spi.c ****       /* Clear SPI_CR1_CRC33_17 bit */
 463:Drivers/STM32H5xx_HAL_Driver/Src/stm32h5xx_hal_spi.c ****       CLEAR_BIT(hspi->Instance->CR1, SPI_CR1_CRC33_17);
 464:Drivers/STM32H5xx_HAL_Driver/Src/stm32h5xx_hal_spi.c **** 
 465:Drivers/STM32H5xx_HAL_Driver/Src/stm32h5xx_hal_spi.c ****       /* Write CRC polynomial and set MSB bit at 1 in SPI Register */
 466:Drivers/STM32H5xx_HAL_Driver/Src/stm32h5xx_hal_spi.c ****       /* Set MSB is mandatory for a correct CRC computation        */
 467:Drivers/STM32H5xx_HAL_Driver/Src/stm32h5xx_hal_spi.c ****       crc_poly_msb_mask = (0x1UL << ((crc_length >> SPI_CFG1_CRCSIZE_Pos) + 0x1U));
 468:Drivers/STM32H5xx_HAL_Driver/Src/stm32h5xx_hal_spi.c ****       WRITE_REG(hspi->Instance->CRCPOLY, (hspi->Init.CRCPolynomial) | crc_poly_msb_mask);
 469:Drivers/STM32H5xx_HAL_Driver/Src/stm32h5xx_hal_spi.c ****     }
 470:Drivers/STM32H5xx_HAL_Driver/Src/stm32h5xx_hal_spi.c ****   }
 471:Drivers/STM32H5xx_HAL_Driver/Src/stm32h5xx_hal_spi.c **** #endif /* USE_SPI_CRC */
 472:Drivers/STM32H5xx_HAL_Driver/Src/stm32h5xx_hal_spi.c **** 
 473:Drivers/STM32H5xx_HAL_Driver/Src/stm32h5xx_hal_spi.c ****   /* Insure that Underrun configuration is managed only by Salve */
 474:Drivers/STM32H5xx_HAL_Driver/Src/stm32h5xx_hal_spi.c ****   if (hspi->Init.Mode == SPI_MODE_SLAVE)
 475:Drivers/STM32H5xx_HAL_Driver/Src/stm32h5xx_hal_spi.c ****   {
 476:Drivers/STM32H5xx_HAL_Driver/Src/stm32h5xx_hal_spi.c **** #if (USE_SPI_CRC != 0UL)
 477:Drivers/STM32H5xx_HAL_Driver/Src/stm32h5xx_hal_spi.c ****     MODIFY_REG(hspi->Instance->CFG1, SPI_CFG1_UDRCFG, SPI_CFG1_UDRCFG);
 478:Drivers/STM32H5xx_HAL_Driver/Src/stm32h5xx_hal_spi.c **** #endif /* USE_SPI_CRC */
 479:Drivers/STM32H5xx_HAL_Driver/Src/stm32h5xx_hal_spi.c ****   }
 480:Drivers/STM32H5xx_HAL_Driver/Src/stm32h5xx_hal_spi.c **** 
 481:Drivers/STM32H5xx_HAL_Driver/Src/stm32h5xx_hal_spi.c **** #if defined(SPI_I2SCFGR_I2SMOD)
 482:Drivers/STM32H5xx_HAL_Driver/Src/stm32h5xx_hal_spi.c ****   /* Activate the SPI mode (Make sure that I2SMOD bit in I2SCFGR register is reset) */
 483:Drivers/STM32H5xx_HAL_Driver/Src/stm32h5xx_hal_spi.c ****   CLEAR_BIT(hspi->Instance->I2SCFGR, SPI_I2SCFGR_I2SMOD);
 484:Drivers/STM32H5xx_HAL_Driver/Src/stm32h5xx_hal_spi.c **** #endif /* SPI_I2SCFGR_I2SMOD */
 485:Drivers/STM32H5xx_HAL_Driver/Src/stm32h5xx_hal_spi.c **** 
ARM GAS  /tmp/cc3pUyOJ.s 			page 10


 486:Drivers/STM32H5xx_HAL_Driver/Src/stm32h5xx_hal_spi.c ****   /* Insure that AFCNTR is managed only by Master */
 487:Drivers/STM32H5xx_HAL_Driver/Src/stm32h5xx_hal_spi.c ****   if ((hspi->Init.Mode & SPI_MODE_MASTER) == SPI_MODE_MASTER)
 488:Drivers/STM32H5xx_HAL_Driver/Src/stm32h5xx_hal_spi.c ****   {
 489:Drivers/STM32H5xx_HAL_Driver/Src/stm32h5xx_hal_spi.c ****     /* Alternate function GPIOs control */
 490:Drivers/STM32H5xx_HAL_Driver/Src/stm32h5xx_hal_spi.c ****     MODIFY_REG(hspi->Instance->CFG2, SPI_CFG2_AFCNTR, (hspi->Init.MasterKeepIOState));
 491:Drivers/STM32H5xx_HAL_Driver/Src/stm32h5xx_hal_spi.c ****   }
 492:Drivers/STM32H5xx_HAL_Driver/Src/stm32h5xx_hal_spi.c **** 
 493:Drivers/STM32H5xx_HAL_Driver/Src/stm32h5xx_hal_spi.c ****   hspi->ErrorCode = HAL_SPI_ERROR_NONE;
 494:Drivers/STM32H5xx_HAL_Driver/Src/stm32h5xx_hal_spi.c ****   hspi->State     = HAL_SPI_STATE_READY;
 495:Drivers/STM32H5xx_HAL_Driver/Src/stm32h5xx_hal_spi.c **** 
 496:Drivers/STM32H5xx_HAL_Driver/Src/stm32h5xx_hal_spi.c ****   return HAL_OK;
 497:Drivers/STM32H5xx_HAL_Driver/Src/stm32h5xx_hal_spi.c **** }
 498:Drivers/STM32H5xx_HAL_Driver/Src/stm32h5xx_hal_spi.c **** 
 499:Drivers/STM32H5xx_HAL_Driver/Src/stm32h5xx_hal_spi.c **** /**
 500:Drivers/STM32H5xx_HAL_Driver/Src/stm32h5xx_hal_spi.c ****   * @brief  De-Initialize the SPI peripheral.
 501:Drivers/STM32H5xx_HAL_Driver/Src/stm32h5xx_hal_spi.c ****   * @param  hspi: pointer to a SPI_HandleTypeDef structure that contains
 502:Drivers/STM32H5xx_HAL_Driver/Src/stm32h5xx_hal_spi.c ****   *               the configuration information for SPI module.
 503:Drivers/STM32H5xx_HAL_Driver/Src/stm32h5xx_hal_spi.c ****   * @retval HAL status
 504:Drivers/STM32H5xx_HAL_Driver/Src/stm32h5xx_hal_spi.c ****   */
 505:Drivers/STM32H5xx_HAL_Driver/Src/stm32h5xx_hal_spi.c **** HAL_StatusTypeDef HAL_SPI_DeInit(SPI_HandleTypeDef *hspi)
 506:Drivers/STM32H5xx_HAL_Driver/Src/stm32h5xx_hal_spi.c **** {
 507:Drivers/STM32H5xx_HAL_Driver/Src/stm32h5xx_hal_spi.c ****   /* Check the SPI handle allocation */
 508:Drivers/STM32H5xx_HAL_Driver/Src/stm32h5xx_hal_spi.c ****   if (hspi == NULL)
 509:Drivers/STM32H5xx_HAL_Driver/Src/stm32h5xx_hal_spi.c ****   {
 510:Drivers/STM32H5xx_HAL_Driver/Src/stm32h5xx_hal_spi.c ****     return HAL_ERROR;
 511:Drivers/STM32H5xx_HAL_Driver/Src/stm32h5xx_hal_spi.c ****   }
 512:Drivers/STM32H5xx_HAL_Driver/Src/stm32h5xx_hal_spi.c **** 
 513:Drivers/STM32H5xx_HAL_Driver/Src/stm32h5xx_hal_spi.c ****   /* Check SPI Instance parameter */
 514:Drivers/STM32H5xx_HAL_Driver/Src/stm32h5xx_hal_spi.c ****   assert_param(IS_SPI_ALL_INSTANCE(hspi->Instance));
 515:Drivers/STM32H5xx_HAL_Driver/Src/stm32h5xx_hal_spi.c **** 
 516:Drivers/STM32H5xx_HAL_Driver/Src/stm32h5xx_hal_spi.c ****   hspi->State = HAL_SPI_STATE_BUSY;
 517:Drivers/STM32H5xx_HAL_Driver/Src/stm32h5xx_hal_spi.c **** 
 518:Drivers/STM32H5xx_HAL_Driver/Src/stm32h5xx_hal_spi.c ****   /* Disable the SPI Peripheral Clock */
 519:Drivers/STM32H5xx_HAL_Driver/Src/stm32h5xx_hal_spi.c ****   __HAL_SPI_DISABLE(hspi);
 520:Drivers/STM32H5xx_HAL_Driver/Src/stm32h5xx_hal_spi.c **** 
 521:Drivers/STM32H5xx_HAL_Driver/Src/stm32h5xx_hal_spi.c **** #if (USE_HAL_SPI_REGISTER_CALLBACKS == 1UL)
 522:Drivers/STM32H5xx_HAL_Driver/Src/stm32h5xx_hal_spi.c ****   if (hspi->MspDeInitCallback == NULL)
 523:Drivers/STM32H5xx_HAL_Driver/Src/stm32h5xx_hal_spi.c ****   {
 524:Drivers/STM32H5xx_HAL_Driver/Src/stm32h5xx_hal_spi.c ****     hspi->MspDeInitCallback = HAL_SPI_MspDeInit; /* Legacy weak MspDeInit  */
 525:Drivers/STM32H5xx_HAL_Driver/Src/stm32h5xx_hal_spi.c ****   }
 526:Drivers/STM32H5xx_HAL_Driver/Src/stm32h5xx_hal_spi.c **** 
 527:Drivers/STM32H5xx_HAL_Driver/Src/stm32h5xx_hal_spi.c ****   /* DeInit the low level hardware: GPIO, CLOCK, NVIC... */
 528:Drivers/STM32H5xx_HAL_Driver/Src/stm32h5xx_hal_spi.c ****   hspi->MspDeInitCallback(hspi);
 529:Drivers/STM32H5xx_HAL_Driver/Src/stm32h5xx_hal_spi.c **** #else
 530:Drivers/STM32H5xx_HAL_Driver/Src/stm32h5xx_hal_spi.c ****   /* DeInit the low level hardware: GPIO, CLOCK, NVIC... */
 531:Drivers/STM32H5xx_HAL_Driver/Src/stm32h5xx_hal_spi.c ****   HAL_SPI_MspDeInit(hspi);
 532:Drivers/STM32H5xx_HAL_Driver/Src/stm32h5xx_hal_spi.c **** #endif /* USE_HAL_SPI_REGISTER_CALLBACKS */
 533:Drivers/STM32H5xx_HAL_Driver/Src/stm32h5xx_hal_spi.c **** 
 534:Drivers/STM32H5xx_HAL_Driver/Src/stm32h5xx_hal_spi.c ****   hspi->ErrorCode = HAL_SPI_ERROR_NONE;
 535:Drivers/STM32H5xx_HAL_Driver/Src/stm32h5xx_hal_spi.c ****   hspi->State = HAL_SPI_STATE_RESET;
 536:Drivers/STM32H5xx_HAL_Driver/Src/stm32h5xx_hal_spi.c **** 
 537:Drivers/STM32H5xx_HAL_Driver/Src/stm32h5xx_hal_spi.c ****   /* Release Lock */
 538:Drivers/STM32H5xx_HAL_Driver/Src/stm32h5xx_hal_spi.c ****   __HAL_UNLOCK(hspi);
 539:Drivers/STM32H5xx_HAL_Driver/Src/stm32h5xx_hal_spi.c **** 
 540:Drivers/STM32H5xx_HAL_Driver/Src/stm32h5xx_hal_spi.c ****   return HAL_OK;
 541:Drivers/STM32H5xx_HAL_Driver/Src/stm32h5xx_hal_spi.c **** }
 542:Drivers/STM32H5xx_HAL_Driver/Src/stm32h5xx_hal_spi.c **** 
ARM GAS  /tmp/cc3pUyOJ.s 			page 11


 543:Drivers/STM32H5xx_HAL_Driver/Src/stm32h5xx_hal_spi.c **** /**
 544:Drivers/STM32H5xx_HAL_Driver/Src/stm32h5xx_hal_spi.c ****   * @brief  Initialize the SPI MSP.
 545:Drivers/STM32H5xx_HAL_Driver/Src/stm32h5xx_hal_spi.c ****   * @param  hspi: pointer to a SPI_HandleTypeDef structure that contains
 546:Drivers/STM32H5xx_HAL_Driver/Src/stm32h5xx_hal_spi.c ****   *               the configuration information for SPI module.
 547:Drivers/STM32H5xx_HAL_Driver/Src/stm32h5xx_hal_spi.c ****   * @retval None
 548:Drivers/STM32H5xx_HAL_Driver/Src/stm32h5xx_hal_spi.c ****   */
 549:Drivers/STM32H5xx_HAL_Driver/Src/stm32h5xx_hal_spi.c **** __weak void HAL_SPI_MspInit(SPI_HandleTypeDef *hspi)
 550:Drivers/STM32H5xx_HAL_Driver/Src/stm32h5xx_hal_spi.c **** {
 551:Drivers/STM32H5xx_HAL_Driver/Src/stm32h5xx_hal_spi.c ****   /* Prevent unused argument(s) compilation warning */
 552:Drivers/STM32H5xx_HAL_Driver/Src/stm32h5xx_hal_spi.c ****   UNUSED(hspi);
 553:Drivers/STM32H5xx_HAL_Driver/Src/stm32h5xx_hal_spi.c **** 
 554:Drivers/STM32H5xx_HAL_Driver/Src/stm32h5xx_hal_spi.c ****   /* NOTE : This function should not be modified, when the callback is needed,
 555:Drivers/STM32H5xx_HAL_Driver/Src/stm32h5xx_hal_spi.c ****             the HAL_SPI_MspInit should be implemented in the user file
 556:Drivers/STM32H5xx_HAL_Driver/Src/stm32h5xx_hal_spi.c ****    */
 557:Drivers/STM32H5xx_HAL_Driver/Src/stm32h5xx_hal_spi.c **** }
 558:Drivers/STM32H5xx_HAL_Driver/Src/stm32h5xx_hal_spi.c **** 
 559:Drivers/STM32H5xx_HAL_Driver/Src/stm32h5xx_hal_spi.c **** /**
 560:Drivers/STM32H5xx_HAL_Driver/Src/stm32h5xx_hal_spi.c ****   * @brief  De-Initialize the SPI MSP.
 561:Drivers/STM32H5xx_HAL_Driver/Src/stm32h5xx_hal_spi.c ****   * @param  hspi: pointer to a SPI_HandleTypeDef structure that contains
 562:Drivers/STM32H5xx_HAL_Driver/Src/stm32h5xx_hal_spi.c ****   *               the configuration information for SPI module.
 563:Drivers/STM32H5xx_HAL_Driver/Src/stm32h5xx_hal_spi.c ****   * @retval None
 564:Drivers/STM32H5xx_HAL_Driver/Src/stm32h5xx_hal_spi.c ****   */
 565:Drivers/STM32H5xx_HAL_Driver/Src/stm32h5xx_hal_spi.c **** __weak void HAL_SPI_MspDeInit(SPI_HandleTypeDef *hspi)
 566:Drivers/STM32H5xx_HAL_Driver/Src/stm32h5xx_hal_spi.c **** {
 567:Drivers/STM32H5xx_HAL_Driver/Src/stm32h5xx_hal_spi.c ****   /* Prevent unused argument(s) compilation warning */
 568:Drivers/STM32H5xx_HAL_Driver/Src/stm32h5xx_hal_spi.c ****   UNUSED(hspi);
 569:Drivers/STM32H5xx_HAL_Driver/Src/stm32h5xx_hal_spi.c **** 
 570:Drivers/STM32H5xx_HAL_Driver/Src/stm32h5xx_hal_spi.c ****   /* NOTE : This function should not be modified, when the callback is needed,
 571:Drivers/STM32H5xx_HAL_Driver/Src/stm32h5xx_hal_spi.c ****             the HAL_SPI_MspDeInit should be implemented in the user file
 572:Drivers/STM32H5xx_HAL_Driver/Src/stm32h5xx_hal_spi.c ****    */
 573:Drivers/STM32H5xx_HAL_Driver/Src/stm32h5xx_hal_spi.c **** }
 574:Drivers/STM32H5xx_HAL_Driver/Src/stm32h5xx_hal_spi.c **** 
 575:Drivers/STM32H5xx_HAL_Driver/Src/stm32h5xx_hal_spi.c **** #if (USE_HAL_SPI_REGISTER_CALLBACKS == 1UL)
 576:Drivers/STM32H5xx_HAL_Driver/Src/stm32h5xx_hal_spi.c **** /**
 577:Drivers/STM32H5xx_HAL_Driver/Src/stm32h5xx_hal_spi.c ****   * @brief  Register a User SPI Callback
 578:Drivers/STM32H5xx_HAL_Driver/Src/stm32h5xx_hal_spi.c ****   *         To be used instead of the weak predefined callback
 579:Drivers/STM32H5xx_HAL_Driver/Src/stm32h5xx_hal_spi.c ****   * @param  hspi Pointer to a SPI_HandleTypeDef structure that contains
 580:Drivers/STM32H5xx_HAL_Driver/Src/stm32h5xx_hal_spi.c ****   *                the configuration information for the specified SPI.
 581:Drivers/STM32H5xx_HAL_Driver/Src/stm32h5xx_hal_spi.c ****   * @param  CallbackID ID of the callback to be registered
 582:Drivers/STM32H5xx_HAL_Driver/Src/stm32h5xx_hal_spi.c ****   * @param  pCallback pointer to the Callback function
 583:Drivers/STM32H5xx_HAL_Driver/Src/stm32h5xx_hal_spi.c ****   * @note   The HAL_SPI_RegisterCallback() may be called before HAL_SPI_Init() in HAL_SPI_STATE_RES
 584:Drivers/STM32H5xx_HAL_Driver/Src/stm32h5xx_hal_spi.c ****   *         to register callbacks for HAL_SPI_MSPINIT_CB_ID and HAL_SPI_MSPDEINIT_CB_ID
 585:Drivers/STM32H5xx_HAL_Driver/Src/stm32h5xx_hal_spi.c ****   * @retval HAL status
 586:Drivers/STM32H5xx_HAL_Driver/Src/stm32h5xx_hal_spi.c ****   */
 587:Drivers/STM32H5xx_HAL_Driver/Src/stm32h5xx_hal_spi.c **** HAL_StatusTypeDef HAL_SPI_RegisterCallback(SPI_HandleTypeDef *hspi, HAL_SPI_CallbackIDTypeDef Callb
 588:Drivers/STM32H5xx_HAL_Driver/Src/stm32h5xx_hal_spi.c ****                                            pSPI_CallbackTypeDef pCallback)
 589:Drivers/STM32H5xx_HAL_Driver/Src/stm32h5xx_hal_spi.c **** {
 590:Drivers/STM32H5xx_HAL_Driver/Src/stm32h5xx_hal_spi.c ****   HAL_StatusTypeDef status = HAL_OK;
 591:Drivers/STM32H5xx_HAL_Driver/Src/stm32h5xx_hal_spi.c **** 
 592:Drivers/STM32H5xx_HAL_Driver/Src/stm32h5xx_hal_spi.c ****   if (pCallback == NULL)
 593:Drivers/STM32H5xx_HAL_Driver/Src/stm32h5xx_hal_spi.c ****   {
 594:Drivers/STM32H5xx_HAL_Driver/Src/stm32h5xx_hal_spi.c ****     /* Update the error code */
 595:Drivers/STM32H5xx_HAL_Driver/Src/stm32h5xx_hal_spi.c ****     hspi->ErrorCode |= HAL_SPI_ERROR_INVALID_CALLBACK;
 596:Drivers/STM32H5xx_HAL_Driver/Src/stm32h5xx_hal_spi.c **** 
 597:Drivers/STM32H5xx_HAL_Driver/Src/stm32h5xx_hal_spi.c ****     return HAL_ERROR;
 598:Drivers/STM32H5xx_HAL_Driver/Src/stm32h5xx_hal_spi.c ****   }
 599:Drivers/STM32H5xx_HAL_Driver/Src/stm32h5xx_hal_spi.c **** 
ARM GAS  /tmp/cc3pUyOJ.s 			page 12


 600:Drivers/STM32H5xx_HAL_Driver/Src/stm32h5xx_hal_spi.c ****   if (HAL_SPI_STATE_READY == hspi->State)
 601:Drivers/STM32H5xx_HAL_Driver/Src/stm32h5xx_hal_spi.c ****   {
 602:Drivers/STM32H5xx_HAL_Driver/Src/stm32h5xx_hal_spi.c ****     switch (CallbackID)
 603:Drivers/STM32H5xx_HAL_Driver/Src/stm32h5xx_hal_spi.c ****     {
 604:Drivers/STM32H5xx_HAL_Driver/Src/stm32h5xx_hal_spi.c ****       case HAL_SPI_TX_COMPLETE_CB_ID :
 605:Drivers/STM32H5xx_HAL_Driver/Src/stm32h5xx_hal_spi.c ****         hspi->TxCpltCallback = pCallback;
 606:Drivers/STM32H5xx_HAL_Driver/Src/stm32h5xx_hal_spi.c ****         break;
 607:Drivers/STM32H5xx_HAL_Driver/Src/stm32h5xx_hal_spi.c **** 
 608:Drivers/STM32H5xx_HAL_Driver/Src/stm32h5xx_hal_spi.c ****       case HAL_SPI_RX_COMPLETE_CB_ID :
 609:Drivers/STM32H5xx_HAL_Driver/Src/stm32h5xx_hal_spi.c ****         hspi->RxCpltCallback = pCallback;
 610:Drivers/STM32H5xx_HAL_Driver/Src/stm32h5xx_hal_spi.c ****         break;
 611:Drivers/STM32H5xx_HAL_Driver/Src/stm32h5xx_hal_spi.c **** 
 612:Drivers/STM32H5xx_HAL_Driver/Src/stm32h5xx_hal_spi.c ****       case HAL_SPI_TX_RX_COMPLETE_CB_ID :
 613:Drivers/STM32H5xx_HAL_Driver/Src/stm32h5xx_hal_spi.c ****         hspi->TxRxCpltCallback = pCallback;
 614:Drivers/STM32H5xx_HAL_Driver/Src/stm32h5xx_hal_spi.c ****         break;
 615:Drivers/STM32H5xx_HAL_Driver/Src/stm32h5xx_hal_spi.c **** 
 616:Drivers/STM32H5xx_HAL_Driver/Src/stm32h5xx_hal_spi.c ****       case HAL_SPI_TX_HALF_COMPLETE_CB_ID :
 617:Drivers/STM32H5xx_HAL_Driver/Src/stm32h5xx_hal_spi.c ****         hspi->TxHalfCpltCallback = pCallback;
 618:Drivers/STM32H5xx_HAL_Driver/Src/stm32h5xx_hal_spi.c ****         break;
 619:Drivers/STM32H5xx_HAL_Driver/Src/stm32h5xx_hal_spi.c **** 
 620:Drivers/STM32H5xx_HAL_Driver/Src/stm32h5xx_hal_spi.c ****       case HAL_SPI_RX_HALF_COMPLETE_CB_ID :
 621:Drivers/STM32H5xx_HAL_Driver/Src/stm32h5xx_hal_spi.c ****         hspi->RxHalfCpltCallback = pCallback;
 622:Drivers/STM32H5xx_HAL_Driver/Src/stm32h5xx_hal_spi.c ****         break;
 623:Drivers/STM32H5xx_HAL_Driver/Src/stm32h5xx_hal_spi.c **** 
 624:Drivers/STM32H5xx_HAL_Driver/Src/stm32h5xx_hal_spi.c ****       case HAL_SPI_TX_RX_HALF_COMPLETE_CB_ID :
 625:Drivers/STM32H5xx_HAL_Driver/Src/stm32h5xx_hal_spi.c ****         hspi->TxRxHalfCpltCallback = pCallback;
 626:Drivers/STM32H5xx_HAL_Driver/Src/stm32h5xx_hal_spi.c ****         break;
 627:Drivers/STM32H5xx_HAL_Driver/Src/stm32h5xx_hal_spi.c **** 
 628:Drivers/STM32H5xx_HAL_Driver/Src/stm32h5xx_hal_spi.c ****       case HAL_SPI_ERROR_CB_ID :
 629:Drivers/STM32H5xx_HAL_Driver/Src/stm32h5xx_hal_spi.c ****         hspi->ErrorCallback = pCallback;
 630:Drivers/STM32H5xx_HAL_Driver/Src/stm32h5xx_hal_spi.c ****         break;
 631:Drivers/STM32H5xx_HAL_Driver/Src/stm32h5xx_hal_spi.c **** 
 632:Drivers/STM32H5xx_HAL_Driver/Src/stm32h5xx_hal_spi.c ****       case HAL_SPI_ABORT_CB_ID :
 633:Drivers/STM32H5xx_HAL_Driver/Src/stm32h5xx_hal_spi.c ****         hspi->AbortCpltCallback = pCallback;
 634:Drivers/STM32H5xx_HAL_Driver/Src/stm32h5xx_hal_spi.c ****         break;
 635:Drivers/STM32H5xx_HAL_Driver/Src/stm32h5xx_hal_spi.c **** 
 636:Drivers/STM32H5xx_HAL_Driver/Src/stm32h5xx_hal_spi.c ****       case HAL_SPI_SUSPEND_CB_ID :
 637:Drivers/STM32H5xx_HAL_Driver/Src/stm32h5xx_hal_spi.c ****         hspi->SuspendCallback = pCallback;
 638:Drivers/STM32H5xx_HAL_Driver/Src/stm32h5xx_hal_spi.c ****         break;
 639:Drivers/STM32H5xx_HAL_Driver/Src/stm32h5xx_hal_spi.c **** 
 640:Drivers/STM32H5xx_HAL_Driver/Src/stm32h5xx_hal_spi.c ****       case HAL_SPI_MSPINIT_CB_ID :
 641:Drivers/STM32H5xx_HAL_Driver/Src/stm32h5xx_hal_spi.c ****         hspi->MspInitCallback = pCallback;
 642:Drivers/STM32H5xx_HAL_Driver/Src/stm32h5xx_hal_spi.c ****         break;
 643:Drivers/STM32H5xx_HAL_Driver/Src/stm32h5xx_hal_spi.c **** 
 644:Drivers/STM32H5xx_HAL_Driver/Src/stm32h5xx_hal_spi.c ****       case HAL_SPI_MSPDEINIT_CB_ID :
 645:Drivers/STM32H5xx_HAL_Driver/Src/stm32h5xx_hal_spi.c ****         hspi->MspDeInitCallback = pCallback;
 646:Drivers/STM32H5xx_HAL_Driver/Src/stm32h5xx_hal_spi.c ****         break;
 647:Drivers/STM32H5xx_HAL_Driver/Src/stm32h5xx_hal_spi.c **** 
 648:Drivers/STM32H5xx_HAL_Driver/Src/stm32h5xx_hal_spi.c ****       default :
 649:Drivers/STM32H5xx_HAL_Driver/Src/stm32h5xx_hal_spi.c ****         /* Update the error code */
 650:Drivers/STM32H5xx_HAL_Driver/Src/stm32h5xx_hal_spi.c ****         SET_BIT(hspi->ErrorCode, HAL_SPI_ERROR_INVALID_CALLBACK);
 651:Drivers/STM32H5xx_HAL_Driver/Src/stm32h5xx_hal_spi.c **** 
 652:Drivers/STM32H5xx_HAL_Driver/Src/stm32h5xx_hal_spi.c ****         /* Return error status */
 653:Drivers/STM32H5xx_HAL_Driver/Src/stm32h5xx_hal_spi.c ****         status =  HAL_ERROR;
 654:Drivers/STM32H5xx_HAL_Driver/Src/stm32h5xx_hal_spi.c ****         break;
 655:Drivers/STM32H5xx_HAL_Driver/Src/stm32h5xx_hal_spi.c ****     }
 656:Drivers/STM32H5xx_HAL_Driver/Src/stm32h5xx_hal_spi.c ****   }
ARM GAS  /tmp/cc3pUyOJ.s 			page 13


 657:Drivers/STM32H5xx_HAL_Driver/Src/stm32h5xx_hal_spi.c ****   else if (HAL_SPI_STATE_RESET == hspi->State)
 658:Drivers/STM32H5xx_HAL_Driver/Src/stm32h5xx_hal_spi.c ****   {
 659:Drivers/STM32H5xx_HAL_Driver/Src/stm32h5xx_hal_spi.c ****     switch (CallbackID)
 660:Drivers/STM32H5xx_HAL_Driver/Src/stm32h5xx_hal_spi.c ****     {
 661:Drivers/STM32H5xx_HAL_Driver/Src/stm32h5xx_hal_spi.c ****       case HAL_SPI_MSPINIT_CB_ID :
 662:Drivers/STM32H5xx_HAL_Driver/Src/stm32h5xx_hal_spi.c ****         hspi->MspInitCallback = pCallback;
 663:Drivers/STM32H5xx_HAL_Driver/Src/stm32h5xx_hal_spi.c ****         break;
 664:Drivers/STM32H5xx_HAL_Driver/Src/stm32h5xx_hal_spi.c **** 
 665:Drivers/STM32H5xx_HAL_Driver/Src/stm32h5xx_hal_spi.c ****       case HAL_SPI_MSPDEINIT_CB_ID :
 666:Drivers/STM32H5xx_HAL_Driver/Src/stm32h5xx_hal_spi.c ****         hspi->MspDeInitCallback = pCallback;
 667:Drivers/STM32H5xx_HAL_Driver/Src/stm32h5xx_hal_spi.c ****         break;
 668:Drivers/STM32H5xx_HAL_Driver/Src/stm32h5xx_hal_spi.c **** 
 669:Drivers/STM32H5xx_HAL_Driver/Src/stm32h5xx_hal_spi.c ****       default :
 670:Drivers/STM32H5xx_HAL_Driver/Src/stm32h5xx_hal_spi.c ****         /* Update the error code */
 671:Drivers/STM32H5xx_HAL_Driver/Src/stm32h5xx_hal_spi.c ****         SET_BIT(hspi->ErrorCode, HAL_SPI_ERROR_INVALID_CALLBACK);
 672:Drivers/STM32H5xx_HAL_Driver/Src/stm32h5xx_hal_spi.c **** 
 673:Drivers/STM32H5xx_HAL_Driver/Src/stm32h5xx_hal_spi.c ****         /* Return error status */
 674:Drivers/STM32H5xx_HAL_Driver/Src/stm32h5xx_hal_spi.c ****         status =  HAL_ERROR;
 675:Drivers/STM32H5xx_HAL_Driver/Src/stm32h5xx_hal_spi.c ****         break;
 676:Drivers/STM32H5xx_HAL_Driver/Src/stm32h5xx_hal_spi.c ****     }
 677:Drivers/STM32H5xx_HAL_Driver/Src/stm32h5xx_hal_spi.c ****   }
 678:Drivers/STM32H5xx_HAL_Driver/Src/stm32h5xx_hal_spi.c ****   else
 679:Drivers/STM32H5xx_HAL_Driver/Src/stm32h5xx_hal_spi.c ****   {
 680:Drivers/STM32H5xx_HAL_Driver/Src/stm32h5xx_hal_spi.c ****     /* Update the error code */
 681:Drivers/STM32H5xx_HAL_Driver/Src/stm32h5xx_hal_spi.c ****     SET_BIT(hspi->ErrorCode, HAL_SPI_ERROR_INVALID_CALLBACK);
 682:Drivers/STM32H5xx_HAL_Driver/Src/stm32h5xx_hal_spi.c **** 
 683:Drivers/STM32H5xx_HAL_Driver/Src/stm32h5xx_hal_spi.c ****     /* Return error status */
 684:Drivers/STM32H5xx_HAL_Driver/Src/stm32h5xx_hal_spi.c ****     status =  HAL_ERROR;
 685:Drivers/STM32H5xx_HAL_Driver/Src/stm32h5xx_hal_spi.c ****   }
 686:Drivers/STM32H5xx_HAL_Driver/Src/stm32h5xx_hal_spi.c **** 
 687:Drivers/STM32H5xx_HAL_Driver/Src/stm32h5xx_hal_spi.c ****   return status;
 688:Drivers/STM32H5xx_HAL_Driver/Src/stm32h5xx_hal_spi.c **** }
 689:Drivers/STM32H5xx_HAL_Driver/Src/stm32h5xx_hal_spi.c **** 
 690:Drivers/STM32H5xx_HAL_Driver/Src/stm32h5xx_hal_spi.c **** /**
 691:Drivers/STM32H5xx_HAL_Driver/Src/stm32h5xx_hal_spi.c ****   * @brief  Unregister an SPI Callback
 692:Drivers/STM32H5xx_HAL_Driver/Src/stm32h5xx_hal_spi.c ****   *         SPI callback is redirected to the weak predefined callback
 693:Drivers/STM32H5xx_HAL_Driver/Src/stm32h5xx_hal_spi.c ****   * @param  hspi Pointer to a SPI_HandleTypeDef structure that contains
 694:Drivers/STM32H5xx_HAL_Driver/Src/stm32h5xx_hal_spi.c ****   *                the configuration information for the specified SPI.
 695:Drivers/STM32H5xx_HAL_Driver/Src/stm32h5xx_hal_spi.c ****   * @param  CallbackID ID of the callback to be unregistered
 696:Drivers/STM32H5xx_HAL_Driver/Src/stm32h5xx_hal_spi.c ****   * @note   The HAL_SPI_UnRegisterCallback() may be called before HAL_SPI_Init() in HAL_SPI_STATE_R
 697:Drivers/STM32H5xx_HAL_Driver/Src/stm32h5xx_hal_spi.c ****   *         to un-register callbacks for HAL_SPI_MSPINIT_CB_ID and HAL_SPI_MSPDEINIT_CB_ID
 698:Drivers/STM32H5xx_HAL_Driver/Src/stm32h5xx_hal_spi.c ****   * @retval HAL status
 699:Drivers/STM32H5xx_HAL_Driver/Src/stm32h5xx_hal_spi.c ****   */
 700:Drivers/STM32H5xx_HAL_Driver/Src/stm32h5xx_hal_spi.c **** HAL_StatusTypeDef HAL_SPI_UnRegisterCallback(SPI_HandleTypeDef *hspi, HAL_SPI_CallbackIDTypeDef Cal
 701:Drivers/STM32H5xx_HAL_Driver/Src/stm32h5xx_hal_spi.c **** {
 702:Drivers/STM32H5xx_HAL_Driver/Src/stm32h5xx_hal_spi.c ****   HAL_StatusTypeDef status = HAL_OK;
 703:Drivers/STM32H5xx_HAL_Driver/Src/stm32h5xx_hal_spi.c **** 
 704:Drivers/STM32H5xx_HAL_Driver/Src/stm32h5xx_hal_spi.c ****   if (HAL_SPI_STATE_READY == hspi->State)
 705:Drivers/STM32H5xx_HAL_Driver/Src/stm32h5xx_hal_spi.c ****   {
 706:Drivers/STM32H5xx_HAL_Driver/Src/stm32h5xx_hal_spi.c ****     switch (CallbackID)
 707:Drivers/STM32H5xx_HAL_Driver/Src/stm32h5xx_hal_spi.c ****     {
 708:Drivers/STM32H5xx_HAL_Driver/Src/stm32h5xx_hal_spi.c ****       case HAL_SPI_TX_COMPLETE_CB_ID :
 709:Drivers/STM32H5xx_HAL_Driver/Src/stm32h5xx_hal_spi.c ****         hspi->TxCpltCallback = HAL_SPI_TxCpltCallback;             /* Legacy weak TxCpltCallback   
 710:Drivers/STM32H5xx_HAL_Driver/Src/stm32h5xx_hal_spi.c ****         break;
 711:Drivers/STM32H5xx_HAL_Driver/Src/stm32h5xx_hal_spi.c **** 
 712:Drivers/STM32H5xx_HAL_Driver/Src/stm32h5xx_hal_spi.c ****       case HAL_SPI_RX_COMPLETE_CB_ID :
 713:Drivers/STM32H5xx_HAL_Driver/Src/stm32h5xx_hal_spi.c ****         hspi->RxCpltCallback = HAL_SPI_RxCpltCallback;             /* Legacy weak RxCpltCallback   
ARM GAS  /tmp/cc3pUyOJ.s 			page 14


 714:Drivers/STM32H5xx_HAL_Driver/Src/stm32h5xx_hal_spi.c ****         break;
 715:Drivers/STM32H5xx_HAL_Driver/Src/stm32h5xx_hal_spi.c **** 
 716:Drivers/STM32H5xx_HAL_Driver/Src/stm32h5xx_hal_spi.c ****       case HAL_SPI_TX_RX_COMPLETE_CB_ID :
 717:Drivers/STM32H5xx_HAL_Driver/Src/stm32h5xx_hal_spi.c ****         hspi->TxRxCpltCallback = HAL_SPI_TxRxCpltCallback;         /* Legacy weak TxRxCpltCallback 
 718:Drivers/STM32H5xx_HAL_Driver/Src/stm32h5xx_hal_spi.c ****         break;
 719:Drivers/STM32H5xx_HAL_Driver/Src/stm32h5xx_hal_spi.c **** 
 720:Drivers/STM32H5xx_HAL_Driver/Src/stm32h5xx_hal_spi.c ****       case HAL_SPI_TX_HALF_COMPLETE_CB_ID :
 721:Drivers/STM32H5xx_HAL_Driver/Src/stm32h5xx_hal_spi.c ****         hspi->TxHalfCpltCallback = HAL_SPI_TxHalfCpltCallback;     /* Legacy weak TxHalfCpltCallbac
 722:Drivers/STM32H5xx_HAL_Driver/Src/stm32h5xx_hal_spi.c ****         break;
 723:Drivers/STM32H5xx_HAL_Driver/Src/stm32h5xx_hal_spi.c **** 
 724:Drivers/STM32H5xx_HAL_Driver/Src/stm32h5xx_hal_spi.c ****       case HAL_SPI_RX_HALF_COMPLETE_CB_ID :
 725:Drivers/STM32H5xx_HAL_Driver/Src/stm32h5xx_hal_spi.c ****         hspi->RxHalfCpltCallback = HAL_SPI_RxHalfCpltCallback;     /* Legacy weak RxHalfCpltCallbac
 726:Drivers/STM32H5xx_HAL_Driver/Src/stm32h5xx_hal_spi.c ****         break;
 727:Drivers/STM32H5xx_HAL_Driver/Src/stm32h5xx_hal_spi.c **** 
 728:Drivers/STM32H5xx_HAL_Driver/Src/stm32h5xx_hal_spi.c ****       case HAL_SPI_TX_RX_HALF_COMPLETE_CB_ID :
 729:Drivers/STM32H5xx_HAL_Driver/Src/stm32h5xx_hal_spi.c ****         hspi->TxRxHalfCpltCallback = HAL_SPI_TxRxHalfCpltCallback; /* Legacy weak TxRxHalfCpltCallb
 730:Drivers/STM32H5xx_HAL_Driver/Src/stm32h5xx_hal_spi.c ****         break;
 731:Drivers/STM32H5xx_HAL_Driver/Src/stm32h5xx_hal_spi.c **** 
 732:Drivers/STM32H5xx_HAL_Driver/Src/stm32h5xx_hal_spi.c ****       case HAL_SPI_ERROR_CB_ID :
 733:Drivers/STM32H5xx_HAL_Driver/Src/stm32h5xx_hal_spi.c ****         hspi->ErrorCallback = HAL_SPI_ErrorCallback;               /* Legacy weak ErrorCallback    
 734:Drivers/STM32H5xx_HAL_Driver/Src/stm32h5xx_hal_spi.c ****         break;
 735:Drivers/STM32H5xx_HAL_Driver/Src/stm32h5xx_hal_spi.c **** 
 736:Drivers/STM32H5xx_HAL_Driver/Src/stm32h5xx_hal_spi.c ****       case HAL_SPI_ABORT_CB_ID :
 737:Drivers/STM32H5xx_HAL_Driver/Src/stm32h5xx_hal_spi.c ****         hspi->AbortCpltCallback = HAL_SPI_AbortCpltCallback;       /* Legacy weak AbortCpltCallback
 738:Drivers/STM32H5xx_HAL_Driver/Src/stm32h5xx_hal_spi.c ****         break;
 739:Drivers/STM32H5xx_HAL_Driver/Src/stm32h5xx_hal_spi.c **** 
 740:Drivers/STM32H5xx_HAL_Driver/Src/stm32h5xx_hal_spi.c ****       case HAL_SPI_SUSPEND_CB_ID :
 741:Drivers/STM32H5xx_HAL_Driver/Src/stm32h5xx_hal_spi.c ****         hspi->SuspendCallback = HAL_SPI_SuspendCallback;           /* Legacy weak SuspendCallback  
 742:Drivers/STM32H5xx_HAL_Driver/Src/stm32h5xx_hal_spi.c ****         break;
 743:Drivers/STM32H5xx_HAL_Driver/Src/stm32h5xx_hal_spi.c **** 
 744:Drivers/STM32H5xx_HAL_Driver/Src/stm32h5xx_hal_spi.c ****       case HAL_SPI_MSPINIT_CB_ID :
 745:Drivers/STM32H5xx_HAL_Driver/Src/stm32h5xx_hal_spi.c ****         hspi->MspInitCallback = HAL_SPI_MspInit;                   /* Legacy weak MspInit          
 746:Drivers/STM32H5xx_HAL_Driver/Src/stm32h5xx_hal_spi.c ****         break;
 747:Drivers/STM32H5xx_HAL_Driver/Src/stm32h5xx_hal_spi.c **** 
 748:Drivers/STM32H5xx_HAL_Driver/Src/stm32h5xx_hal_spi.c ****       case HAL_SPI_MSPDEINIT_CB_ID :
 749:Drivers/STM32H5xx_HAL_Driver/Src/stm32h5xx_hal_spi.c ****         hspi->MspDeInitCallback = HAL_SPI_MspDeInit;               /* Legacy weak MspDeInit        
 750:Drivers/STM32H5xx_HAL_Driver/Src/stm32h5xx_hal_spi.c ****         break;
 751:Drivers/STM32H5xx_HAL_Driver/Src/stm32h5xx_hal_spi.c **** 
 752:Drivers/STM32H5xx_HAL_Driver/Src/stm32h5xx_hal_spi.c ****       default :
 753:Drivers/STM32H5xx_HAL_Driver/Src/stm32h5xx_hal_spi.c ****         /* Update the error code */
 754:Drivers/STM32H5xx_HAL_Driver/Src/stm32h5xx_hal_spi.c ****         SET_BIT(hspi->ErrorCode, HAL_SPI_ERROR_INVALID_CALLBACK);
 755:Drivers/STM32H5xx_HAL_Driver/Src/stm32h5xx_hal_spi.c **** 
 756:Drivers/STM32H5xx_HAL_Driver/Src/stm32h5xx_hal_spi.c ****         /* Return error status */
 757:Drivers/STM32H5xx_HAL_Driver/Src/stm32h5xx_hal_spi.c ****         status =  HAL_ERROR;
 758:Drivers/STM32H5xx_HAL_Driver/Src/stm32h5xx_hal_spi.c ****         break;
 759:Drivers/STM32H5xx_HAL_Driver/Src/stm32h5xx_hal_spi.c ****     }
 760:Drivers/STM32H5xx_HAL_Driver/Src/stm32h5xx_hal_spi.c ****   }
 761:Drivers/STM32H5xx_HAL_Driver/Src/stm32h5xx_hal_spi.c ****   else if (HAL_SPI_STATE_RESET == hspi->State)
 762:Drivers/STM32H5xx_HAL_Driver/Src/stm32h5xx_hal_spi.c ****   {
 763:Drivers/STM32H5xx_HAL_Driver/Src/stm32h5xx_hal_spi.c ****     switch (CallbackID)
 764:Drivers/STM32H5xx_HAL_Driver/Src/stm32h5xx_hal_spi.c ****     {
 765:Drivers/STM32H5xx_HAL_Driver/Src/stm32h5xx_hal_spi.c ****       case HAL_SPI_MSPINIT_CB_ID :
 766:Drivers/STM32H5xx_HAL_Driver/Src/stm32h5xx_hal_spi.c ****         hspi->MspInitCallback = HAL_SPI_MspInit;                   /* Legacy weak MspInit          
 767:Drivers/STM32H5xx_HAL_Driver/Src/stm32h5xx_hal_spi.c ****         break;
 768:Drivers/STM32H5xx_HAL_Driver/Src/stm32h5xx_hal_spi.c **** 
 769:Drivers/STM32H5xx_HAL_Driver/Src/stm32h5xx_hal_spi.c ****       case HAL_SPI_MSPDEINIT_CB_ID :
 770:Drivers/STM32H5xx_HAL_Driver/Src/stm32h5xx_hal_spi.c ****         hspi->MspDeInitCallback = HAL_SPI_MspDeInit;               /* Legacy weak MspDeInit        
ARM GAS  /tmp/cc3pUyOJ.s 			page 15


 771:Drivers/STM32H5xx_HAL_Driver/Src/stm32h5xx_hal_spi.c ****         break;
 772:Drivers/STM32H5xx_HAL_Driver/Src/stm32h5xx_hal_spi.c **** 
 773:Drivers/STM32H5xx_HAL_Driver/Src/stm32h5xx_hal_spi.c ****       default :
 774:Drivers/STM32H5xx_HAL_Driver/Src/stm32h5xx_hal_spi.c ****         /* Update the error code */
 775:Drivers/STM32H5xx_HAL_Driver/Src/stm32h5xx_hal_spi.c ****         SET_BIT(hspi->ErrorCode, HAL_SPI_ERROR_INVALID_CALLBACK);
 776:Drivers/STM32H5xx_HAL_Driver/Src/stm32h5xx_hal_spi.c **** 
 777:Drivers/STM32H5xx_HAL_Driver/Src/stm32h5xx_hal_spi.c ****         /* Return error status */
 778:Drivers/STM32H5xx_HAL_Driver/Src/stm32h5xx_hal_spi.c ****         status =  HAL_ERROR;
 779:Drivers/STM32H5xx_HAL_Driver/Src/stm32h5xx_hal_spi.c ****         break;
 780:Drivers/STM32H5xx_HAL_Driver/Src/stm32h5xx_hal_spi.c ****     }
 781:Drivers/STM32H5xx_HAL_Driver/Src/stm32h5xx_hal_spi.c ****   }
 782:Drivers/STM32H5xx_HAL_Driver/Src/stm32h5xx_hal_spi.c ****   else
 783:Drivers/STM32H5xx_HAL_Driver/Src/stm32h5xx_hal_spi.c ****   {
 784:Drivers/STM32H5xx_HAL_Driver/Src/stm32h5xx_hal_spi.c ****     /* Update the error code */
 785:Drivers/STM32H5xx_HAL_Driver/Src/stm32h5xx_hal_spi.c ****     SET_BIT(hspi->ErrorCode, HAL_SPI_ERROR_INVALID_CALLBACK);
 786:Drivers/STM32H5xx_HAL_Driver/Src/stm32h5xx_hal_spi.c **** 
 787:Drivers/STM32H5xx_HAL_Driver/Src/stm32h5xx_hal_spi.c ****     /* Return error status */
 788:Drivers/STM32H5xx_HAL_Driver/Src/stm32h5xx_hal_spi.c ****     status =  HAL_ERROR;
 789:Drivers/STM32H5xx_HAL_Driver/Src/stm32h5xx_hal_spi.c ****   }
 790:Drivers/STM32H5xx_HAL_Driver/Src/stm32h5xx_hal_spi.c **** 
 791:Drivers/STM32H5xx_HAL_Driver/Src/stm32h5xx_hal_spi.c ****   return status;
 792:Drivers/STM32H5xx_HAL_Driver/Src/stm32h5xx_hal_spi.c **** }
 793:Drivers/STM32H5xx_HAL_Driver/Src/stm32h5xx_hal_spi.c **** #endif /* USE_HAL_SPI_REGISTER_CALLBACKS */
 794:Drivers/STM32H5xx_HAL_Driver/Src/stm32h5xx_hal_spi.c **** /**
 795:Drivers/STM32H5xx_HAL_Driver/Src/stm32h5xx_hal_spi.c ****   * @}
 796:Drivers/STM32H5xx_HAL_Driver/Src/stm32h5xx_hal_spi.c ****   */
 797:Drivers/STM32H5xx_HAL_Driver/Src/stm32h5xx_hal_spi.c **** 
 798:Drivers/STM32H5xx_HAL_Driver/Src/stm32h5xx_hal_spi.c **** /** @defgroup SPI_Exported_Functions_Group2 IO operation functions
 799:Drivers/STM32H5xx_HAL_Driver/Src/stm32h5xx_hal_spi.c ****   *  @brief   Data transfers functions
 800:Drivers/STM32H5xx_HAL_Driver/Src/stm32h5xx_hal_spi.c ****   *
 801:Drivers/STM32H5xx_HAL_Driver/Src/stm32h5xx_hal_spi.c **** @verbatim
 802:Drivers/STM32H5xx_HAL_Driver/Src/stm32h5xx_hal_spi.c ****   ==============================================================================
 803:Drivers/STM32H5xx_HAL_Driver/Src/stm32h5xx_hal_spi.c ****                       ##### IO operation functions #####
 804:Drivers/STM32H5xx_HAL_Driver/Src/stm32h5xx_hal_spi.c ****  ===============================================================================
 805:Drivers/STM32H5xx_HAL_Driver/Src/stm32h5xx_hal_spi.c ****  [..]
 806:Drivers/STM32H5xx_HAL_Driver/Src/stm32h5xx_hal_spi.c ****     This subsection provides a set of functions allowing to manage the SPI
 807:Drivers/STM32H5xx_HAL_Driver/Src/stm32h5xx_hal_spi.c ****     data transfers.
 808:Drivers/STM32H5xx_HAL_Driver/Src/stm32h5xx_hal_spi.c **** 
 809:Drivers/STM32H5xx_HAL_Driver/Src/stm32h5xx_hal_spi.c ****     [..] The SPI supports master and slave mode :
 810:Drivers/STM32H5xx_HAL_Driver/Src/stm32h5xx_hal_spi.c **** 
 811:Drivers/STM32H5xx_HAL_Driver/Src/stm32h5xx_hal_spi.c ****     (#) There are two modes of transfer:
 812:Drivers/STM32H5xx_HAL_Driver/Src/stm32h5xx_hal_spi.c ****        (##) Blocking mode: The communication is performed in polling mode.
 813:Drivers/STM32H5xx_HAL_Driver/Src/stm32h5xx_hal_spi.c ****             The HAL status of all data processing is returned by the same function
 814:Drivers/STM32H5xx_HAL_Driver/Src/stm32h5xx_hal_spi.c ****             after finishing transfer.
 815:Drivers/STM32H5xx_HAL_Driver/Src/stm32h5xx_hal_spi.c ****        (##) No-Blocking mode: The communication is performed using Interrupts
 816:Drivers/STM32H5xx_HAL_Driver/Src/stm32h5xx_hal_spi.c ****             or DMA, These APIs return the HAL status.
 817:Drivers/STM32H5xx_HAL_Driver/Src/stm32h5xx_hal_spi.c ****             The end of the data processing will be indicated through the
 818:Drivers/STM32H5xx_HAL_Driver/Src/stm32h5xx_hal_spi.c ****             dedicated SPI IRQ when using Interrupt mode or the DMA IRQ when
 819:Drivers/STM32H5xx_HAL_Driver/Src/stm32h5xx_hal_spi.c ****             using DMA mode.
 820:Drivers/STM32H5xx_HAL_Driver/Src/stm32h5xx_hal_spi.c ****             The HAL_SPI_TxCpltCallback(), HAL_SPI_RxCpltCallback() and HAL_SPI_TxRxCpltCallback() u
 821:Drivers/STM32H5xx_HAL_Driver/Src/stm32h5xx_hal_spi.c ****             will be executed respectively at the end of the transmit or Receive process
 822:Drivers/STM32H5xx_HAL_Driver/Src/stm32h5xx_hal_spi.c ****             The HAL_SPI_ErrorCallback()user callback will be executed when a communication error is
 823:Drivers/STM32H5xx_HAL_Driver/Src/stm32h5xx_hal_spi.c **** 
 824:Drivers/STM32H5xx_HAL_Driver/Src/stm32h5xx_hal_spi.c ****     (#) APIs provided for these 2 transfer modes (Blocking mode or Non blocking mode using either I
 825:Drivers/STM32H5xx_HAL_Driver/Src/stm32h5xx_hal_spi.c ****         exist for 1Line (simplex) and 2Lines (full duplex) modes.
 826:Drivers/STM32H5xx_HAL_Driver/Src/stm32h5xx_hal_spi.c **** 
 827:Drivers/STM32H5xx_HAL_Driver/Src/stm32h5xx_hal_spi.c **** @endverbatim
ARM GAS  /tmp/cc3pUyOJ.s 			page 16


 828:Drivers/STM32H5xx_HAL_Driver/Src/stm32h5xx_hal_spi.c ****   * @{
 829:Drivers/STM32H5xx_HAL_Driver/Src/stm32h5xx_hal_spi.c ****   */
 830:Drivers/STM32H5xx_HAL_Driver/Src/stm32h5xx_hal_spi.c **** 
 831:Drivers/STM32H5xx_HAL_Driver/Src/stm32h5xx_hal_spi.c **** /**
 832:Drivers/STM32H5xx_HAL_Driver/Src/stm32h5xx_hal_spi.c ****   * @brief  Transmit an amount of data in blocking mode.
 833:Drivers/STM32H5xx_HAL_Driver/Src/stm32h5xx_hal_spi.c ****   * @param  hspi   : pointer to a SPI_HandleTypeDef structure that contains
 834:Drivers/STM32H5xx_HAL_Driver/Src/stm32h5xx_hal_spi.c ****   *                  the configuration information for SPI module.
 835:Drivers/STM32H5xx_HAL_Driver/Src/stm32h5xx_hal_spi.c ****   * @param  pData  : pointer to data buffer
 836:Drivers/STM32H5xx_HAL_Driver/Src/stm32h5xx_hal_spi.c ****   * @param  Size   : amount of data to be sent
 837:Drivers/STM32H5xx_HAL_Driver/Src/stm32h5xx_hal_spi.c ****   * @param  Timeout: Timeout duration
 838:Drivers/STM32H5xx_HAL_Driver/Src/stm32h5xx_hal_spi.c ****   * @retval HAL status
 839:Drivers/STM32H5xx_HAL_Driver/Src/stm32h5xx_hal_spi.c ****   */
 840:Drivers/STM32H5xx_HAL_Driver/Src/stm32h5xx_hal_spi.c **** HAL_StatusTypeDef HAL_SPI_Transmit(SPI_HandleTypeDef *hspi, const uint8_t *pData, uint16_t Size, ui
 841:Drivers/STM32H5xx_HAL_Driver/Src/stm32h5xx_hal_spi.c **** {
 842:Drivers/STM32H5xx_HAL_Driver/Src/stm32h5xx_hal_spi.c **** #if defined (__GNUC__)
 843:Drivers/STM32H5xx_HAL_Driver/Src/stm32h5xx_hal_spi.c ****   __IO uint16_t *ptxdr_16bits = (__IO uint16_t *)(&(hspi->Instance->TXDR));
 844:Drivers/STM32H5xx_HAL_Driver/Src/stm32h5xx_hal_spi.c **** #endif /* __GNUC__ */
 845:Drivers/STM32H5xx_HAL_Driver/Src/stm32h5xx_hal_spi.c **** 
 846:Drivers/STM32H5xx_HAL_Driver/Src/stm32h5xx_hal_spi.c ****   uint32_t tickstart;
 847:Drivers/STM32H5xx_HAL_Driver/Src/stm32h5xx_hal_spi.c **** 
 848:Drivers/STM32H5xx_HAL_Driver/Src/stm32h5xx_hal_spi.c ****   /* Check Direction parameter */
 849:Drivers/STM32H5xx_HAL_Driver/Src/stm32h5xx_hal_spi.c ****   assert_param(IS_SPI_DIRECTION_2LINES_OR_1LINE_2LINES_TXONLY(hspi->Init.Direction));
 850:Drivers/STM32H5xx_HAL_Driver/Src/stm32h5xx_hal_spi.c **** 
 851:Drivers/STM32H5xx_HAL_Driver/Src/stm32h5xx_hal_spi.c ****   /* Check transfer size parameter */
 852:Drivers/STM32H5xx_HAL_Driver/Src/stm32h5xx_hal_spi.c ****   if (IS_SPI_LIMITED_INSTANCE(hspi->Instance))
 853:Drivers/STM32H5xx_HAL_Driver/Src/stm32h5xx_hal_spi.c ****   {
 854:Drivers/STM32H5xx_HAL_Driver/Src/stm32h5xx_hal_spi.c ****     assert_param(IS_SPI_LIMITED_TRANSFER_SIZE(Size));
 855:Drivers/STM32H5xx_HAL_Driver/Src/stm32h5xx_hal_spi.c ****   }
 856:Drivers/STM32H5xx_HAL_Driver/Src/stm32h5xx_hal_spi.c ****   else
 857:Drivers/STM32H5xx_HAL_Driver/Src/stm32h5xx_hal_spi.c ****   {
 858:Drivers/STM32H5xx_HAL_Driver/Src/stm32h5xx_hal_spi.c ****     assert_param(IS_SPI_TRANSFER_SIZE(Size));
 859:Drivers/STM32H5xx_HAL_Driver/Src/stm32h5xx_hal_spi.c ****   }
 860:Drivers/STM32H5xx_HAL_Driver/Src/stm32h5xx_hal_spi.c **** 
 861:Drivers/STM32H5xx_HAL_Driver/Src/stm32h5xx_hal_spi.c ****   /* Init tickstart for timeout management*/
 862:Drivers/STM32H5xx_HAL_Driver/Src/stm32h5xx_hal_spi.c ****   tickstart = HAL_GetTick();
 863:Drivers/STM32H5xx_HAL_Driver/Src/stm32h5xx_hal_spi.c **** 
 864:Drivers/STM32H5xx_HAL_Driver/Src/stm32h5xx_hal_spi.c ****   if (hspi->State != HAL_SPI_STATE_READY)
 865:Drivers/STM32H5xx_HAL_Driver/Src/stm32h5xx_hal_spi.c ****   {
 866:Drivers/STM32H5xx_HAL_Driver/Src/stm32h5xx_hal_spi.c ****     return HAL_BUSY;
 867:Drivers/STM32H5xx_HAL_Driver/Src/stm32h5xx_hal_spi.c ****   }
 868:Drivers/STM32H5xx_HAL_Driver/Src/stm32h5xx_hal_spi.c **** 
 869:Drivers/STM32H5xx_HAL_Driver/Src/stm32h5xx_hal_spi.c ****   if ((pData == NULL) || (Size == 0UL))
 870:Drivers/STM32H5xx_HAL_Driver/Src/stm32h5xx_hal_spi.c ****   {
 871:Drivers/STM32H5xx_HAL_Driver/Src/stm32h5xx_hal_spi.c ****     return HAL_ERROR;
 872:Drivers/STM32H5xx_HAL_Driver/Src/stm32h5xx_hal_spi.c ****   }
 873:Drivers/STM32H5xx_HAL_Driver/Src/stm32h5xx_hal_spi.c **** 
 874:Drivers/STM32H5xx_HAL_Driver/Src/stm32h5xx_hal_spi.c ****   /* Lock the process */
 875:Drivers/STM32H5xx_HAL_Driver/Src/stm32h5xx_hal_spi.c ****   __HAL_LOCK(hspi);
 876:Drivers/STM32H5xx_HAL_Driver/Src/stm32h5xx_hal_spi.c **** 
 877:Drivers/STM32H5xx_HAL_Driver/Src/stm32h5xx_hal_spi.c ****   /* Set the transaction information */
 878:Drivers/STM32H5xx_HAL_Driver/Src/stm32h5xx_hal_spi.c ****   hspi->State       = HAL_SPI_STATE_BUSY_TX;
 879:Drivers/STM32H5xx_HAL_Driver/Src/stm32h5xx_hal_spi.c ****   hspi->ErrorCode   = HAL_SPI_ERROR_NONE;
 880:Drivers/STM32H5xx_HAL_Driver/Src/stm32h5xx_hal_spi.c ****   hspi->pTxBuffPtr  = (const uint8_t *)pData;
 881:Drivers/STM32H5xx_HAL_Driver/Src/stm32h5xx_hal_spi.c ****   hspi->TxXferSize  = Size;
 882:Drivers/STM32H5xx_HAL_Driver/Src/stm32h5xx_hal_spi.c ****   hspi->TxXferCount = Size;
 883:Drivers/STM32H5xx_HAL_Driver/Src/stm32h5xx_hal_spi.c **** 
 884:Drivers/STM32H5xx_HAL_Driver/Src/stm32h5xx_hal_spi.c ****   /*Init field not used in handle to zero */
ARM GAS  /tmp/cc3pUyOJ.s 			page 17


 885:Drivers/STM32H5xx_HAL_Driver/Src/stm32h5xx_hal_spi.c ****   hspi->pRxBuffPtr  = NULL;
 886:Drivers/STM32H5xx_HAL_Driver/Src/stm32h5xx_hal_spi.c ****   hspi->RxXferSize  = (uint16_t) 0UL;
 887:Drivers/STM32H5xx_HAL_Driver/Src/stm32h5xx_hal_spi.c ****   hspi->RxXferCount = (uint16_t) 0UL;
 888:Drivers/STM32H5xx_HAL_Driver/Src/stm32h5xx_hal_spi.c ****   hspi->TxISR       = NULL;
 889:Drivers/STM32H5xx_HAL_Driver/Src/stm32h5xx_hal_spi.c ****   hspi->RxISR       = NULL;
 890:Drivers/STM32H5xx_HAL_Driver/Src/stm32h5xx_hal_spi.c **** 
 891:Drivers/STM32H5xx_HAL_Driver/Src/stm32h5xx_hal_spi.c ****   /* Configure communication direction : 1Line */
 892:Drivers/STM32H5xx_HAL_Driver/Src/stm32h5xx_hal_spi.c ****   if (hspi->Init.Direction == SPI_DIRECTION_1LINE)
 893:Drivers/STM32H5xx_HAL_Driver/Src/stm32h5xx_hal_spi.c ****   {
 894:Drivers/STM32H5xx_HAL_Driver/Src/stm32h5xx_hal_spi.c ****     SPI_1LINE_TX(hspi);
 895:Drivers/STM32H5xx_HAL_Driver/Src/stm32h5xx_hal_spi.c ****   }
 896:Drivers/STM32H5xx_HAL_Driver/Src/stm32h5xx_hal_spi.c ****   else
 897:Drivers/STM32H5xx_HAL_Driver/Src/stm32h5xx_hal_spi.c ****   {
 898:Drivers/STM32H5xx_HAL_Driver/Src/stm32h5xx_hal_spi.c ****     SPI_2LINES_TX(hspi);
 899:Drivers/STM32H5xx_HAL_Driver/Src/stm32h5xx_hal_spi.c ****   }
 900:Drivers/STM32H5xx_HAL_Driver/Src/stm32h5xx_hal_spi.c **** 
 901:Drivers/STM32H5xx_HAL_Driver/Src/stm32h5xx_hal_spi.c ****   /* Set the number of data at current transfer */
 902:Drivers/STM32H5xx_HAL_Driver/Src/stm32h5xx_hal_spi.c ****   MODIFY_REG(hspi->Instance->CR2, SPI_CR2_TSIZE, Size);
 903:Drivers/STM32H5xx_HAL_Driver/Src/stm32h5xx_hal_spi.c **** 
 904:Drivers/STM32H5xx_HAL_Driver/Src/stm32h5xx_hal_spi.c ****   /* Enable SPI peripheral */
 905:Drivers/STM32H5xx_HAL_Driver/Src/stm32h5xx_hal_spi.c ****   __HAL_SPI_ENABLE(hspi);
 906:Drivers/STM32H5xx_HAL_Driver/Src/stm32h5xx_hal_spi.c **** 
 907:Drivers/STM32H5xx_HAL_Driver/Src/stm32h5xx_hal_spi.c ****   if (hspi->Init.Mode == SPI_MODE_MASTER)
 908:Drivers/STM32H5xx_HAL_Driver/Src/stm32h5xx_hal_spi.c ****   {
 909:Drivers/STM32H5xx_HAL_Driver/Src/stm32h5xx_hal_spi.c ****     /* Master transfer start */
 910:Drivers/STM32H5xx_HAL_Driver/Src/stm32h5xx_hal_spi.c ****     SET_BIT(hspi->Instance->CR1, SPI_CR1_CSTART);
 911:Drivers/STM32H5xx_HAL_Driver/Src/stm32h5xx_hal_spi.c ****   }
 912:Drivers/STM32H5xx_HAL_Driver/Src/stm32h5xx_hal_spi.c **** 
 913:Drivers/STM32H5xx_HAL_Driver/Src/stm32h5xx_hal_spi.c ****   /* Transmit data in 32 Bit mode */
 914:Drivers/STM32H5xx_HAL_Driver/Src/stm32h5xx_hal_spi.c ****   if ((hspi->Init.DataSize > SPI_DATASIZE_16BIT) && (IS_SPI_FULL_INSTANCE(hspi->Instance)))
 915:Drivers/STM32H5xx_HAL_Driver/Src/stm32h5xx_hal_spi.c ****   {
 916:Drivers/STM32H5xx_HAL_Driver/Src/stm32h5xx_hal_spi.c ****     /* Transmit data in 32 Bit mode */
 917:Drivers/STM32H5xx_HAL_Driver/Src/stm32h5xx_hal_spi.c ****     while (hspi->TxXferCount > 0UL)
 918:Drivers/STM32H5xx_HAL_Driver/Src/stm32h5xx_hal_spi.c ****     {
 919:Drivers/STM32H5xx_HAL_Driver/Src/stm32h5xx_hal_spi.c ****       /* Wait until TXP flag is set to send data */
 920:Drivers/STM32H5xx_HAL_Driver/Src/stm32h5xx_hal_spi.c ****       if (__HAL_SPI_GET_FLAG(hspi, SPI_FLAG_TXP))
 921:Drivers/STM32H5xx_HAL_Driver/Src/stm32h5xx_hal_spi.c ****       {
 922:Drivers/STM32H5xx_HAL_Driver/Src/stm32h5xx_hal_spi.c ****         *((__IO uint32_t *)&hspi->Instance->TXDR) = *((const uint32_t *)hspi->pTxBuffPtr);
 923:Drivers/STM32H5xx_HAL_Driver/Src/stm32h5xx_hal_spi.c ****         hspi->pTxBuffPtr += sizeof(uint32_t);
 924:Drivers/STM32H5xx_HAL_Driver/Src/stm32h5xx_hal_spi.c ****         hspi->TxXferCount--;
 925:Drivers/STM32H5xx_HAL_Driver/Src/stm32h5xx_hal_spi.c ****       }
 926:Drivers/STM32H5xx_HAL_Driver/Src/stm32h5xx_hal_spi.c ****       else
 927:Drivers/STM32H5xx_HAL_Driver/Src/stm32h5xx_hal_spi.c ****       {
 928:Drivers/STM32H5xx_HAL_Driver/Src/stm32h5xx_hal_spi.c ****         /* Timeout management */
 929:Drivers/STM32H5xx_HAL_Driver/Src/stm32h5xx_hal_spi.c ****         if ((((HAL_GetTick() - tickstart) >=  Timeout) && (Timeout != HAL_MAX_DELAY)) || (Timeout =
 930:Drivers/STM32H5xx_HAL_Driver/Src/stm32h5xx_hal_spi.c ****         {
 931:Drivers/STM32H5xx_HAL_Driver/Src/stm32h5xx_hal_spi.c ****           /* Call standard close procedure with error check */
 932:Drivers/STM32H5xx_HAL_Driver/Src/stm32h5xx_hal_spi.c ****           SPI_CloseTransfer(hspi);
 933:Drivers/STM32H5xx_HAL_Driver/Src/stm32h5xx_hal_spi.c **** 
 934:Drivers/STM32H5xx_HAL_Driver/Src/stm32h5xx_hal_spi.c ****           SET_BIT(hspi->ErrorCode, HAL_SPI_ERROR_TIMEOUT);
 935:Drivers/STM32H5xx_HAL_Driver/Src/stm32h5xx_hal_spi.c ****           hspi->State = HAL_SPI_STATE_READY;
 936:Drivers/STM32H5xx_HAL_Driver/Src/stm32h5xx_hal_spi.c **** 
 937:Drivers/STM32H5xx_HAL_Driver/Src/stm32h5xx_hal_spi.c ****           /* Unlock the process */
 938:Drivers/STM32H5xx_HAL_Driver/Src/stm32h5xx_hal_spi.c ****           __HAL_UNLOCK(hspi);
 939:Drivers/STM32H5xx_HAL_Driver/Src/stm32h5xx_hal_spi.c **** 
 940:Drivers/STM32H5xx_HAL_Driver/Src/stm32h5xx_hal_spi.c ****           return HAL_TIMEOUT;
 941:Drivers/STM32H5xx_HAL_Driver/Src/stm32h5xx_hal_spi.c ****         }
ARM GAS  /tmp/cc3pUyOJ.s 			page 18


 942:Drivers/STM32H5xx_HAL_Driver/Src/stm32h5xx_hal_spi.c ****       }
 943:Drivers/STM32H5xx_HAL_Driver/Src/stm32h5xx_hal_spi.c ****     }
 944:Drivers/STM32H5xx_HAL_Driver/Src/stm32h5xx_hal_spi.c ****   }
 945:Drivers/STM32H5xx_HAL_Driver/Src/stm32h5xx_hal_spi.c ****   /* Transmit data in 16 Bit mode */
 946:Drivers/STM32H5xx_HAL_Driver/Src/stm32h5xx_hal_spi.c ****   else if (hspi->Init.DataSize > SPI_DATASIZE_8BIT)
 947:Drivers/STM32H5xx_HAL_Driver/Src/stm32h5xx_hal_spi.c ****   {
 948:Drivers/STM32H5xx_HAL_Driver/Src/stm32h5xx_hal_spi.c ****     /* Transmit data in 16 Bit mode */
 949:Drivers/STM32H5xx_HAL_Driver/Src/stm32h5xx_hal_spi.c ****     while (hspi->TxXferCount > 0UL)
 950:Drivers/STM32H5xx_HAL_Driver/Src/stm32h5xx_hal_spi.c ****     {
 951:Drivers/STM32H5xx_HAL_Driver/Src/stm32h5xx_hal_spi.c ****       /* Wait until TXP flag is set to send data */
 952:Drivers/STM32H5xx_HAL_Driver/Src/stm32h5xx_hal_spi.c ****       if (__HAL_SPI_GET_FLAG(hspi, SPI_FLAG_TXP))
 953:Drivers/STM32H5xx_HAL_Driver/Src/stm32h5xx_hal_spi.c ****       {
 954:Drivers/STM32H5xx_HAL_Driver/Src/stm32h5xx_hal_spi.c ****         if ((hspi->TxXferCount > 1UL) && (hspi->Init.FifoThreshold > SPI_FIFO_THRESHOLD_01DATA))
 955:Drivers/STM32H5xx_HAL_Driver/Src/stm32h5xx_hal_spi.c ****         {
 956:Drivers/STM32H5xx_HAL_Driver/Src/stm32h5xx_hal_spi.c ****           *((__IO uint32_t *)&hspi->Instance->TXDR) = *((const uint32_t *)hspi->pTxBuffPtr);
 957:Drivers/STM32H5xx_HAL_Driver/Src/stm32h5xx_hal_spi.c ****           hspi->pTxBuffPtr += sizeof(uint32_t);
 958:Drivers/STM32H5xx_HAL_Driver/Src/stm32h5xx_hal_spi.c ****           hspi->TxXferCount -= (uint16_t)2UL;
 959:Drivers/STM32H5xx_HAL_Driver/Src/stm32h5xx_hal_spi.c ****         }
 960:Drivers/STM32H5xx_HAL_Driver/Src/stm32h5xx_hal_spi.c ****         else
 961:Drivers/STM32H5xx_HAL_Driver/Src/stm32h5xx_hal_spi.c ****         {
 962:Drivers/STM32H5xx_HAL_Driver/Src/stm32h5xx_hal_spi.c **** #if defined (__GNUC__)
 963:Drivers/STM32H5xx_HAL_Driver/Src/stm32h5xx_hal_spi.c ****           *ptxdr_16bits = *((const uint16_t *)hspi->pTxBuffPtr);
 964:Drivers/STM32H5xx_HAL_Driver/Src/stm32h5xx_hal_spi.c **** #else
 965:Drivers/STM32H5xx_HAL_Driver/Src/stm32h5xx_hal_spi.c ****           *((__IO uint16_t *)&hspi->Instance->TXDR) = *((const uint16_t *)hspi->pTxBuffPtr);
 966:Drivers/STM32H5xx_HAL_Driver/Src/stm32h5xx_hal_spi.c **** #endif /* __GNUC__ */
 967:Drivers/STM32H5xx_HAL_Driver/Src/stm32h5xx_hal_spi.c ****           hspi->pTxBuffPtr += sizeof(uint16_t);
 968:Drivers/STM32H5xx_HAL_Driver/Src/stm32h5xx_hal_spi.c ****           hspi->TxXferCount--;
 969:Drivers/STM32H5xx_HAL_Driver/Src/stm32h5xx_hal_spi.c ****         }
 970:Drivers/STM32H5xx_HAL_Driver/Src/stm32h5xx_hal_spi.c ****       }
 971:Drivers/STM32H5xx_HAL_Driver/Src/stm32h5xx_hal_spi.c ****       else
 972:Drivers/STM32H5xx_HAL_Driver/Src/stm32h5xx_hal_spi.c ****       {
 973:Drivers/STM32H5xx_HAL_Driver/Src/stm32h5xx_hal_spi.c ****         /* Timeout management */
 974:Drivers/STM32H5xx_HAL_Driver/Src/stm32h5xx_hal_spi.c ****         if ((((HAL_GetTick() - tickstart) >=  Timeout) && (Timeout != HAL_MAX_DELAY)) || (Timeout =
 975:Drivers/STM32H5xx_HAL_Driver/Src/stm32h5xx_hal_spi.c ****         {
 976:Drivers/STM32H5xx_HAL_Driver/Src/stm32h5xx_hal_spi.c ****           /* Call standard close procedure with error check */
 977:Drivers/STM32H5xx_HAL_Driver/Src/stm32h5xx_hal_spi.c ****           SPI_CloseTransfer(hspi);
 978:Drivers/STM32H5xx_HAL_Driver/Src/stm32h5xx_hal_spi.c **** 
 979:Drivers/STM32H5xx_HAL_Driver/Src/stm32h5xx_hal_spi.c ****           SET_BIT(hspi->ErrorCode, HAL_SPI_ERROR_TIMEOUT);
 980:Drivers/STM32H5xx_HAL_Driver/Src/stm32h5xx_hal_spi.c ****           hspi->State = HAL_SPI_STATE_READY;
 981:Drivers/STM32H5xx_HAL_Driver/Src/stm32h5xx_hal_spi.c **** 
 982:Drivers/STM32H5xx_HAL_Driver/Src/stm32h5xx_hal_spi.c ****           /* Unlock the process */
 983:Drivers/STM32H5xx_HAL_Driver/Src/stm32h5xx_hal_spi.c ****           __HAL_UNLOCK(hspi);
 984:Drivers/STM32H5xx_HAL_Driver/Src/stm32h5xx_hal_spi.c **** 
 985:Drivers/STM32H5xx_HAL_Driver/Src/stm32h5xx_hal_spi.c ****           return HAL_TIMEOUT;
 986:Drivers/STM32H5xx_HAL_Driver/Src/stm32h5xx_hal_spi.c ****         }
 987:Drivers/STM32H5xx_HAL_Driver/Src/stm32h5xx_hal_spi.c ****       }
 988:Drivers/STM32H5xx_HAL_Driver/Src/stm32h5xx_hal_spi.c ****     }
 989:Drivers/STM32H5xx_HAL_Driver/Src/stm32h5xx_hal_spi.c ****   }
 990:Drivers/STM32H5xx_HAL_Driver/Src/stm32h5xx_hal_spi.c ****   /* Transmit data in 8 Bit mode */
 991:Drivers/STM32H5xx_HAL_Driver/Src/stm32h5xx_hal_spi.c ****   else
 992:Drivers/STM32H5xx_HAL_Driver/Src/stm32h5xx_hal_spi.c ****   {
 993:Drivers/STM32H5xx_HAL_Driver/Src/stm32h5xx_hal_spi.c ****     while (hspi->TxXferCount > 0UL)
 994:Drivers/STM32H5xx_HAL_Driver/Src/stm32h5xx_hal_spi.c ****     {
 995:Drivers/STM32H5xx_HAL_Driver/Src/stm32h5xx_hal_spi.c ****       /* Wait until TXP flag is set to send data */
 996:Drivers/STM32H5xx_HAL_Driver/Src/stm32h5xx_hal_spi.c ****       if (__HAL_SPI_GET_FLAG(hspi, SPI_FLAG_TXP))
 997:Drivers/STM32H5xx_HAL_Driver/Src/stm32h5xx_hal_spi.c ****       {
 998:Drivers/STM32H5xx_HAL_Driver/Src/stm32h5xx_hal_spi.c ****         if ((hspi->TxXferCount > 3UL) && (hspi->Init.FifoThreshold > SPI_FIFO_THRESHOLD_03DATA))
ARM GAS  /tmp/cc3pUyOJ.s 			page 19


 999:Drivers/STM32H5xx_HAL_Driver/Src/stm32h5xx_hal_spi.c ****         {
1000:Drivers/STM32H5xx_HAL_Driver/Src/stm32h5xx_hal_spi.c ****           *((__IO uint32_t *)&hspi->Instance->TXDR) = *((const uint32_t *)hspi->pTxBuffPtr);
1001:Drivers/STM32H5xx_HAL_Driver/Src/stm32h5xx_hal_spi.c ****           hspi->pTxBuffPtr += sizeof(uint32_t);
1002:Drivers/STM32H5xx_HAL_Driver/Src/stm32h5xx_hal_spi.c ****           hspi->TxXferCount -= (uint16_t)4UL;
1003:Drivers/STM32H5xx_HAL_Driver/Src/stm32h5xx_hal_spi.c ****         }
1004:Drivers/STM32H5xx_HAL_Driver/Src/stm32h5xx_hal_spi.c ****         else if ((hspi->TxXferCount > 1UL) && (hspi->Init.FifoThreshold > SPI_FIFO_THRESHOLD_01DATA
1005:Drivers/STM32H5xx_HAL_Driver/Src/stm32h5xx_hal_spi.c ****         {
1006:Drivers/STM32H5xx_HAL_Driver/Src/stm32h5xx_hal_spi.c **** #if defined (__GNUC__)
1007:Drivers/STM32H5xx_HAL_Driver/Src/stm32h5xx_hal_spi.c ****           *ptxdr_16bits = *((const uint16_t *)hspi->pTxBuffPtr);
1008:Drivers/STM32H5xx_HAL_Driver/Src/stm32h5xx_hal_spi.c **** #else
1009:Drivers/STM32H5xx_HAL_Driver/Src/stm32h5xx_hal_spi.c ****           *((__IO uint16_t *)&hspi->Instance->TXDR) = *((const uint16_t *)hspi->pTxBuffPtr);
1010:Drivers/STM32H5xx_HAL_Driver/Src/stm32h5xx_hal_spi.c **** #endif /* __GNUC__ */
1011:Drivers/STM32H5xx_HAL_Driver/Src/stm32h5xx_hal_spi.c ****           hspi->pTxBuffPtr += sizeof(uint16_t);
1012:Drivers/STM32H5xx_HAL_Driver/Src/stm32h5xx_hal_spi.c ****           hspi->TxXferCount -= (uint16_t)2UL;
1013:Drivers/STM32H5xx_HAL_Driver/Src/stm32h5xx_hal_spi.c ****         }
1014:Drivers/STM32H5xx_HAL_Driver/Src/stm32h5xx_hal_spi.c ****         else
1015:Drivers/STM32H5xx_HAL_Driver/Src/stm32h5xx_hal_spi.c ****         {
1016:Drivers/STM32H5xx_HAL_Driver/Src/stm32h5xx_hal_spi.c ****           *((__IO uint8_t *)&hspi->Instance->TXDR) = *((const uint8_t *)hspi->pTxBuffPtr);
1017:Drivers/STM32H5xx_HAL_Driver/Src/stm32h5xx_hal_spi.c ****           hspi->pTxBuffPtr += sizeof(uint8_t);
1018:Drivers/STM32H5xx_HAL_Driver/Src/stm32h5xx_hal_spi.c ****           hspi->TxXferCount--;
1019:Drivers/STM32H5xx_HAL_Driver/Src/stm32h5xx_hal_spi.c ****         }
1020:Drivers/STM32H5xx_HAL_Driver/Src/stm32h5xx_hal_spi.c ****       }
1021:Drivers/STM32H5xx_HAL_Driver/Src/stm32h5xx_hal_spi.c ****       else
1022:Drivers/STM32H5xx_HAL_Driver/Src/stm32h5xx_hal_spi.c ****       {
1023:Drivers/STM32H5xx_HAL_Driver/Src/stm32h5xx_hal_spi.c ****         /* Timeout management */
1024:Drivers/STM32H5xx_HAL_Driver/Src/stm32h5xx_hal_spi.c ****         if ((((HAL_GetTick() - tickstart) >=  Timeout) && (Timeout != HAL_MAX_DELAY)) || (Timeout =
1025:Drivers/STM32H5xx_HAL_Driver/Src/stm32h5xx_hal_spi.c ****         {
1026:Drivers/STM32H5xx_HAL_Driver/Src/stm32h5xx_hal_spi.c ****           /* Call standard close procedure with error check */
1027:Drivers/STM32H5xx_HAL_Driver/Src/stm32h5xx_hal_spi.c ****           SPI_CloseTransfer(hspi);
1028:Drivers/STM32H5xx_HAL_Driver/Src/stm32h5xx_hal_spi.c **** 
1029:Drivers/STM32H5xx_HAL_Driver/Src/stm32h5xx_hal_spi.c ****           SET_BIT(hspi->ErrorCode, HAL_SPI_ERROR_TIMEOUT);
1030:Drivers/STM32H5xx_HAL_Driver/Src/stm32h5xx_hal_spi.c ****           hspi->State = HAL_SPI_STATE_READY;
1031:Drivers/STM32H5xx_HAL_Driver/Src/stm32h5xx_hal_spi.c **** 
1032:Drivers/STM32H5xx_HAL_Driver/Src/stm32h5xx_hal_spi.c ****           /* Unlock the process */
1033:Drivers/STM32H5xx_HAL_Driver/Src/stm32h5xx_hal_spi.c ****           __HAL_UNLOCK(hspi);
1034:Drivers/STM32H5xx_HAL_Driver/Src/stm32h5xx_hal_spi.c **** 
1035:Drivers/STM32H5xx_HAL_Driver/Src/stm32h5xx_hal_spi.c ****           return HAL_TIMEOUT;
1036:Drivers/STM32H5xx_HAL_Driver/Src/stm32h5xx_hal_spi.c ****         }
1037:Drivers/STM32H5xx_HAL_Driver/Src/stm32h5xx_hal_spi.c ****       }
1038:Drivers/STM32H5xx_HAL_Driver/Src/stm32h5xx_hal_spi.c ****     }
1039:Drivers/STM32H5xx_HAL_Driver/Src/stm32h5xx_hal_spi.c ****   }
1040:Drivers/STM32H5xx_HAL_Driver/Src/stm32h5xx_hal_spi.c **** 
1041:Drivers/STM32H5xx_HAL_Driver/Src/stm32h5xx_hal_spi.c ****   /* Wait for Tx (and CRC) data to be sent */
1042:Drivers/STM32H5xx_HAL_Driver/Src/stm32h5xx_hal_spi.c ****   if (SPI_WaitOnFlagUntilTimeout(hspi, SPI_FLAG_EOT, RESET, Timeout, tickstart) != HAL_OK)
1043:Drivers/STM32H5xx_HAL_Driver/Src/stm32h5xx_hal_spi.c ****   {
1044:Drivers/STM32H5xx_HAL_Driver/Src/stm32h5xx_hal_spi.c ****     SET_BIT(hspi->ErrorCode, HAL_SPI_ERROR_FLAG);
1045:Drivers/STM32H5xx_HAL_Driver/Src/stm32h5xx_hal_spi.c ****   }
1046:Drivers/STM32H5xx_HAL_Driver/Src/stm32h5xx_hal_spi.c **** 
1047:Drivers/STM32H5xx_HAL_Driver/Src/stm32h5xx_hal_spi.c ****   /* Call standard close procedure with error check */
1048:Drivers/STM32H5xx_HAL_Driver/Src/stm32h5xx_hal_spi.c ****   SPI_CloseTransfer(hspi);
1049:Drivers/STM32H5xx_HAL_Driver/Src/stm32h5xx_hal_spi.c **** 
1050:Drivers/STM32H5xx_HAL_Driver/Src/stm32h5xx_hal_spi.c ****   hspi->State = HAL_SPI_STATE_READY;
1051:Drivers/STM32H5xx_HAL_Driver/Src/stm32h5xx_hal_spi.c **** 
1052:Drivers/STM32H5xx_HAL_Driver/Src/stm32h5xx_hal_spi.c ****   /* Unlock the process */
1053:Drivers/STM32H5xx_HAL_Driver/Src/stm32h5xx_hal_spi.c ****   __HAL_UNLOCK(hspi);
1054:Drivers/STM32H5xx_HAL_Driver/Src/stm32h5xx_hal_spi.c **** 
1055:Drivers/STM32H5xx_HAL_Driver/Src/stm32h5xx_hal_spi.c ****   if (hspi->ErrorCode != HAL_SPI_ERROR_NONE)
ARM GAS  /tmp/cc3pUyOJ.s 			page 20


1056:Drivers/STM32H5xx_HAL_Driver/Src/stm32h5xx_hal_spi.c ****   {
1057:Drivers/STM32H5xx_HAL_Driver/Src/stm32h5xx_hal_spi.c ****     return HAL_ERROR;
1058:Drivers/STM32H5xx_HAL_Driver/Src/stm32h5xx_hal_spi.c ****   }
1059:Drivers/STM32H5xx_HAL_Driver/Src/stm32h5xx_hal_spi.c ****   else
1060:Drivers/STM32H5xx_HAL_Driver/Src/stm32h5xx_hal_spi.c ****   {
1061:Drivers/STM32H5xx_HAL_Driver/Src/stm32h5xx_hal_spi.c ****     return HAL_OK;
1062:Drivers/STM32H5xx_HAL_Driver/Src/stm32h5xx_hal_spi.c ****   }
1063:Drivers/STM32H5xx_HAL_Driver/Src/stm32h5xx_hal_spi.c **** }
1064:Drivers/STM32H5xx_HAL_Driver/Src/stm32h5xx_hal_spi.c **** 
1065:Drivers/STM32H5xx_HAL_Driver/Src/stm32h5xx_hal_spi.c **** /**
1066:Drivers/STM32H5xx_HAL_Driver/Src/stm32h5xx_hal_spi.c ****   * @brief  Receive an amount of data in blocking mode.
1067:Drivers/STM32H5xx_HAL_Driver/Src/stm32h5xx_hal_spi.c ****   * @param  hspi   : pointer to a SPI_HandleTypeDef structure that contains
1068:Drivers/STM32H5xx_HAL_Driver/Src/stm32h5xx_hal_spi.c ****   *                  the configuration information for SPI module.
1069:Drivers/STM32H5xx_HAL_Driver/Src/stm32h5xx_hal_spi.c ****   * @param  pData  : pointer to data buffer
1070:Drivers/STM32H5xx_HAL_Driver/Src/stm32h5xx_hal_spi.c ****   * @param  Size   : amount of data to be received
1071:Drivers/STM32H5xx_HAL_Driver/Src/stm32h5xx_hal_spi.c ****   * @param  Timeout: Timeout duration
1072:Drivers/STM32H5xx_HAL_Driver/Src/stm32h5xx_hal_spi.c ****   * @retval HAL status
1073:Drivers/STM32H5xx_HAL_Driver/Src/stm32h5xx_hal_spi.c ****   */
1074:Drivers/STM32H5xx_HAL_Driver/Src/stm32h5xx_hal_spi.c **** HAL_StatusTypeDef HAL_SPI_Receive(SPI_HandleTypeDef *hspi, uint8_t *pData, uint16_t Size, uint32_t 
1075:Drivers/STM32H5xx_HAL_Driver/Src/stm32h5xx_hal_spi.c **** {
1076:Drivers/STM32H5xx_HAL_Driver/Src/stm32h5xx_hal_spi.c ****   uint32_t tickstart;
1077:Drivers/STM32H5xx_HAL_Driver/Src/stm32h5xx_hal_spi.c ****   uint32_t temp_sr_reg;
1078:Drivers/STM32H5xx_HAL_Driver/Src/stm32h5xx_hal_spi.c ****   uint16_t init_max_data_in_fifo;
1079:Drivers/STM32H5xx_HAL_Driver/Src/stm32h5xx_hal_spi.c ****   init_max_data_in_fifo = (((uint16_t)(hspi->Init.FifoThreshold >> 5U) + 1U));
1080:Drivers/STM32H5xx_HAL_Driver/Src/stm32h5xx_hal_spi.c **** #if defined (__GNUC__)
1081:Drivers/STM32H5xx_HAL_Driver/Src/stm32h5xx_hal_spi.c ****   __IO uint16_t *prxdr_16bits = (__IO uint16_t *)(&(hspi->Instance->RXDR));
1082:Drivers/STM32H5xx_HAL_Driver/Src/stm32h5xx_hal_spi.c **** #endif /* __GNUC__ */
1083:Drivers/STM32H5xx_HAL_Driver/Src/stm32h5xx_hal_spi.c **** 
1084:Drivers/STM32H5xx_HAL_Driver/Src/stm32h5xx_hal_spi.c ****   /* Check Direction parameter */
1085:Drivers/STM32H5xx_HAL_Driver/Src/stm32h5xx_hal_spi.c ****   assert_param(IS_SPI_DIRECTION_2LINES_OR_1LINE_2LINES_RXONLY(hspi->Init.Direction));
1086:Drivers/STM32H5xx_HAL_Driver/Src/stm32h5xx_hal_spi.c **** 
1087:Drivers/STM32H5xx_HAL_Driver/Src/stm32h5xx_hal_spi.c ****   /* Check transfer size parameter */
1088:Drivers/STM32H5xx_HAL_Driver/Src/stm32h5xx_hal_spi.c ****   if (IS_SPI_LIMITED_INSTANCE(hspi->Instance))
1089:Drivers/STM32H5xx_HAL_Driver/Src/stm32h5xx_hal_spi.c ****   {
1090:Drivers/STM32H5xx_HAL_Driver/Src/stm32h5xx_hal_spi.c ****     assert_param(IS_SPI_LIMITED_TRANSFER_SIZE(Size));
1091:Drivers/STM32H5xx_HAL_Driver/Src/stm32h5xx_hal_spi.c ****   }
1092:Drivers/STM32H5xx_HAL_Driver/Src/stm32h5xx_hal_spi.c ****   else
1093:Drivers/STM32H5xx_HAL_Driver/Src/stm32h5xx_hal_spi.c ****   {
1094:Drivers/STM32H5xx_HAL_Driver/Src/stm32h5xx_hal_spi.c ****     assert_param(IS_SPI_TRANSFER_SIZE(Size));
1095:Drivers/STM32H5xx_HAL_Driver/Src/stm32h5xx_hal_spi.c ****   }
1096:Drivers/STM32H5xx_HAL_Driver/Src/stm32h5xx_hal_spi.c **** 
1097:Drivers/STM32H5xx_HAL_Driver/Src/stm32h5xx_hal_spi.c ****   /* Init tickstart for timeout management*/
1098:Drivers/STM32H5xx_HAL_Driver/Src/stm32h5xx_hal_spi.c ****   tickstart = HAL_GetTick();
1099:Drivers/STM32H5xx_HAL_Driver/Src/stm32h5xx_hal_spi.c **** 
1100:Drivers/STM32H5xx_HAL_Driver/Src/stm32h5xx_hal_spi.c ****   if (hspi->State != HAL_SPI_STATE_READY)
1101:Drivers/STM32H5xx_HAL_Driver/Src/stm32h5xx_hal_spi.c ****   {
1102:Drivers/STM32H5xx_HAL_Driver/Src/stm32h5xx_hal_spi.c ****     return HAL_BUSY;
1103:Drivers/STM32H5xx_HAL_Driver/Src/stm32h5xx_hal_spi.c ****   }
1104:Drivers/STM32H5xx_HAL_Driver/Src/stm32h5xx_hal_spi.c **** 
1105:Drivers/STM32H5xx_HAL_Driver/Src/stm32h5xx_hal_spi.c ****   if ((pData == NULL) || (Size == 0UL))
1106:Drivers/STM32H5xx_HAL_Driver/Src/stm32h5xx_hal_spi.c ****   {
1107:Drivers/STM32H5xx_HAL_Driver/Src/stm32h5xx_hal_spi.c ****     return HAL_ERROR;
1108:Drivers/STM32H5xx_HAL_Driver/Src/stm32h5xx_hal_spi.c ****   }
1109:Drivers/STM32H5xx_HAL_Driver/Src/stm32h5xx_hal_spi.c **** 
1110:Drivers/STM32H5xx_HAL_Driver/Src/stm32h5xx_hal_spi.c ****   /* Lock the process */
1111:Drivers/STM32H5xx_HAL_Driver/Src/stm32h5xx_hal_spi.c ****   __HAL_LOCK(hspi);
1112:Drivers/STM32H5xx_HAL_Driver/Src/stm32h5xx_hal_spi.c **** 
ARM GAS  /tmp/cc3pUyOJ.s 			page 21


1113:Drivers/STM32H5xx_HAL_Driver/Src/stm32h5xx_hal_spi.c ****   /* Set the transaction information */
1114:Drivers/STM32H5xx_HAL_Driver/Src/stm32h5xx_hal_spi.c ****   hspi->State       = HAL_SPI_STATE_BUSY_RX;
1115:Drivers/STM32H5xx_HAL_Driver/Src/stm32h5xx_hal_spi.c ****   hspi->ErrorCode   = HAL_SPI_ERROR_NONE;
1116:Drivers/STM32H5xx_HAL_Driver/Src/stm32h5xx_hal_spi.c ****   hspi->pRxBuffPtr  = (uint8_t *)pData;
1117:Drivers/STM32H5xx_HAL_Driver/Src/stm32h5xx_hal_spi.c ****   hspi->RxXferSize  = Size;
1118:Drivers/STM32H5xx_HAL_Driver/Src/stm32h5xx_hal_spi.c ****   hspi->RxXferCount = Size;
1119:Drivers/STM32H5xx_HAL_Driver/Src/stm32h5xx_hal_spi.c **** 
1120:Drivers/STM32H5xx_HAL_Driver/Src/stm32h5xx_hal_spi.c ****   /*Init field not used in handle to zero */
1121:Drivers/STM32H5xx_HAL_Driver/Src/stm32h5xx_hal_spi.c ****   hspi->pTxBuffPtr  = NULL;
1122:Drivers/STM32H5xx_HAL_Driver/Src/stm32h5xx_hal_spi.c ****   hspi->TxXferSize  = (uint16_t) 0UL;
1123:Drivers/STM32H5xx_HAL_Driver/Src/stm32h5xx_hal_spi.c ****   hspi->TxXferCount = (uint16_t) 0UL;
1124:Drivers/STM32H5xx_HAL_Driver/Src/stm32h5xx_hal_spi.c ****   hspi->RxISR       = NULL;
1125:Drivers/STM32H5xx_HAL_Driver/Src/stm32h5xx_hal_spi.c ****   hspi->TxISR       = NULL;
1126:Drivers/STM32H5xx_HAL_Driver/Src/stm32h5xx_hal_spi.c **** 
1127:Drivers/STM32H5xx_HAL_Driver/Src/stm32h5xx_hal_spi.c ****   /* Configure communication direction: 1Line */
1128:Drivers/STM32H5xx_HAL_Driver/Src/stm32h5xx_hal_spi.c ****   if (hspi->Init.Direction == SPI_DIRECTION_1LINE)
1129:Drivers/STM32H5xx_HAL_Driver/Src/stm32h5xx_hal_spi.c ****   {
1130:Drivers/STM32H5xx_HAL_Driver/Src/stm32h5xx_hal_spi.c ****     SPI_1LINE_RX(hspi);
1131:Drivers/STM32H5xx_HAL_Driver/Src/stm32h5xx_hal_spi.c ****   }
1132:Drivers/STM32H5xx_HAL_Driver/Src/stm32h5xx_hal_spi.c ****   else
1133:Drivers/STM32H5xx_HAL_Driver/Src/stm32h5xx_hal_spi.c ****   {
1134:Drivers/STM32H5xx_HAL_Driver/Src/stm32h5xx_hal_spi.c ****     SPI_2LINES_RX(hspi);
1135:Drivers/STM32H5xx_HAL_Driver/Src/stm32h5xx_hal_spi.c ****   }
1136:Drivers/STM32H5xx_HAL_Driver/Src/stm32h5xx_hal_spi.c **** 
1137:Drivers/STM32H5xx_HAL_Driver/Src/stm32h5xx_hal_spi.c ****   /* Set the number of data at current transfer */
1138:Drivers/STM32H5xx_HAL_Driver/Src/stm32h5xx_hal_spi.c ****   MODIFY_REG(hspi->Instance->CR2, SPI_CR2_TSIZE, Size);
1139:Drivers/STM32H5xx_HAL_Driver/Src/stm32h5xx_hal_spi.c **** 
1140:Drivers/STM32H5xx_HAL_Driver/Src/stm32h5xx_hal_spi.c ****   /* Enable SPI peripheral */
1141:Drivers/STM32H5xx_HAL_Driver/Src/stm32h5xx_hal_spi.c ****   __HAL_SPI_ENABLE(hspi);
1142:Drivers/STM32H5xx_HAL_Driver/Src/stm32h5xx_hal_spi.c **** 
1143:Drivers/STM32H5xx_HAL_Driver/Src/stm32h5xx_hal_spi.c ****   if (hspi->Init.Mode == SPI_MODE_MASTER)
1144:Drivers/STM32H5xx_HAL_Driver/Src/stm32h5xx_hal_spi.c ****   {
1145:Drivers/STM32H5xx_HAL_Driver/Src/stm32h5xx_hal_spi.c ****     /* Master transfer start */
1146:Drivers/STM32H5xx_HAL_Driver/Src/stm32h5xx_hal_spi.c ****     SET_BIT(hspi->Instance->CR1, SPI_CR1_CSTART);
1147:Drivers/STM32H5xx_HAL_Driver/Src/stm32h5xx_hal_spi.c ****   }
1148:Drivers/STM32H5xx_HAL_Driver/Src/stm32h5xx_hal_spi.c **** 
1149:Drivers/STM32H5xx_HAL_Driver/Src/stm32h5xx_hal_spi.c ****   /* Receive data in 32 Bit mode */
1150:Drivers/STM32H5xx_HAL_Driver/Src/stm32h5xx_hal_spi.c ****   if ((hspi->Init.DataSize > SPI_DATASIZE_16BIT) && (IS_SPI_FULL_INSTANCE(hspi->Instance)))
1151:Drivers/STM32H5xx_HAL_Driver/Src/stm32h5xx_hal_spi.c ****   {
1152:Drivers/STM32H5xx_HAL_Driver/Src/stm32h5xx_hal_spi.c ****     /* Transfer loop */
1153:Drivers/STM32H5xx_HAL_Driver/Src/stm32h5xx_hal_spi.c ****     while (hspi->RxXferCount > 0UL)
1154:Drivers/STM32H5xx_HAL_Driver/Src/stm32h5xx_hal_spi.c ****     {
1155:Drivers/STM32H5xx_HAL_Driver/Src/stm32h5xx_hal_spi.c ****       /* Evaluate state of SR register */
1156:Drivers/STM32H5xx_HAL_Driver/Src/stm32h5xx_hal_spi.c ****       temp_sr_reg = hspi->Instance->SR;
1157:Drivers/STM32H5xx_HAL_Driver/Src/stm32h5xx_hal_spi.c **** 
1158:Drivers/STM32H5xx_HAL_Driver/Src/stm32h5xx_hal_spi.c ****       /* Check the RXP flag */
1159:Drivers/STM32H5xx_HAL_Driver/Src/stm32h5xx_hal_spi.c ****       if (__HAL_SPI_GET_FLAG(hspi, SPI_FLAG_RXP))
1160:Drivers/STM32H5xx_HAL_Driver/Src/stm32h5xx_hal_spi.c ****       {
1161:Drivers/STM32H5xx_HAL_Driver/Src/stm32h5xx_hal_spi.c ****         *((uint32_t *)hspi->pRxBuffPtr) = *((__IO uint32_t *)&hspi->Instance->RXDR);
1162:Drivers/STM32H5xx_HAL_Driver/Src/stm32h5xx_hal_spi.c ****         hspi->pRxBuffPtr += sizeof(uint32_t);
1163:Drivers/STM32H5xx_HAL_Driver/Src/stm32h5xx_hal_spi.c ****         hspi->RxXferCount--;
1164:Drivers/STM32H5xx_HAL_Driver/Src/stm32h5xx_hal_spi.c ****       }
1165:Drivers/STM32H5xx_HAL_Driver/Src/stm32h5xx_hal_spi.c ****       /* Check RXWNE flag if RXP cannot be reached */
1166:Drivers/STM32H5xx_HAL_Driver/Src/stm32h5xx_hal_spi.c ****       else if ((hspi->RxXferCount < init_max_data_in_fifo) && ((temp_sr_reg & SPI_SR_RXWNE_Msk) != 
1167:Drivers/STM32H5xx_HAL_Driver/Src/stm32h5xx_hal_spi.c ****       {
1168:Drivers/STM32H5xx_HAL_Driver/Src/stm32h5xx_hal_spi.c ****         *((uint32_t *)hspi->pRxBuffPtr) = *((__IO uint32_t *)&hspi->Instance->RXDR);
1169:Drivers/STM32H5xx_HAL_Driver/Src/stm32h5xx_hal_spi.c ****         hspi->pRxBuffPtr += sizeof(uint32_t);
ARM GAS  /tmp/cc3pUyOJ.s 			page 22


1170:Drivers/STM32H5xx_HAL_Driver/Src/stm32h5xx_hal_spi.c ****         hspi->RxXferCount--;
1171:Drivers/STM32H5xx_HAL_Driver/Src/stm32h5xx_hal_spi.c ****       }
1172:Drivers/STM32H5xx_HAL_Driver/Src/stm32h5xx_hal_spi.c ****       else
1173:Drivers/STM32H5xx_HAL_Driver/Src/stm32h5xx_hal_spi.c ****       {
1174:Drivers/STM32H5xx_HAL_Driver/Src/stm32h5xx_hal_spi.c ****         /* Timeout management */
1175:Drivers/STM32H5xx_HAL_Driver/Src/stm32h5xx_hal_spi.c ****         if ((((HAL_GetTick() - tickstart) >=  Timeout) && (Timeout != HAL_MAX_DELAY)) || (Timeout =
1176:Drivers/STM32H5xx_HAL_Driver/Src/stm32h5xx_hal_spi.c ****         {
1177:Drivers/STM32H5xx_HAL_Driver/Src/stm32h5xx_hal_spi.c ****           /* Call standard close procedure with error check */
1178:Drivers/STM32H5xx_HAL_Driver/Src/stm32h5xx_hal_spi.c ****           SPI_CloseTransfer(hspi);
1179:Drivers/STM32H5xx_HAL_Driver/Src/stm32h5xx_hal_spi.c **** 
1180:Drivers/STM32H5xx_HAL_Driver/Src/stm32h5xx_hal_spi.c ****           SET_BIT(hspi->ErrorCode, HAL_SPI_ERROR_TIMEOUT);
1181:Drivers/STM32H5xx_HAL_Driver/Src/stm32h5xx_hal_spi.c ****           hspi->State = HAL_SPI_STATE_READY;
1182:Drivers/STM32H5xx_HAL_Driver/Src/stm32h5xx_hal_spi.c **** 
1183:Drivers/STM32H5xx_HAL_Driver/Src/stm32h5xx_hal_spi.c ****           /* Unlock the process */
1184:Drivers/STM32H5xx_HAL_Driver/Src/stm32h5xx_hal_spi.c ****           __HAL_UNLOCK(hspi);
1185:Drivers/STM32H5xx_HAL_Driver/Src/stm32h5xx_hal_spi.c **** 
1186:Drivers/STM32H5xx_HAL_Driver/Src/stm32h5xx_hal_spi.c ****           return HAL_TIMEOUT;
1187:Drivers/STM32H5xx_HAL_Driver/Src/stm32h5xx_hal_spi.c ****         }
1188:Drivers/STM32H5xx_HAL_Driver/Src/stm32h5xx_hal_spi.c ****       }
1189:Drivers/STM32H5xx_HAL_Driver/Src/stm32h5xx_hal_spi.c ****     }
1190:Drivers/STM32H5xx_HAL_Driver/Src/stm32h5xx_hal_spi.c ****   }
1191:Drivers/STM32H5xx_HAL_Driver/Src/stm32h5xx_hal_spi.c ****   /* Receive data in 16 Bit mode */
1192:Drivers/STM32H5xx_HAL_Driver/Src/stm32h5xx_hal_spi.c ****   else if (hspi->Init.DataSize > SPI_DATASIZE_8BIT)
1193:Drivers/STM32H5xx_HAL_Driver/Src/stm32h5xx_hal_spi.c ****   {
1194:Drivers/STM32H5xx_HAL_Driver/Src/stm32h5xx_hal_spi.c ****     /* Transfer loop */
1195:Drivers/STM32H5xx_HAL_Driver/Src/stm32h5xx_hal_spi.c ****     while (hspi->RxXferCount > 0UL)
1196:Drivers/STM32H5xx_HAL_Driver/Src/stm32h5xx_hal_spi.c ****     {
1197:Drivers/STM32H5xx_HAL_Driver/Src/stm32h5xx_hal_spi.c ****       /* Evaluate state of SR register */
1198:Drivers/STM32H5xx_HAL_Driver/Src/stm32h5xx_hal_spi.c ****       temp_sr_reg = hspi->Instance->SR;
1199:Drivers/STM32H5xx_HAL_Driver/Src/stm32h5xx_hal_spi.c **** 
1200:Drivers/STM32H5xx_HAL_Driver/Src/stm32h5xx_hal_spi.c ****       /* Check the RXP flag */
1201:Drivers/STM32H5xx_HAL_Driver/Src/stm32h5xx_hal_spi.c ****       if (__HAL_SPI_GET_FLAG(hspi, SPI_FLAG_RXP))
1202:Drivers/STM32H5xx_HAL_Driver/Src/stm32h5xx_hal_spi.c ****       {
1203:Drivers/STM32H5xx_HAL_Driver/Src/stm32h5xx_hal_spi.c **** #if defined (__GNUC__)
1204:Drivers/STM32H5xx_HAL_Driver/Src/stm32h5xx_hal_spi.c ****         *((uint16_t *)hspi->pRxBuffPtr) = *prxdr_16bits;
1205:Drivers/STM32H5xx_HAL_Driver/Src/stm32h5xx_hal_spi.c **** #else
1206:Drivers/STM32H5xx_HAL_Driver/Src/stm32h5xx_hal_spi.c ****         *((uint16_t *)hspi->pRxBuffPtr) = *((__IO uint16_t *)&hspi->Instance->RXDR);
1207:Drivers/STM32H5xx_HAL_Driver/Src/stm32h5xx_hal_spi.c **** #endif /* __GNUC__ */
1208:Drivers/STM32H5xx_HAL_Driver/Src/stm32h5xx_hal_spi.c ****         hspi->pRxBuffPtr += sizeof(uint16_t);
1209:Drivers/STM32H5xx_HAL_Driver/Src/stm32h5xx_hal_spi.c ****         hspi->RxXferCount--;
1210:Drivers/STM32H5xx_HAL_Driver/Src/stm32h5xx_hal_spi.c ****       }
1211:Drivers/STM32H5xx_HAL_Driver/Src/stm32h5xx_hal_spi.c ****       /* Check RXWNE flag if RXP cannot be reached */
1212:Drivers/STM32H5xx_HAL_Driver/Src/stm32h5xx_hal_spi.c ****       else if ((hspi->RxXferCount < init_max_data_in_fifo) && ((temp_sr_reg & SPI_SR_RXWNE_Msk) != 
1213:Drivers/STM32H5xx_HAL_Driver/Src/stm32h5xx_hal_spi.c ****       {
1214:Drivers/STM32H5xx_HAL_Driver/Src/stm32h5xx_hal_spi.c **** #if defined (__GNUC__)
1215:Drivers/STM32H5xx_HAL_Driver/Src/stm32h5xx_hal_spi.c ****         *((uint16_t *)hspi->pRxBuffPtr) = *prxdr_16bits;
1216:Drivers/STM32H5xx_HAL_Driver/Src/stm32h5xx_hal_spi.c **** #else
1217:Drivers/STM32H5xx_HAL_Driver/Src/stm32h5xx_hal_spi.c ****         *((uint16_t *)hspi->pRxBuffPtr) = *((__IO uint16_t *)&hspi->Instance->RXDR);
1218:Drivers/STM32H5xx_HAL_Driver/Src/stm32h5xx_hal_spi.c **** #endif /* __GNUC__ */
1219:Drivers/STM32H5xx_HAL_Driver/Src/stm32h5xx_hal_spi.c ****         hspi->pRxBuffPtr += sizeof(uint16_t);
1220:Drivers/STM32H5xx_HAL_Driver/Src/stm32h5xx_hal_spi.c **** #if defined (__GNUC__)
1221:Drivers/STM32H5xx_HAL_Driver/Src/stm32h5xx_hal_spi.c ****         *((uint16_t *)hspi->pRxBuffPtr) = *prxdr_16bits;
1222:Drivers/STM32H5xx_HAL_Driver/Src/stm32h5xx_hal_spi.c **** #else
1223:Drivers/STM32H5xx_HAL_Driver/Src/stm32h5xx_hal_spi.c ****         *((uint16_t *)hspi->pRxBuffPtr) = *((__IO uint16_t *)&hspi->Instance->RXDR);
1224:Drivers/STM32H5xx_HAL_Driver/Src/stm32h5xx_hal_spi.c **** #endif /* __GNUC__ */
1225:Drivers/STM32H5xx_HAL_Driver/Src/stm32h5xx_hal_spi.c ****         hspi->pRxBuffPtr += sizeof(uint16_t);
1226:Drivers/STM32H5xx_HAL_Driver/Src/stm32h5xx_hal_spi.c ****         hspi->RxXferCount -= (uint16_t)2UL;
ARM GAS  /tmp/cc3pUyOJ.s 			page 23


1227:Drivers/STM32H5xx_HAL_Driver/Src/stm32h5xx_hal_spi.c ****       }
1228:Drivers/STM32H5xx_HAL_Driver/Src/stm32h5xx_hal_spi.c ****       /* Check RXPLVL flags when RXWNE cannot be reached */
1229:Drivers/STM32H5xx_HAL_Driver/Src/stm32h5xx_hal_spi.c ****       else if ((hspi->RxXferCount == 1UL) && ((temp_sr_reg & SPI_SR_RXPLVL_0) != 0UL))
1230:Drivers/STM32H5xx_HAL_Driver/Src/stm32h5xx_hal_spi.c ****       {
1231:Drivers/STM32H5xx_HAL_Driver/Src/stm32h5xx_hal_spi.c **** #if defined (__GNUC__)
1232:Drivers/STM32H5xx_HAL_Driver/Src/stm32h5xx_hal_spi.c ****         *((uint16_t *)hspi->pRxBuffPtr) = *prxdr_16bits;
1233:Drivers/STM32H5xx_HAL_Driver/Src/stm32h5xx_hal_spi.c **** #else
1234:Drivers/STM32H5xx_HAL_Driver/Src/stm32h5xx_hal_spi.c ****         *((uint16_t *)hspi->pRxBuffPtr) = *((__IO uint16_t *)&hspi->Instance->RXDR);
1235:Drivers/STM32H5xx_HAL_Driver/Src/stm32h5xx_hal_spi.c **** #endif /* __GNUC__ */
1236:Drivers/STM32H5xx_HAL_Driver/Src/stm32h5xx_hal_spi.c ****         hspi->pRxBuffPtr += sizeof(uint16_t);
1237:Drivers/STM32H5xx_HAL_Driver/Src/stm32h5xx_hal_spi.c ****         hspi->RxXferCount--;
1238:Drivers/STM32H5xx_HAL_Driver/Src/stm32h5xx_hal_spi.c ****       }
1239:Drivers/STM32H5xx_HAL_Driver/Src/stm32h5xx_hal_spi.c ****       else
1240:Drivers/STM32H5xx_HAL_Driver/Src/stm32h5xx_hal_spi.c ****       {
1241:Drivers/STM32H5xx_HAL_Driver/Src/stm32h5xx_hal_spi.c ****         /* Timeout management */
1242:Drivers/STM32H5xx_HAL_Driver/Src/stm32h5xx_hal_spi.c ****         if ((((HAL_GetTick() - tickstart) >=  Timeout) && (Timeout != HAL_MAX_DELAY)) || (Timeout =
1243:Drivers/STM32H5xx_HAL_Driver/Src/stm32h5xx_hal_spi.c ****         {
1244:Drivers/STM32H5xx_HAL_Driver/Src/stm32h5xx_hal_spi.c ****           /* Call standard close procedure with error check */
1245:Drivers/STM32H5xx_HAL_Driver/Src/stm32h5xx_hal_spi.c ****           SPI_CloseTransfer(hspi);
1246:Drivers/STM32H5xx_HAL_Driver/Src/stm32h5xx_hal_spi.c **** 
1247:Drivers/STM32H5xx_HAL_Driver/Src/stm32h5xx_hal_spi.c ****           SET_BIT(hspi->ErrorCode, HAL_SPI_ERROR_TIMEOUT);
1248:Drivers/STM32H5xx_HAL_Driver/Src/stm32h5xx_hal_spi.c ****           hspi->State = HAL_SPI_STATE_READY;
1249:Drivers/STM32H5xx_HAL_Driver/Src/stm32h5xx_hal_spi.c **** 
1250:Drivers/STM32H5xx_HAL_Driver/Src/stm32h5xx_hal_spi.c ****           /* Unlock the process */
1251:Drivers/STM32H5xx_HAL_Driver/Src/stm32h5xx_hal_spi.c ****           __HAL_UNLOCK(hspi);
1252:Drivers/STM32H5xx_HAL_Driver/Src/stm32h5xx_hal_spi.c **** 
1253:Drivers/STM32H5xx_HAL_Driver/Src/stm32h5xx_hal_spi.c ****           return HAL_TIMEOUT;
1254:Drivers/STM32H5xx_HAL_Driver/Src/stm32h5xx_hal_spi.c ****         }
1255:Drivers/STM32H5xx_HAL_Driver/Src/stm32h5xx_hal_spi.c ****       }
1256:Drivers/STM32H5xx_HAL_Driver/Src/stm32h5xx_hal_spi.c ****     }
1257:Drivers/STM32H5xx_HAL_Driver/Src/stm32h5xx_hal_spi.c ****   }
1258:Drivers/STM32H5xx_HAL_Driver/Src/stm32h5xx_hal_spi.c ****   /* Receive data in 8 Bit mode */
1259:Drivers/STM32H5xx_HAL_Driver/Src/stm32h5xx_hal_spi.c ****   else
1260:Drivers/STM32H5xx_HAL_Driver/Src/stm32h5xx_hal_spi.c ****   {
1261:Drivers/STM32H5xx_HAL_Driver/Src/stm32h5xx_hal_spi.c ****     /* Transfer loop */
1262:Drivers/STM32H5xx_HAL_Driver/Src/stm32h5xx_hal_spi.c ****     while (hspi->RxXferCount > 0UL)
1263:Drivers/STM32H5xx_HAL_Driver/Src/stm32h5xx_hal_spi.c ****     {
1264:Drivers/STM32H5xx_HAL_Driver/Src/stm32h5xx_hal_spi.c ****       /* Evaluate state of SR register */
1265:Drivers/STM32H5xx_HAL_Driver/Src/stm32h5xx_hal_spi.c ****       temp_sr_reg = hspi->Instance->SR;
1266:Drivers/STM32H5xx_HAL_Driver/Src/stm32h5xx_hal_spi.c **** 
1267:Drivers/STM32H5xx_HAL_Driver/Src/stm32h5xx_hal_spi.c ****       /* Check the RXP flag */
1268:Drivers/STM32H5xx_HAL_Driver/Src/stm32h5xx_hal_spi.c ****       if (__HAL_SPI_GET_FLAG(hspi, SPI_FLAG_RXP))
1269:Drivers/STM32H5xx_HAL_Driver/Src/stm32h5xx_hal_spi.c ****       {
1270:Drivers/STM32H5xx_HAL_Driver/Src/stm32h5xx_hal_spi.c ****         *((uint8_t *)hspi->pRxBuffPtr) = *((__IO uint8_t *)&hspi->Instance->RXDR);
1271:Drivers/STM32H5xx_HAL_Driver/Src/stm32h5xx_hal_spi.c ****         hspi->pRxBuffPtr += sizeof(uint8_t);
1272:Drivers/STM32H5xx_HAL_Driver/Src/stm32h5xx_hal_spi.c ****         hspi->RxXferCount--;
1273:Drivers/STM32H5xx_HAL_Driver/Src/stm32h5xx_hal_spi.c ****       }
1274:Drivers/STM32H5xx_HAL_Driver/Src/stm32h5xx_hal_spi.c ****       /* Check RXWNE flag if RXP cannot be reached */
1275:Drivers/STM32H5xx_HAL_Driver/Src/stm32h5xx_hal_spi.c ****       else if ((hspi->RxXferCount < init_max_data_in_fifo) && ((temp_sr_reg & SPI_SR_RXWNE_Msk) != 
1276:Drivers/STM32H5xx_HAL_Driver/Src/stm32h5xx_hal_spi.c ****       {
1277:Drivers/STM32H5xx_HAL_Driver/Src/stm32h5xx_hal_spi.c ****         *((uint8_t *)hspi->pRxBuffPtr) = *((__IO uint8_t *)&hspi->Instance->RXDR);
1278:Drivers/STM32H5xx_HAL_Driver/Src/stm32h5xx_hal_spi.c ****         hspi->pRxBuffPtr += sizeof(uint8_t);
1279:Drivers/STM32H5xx_HAL_Driver/Src/stm32h5xx_hal_spi.c ****         *((uint8_t *)hspi->pRxBuffPtr) = *((__IO uint8_t *)&hspi->Instance->RXDR);
1280:Drivers/STM32H5xx_HAL_Driver/Src/stm32h5xx_hal_spi.c ****         hspi->pRxBuffPtr += sizeof(uint8_t);
1281:Drivers/STM32H5xx_HAL_Driver/Src/stm32h5xx_hal_spi.c ****         *((uint8_t *)hspi->pRxBuffPtr) = *((__IO uint8_t *)&hspi->Instance->RXDR);
1282:Drivers/STM32H5xx_HAL_Driver/Src/stm32h5xx_hal_spi.c ****         hspi->pRxBuffPtr += sizeof(uint8_t);
1283:Drivers/STM32H5xx_HAL_Driver/Src/stm32h5xx_hal_spi.c ****         *((uint8_t *)hspi->pRxBuffPtr) = *((__IO uint8_t *)&hspi->Instance->RXDR);
ARM GAS  /tmp/cc3pUyOJ.s 			page 24


1284:Drivers/STM32H5xx_HAL_Driver/Src/stm32h5xx_hal_spi.c ****         hspi->pRxBuffPtr += sizeof(uint8_t);
1285:Drivers/STM32H5xx_HAL_Driver/Src/stm32h5xx_hal_spi.c ****         hspi->RxXferCount -= (uint16_t)4UL;
1286:Drivers/STM32H5xx_HAL_Driver/Src/stm32h5xx_hal_spi.c ****       }
1287:Drivers/STM32H5xx_HAL_Driver/Src/stm32h5xx_hal_spi.c ****       /* Check RXPLVL flags when RXWNE cannot be reached */
1288:Drivers/STM32H5xx_HAL_Driver/Src/stm32h5xx_hal_spi.c ****       else if ((hspi->RxXferCount < 4UL) && ((temp_sr_reg & SPI_SR_RXPLVL_Msk) != 0UL))
1289:Drivers/STM32H5xx_HAL_Driver/Src/stm32h5xx_hal_spi.c ****       {
1290:Drivers/STM32H5xx_HAL_Driver/Src/stm32h5xx_hal_spi.c ****         *((uint8_t *)hspi->pRxBuffPtr) = *((__IO uint8_t *)&hspi->Instance->RXDR);
1291:Drivers/STM32H5xx_HAL_Driver/Src/stm32h5xx_hal_spi.c ****         hspi->pRxBuffPtr += sizeof(uint8_t);
1292:Drivers/STM32H5xx_HAL_Driver/Src/stm32h5xx_hal_spi.c ****         hspi->RxXferCount--;
1293:Drivers/STM32H5xx_HAL_Driver/Src/stm32h5xx_hal_spi.c ****       }
1294:Drivers/STM32H5xx_HAL_Driver/Src/stm32h5xx_hal_spi.c ****       else
1295:Drivers/STM32H5xx_HAL_Driver/Src/stm32h5xx_hal_spi.c ****       {
1296:Drivers/STM32H5xx_HAL_Driver/Src/stm32h5xx_hal_spi.c ****         /* Timeout management */
1297:Drivers/STM32H5xx_HAL_Driver/Src/stm32h5xx_hal_spi.c ****         if ((((HAL_GetTick() - tickstart) >=  Timeout) && (Timeout != HAL_MAX_DELAY)) || (Timeout =
1298:Drivers/STM32H5xx_HAL_Driver/Src/stm32h5xx_hal_spi.c ****         {
1299:Drivers/STM32H5xx_HAL_Driver/Src/stm32h5xx_hal_spi.c ****           /* Call standard close procedure with error check */
1300:Drivers/STM32H5xx_HAL_Driver/Src/stm32h5xx_hal_spi.c ****           SPI_CloseTransfer(hspi);
1301:Drivers/STM32H5xx_HAL_Driver/Src/stm32h5xx_hal_spi.c **** 
1302:Drivers/STM32H5xx_HAL_Driver/Src/stm32h5xx_hal_spi.c ****           SET_BIT(hspi->ErrorCode, HAL_SPI_ERROR_TIMEOUT);
1303:Drivers/STM32H5xx_HAL_Driver/Src/stm32h5xx_hal_spi.c ****           hspi->State = HAL_SPI_STATE_READY;
1304:Drivers/STM32H5xx_HAL_Driver/Src/stm32h5xx_hal_spi.c **** 
1305:Drivers/STM32H5xx_HAL_Driver/Src/stm32h5xx_hal_spi.c ****           /* Unlock the process */
1306:Drivers/STM32H5xx_HAL_Driver/Src/stm32h5xx_hal_spi.c ****           __HAL_UNLOCK(hspi);
1307:Drivers/STM32H5xx_HAL_Driver/Src/stm32h5xx_hal_spi.c **** 
1308:Drivers/STM32H5xx_HAL_Driver/Src/stm32h5xx_hal_spi.c ****           return HAL_TIMEOUT;
1309:Drivers/STM32H5xx_HAL_Driver/Src/stm32h5xx_hal_spi.c ****         }
1310:Drivers/STM32H5xx_HAL_Driver/Src/stm32h5xx_hal_spi.c ****       }
1311:Drivers/STM32H5xx_HAL_Driver/Src/stm32h5xx_hal_spi.c ****     }
1312:Drivers/STM32H5xx_HAL_Driver/Src/stm32h5xx_hal_spi.c ****   }
1313:Drivers/STM32H5xx_HAL_Driver/Src/stm32h5xx_hal_spi.c **** 
1314:Drivers/STM32H5xx_HAL_Driver/Src/stm32h5xx_hal_spi.c **** #if (USE_SPI_CRC != 0UL)
1315:Drivers/STM32H5xx_HAL_Driver/Src/stm32h5xx_hal_spi.c ****   if (hspi->Init.CRCCalculation == SPI_CRCCALCULATION_ENABLE)
1316:Drivers/STM32H5xx_HAL_Driver/Src/stm32h5xx_hal_spi.c ****   {
1317:Drivers/STM32H5xx_HAL_Driver/Src/stm32h5xx_hal_spi.c ****     /* Wait for crc data to be received */
1318:Drivers/STM32H5xx_HAL_Driver/Src/stm32h5xx_hal_spi.c ****     if (SPI_WaitOnFlagUntilTimeout(hspi, SPI_FLAG_EOT, RESET, Timeout, tickstart) != HAL_OK)
1319:Drivers/STM32H5xx_HAL_Driver/Src/stm32h5xx_hal_spi.c ****     {
1320:Drivers/STM32H5xx_HAL_Driver/Src/stm32h5xx_hal_spi.c ****       SET_BIT(hspi->ErrorCode, HAL_SPI_ERROR_FLAG);
1321:Drivers/STM32H5xx_HAL_Driver/Src/stm32h5xx_hal_spi.c ****     }
1322:Drivers/STM32H5xx_HAL_Driver/Src/stm32h5xx_hal_spi.c ****   }
1323:Drivers/STM32H5xx_HAL_Driver/Src/stm32h5xx_hal_spi.c **** #endif /* USE_SPI_CRC */
1324:Drivers/STM32H5xx_HAL_Driver/Src/stm32h5xx_hal_spi.c **** 
1325:Drivers/STM32H5xx_HAL_Driver/Src/stm32h5xx_hal_spi.c ****   /* Call standard close procedure with error check */
1326:Drivers/STM32H5xx_HAL_Driver/Src/stm32h5xx_hal_spi.c ****   SPI_CloseTransfer(hspi);
1327:Drivers/STM32H5xx_HAL_Driver/Src/stm32h5xx_hal_spi.c **** 
1328:Drivers/STM32H5xx_HAL_Driver/Src/stm32h5xx_hal_spi.c ****   hspi->State = HAL_SPI_STATE_READY;
1329:Drivers/STM32H5xx_HAL_Driver/Src/stm32h5xx_hal_spi.c **** 
1330:Drivers/STM32H5xx_HAL_Driver/Src/stm32h5xx_hal_spi.c ****   /* Unlock the process */
1331:Drivers/STM32H5xx_HAL_Driver/Src/stm32h5xx_hal_spi.c ****   __HAL_UNLOCK(hspi);
1332:Drivers/STM32H5xx_HAL_Driver/Src/stm32h5xx_hal_spi.c **** 
1333:Drivers/STM32H5xx_HAL_Driver/Src/stm32h5xx_hal_spi.c **** 
1334:Drivers/STM32H5xx_HAL_Driver/Src/stm32h5xx_hal_spi.c ****   if (hspi->ErrorCode != HAL_SPI_ERROR_NONE)
1335:Drivers/STM32H5xx_HAL_Driver/Src/stm32h5xx_hal_spi.c ****   {
1336:Drivers/STM32H5xx_HAL_Driver/Src/stm32h5xx_hal_spi.c ****     return HAL_ERROR;
1337:Drivers/STM32H5xx_HAL_Driver/Src/stm32h5xx_hal_spi.c ****   }
1338:Drivers/STM32H5xx_HAL_Driver/Src/stm32h5xx_hal_spi.c ****   else
1339:Drivers/STM32H5xx_HAL_Driver/Src/stm32h5xx_hal_spi.c ****   {
1340:Drivers/STM32H5xx_HAL_Driver/Src/stm32h5xx_hal_spi.c ****     return HAL_OK;
ARM GAS  /tmp/cc3pUyOJ.s 			page 25


1341:Drivers/STM32H5xx_HAL_Driver/Src/stm32h5xx_hal_spi.c ****   }
1342:Drivers/STM32H5xx_HAL_Driver/Src/stm32h5xx_hal_spi.c **** }
1343:Drivers/STM32H5xx_HAL_Driver/Src/stm32h5xx_hal_spi.c **** 
1344:Drivers/STM32H5xx_HAL_Driver/Src/stm32h5xx_hal_spi.c **** /**
1345:Drivers/STM32H5xx_HAL_Driver/Src/stm32h5xx_hal_spi.c ****   * @brief  Transmit and Receive an amount of data in blocking mode.
1346:Drivers/STM32H5xx_HAL_Driver/Src/stm32h5xx_hal_spi.c ****   * @param  hspi   : pointer to a SPI_HandleTypeDef structure that contains
1347:Drivers/STM32H5xx_HAL_Driver/Src/stm32h5xx_hal_spi.c ****   *                  the configuration information for SPI module.
1348:Drivers/STM32H5xx_HAL_Driver/Src/stm32h5xx_hal_spi.c ****   * @param  pTxData: pointer to transmission data buffer
1349:Drivers/STM32H5xx_HAL_Driver/Src/stm32h5xx_hal_spi.c ****   * @param  pRxData: pointer to reception data buffer
1350:Drivers/STM32H5xx_HAL_Driver/Src/stm32h5xx_hal_spi.c ****   * @param  Size   : amount of data to be sent and received
1351:Drivers/STM32H5xx_HAL_Driver/Src/stm32h5xx_hal_spi.c ****   * @param  Timeout: Timeout duration
1352:Drivers/STM32H5xx_HAL_Driver/Src/stm32h5xx_hal_spi.c ****   * @retval HAL status
1353:Drivers/STM32H5xx_HAL_Driver/Src/stm32h5xx_hal_spi.c ****   */
1354:Drivers/STM32H5xx_HAL_Driver/Src/stm32h5xx_hal_spi.c **** HAL_StatusTypeDef HAL_SPI_TransmitReceive(SPI_HandleTypeDef *hspi, const uint8_t *pTxData, uint8_t 
1355:Drivers/STM32H5xx_HAL_Driver/Src/stm32h5xx_hal_spi.c ****                                           uint16_t Size, uint32_t Timeout)
1356:Drivers/STM32H5xx_HAL_Driver/Src/stm32h5xx_hal_spi.c **** {
1357:Drivers/STM32H5xx_HAL_Driver/Src/stm32h5xx_hal_spi.c **** #if defined (__GNUC__)
1358:Drivers/STM32H5xx_HAL_Driver/Src/stm32h5xx_hal_spi.c ****   __IO uint16_t *ptxdr_16bits = (__IO uint16_t *)(&(hspi->Instance->TXDR));
1359:Drivers/STM32H5xx_HAL_Driver/Src/stm32h5xx_hal_spi.c ****   __IO uint16_t *prxdr_16bits = (__IO uint16_t *)(&(hspi->Instance->RXDR));
1360:Drivers/STM32H5xx_HAL_Driver/Src/stm32h5xx_hal_spi.c **** #endif /* __GNUC__ */
1361:Drivers/STM32H5xx_HAL_Driver/Src/stm32h5xx_hal_spi.c **** 
1362:Drivers/STM32H5xx_HAL_Driver/Src/stm32h5xx_hal_spi.c ****   uint32_t   tickstart;
1363:Drivers/STM32H5xx_HAL_Driver/Src/stm32h5xx_hal_spi.c ****   uint32_t   fifo_length;
1364:Drivers/STM32H5xx_HAL_Driver/Src/stm32h5xx_hal_spi.c ****   uint32_t   temp_sr_reg;
1365:Drivers/STM32H5xx_HAL_Driver/Src/stm32h5xx_hal_spi.c ****   uint16_t   initial_TxXferCount;
1366:Drivers/STM32H5xx_HAL_Driver/Src/stm32h5xx_hal_spi.c ****   uint16_t   initial_RxXferCount;
1367:Drivers/STM32H5xx_HAL_Driver/Src/stm32h5xx_hal_spi.c ****   uint16_t   init_max_data_in_fifo;
1368:Drivers/STM32H5xx_HAL_Driver/Src/stm32h5xx_hal_spi.c ****   init_max_data_in_fifo = (((uint16_t)(hspi->Init.FifoThreshold >> 5U) + 1U));
1369:Drivers/STM32H5xx_HAL_Driver/Src/stm32h5xx_hal_spi.c **** 
1370:Drivers/STM32H5xx_HAL_Driver/Src/stm32h5xx_hal_spi.c ****   /* Check Direction parameter */
1371:Drivers/STM32H5xx_HAL_Driver/Src/stm32h5xx_hal_spi.c ****   assert_param(IS_SPI_DIRECTION_2LINES(hspi->Init.Direction));
1372:Drivers/STM32H5xx_HAL_Driver/Src/stm32h5xx_hal_spi.c **** 
1373:Drivers/STM32H5xx_HAL_Driver/Src/stm32h5xx_hal_spi.c ****   /* Check transfer size parameter */
1374:Drivers/STM32H5xx_HAL_Driver/Src/stm32h5xx_hal_spi.c ****   if (IS_SPI_LIMITED_INSTANCE(hspi->Instance))
1375:Drivers/STM32H5xx_HAL_Driver/Src/stm32h5xx_hal_spi.c ****   {
1376:Drivers/STM32H5xx_HAL_Driver/Src/stm32h5xx_hal_spi.c ****     assert_param(IS_SPI_LIMITED_TRANSFER_SIZE(Size));
1377:Drivers/STM32H5xx_HAL_Driver/Src/stm32h5xx_hal_spi.c ****   }
1378:Drivers/STM32H5xx_HAL_Driver/Src/stm32h5xx_hal_spi.c ****   else
1379:Drivers/STM32H5xx_HAL_Driver/Src/stm32h5xx_hal_spi.c ****   {
1380:Drivers/STM32H5xx_HAL_Driver/Src/stm32h5xx_hal_spi.c ****     assert_param(IS_SPI_TRANSFER_SIZE(Size));
1381:Drivers/STM32H5xx_HAL_Driver/Src/stm32h5xx_hal_spi.c ****   }
1382:Drivers/STM32H5xx_HAL_Driver/Src/stm32h5xx_hal_spi.c **** 
1383:Drivers/STM32H5xx_HAL_Driver/Src/stm32h5xx_hal_spi.c ****   /* Init tickstart for timeout management*/
1384:Drivers/STM32H5xx_HAL_Driver/Src/stm32h5xx_hal_spi.c ****   tickstart = HAL_GetTick();
1385:Drivers/STM32H5xx_HAL_Driver/Src/stm32h5xx_hal_spi.c **** 
1386:Drivers/STM32H5xx_HAL_Driver/Src/stm32h5xx_hal_spi.c ****   initial_TxXferCount = Size;
1387:Drivers/STM32H5xx_HAL_Driver/Src/stm32h5xx_hal_spi.c ****   initial_RxXferCount = Size;
1388:Drivers/STM32H5xx_HAL_Driver/Src/stm32h5xx_hal_spi.c **** 
1389:Drivers/STM32H5xx_HAL_Driver/Src/stm32h5xx_hal_spi.c ****   if (hspi->State != HAL_SPI_STATE_READY)
1390:Drivers/STM32H5xx_HAL_Driver/Src/stm32h5xx_hal_spi.c ****   {
1391:Drivers/STM32H5xx_HAL_Driver/Src/stm32h5xx_hal_spi.c ****     return HAL_BUSY;
1392:Drivers/STM32H5xx_HAL_Driver/Src/stm32h5xx_hal_spi.c ****   }
1393:Drivers/STM32H5xx_HAL_Driver/Src/stm32h5xx_hal_spi.c **** 
1394:Drivers/STM32H5xx_HAL_Driver/Src/stm32h5xx_hal_spi.c ****   if ((pTxData == NULL) || (pRxData == NULL) || (Size == 0UL))
1395:Drivers/STM32H5xx_HAL_Driver/Src/stm32h5xx_hal_spi.c ****   {
1396:Drivers/STM32H5xx_HAL_Driver/Src/stm32h5xx_hal_spi.c ****     return HAL_ERROR;
1397:Drivers/STM32H5xx_HAL_Driver/Src/stm32h5xx_hal_spi.c ****   }
ARM GAS  /tmp/cc3pUyOJ.s 			page 26


1398:Drivers/STM32H5xx_HAL_Driver/Src/stm32h5xx_hal_spi.c **** 
1399:Drivers/STM32H5xx_HAL_Driver/Src/stm32h5xx_hal_spi.c ****   /* Lock the process */
1400:Drivers/STM32H5xx_HAL_Driver/Src/stm32h5xx_hal_spi.c ****   __HAL_LOCK(hspi);
1401:Drivers/STM32H5xx_HAL_Driver/Src/stm32h5xx_hal_spi.c **** 
1402:Drivers/STM32H5xx_HAL_Driver/Src/stm32h5xx_hal_spi.c ****   /* Set the transaction information */
1403:Drivers/STM32H5xx_HAL_Driver/Src/stm32h5xx_hal_spi.c ****   hspi->State       = HAL_SPI_STATE_BUSY_TX_RX;
1404:Drivers/STM32H5xx_HAL_Driver/Src/stm32h5xx_hal_spi.c ****   hspi->ErrorCode   = HAL_SPI_ERROR_NONE;
1405:Drivers/STM32H5xx_HAL_Driver/Src/stm32h5xx_hal_spi.c ****   hspi->pRxBuffPtr  = (uint8_t *)pRxData;
1406:Drivers/STM32H5xx_HAL_Driver/Src/stm32h5xx_hal_spi.c ****   hspi->RxXferCount = Size;
1407:Drivers/STM32H5xx_HAL_Driver/Src/stm32h5xx_hal_spi.c ****   hspi->RxXferSize  = Size;
1408:Drivers/STM32H5xx_HAL_Driver/Src/stm32h5xx_hal_spi.c ****   hspi->pTxBuffPtr  = (const uint8_t *)pTxData;
1409:Drivers/STM32H5xx_HAL_Driver/Src/stm32h5xx_hal_spi.c ****   hspi->TxXferCount = Size;
1410:Drivers/STM32H5xx_HAL_Driver/Src/stm32h5xx_hal_spi.c ****   hspi->TxXferSize  = Size;
1411:Drivers/STM32H5xx_HAL_Driver/Src/stm32h5xx_hal_spi.c **** 
1412:Drivers/STM32H5xx_HAL_Driver/Src/stm32h5xx_hal_spi.c ****   /*Init field not used in handle to zero */
1413:Drivers/STM32H5xx_HAL_Driver/Src/stm32h5xx_hal_spi.c ****   hspi->RxISR       = NULL;
1414:Drivers/STM32H5xx_HAL_Driver/Src/stm32h5xx_hal_spi.c ****   hspi->TxISR       = NULL;
1415:Drivers/STM32H5xx_HAL_Driver/Src/stm32h5xx_hal_spi.c **** 
1416:Drivers/STM32H5xx_HAL_Driver/Src/stm32h5xx_hal_spi.c ****   /* Set Full-Duplex mode */
1417:Drivers/STM32H5xx_HAL_Driver/Src/stm32h5xx_hal_spi.c ****   SPI_2LINES(hspi);
1418:Drivers/STM32H5xx_HAL_Driver/Src/stm32h5xx_hal_spi.c **** 
1419:Drivers/STM32H5xx_HAL_Driver/Src/stm32h5xx_hal_spi.c ****   /* Initialize FIFO length */
1420:Drivers/STM32H5xx_HAL_Driver/Src/stm32h5xx_hal_spi.c ****   if (IS_SPI_FULL_INSTANCE(hspi->Instance))
1421:Drivers/STM32H5xx_HAL_Driver/Src/stm32h5xx_hal_spi.c ****   {
1422:Drivers/STM32H5xx_HAL_Driver/Src/stm32h5xx_hal_spi.c ****     fifo_length = SPI_HIGHEND_FIFO_SIZE;
1423:Drivers/STM32H5xx_HAL_Driver/Src/stm32h5xx_hal_spi.c ****   }
1424:Drivers/STM32H5xx_HAL_Driver/Src/stm32h5xx_hal_spi.c ****   else
1425:Drivers/STM32H5xx_HAL_Driver/Src/stm32h5xx_hal_spi.c ****   {
1426:Drivers/STM32H5xx_HAL_Driver/Src/stm32h5xx_hal_spi.c ****     fifo_length = SPI_LOWEND_FIFO_SIZE;
1427:Drivers/STM32H5xx_HAL_Driver/Src/stm32h5xx_hal_spi.c ****   }
1428:Drivers/STM32H5xx_HAL_Driver/Src/stm32h5xx_hal_spi.c **** 
1429:Drivers/STM32H5xx_HAL_Driver/Src/stm32h5xx_hal_spi.c ****   /* Set the number of data at current transfer */
1430:Drivers/STM32H5xx_HAL_Driver/Src/stm32h5xx_hal_spi.c ****   MODIFY_REG(hspi->Instance->CR2, SPI_CR2_TSIZE, Size);
1431:Drivers/STM32H5xx_HAL_Driver/Src/stm32h5xx_hal_spi.c **** 
1432:Drivers/STM32H5xx_HAL_Driver/Src/stm32h5xx_hal_spi.c ****   __HAL_SPI_ENABLE(hspi);
1433:Drivers/STM32H5xx_HAL_Driver/Src/stm32h5xx_hal_spi.c **** 
1434:Drivers/STM32H5xx_HAL_Driver/Src/stm32h5xx_hal_spi.c ****   if (hspi->Init.Mode == SPI_MODE_MASTER)
1435:Drivers/STM32H5xx_HAL_Driver/Src/stm32h5xx_hal_spi.c ****   {
1436:Drivers/STM32H5xx_HAL_Driver/Src/stm32h5xx_hal_spi.c ****     /* Master transfer start */
1437:Drivers/STM32H5xx_HAL_Driver/Src/stm32h5xx_hal_spi.c ****     SET_BIT(hspi->Instance->CR1, SPI_CR1_CSTART);
1438:Drivers/STM32H5xx_HAL_Driver/Src/stm32h5xx_hal_spi.c ****   }
1439:Drivers/STM32H5xx_HAL_Driver/Src/stm32h5xx_hal_spi.c **** 
1440:Drivers/STM32H5xx_HAL_Driver/Src/stm32h5xx_hal_spi.c ****   /* Transmit and Receive data in 32 Bit mode */
1441:Drivers/STM32H5xx_HAL_Driver/Src/stm32h5xx_hal_spi.c ****   if ((hspi->Init.DataSize > SPI_DATASIZE_16BIT) && (IS_SPI_FULL_INSTANCE(hspi->Instance)))
1442:Drivers/STM32H5xx_HAL_Driver/Src/stm32h5xx_hal_spi.c ****   {
1443:Drivers/STM32H5xx_HAL_Driver/Src/stm32h5xx_hal_spi.c ****     /* Adapt fifo length to 32bits data width */
1444:Drivers/STM32H5xx_HAL_Driver/Src/stm32h5xx_hal_spi.c ****     fifo_length = (fifo_length / 4UL);
1445:Drivers/STM32H5xx_HAL_Driver/Src/stm32h5xx_hal_spi.c **** 
1446:Drivers/STM32H5xx_HAL_Driver/Src/stm32h5xx_hal_spi.c ****     while ((initial_TxXferCount > 0UL) || (initial_RxXferCount > 0UL))
1447:Drivers/STM32H5xx_HAL_Driver/Src/stm32h5xx_hal_spi.c ****     {
1448:Drivers/STM32H5xx_HAL_Driver/Src/stm32h5xx_hal_spi.c ****       /* Check TXP flag */
1449:Drivers/STM32H5xx_HAL_Driver/Src/stm32h5xx_hal_spi.c ****       if ((__HAL_SPI_GET_FLAG(hspi, SPI_FLAG_TXP)) && (initial_TxXferCount > 0UL) &&
1450:Drivers/STM32H5xx_HAL_Driver/Src/stm32h5xx_hal_spi.c ****           (initial_RxXferCount  < (initial_TxXferCount + fifo_length)))
1451:Drivers/STM32H5xx_HAL_Driver/Src/stm32h5xx_hal_spi.c ****       {
1452:Drivers/STM32H5xx_HAL_Driver/Src/stm32h5xx_hal_spi.c ****         *((__IO uint32_t *)&hspi->Instance->TXDR) = *((const uint32_t *)hspi->pTxBuffPtr);
1453:Drivers/STM32H5xx_HAL_Driver/Src/stm32h5xx_hal_spi.c ****         hspi->pTxBuffPtr += sizeof(uint32_t);
1454:Drivers/STM32H5xx_HAL_Driver/Src/stm32h5xx_hal_spi.c ****         hspi->TxXferCount --;
ARM GAS  /tmp/cc3pUyOJ.s 			page 27


1455:Drivers/STM32H5xx_HAL_Driver/Src/stm32h5xx_hal_spi.c ****         initial_TxXferCount = hspi->TxXferCount;
1456:Drivers/STM32H5xx_HAL_Driver/Src/stm32h5xx_hal_spi.c ****       }
1457:Drivers/STM32H5xx_HAL_Driver/Src/stm32h5xx_hal_spi.c **** 
1458:Drivers/STM32H5xx_HAL_Driver/Src/stm32h5xx_hal_spi.c ****       /* Evaluate state of SR register */
1459:Drivers/STM32H5xx_HAL_Driver/Src/stm32h5xx_hal_spi.c ****       temp_sr_reg = hspi->Instance->SR;
1460:Drivers/STM32H5xx_HAL_Driver/Src/stm32h5xx_hal_spi.c **** 
1461:Drivers/STM32H5xx_HAL_Driver/Src/stm32h5xx_hal_spi.c ****       if (initial_RxXferCount > 0UL)
1462:Drivers/STM32H5xx_HAL_Driver/Src/stm32h5xx_hal_spi.c ****       {
1463:Drivers/STM32H5xx_HAL_Driver/Src/stm32h5xx_hal_spi.c ****         /* Check the RXP flag */
1464:Drivers/STM32H5xx_HAL_Driver/Src/stm32h5xx_hal_spi.c ****         if (__HAL_SPI_GET_FLAG(hspi, SPI_FLAG_RXP))
1465:Drivers/STM32H5xx_HAL_Driver/Src/stm32h5xx_hal_spi.c ****         {
1466:Drivers/STM32H5xx_HAL_Driver/Src/stm32h5xx_hal_spi.c ****           *((uint32_t *)hspi->pRxBuffPtr) = *((__IO uint32_t *)&hspi->Instance->RXDR);
1467:Drivers/STM32H5xx_HAL_Driver/Src/stm32h5xx_hal_spi.c ****           hspi->pRxBuffPtr += sizeof(uint32_t);
1468:Drivers/STM32H5xx_HAL_Driver/Src/stm32h5xx_hal_spi.c ****           hspi->RxXferCount--;
1469:Drivers/STM32H5xx_HAL_Driver/Src/stm32h5xx_hal_spi.c ****           initial_RxXferCount = hspi->RxXferCount;
1470:Drivers/STM32H5xx_HAL_Driver/Src/stm32h5xx_hal_spi.c ****         }
1471:Drivers/STM32H5xx_HAL_Driver/Src/stm32h5xx_hal_spi.c ****         /* Check RXWNE flag if RXP cannot be reached */
1472:Drivers/STM32H5xx_HAL_Driver/Src/stm32h5xx_hal_spi.c ****         else if ((initial_RxXferCount < init_max_data_in_fifo) && ((temp_sr_reg & SPI_SR_RXWNE_Msk)
1473:Drivers/STM32H5xx_HAL_Driver/Src/stm32h5xx_hal_spi.c ****         {
1474:Drivers/STM32H5xx_HAL_Driver/Src/stm32h5xx_hal_spi.c ****           *((uint32_t *)hspi->pRxBuffPtr) = *((__IO uint32_t *)&hspi->Instance->RXDR);
1475:Drivers/STM32H5xx_HAL_Driver/Src/stm32h5xx_hal_spi.c ****           hspi->pRxBuffPtr += sizeof(uint32_t);
1476:Drivers/STM32H5xx_HAL_Driver/Src/stm32h5xx_hal_spi.c ****           hspi->RxXferCount--;
1477:Drivers/STM32H5xx_HAL_Driver/Src/stm32h5xx_hal_spi.c ****           initial_RxXferCount = hspi->RxXferCount;
1478:Drivers/STM32H5xx_HAL_Driver/Src/stm32h5xx_hal_spi.c ****         }
1479:Drivers/STM32H5xx_HAL_Driver/Src/stm32h5xx_hal_spi.c ****         else
1480:Drivers/STM32H5xx_HAL_Driver/Src/stm32h5xx_hal_spi.c ****         {
1481:Drivers/STM32H5xx_HAL_Driver/Src/stm32h5xx_hal_spi.c ****           /* Timeout management */
1482:Drivers/STM32H5xx_HAL_Driver/Src/stm32h5xx_hal_spi.c ****           if ((((HAL_GetTick() - tickstart) >=  Timeout) && (Timeout != HAL_MAX_DELAY)) || (Timeout
1483:Drivers/STM32H5xx_HAL_Driver/Src/stm32h5xx_hal_spi.c ****           {
1484:Drivers/STM32H5xx_HAL_Driver/Src/stm32h5xx_hal_spi.c ****             /* Call standard close procedure with error check */
1485:Drivers/STM32H5xx_HAL_Driver/Src/stm32h5xx_hal_spi.c ****             SPI_CloseTransfer(hspi);
1486:Drivers/STM32H5xx_HAL_Driver/Src/stm32h5xx_hal_spi.c **** 
1487:Drivers/STM32H5xx_HAL_Driver/Src/stm32h5xx_hal_spi.c ****             SET_BIT(hspi->ErrorCode, HAL_SPI_ERROR_TIMEOUT);
1488:Drivers/STM32H5xx_HAL_Driver/Src/stm32h5xx_hal_spi.c ****             hspi->State = HAL_SPI_STATE_READY;
1489:Drivers/STM32H5xx_HAL_Driver/Src/stm32h5xx_hal_spi.c **** 
1490:Drivers/STM32H5xx_HAL_Driver/Src/stm32h5xx_hal_spi.c ****             /* Unlock the process */
1491:Drivers/STM32H5xx_HAL_Driver/Src/stm32h5xx_hal_spi.c ****             __HAL_UNLOCK(hspi);
1492:Drivers/STM32H5xx_HAL_Driver/Src/stm32h5xx_hal_spi.c **** 
1493:Drivers/STM32H5xx_HAL_Driver/Src/stm32h5xx_hal_spi.c ****             return HAL_TIMEOUT;
1494:Drivers/STM32H5xx_HAL_Driver/Src/stm32h5xx_hal_spi.c ****           }
1495:Drivers/STM32H5xx_HAL_Driver/Src/stm32h5xx_hal_spi.c ****         }
1496:Drivers/STM32H5xx_HAL_Driver/Src/stm32h5xx_hal_spi.c ****       }
1497:Drivers/STM32H5xx_HAL_Driver/Src/stm32h5xx_hal_spi.c ****     }
1498:Drivers/STM32H5xx_HAL_Driver/Src/stm32h5xx_hal_spi.c ****   }
1499:Drivers/STM32H5xx_HAL_Driver/Src/stm32h5xx_hal_spi.c ****   /* Transmit and Receive data in 16 Bit mode */
1500:Drivers/STM32H5xx_HAL_Driver/Src/stm32h5xx_hal_spi.c ****   else if (hspi->Init.DataSize > SPI_DATASIZE_8BIT)
1501:Drivers/STM32H5xx_HAL_Driver/Src/stm32h5xx_hal_spi.c ****   {
1502:Drivers/STM32H5xx_HAL_Driver/Src/stm32h5xx_hal_spi.c ****     /* Adapt fifo length to 16bits data width */
1503:Drivers/STM32H5xx_HAL_Driver/Src/stm32h5xx_hal_spi.c ****     fifo_length = (fifo_length / 2UL);
1504:Drivers/STM32H5xx_HAL_Driver/Src/stm32h5xx_hal_spi.c **** 
1505:Drivers/STM32H5xx_HAL_Driver/Src/stm32h5xx_hal_spi.c ****     while ((initial_TxXferCount > 0UL) || (initial_RxXferCount > 0UL))
1506:Drivers/STM32H5xx_HAL_Driver/Src/stm32h5xx_hal_spi.c ****     {
1507:Drivers/STM32H5xx_HAL_Driver/Src/stm32h5xx_hal_spi.c ****       /* Check the TXP flag */
1508:Drivers/STM32H5xx_HAL_Driver/Src/stm32h5xx_hal_spi.c ****       if ((__HAL_SPI_GET_FLAG(hspi, SPI_FLAG_TXP)) && (initial_TxXferCount > 0UL) &&
1509:Drivers/STM32H5xx_HAL_Driver/Src/stm32h5xx_hal_spi.c ****           (initial_RxXferCount  < (initial_TxXferCount + fifo_length)))
1510:Drivers/STM32H5xx_HAL_Driver/Src/stm32h5xx_hal_spi.c ****       {
1511:Drivers/STM32H5xx_HAL_Driver/Src/stm32h5xx_hal_spi.c **** #if defined (__GNUC__)
ARM GAS  /tmp/cc3pUyOJ.s 			page 28


1512:Drivers/STM32H5xx_HAL_Driver/Src/stm32h5xx_hal_spi.c ****         *ptxdr_16bits = *((const uint16_t *)hspi->pTxBuffPtr);
1513:Drivers/STM32H5xx_HAL_Driver/Src/stm32h5xx_hal_spi.c **** #else
1514:Drivers/STM32H5xx_HAL_Driver/Src/stm32h5xx_hal_spi.c ****         *((__IO uint16_t *)&hspi->Instance->TXDR) = *((const uint16_t *)hspi->pTxBuffPtr);
1515:Drivers/STM32H5xx_HAL_Driver/Src/stm32h5xx_hal_spi.c **** #endif /* __GNUC__ */
1516:Drivers/STM32H5xx_HAL_Driver/Src/stm32h5xx_hal_spi.c ****         hspi->pTxBuffPtr += sizeof(uint16_t);
1517:Drivers/STM32H5xx_HAL_Driver/Src/stm32h5xx_hal_spi.c ****         hspi->TxXferCount--;
1518:Drivers/STM32H5xx_HAL_Driver/Src/stm32h5xx_hal_spi.c ****         initial_TxXferCount = hspi->TxXferCount;
1519:Drivers/STM32H5xx_HAL_Driver/Src/stm32h5xx_hal_spi.c ****       }
1520:Drivers/STM32H5xx_HAL_Driver/Src/stm32h5xx_hal_spi.c **** 
1521:Drivers/STM32H5xx_HAL_Driver/Src/stm32h5xx_hal_spi.c ****       /* Evaluate state of SR register */
1522:Drivers/STM32H5xx_HAL_Driver/Src/stm32h5xx_hal_spi.c ****       temp_sr_reg = hspi->Instance->SR;
1523:Drivers/STM32H5xx_HAL_Driver/Src/stm32h5xx_hal_spi.c **** 
1524:Drivers/STM32H5xx_HAL_Driver/Src/stm32h5xx_hal_spi.c ****       if (initial_RxXferCount > 0UL)
1525:Drivers/STM32H5xx_HAL_Driver/Src/stm32h5xx_hal_spi.c ****       {
1526:Drivers/STM32H5xx_HAL_Driver/Src/stm32h5xx_hal_spi.c ****         /* Check the RXP flag */
1527:Drivers/STM32H5xx_HAL_Driver/Src/stm32h5xx_hal_spi.c ****         if (__HAL_SPI_GET_FLAG(hspi, SPI_FLAG_RXP))
1528:Drivers/STM32H5xx_HAL_Driver/Src/stm32h5xx_hal_spi.c ****         {
1529:Drivers/STM32H5xx_HAL_Driver/Src/stm32h5xx_hal_spi.c **** #if defined (__GNUC__)
1530:Drivers/STM32H5xx_HAL_Driver/Src/stm32h5xx_hal_spi.c ****           *((uint16_t *)hspi->pRxBuffPtr) = *prxdr_16bits;
1531:Drivers/STM32H5xx_HAL_Driver/Src/stm32h5xx_hal_spi.c **** #else
1532:Drivers/STM32H5xx_HAL_Driver/Src/stm32h5xx_hal_spi.c ****           *((uint16_t *)hspi->pRxBuffPtr) = *((__IO uint16_t *)&hspi->Instance->RXDR);
1533:Drivers/STM32H5xx_HAL_Driver/Src/stm32h5xx_hal_spi.c **** #endif /* __GNUC__ */
1534:Drivers/STM32H5xx_HAL_Driver/Src/stm32h5xx_hal_spi.c ****           hspi->pRxBuffPtr += sizeof(uint16_t);
1535:Drivers/STM32H5xx_HAL_Driver/Src/stm32h5xx_hal_spi.c ****           hspi->RxXferCount--;
1536:Drivers/STM32H5xx_HAL_Driver/Src/stm32h5xx_hal_spi.c ****           initial_RxXferCount = hspi->RxXferCount;
1537:Drivers/STM32H5xx_HAL_Driver/Src/stm32h5xx_hal_spi.c ****         }
1538:Drivers/STM32H5xx_HAL_Driver/Src/stm32h5xx_hal_spi.c ****         /* Check RXWNE flag if RXP cannot be reached */
1539:Drivers/STM32H5xx_HAL_Driver/Src/stm32h5xx_hal_spi.c ****         else if ((initial_RxXferCount < init_max_data_in_fifo) && ((temp_sr_reg & SPI_SR_RXWNE_Msk)
1540:Drivers/STM32H5xx_HAL_Driver/Src/stm32h5xx_hal_spi.c ****         {
1541:Drivers/STM32H5xx_HAL_Driver/Src/stm32h5xx_hal_spi.c **** #if defined (__GNUC__)
1542:Drivers/STM32H5xx_HAL_Driver/Src/stm32h5xx_hal_spi.c ****           *((uint16_t *)hspi->pRxBuffPtr) = *prxdr_16bits;
1543:Drivers/STM32H5xx_HAL_Driver/Src/stm32h5xx_hal_spi.c **** #else
1544:Drivers/STM32H5xx_HAL_Driver/Src/stm32h5xx_hal_spi.c ****           *((uint16_t *)hspi->pRxBuffPtr) = *((__IO uint16_t *)&hspi->Instance->RXDR);
1545:Drivers/STM32H5xx_HAL_Driver/Src/stm32h5xx_hal_spi.c **** #endif /* __GNUC__ */
1546:Drivers/STM32H5xx_HAL_Driver/Src/stm32h5xx_hal_spi.c ****           hspi->pRxBuffPtr += sizeof(uint16_t);
1547:Drivers/STM32H5xx_HAL_Driver/Src/stm32h5xx_hal_spi.c **** #if defined (__GNUC__)
1548:Drivers/STM32H5xx_HAL_Driver/Src/stm32h5xx_hal_spi.c ****           *((uint16_t *)hspi->pRxBuffPtr) = *prxdr_16bits;
1549:Drivers/STM32H5xx_HAL_Driver/Src/stm32h5xx_hal_spi.c **** #else
1550:Drivers/STM32H5xx_HAL_Driver/Src/stm32h5xx_hal_spi.c ****           *((uint16_t *)hspi->pRxBuffPtr) = *((__IO uint16_t *)&hspi->Instance->RXDR);
1551:Drivers/STM32H5xx_HAL_Driver/Src/stm32h5xx_hal_spi.c **** #endif /* __GNUC__ */
1552:Drivers/STM32H5xx_HAL_Driver/Src/stm32h5xx_hal_spi.c ****           hspi->pRxBuffPtr += sizeof(uint16_t);
1553:Drivers/STM32H5xx_HAL_Driver/Src/stm32h5xx_hal_spi.c ****           hspi->RxXferCount -= (uint16_t)2UL;
1554:Drivers/STM32H5xx_HAL_Driver/Src/stm32h5xx_hal_spi.c ****           initial_RxXferCount = hspi->RxXferCount;
1555:Drivers/STM32H5xx_HAL_Driver/Src/stm32h5xx_hal_spi.c ****         }
1556:Drivers/STM32H5xx_HAL_Driver/Src/stm32h5xx_hal_spi.c ****         /* Check RXPLVL flags when RXWNE cannot be reached */
1557:Drivers/STM32H5xx_HAL_Driver/Src/stm32h5xx_hal_spi.c ****         else if ((initial_RxXferCount == 1UL) && ((temp_sr_reg & SPI_SR_RXPLVL_0) != 0UL))
1558:Drivers/STM32H5xx_HAL_Driver/Src/stm32h5xx_hal_spi.c ****         {
1559:Drivers/STM32H5xx_HAL_Driver/Src/stm32h5xx_hal_spi.c **** #if defined (__GNUC__)
1560:Drivers/STM32H5xx_HAL_Driver/Src/stm32h5xx_hal_spi.c ****           *((uint16_t *)hspi->pRxBuffPtr) = *prxdr_16bits;
1561:Drivers/STM32H5xx_HAL_Driver/Src/stm32h5xx_hal_spi.c **** #else
1562:Drivers/STM32H5xx_HAL_Driver/Src/stm32h5xx_hal_spi.c ****           *((uint16_t *)hspi->pRxBuffPtr) = *((__IO uint16_t *)&hspi->Instance->RXDR);
1563:Drivers/STM32H5xx_HAL_Driver/Src/stm32h5xx_hal_spi.c **** #endif /* __GNUC__ */
1564:Drivers/STM32H5xx_HAL_Driver/Src/stm32h5xx_hal_spi.c ****           hspi->pRxBuffPtr += sizeof(uint16_t);
1565:Drivers/STM32H5xx_HAL_Driver/Src/stm32h5xx_hal_spi.c ****           hspi->RxXferCount--;
1566:Drivers/STM32H5xx_HAL_Driver/Src/stm32h5xx_hal_spi.c ****           initial_RxXferCount = hspi->RxXferCount;
1567:Drivers/STM32H5xx_HAL_Driver/Src/stm32h5xx_hal_spi.c ****         }
1568:Drivers/STM32H5xx_HAL_Driver/Src/stm32h5xx_hal_spi.c ****         else
ARM GAS  /tmp/cc3pUyOJ.s 			page 29


1569:Drivers/STM32H5xx_HAL_Driver/Src/stm32h5xx_hal_spi.c ****         {
1570:Drivers/STM32H5xx_HAL_Driver/Src/stm32h5xx_hal_spi.c ****           /* Timeout management */
1571:Drivers/STM32H5xx_HAL_Driver/Src/stm32h5xx_hal_spi.c ****           if ((((HAL_GetTick() - tickstart) >=  Timeout) && (Timeout != HAL_MAX_DELAY)) || (Timeout
1572:Drivers/STM32H5xx_HAL_Driver/Src/stm32h5xx_hal_spi.c ****           {
1573:Drivers/STM32H5xx_HAL_Driver/Src/stm32h5xx_hal_spi.c ****             /* Call standard close procedure with error check */
1574:Drivers/STM32H5xx_HAL_Driver/Src/stm32h5xx_hal_spi.c ****             SPI_CloseTransfer(hspi);
1575:Drivers/STM32H5xx_HAL_Driver/Src/stm32h5xx_hal_spi.c **** 
1576:Drivers/STM32H5xx_HAL_Driver/Src/stm32h5xx_hal_spi.c ****             SET_BIT(hspi->ErrorCode, HAL_SPI_ERROR_TIMEOUT);
1577:Drivers/STM32H5xx_HAL_Driver/Src/stm32h5xx_hal_spi.c ****             hspi->State = HAL_SPI_STATE_READY;
1578:Drivers/STM32H5xx_HAL_Driver/Src/stm32h5xx_hal_spi.c **** 
1579:Drivers/STM32H5xx_HAL_Driver/Src/stm32h5xx_hal_spi.c ****             /* Unlock the process */
1580:Drivers/STM32H5xx_HAL_Driver/Src/stm32h5xx_hal_spi.c ****             __HAL_UNLOCK(hspi);
1581:Drivers/STM32H5xx_HAL_Driver/Src/stm32h5xx_hal_spi.c **** 
1582:Drivers/STM32H5xx_HAL_Driver/Src/stm32h5xx_hal_spi.c ****             return HAL_TIMEOUT;
1583:Drivers/STM32H5xx_HAL_Driver/Src/stm32h5xx_hal_spi.c ****           }
1584:Drivers/STM32H5xx_HAL_Driver/Src/stm32h5xx_hal_spi.c ****         }
1585:Drivers/STM32H5xx_HAL_Driver/Src/stm32h5xx_hal_spi.c ****       }
1586:Drivers/STM32H5xx_HAL_Driver/Src/stm32h5xx_hal_spi.c ****     }
1587:Drivers/STM32H5xx_HAL_Driver/Src/stm32h5xx_hal_spi.c ****   }
1588:Drivers/STM32H5xx_HAL_Driver/Src/stm32h5xx_hal_spi.c ****   /* Transmit and Receive data in 8 Bit mode */
1589:Drivers/STM32H5xx_HAL_Driver/Src/stm32h5xx_hal_spi.c ****   else
1590:Drivers/STM32H5xx_HAL_Driver/Src/stm32h5xx_hal_spi.c ****   {
1591:Drivers/STM32H5xx_HAL_Driver/Src/stm32h5xx_hal_spi.c ****     while ((initial_TxXferCount > 0UL) || (initial_RxXferCount > 0UL))
1592:Drivers/STM32H5xx_HAL_Driver/Src/stm32h5xx_hal_spi.c ****     {
1593:Drivers/STM32H5xx_HAL_Driver/Src/stm32h5xx_hal_spi.c ****       /* Check the TXP flag */
1594:Drivers/STM32H5xx_HAL_Driver/Src/stm32h5xx_hal_spi.c ****       if ((__HAL_SPI_GET_FLAG(hspi, SPI_FLAG_TXP)) && (initial_TxXferCount > 0UL) &&
1595:Drivers/STM32H5xx_HAL_Driver/Src/stm32h5xx_hal_spi.c ****           (initial_RxXferCount  < (initial_TxXferCount + fifo_length)))
1596:Drivers/STM32H5xx_HAL_Driver/Src/stm32h5xx_hal_spi.c ****       {
1597:Drivers/STM32H5xx_HAL_Driver/Src/stm32h5xx_hal_spi.c ****         *((__IO uint8_t *)&hspi->Instance->TXDR) = *((const uint8_t *)hspi->pTxBuffPtr);
1598:Drivers/STM32H5xx_HAL_Driver/Src/stm32h5xx_hal_spi.c ****         hspi->pTxBuffPtr += sizeof(uint8_t);
1599:Drivers/STM32H5xx_HAL_Driver/Src/stm32h5xx_hal_spi.c ****         hspi->TxXferCount--;
1600:Drivers/STM32H5xx_HAL_Driver/Src/stm32h5xx_hal_spi.c ****         initial_TxXferCount = hspi->TxXferCount;
1601:Drivers/STM32H5xx_HAL_Driver/Src/stm32h5xx_hal_spi.c ****       }
1602:Drivers/STM32H5xx_HAL_Driver/Src/stm32h5xx_hal_spi.c **** 
1603:Drivers/STM32H5xx_HAL_Driver/Src/stm32h5xx_hal_spi.c ****       /* Evaluate state of SR register */
1604:Drivers/STM32H5xx_HAL_Driver/Src/stm32h5xx_hal_spi.c ****       temp_sr_reg = hspi->Instance->SR;
1605:Drivers/STM32H5xx_HAL_Driver/Src/stm32h5xx_hal_spi.c **** 
1606:Drivers/STM32H5xx_HAL_Driver/Src/stm32h5xx_hal_spi.c ****       if (initial_RxXferCount > 0UL)
1607:Drivers/STM32H5xx_HAL_Driver/Src/stm32h5xx_hal_spi.c ****       {
1608:Drivers/STM32H5xx_HAL_Driver/Src/stm32h5xx_hal_spi.c ****         /* Check the RXP flag */
1609:Drivers/STM32H5xx_HAL_Driver/Src/stm32h5xx_hal_spi.c ****         if (__HAL_SPI_GET_FLAG(hspi, SPI_FLAG_RXP))
1610:Drivers/STM32H5xx_HAL_Driver/Src/stm32h5xx_hal_spi.c ****         {
1611:Drivers/STM32H5xx_HAL_Driver/Src/stm32h5xx_hal_spi.c ****           *((uint8_t *)hspi->pRxBuffPtr) = *((__IO uint8_t *)&hspi->Instance->RXDR);
1612:Drivers/STM32H5xx_HAL_Driver/Src/stm32h5xx_hal_spi.c ****           hspi->pRxBuffPtr += sizeof(uint8_t);
1613:Drivers/STM32H5xx_HAL_Driver/Src/stm32h5xx_hal_spi.c ****           hspi->RxXferCount--;
1614:Drivers/STM32H5xx_HAL_Driver/Src/stm32h5xx_hal_spi.c ****           initial_RxXferCount = hspi->RxXferCount;
1615:Drivers/STM32H5xx_HAL_Driver/Src/stm32h5xx_hal_spi.c ****         }
1616:Drivers/STM32H5xx_HAL_Driver/Src/stm32h5xx_hal_spi.c ****         /* Check RXWNE flag if RXP cannot be reached */
1617:Drivers/STM32H5xx_HAL_Driver/Src/stm32h5xx_hal_spi.c ****         else if ((initial_RxXferCount < init_max_data_in_fifo) && ((temp_sr_reg & SPI_SR_RXWNE_Msk)
1618:Drivers/STM32H5xx_HAL_Driver/Src/stm32h5xx_hal_spi.c ****         {
1619:Drivers/STM32H5xx_HAL_Driver/Src/stm32h5xx_hal_spi.c ****           *((uint8_t *)hspi->pRxBuffPtr) = *((__IO uint8_t *)&hspi->Instance->RXDR);
1620:Drivers/STM32H5xx_HAL_Driver/Src/stm32h5xx_hal_spi.c ****           hspi->pRxBuffPtr += sizeof(uint8_t);
1621:Drivers/STM32H5xx_HAL_Driver/Src/stm32h5xx_hal_spi.c ****           *((uint8_t *)hspi->pRxBuffPtr) = *((__IO uint8_t *)&hspi->Instance->RXDR);
1622:Drivers/STM32H5xx_HAL_Driver/Src/stm32h5xx_hal_spi.c ****           hspi->pRxBuffPtr += sizeof(uint8_t);
1623:Drivers/STM32H5xx_HAL_Driver/Src/stm32h5xx_hal_spi.c ****           *((uint8_t *)hspi->pRxBuffPtr) = *((__IO uint8_t *)&hspi->Instance->RXDR);
1624:Drivers/STM32H5xx_HAL_Driver/Src/stm32h5xx_hal_spi.c ****           hspi->pRxBuffPtr += sizeof(uint8_t);
1625:Drivers/STM32H5xx_HAL_Driver/Src/stm32h5xx_hal_spi.c ****           *((uint8_t *)hspi->pRxBuffPtr) = *((__IO uint8_t *)&hspi->Instance->RXDR);
ARM GAS  /tmp/cc3pUyOJ.s 			page 30


1626:Drivers/STM32H5xx_HAL_Driver/Src/stm32h5xx_hal_spi.c ****           hspi->pRxBuffPtr += sizeof(uint8_t);
1627:Drivers/STM32H5xx_HAL_Driver/Src/stm32h5xx_hal_spi.c ****           hspi->RxXferCount -= (uint16_t)4UL;
1628:Drivers/STM32H5xx_HAL_Driver/Src/stm32h5xx_hal_spi.c ****           initial_RxXferCount = hspi->RxXferCount;
1629:Drivers/STM32H5xx_HAL_Driver/Src/stm32h5xx_hal_spi.c ****         }
1630:Drivers/STM32H5xx_HAL_Driver/Src/stm32h5xx_hal_spi.c ****         /* Check RXPLVL flags when RXWNE cannot be reached */
1631:Drivers/STM32H5xx_HAL_Driver/Src/stm32h5xx_hal_spi.c ****         else if ((initial_RxXferCount < 4UL) && ((temp_sr_reg & SPI_SR_RXPLVL_Msk) != 0UL))
1632:Drivers/STM32H5xx_HAL_Driver/Src/stm32h5xx_hal_spi.c ****         {
1633:Drivers/STM32H5xx_HAL_Driver/Src/stm32h5xx_hal_spi.c ****           *((uint8_t *)hspi->pRxBuffPtr) = *((__IO uint8_t *)&hspi->Instance->RXDR);
1634:Drivers/STM32H5xx_HAL_Driver/Src/stm32h5xx_hal_spi.c ****           hspi->pRxBuffPtr += sizeof(uint8_t);
1635:Drivers/STM32H5xx_HAL_Driver/Src/stm32h5xx_hal_spi.c ****           hspi->RxXferCount--;
1636:Drivers/STM32H5xx_HAL_Driver/Src/stm32h5xx_hal_spi.c ****           initial_RxXferCount = hspi->RxXferCount;
1637:Drivers/STM32H5xx_HAL_Driver/Src/stm32h5xx_hal_spi.c ****         }
1638:Drivers/STM32H5xx_HAL_Driver/Src/stm32h5xx_hal_spi.c ****         else
1639:Drivers/STM32H5xx_HAL_Driver/Src/stm32h5xx_hal_spi.c ****         {
1640:Drivers/STM32H5xx_HAL_Driver/Src/stm32h5xx_hal_spi.c ****           /* Timeout management */
1641:Drivers/STM32H5xx_HAL_Driver/Src/stm32h5xx_hal_spi.c ****           if ((((HAL_GetTick() - tickstart) >=  Timeout) && (Timeout != HAL_MAX_DELAY)) || (Timeout
1642:Drivers/STM32H5xx_HAL_Driver/Src/stm32h5xx_hal_spi.c ****           {
1643:Drivers/STM32H5xx_HAL_Driver/Src/stm32h5xx_hal_spi.c ****             /* Call standard close procedure with error check */
1644:Drivers/STM32H5xx_HAL_Driver/Src/stm32h5xx_hal_spi.c ****             SPI_CloseTransfer(hspi);
1645:Drivers/STM32H5xx_HAL_Driver/Src/stm32h5xx_hal_spi.c **** 
1646:Drivers/STM32H5xx_HAL_Driver/Src/stm32h5xx_hal_spi.c ****             SET_BIT(hspi->ErrorCode, HAL_SPI_ERROR_TIMEOUT);
1647:Drivers/STM32H5xx_HAL_Driver/Src/stm32h5xx_hal_spi.c ****             hspi->State = HAL_SPI_STATE_READY;
1648:Drivers/STM32H5xx_HAL_Driver/Src/stm32h5xx_hal_spi.c **** 
1649:Drivers/STM32H5xx_HAL_Driver/Src/stm32h5xx_hal_spi.c ****             /* Unlock the process */
1650:Drivers/STM32H5xx_HAL_Driver/Src/stm32h5xx_hal_spi.c ****             __HAL_UNLOCK(hspi);
1651:Drivers/STM32H5xx_HAL_Driver/Src/stm32h5xx_hal_spi.c **** 
1652:Drivers/STM32H5xx_HAL_Driver/Src/stm32h5xx_hal_spi.c ****             return HAL_TIMEOUT;
1653:Drivers/STM32H5xx_HAL_Driver/Src/stm32h5xx_hal_spi.c ****           }
1654:Drivers/STM32H5xx_HAL_Driver/Src/stm32h5xx_hal_spi.c ****         }
1655:Drivers/STM32H5xx_HAL_Driver/Src/stm32h5xx_hal_spi.c ****       }
1656:Drivers/STM32H5xx_HAL_Driver/Src/stm32h5xx_hal_spi.c ****     }
1657:Drivers/STM32H5xx_HAL_Driver/Src/stm32h5xx_hal_spi.c ****   }
1658:Drivers/STM32H5xx_HAL_Driver/Src/stm32h5xx_hal_spi.c **** 
1659:Drivers/STM32H5xx_HAL_Driver/Src/stm32h5xx_hal_spi.c ****   /* Wait for Tx/Rx (and CRC) data to be sent/received */
1660:Drivers/STM32H5xx_HAL_Driver/Src/stm32h5xx_hal_spi.c ****   if (SPI_WaitOnFlagUntilTimeout(hspi, SPI_FLAG_EOT, RESET, Timeout, tickstart) != HAL_OK)
1661:Drivers/STM32H5xx_HAL_Driver/Src/stm32h5xx_hal_spi.c ****   {
1662:Drivers/STM32H5xx_HAL_Driver/Src/stm32h5xx_hal_spi.c ****     SET_BIT(hspi->ErrorCode, HAL_SPI_ERROR_FLAG);
1663:Drivers/STM32H5xx_HAL_Driver/Src/stm32h5xx_hal_spi.c ****   }
1664:Drivers/STM32H5xx_HAL_Driver/Src/stm32h5xx_hal_spi.c **** 
1665:Drivers/STM32H5xx_HAL_Driver/Src/stm32h5xx_hal_spi.c ****   /* Call standard close procedure with error check */
1666:Drivers/STM32H5xx_HAL_Driver/Src/stm32h5xx_hal_spi.c ****   SPI_CloseTransfer(hspi);
1667:Drivers/STM32H5xx_HAL_Driver/Src/stm32h5xx_hal_spi.c **** 
1668:Drivers/STM32H5xx_HAL_Driver/Src/stm32h5xx_hal_spi.c ****   hspi->State = HAL_SPI_STATE_READY;
1669:Drivers/STM32H5xx_HAL_Driver/Src/stm32h5xx_hal_spi.c **** 
1670:Drivers/STM32H5xx_HAL_Driver/Src/stm32h5xx_hal_spi.c ****   /* Unlock the process */
1671:Drivers/STM32H5xx_HAL_Driver/Src/stm32h5xx_hal_spi.c ****   __HAL_UNLOCK(hspi);
1672:Drivers/STM32H5xx_HAL_Driver/Src/stm32h5xx_hal_spi.c **** 
1673:Drivers/STM32H5xx_HAL_Driver/Src/stm32h5xx_hal_spi.c ****   if (hspi->ErrorCode != HAL_SPI_ERROR_NONE)
1674:Drivers/STM32H5xx_HAL_Driver/Src/stm32h5xx_hal_spi.c ****   {
1675:Drivers/STM32H5xx_HAL_Driver/Src/stm32h5xx_hal_spi.c ****     return HAL_ERROR;
1676:Drivers/STM32H5xx_HAL_Driver/Src/stm32h5xx_hal_spi.c ****   }
1677:Drivers/STM32H5xx_HAL_Driver/Src/stm32h5xx_hal_spi.c ****   else
1678:Drivers/STM32H5xx_HAL_Driver/Src/stm32h5xx_hal_spi.c ****   {
1679:Drivers/STM32H5xx_HAL_Driver/Src/stm32h5xx_hal_spi.c ****     return HAL_OK;
1680:Drivers/STM32H5xx_HAL_Driver/Src/stm32h5xx_hal_spi.c ****   }
1681:Drivers/STM32H5xx_HAL_Driver/Src/stm32h5xx_hal_spi.c **** }
1682:Drivers/STM32H5xx_HAL_Driver/Src/stm32h5xx_hal_spi.c **** 
ARM GAS  /tmp/cc3pUyOJ.s 			page 31


1683:Drivers/STM32H5xx_HAL_Driver/Src/stm32h5xx_hal_spi.c **** /**
1684:Drivers/STM32H5xx_HAL_Driver/Src/stm32h5xx_hal_spi.c ****   * @brief  Transmit an amount of data in non-blocking mode with Interrupt.
1685:Drivers/STM32H5xx_HAL_Driver/Src/stm32h5xx_hal_spi.c ****   * @param  hspi : pointer to a SPI_HandleTypeDef structure that contains
1686:Drivers/STM32H5xx_HAL_Driver/Src/stm32h5xx_hal_spi.c ****   *                the configuration information for SPI module.
1687:Drivers/STM32H5xx_HAL_Driver/Src/stm32h5xx_hal_spi.c ****   * @param  pData: pointer to data buffer
1688:Drivers/STM32H5xx_HAL_Driver/Src/stm32h5xx_hal_spi.c ****   * @param  Size : amount of data to be sent
1689:Drivers/STM32H5xx_HAL_Driver/Src/stm32h5xx_hal_spi.c ****   * @retval HAL status
1690:Drivers/STM32H5xx_HAL_Driver/Src/stm32h5xx_hal_spi.c ****   */
1691:Drivers/STM32H5xx_HAL_Driver/Src/stm32h5xx_hal_spi.c **** HAL_StatusTypeDef HAL_SPI_Transmit_IT(SPI_HandleTypeDef *hspi, const uint8_t *pData, uint16_t Size)
1692:Drivers/STM32H5xx_HAL_Driver/Src/stm32h5xx_hal_spi.c **** {
1693:Drivers/STM32H5xx_HAL_Driver/Src/stm32h5xx_hal_spi.c ****   /* Check Direction parameter */
1694:Drivers/STM32H5xx_HAL_Driver/Src/stm32h5xx_hal_spi.c ****   assert_param(IS_SPI_DIRECTION_2LINES_OR_1LINE_2LINES_TXONLY(hspi->Init.Direction));
1695:Drivers/STM32H5xx_HAL_Driver/Src/stm32h5xx_hal_spi.c **** 
1696:Drivers/STM32H5xx_HAL_Driver/Src/stm32h5xx_hal_spi.c ****   /* Check transfer size parameter */
1697:Drivers/STM32H5xx_HAL_Driver/Src/stm32h5xx_hal_spi.c ****   if (IS_SPI_LIMITED_INSTANCE(hspi->Instance))
1698:Drivers/STM32H5xx_HAL_Driver/Src/stm32h5xx_hal_spi.c ****   {
1699:Drivers/STM32H5xx_HAL_Driver/Src/stm32h5xx_hal_spi.c ****     assert_param(IS_SPI_LIMITED_TRANSFER_SIZE(Size));
1700:Drivers/STM32H5xx_HAL_Driver/Src/stm32h5xx_hal_spi.c ****   }
1701:Drivers/STM32H5xx_HAL_Driver/Src/stm32h5xx_hal_spi.c ****   else
1702:Drivers/STM32H5xx_HAL_Driver/Src/stm32h5xx_hal_spi.c ****   {
1703:Drivers/STM32H5xx_HAL_Driver/Src/stm32h5xx_hal_spi.c ****     assert_param(IS_SPI_TRANSFER_SIZE(Size));
1704:Drivers/STM32H5xx_HAL_Driver/Src/stm32h5xx_hal_spi.c ****   }
1705:Drivers/STM32H5xx_HAL_Driver/Src/stm32h5xx_hal_spi.c **** 
1706:Drivers/STM32H5xx_HAL_Driver/Src/stm32h5xx_hal_spi.c ****   if ((pData == NULL) || (Size == 0UL))
1707:Drivers/STM32H5xx_HAL_Driver/Src/stm32h5xx_hal_spi.c ****   {
1708:Drivers/STM32H5xx_HAL_Driver/Src/stm32h5xx_hal_spi.c ****     return HAL_ERROR;
1709:Drivers/STM32H5xx_HAL_Driver/Src/stm32h5xx_hal_spi.c ****   }
1710:Drivers/STM32H5xx_HAL_Driver/Src/stm32h5xx_hal_spi.c **** 
1711:Drivers/STM32H5xx_HAL_Driver/Src/stm32h5xx_hal_spi.c ****   if (hspi->State != HAL_SPI_STATE_READY)
1712:Drivers/STM32H5xx_HAL_Driver/Src/stm32h5xx_hal_spi.c ****   {
1713:Drivers/STM32H5xx_HAL_Driver/Src/stm32h5xx_hal_spi.c ****     return HAL_BUSY;
1714:Drivers/STM32H5xx_HAL_Driver/Src/stm32h5xx_hal_spi.c ****   }
1715:Drivers/STM32H5xx_HAL_Driver/Src/stm32h5xx_hal_spi.c **** 
1716:Drivers/STM32H5xx_HAL_Driver/Src/stm32h5xx_hal_spi.c ****   /* Lock the process */
1717:Drivers/STM32H5xx_HAL_Driver/Src/stm32h5xx_hal_spi.c ****   __HAL_LOCK(hspi);
1718:Drivers/STM32H5xx_HAL_Driver/Src/stm32h5xx_hal_spi.c **** 
1719:Drivers/STM32H5xx_HAL_Driver/Src/stm32h5xx_hal_spi.c ****   /* Set the transaction information */
1720:Drivers/STM32H5xx_HAL_Driver/Src/stm32h5xx_hal_spi.c ****   hspi->State       = HAL_SPI_STATE_BUSY_TX;
1721:Drivers/STM32H5xx_HAL_Driver/Src/stm32h5xx_hal_spi.c ****   hspi->ErrorCode   = HAL_SPI_ERROR_NONE;
1722:Drivers/STM32H5xx_HAL_Driver/Src/stm32h5xx_hal_spi.c ****   hspi->pTxBuffPtr  = (const uint8_t *)pData;
1723:Drivers/STM32H5xx_HAL_Driver/Src/stm32h5xx_hal_spi.c ****   hspi->TxXferSize  = Size;
1724:Drivers/STM32H5xx_HAL_Driver/Src/stm32h5xx_hal_spi.c ****   hspi->TxXferCount = Size;
1725:Drivers/STM32H5xx_HAL_Driver/Src/stm32h5xx_hal_spi.c **** 
1726:Drivers/STM32H5xx_HAL_Driver/Src/stm32h5xx_hal_spi.c ****   /* Init field not used in handle to zero */
1727:Drivers/STM32H5xx_HAL_Driver/Src/stm32h5xx_hal_spi.c ****   hspi->pRxBuffPtr  = NULL;
1728:Drivers/STM32H5xx_HAL_Driver/Src/stm32h5xx_hal_spi.c ****   hspi->RxXferSize  = (uint16_t) 0UL;
1729:Drivers/STM32H5xx_HAL_Driver/Src/stm32h5xx_hal_spi.c ****   hspi->RxXferCount = (uint16_t) 0UL;
1730:Drivers/STM32H5xx_HAL_Driver/Src/stm32h5xx_hal_spi.c ****   hspi->RxISR       = NULL;
1731:Drivers/STM32H5xx_HAL_Driver/Src/stm32h5xx_hal_spi.c **** 
1732:Drivers/STM32H5xx_HAL_Driver/Src/stm32h5xx_hal_spi.c ****   /* Set the function for IT treatment */
1733:Drivers/STM32H5xx_HAL_Driver/Src/stm32h5xx_hal_spi.c ****   if ((hspi->Init.DataSize > SPI_DATASIZE_16BIT) && (IS_SPI_FULL_INSTANCE(hspi->Instance)))
1734:Drivers/STM32H5xx_HAL_Driver/Src/stm32h5xx_hal_spi.c ****   {
1735:Drivers/STM32H5xx_HAL_Driver/Src/stm32h5xx_hal_spi.c ****     hspi->TxISR = SPI_TxISR_32BIT;
1736:Drivers/STM32H5xx_HAL_Driver/Src/stm32h5xx_hal_spi.c ****   }
1737:Drivers/STM32H5xx_HAL_Driver/Src/stm32h5xx_hal_spi.c ****   else if (hspi->Init.DataSize > SPI_DATASIZE_8BIT)
1738:Drivers/STM32H5xx_HAL_Driver/Src/stm32h5xx_hal_spi.c ****   {
1739:Drivers/STM32H5xx_HAL_Driver/Src/stm32h5xx_hal_spi.c ****     hspi->TxISR = SPI_TxISR_16BIT;
ARM GAS  /tmp/cc3pUyOJ.s 			page 32


1740:Drivers/STM32H5xx_HAL_Driver/Src/stm32h5xx_hal_spi.c ****   }
1741:Drivers/STM32H5xx_HAL_Driver/Src/stm32h5xx_hal_spi.c ****   else
1742:Drivers/STM32H5xx_HAL_Driver/Src/stm32h5xx_hal_spi.c ****   {
1743:Drivers/STM32H5xx_HAL_Driver/Src/stm32h5xx_hal_spi.c ****     hspi->TxISR = SPI_TxISR_8BIT;
1744:Drivers/STM32H5xx_HAL_Driver/Src/stm32h5xx_hal_spi.c ****   }
1745:Drivers/STM32H5xx_HAL_Driver/Src/stm32h5xx_hal_spi.c **** 
1746:Drivers/STM32H5xx_HAL_Driver/Src/stm32h5xx_hal_spi.c ****   /* Configure communication direction : 1Line */
1747:Drivers/STM32H5xx_HAL_Driver/Src/stm32h5xx_hal_spi.c ****   if (hspi->Init.Direction == SPI_DIRECTION_1LINE)
1748:Drivers/STM32H5xx_HAL_Driver/Src/stm32h5xx_hal_spi.c ****   {
1749:Drivers/STM32H5xx_HAL_Driver/Src/stm32h5xx_hal_spi.c ****     SPI_1LINE_TX(hspi);
1750:Drivers/STM32H5xx_HAL_Driver/Src/stm32h5xx_hal_spi.c ****   }
1751:Drivers/STM32H5xx_HAL_Driver/Src/stm32h5xx_hal_spi.c ****   else
1752:Drivers/STM32H5xx_HAL_Driver/Src/stm32h5xx_hal_spi.c ****   {
1753:Drivers/STM32H5xx_HAL_Driver/Src/stm32h5xx_hal_spi.c ****     SPI_2LINES_TX(hspi);
1754:Drivers/STM32H5xx_HAL_Driver/Src/stm32h5xx_hal_spi.c ****   }
1755:Drivers/STM32H5xx_HAL_Driver/Src/stm32h5xx_hal_spi.c **** 
1756:Drivers/STM32H5xx_HAL_Driver/Src/stm32h5xx_hal_spi.c ****   /* Set the number of data at current transfer */
1757:Drivers/STM32H5xx_HAL_Driver/Src/stm32h5xx_hal_spi.c ****   MODIFY_REG(hspi->Instance->CR2, SPI_CR2_TSIZE, Size);
1758:Drivers/STM32H5xx_HAL_Driver/Src/stm32h5xx_hal_spi.c **** 
1759:Drivers/STM32H5xx_HAL_Driver/Src/stm32h5xx_hal_spi.c ****   /* Enable SPI peripheral */
1760:Drivers/STM32H5xx_HAL_Driver/Src/stm32h5xx_hal_spi.c ****   __HAL_SPI_ENABLE(hspi);
1761:Drivers/STM32H5xx_HAL_Driver/Src/stm32h5xx_hal_spi.c **** 
1762:Drivers/STM32H5xx_HAL_Driver/Src/stm32h5xx_hal_spi.c ****   /* Unlock the process */
1763:Drivers/STM32H5xx_HAL_Driver/Src/stm32h5xx_hal_spi.c ****   __HAL_UNLOCK(hspi);
1764:Drivers/STM32H5xx_HAL_Driver/Src/stm32h5xx_hal_spi.c **** 
1765:Drivers/STM32H5xx_HAL_Driver/Src/stm32h5xx_hal_spi.c ****   /* Enable EOT, TXP, FRE, MODF and UDR interrupts */
1766:Drivers/STM32H5xx_HAL_Driver/Src/stm32h5xx_hal_spi.c ****   __HAL_SPI_ENABLE_IT(hspi, (SPI_IT_EOT | SPI_IT_TXP | SPI_IT_UDR | SPI_IT_FRE | SPI_IT_MODF));
1767:Drivers/STM32H5xx_HAL_Driver/Src/stm32h5xx_hal_spi.c **** 
1768:Drivers/STM32H5xx_HAL_Driver/Src/stm32h5xx_hal_spi.c ****   if (hspi->Init.Mode == SPI_MODE_MASTER)
1769:Drivers/STM32H5xx_HAL_Driver/Src/stm32h5xx_hal_spi.c ****   {
1770:Drivers/STM32H5xx_HAL_Driver/Src/stm32h5xx_hal_spi.c ****     /* Master transfer start */
1771:Drivers/STM32H5xx_HAL_Driver/Src/stm32h5xx_hal_spi.c ****     SET_BIT(hspi->Instance->CR1, SPI_CR1_CSTART);
1772:Drivers/STM32H5xx_HAL_Driver/Src/stm32h5xx_hal_spi.c ****   }
1773:Drivers/STM32H5xx_HAL_Driver/Src/stm32h5xx_hal_spi.c **** 
1774:Drivers/STM32H5xx_HAL_Driver/Src/stm32h5xx_hal_spi.c ****   return HAL_OK;
1775:Drivers/STM32H5xx_HAL_Driver/Src/stm32h5xx_hal_spi.c **** }
1776:Drivers/STM32H5xx_HAL_Driver/Src/stm32h5xx_hal_spi.c **** 
1777:Drivers/STM32H5xx_HAL_Driver/Src/stm32h5xx_hal_spi.c **** /**
1778:Drivers/STM32H5xx_HAL_Driver/Src/stm32h5xx_hal_spi.c ****   * @brief  Receive an amount of data in non-blocking mode with Interrupt.
1779:Drivers/STM32H5xx_HAL_Driver/Src/stm32h5xx_hal_spi.c ****   * @param  hspi : pointer to a SPI_HandleTypeDef structure that contains
1780:Drivers/STM32H5xx_HAL_Driver/Src/stm32h5xx_hal_spi.c ****   *                the configuration information for SPI module.
1781:Drivers/STM32H5xx_HAL_Driver/Src/stm32h5xx_hal_spi.c ****   * @param  pData: pointer to data buffer
1782:Drivers/STM32H5xx_HAL_Driver/Src/stm32h5xx_hal_spi.c ****   * @param  Size : amount of data to be sent
1783:Drivers/STM32H5xx_HAL_Driver/Src/stm32h5xx_hal_spi.c ****   * @retval HAL status
1784:Drivers/STM32H5xx_HAL_Driver/Src/stm32h5xx_hal_spi.c ****   */
1785:Drivers/STM32H5xx_HAL_Driver/Src/stm32h5xx_hal_spi.c **** HAL_StatusTypeDef HAL_SPI_Receive_IT(SPI_HandleTypeDef *hspi, uint8_t *pData, uint16_t Size)
1786:Drivers/STM32H5xx_HAL_Driver/Src/stm32h5xx_hal_spi.c **** {
1787:Drivers/STM32H5xx_HAL_Driver/Src/stm32h5xx_hal_spi.c ****   /* Check Direction parameter */
1788:Drivers/STM32H5xx_HAL_Driver/Src/stm32h5xx_hal_spi.c ****   assert_param(IS_SPI_DIRECTION_2LINES_OR_1LINE_2LINES_RXONLY(hspi->Init.Direction));
1789:Drivers/STM32H5xx_HAL_Driver/Src/stm32h5xx_hal_spi.c **** 
1790:Drivers/STM32H5xx_HAL_Driver/Src/stm32h5xx_hal_spi.c ****   /* Check transfer size parameter */
1791:Drivers/STM32H5xx_HAL_Driver/Src/stm32h5xx_hal_spi.c ****   if (IS_SPI_LIMITED_INSTANCE(hspi->Instance))
1792:Drivers/STM32H5xx_HAL_Driver/Src/stm32h5xx_hal_spi.c ****   {
1793:Drivers/STM32H5xx_HAL_Driver/Src/stm32h5xx_hal_spi.c ****     assert_param(IS_SPI_LIMITED_TRANSFER_SIZE(Size));
1794:Drivers/STM32H5xx_HAL_Driver/Src/stm32h5xx_hal_spi.c ****   }
1795:Drivers/STM32H5xx_HAL_Driver/Src/stm32h5xx_hal_spi.c ****   else
1796:Drivers/STM32H5xx_HAL_Driver/Src/stm32h5xx_hal_spi.c ****   {
ARM GAS  /tmp/cc3pUyOJ.s 			page 33


1797:Drivers/STM32H5xx_HAL_Driver/Src/stm32h5xx_hal_spi.c ****     assert_param(IS_SPI_TRANSFER_SIZE(Size));
1798:Drivers/STM32H5xx_HAL_Driver/Src/stm32h5xx_hal_spi.c ****   }
1799:Drivers/STM32H5xx_HAL_Driver/Src/stm32h5xx_hal_spi.c **** 
1800:Drivers/STM32H5xx_HAL_Driver/Src/stm32h5xx_hal_spi.c ****   if (hspi->State != HAL_SPI_STATE_READY)
1801:Drivers/STM32H5xx_HAL_Driver/Src/stm32h5xx_hal_spi.c ****   {
1802:Drivers/STM32H5xx_HAL_Driver/Src/stm32h5xx_hal_spi.c ****     return HAL_BUSY;
1803:Drivers/STM32H5xx_HAL_Driver/Src/stm32h5xx_hal_spi.c ****   }
1804:Drivers/STM32H5xx_HAL_Driver/Src/stm32h5xx_hal_spi.c **** 
1805:Drivers/STM32H5xx_HAL_Driver/Src/stm32h5xx_hal_spi.c ****   if ((pData == NULL) || (Size == 0UL))
1806:Drivers/STM32H5xx_HAL_Driver/Src/stm32h5xx_hal_spi.c ****   {
1807:Drivers/STM32H5xx_HAL_Driver/Src/stm32h5xx_hal_spi.c ****     return HAL_ERROR;
1808:Drivers/STM32H5xx_HAL_Driver/Src/stm32h5xx_hal_spi.c ****   }
1809:Drivers/STM32H5xx_HAL_Driver/Src/stm32h5xx_hal_spi.c **** 
1810:Drivers/STM32H5xx_HAL_Driver/Src/stm32h5xx_hal_spi.c ****   /* Lock the process */
1811:Drivers/STM32H5xx_HAL_Driver/Src/stm32h5xx_hal_spi.c ****   __HAL_LOCK(hspi);
1812:Drivers/STM32H5xx_HAL_Driver/Src/stm32h5xx_hal_spi.c **** 
1813:Drivers/STM32H5xx_HAL_Driver/Src/stm32h5xx_hal_spi.c ****   /* Set the transaction information */
1814:Drivers/STM32H5xx_HAL_Driver/Src/stm32h5xx_hal_spi.c ****   hspi->State       = HAL_SPI_STATE_BUSY_RX;
1815:Drivers/STM32H5xx_HAL_Driver/Src/stm32h5xx_hal_spi.c ****   hspi->ErrorCode   = HAL_SPI_ERROR_NONE;
1816:Drivers/STM32H5xx_HAL_Driver/Src/stm32h5xx_hal_spi.c ****   hspi->pRxBuffPtr  = (uint8_t *)pData;
1817:Drivers/STM32H5xx_HAL_Driver/Src/stm32h5xx_hal_spi.c ****   hspi->RxXferSize  = Size;
1818:Drivers/STM32H5xx_HAL_Driver/Src/stm32h5xx_hal_spi.c ****   hspi->RxXferCount = Size;
1819:Drivers/STM32H5xx_HAL_Driver/Src/stm32h5xx_hal_spi.c **** 
1820:Drivers/STM32H5xx_HAL_Driver/Src/stm32h5xx_hal_spi.c ****   /* Init field not used in handle to zero */
1821:Drivers/STM32H5xx_HAL_Driver/Src/stm32h5xx_hal_spi.c ****   hspi->pTxBuffPtr  = NULL;
1822:Drivers/STM32H5xx_HAL_Driver/Src/stm32h5xx_hal_spi.c ****   hspi->TxXferSize  = (uint16_t) 0UL;
1823:Drivers/STM32H5xx_HAL_Driver/Src/stm32h5xx_hal_spi.c ****   hspi->TxXferCount = (uint16_t) 0UL;
1824:Drivers/STM32H5xx_HAL_Driver/Src/stm32h5xx_hal_spi.c ****   hspi->TxISR       = NULL;
1825:Drivers/STM32H5xx_HAL_Driver/Src/stm32h5xx_hal_spi.c **** 
1826:Drivers/STM32H5xx_HAL_Driver/Src/stm32h5xx_hal_spi.c ****   /* Set the function for IT treatment */
1827:Drivers/STM32H5xx_HAL_Driver/Src/stm32h5xx_hal_spi.c ****   if ((hspi->Init.DataSize > SPI_DATASIZE_16BIT) && (IS_SPI_FULL_INSTANCE(hspi->Instance)))
1828:Drivers/STM32H5xx_HAL_Driver/Src/stm32h5xx_hal_spi.c ****   {
1829:Drivers/STM32H5xx_HAL_Driver/Src/stm32h5xx_hal_spi.c ****     hspi->RxISR = SPI_RxISR_32BIT;
1830:Drivers/STM32H5xx_HAL_Driver/Src/stm32h5xx_hal_spi.c ****   }
1831:Drivers/STM32H5xx_HAL_Driver/Src/stm32h5xx_hal_spi.c ****   else if (hspi->Init.DataSize > SPI_DATASIZE_8BIT)
1832:Drivers/STM32H5xx_HAL_Driver/Src/stm32h5xx_hal_spi.c ****   {
1833:Drivers/STM32H5xx_HAL_Driver/Src/stm32h5xx_hal_spi.c ****     hspi->RxISR = SPI_RxISR_16BIT;
1834:Drivers/STM32H5xx_HAL_Driver/Src/stm32h5xx_hal_spi.c ****   }
1835:Drivers/STM32H5xx_HAL_Driver/Src/stm32h5xx_hal_spi.c ****   else
1836:Drivers/STM32H5xx_HAL_Driver/Src/stm32h5xx_hal_spi.c ****   {
1837:Drivers/STM32H5xx_HAL_Driver/Src/stm32h5xx_hal_spi.c ****     hspi->RxISR = SPI_RxISR_8BIT;
1838:Drivers/STM32H5xx_HAL_Driver/Src/stm32h5xx_hal_spi.c ****   }
1839:Drivers/STM32H5xx_HAL_Driver/Src/stm32h5xx_hal_spi.c **** 
1840:Drivers/STM32H5xx_HAL_Driver/Src/stm32h5xx_hal_spi.c ****   /* Configure communication direction : 1Line */
1841:Drivers/STM32H5xx_HAL_Driver/Src/stm32h5xx_hal_spi.c ****   if (hspi->Init.Direction == SPI_DIRECTION_1LINE)
1842:Drivers/STM32H5xx_HAL_Driver/Src/stm32h5xx_hal_spi.c ****   {
1843:Drivers/STM32H5xx_HAL_Driver/Src/stm32h5xx_hal_spi.c ****     SPI_1LINE_RX(hspi);
1844:Drivers/STM32H5xx_HAL_Driver/Src/stm32h5xx_hal_spi.c ****   }
1845:Drivers/STM32H5xx_HAL_Driver/Src/stm32h5xx_hal_spi.c ****   else
1846:Drivers/STM32H5xx_HAL_Driver/Src/stm32h5xx_hal_spi.c ****   {
1847:Drivers/STM32H5xx_HAL_Driver/Src/stm32h5xx_hal_spi.c ****     SPI_2LINES_RX(hspi);
1848:Drivers/STM32H5xx_HAL_Driver/Src/stm32h5xx_hal_spi.c ****   }
1849:Drivers/STM32H5xx_HAL_Driver/Src/stm32h5xx_hal_spi.c **** 
1850:Drivers/STM32H5xx_HAL_Driver/Src/stm32h5xx_hal_spi.c ****   /* Note : The SPI must be enabled after unlocking current process
1851:Drivers/STM32H5xx_HAL_Driver/Src/stm32h5xx_hal_spi.c ****             to avoid the risk of SPI interrupt handle execution before current
1852:Drivers/STM32H5xx_HAL_Driver/Src/stm32h5xx_hal_spi.c ****             process unlock */
1853:Drivers/STM32H5xx_HAL_Driver/Src/stm32h5xx_hal_spi.c **** 
ARM GAS  /tmp/cc3pUyOJ.s 			page 34


1854:Drivers/STM32H5xx_HAL_Driver/Src/stm32h5xx_hal_spi.c ****   /* Set the number of data at current transfer */
1855:Drivers/STM32H5xx_HAL_Driver/Src/stm32h5xx_hal_spi.c ****   MODIFY_REG(hspi->Instance->CR2, SPI_CR2_TSIZE, Size);
1856:Drivers/STM32H5xx_HAL_Driver/Src/stm32h5xx_hal_spi.c **** 
1857:Drivers/STM32H5xx_HAL_Driver/Src/stm32h5xx_hal_spi.c ****   /* Enable SPI peripheral */
1858:Drivers/STM32H5xx_HAL_Driver/Src/stm32h5xx_hal_spi.c ****   __HAL_SPI_ENABLE(hspi);
1859:Drivers/STM32H5xx_HAL_Driver/Src/stm32h5xx_hal_spi.c **** 
1860:Drivers/STM32H5xx_HAL_Driver/Src/stm32h5xx_hal_spi.c ****   /* Unlock the process */
1861:Drivers/STM32H5xx_HAL_Driver/Src/stm32h5xx_hal_spi.c ****   __HAL_UNLOCK(hspi);
1862:Drivers/STM32H5xx_HAL_Driver/Src/stm32h5xx_hal_spi.c **** 
1863:Drivers/STM32H5xx_HAL_Driver/Src/stm32h5xx_hal_spi.c ****   /* Enable EOT, RXP, OVR, FRE and MODF interrupts */
1864:Drivers/STM32H5xx_HAL_Driver/Src/stm32h5xx_hal_spi.c ****   __HAL_SPI_ENABLE_IT(hspi, (SPI_IT_EOT | SPI_IT_RXP | SPI_IT_OVR | SPI_IT_FRE | SPI_IT_MODF));
1865:Drivers/STM32H5xx_HAL_Driver/Src/stm32h5xx_hal_spi.c **** 
1866:Drivers/STM32H5xx_HAL_Driver/Src/stm32h5xx_hal_spi.c ****   if (hspi->Init.Mode == SPI_MODE_MASTER)
1867:Drivers/STM32H5xx_HAL_Driver/Src/stm32h5xx_hal_spi.c ****   {
1868:Drivers/STM32H5xx_HAL_Driver/Src/stm32h5xx_hal_spi.c ****     /* Master transfer start */
1869:Drivers/STM32H5xx_HAL_Driver/Src/stm32h5xx_hal_spi.c ****     SET_BIT(hspi->Instance->CR1, SPI_CR1_CSTART);
1870:Drivers/STM32H5xx_HAL_Driver/Src/stm32h5xx_hal_spi.c ****   }
1871:Drivers/STM32H5xx_HAL_Driver/Src/stm32h5xx_hal_spi.c **** 
1872:Drivers/STM32H5xx_HAL_Driver/Src/stm32h5xx_hal_spi.c ****   return HAL_OK;
1873:Drivers/STM32H5xx_HAL_Driver/Src/stm32h5xx_hal_spi.c **** }
1874:Drivers/STM32H5xx_HAL_Driver/Src/stm32h5xx_hal_spi.c **** 
1875:Drivers/STM32H5xx_HAL_Driver/Src/stm32h5xx_hal_spi.c **** /**
1876:Drivers/STM32H5xx_HAL_Driver/Src/stm32h5xx_hal_spi.c ****   * @brief  Transmit and Receive an amount of data in non-blocking mode with Interrupt.
1877:Drivers/STM32H5xx_HAL_Driver/Src/stm32h5xx_hal_spi.c ****   * @param  hspi   : pointer to a SPI_HandleTypeDef structure that contains
1878:Drivers/STM32H5xx_HAL_Driver/Src/stm32h5xx_hal_spi.c ****   *                  the configuration information for SPI module.
1879:Drivers/STM32H5xx_HAL_Driver/Src/stm32h5xx_hal_spi.c ****   * @param  pTxData: pointer to transmission data buffer
1880:Drivers/STM32H5xx_HAL_Driver/Src/stm32h5xx_hal_spi.c ****   * @param  pRxData: pointer to reception data buffer
1881:Drivers/STM32H5xx_HAL_Driver/Src/stm32h5xx_hal_spi.c ****   * @param  Size   : amount of data to be sent and received
1882:Drivers/STM32H5xx_HAL_Driver/Src/stm32h5xx_hal_spi.c ****   * @retval HAL status
1883:Drivers/STM32H5xx_HAL_Driver/Src/stm32h5xx_hal_spi.c ****   */
1884:Drivers/STM32H5xx_HAL_Driver/Src/stm32h5xx_hal_spi.c **** HAL_StatusTypeDef HAL_SPI_TransmitReceive_IT(SPI_HandleTypeDef *hspi, const uint8_t *pTxData, uint8
1885:Drivers/STM32H5xx_HAL_Driver/Src/stm32h5xx_hal_spi.c ****                                              uint16_t Size)
1886:Drivers/STM32H5xx_HAL_Driver/Src/stm32h5xx_hal_spi.c **** {
1887:Drivers/STM32H5xx_HAL_Driver/Src/stm32h5xx_hal_spi.c ****   uint32_t tmp_TxXferCount;
1888:Drivers/STM32H5xx_HAL_Driver/Src/stm32h5xx_hal_spi.c **** #if defined (__GNUC__)
1889:Drivers/STM32H5xx_HAL_Driver/Src/stm32h5xx_hal_spi.c ****   __IO uint16_t *ptxdr_16bits = (__IO uint16_t *)(&(hspi->Instance->TXDR));
1890:Drivers/STM32H5xx_HAL_Driver/Src/stm32h5xx_hal_spi.c **** #endif /* __GNUC__ */
1891:Drivers/STM32H5xx_HAL_Driver/Src/stm32h5xx_hal_spi.c **** 
1892:Drivers/STM32H5xx_HAL_Driver/Src/stm32h5xx_hal_spi.c ****   /* Check Direction parameter */
1893:Drivers/STM32H5xx_HAL_Driver/Src/stm32h5xx_hal_spi.c ****   assert_param(IS_SPI_DIRECTION_2LINES(hspi->Init.Direction));
1894:Drivers/STM32H5xx_HAL_Driver/Src/stm32h5xx_hal_spi.c **** 
1895:Drivers/STM32H5xx_HAL_Driver/Src/stm32h5xx_hal_spi.c ****   /* Check transfer size parameter */
1896:Drivers/STM32H5xx_HAL_Driver/Src/stm32h5xx_hal_spi.c ****   if (IS_SPI_LIMITED_INSTANCE(hspi->Instance))
1897:Drivers/STM32H5xx_HAL_Driver/Src/stm32h5xx_hal_spi.c ****   {
1898:Drivers/STM32H5xx_HAL_Driver/Src/stm32h5xx_hal_spi.c ****     assert_param(IS_SPI_LIMITED_TRANSFER_SIZE(Size));
1899:Drivers/STM32H5xx_HAL_Driver/Src/stm32h5xx_hal_spi.c ****   }
1900:Drivers/STM32H5xx_HAL_Driver/Src/stm32h5xx_hal_spi.c ****   else
1901:Drivers/STM32H5xx_HAL_Driver/Src/stm32h5xx_hal_spi.c ****   {
1902:Drivers/STM32H5xx_HAL_Driver/Src/stm32h5xx_hal_spi.c ****     assert_param(IS_SPI_TRANSFER_SIZE(Size));
1903:Drivers/STM32H5xx_HAL_Driver/Src/stm32h5xx_hal_spi.c ****   }
1904:Drivers/STM32H5xx_HAL_Driver/Src/stm32h5xx_hal_spi.c **** 
1905:Drivers/STM32H5xx_HAL_Driver/Src/stm32h5xx_hal_spi.c ****   if (hspi->State != HAL_SPI_STATE_READY)
1906:Drivers/STM32H5xx_HAL_Driver/Src/stm32h5xx_hal_spi.c ****   {
1907:Drivers/STM32H5xx_HAL_Driver/Src/stm32h5xx_hal_spi.c ****     return HAL_BUSY;
1908:Drivers/STM32H5xx_HAL_Driver/Src/stm32h5xx_hal_spi.c ****   }
1909:Drivers/STM32H5xx_HAL_Driver/Src/stm32h5xx_hal_spi.c **** 
1910:Drivers/STM32H5xx_HAL_Driver/Src/stm32h5xx_hal_spi.c ****   if ((pTxData == NULL) || (pRxData == NULL) || (Size == 0UL))
ARM GAS  /tmp/cc3pUyOJ.s 			page 35


1911:Drivers/STM32H5xx_HAL_Driver/Src/stm32h5xx_hal_spi.c ****   {
1912:Drivers/STM32H5xx_HAL_Driver/Src/stm32h5xx_hal_spi.c ****     return HAL_ERROR;
1913:Drivers/STM32H5xx_HAL_Driver/Src/stm32h5xx_hal_spi.c ****   }
1914:Drivers/STM32H5xx_HAL_Driver/Src/stm32h5xx_hal_spi.c **** 
1915:Drivers/STM32H5xx_HAL_Driver/Src/stm32h5xx_hal_spi.c ****   /* Lock the process */
1916:Drivers/STM32H5xx_HAL_Driver/Src/stm32h5xx_hal_spi.c ****   __HAL_LOCK(hspi);
1917:Drivers/STM32H5xx_HAL_Driver/Src/stm32h5xx_hal_spi.c **** 
1918:Drivers/STM32H5xx_HAL_Driver/Src/stm32h5xx_hal_spi.c ****   /* Set the transaction information */
1919:Drivers/STM32H5xx_HAL_Driver/Src/stm32h5xx_hal_spi.c ****   hspi->State       = HAL_SPI_STATE_BUSY_TX_RX;
1920:Drivers/STM32H5xx_HAL_Driver/Src/stm32h5xx_hal_spi.c ****   hspi->ErrorCode   = HAL_SPI_ERROR_NONE;
1921:Drivers/STM32H5xx_HAL_Driver/Src/stm32h5xx_hal_spi.c ****   hspi->pTxBuffPtr  = (const uint8_t *)pTxData;
1922:Drivers/STM32H5xx_HAL_Driver/Src/stm32h5xx_hal_spi.c ****   hspi->TxXferSize  = Size;
1923:Drivers/STM32H5xx_HAL_Driver/Src/stm32h5xx_hal_spi.c ****   hspi->TxXferCount = Size;
1924:Drivers/STM32H5xx_HAL_Driver/Src/stm32h5xx_hal_spi.c ****   hspi->pRxBuffPtr  = (uint8_t *)pRxData;
1925:Drivers/STM32H5xx_HAL_Driver/Src/stm32h5xx_hal_spi.c ****   hspi->RxXferSize  = Size;
1926:Drivers/STM32H5xx_HAL_Driver/Src/stm32h5xx_hal_spi.c ****   hspi->RxXferCount = Size;
1927:Drivers/STM32H5xx_HAL_Driver/Src/stm32h5xx_hal_spi.c ****   tmp_TxXferCount   = hspi->TxXferCount;
1928:Drivers/STM32H5xx_HAL_Driver/Src/stm32h5xx_hal_spi.c **** 
1929:Drivers/STM32H5xx_HAL_Driver/Src/stm32h5xx_hal_spi.c ****   /* Set the function for IT treatment */
1930:Drivers/STM32H5xx_HAL_Driver/Src/stm32h5xx_hal_spi.c ****   if ((hspi->Init.DataSize > SPI_DATASIZE_16BIT) && (IS_SPI_FULL_INSTANCE(hspi->Instance)))
1931:Drivers/STM32H5xx_HAL_Driver/Src/stm32h5xx_hal_spi.c ****   {
1932:Drivers/STM32H5xx_HAL_Driver/Src/stm32h5xx_hal_spi.c ****     hspi->TxISR     = SPI_TxISR_32BIT;
1933:Drivers/STM32H5xx_HAL_Driver/Src/stm32h5xx_hal_spi.c ****     hspi->RxISR     = SPI_RxISR_32BIT;
1934:Drivers/STM32H5xx_HAL_Driver/Src/stm32h5xx_hal_spi.c ****   }
1935:Drivers/STM32H5xx_HAL_Driver/Src/stm32h5xx_hal_spi.c ****   else if (hspi->Init.DataSize > SPI_DATASIZE_8BIT)
1936:Drivers/STM32H5xx_HAL_Driver/Src/stm32h5xx_hal_spi.c ****   {
1937:Drivers/STM32H5xx_HAL_Driver/Src/stm32h5xx_hal_spi.c ****     hspi->RxISR     = SPI_RxISR_16BIT;
1938:Drivers/STM32H5xx_HAL_Driver/Src/stm32h5xx_hal_spi.c ****     hspi->TxISR     = SPI_TxISR_16BIT;
1939:Drivers/STM32H5xx_HAL_Driver/Src/stm32h5xx_hal_spi.c ****   }
1940:Drivers/STM32H5xx_HAL_Driver/Src/stm32h5xx_hal_spi.c ****   else
1941:Drivers/STM32H5xx_HAL_Driver/Src/stm32h5xx_hal_spi.c ****   {
1942:Drivers/STM32H5xx_HAL_Driver/Src/stm32h5xx_hal_spi.c ****     hspi->RxISR     = SPI_RxISR_8BIT;
1943:Drivers/STM32H5xx_HAL_Driver/Src/stm32h5xx_hal_spi.c ****     hspi->TxISR     = SPI_TxISR_8BIT;
1944:Drivers/STM32H5xx_HAL_Driver/Src/stm32h5xx_hal_spi.c ****   }
1945:Drivers/STM32H5xx_HAL_Driver/Src/stm32h5xx_hal_spi.c **** 
1946:Drivers/STM32H5xx_HAL_Driver/Src/stm32h5xx_hal_spi.c ****   /* Set Full-Duplex mode */
1947:Drivers/STM32H5xx_HAL_Driver/Src/stm32h5xx_hal_spi.c ****   SPI_2LINES(hspi);
1948:Drivers/STM32H5xx_HAL_Driver/Src/stm32h5xx_hal_spi.c **** 
1949:Drivers/STM32H5xx_HAL_Driver/Src/stm32h5xx_hal_spi.c ****   /* Set the number of data at current transfer */
1950:Drivers/STM32H5xx_HAL_Driver/Src/stm32h5xx_hal_spi.c ****   MODIFY_REG(hspi->Instance->CR2, SPI_CR2_TSIZE, Size);
1951:Drivers/STM32H5xx_HAL_Driver/Src/stm32h5xx_hal_spi.c **** 
1952:Drivers/STM32H5xx_HAL_Driver/Src/stm32h5xx_hal_spi.c ****   /* Enable SPI peripheral */
1953:Drivers/STM32H5xx_HAL_Driver/Src/stm32h5xx_hal_spi.c ****   __HAL_SPI_ENABLE(hspi);
1954:Drivers/STM32H5xx_HAL_Driver/Src/stm32h5xx_hal_spi.c **** 
1955:Drivers/STM32H5xx_HAL_Driver/Src/stm32h5xx_hal_spi.c ****   /* Fill in the TxFIFO */
1956:Drivers/STM32H5xx_HAL_Driver/Src/stm32h5xx_hal_spi.c ****   while ((__HAL_SPI_GET_FLAG(hspi, SPI_FLAG_TXP)) && (tmp_TxXferCount != 0UL))
1957:Drivers/STM32H5xx_HAL_Driver/Src/stm32h5xx_hal_spi.c ****   {
1958:Drivers/STM32H5xx_HAL_Driver/Src/stm32h5xx_hal_spi.c ****     /* Transmit data in 32 Bit mode */
1959:Drivers/STM32H5xx_HAL_Driver/Src/stm32h5xx_hal_spi.c ****     if (hspi->Init.DataSize > SPI_DATASIZE_16BIT)
1960:Drivers/STM32H5xx_HAL_Driver/Src/stm32h5xx_hal_spi.c ****     {
1961:Drivers/STM32H5xx_HAL_Driver/Src/stm32h5xx_hal_spi.c ****       *((__IO uint32_t *)&hspi->Instance->TXDR) = *((const uint32_t *)hspi->pTxBuffPtr);
1962:Drivers/STM32H5xx_HAL_Driver/Src/stm32h5xx_hal_spi.c ****       hspi->pTxBuffPtr += sizeof(uint32_t);
1963:Drivers/STM32H5xx_HAL_Driver/Src/stm32h5xx_hal_spi.c ****       hspi->TxXferCount--;
1964:Drivers/STM32H5xx_HAL_Driver/Src/stm32h5xx_hal_spi.c ****       tmp_TxXferCount = hspi->TxXferCount;
1965:Drivers/STM32H5xx_HAL_Driver/Src/stm32h5xx_hal_spi.c ****     }
1966:Drivers/STM32H5xx_HAL_Driver/Src/stm32h5xx_hal_spi.c ****     /* Transmit data in 16 Bit mode */
1967:Drivers/STM32H5xx_HAL_Driver/Src/stm32h5xx_hal_spi.c ****     else if (hspi->Init.DataSize > SPI_DATASIZE_8BIT)
ARM GAS  /tmp/cc3pUyOJ.s 			page 36


1968:Drivers/STM32H5xx_HAL_Driver/Src/stm32h5xx_hal_spi.c ****     {
1969:Drivers/STM32H5xx_HAL_Driver/Src/stm32h5xx_hal_spi.c **** #if defined (__GNUC__)
1970:Drivers/STM32H5xx_HAL_Driver/Src/stm32h5xx_hal_spi.c ****       *ptxdr_16bits = *((const uint16_t *)hspi->pTxBuffPtr);
1971:Drivers/STM32H5xx_HAL_Driver/Src/stm32h5xx_hal_spi.c **** #else
1972:Drivers/STM32H5xx_HAL_Driver/Src/stm32h5xx_hal_spi.c ****       *((__IO uint16_t *)&hspi->Instance->TXDR) = *((const uint16_t *)hspi->pTxBuffPtr);
1973:Drivers/STM32H5xx_HAL_Driver/Src/stm32h5xx_hal_spi.c **** #endif /* __GNUC__ */
1974:Drivers/STM32H5xx_HAL_Driver/Src/stm32h5xx_hal_spi.c ****       hspi->pTxBuffPtr += sizeof(uint16_t);
1975:Drivers/STM32H5xx_HAL_Driver/Src/stm32h5xx_hal_spi.c ****       hspi->TxXferCount--;
1976:Drivers/STM32H5xx_HAL_Driver/Src/stm32h5xx_hal_spi.c ****       tmp_TxXferCount = hspi->TxXferCount;
1977:Drivers/STM32H5xx_HAL_Driver/Src/stm32h5xx_hal_spi.c ****     }
1978:Drivers/STM32H5xx_HAL_Driver/Src/stm32h5xx_hal_spi.c ****     /* Transmit data in 8 Bit mode */
1979:Drivers/STM32H5xx_HAL_Driver/Src/stm32h5xx_hal_spi.c ****     else
1980:Drivers/STM32H5xx_HAL_Driver/Src/stm32h5xx_hal_spi.c ****     {
1981:Drivers/STM32H5xx_HAL_Driver/Src/stm32h5xx_hal_spi.c ****       *((__IO uint8_t *)&hspi->Instance->TXDR) = *((const uint8_t *)hspi->pTxBuffPtr);
1982:Drivers/STM32H5xx_HAL_Driver/Src/stm32h5xx_hal_spi.c ****       hspi->pTxBuffPtr += sizeof(uint8_t);
1983:Drivers/STM32H5xx_HAL_Driver/Src/stm32h5xx_hal_spi.c ****       hspi->TxXferCount--;
1984:Drivers/STM32H5xx_HAL_Driver/Src/stm32h5xx_hal_spi.c ****       tmp_TxXferCount = hspi->TxXferCount;
1985:Drivers/STM32H5xx_HAL_Driver/Src/stm32h5xx_hal_spi.c ****     }
1986:Drivers/STM32H5xx_HAL_Driver/Src/stm32h5xx_hal_spi.c ****   }
1987:Drivers/STM32H5xx_HAL_Driver/Src/stm32h5xx_hal_spi.c **** 
1988:Drivers/STM32H5xx_HAL_Driver/Src/stm32h5xx_hal_spi.c ****   /* Unlock the process */
1989:Drivers/STM32H5xx_HAL_Driver/Src/stm32h5xx_hal_spi.c ****   __HAL_UNLOCK(hspi);
1990:Drivers/STM32H5xx_HAL_Driver/Src/stm32h5xx_hal_spi.c **** 
1991:Drivers/STM32H5xx_HAL_Driver/Src/stm32h5xx_hal_spi.c ****   /* Enable EOT, DXP, UDR, OVR, FRE and MODF interrupts */
1992:Drivers/STM32H5xx_HAL_Driver/Src/stm32h5xx_hal_spi.c ****   __HAL_SPI_ENABLE_IT(hspi, (SPI_IT_EOT | SPI_IT_DXP | SPI_IT_UDR | SPI_IT_OVR | SPI_IT_FRE | SPI_I
1993:Drivers/STM32H5xx_HAL_Driver/Src/stm32h5xx_hal_spi.c **** 
1994:Drivers/STM32H5xx_HAL_Driver/Src/stm32h5xx_hal_spi.c ****   if (hspi->Init.Mode == SPI_MODE_MASTER)
1995:Drivers/STM32H5xx_HAL_Driver/Src/stm32h5xx_hal_spi.c ****   {
1996:Drivers/STM32H5xx_HAL_Driver/Src/stm32h5xx_hal_spi.c ****     /* Start Master transfer */
1997:Drivers/STM32H5xx_HAL_Driver/Src/stm32h5xx_hal_spi.c ****     SET_BIT(hspi->Instance->CR1, SPI_CR1_CSTART);
1998:Drivers/STM32H5xx_HAL_Driver/Src/stm32h5xx_hal_spi.c ****   }
1999:Drivers/STM32H5xx_HAL_Driver/Src/stm32h5xx_hal_spi.c **** 
2000:Drivers/STM32H5xx_HAL_Driver/Src/stm32h5xx_hal_spi.c ****   return HAL_OK;
2001:Drivers/STM32H5xx_HAL_Driver/Src/stm32h5xx_hal_spi.c **** }
2002:Drivers/STM32H5xx_HAL_Driver/Src/stm32h5xx_hal_spi.c **** 
2003:Drivers/STM32H5xx_HAL_Driver/Src/stm32h5xx_hal_spi.c **** 
2004:Drivers/STM32H5xx_HAL_Driver/Src/stm32h5xx_hal_spi.c **** 
2005:Drivers/STM32H5xx_HAL_Driver/Src/stm32h5xx_hal_spi.c **** 
2006:Drivers/STM32H5xx_HAL_Driver/Src/stm32h5xx_hal_spi.c **** #if defined(HAL_DMA_MODULE_ENABLED)
2007:Drivers/STM32H5xx_HAL_Driver/Src/stm32h5xx_hal_spi.c **** /**
2008:Drivers/STM32H5xx_HAL_Driver/Src/stm32h5xx_hal_spi.c ****   * @brief  Transmit an amount of data in non-blocking mode with DMA.
2009:Drivers/STM32H5xx_HAL_Driver/Src/stm32h5xx_hal_spi.c ****   * @param  hspi : pointer to a SPI_HandleTypeDef structure that contains
2010:Drivers/STM32H5xx_HAL_Driver/Src/stm32h5xx_hal_spi.c ****   *                the configuration information for SPI module.
2011:Drivers/STM32H5xx_HAL_Driver/Src/stm32h5xx_hal_spi.c ****   * @param  pData: pointer to data buffer
2012:Drivers/STM32H5xx_HAL_Driver/Src/stm32h5xx_hal_spi.c ****   * @param  Size : amount of data to be sent
2013:Drivers/STM32H5xx_HAL_Driver/Src/stm32h5xx_hal_spi.c ****   * @retval HAL status
2014:Drivers/STM32H5xx_HAL_Driver/Src/stm32h5xx_hal_spi.c ****   */
2015:Drivers/STM32H5xx_HAL_Driver/Src/stm32h5xx_hal_spi.c **** HAL_StatusTypeDef HAL_SPI_Transmit_DMA(SPI_HandleTypeDef *hspi, const uint8_t *pData, uint16_t Size
2016:Drivers/STM32H5xx_HAL_Driver/Src/stm32h5xx_hal_spi.c **** {
2017:Drivers/STM32H5xx_HAL_Driver/Src/stm32h5xx_hal_spi.c ****   HAL_StatusTypeDef status;
2018:Drivers/STM32H5xx_HAL_Driver/Src/stm32h5xx_hal_spi.c **** 
2019:Drivers/STM32H5xx_HAL_Driver/Src/stm32h5xx_hal_spi.c ****   /* Check Direction parameter */
2020:Drivers/STM32H5xx_HAL_Driver/Src/stm32h5xx_hal_spi.c ****   assert_param(IS_SPI_DIRECTION_2LINES_OR_1LINE_2LINES_TXONLY(hspi->Init.Direction));
2021:Drivers/STM32H5xx_HAL_Driver/Src/stm32h5xx_hal_spi.c **** 
2022:Drivers/STM32H5xx_HAL_Driver/Src/stm32h5xx_hal_spi.c ****   /* Check transfer size parameter */
2023:Drivers/STM32H5xx_HAL_Driver/Src/stm32h5xx_hal_spi.c ****   if (IS_SPI_LIMITED_INSTANCE(hspi->Instance))
2024:Drivers/STM32H5xx_HAL_Driver/Src/stm32h5xx_hal_spi.c ****   {
ARM GAS  /tmp/cc3pUyOJ.s 			page 37


2025:Drivers/STM32H5xx_HAL_Driver/Src/stm32h5xx_hal_spi.c ****     assert_param(IS_SPI_LIMITED_TRANSFER_SIZE(Size));
2026:Drivers/STM32H5xx_HAL_Driver/Src/stm32h5xx_hal_spi.c ****   }
2027:Drivers/STM32H5xx_HAL_Driver/Src/stm32h5xx_hal_spi.c ****   else
2028:Drivers/STM32H5xx_HAL_Driver/Src/stm32h5xx_hal_spi.c ****   {
2029:Drivers/STM32H5xx_HAL_Driver/Src/stm32h5xx_hal_spi.c ****     assert_param(IS_SPI_TRANSFER_SIZE(Size));
2030:Drivers/STM32H5xx_HAL_Driver/Src/stm32h5xx_hal_spi.c ****   }
2031:Drivers/STM32H5xx_HAL_Driver/Src/stm32h5xx_hal_spi.c **** 
2032:Drivers/STM32H5xx_HAL_Driver/Src/stm32h5xx_hal_spi.c ****   if (hspi->State != HAL_SPI_STATE_READY)
2033:Drivers/STM32H5xx_HAL_Driver/Src/stm32h5xx_hal_spi.c ****   {
2034:Drivers/STM32H5xx_HAL_Driver/Src/stm32h5xx_hal_spi.c ****     return HAL_BUSY;
2035:Drivers/STM32H5xx_HAL_Driver/Src/stm32h5xx_hal_spi.c ****   }
2036:Drivers/STM32H5xx_HAL_Driver/Src/stm32h5xx_hal_spi.c **** 
2037:Drivers/STM32H5xx_HAL_Driver/Src/stm32h5xx_hal_spi.c ****   if ((pData == NULL) || (Size == 0UL))
2038:Drivers/STM32H5xx_HAL_Driver/Src/stm32h5xx_hal_spi.c ****   {
2039:Drivers/STM32H5xx_HAL_Driver/Src/stm32h5xx_hal_spi.c ****     return HAL_ERROR;
2040:Drivers/STM32H5xx_HAL_Driver/Src/stm32h5xx_hal_spi.c ****   }
2041:Drivers/STM32H5xx_HAL_Driver/Src/stm32h5xx_hal_spi.c **** 
2042:Drivers/STM32H5xx_HAL_Driver/Src/stm32h5xx_hal_spi.c ****   /* Lock the process */
2043:Drivers/STM32H5xx_HAL_Driver/Src/stm32h5xx_hal_spi.c ****   __HAL_LOCK(hspi);
2044:Drivers/STM32H5xx_HAL_Driver/Src/stm32h5xx_hal_spi.c **** 
2045:Drivers/STM32H5xx_HAL_Driver/Src/stm32h5xx_hal_spi.c ****   /* Set the transaction information */
2046:Drivers/STM32H5xx_HAL_Driver/Src/stm32h5xx_hal_spi.c ****   hspi->State       = HAL_SPI_STATE_BUSY_TX;
2047:Drivers/STM32H5xx_HAL_Driver/Src/stm32h5xx_hal_spi.c ****   hspi->ErrorCode   = HAL_SPI_ERROR_NONE;
2048:Drivers/STM32H5xx_HAL_Driver/Src/stm32h5xx_hal_spi.c ****   hspi->pTxBuffPtr  = (const uint8_t *)pData;
2049:Drivers/STM32H5xx_HAL_Driver/Src/stm32h5xx_hal_spi.c ****   hspi->TxXferSize  = Size;
2050:Drivers/STM32H5xx_HAL_Driver/Src/stm32h5xx_hal_spi.c ****   hspi->TxXferCount = Size;
2051:Drivers/STM32H5xx_HAL_Driver/Src/stm32h5xx_hal_spi.c **** 
2052:Drivers/STM32H5xx_HAL_Driver/Src/stm32h5xx_hal_spi.c ****   /* Init field not used in handle to zero */
2053:Drivers/STM32H5xx_HAL_Driver/Src/stm32h5xx_hal_spi.c ****   hspi->pRxBuffPtr  = NULL;
2054:Drivers/STM32H5xx_HAL_Driver/Src/stm32h5xx_hal_spi.c ****   hspi->TxISR       = NULL;
2055:Drivers/STM32H5xx_HAL_Driver/Src/stm32h5xx_hal_spi.c ****   hspi->RxISR       = NULL;
2056:Drivers/STM32H5xx_HAL_Driver/Src/stm32h5xx_hal_spi.c ****   hspi->RxXferSize  = (uint16_t)0UL;
2057:Drivers/STM32H5xx_HAL_Driver/Src/stm32h5xx_hal_spi.c ****   hspi->RxXferCount = (uint16_t)0UL;
2058:Drivers/STM32H5xx_HAL_Driver/Src/stm32h5xx_hal_spi.c **** 
2059:Drivers/STM32H5xx_HAL_Driver/Src/stm32h5xx_hal_spi.c ****   /* Configure communication direction : 1Line */
2060:Drivers/STM32H5xx_HAL_Driver/Src/stm32h5xx_hal_spi.c ****   if (hspi->Init.Direction == SPI_DIRECTION_1LINE)
2061:Drivers/STM32H5xx_HAL_Driver/Src/stm32h5xx_hal_spi.c ****   {
2062:Drivers/STM32H5xx_HAL_Driver/Src/stm32h5xx_hal_spi.c ****     SPI_1LINE_TX(hspi);
2063:Drivers/STM32H5xx_HAL_Driver/Src/stm32h5xx_hal_spi.c ****   }
2064:Drivers/STM32H5xx_HAL_Driver/Src/stm32h5xx_hal_spi.c ****   else
2065:Drivers/STM32H5xx_HAL_Driver/Src/stm32h5xx_hal_spi.c ****   {
2066:Drivers/STM32H5xx_HAL_Driver/Src/stm32h5xx_hal_spi.c ****     SPI_2LINES_TX(hspi);
2067:Drivers/STM32H5xx_HAL_Driver/Src/stm32h5xx_hal_spi.c ****   }
2068:Drivers/STM32H5xx_HAL_Driver/Src/stm32h5xx_hal_spi.c **** 
2069:Drivers/STM32H5xx_HAL_Driver/Src/stm32h5xx_hal_spi.c ****   /* Packing mode management is enabled by the DMA settings */
2070:Drivers/STM32H5xx_HAL_Driver/Src/stm32h5xx_hal_spi.c ****   if (((hspi->Init.DataSize > SPI_DATASIZE_16BIT) && (hspi->hdmatx->Init.SrcDataWidth !=  DMA_SRC_D
2071:Drivers/STM32H5xx_HAL_Driver/Src/stm32h5xx_hal_spi.c ****        (IS_SPI_FULL_INSTANCE(hspi->Instance))) || \
2072:Drivers/STM32H5xx_HAL_Driver/Src/stm32h5xx_hal_spi.c ****       ((hspi->Init.DataSize > SPI_DATASIZE_8BIT)  && (hspi->hdmatx->Init.SrcDataWidth ==  DMA_SRC_D
2073:Drivers/STM32H5xx_HAL_Driver/Src/stm32h5xx_hal_spi.c ****   {
2074:Drivers/STM32H5xx_HAL_Driver/Src/stm32h5xx_hal_spi.c ****     /* Restriction the DMA data received is not allowed in this mode */
2075:Drivers/STM32H5xx_HAL_Driver/Src/stm32h5xx_hal_spi.c ****     __HAL_UNLOCK(hspi);
2076:Drivers/STM32H5xx_HAL_Driver/Src/stm32h5xx_hal_spi.c ****     return HAL_ERROR;
2077:Drivers/STM32H5xx_HAL_Driver/Src/stm32h5xx_hal_spi.c ****   }
2078:Drivers/STM32H5xx_HAL_Driver/Src/stm32h5xx_hal_spi.c **** 
2079:Drivers/STM32H5xx_HAL_Driver/Src/stm32h5xx_hal_spi.c ****   /* Adjust XferCount according to DMA alignment / Data size */
2080:Drivers/STM32H5xx_HAL_Driver/Src/stm32h5xx_hal_spi.c ****   if (hspi->Init.DataSize <= SPI_DATASIZE_8BIT)
2081:Drivers/STM32H5xx_HAL_Driver/Src/stm32h5xx_hal_spi.c ****   {
ARM GAS  /tmp/cc3pUyOJ.s 			page 38


2082:Drivers/STM32H5xx_HAL_Driver/Src/stm32h5xx_hal_spi.c ****     if (hspi->hdmatx->Init.SrcDataWidth == DMA_SRC_DATAWIDTH_HALFWORD)
2083:Drivers/STM32H5xx_HAL_Driver/Src/stm32h5xx_hal_spi.c ****     {
2084:Drivers/STM32H5xx_HAL_Driver/Src/stm32h5xx_hal_spi.c ****       hspi->TxXferCount = (hspi->TxXferCount + (uint16_t) 1UL) >> 1UL;
2085:Drivers/STM32H5xx_HAL_Driver/Src/stm32h5xx_hal_spi.c ****     }
2086:Drivers/STM32H5xx_HAL_Driver/Src/stm32h5xx_hal_spi.c ****     if (hspi->hdmatx->Init.SrcDataWidth == DMA_SRC_DATAWIDTH_WORD)
2087:Drivers/STM32H5xx_HAL_Driver/Src/stm32h5xx_hal_spi.c ****     {
2088:Drivers/STM32H5xx_HAL_Driver/Src/stm32h5xx_hal_spi.c ****       hspi->TxXferCount = (hspi->TxXferCount + (uint16_t) 3UL) >> 2UL;
2089:Drivers/STM32H5xx_HAL_Driver/Src/stm32h5xx_hal_spi.c ****     }
2090:Drivers/STM32H5xx_HAL_Driver/Src/stm32h5xx_hal_spi.c ****   }
2091:Drivers/STM32H5xx_HAL_Driver/Src/stm32h5xx_hal_spi.c ****   else if (hspi->Init.DataSize <= SPI_DATASIZE_16BIT)
2092:Drivers/STM32H5xx_HAL_Driver/Src/stm32h5xx_hal_spi.c ****   {
2093:Drivers/STM32H5xx_HAL_Driver/Src/stm32h5xx_hal_spi.c ****     if (hspi->hdmatx->Init.SrcDataWidth == DMA_SRC_DATAWIDTH_WORD)
2094:Drivers/STM32H5xx_HAL_Driver/Src/stm32h5xx_hal_spi.c ****     {
2095:Drivers/STM32H5xx_HAL_Driver/Src/stm32h5xx_hal_spi.c ****       hspi->TxXferCount = (hspi->TxXferCount + (uint16_t) 1UL) >> 1UL;
2096:Drivers/STM32H5xx_HAL_Driver/Src/stm32h5xx_hal_spi.c ****     }
2097:Drivers/STM32H5xx_HAL_Driver/Src/stm32h5xx_hal_spi.c ****   }
2098:Drivers/STM32H5xx_HAL_Driver/Src/stm32h5xx_hal_spi.c ****   else
2099:Drivers/STM32H5xx_HAL_Driver/Src/stm32h5xx_hal_spi.c ****   {
2100:Drivers/STM32H5xx_HAL_Driver/Src/stm32h5xx_hal_spi.c ****     /* Adjustment done */
2101:Drivers/STM32H5xx_HAL_Driver/Src/stm32h5xx_hal_spi.c ****   }
2102:Drivers/STM32H5xx_HAL_Driver/Src/stm32h5xx_hal_spi.c **** 
2103:Drivers/STM32H5xx_HAL_Driver/Src/stm32h5xx_hal_spi.c ****   /* Set the SPI TxDMA Half transfer complete callback */
2104:Drivers/STM32H5xx_HAL_Driver/Src/stm32h5xx_hal_spi.c ****   hspi->hdmatx->XferHalfCpltCallback = SPI_DMAHalfTransmitCplt;
2105:Drivers/STM32H5xx_HAL_Driver/Src/stm32h5xx_hal_spi.c **** 
2106:Drivers/STM32H5xx_HAL_Driver/Src/stm32h5xx_hal_spi.c ****   /* Set the SPI TxDMA transfer complete callback */
2107:Drivers/STM32H5xx_HAL_Driver/Src/stm32h5xx_hal_spi.c ****   hspi->hdmatx->XferCpltCallback = SPI_DMATransmitCplt;
2108:Drivers/STM32H5xx_HAL_Driver/Src/stm32h5xx_hal_spi.c **** 
2109:Drivers/STM32H5xx_HAL_Driver/Src/stm32h5xx_hal_spi.c ****   /* Set the DMA error callback */
2110:Drivers/STM32H5xx_HAL_Driver/Src/stm32h5xx_hal_spi.c ****   hspi->hdmatx->XferErrorCallback = SPI_DMAError;
2111:Drivers/STM32H5xx_HAL_Driver/Src/stm32h5xx_hal_spi.c **** 
2112:Drivers/STM32H5xx_HAL_Driver/Src/stm32h5xx_hal_spi.c ****   /* Set the DMA AbortCpltCallback */
2113:Drivers/STM32H5xx_HAL_Driver/Src/stm32h5xx_hal_spi.c ****   hspi->hdmatx->XferAbortCallback = NULL;
2114:Drivers/STM32H5xx_HAL_Driver/Src/stm32h5xx_hal_spi.c **** 
2115:Drivers/STM32H5xx_HAL_Driver/Src/stm32h5xx_hal_spi.c ****   /* Clear TXDMAEN bit*/
2116:Drivers/STM32H5xx_HAL_Driver/Src/stm32h5xx_hal_spi.c ****   CLEAR_BIT(hspi->Instance->CFG1, SPI_CFG1_TXDMAEN);
2117:Drivers/STM32H5xx_HAL_Driver/Src/stm32h5xx_hal_spi.c **** 
2118:Drivers/STM32H5xx_HAL_Driver/Src/stm32h5xx_hal_spi.c ****   if (hspi->Init.DataSize <= SPI_DATASIZE_8BIT)
2119:Drivers/STM32H5xx_HAL_Driver/Src/stm32h5xx_hal_spi.c ****   {
2120:Drivers/STM32H5xx_HAL_Driver/Src/stm32h5xx_hal_spi.c ****     hspi->TxXferCount = Size;
2121:Drivers/STM32H5xx_HAL_Driver/Src/stm32h5xx_hal_spi.c ****   }
2122:Drivers/STM32H5xx_HAL_Driver/Src/stm32h5xx_hal_spi.c ****   else if (hspi->Init.DataSize <= SPI_DATASIZE_16BIT)
2123:Drivers/STM32H5xx_HAL_Driver/Src/stm32h5xx_hal_spi.c ****   {
2124:Drivers/STM32H5xx_HAL_Driver/Src/stm32h5xx_hal_spi.c ****     hspi->TxXferCount = Size * 2U;
2125:Drivers/STM32H5xx_HAL_Driver/Src/stm32h5xx_hal_spi.c ****   }
2126:Drivers/STM32H5xx_HAL_Driver/Src/stm32h5xx_hal_spi.c ****   else
2127:Drivers/STM32H5xx_HAL_Driver/Src/stm32h5xx_hal_spi.c ****   {
2128:Drivers/STM32H5xx_HAL_Driver/Src/stm32h5xx_hal_spi.c ****     hspi->TxXferCount = Size * 4U;
2129:Drivers/STM32H5xx_HAL_Driver/Src/stm32h5xx_hal_spi.c ****   }
2130:Drivers/STM32H5xx_HAL_Driver/Src/stm32h5xx_hal_spi.c **** 
2131:Drivers/STM32H5xx_HAL_Driver/Src/stm32h5xx_hal_spi.c ****   /* Enable the Tx DMA Stream/Channel */
2132:Drivers/STM32H5xx_HAL_Driver/Src/stm32h5xx_hal_spi.c ****   if ((hspi->hdmatx->Mode & DMA_LINKEDLIST) == DMA_LINKEDLIST)
2133:Drivers/STM32H5xx_HAL_Driver/Src/stm32h5xx_hal_spi.c ****   {
2134:Drivers/STM32H5xx_HAL_Driver/Src/stm32h5xx_hal_spi.c ****     if (hspi->hdmatx->LinkedListQueue != NULL)
2135:Drivers/STM32H5xx_HAL_Driver/Src/stm32h5xx_hal_spi.c ****     {
2136:Drivers/STM32H5xx_HAL_Driver/Src/stm32h5xx_hal_spi.c ****       /* Set DMA data size */
2137:Drivers/STM32H5xx_HAL_Driver/Src/stm32h5xx_hal_spi.c ****       hspi->hdmatx->LinkedListQueue->Head->LinkRegisters[NODE_CBR1_DEFAULT_OFFSET] = hspi->TxXferCo
2138:Drivers/STM32H5xx_HAL_Driver/Src/stm32h5xx_hal_spi.c **** 
ARM GAS  /tmp/cc3pUyOJ.s 			page 39


2139:Drivers/STM32H5xx_HAL_Driver/Src/stm32h5xx_hal_spi.c ****       /* Set DMA source address */
2140:Drivers/STM32H5xx_HAL_Driver/Src/stm32h5xx_hal_spi.c ****       hspi->hdmatx->LinkedListQueue->Head->LinkRegisters[NODE_CSAR_DEFAULT_OFFSET] = (uint32_t)hspi
2141:Drivers/STM32H5xx_HAL_Driver/Src/stm32h5xx_hal_spi.c **** 
2142:Drivers/STM32H5xx_HAL_Driver/Src/stm32h5xx_hal_spi.c ****       /* Set DMA destination address */
2143:Drivers/STM32H5xx_HAL_Driver/Src/stm32h5xx_hal_spi.c ****       hspi->hdmatx->LinkedListQueue->Head->LinkRegisters[NODE_CDAR_DEFAULT_OFFSET] = (uint32_t)&hsp
2144:Drivers/STM32H5xx_HAL_Driver/Src/stm32h5xx_hal_spi.c **** 
2145:Drivers/STM32H5xx_HAL_Driver/Src/stm32h5xx_hal_spi.c ****       status = HAL_DMAEx_List_Start_IT(hspi->hdmatx);
2146:Drivers/STM32H5xx_HAL_Driver/Src/stm32h5xx_hal_spi.c ****     }
2147:Drivers/STM32H5xx_HAL_Driver/Src/stm32h5xx_hal_spi.c ****     else
2148:Drivers/STM32H5xx_HAL_Driver/Src/stm32h5xx_hal_spi.c ****     {
2149:Drivers/STM32H5xx_HAL_Driver/Src/stm32h5xx_hal_spi.c ****       status = HAL_ERROR;
2150:Drivers/STM32H5xx_HAL_Driver/Src/stm32h5xx_hal_spi.c ****     }
2151:Drivers/STM32H5xx_HAL_Driver/Src/stm32h5xx_hal_spi.c ****   }
2152:Drivers/STM32H5xx_HAL_Driver/Src/stm32h5xx_hal_spi.c ****   else
2153:Drivers/STM32H5xx_HAL_Driver/Src/stm32h5xx_hal_spi.c ****   {
2154:Drivers/STM32H5xx_HAL_Driver/Src/stm32h5xx_hal_spi.c ****     status = HAL_DMA_Start_IT(hspi->hdmatx, (uint32_t)hspi->pTxBuffPtr, (uint32_t)&hspi->Instance->
2155:Drivers/STM32H5xx_HAL_Driver/Src/stm32h5xx_hal_spi.c ****                               hspi->TxXferCount);
2156:Drivers/STM32H5xx_HAL_Driver/Src/stm32h5xx_hal_spi.c ****   }
2157:Drivers/STM32H5xx_HAL_Driver/Src/stm32h5xx_hal_spi.c **** 
2158:Drivers/STM32H5xx_HAL_Driver/Src/stm32h5xx_hal_spi.c ****   /* Check status */
2159:Drivers/STM32H5xx_HAL_Driver/Src/stm32h5xx_hal_spi.c ****   if (status != HAL_OK)
2160:Drivers/STM32H5xx_HAL_Driver/Src/stm32h5xx_hal_spi.c ****   {
2161:Drivers/STM32H5xx_HAL_Driver/Src/stm32h5xx_hal_spi.c ****     /* Update SPI error code */
2162:Drivers/STM32H5xx_HAL_Driver/Src/stm32h5xx_hal_spi.c ****     SET_BIT(hspi->ErrorCode, HAL_SPI_ERROR_DMA);
2163:Drivers/STM32H5xx_HAL_Driver/Src/stm32h5xx_hal_spi.c ****     hspi->State = HAL_SPI_STATE_READY;
2164:Drivers/STM32H5xx_HAL_Driver/Src/stm32h5xx_hal_spi.c **** 
2165:Drivers/STM32H5xx_HAL_Driver/Src/stm32h5xx_hal_spi.c ****     /* Unlock the process */
2166:Drivers/STM32H5xx_HAL_Driver/Src/stm32h5xx_hal_spi.c ****     __HAL_UNLOCK(hspi);
2167:Drivers/STM32H5xx_HAL_Driver/Src/stm32h5xx_hal_spi.c **** 
2168:Drivers/STM32H5xx_HAL_Driver/Src/stm32h5xx_hal_spi.c ****     return HAL_ERROR;
2169:Drivers/STM32H5xx_HAL_Driver/Src/stm32h5xx_hal_spi.c ****   }
2170:Drivers/STM32H5xx_HAL_Driver/Src/stm32h5xx_hal_spi.c **** 
2171:Drivers/STM32H5xx_HAL_Driver/Src/stm32h5xx_hal_spi.c ****   /* Set the number of data at current transfer */
2172:Drivers/STM32H5xx_HAL_Driver/Src/stm32h5xx_hal_spi.c ****   if (hspi->hdmatx->Mode == DMA_LINKEDLIST_CIRCULAR)
2173:Drivers/STM32H5xx_HAL_Driver/Src/stm32h5xx_hal_spi.c ****   {
2174:Drivers/STM32H5xx_HAL_Driver/Src/stm32h5xx_hal_spi.c ****     MODIFY_REG(hspi->Instance->CR2, SPI_CR2_TSIZE, 0UL);
2175:Drivers/STM32H5xx_HAL_Driver/Src/stm32h5xx_hal_spi.c ****   }
2176:Drivers/STM32H5xx_HAL_Driver/Src/stm32h5xx_hal_spi.c ****   else
2177:Drivers/STM32H5xx_HAL_Driver/Src/stm32h5xx_hal_spi.c ****   {
2178:Drivers/STM32H5xx_HAL_Driver/Src/stm32h5xx_hal_spi.c ****     MODIFY_REG(hspi->Instance->CR2, SPI_CR2_TSIZE, Size);
2179:Drivers/STM32H5xx_HAL_Driver/Src/stm32h5xx_hal_spi.c ****   }
2180:Drivers/STM32H5xx_HAL_Driver/Src/stm32h5xx_hal_spi.c **** 
2181:Drivers/STM32H5xx_HAL_Driver/Src/stm32h5xx_hal_spi.c ****   /* Enable Tx DMA Request */
2182:Drivers/STM32H5xx_HAL_Driver/Src/stm32h5xx_hal_spi.c ****   SET_BIT(hspi->Instance->CFG1, SPI_CFG1_TXDMAEN);
2183:Drivers/STM32H5xx_HAL_Driver/Src/stm32h5xx_hal_spi.c **** 
2184:Drivers/STM32H5xx_HAL_Driver/Src/stm32h5xx_hal_spi.c ****   /* Enable the SPI Error Interrupt Bit */
2185:Drivers/STM32H5xx_HAL_Driver/Src/stm32h5xx_hal_spi.c ****   __HAL_SPI_ENABLE_IT(hspi, (SPI_IT_UDR | SPI_IT_FRE | SPI_IT_MODF));
2186:Drivers/STM32H5xx_HAL_Driver/Src/stm32h5xx_hal_spi.c **** 
2187:Drivers/STM32H5xx_HAL_Driver/Src/stm32h5xx_hal_spi.c ****   /* Enable SPI peripheral */
2188:Drivers/STM32H5xx_HAL_Driver/Src/stm32h5xx_hal_spi.c ****   __HAL_SPI_ENABLE(hspi);
2189:Drivers/STM32H5xx_HAL_Driver/Src/stm32h5xx_hal_spi.c **** 
2190:Drivers/STM32H5xx_HAL_Driver/Src/stm32h5xx_hal_spi.c ****   if (hspi->Init.Mode == SPI_MODE_MASTER)
2191:Drivers/STM32H5xx_HAL_Driver/Src/stm32h5xx_hal_spi.c ****   {
2192:Drivers/STM32H5xx_HAL_Driver/Src/stm32h5xx_hal_spi.c ****     /* Master transfer start */
2193:Drivers/STM32H5xx_HAL_Driver/Src/stm32h5xx_hal_spi.c ****     SET_BIT(hspi->Instance->CR1, SPI_CR1_CSTART);
2194:Drivers/STM32H5xx_HAL_Driver/Src/stm32h5xx_hal_spi.c ****   }
2195:Drivers/STM32H5xx_HAL_Driver/Src/stm32h5xx_hal_spi.c **** 
ARM GAS  /tmp/cc3pUyOJ.s 			page 40


2196:Drivers/STM32H5xx_HAL_Driver/Src/stm32h5xx_hal_spi.c ****   /* Unlock the process */
2197:Drivers/STM32H5xx_HAL_Driver/Src/stm32h5xx_hal_spi.c ****   __HAL_UNLOCK(hspi);
2198:Drivers/STM32H5xx_HAL_Driver/Src/stm32h5xx_hal_spi.c **** 
2199:Drivers/STM32H5xx_HAL_Driver/Src/stm32h5xx_hal_spi.c ****   return HAL_OK;
2200:Drivers/STM32H5xx_HAL_Driver/Src/stm32h5xx_hal_spi.c **** }
2201:Drivers/STM32H5xx_HAL_Driver/Src/stm32h5xx_hal_spi.c **** 
2202:Drivers/STM32H5xx_HAL_Driver/Src/stm32h5xx_hal_spi.c **** /**
2203:Drivers/STM32H5xx_HAL_Driver/Src/stm32h5xx_hal_spi.c ****   * @brief  Receive an amount of data in non-blocking mode with DMA.
2204:Drivers/STM32H5xx_HAL_Driver/Src/stm32h5xx_hal_spi.c ****   * @param  hspi : pointer to a SPI_HandleTypeDef structure that contains
2205:Drivers/STM32H5xx_HAL_Driver/Src/stm32h5xx_hal_spi.c ****   *                the configuration information for SPI module.
2206:Drivers/STM32H5xx_HAL_Driver/Src/stm32h5xx_hal_spi.c ****   * @param  pData: pointer to data buffer
2207:Drivers/STM32H5xx_HAL_Driver/Src/stm32h5xx_hal_spi.c ****   * @param  Size : amount of data to be sent
2208:Drivers/STM32H5xx_HAL_Driver/Src/stm32h5xx_hal_spi.c ****   * @note   When the CRC feature is enabled the pData Length must be Size + 1.
2209:Drivers/STM32H5xx_HAL_Driver/Src/stm32h5xx_hal_spi.c ****   * @retval HAL status
2210:Drivers/STM32H5xx_HAL_Driver/Src/stm32h5xx_hal_spi.c ****   */
2211:Drivers/STM32H5xx_HAL_Driver/Src/stm32h5xx_hal_spi.c **** HAL_StatusTypeDef HAL_SPI_Receive_DMA(SPI_HandleTypeDef *hspi, uint8_t *pData, uint16_t Size)
2212:Drivers/STM32H5xx_HAL_Driver/Src/stm32h5xx_hal_spi.c **** {
2213:Drivers/STM32H5xx_HAL_Driver/Src/stm32h5xx_hal_spi.c ****   HAL_StatusTypeDef status;
2214:Drivers/STM32H5xx_HAL_Driver/Src/stm32h5xx_hal_spi.c **** 
2215:Drivers/STM32H5xx_HAL_Driver/Src/stm32h5xx_hal_spi.c ****   /* Check Direction parameter */
2216:Drivers/STM32H5xx_HAL_Driver/Src/stm32h5xx_hal_spi.c ****   assert_param(IS_SPI_DIRECTION_2LINES_OR_1LINE_2LINES_RXONLY(hspi->Init.Direction));
2217:Drivers/STM32H5xx_HAL_Driver/Src/stm32h5xx_hal_spi.c **** 
2218:Drivers/STM32H5xx_HAL_Driver/Src/stm32h5xx_hal_spi.c ****   /* Check transfer size parameter */
2219:Drivers/STM32H5xx_HAL_Driver/Src/stm32h5xx_hal_spi.c ****   if (IS_SPI_LIMITED_INSTANCE(hspi->Instance))
2220:Drivers/STM32H5xx_HAL_Driver/Src/stm32h5xx_hal_spi.c ****   {
2221:Drivers/STM32H5xx_HAL_Driver/Src/stm32h5xx_hal_spi.c ****     assert_param(IS_SPI_LIMITED_TRANSFER_SIZE(Size));
2222:Drivers/STM32H5xx_HAL_Driver/Src/stm32h5xx_hal_spi.c ****   }
2223:Drivers/STM32H5xx_HAL_Driver/Src/stm32h5xx_hal_spi.c ****   else
2224:Drivers/STM32H5xx_HAL_Driver/Src/stm32h5xx_hal_spi.c ****   {
2225:Drivers/STM32H5xx_HAL_Driver/Src/stm32h5xx_hal_spi.c ****     assert_param(IS_SPI_TRANSFER_SIZE(Size));
2226:Drivers/STM32H5xx_HAL_Driver/Src/stm32h5xx_hal_spi.c ****   }
2227:Drivers/STM32H5xx_HAL_Driver/Src/stm32h5xx_hal_spi.c **** 
2228:Drivers/STM32H5xx_HAL_Driver/Src/stm32h5xx_hal_spi.c ****   if (hspi->State != HAL_SPI_STATE_READY)
2229:Drivers/STM32H5xx_HAL_Driver/Src/stm32h5xx_hal_spi.c ****   {
2230:Drivers/STM32H5xx_HAL_Driver/Src/stm32h5xx_hal_spi.c ****     __HAL_UNLOCK(hspi);
2231:Drivers/STM32H5xx_HAL_Driver/Src/stm32h5xx_hal_spi.c ****     return HAL_BUSY;
2232:Drivers/STM32H5xx_HAL_Driver/Src/stm32h5xx_hal_spi.c ****   }
2233:Drivers/STM32H5xx_HAL_Driver/Src/stm32h5xx_hal_spi.c **** 
2234:Drivers/STM32H5xx_HAL_Driver/Src/stm32h5xx_hal_spi.c ****   if ((pData == NULL) || (Size == 0UL))
2235:Drivers/STM32H5xx_HAL_Driver/Src/stm32h5xx_hal_spi.c ****   {
2236:Drivers/STM32H5xx_HAL_Driver/Src/stm32h5xx_hal_spi.c ****     __HAL_UNLOCK(hspi);
2237:Drivers/STM32H5xx_HAL_Driver/Src/stm32h5xx_hal_spi.c ****     return HAL_ERROR;
2238:Drivers/STM32H5xx_HAL_Driver/Src/stm32h5xx_hal_spi.c ****   }
2239:Drivers/STM32H5xx_HAL_Driver/Src/stm32h5xx_hal_spi.c **** 
2240:Drivers/STM32H5xx_HAL_Driver/Src/stm32h5xx_hal_spi.c ****   /* Lock the process */
2241:Drivers/STM32H5xx_HAL_Driver/Src/stm32h5xx_hal_spi.c ****   __HAL_LOCK(hspi);
2242:Drivers/STM32H5xx_HAL_Driver/Src/stm32h5xx_hal_spi.c **** 
2243:Drivers/STM32H5xx_HAL_Driver/Src/stm32h5xx_hal_spi.c ****   /* Set the transaction information */
2244:Drivers/STM32H5xx_HAL_Driver/Src/stm32h5xx_hal_spi.c ****   hspi->State       = HAL_SPI_STATE_BUSY_RX;
2245:Drivers/STM32H5xx_HAL_Driver/Src/stm32h5xx_hal_spi.c ****   hspi->ErrorCode   = HAL_SPI_ERROR_NONE;
2246:Drivers/STM32H5xx_HAL_Driver/Src/stm32h5xx_hal_spi.c ****   hspi->pRxBuffPtr  = (uint8_t *)pData;
2247:Drivers/STM32H5xx_HAL_Driver/Src/stm32h5xx_hal_spi.c ****   hspi->RxXferSize  = Size;
2248:Drivers/STM32H5xx_HAL_Driver/Src/stm32h5xx_hal_spi.c ****   hspi->RxXferCount = Size;
2249:Drivers/STM32H5xx_HAL_Driver/Src/stm32h5xx_hal_spi.c **** 
2250:Drivers/STM32H5xx_HAL_Driver/Src/stm32h5xx_hal_spi.c ****   /*Init field not used in handle to zero */
2251:Drivers/STM32H5xx_HAL_Driver/Src/stm32h5xx_hal_spi.c ****   hspi->RxISR       = NULL;
2252:Drivers/STM32H5xx_HAL_Driver/Src/stm32h5xx_hal_spi.c ****   hspi->TxISR       = NULL;
ARM GAS  /tmp/cc3pUyOJ.s 			page 41


2253:Drivers/STM32H5xx_HAL_Driver/Src/stm32h5xx_hal_spi.c ****   hspi->TxXferSize  = (uint16_t) 0UL;
2254:Drivers/STM32H5xx_HAL_Driver/Src/stm32h5xx_hal_spi.c ****   hspi->TxXferCount = (uint16_t) 0UL;
2255:Drivers/STM32H5xx_HAL_Driver/Src/stm32h5xx_hal_spi.c **** 
2256:Drivers/STM32H5xx_HAL_Driver/Src/stm32h5xx_hal_spi.c ****   /* Configure communication direction : 1Line */
2257:Drivers/STM32H5xx_HAL_Driver/Src/stm32h5xx_hal_spi.c ****   if (hspi->Init.Direction == SPI_DIRECTION_1LINE)
2258:Drivers/STM32H5xx_HAL_Driver/Src/stm32h5xx_hal_spi.c ****   {
2259:Drivers/STM32H5xx_HAL_Driver/Src/stm32h5xx_hal_spi.c ****     SPI_1LINE_RX(hspi);
2260:Drivers/STM32H5xx_HAL_Driver/Src/stm32h5xx_hal_spi.c ****   }
2261:Drivers/STM32H5xx_HAL_Driver/Src/stm32h5xx_hal_spi.c ****   else
2262:Drivers/STM32H5xx_HAL_Driver/Src/stm32h5xx_hal_spi.c ****   {
2263:Drivers/STM32H5xx_HAL_Driver/Src/stm32h5xx_hal_spi.c ****     SPI_2LINES_RX(hspi);
2264:Drivers/STM32H5xx_HAL_Driver/Src/stm32h5xx_hal_spi.c ****   }
2265:Drivers/STM32H5xx_HAL_Driver/Src/stm32h5xx_hal_spi.c **** 
2266:Drivers/STM32H5xx_HAL_Driver/Src/stm32h5xx_hal_spi.c ****   /* Packing mode management is enabled by the DMA settings */
2267:Drivers/STM32H5xx_HAL_Driver/Src/stm32h5xx_hal_spi.c ****   if (((hspi->Init.DataSize > SPI_DATASIZE_16BIT) && (hspi->hdmarx->Init.DestDataWidth != DMA_DEST_
2268:Drivers/STM32H5xx_HAL_Driver/Src/stm32h5xx_hal_spi.c ****        (IS_SPI_FULL_INSTANCE(hspi->Instance))) || \
2269:Drivers/STM32H5xx_HAL_Driver/Src/stm32h5xx_hal_spi.c ****       ((hspi->Init.DataSize > SPI_DATASIZE_8BIT)  && (hspi->hdmarx->Init.DestDataWidth == DMA_DEST_
2270:Drivers/STM32H5xx_HAL_Driver/Src/stm32h5xx_hal_spi.c ****   {
2271:Drivers/STM32H5xx_HAL_Driver/Src/stm32h5xx_hal_spi.c ****     /* Restriction the DMA data received is not allowed in this mode */
2272:Drivers/STM32H5xx_HAL_Driver/Src/stm32h5xx_hal_spi.c ****     __HAL_UNLOCK(hspi);
2273:Drivers/STM32H5xx_HAL_Driver/Src/stm32h5xx_hal_spi.c ****     return HAL_ERROR;
2274:Drivers/STM32H5xx_HAL_Driver/Src/stm32h5xx_hal_spi.c ****   }
2275:Drivers/STM32H5xx_HAL_Driver/Src/stm32h5xx_hal_spi.c **** 
2276:Drivers/STM32H5xx_HAL_Driver/Src/stm32h5xx_hal_spi.c ****   /* Clear RXDMAEN bit */
2277:Drivers/STM32H5xx_HAL_Driver/Src/stm32h5xx_hal_spi.c ****   CLEAR_BIT(hspi->Instance->CFG1, SPI_CFG1_RXDMAEN);
2278:Drivers/STM32H5xx_HAL_Driver/Src/stm32h5xx_hal_spi.c **** 
2279:Drivers/STM32H5xx_HAL_Driver/Src/stm32h5xx_hal_spi.c ****   /* Adjust XferCount according to DMA alignment / Data size */
2280:Drivers/STM32H5xx_HAL_Driver/Src/stm32h5xx_hal_spi.c ****   if (hspi->Init.DataSize <= SPI_DATASIZE_8BIT)
2281:Drivers/STM32H5xx_HAL_Driver/Src/stm32h5xx_hal_spi.c ****   {
2282:Drivers/STM32H5xx_HAL_Driver/Src/stm32h5xx_hal_spi.c ****     if (hspi->hdmarx->Init.DestDataWidth == DMA_DEST_DATAWIDTH_HALFWORD)
2283:Drivers/STM32H5xx_HAL_Driver/Src/stm32h5xx_hal_spi.c ****     {
2284:Drivers/STM32H5xx_HAL_Driver/Src/stm32h5xx_hal_spi.c ****       hspi->RxXferCount = (hspi->RxXferCount + (uint16_t) 1UL) >> 1UL;
2285:Drivers/STM32H5xx_HAL_Driver/Src/stm32h5xx_hal_spi.c ****     }
2286:Drivers/STM32H5xx_HAL_Driver/Src/stm32h5xx_hal_spi.c ****     if (hspi->hdmarx->Init.DestDataWidth == DMA_DEST_DATAWIDTH_WORD)
2287:Drivers/STM32H5xx_HAL_Driver/Src/stm32h5xx_hal_spi.c ****     {
2288:Drivers/STM32H5xx_HAL_Driver/Src/stm32h5xx_hal_spi.c ****       hspi->RxXferCount = (hspi->RxXferCount + (uint16_t) 3UL) >> 2UL;
2289:Drivers/STM32H5xx_HAL_Driver/Src/stm32h5xx_hal_spi.c ****     }
2290:Drivers/STM32H5xx_HAL_Driver/Src/stm32h5xx_hal_spi.c ****   }
2291:Drivers/STM32H5xx_HAL_Driver/Src/stm32h5xx_hal_spi.c ****   else if (hspi->Init.DataSize <= SPI_DATASIZE_16BIT)
2292:Drivers/STM32H5xx_HAL_Driver/Src/stm32h5xx_hal_spi.c ****   {
2293:Drivers/STM32H5xx_HAL_Driver/Src/stm32h5xx_hal_spi.c ****     if (hspi->hdmarx->Init.DestDataWidth == DMA_DEST_DATAWIDTH_WORD)
2294:Drivers/STM32H5xx_HAL_Driver/Src/stm32h5xx_hal_spi.c ****     {
2295:Drivers/STM32H5xx_HAL_Driver/Src/stm32h5xx_hal_spi.c ****       hspi->RxXferCount = (hspi->RxXferCount + (uint16_t) 1UL) >> 1UL;
2296:Drivers/STM32H5xx_HAL_Driver/Src/stm32h5xx_hal_spi.c ****     }
2297:Drivers/STM32H5xx_HAL_Driver/Src/stm32h5xx_hal_spi.c ****   }
2298:Drivers/STM32H5xx_HAL_Driver/Src/stm32h5xx_hal_spi.c ****   else
2299:Drivers/STM32H5xx_HAL_Driver/Src/stm32h5xx_hal_spi.c ****   {
2300:Drivers/STM32H5xx_HAL_Driver/Src/stm32h5xx_hal_spi.c ****     /* Adjustment done */
2301:Drivers/STM32H5xx_HAL_Driver/Src/stm32h5xx_hal_spi.c ****   }
2302:Drivers/STM32H5xx_HAL_Driver/Src/stm32h5xx_hal_spi.c **** 
2303:Drivers/STM32H5xx_HAL_Driver/Src/stm32h5xx_hal_spi.c ****   /* Set the SPI RxDMA Half transfer complete callback */
2304:Drivers/STM32H5xx_HAL_Driver/Src/stm32h5xx_hal_spi.c ****   hspi->hdmarx->XferHalfCpltCallback = SPI_DMAHalfReceiveCplt;
2305:Drivers/STM32H5xx_HAL_Driver/Src/stm32h5xx_hal_spi.c **** 
2306:Drivers/STM32H5xx_HAL_Driver/Src/stm32h5xx_hal_spi.c ****   /* Set the SPI Rx DMA transfer complete callback */
2307:Drivers/STM32H5xx_HAL_Driver/Src/stm32h5xx_hal_spi.c ****   hspi->hdmarx->XferCpltCallback = SPI_DMAReceiveCplt;
2308:Drivers/STM32H5xx_HAL_Driver/Src/stm32h5xx_hal_spi.c **** 
2309:Drivers/STM32H5xx_HAL_Driver/Src/stm32h5xx_hal_spi.c ****   /* Set the DMA error callback */
ARM GAS  /tmp/cc3pUyOJ.s 			page 42


2310:Drivers/STM32H5xx_HAL_Driver/Src/stm32h5xx_hal_spi.c ****   hspi->hdmarx->XferErrorCallback = SPI_DMAError;
2311:Drivers/STM32H5xx_HAL_Driver/Src/stm32h5xx_hal_spi.c **** 
2312:Drivers/STM32H5xx_HAL_Driver/Src/stm32h5xx_hal_spi.c ****   /* Set the DMA AbortCpltCallback */
2313:Drivers/STM32H5xx_HAL_Driver/Src/stm32h5xx_hal_spi.c ****   hspi->hdmarx->XferAbortCallback = NULL;
2314:Drivers/STM32H5xx_HAL_Driver/Src/stm32h5xx_hal_spi.c **** 
2315:Drivers/STM32H5xx_HAL_Driver/Src/stm32h5xx_hal_spi.c ****   if (hspi->Init.DataSize <= SPI_DATASIZE_8BIT)
2316:Drivers/STM32H5xx_HAL_Driver/Src/stm32h5xx_hal_spi.c ****   {
2317:Drivers/STM32H5xx_HAL_Driver/Src/stm32h5xx_hal_spi.c ****     hspi->RxXferCount = Size;
2318:Drivers/STM32H5xx_HAL_Driver/Src/stm32h5xx_hal_spi.c ****   }
2319:Drivers/STM32H5xx_HAL_Driver/Src/stm32h5xx_hal_spi.c ****   else if (hspi->Init.DataSize <= SPI_DATASIZE_16BIT)
2320:Drivers/STM32H5xx_HAL_Driver/Src/stm32h5xx_hal_spi.c ****   {
2321:Drivers/STM32H5xx_HAL_Driver/Src/stm32h5xx_hal_spi.c ****     hspi->RxXferCount = Size * 2U;
2322:Drivers/STM32H5xx_HAL_Driver/Src/stm32h5xx_hal_spi.c ****   }
2323:Drivers/STM32H5xx_HAL_Driver/Src/stm32h5xx_hal_spi.c ****   else
2324:Drivers/STM32H5xx_HAL_Driver/Src/stm32h5xx_hal_spi.c ****   {
2325:Drivers/STM32H5xx_HAL_Driver/Src/stm32h5xx_hal_spi.c ****     hspi->RxXferCount = Size * 4U;
2326:Drivers/STM32H5xx_HAL_Driver/Src/stm32h5xx_hal_spi.c ****   }
2327:Drivers/STM32H5xx_HAL_Driver/Src/stm32h5xx_hal_spi.c **** 
2328:Drivers/STM32H5xx_HAL_Driver/Src/stm32h5xx_hal_spi.c ****   /* Enable the Rx DMA Stream/Channel  */
2329:Drivers/STM32H5xx_HAL_Driver/Src/stm32h5xx_hal_spi.c ****   if ((hspi->hdmarx->Mode & DMA_LINKEDLIST) == DMA_LINKEDLIST)
2330:Drivers/STM32H5xx_HAL_Driver/Src/stm32h5xx_hal_spi.c ****   {
2331:Drivers/STM32H5xx_HAL_Driver/Src/stm32h5xx_hal_spi.c ****     if (hspi->hdmarx->LinkedListQueue != NULL)
2332:Drivers/STM32H5xx_HAL_Driver/Src/stm32h5xx_hal_spi.c ****     {
2333:Drivers/STM32H5xx_HAL_Driver/Src/stm32h5xx_hal_spi.c ****       /* Set DMA data size */
2334:Drivers/STM32H5xx_HAL_Driver/Src/stm32h5xx_hal_spi.c ****       hspi->hdmarx->LinkedListQueue->Head->LinkRegisters[NODE_CBR1_DEFAULT_OFFSET] = hspi->RxXferCo
2335:Drivers/STM32H5xx_HAL_Driver/Src/stm32h5xx_hal_spi.c **** 
2336:Drivers/STM32H5xx_HAL_Driver/Src/stm32h5xx_hal_spi.c ****       /* Set DMA source address */
2337:Drivers/STM32H5xx_HAL_Driver/Src/stm32h5xx_hal_spi.c ****       hspi->hdmarx->LinkedListQueue->Head->LinkRegisters[NODE_CSAR_DEFAULT_OFFSET] = (uint32_t)&hsp
2338:Drivers/STM32H5xx_HAL_Driver/Src/stm32h5xx_hal_spi.c **** 
2339:Drivers/STM32H5xx_HAL_Driver/Src/stm32h5xx_hal_spi.c ****       /* Set DMA destination address */
2340:Drivers/STM32H5xx_HAL_Driver/Src/stm32h5xx_hal_spi.c ****       hspi->hdmarx->LinkedListQueue->Head->LinkRegisters[NODE_CDAR_DEFAULT_OFFSET] = (uint32_t)hspi
2341:Drivers/STM32H5xx_HAL_Driver/Src/stm32h5xx_hal_spi.c **** 
2342:Drivers/STM32H5xx_HAL_Driver/Src/stm32h5xx_hal_spi.c ****       status = HAL_DMAEx_List_Start_IT(hspi->hdmarx);
2343:Drivers/STM32H5xx_HAL_Driver/Src/stm32h5xx_hal_spi.c ****     }
2344:Drivers/STM32H5xx_HAL_Driver/Src/stm32h5xx_hal_spi.c ****     else
2345:Drivers/STM32H5xx_HAL_Driver/Src/stm32h5xx_hal_spi.c ****     {
2346:Drivers/STM32H5xx_HAL_Driver/Src/stm32h5xx_hal_spi.c ****       status = HAL_ERROR;
2347:Drivers/STM32H5xx_HAL_Driver/Src/stm32h5xx_hal_spi.c ****     }
2348:Drivers/STM32H5xx_HAL_Driver/Src/stm32h5xx_hal_spi.c ****   }
2349:Drivers/STM32H5xx_HAL_Driver/Src/stm32h5xx_hal_spi.c ****   else
2350:Drivers/STM32H5xx_HAL_Driver/Src/stm32h5xx_hal_spi.c ****   {
2351:Drivers/STM32H5xx_HAL_Driver/Src/stm32h5xx_hal_spi.c ****     status = HAL_DMA_Start_IT(hspi->hdmarx, (uint32_t)&hspi->Instance->RXDR, (uint32_t)hspi->pRxBuf
2352:Drivers/STM32H5xx_HAL_Driver/Src/stm32h5xx_hal_spi.c ****                               hspi->RxXferCount);
2353:Drivers/STM32H5xx_HAL_Driver/Src/stm32h5xx_hal_spi.c ****   }
2354:Drivers/STM32H5xx_HAL_Driver/Src/stm32h5xx_hal_spi.c **** 
2355:Drivers/STM32H5xx_HAL_Driver/Src/stm32h5xx_hal_spi.c ****   /* Check status */
2356:Drivers/STM32H5xx_HAL_Driver/Src/stm32h5xx_hal_spi.c ****   if (status != HAL_OK)
2357:Drivers/STM32H5xx_HAL_Driver/Src/stm32h5xx_hal_spi.c ****   {
2358:Drivers/STM32H5xx_HAL_Driver/Src/stm32h5xx_hal_spi.c ****     /* Update SPI error code */
2359:Drivers/STM32H5xx_HAL_Driver/Src/stm32h5xx_hal_spi.c ****     SET_BIT(hspi->ErrorCode, HAL_SPI_ERROR_DMA);
2360:Drivers/STM32H5xx_HAL_Driver/Src/stm32h5xx_hal_spi.c ****     hspi->State = HAL_SPI_STATE_READY;
2361:Drivers/STM32H5xx_HAL_Driver/Src/stm32h5xx_hal_spi.c **** 
2362:Drivers/STM32H5xx_HAL_Driver/Src/stm32h5xx_hal_spi.c ****     /* Unlock the process */
2363:Drivers/STM32H5xx_HAL_Driver/Src/stm32h5xx_hal_spi.c ****     __HAL_UNLOCK(hspi);
2364:Drivers/STM32H5xx_HAL_Driver/Src/stm32h5xx_hal_spi.c **** 
2365:Drivers/STM32H5xx_HAL_Driver/Src/stm32h5xx_hal_spi.c ****     return HAL_ERROR;
2366:Drivers/STM32H5xx_HAL_Driver/Src/stm32h5xx_hal_spi.c ****   }
ARM GAS  /tmp/cc3pUyOJ.s 			page 43


2367:Drivers/STM32H5xx_HAL_Driver/Src/stm32h5xx_hal_spi.c **** 
2368:Drivers/STM32H5xx_HAL_Driver/Src/stm32h5xx_hal_spi.c ****   /* Set the number of data at current transfer */
2369:Drivers/STM32H5xx_HAL_Driver/Src/stm32h5xx_hal_spi.c ****   if (hspi->hdmarx->Mode == DMA_LINKEDLIST_CIRCULAR)
2370:Drivers/STM32H5xx_HAL_Driver/Src/stm32h5xx_hal_spi.c ****   {
2371:Drivers/STM32H5xx_HAL_Driver/Src/stm32h5xx_hal_spi.c ****     MODIFY_REG(hspi->Instance->CR2, SPI_CR2_TSIZE, 0UL);
2372:Drivers/STM32H5xx_HAL_Driver/Src/stm32h5xx_hal_spi.c ****   }
2373:Drivers/STM32H5xx_HAL_Driver/Src/stm32h5xx_hal_spi.c ****   else
2374:Drivers/STM32H5xx_HAL_Driver/Src/stm32h5xx_hal_spi.c ****   {
2375:Drivers/STM32H5xx_HAL_Driver/Src/stm32h5xx_hal_spi.c ****     MODIFY_REG(hspi->Instance->CR2, SPI_CR2_TSIZE, Size);
2376:Drivers/STM32H5xx_HAL_Driver/Src/stm32h5xx_hal_spi.c ****   }
2377:Drivers/STM32H5xx_HAL_Driver/Src/stm32h5xx_hal_spi.c **** 
2378:Drivers/STM32H5xx_HAL_Driver/Src/stm32h5xx_hal_spi.c ****   /* Enable Rx DMA Request */
2379:Drivers/STM32H5xx_HAL_Driver/Src/stm32h5xx_hal_spi.c ****   SET_BIT(hspi->Instance->CFG1, SPI_CFG1_RXDMAEN);
2380:Drivers/STM32H5xx_HAL_Driver/Src/stm32h5xx_hal_spi.c **** 
2381:Drivers/STM32H5xx_HAL_Driver/Src/stm32h5xx_hal_spi.c ****   /* Enable the SPI Error Interrupt Bit */
2382:Drivers/STM32H5xx_HAL_Driver/Src/stm32h5xx_hal_spi.c ****   __HAL_SPI_ENABLE_IT(hspi, (SPI_IT_OVR | SPI_IT_FRE | SPI_IT_MODF));
2383:Drivers/STM32H5xx_HAL_Driver/Src/stm32h5xx_hal_spi.c **** 
2384:Drivers/STM32H5xx_HAL_Driver/Src/stm32h5xx_hal_spi.c ****   /* Enable SPI peripheral */
2385:Drivers/STM32H5xx_HAL_Driver/Src/stm32h5xx_hal_spi.c ****   __HAL_SPI_ENABLE(hspi);
2386:Drivers/STM32H5xx_HAL_Driver/Src/stm32h5xx_hal_spi.c **** 
2387:Drivers/STM32H5xx_HAL_Driver/Src/stm32h5xx_hal_spi.c ****   if (hspi->Init.Mode == SPI_MODE_MASTER)
2388:Drivers/STM32H5xx_HAL_Driver/Src/stm32h5xx_hal_spi.c ****   {
2389:Drivers/STM32H5xx_HAL_Driver/Src/stm32h5xx_hal_spi.c ****     /* Master transfer start */
2390:Drivers/STM32H5xx_HAL_Driver/Src/stm32h5xx_hal_spi.c ****     SET_BIT(hspi->Instance->CR1, SPI_CR1_CSTART);
2391:Drivers/STM32H5xx_HAL_Driver/Src/stm32h5xx_hal_spi.c ****   }
2392:Drivers/STM32H5xx_HAL_Driver/Src/stm32h5xx_hal_spi.c **** 
2393:Drivers/STM32H5xx_HAL_Driver/Src/stm32h5xx_hal_spi.c ****   /* Unlock the process */
2394:Drivers/STM32H5xx_HAL_Driver/Src/stm32h5xx_hal_spi.c ****   __HAL_UNLOCK(hspi);
2395:Drivers/STM32H5xx_HAL_Driver/Src/stm32h5xx_hal_spi.c **** 
2396:Drivers/STM32H5xx_HAL_Driver/Src/stm32h5xx_hal_spi.c ****   return HAL_OK;
2397:Drivers/STM32H5xx_HAL_Driver/Src/stm32h5xx_hal_spi.c **** }
2398:Drivers/STM32H5xx_HAL_Driver/Src/stm32h5xx_hal_spi.c **** 
2399:Drivers/STM32H5xx_HAL_Driver/Src/stm32h5xx_hal_spi.c **** /**
2400:Drivers/STM32H5xx_HAL_Driver/Src/stm32h5xx_hal_spi.c ****   * @brief  Transmit and Receive an amount of data in non-blocking mode with DMA.
2401:Drivers/STM32H5xx_HAL_Driver/Src/stm32h5xx_hal_spi.c ****   * @param  hspi   : pointer to a SPI_HandleTypeDef structure that contains
2402:Drivers/STM32H5xx_HAL_Driver/Src/stm32h5xx_hal_spi.c ****   *                  the configuration information for SPI module.
2403:Drivers/STM32H5xx_HAL_Driver/Src/stm32h5xx_hal_spi.c ****   * @param  pTxData: pointer to transmission data buffer
2404:Drivers/STM32H5xx_HAL_Driver/Src/stm32h5xx_hal_spi.c ****   * @param  pRxData: pointer to reception data buffer
2405:Drivers/STM32H5xx_HAL_Driver/Src/stm32h5xx_hal_spi.c ****   * @param  Size   : amount of data to be sent
2406:Drivers/STM32H5xx_HAL_Driver/Src/stm32h5xx_hal_spi.c ****   * @note   When the CRC feature is enabled the pRxData Length must be Size + 1
2407:Drivers/STM32H5xx_HAL_Driver/Src/stm32h5xx_hal_spi.c ****   * @retval HAL status
2408:Drivers/STM32H5xx_HAL_Driver/Src/stm32h5xx_hal_spi.c ****   */
2409:Drivers/STM32H5xx_HAL_Driver/Src/stm32h5xx_hal_spi.c **** HAL_StatusTypeDef HAL_SPI_TransmitReceive_DMA(SPI_HandleTypeDef *hspi, const uint8_t *pTxData, uint
2410:Drivers/STM32H5xx_HAL_Driver/Src/stm32h5xx_hal_spi.c ****                                               uint16_t Size)
2411:Drivers/STM32H5xx_HAL_Driver/Src/stm32h5xx_hal_spi.c **** {
2412:Drivers/STM32H5xx_HAL_Driver/Src/stm32h5xx_hal_spi.c ****   HAL_StatusTypeDef status;
2413:Drivers/STM32H5xx_HAL_Driver/Src/stm32h5xx_hal_spi.c **** 
2414:Drivers/STM32H5xx_HAL_Driver/Src/stm32h5xx_hal_spi.c ****   /* Check Direction parameter */
2415:Drivers/STM32H5xx_HAL_Driver/Src/stm32h5xx_hal_spi.c ****   assert_param(IS_SPI_DIRECTION_2LINES(hspi->Init.Direction));
2416:Drivers/STM32H5xx_HAL_Driver/Src/stm32h5xx_hal_spi.c **** 
2417:Drivers/STM32H5xx_HAL_Driver/Src/stm32h5xx_hal_spi.c ****   /* Check transfer size parameter */
2418:Drivers/STM32H5xx_HAL_Driver/Src/stm32h5xx_hal_spi.c ****   if (IS_SPI_LIMITED_INSTANCE(hspi->Instance))
2419:Drivers/STM32H5xx_HAL_Driver/Src/stm32h5xx_hal_spi.c ****   {
2420:Drivers/STM32H5xx_HAL_Driver/Src/stm32h5xx_hal_spi.c ****     assert_param(IS_SPI_LIMITED_TRANSFER_SIZE(Size));
2421:Drivers/STM32H5xx_HAL_Driver/Src/stm32h5xx_hal_spi.c ****   }
2422:Drivers/STM32H5xx_HAL_Driver/Src/stm32h5xx_hal_spi.c ****   else
2423:Drivers/STM32H5xx_HAL_Driver/Src/stm32h5xx_hal_spi.c ****   {
ARM GAS  /tmp/cc3pUyOJ.s 			page 44


2424:Drivers/STM32H5xx_HAL_Driver/Src/stm32h5xx_hal_spi.c ****     assert_param(IS_SPI_TRANSFER_SIZE(Size));
2425:Drivers/STM32H5xx_HAL_Driver/Src/stm32h5xx_hal_spi.c ****   }
2426:Drivers/STM32H5xx_HAL_Driver/Src/stm32h5xx_hal_spi.c **** 
2427:Drivers/STM32H5xx_HAL_Driver/Src/stm32h5xx_hal_spi.c ****   if (hspi->State != HAL_SPI_STATE_READY)
2428:Drivers/STM32H5xx_HAL_Driver/Src/stm32h5xx_hal_spi.c ****   {
2429:Drivers/STM32H5xx_HAL_Driver/Src/stm32h5xx_hal_spi.c ****     return HAL_BUSY;
2430:Drivers/STM32H5xx_HAL_Driver/Src/stm32h5xx_hal_spi.c ****   }
2431:Drivers/STM32H5xx_HAL_Driver/Src/stm32h5xx_hal_spi.c **** 
2432:Drivers/STM32H5xx_HAL_Driver/Src/stm32h5xx_hal_spi.c ****   if ((pTxData == NULL) || (pRxData == NULL) || (Size == 0UL))
2433:Drivers/STM32H5xx_HAL_Driver/Src/stm32h5xx_hal_spi.c ****   {
2434:Drivers/STM32H5xx_HAL_Driver/Src/stm32h5xx_hal_spi.c ****     return HAL_ERROR;
2435:Drivers/STM32H5xx_HAL_Driver/Src/stm32h5xx_hal_spi.c ****   }
2436:Drivers/STM32H5xx_HAL_Driver/Src/stm32h5xx_hal_spi.c **** 
2437:Drivers/STM32H5xx_HAL_Driver/Src/stm32h5xx_hal_spi.c ****   /* Lock the process */
2438:Drivers/STM32H5xx_HAL_Driver/Src/stm32h5xx_hal_spi.c ****   __HAL_LOCK(hspi);
2439:Drivers/STM32H5xx_HAL_Driver/Src/stm32h5xx_hal_spi.c **** 
2440:Drivers/STM32H5xx_HAL_Driver/Src/stm32h5xx_hal_spi.c ****   /* Set the transaction information */
2441:Drivers/STM32H5xx_HAL_Driver/Src/stm32h5xx_hal_spi.c ****   hspi->State       = HAL_SPI_STATE_BUSY_TX_RX;
2442:Drivers/STM32H5xx_HAL_Driver/Src/stm32h5xx_hal_spi.c ****   hspi->ErrorCode   = HAL_SPI_ERROR_NONE;
2443:Drivers/STM32H5xx_HAL_Driver/Src/stm32h5xx_hal_spi.c ****   hspi->pTxBuffPtr  = (const uint8_t *)pTxData;
2444:Drivers/STM32H5xx_HAL_Driver/Src/stm32h5xx_hal_spi.c ****   hspi->TxXferSize  = Size;
2445:Drivers/STM32H5xx_HAL_Driver/Src/stm32h5xx_hal_spi.c ****   hspi->TxXferCount = Size;
2446:Drivers/STM32H5xx_HAL_Driver/Src/stm32h5xx_hal_spi.c ****   hspi->pRxBuffPtr  = (uint8_t *)pRxData;
2447:Drivers/STM32H5xx_HAL_Driver/Src/stm32h5xx_hal_spi.c ****   hspi->RxXferSize  = Size;
2448:Drivers/STM32H5xx_HAL_Driver/Src/stm32h5xx_hal_spi.c ****   hspi->RxXferCount = Size;
2449:Drivers/STM32H5xx_HAL_Driver/Src/stm32h5xx_hal_spi.c **** 
2450:Drivers/STM32H5xx_HAL_Driver/Src/stm32h5xx_hal_spi.c ****   /* Init field not used in handle to zero */
2451:Drivers/STM32H5xx_HAL_Driver/Src/stm32h5xx_hal_spi.c ****   hspi->RxISR       = NULL;
2452:Drivers/STM32H5xx_HAL_Driver/Src/stm32h5xx_hal_spi.c ****   hspi->TxISR       = NULL;
2453:Drivers/STM32H5xx_HAL_Driver/Src/stm32h5xx_hal_spi.c **** 
2454:Drivers/STM32H5xx_HAL_Driver/Src/stm32h5xx_hal_spi.c ****   /* Set Full-Duplex mode */
2455:Drivers/STM32H5xx_HAL_Driver/Src/stm32h5xx_hal_spi.c ****   SPI_2LINES(hspi);
2456:Drivers/STM32H5xx_HAL_Driver/Src/stm32h5xx_hal_spi.c **** 
2457:Drivers/STM32H5xx_HAL_Driver/Src/stm32h5xx_hal_spi.c ****   /* Reset the Tx/Rx DMA bits */
2458:Drivers/STM32H5xx_HAL_Driver/Src/stm32h5xx_hal_spi.c ****   CLEAR_BIT(hspi->Instance->CFG1, SPI_CFG1_TXDMAEN | SPI_CFG1_RXDMAEN);
2459:Drivers/STM32H5xx_HAL_Driver/Src/stm32h5xx_hal_spi.c **** 
2460:Drivers/STM32H5xx_HAL_Driver/Src/stm32h5xx_hal_spi.c ****   /* Packing mode management is enabled by the DMA settings */
2461:Drivers/STM32H5xx_HAL_Driver/Src/stm32h5xx_hal_spi.c ****   if (((hspi->Init.DataSize > SPI_DATASIZE_16BIT) && \
2462:Drivers/STM32H5xx_HAL_Driver/Src/stm32h5xx_hal_spi.c ****        ((hspi->hdmarx->Init.DestDataWidth != DMA_DEST_DATAWIDTH_WORD) || \
2463:Drivers/STM32H5xx_HAL_Driver/Src/stm32h5xx_hal_spi.c ****         (hspi->hdmatx->Init.SrcDataWidth != DMA_SRC_DATAWIDTH_WORD)) && \
2464:Drivers/STM32H5xx_HAL_Driver/Src/stm32h5xx_hal_spi.c ****        (IS_SPI_FULL_INSTANCE(hspi->Instance))) || \
2465:Drivers/STM32H5xx_HAL_Driver/Src/stm32h5xx_hal_spi.c ****       ((hspi->Init.DataSize > SPI_DATASIZE_8BIT) && \
2466:Drivers/STM32H5xx_HAL_Driver/Src/stm32h5xx_hal_spi.c ****        ((hspi->hdmarx->Init.DestDataWidth == DMA_DEST_DATAWIDTH_BYTE) || \
2467:Drivers/STM32H5xx_HAL_Driver/Src/stm32h5xx_hal_spi.c ****         (hspi->hdmatx->Init.SrcDataWidth == DMA_SRC_DATAWIDTH_BYTE))))
2468:Drivers/STM32H5xx_HAL_Driver/Src/stm32h5xx_hal_spi.c ****   {
2469:Drivers/STM32H5xx_HAL_Driver/Src/stm32h5xx_hal_spi.c ****     /* Restriction the DMA data received is not allowed in this mode */
2470:Drivers/STM32H5xx_HAL_Driver/Src/stm32h5xx_hal_spi.c ****     /* Unlock the process */
2471:Drivers/STM32H5xx_HAL_Driver/Src/stm32h5xx_hal_spi.c ****     __HAL_UNLOCK(hspi);
2472:Drivers/STM32H5xx_HAL_Driver/Src/stm32h5xx_hal_spi.c ****     return HAL_ERROR;
2473:Drivers/STM32H5xx_HAL_Driver/Src/stm32h5xx_hal_spi.c ****   }
2474:Drivers/STM32H5xx_HAL_Driver/Src/stm32h5xx_hal_spi.c **** 
2475:Drivers/STM32H5xx_HAL_Driver/Src/stm32h5xx_hal_spi.c ****   /* Adjust XferCount according to DMA alignment / Data size */
2476:Drivers/STM32H5xx_HAL_Driver/Src/stm32h5xx_hal_spi.c ****   if (hspi->Init.DataSize <= SPI_DATASIZE_8BIT)
2477:Drivers/STM32H5xx_HAL_Driver/Src/stm32h5xx_hal_spi.c ****   {
2478:Drivers/STM32H5xx_HAL_Driver/Src/stm32h5xx_hal_spi.c ****     if (hspi->hdmatx->Init.SrcDataWidth == DMA_SRC_DATAWIDTH_HALFWORD)
2479:Drivers/STM32H5xx_HAL_Driver/Src/stm32h5xx_hal_spi.c ****     {
2480:Drivers/STM32H5xx_HAL_Driver/Src/stm32h5xx_hal_spi.c ****       hspi->TxXferCount = (hspi->TxXferCount + (uint16_t) 1UL) >> 1UL;
ARM GAS  /tmp/cc3pUyOJ.s 			page 45


2481:Drivers/STM32H5xx_HAL_Driver/Src/stm32h5xx_hal_spi.c ****     }
2482:Drivers/STM32H5xx_HAL_Driver/Src/stm32h5xx_hal_spi.c ****     if (hspi->hdmatx->Init.SrcDataWidth == DMA_SRC_DATAWIDTH_WORD)
2483:Drivers/STM32H5xx_HAL_Driver/Src/stm32h5xx_hal_spi.c ****     {
2484:Drivers/STM32H5xx_HAL_Driver/Src/stm32h5xx_hal_spi.c ****       hspi->TxXferCount = (hspi->TxXferCount + (uint16_t) 3UL) >> 2UL;
2485:Drivers/STM32H5xx_HAL_Driver/Src/stm32h5xx_hal_spi.c ****     }
2486:Drivers/STM32H5xx_HAL_Driver/Src/stm32h5xx_hal_spi.c ****     if (hspi->hdmarx->Init.DestDataWidth == DMA_DEST_DATAWIDTH_HALFWORD)
2487:Drivers/STM32H5xx_HAL_Driver/Src/stm32h5xx_hal_spi.c ****     {
2488:Drivers/STM32H5xx_HAL_Driver/Src/stm32h5xx_hal_spi.c ****       hspi->RxXferCount = (hspi->RxXferCount + (uint16_t) 1UL) >> 1UL;
2489:Drivers/STM32H5xx_HAL_Driver/Src/stm32h5xx_hal_spi.c ****     }
2490:Drivers/STM32H5xx_HAL_Driver/Src/stm32h5xx_hal_spi.c ****     if (hspi->hdmarx->Init.DestDataWidth == DMA_DEST_DATAWIDTH_WORD)
2491:Drivers/STM32H5xx_HAL_Driver/Src/stm32h5xx_hal_spi.c ****     {
2492:Drivers/STM32H5xx_HAL_Driver/Src/stm32h5xx_hal_spi.c ****       hspi->RxXferCount = (hspi->RxXferCount + (uint16_t) 3UL) >> 2UL;
2493:Drivers/STM32H5xx_HAL_Driver/Src/stm32h5xx_hal_spi.c ****     }
2494:Drivers/STM32H5xx_HAL_Driver/Src/stm32h5xx_hal_spi.c ****   }
2495:Drivers/STM32H5xx_HAL_Driver/Src/stm32h5xx_hal_spi.c ****   else if (hspi->Init.DataSize <= SPI_DATASIZE_16BIT)
2496:Drivers/STM32H5xx_HAL_Driver/Src/stm32h5xx_hal_spi.c ****   {
2497:Drivers/STM32H5xx_HAL_Driver/Src/stm32h5xx_hal_spi.c ****     if (hspi->hdmatx->Init.SrcDataWidth == DMA_SRC_DATAWIDTH_WORD)
2498:Drivers/STM32H5xx_HAL_Driver/Src/stm32h5xx_hal_spi.c ****     {
2499:Drivers/STM32H5xx_HAL_Driver/Src/stm32h5xx_hal_spi.c ****       hspi->TxXferCount = (hspi->TxXferCount + (uint16_t) 1UL) >> 1UL;
2500:Drivers/STM32H5xx_HAL_Driver/Src/stm32h5xx_hal_spi.c ****     }
2501:Drivers/STM32H5xx_HAL_Driver/Src/stm32h5xx_hal_spi.c ****     if (hspi->hdmarx->Init.DestDataWidth == DMA_DEST_DATAWIDTH_WORD)
2502:Drivers/STM32H5xx_HAL_Driver/Src/stm32h5xx_hal_spi.c ****     {
2503:Drivers/STM32H5xx_HAL_Driver/Src/stm32h5xx_hal_spi.c ****       hspi->RxXferCount = (hspi->RxXferCount + (uint16_t) 1UL) >> 1UL;
2504:Drivers/STM32H5xx_HAL_Driver/Src/stm32h5xx_hal_spi.c ****     }
2505:Drivers/STM32H5xx_HAL_Driver/Src/stm32h5xx_hal_spi.c ****   }
2506:Drivers/STM32H5xx_HAL_Driver/Src/stm32h5xx_hal_spi.c ****   else
2507:Drivers/STM32H5xx_HAL_Driver/Src/stm32h5xx_hal_spi.c ****   {
2508:Drivers/STM32H5xx_HAL_Driver/Src/stm32h5xx_hal_spi.c ****     /* Adjustment done */
2509:Drivers/STM32H5xx_HAL_Driver/Src/stm32h5xx_hal_spi.c ****   }
2510:Drivers/STM32H5xx_HAL_Driver/Src/stm32h5xx_hal_spi.c **** 
2511:Drivers/STM32H5xx_HAL_Driver/Src/stm32h5xx_hal_spi.c ****   /* Set the SPI Tx/Rx DMA Half transfer complete callback */
2512:Drivers/STM32H5xx_HAL_Driver/Src/stm32h5xx_hal_spi.c ****   hspi->hdmarx->XferHalfCpltCallback = SPI_DMAHalfTransmitReceiveCplt;
2513:Drivers/STM32H5xx_HAL_Driver/Src/stm32h5xx_hal_spi.c ****   hspi->hdmarx->XferCpltCallback     = SPI_DMATransmitReceiveCplt;
2514:Drivers/STM32H5xx_HAL_Driver/Src/stm32h5xx_hal_spi.c **** 
2515:Drivers/STM32H5xx_HAL_Driver/Src/stm32h5xx_hal_spi.c ****   /* Set the DMA error callback */
2516:Drivers/STM32H5xx_HAL_Driver/Src/stm32h5xx_hal_spi.c ****   hspi->hdmarx->XferErrorCallback = SPI_DMAError;
2517:Drivers/STM32H5xx_HAL_Driver/Src/stm32h5xx_hal_spi.c **** 
2518:Drivers/STM32H5xx_HAL_Driver/Src/stm32h5xx_hal_spi.c ****   /* Set the DMA AbortCallback */
2519:Drivers/STM32H5xx_HAL_Driver/Src/stm32h5xx_hal_spi.c ****   hspi->hdmarx->XferAbortCallback = NULL;
2520:Drivers/STM32H5xx_HAL_Driver/Src/stm32h5xx_hal_spi.c **** 
2521:Drivers/STM32H5xx_HAL_Driver/Src/stm32h5xx_hal_spi.c ****   if (hspi->Init.DataSize <= SPI_DATASIZE_8BIT)
2522:Drivers/STM32H5xx_HAL_Driver/Src/stm32h5xx_hal_spi.c ****   {
2523:Drivers/STM32H5xx_HAL_Driver/Src/stm32h5xx_hal_spi.c ****     hspi->RxXferCount = Size;
2524:Drivers/STM32H5xx_HAL_Driver/Src/stm32h5xx_hal_spi.c ****   }
2525:Drivers/STM32H5xx_HAL_Driver/Src/stm32h5xx_hal_spi.c ****   else if (hspi->Init.DataSize <= SPI_DATASIZE_16BIT)
2526:Drivers/STM32H5xx_HAL_Driver/Src/stm32h5xx_hal_spi.c ****   {
2527:Drivers/STM32H5xx_HAL_Driver/Src/stm32h5xx_hal_spi.c ****     hspi->RxXferCount = Size * 2U;
2528:Drivers/STM32H5xx_HAL_Driver/Src/stm32h5xx_hal_spi.c ****   }
2529:Drivers/STM32H5xx_HAL_Driver/Src/stm32h5xx_hal_spi.c ****   else
2530:Drivers/STM32H5xx_HAL_Driver/Src/stm32h5xx_hal_spi.c ****   {
2531:Drivers/STM32H5xx_HAL_Driver/Src/stm32h5xx_hal_spi.c ****     hspi->RxXferCount = Size * 4U;
2532:Drivers/STM32H5xx_HAL_Driver/Src/stm32h5xx_hal_spi.c ****   }
2533:Drivers/STM32H5xx_HAL_Driver/Src/stm32h5xx_hal_spi.c ****   /* Enable the Rx DMA Stream/Channel  */
2534:Drivers/STM32H5xx_HAL_Driver/Src/stm32h5xx_hal_spi.c ****   if ((hspi->hdmarx->Mode & DMA_LINKEDLIST) == DMA_LINKEDLIST)
2535:Drivers/STM32H5xx_HAL_Driver/Src/stm32h5xx_hal_spi.c ****   {
2536:Drivers/STM32H5xx_HAL_Driver/Src/stm32h5xx_hal_spi.c ****     if (hspi->hdmarx->LinkedListQueue != NULL)
2537:Drivers/STM32H5xx_HAL_Driver/Src/stm32h5xx_hal_spi.c ****     {
ARM GAS  /tmp/cc3pUyOJ.s 			page 46


2538:Drivers/STM32H5xx_HAL_Driver/Src/stm32h5xx_hal_spi.c ****       /* Set DMA data size */
2539:Drivers/STM32H5xx_HAL_Driver/Src/stm32h5xx_hal_spi.c ****       hspi->hdmarx->LinkedListQueue->Head->LinkRegisters[NODE_CBR1_DEFAULT_OFFSET] = hspi->RxXferCo
2540:Drivers/STM32H5xx_HAL_Driver/Src/stm32h5xx_hal_spi.c **** 
2541:Drivers/STM32H5xx_HAL_Driver/Src/stm32h5xx_hal_spi.c ****       /* Set DMA source address */
2542:Drivers/STM32H5xx_HAL_Driver/Src/stm32h5xx_hal_spi.c ****       hspi->hdmarx->LinkedListQueue->Head->LinkRegisters[NODE_CSAR_DEFAULT_OFFSET] = (uint32_t)&hsp
2543:Drivers/STM32H5xx_HAL_Driver/Src/stm32h5xx_hal_spi.c **** 
2544:Drivers/STM32H5xx_HAL_Driver/Src/stm32h5xx_hal_spi.c ****       /* Set DMA destination address */
2545:Drivers/STM32H5xx_HAL_Driver/Src/stm32h5xx_hal_spi.c ****       hspi->hdmarx->LinkedListQueue->Head->LinkRegisters[NODE_CDAR_DEFAULT_OFFSET] = (uint32_t)hspi
2546:Drivers/STM32H5xx_HAL_Driver/Src/stm32h5xx_hal_spi.c **** 
2547:Drivers/STM32H5xx_HAL_Driver/Src/stm32h5xx_hal_spi.c ****       status = HAL_DMAEx_List_Start_IT(hspi->hdmarx);
2548:Drivers/STM32H5xx_HAL_Driver/Src/stm32h5xx_hal_spi.c ****     }
2549:Drivers/STM32H5xx_HAL_Driver/Src/stm32h5xx_hal_spi.c ****     else
2550:Drivers/STM32H5xx_HAL_Driver/Src/stm32h5xx_hal_spi.c ****     {
2551:Drivers/STM32H5xx_HAL_Driver/Src/stm32h5xx_hal_spi.c ****       status = HAL_ERROR;
2552:Drivers/STM32H5xx_HAL_Driver/Src/stm32h5xx_hal_spi.c ****     }
2553:Drivers/STM32H5xx_HAL_Driver/Src/stm32h5xx_hal_spi.c ****   }
2554:Drivers/STM32H5xx_HAL_Driver/Src/stm32h5xx_hal_spi.c ****   else
2555:Drivers/STM32H5xx_HAL_Driver/Src/stm32h5xx_hal_spi.c ****   {
2556:Drivers/STM32H5xx_HAL_Driver/Src/stm32h5xx_hal_spi.c ****     status = HAL_DMA_Start_IT(hspi->hdmarx, (uint32_t)&hspi->Instance->RXDR, (uint32_t)hspi->pRxBuf
2557:Drivers/STM32H5xx_HAL_Driver/Src/stm32h5xx_hal_spi.c ****                               hspi->RxXferCount);
2558:Drivers/STM32H5xx_HAL_Driver/Src/stm32h5xx_hal_spi.c ****   }
2559:Drivers/STM32H5xx_HAL_Driver/Src/stm32h5xx_hal_spi.c **** 
2560:Drivers/STM32H5xx_HAL_Driver/Src/stm32h5xx_hal_spi.c ****   /* Check status */
2561:Drivers/STM32H5xx_HAL_Driver/Src/stm32h5xx_hal_spi.c ****   if (status != HAL_OK)
2562:Drivers/STM32H5xx_HAL_Driver/Src/stm32h5xx_hal_spi.c ****   {
2563:Drivers/STM32H5xx_HAL_Driver/Src/stm32h5xx_hal_spi.c ****     /* Update SPI error code */
2564:Drivers/STM32H5xx_HAL_Driver/Src/stm32h5xx_hal_spi.c ****     SET_BIT(hspi->ErrorCode, HAL_SPI_ERROR_DMA);
2565:Drivers/STM32H5xx_HAL_Driver/Src/stm32h5xx_hal_spi.c ****     hspi->State = HAL_SPI_STATE_READY;
2566:Drivers/STM32H5xx_HAL_Driver/Src/stm32h5xx_hal_spi.c **** 
2567:Drivers/STM32H5xx_HAL_Driver/Src/stm32h5xx_hal_spi.c ****     /* Unlock the process */
2568:Drivers/STM32H5xx_HAL_Driver/Src/stm32h5xx_hal_spi.c ****     __HAL_UNLOCK(hspi);
2569:Drivers/STM32H5xx_HAL_Driver/Src/stm32h5xx_hal_spi.c **** 
2570:Drivers/STM32H5xx_HAL_Driver/Src/stm32h5xx_hal_spi.c ****     return HAL_ERROR;
2571:Drivers/STM32H5xx_HAL_Driver/Src/stm32h5xx_hal_spi.c ****   }
2572:Drivers/STM32H5xx_HAL_Driver/Src/stm32h5xx_hal_spi.c **** 
2573:Drivers/STM32H5xx_HAL_Driver/Src/stm32h5xx_hal_spi.c ****   /* Enable Rx DMA Request */
2574:Drivers/STM32H5xx_HAL_Driver/Src/stm32h5xx_hal_spi.c ****   SET_BIT(hspi->Instance->CFG1, SPI_CFG1_RXDMAEN);
2575:Drivers/STM32H5xx_HAL_Driver/Src/stm32h5xx_hal_spi.c **** 
2576:Drivers/STM32H5xx_HAL_Driver/Src/stm32h5xx_hal_spi.c ****   /* Set the SPI Tx DMA transfer complete callback as NULL because the communication closing
2577:Drivers/STM32H5xx_HAL_Driver/Src/stm32h5xx_hal_spi.c ****   is performed in DMA reception complete callback  */
2578:Drivers/STM32H5xx_HAL_Driver/Src/stm32h5xx_hal_spi.c ****   hspi->hdmatx->XferHalfCpltCallback = NULL;
2579:Drivers/STM32H5xx_HAL_Driver/Src/stm32h5xx_hal_spi.c ****   hspi->hdmatx->XferCpltCallback     = NULL;
2580:Drivers/STM32H5xx_HAL_Driver/Src/stm32h5xx_hal_spi.c ****   hspi->hdmatx->XferAbortCallback    = NULL;
2581:Drivers/STM32H5xx_HAL_Driver/Src/stm32h5xx_hal_spi.c **** 
2582:Drivers/STM32H5xx_HAL_Driver/Src/stm32h5xx_hal_spi.c ****   /* Set the DMA error callback */
2583:Drivers/STM32H5xx_HAL_Driver/Src/stm32h5xx_hal_spi.c ****   hspi->hdmatx->XferErrorCallback    = SPI_DMAError;
2584:Drivers/STM32H5xx_HAL_Driver/Src/stm32h5xx_hal_spi.c **** 
2585:Drivers/STM32H5xx_HAL_Driver/Src/stm32h5xx_hal_spi.c ****   if (hspi->Init.DataSize <= SPI_DATASIZE_8BIT)
2586:Drivers/STM32H5xx_HAL_Driver/Src/stm32h5xx_hal_spi.c ****   {
2587:Drivers/STM32H5xx_HAL_Driver/Src/stm32h5xx_hal_spi.c ****     hspi->TxXferCount = Size;
2588:Drivers/STM32H5xx_HAL_Driver/Src/stm32h5xx_hal_spi.c ****   }
2589:Drivers/STM32H5xx_HAL_Driver/Src/stm32h5xx_hal_spi.c ****   else if (hspi->Init.DataSize <= SPI_DATASIZE_16BIT)
2590:Drivers/STM32H5xx_HAL_Driver/Src/stm32h5xx_hal_spi.c ****   {
2591:Drivers/STM32H5xx_HAL_Driver/Src/stm32h5xx_hal_spi.c ****     hspi->TxXferCount = Size * 2U;
2592:Drivers/STM32H5xx_HAL_Driver/Src/stm32h5xx_hal_spi.c ****   }
2593:Drivers/STM32H5xx_HAL_Driver/Src/stm32h5xx_hal_spi.c ****   else
2594:Drivers/STM32H5xx_HAL_Driver/Src/stm32h5xx_hal_spi.c ****   {
ARM GAS  /tmp/cc3pUyOJ.s 			page 47


2595:Drivers/STM32H5xx_HAL_Driver/Src/stm32h5xx_hal_spi.c ****     hspi->TxXferCount = Size * 4U;
2596:Drivers/STM32H5xx_HAL_Driver/Src/stm32h5xx_hal_spi.c ****   }
2597:Drivers/STM32H5xx_HAL_Driver/Src/stm32h5xx_hal_spi.c **** 
2598:Drivers/STM32H5xx_HAL_Driver/Src/stm32h5xx_hal_spi.c ****   /* Enable the Tx DMA Stream/Channel  */
2599:Drivers/STM32H5xx_HAL_Driver/Src/stm32h5xx_hal_spi.c ****   if ((hspi->hdmatx->Mode & DMA_LINKEDLIST) == DMA_LINKEDLIST)
2600:Drivers/STM32H5xx_HAL_Driver/Src/stm32h5xx_hal_spi.c ****   {
2601:Drivers/STM32H5xx_HAL_Driver/Src/stm32h5xx_hal_spi.c ****     if (hspi->hdmatx->LinkedListQueue != NULL)
2602:Drivers/STM32H5xx_HAL_Driver/Src/stm32h5xx_hal_spi.c ****     {
2603:Drivers/STM32H5xx_HAL_Driver/Src/stm32h5xx_hal_spi.c ****       /* Set DMA data size */
2604:Drivers/STM32H5xx_HAL_Driver/Src/stm32h5xx_hal_spi.c ****       hspi->hdmatx->LinkedListQueue->Head->LinkRegisters[NODE_CBR1_DEFAULT_OFFSET] = hspi->TxXferCo
2605:Drivers/STM32H5xx_HAL_Driver/Src/stm32h5xx_hal_spi.c **** 
2606:Drivers/STM32H5xx_HAL_Driver/Src/stm32h5xx_hal_spi.c ****       /* Set DMA source address */
2607:Drivers/STM32H5xx_HAL_Driver/Src/stm32h5xx_hal_spi.c ****       hspi->hdmatx->LinkedListQueue->Head->LinkRegisters[NODE_CSAR_DEFAULT_OFFSET] = (uint32_t)hspi
2608:Drivers/STM32H5xx_HAL_Driver/Src/stm32h5xx_hal_spi.c **** 
2609:Drivers/STM32H5xx_HAL_Driver/Src/stm32h5xx_hal_spi.c ****       /* Set DMA destination address */
2610:Drivers/STM32H5xx_HAL_Driver/Src/stm32h5xx_hal_spi.c ****       hspi->hdmatx->LinkedListQueue->Head->LinkRegisters[NODE_CDAR_DEFAULT_OFFSET] = (uint32_t)&hsp
2611:Drivers/STM32H5xx_HAL_Driver/Src/stm32h5xx_hal_spi.c **** 
2612:Drivers/STM32H5xx_HAL_Driver/Src/stm32h5xx_hal_spi.c ****       status = HAL_DMAEx_List_Start_IT(hspi->hdmatx);
2613:Drivers/STM32H5xx_HAL_Driver/Src/stm32h5xx_hal_spi.c ****     }
2614:Drivers/STM32H5xx_HAL_Driver/Src/stm32h5xx_hal_spi.c ****     else
2615:Drivers/STM32H5xx_HAL_Driver/Src/stm32h5xx_hal_spi.c ****     {
2616:Drivers/STM32H5xx_HAL_Driver/Src/stm32h5xx_hal_spi.c ****       status = HAL_ERROR;
2617:Drivers/STM32H5xx_HAL_Driver/Src/stm32h5xx_hal_spi.c ****     }
2618:Drivers/STM32H5xx_HAL_Driver/Src/stm32h5xx_hal_spi.c ****   }
2619:Drivers/STM32H5xx_HAL_Driver/Src/stm32h5xx_hal_spi.c ****   else
2620:Drivers/STM32H5xx_HAL_Driver/Src/stm32h5xx_hal_spi.c ****   {
2621:Drivers/STM32H5xx_HAL_Driver/Src/stm32h5xx_hal_spi.c ****     status = HAL_DMA_Start_IT(hspi->hdmatx, (uint32_t)hspi->pTxBuffPtr, (uint32_t)&hspi->Instance->
2622:Drivers/STM32H5xx_HAL_Driver/Src/stm32h5xx_hal_spi.c ****                               hspi->TxXferCount);
2623:Drivers/STM32H5xx_HAL_Driver/Src/stm32h5xx_hal_spi.c ****   }
2624:Drivers/STM32H5xx_HAL_Driver/Src/stm32h5xx_hal_spi.c **** 
2625:Drivers/STM32H5xx_HAL_Driver/Src/stm32h5xx_hal_spi.c ****   /* Check status */
2626:Drivers/STM32H5xx_HAL_Driver/Src/stm32h5xx_hal_spi.c ****   if (status != HAL_OK)
2627:Drivers/STM32H5xx_HAL_Driver/Src/stm32h5xx_hal_spi.c ****   {
2628:Drivers/STM32H5xx_HAL_Driver/Src/stm32h5xx_hal_spi.c ****     /* Abort Rx DMA Channel already started */
2629:Drivers/STM32H5xx_HAL_Driver/Src/stm32h5xx_hal_spi.c ****     (void)HAL_DMA_Abort(hspi->hdmarx);
2630:Drivers/STM32H5xx_HAL_Driver/Src/stm32h5xx_hal_spi.c **** 
2631:Drivers/STM32H5xx_HAL_Driver/Src/stm32h5xx_hal_spi.c ****     /* Update SPI error code */
2632:Drivers/STM32H5xx_HAL_Driver/Src/stm32h5xx_hal_spi.c ****     SET_BIT(hspi->ErrorCode, HAL_SPI_ERROR_DMA);
2633:Drivers/STM32H5xx_HAL_Driver/Src/stm32h5xx_hal_spi.c ****     hspi->State = HAL_SPI_STATE_READY;
2634:Drivers/STM32H5xx_HAL_Driver/Src/stm32h5xx_hal_spi.c **** 
2635:Drivers/STM32H5xx_HAL_Driver/Src/stm32h5xx_hal_spi.c ****     /* Unlock the process */
2636:Drivers/STM32H5xx_HAL_Driver/Src/stm32h5xx_hal_spi.c ****     __HAL_UNLOCK(hspi);
2637:Drivers/STM32H5xx_HAL_Driver/Src/stm32h5xx_hal_spi.c **** 
2638:Drivers/STM32H5xx_HAL_Driver/Src/stm32h5xx_hal_spi.c ****     return HAL_ERROR;
2639:Drivers/STM32H5xx_HAL_Driver/Src/stm32h5xx_hal_spi.c ****   }
2640:Drivers/STM32H5xx_HAL_Driver/Src/stm32h5xx_hal_spi.c **** 
2641:Drivers/STM32H5xx_HAL_Driver/Src/stm32h5xx_hal_spi.c ****   if ((hspi->hdmarx->Mode == DMA_LINKEDLIST_CIRCULAR) && (hspi->hdmatx->Mode == DMA_LINKEDLIST_CIRC
2642:Drivers/STM32H5xx_HAL_Driver/Src/stm32h5xx_hal_spi.c ****   {
2643:Drivers/STM32H5xx_HAL_Driver/Src/stm32h5xx_hal_spi.c ****     MODIFY_REG(hspi->Instance->CR2, SPI_CR2_TSIZE, 0UL);
2644:Drivers/STM32H5xx_HAL_Driver/Src/stm32h5xx_hal_spi.c ****   }
2645:Drivers/STM32H5xx_HAL_Driver/Src/stm32h5xx_hal_spi.c ****   else
2646:Drivers/STM32H5xx_HAL_Driver/Src/stm32h5xx_hal_spi.c ****   {
2647:Drivers/STM32H5xx_HAL_Driver/Src/stm32h5xx_hal_spi.c ****     MODIFY_REG(hspi->Instance->CR2, SPI_CR2_TSIZE, Size);
2648:Drivers/STM32H5xx_HAL_Driver/Src/stm32h5xx_hal_spi.c ****   }
2649:Drivers/STM32H5xx_HAL_Driver/Src/stm32h5xx_hal_spi.c **** 
2650:Drivers/STM32H5xx_HAL_Driver/Src/stm32h5xx_hal_spi.c ****   /* Enable Tx DMA Request */
2651:Drivers/STM32H5xx_HAL_Driver/Src/stm32h5xx_hal_spi.c ****   SET_BIT(hspi->Instance->CFG1, SPI_CFG1_TXDMAEN);
ARM GAS  /tmp/cc3pUyOJ.s 			page 48


2652:Drivers/STM32H5xx_HAL_Driver/Src/stm32h5xx_hal_spi.c **** 
2653:Drivers/STM32H5xx_HAL_Driver/Src/stm32h5xx_hal_spi.c ****   /* Enable the SPI Error Interrupt Bit */
2654:Drivers/STM32H5xx_HAL_Driver/Src/stm32h5xx_hal_spi.c ****   __HAL_SPI_ENABLE_IT(hspi, (SPI_IT_OVR | SPI_IT_UDR | SPI_IT_FRE | SPI_IT_MODF));
2655:Drivers/STM32H5xx_HAL_Driver/Src/stm32h5xx_hal_spi.c **** 
2656:Drivers/STM32H5xx_HAL_Driver/Src/stm32h5xx_hal_spi.c ****   /* Enable SPI peripheral */
2657:Drivers/STM32H5xx_HAL_Driver/Src/stm32h5xx_hal_spi.c ****   __HAL_SPI_ENABLE(hspi);
2658:Drivers/STM32H5xx_HAL_Driver/Src/stm32h5xx_hal_spi.c **** 
2659:Drivers/STM32H5xx_HAL_Driver/Src/stm32h5xx_hal_spi.c ****   if (hspi->Init.Mode == SPI_MODE_MASTER)
2660:Drivers/STM32H5xx_HAL_Driver/Src/stm32h5xx_hal_spi.c ****   {
2661:Drivers/STM32H5xx_HAL_Driver/Src/stm32h5xx_hal_spi.c ****     /* Master transfer start */
2662:Drivers/STM32H5xx_HAL_Driver/Src/stm32h5xx_hal_spi.c ****     SET_BIT(hspi->Instance->CR1, SPI_CR1_CSTART);
2663:Drivers/STM32H5xx_HAL_Driver/Src/stm32h5xx_hal_spi.c ****   }
2664:Drivers/STM32H5xx_HAL_Driver/Src/stm32h5xx_hal_spi.c **** 
2665:Drivers/STM32H5xx_HAL_Driver/Src/stm32h5xx_hal_spi.c ****   /* Unlock the process */
2666:Drivers/STM32H5xx_HAL_Driver/Src/stm32h5xx_hal_spi.c ****   __HAL_UNLOCK(hspi);
2667:Drivers/STM32H5xx_HAL_Driver/Src/stm32h5xx_hal_spi.c **** 
2668:Drivers/STM32H5xx_HAL_Driver/Src/stm32h5xx_hal_spi.c ****   return HAL_OK;
2669:Drivers/STM32H5xx_HAL_Driver/Src/stm32h5xx_hal_spi.c **** }
2670:Drivers/STM32H5xx_HAL_Driver/Src/stm32h5xx_hal_spi.c **** #endif /* HAL_DMA_MODULE_ENABLED */
2671:Drivers/STM32H5xx_HAL_Driver/Src/stm32h5xx_hal_spi.c **** 
2672:Drivers/STM32H5xx_HAL_Driver/Src/stm32h5xx_hal_spi.c **** /**
2673:Drivers/STM32H5xx_HAL_Driver/Src/stm32h5xx_hal_spi.c ****   * @brief  Abort ongoing transfer (blocking mode).
2674:Drivers/STM32H5xx_HAL_Driver/Src/stm32h5xx_hal_spi.c ****   * @param  hspi SPI handle.
2675:Drivers/STM32H5xx_HAL_Driver/Src/stm32h5xx_hal_spi.c ****   * @note   This procedure could be used for aborting any ongoing transfer (Tx and Rx),
2676:Drivers/STM32H5xx_HAL_Driver/Src/stm32h5xx_hal_spi.c ****   *         started in Interrupt or DMA mode.
2677:Drivers/STM32H5xx_HAL_Driver/Src/stm32h5xx_hal_spi.c ****   * @note   This procedure performs following operations :
2678:Drivers/STM32H5xx_HAL_Driver/Src/stm32h5xx_hal_spi.c ****   *          + Disable SPI Interrupts (depending of transfer direction)
2679:Drivers/STM32H5xx_HAL_Driver/Src/stm32h5xx_hal_spi.c ****   *          + Disable the DMA transfer in the peripheral register (if enabled)
2680:Drivers/STM32H5xx_HAL_Driver/Src/stm32h5xx_hal_spi.c ****   *          + Abort DMA transfer by calling HAL_DMA_Abort (in case of transfer in DMA mode)
2681:Drivers/STM32H5xx_HAL_Driver/Src/stm32h5xx_hal_spi.c ****   *          + Set handle State to READY.
2682:Drivers/STM32H5xx_HAL_Driver/Src/stm32h5xx_hal_spi.c ****   * @note   This procedure is executed in blocking mode : when exiting function, Abort is considere
2683:Drivers/STM32H5xx_HAL_Driver/Src/stm32h5xx_hal_spi.c ****   * @retval HAL status
2684:Drivers/STM32H5xx_HAL_Driver/Src/stm32h5xx_hal_spi.c ****   */
2685:Drivers/STM32H5xx_HAL_Driver/Src/stm32h5xx_hal_spi.c **** HAL_StatusTypeDef HAL_SPI_Abort(SPI_HandleTypeDef *hspi)
2686:Drivers/STM32H5xx_HAL_Driver/Src/stm32h5xx_hal_spi.c **** {
2687:Drivers/STM32H5xx_HAL_Driver/Src/stm32h5xx_hal_spi.c ****   HAL_StatusTypeDef errorcode;
2688:Drivers/STM32H5xx_HAL_Driver/Src/stm32h5xx_hal_spi.c **** 
2689:Drivers/STM32H5xx_HAL_Driver/Src/stm32h5xx_hal_spi.c ****   __IO uint32_t count;
2690:Drivers/STM32H5xx_HAL_Driver/Src/stm32h5xx_hal_spi.c **** 
2691:Drivers/STM32H5xx_HAL_Driver/Src/stm32h5xx_hal_spi.c ****   /* Lock the process */
2692:Drivers/STM32H5xx_HAL_Driver/Src/stm32h5xx_hal_spi.c ****   __HAL_LOCK(hspi);
2693:Drivers/STM32H5xx_HAL_Driver/Src/stm32h5xx_hal_spi.c **** 
2694:Drivers/STM32H5xx_HAL_Driver/Src/stm32h5xx_hal_spi.c ****   /* Set hspi->state to aborting to avoid any interaction */
2695:Drivers/STM32H5xx_HAL_Driver/Src/stm32h5xx_hal_spi.c ****   hspi->State = HAL_SPI_STATE_ABORT;
2696:Drivers/STM32H5xx_HAL_Driver/Src/stm32h5xx_hal_spi.c **** 
2697:Drivers/STM32H5xx_HAL_Driver/Src/stm32h5xx_hal_spi.c ****   /* Initialized local variable  */
2698:Drivers/STM32H5xx_HAL_Driver/Src/stm32h5xx_hal_spi.c ****   errorcode = HAL_OK;
2699:Drivers/STM32H5xx_HAL_Driver/Src/stm32h5xx_hal_spi.c ****   count = SPI_DEFAULT_TIMEOUT * (SystemCoreClock / 24UL / 1000UL);
2700:Drivers/STM32H5xx_HAL_Driver/Src/stm32h5xx_hal_spi.c **** 
2701:Drivers/STM32H5xx_HAL_Driver/Src/stm32h5xx_hal_spi.c ****   /* If master communication on going, make sure current frame is done before closing the connectio
2702:Drivers/STM32H5xx_HAL_Driver/Src/stm32h5xx_hal_spi.c ****   if (HAL_IS_BIT_SET(hspi->Instance->CR1, SPI_CR1_CSTART))
2703:Drivers/STM32H5xx_HAL_Driver/Src/stm32h5xx_hal_spi.c ****   {
2704:Drivers/STM32H5xx_HAL_Driver/Src/stm32h5xx_hal_spi.c ****     /* Disable EOT interrupt */
2705:Drivers/STM32H5xx_HAL_Driver/Src/stm32h5xx_hal_spi.c ****     __HAL_SPI_DISABLE_IT(hspi, SPI_IT_EOT);
2706:Drivers/STM32H5xx_HAL_Driver/Src/stm32h5xx_hal_spi.c ****     do
2707:Drivers/STM32H5xx_HAL_Driver/Src/stm32h5xx_hal_spi.c ****     {
2708:Drivers/STM32H5xx_HAL_Driver/Src/stm32h5xx_hal_spi.c ****       count--;
ARM GAS  /tmp/cc3pUyOJ.s 			page 49


2709:Drivers/STM32H5xx_HAL_Driver/Src/stm32h5xx_hal_spi.c ****       if (count == 0UL)
2710:Drivers/STM32H5xx_HAL_Driver/Src/stm32h5xx_hal_spi.c ****       {
2711:Drivers/STM32H5xx_HAL_Driver/Src/stm32h5xx_hal_spi.c ****         SET_BIT(hspi->ErrorCode, HAL_SPI_ERROR_ABORT);
2712:Drivers/STM32H5xx_HAL_Driver/Src/stm32h5xx_hal_spi.c ****         break;
2713:Drivers/STM32H5xx_HAL_Driver/Src/stm32h5xx_hal_spi.c ****       }
2714:Drivers/STM32H5xx_HAL_Driver/Src/stm32h5xx_hal_spi.c ****     } while (HAL_IS_BIT_SET(hspi->Instance->IER, SPI_IT_EOT));
2715:Drivers/STM32H5xx_HAL_Driver/Src/stm32h5xx_hal_spi.c **** 
2716:Drivers/STM32H5xx_HAL_Driver/Src/stm32h5xx_hal_spi.c ****     /* Request a Suspend transfer */
2717:Drivers/STM32H5xx_HAL_Driver/Src/stm32h5xx_hal_spi.c ****     SET_BIT(hspi->Instance->CR1, SPI_CR1_CSUSP);
2718:Drivers/STM32H5xx_HAL_Driver/Src/stm32h5xx_hal_spi.c ****     do
2719:Drivers/STM32H5xx_HAL_Driver/Src/stm32h5xx_hal_spi.c ****     {
2720:Drivers/STM32H5xx_HAL_Driver/Src/stm32h5xx_hal_spi.c ****       count--;
2721:Drivers/STM32H5xx_HAL_Driver/Src/stm32h5xx_hal_spi.c ****       if (count == 0UL)
2722:Drivers/STM32H5xx_HAL_Driver/Src/stm32h5xx_hal_spi.c ****       {
2723:Drivers/STM32H5xx_HAL_Driver/Src/stm32h5xx_hal_spi.c ****         SET_BIT(hspi->ErrorCode, HAL_SPI_ERROR_ABORT);
2724:Drivers/STM32H5xx_HAL_Driver/Src/stm32h5xx_hal_spi.c ****         break;
2725:Drivers/STM32H5xx_HAL_Driver/Src/stm32h5xx_hal_spi.c ****       }
2726:Drivers/STM32H5xx_HAL_Driver/Src/stm32h5xx_hal_spi.c ****     } while (HAL_IS_BIT_SET(hspi->Instance->CR1, SPI_CR1_CSTART));
2727:Drivers/STM32H5xx_HAL_Driver/Src/stm32h5xx_hal_spi.c **** 
2728:Drivers/STM32H5xx_HAL_Driver/Src/stm32h5xx_hal_spi.c ****     /* Clear SUSP flag */
2729:Drivers/STM32H5xx_HAL_Driver/Src/stm32h5xx_hal_spi.c ****     __HAL_SPI_CLEAR_SUSPFLAG(hspi);
2730:Drivers/STM32H5xx_HAL_Driver/Src/stm32h5xx_hal_spi.c ****     do
2731:Drivers/STM32H5xx_HAL_Driver/Src/stm32h5xx_hal_spi.c ****     {
2732:Drivers/STM32H5xx_HAL_Driver/Src/stm32h5xx_hal_spi.c ****       count--;
2733:Drivers/STM32H5xx_HAL_Driver/Src/stm32h5xx_hal_spi.c ****       if (count == 0UL)
2734:Drivers/STM32H5xx_HAL_Driver/Src/stm32h5xx_hal_spi.c ****       {
2735:Drivers/STM32H5xx_HAL_Driver/Src/stm32h5xx_hal_spi.c ****         SET_BIT(hspi->ErrorCode, HAL_SPI_ERROR_ABORT);
2736:Drivers/STM32H5xx_HAL_Driver/Src/stm32h5xx_hal_spi.c ****         break;
2737:Drivers/STM32H5xx_HAL_Driver/Src/stm32h5xx_hal_spi.c ****       }
2738:Drivers/STM32H5xx_HAL_Driver/Src/stm32h5xx_hal_spi.c ****     } while (__HAL_SPI_GET_FLAG(hspi, SPI_FLAG_SUSP));
2739:Drivers/STM32H5xx_HAL_Driver/Src/stm32h5xx_hal_spi.c ****   }
2740:Drivers/STM32H5xx_HAL_Driver/Src/stm32h5xx_hal_spi.c **** 
2741:Drivers/STM32H5xx_HAL_Driver/Src/stm32h5xx_hal_spi.c **** #if defined(HAL_DMA_MODULE_ENABLED)
2742:Drivers/STM32H5xx_HAL_Driver/Src/stm32h5xx_hal_spi.c ****   /* Disable the SPI DMA Tx request if enabled */
2743:Drivers/STM32H5xx_HAL_Driver/Src/stm32h5xx_hal_spi.c ****   if (HAL_IS_BIT_SET(hspi->Instance->CFG1, SPI_CFG1_TXDMAEN))
2744:Drivers/STM32H5xx_HAL_Driver/Src/stm32h5xx_hal_spi.c ****   {
2745:Drivers/STM32H5xx_HAL_Driver/Src/stm32h5xx_hal_spi.c ****     if (hspi->hdmatx != NULL)
2746:Drivers/STM32H5xx_HAL_Driver/Src/stm32h5xx_hal_spi.c ****     {
2747:Drivers/STM32H5xx_HAL_Driver/Src/stm32h5xx_hal_spi.c ****       /* Abort the SPI DMA Tx Stream/Channel : use blocking DMA Abort API (no callback) */
2748:Drivers/STM32H5xx_HAL_Driver/Src/stm32h5xx_hal_spi.c ****       hspi->hdmatx->XferAbortCallback = NULL;
2749:Drivers/STM32H5xx_HAL_Driver/Src/stm32h5xx_hal_spi.c **** 
2750:Drivers/STM32H5xx_HAL_Driver/Src/stm32h5xx_hal_spi.c ****       /* Abort DMA Tx Handle linked to SPI Peripheral */
2751:Drivers/STM32H5xx_HAL_Driver/Src/stm32h5xx_hal_spi.c ****       if (HAL_DMA_Abort(hspi->hdmatx) != HAL_OK)
2752:Drivers/STM32H5xx_HAL_Driver/Src/stm32h5xx_hal_spi.c ****       {
2753:Drivers/STM32H5xx_HAL_Driver/Src/stm32h5xx_hal_spi.c ****         if (HAL_DMA_GetError(hspi->hdmatx) == HAL_DMA_ERROR_TIMEOUT)
2754:Drivers/STM32H5xx_HAL_Driver/Src/stm32h5xx_hal_spi.c ****         {
2755:Drivers/STM32H5xx_HAL_Driver/Src/stm32h5xx_hal_spi.c ****           hspi->ErrorCode = HAL_SPI_ERROR_ABORT;
2756:Drivers/STM32H5xx_HAL_Driver/Src/stm32h5xx_hal_spi.c ****         }
2757:Drivers/STM32H5xx_HAL_Driver/Src/stm32h5xx_hal_spi.c ****       }
2758:Drivers/STM32H5xx_HAL_Driver/Src/stm32h5xx_hal_spi.c ****     }
2759:Drivers/STM32H5xx_HAL_Driver/Src/stm32h5xx_hal_spi.c ****   }
2760:Drivers/STM32H5xx_HAL_Driver/Src/stm32h5xx_hal_spi.c **** 
2761:Drivers/STM32H5xx_HAL_Driver/Src/stm32h5xx_hal_spi.c ****   /* Disable the SPI DMA Rx request if enabled */
2762:Drivers/STM32H5xx_HAL_Driver/Src/stm32h5xx_hal_spi.c ****   if (HAL_IS_BIT_SET(hspi->Instance->CFG1, SPI_CFG1_RXDMAEN))
2763:Drivers/STM32H5xx_HAL_Driver/Src/stm32h5xx_hal_spi.c ****   {
2764:Drivers/STM32H5xx_HAL_Driver/Src/stm32h5xx_hal_spi.c ****     if (hspi->hdmarx != NULL)
2765:Drivers/STM32H5xx_HAL_Driver/Src/stm32h5xx_hal_spi.c ****     {
ARM GAS  /tmp/cc3pUyOJ.s 			page 50


2766:Drivers/STM32H5xx_HAL_Driver/Src/stm32h5xx_hal_spi.c ****       /* Abort the SPI DMA Rx Stream/Channel : use blocking DMA Abort API (no callback) */
2767:Drivers/STM32H5xx_HAL_Driver/Src/stm32h5xx_hal_spi.c ****       hspi->hdmarx->XferAbortCallback = NULL;
2768:Drivers/STM32H5xx_HAL_Driver/Src/stm32h5xx_hal_spi.c **** 
2769:Drivers/STM32H5xx_HAL_Driver/Src/stm32h5xx_hal_spi.c ****       /* Abort DMA Rx Handle linked to SPI Peripheral */
2770:Drivers/STM32H5xx_HAL_Driver/Src/stm32h5xx_hal_spi.c ****       if (HAL_DMA_Abort(hspi->hdmarx) != HAL_OK)
2771:Drivers/STM32H5xx_HAL_Driver/Src/stm32h5xx_hal_spi.c ****       {
2772:Drivers/STM32H5xx_HAL_Driver/Src/stm32h5xx_hal_spi.c ****         if (HAL_DMA_GetError(hspi->hdmarx) == HAL_DMA_ERROR_TIMEOUT)
2773:Drivers/STM32H5xx_HAL_Driver/Src/stm32h5xx_hal_spi.c ****         {
2774:Drivers/STM32H5xx_HAL_Driver/Src/stm32h5xx_hal_spi.c ****           hspi->ErrorCode = HAL_SPI_ERROR_ABORT;
2775:Drivers/STM32H5xx_HAL_Driver/Src/stm32h5xx_hal_spi.c ****         }
2776:Drivers/STM32H5xx_HAL_Driver/Src/stm32h5xx_hal_spi.c ****       }
2777:Drivers/STM32H5xx_HAL_Driver/Src/stm32h5xx_hal_spi.c ****     }
2778:Drivers/STM32H5xx_HAL_Driver/Src/stm32h5xx_hal_spi.c ****   }
2779:Drivers/STM32H5xx_HAL_Driver/Src/stm32h5xx_hal_spi.c **** #endif /* HAL_DMA_MODULE_ENABLED */
2780:Drivers/STM32H5xx_HAL_Driver/Src/stm32h5xx_hal_spi.c **** 
2781:Drivers/STM32H5xx_HAL_Driver/Src/stm32h5xx_hal_spi.c ****   /* Proceed with abort procedure */
2782:Drivers/STM32H5xx_HAL_Driver/Src/stm32h5xx_hal_spi.c ****   SPI_AbortTransfer(hspi);
2783:Drivers/STM32H5xx_HAL_Driver/Src/stm32h5xx_hal_spi.c **** 
2784:Drivers/STM32H5xx_HAL_Driver/Src/stm32h5xx_hal_spi.c ****   /* Check error during Abort procedure */
2785:Drivers/STM32H5xx_HAL_Driver/Src/stm32h5xx_hal_spi.c ****   if (HAL_IS_BIT_SET(hspi->ErrorCode, HAL_SPI_ERROR_ABORT))
2786:Drivers/STM32H5xx_HAL_Driver/Src/stm32h5xx_hal_spi.c ****   {
2787:Drivers/STM32H5xx_HAL_Driver/Src/stm32h5xx_hal_spi.c ****     /* return HAL_Error in case of error during Abort procedure */
2788:Drivers/STM32H5xx_HAL_Driver/Src/stm32h5xx_hal_spi.c ****     errorcode = HAL_ERROR;
2789:Drivers/STM32H5xx_HAL_Driver/Src/stm32h5xx_hal_spi.c ****   }
2790:Drivers/STM32H5xx_HAL_Driver/Src/stm32h5xx_hal_spi.c ****   else
2791:Drivers/STM32H5xx_HAL_Driver/Src/stm32h5xx_hal_spi.c ****   {
2792:Drivers/STM32H5xx_HAL_Driver/Src/stm32h5xx_hal_spi.c ****     /* Reset errorCode */
2793:Drivers/STM32H5xx_HAL_Driver/Src/stm32h5xx_hal_spi.c ****     hspi->ErrorCode = HAL_SPI_ERROR_NONE;
2794:Drivers/STM32H5xx_HAL_Driver/Src/stm32h5xx_hal_spi.c ****   }
2795:Drivers/STM32H5xx_HAL_Driver/Src/stm32h5xx_hal_spi.c **** 
2796:Drivers/STM32H5xx_HAL_Driver/Src/stm32h5xx_hal_spi.c ****   /* Restore hspi->state to ready */
2797:Drivers/STM32H5xx_HAL_Driver/Src/stm32h5xx_hal_spi.c ****   hspi->State = HAL_SPI_STATE_READY;
2798:Drivers/STM32H5xx_HAL_Driver/Src/stm32h5xx_hal_spi.c **** 
2799:Drivers/STM32H5xx_HAL_Driver/Src/stm32h5xx_hal_spi.c ****   /* Unlock the process */
2800:Drivers/STM32H5xx_HAL_Driver/Src/stm32h5xx_hal_spi.c ****   __HAL_UNLOCK(hspi);
2801:Drivers/STM32H5xx_HAL_Driver/Src/stm32h5xx_hal_spi.c **** 
2802:Drivers/STM32H5xx_HAL_Driver/Src/stm32h5xx_hal_spi.c ****   return errorcode;
2803:Drivers/STM32H5xx_HAL_Driver/Src/stm32h5xx_hal_spi.c **** }
2804:Drivers/STM32H5xx_HAL_Driver/Src/stm32h5xx_hal_spi.c **** 
2805:Drivers/STM32H5xx_HAL_Driver/Src/stm32h5xx_hal_spi.c **** /**
2806:Drivers/STM32H5xx_HAL_Driver/Src/stm32h5xx_hal_spi.c ****   * @brief  Abort ongoing transfer (Interrupt mode).
2807:Drivers/STM32H5xx_HAL_Driver/Src/stm32h5xx_hal_spi.c ****   * @param  hspi SPI handle.
2808:Drivers/STM32H5xx_HAL_Driver/Src/stm32h5xx_hal_spi.c ****   * @note   This procedure could be used for aborting any ongoing transfer (Tx and Rx),
2809:Drivers/STM32H5xx_HAL_Driver/Src/stm32h5xx_hal_spi.c ****   *         started in Interrupt or DMA mode.
2810:Drivers/STM32H5xx_HAL_Driver/Src/stm32h5xx_hal_spi.c ****   * @note   This procedure performs following operations :
2811:Drivers/STM32H5xx_HAL_Driver/Src/stm32h5xx_hal_spi.c ****   *          + Disable SPI Interrupts (depending of transfer direction)
2812:Drivers/STM32H5xx_HAL_Driver/Src/stm32h5xx_hal_spi.c ****   *          + Disable the DMA transfer in the peripheral register (if enabled)
2813:Drivers/STM32H5xx_HAL_Driver/Src/stm32h5xx_hal_spi.c ****   *          + Abort DMA transfer by calling HAL_DMA_Abort_IT (in case of transfer in DMA mode)
2814:Drivers/STM32H5xx_HAL_Driver/Src/stm32h5xx_hal_spi.c ****   *          + Set handle State to READY
2815:Drivers/STM32H5xx_HAL_Driver/Src/stm32h5xx_hal_spi.c ****   *          + At abort completion, call user abort complete callback.
2816:Drivers/STM32H5xx_HAL_Driver/Src/stm32h5xx_hal_spi.c ****   * @note   This procedure is executed in Interrupt mode, meaning that abort procedure could be
2817:Drivers/STM32H5xx_HAL_Driver/Src/stm32h5xx_hal_spi.c ****   *         considered as completed only when user abort complete callback is executed (not when ex
2818:Drivers/STM32H5xx_HAL_Driver/Src/stm32h5xx_hal_spi.c ****   * @retval HAL status
2819:Drivers/STM32H5xx_HAL_Driver/Src/stm32h5xx_hal_spi.c ****   */
2820:Drivers/STM32H5xx_HAL_Driver/Src/stm32h5xx_hal_spi.c **** HAL_StatusTypeDef HAL_SPI_Abort_IT(SPI_HandleTypeDef *hspi)
2821:Drivers/STM32H5xx_HAL_Driver/Src/stm32h5xx_hal_spi.c **** {
2822:Drivers/STM32H5xx_HAL_Driver/Src/stm32h5xx_hal_spi.c ****   HAL_StatusTypeDef errorcode;
ARM GAS  /tmp/cc3pUyOJ.s 			page 51


2823:Drivers/STM32H5xx_HAL_Driver/Src/stm32h5xx_hal_spi.c ****   __IO uint32_t count;
2824:Drivers/STM32H5xx_HAL_Driver/Src/stm32h5xx_hal_spi.c **** #if defined(HAL_DMA_MODULE_ENABLED)
2825:Drivers/STM32H5xx_HAL_Driver/Src/stm32h5xx_hal_spi.c ****   uint32_t dma_tx_abort_done = 1UL;
2826:Drivers/STM32H5xx_HAL_Driver/Src/stm32h5xx_hal_spi.c ****   uint32_t dma_rx_abort_done = 1UL;
2827:Drivers/STM32H5xx_HAL_Driver/Src/stm32h5xx_hal_spi.c **** #endif /* HAL_DMA_MODULE_ENABLED */
2828:Drivers/STM32H5xx_HAL_Driver/Src/stm32h5xx_hal_spi.c **** 
2829:Drivers/STM32H5xx_HAL_Driver/Src/stm32h5xx_hal_spi.c ****   /* Set hspi->state to aborting to avoid any interaction */
2830:Drivers/STM32H5xx_HAL_Driver/Src/stm32h5xx_hal_spi.c ****   hspi->State = HAL_SPI_STATE_ABORT;
2831:Drivers/STM32H5xx_HAL_Driver/Src/stm32h5xx_hal_spi.c **** 
2832:Drivers/STM32H5xx_HAL_Driver/Src/stm32h5xx_hal_spi.c ****   /* Initialized local variable  */
2833:Drivers/STM32H5xx_HAL_Driver/Src/stm32h5xx_hal_spi.c ****   errorcode = HAL_OK;
2834:Drivers/STM32H5xx_HAL_Driver/Src/stm32h5xx_hal_spi.c ****   count = SPI_DEFAULT_TIMEOUT * (SystemCoreClock / 24UL / 1000UL);
2835:Drivers/STM32H5xx_HAL_Driver/Src/stm32h5xx_hal_spi.c **** 
2836:Drivers/STM32H5xx_HAL_Driver/Src/stm32h5xx_hal_spi.c ****   /* If master communication on going, make sure current frame is done before closing the connectio
2837:Drivers/STM32H5xx_HAL_Driver/Src/stm32h5xx_hal_spi.c ****   if (HAL_IS_BIT_SET(hspi->Instance->CR1, SPI_CR1_CSTART))
2838:Drivers/STM32H5xx_HAL_Driver/Src/stm32h5xx_hal_spi.c ****   {
2839:Drivers/STM32H5xx_HAL_Driver/Src/stm32h5xx_hal_spi.c ****     /* Disable EOT interrupt */
2840:Drivers/STM32H5xx_HAL_Driver/Src/stm32h5xx_hal_spi.c ****     __HAL_SPI_DISABLE_IT(hspi, SPI_IT_EOT);
2841:Drivers/STM32H5xx_HAL_Driver/Src/stm32h5xx_hal_spi.c ****     do
2842:Drivers/STM32H5xx_HAL_Driver/Src/stm32h5xx_hal_spi.c ****     {
2843:Drivers/STM32H5xx_HAL_Driver/Src/stm32h5xx_hal_spi.c ****       count--;
2844:Drivers/STM32H5xx_HAL_Driver/Src/stm32h5xx_hal_spi.c ****       if (count == 0UL)
2845:Drivers/STM32H5xx_HAL_Driver/Src/stm32h5xx_hal_spi.c ****       {
2846:Drivers/STM32H5xx_HAL_Driver/Src/stm32h5xx_hal_spi.c ****         SET_BIT(hspi->ErrorCode, HAL_SPI_ERROR_ABORT);
2847:Drivers/STM32H5xx_HAL_Driver/Src/stm32h5xx_hal_spi.c ****         break;
2848:Drivers/STM32H5xx_HAL_Driver/Src/stm32h5xx_hal_spi.c ****       }
2849:Drivers/STM32H5xx_HAL_Driver/Src/stm32h5xx_hal_spi.c ****     } while (HAL_IS_BIT_SET(hspi->Instance->IER, SPI_IT_EOT));
2850:Drivers/STM32H5xx_HAL_Driver/Src/stm32h5xx_hal_spi.c **** 
2851:Drivers/STM32H5xx_HAL_Driver/Src/stm32h5xx_hal_spi.c ****     /* Request a Suspend transfer */
2852:Drivers/STM32H5xx_HAL_Driver/Src/stm32h5xx_hal_spi.c ****     SET_BIT(hspi->Instance->CR1, SPI_CR1_CSUSP);
2853:Drivers/STM32H5xx_HAL_Driver/Src/stm32h5xx_hal_spi.c ****     do
2854:Drivers/STM32H5xx_HAL_Driver/Src/stm32h5xx_hal_spi.c ****     {
2855:Drivers/STM32H5xx_HAL_Driver/Src/stm32h5xx_hal_spi.c ****       count--;
2856:Drivers/STM32H5xx_HAL_Driver/Src/stm32h5xx_hal_spi.c ****       if (count == 0UL)
2857:Drivers/STM32H5xx_HAL_Driver/Src/stm32h5xx_hal_spi.c ****       {
2858:Drivers/STM32H5xx_HAL_Driver/Src/stm32h5xx_hal_spi.c ****         SET_BIT(hspi->ErrorCode, HAL_SPI_ERROR_ABORT);
2859:Drivers/STM32H5xx_HAL_Driver/Src/stm32h5xx_hal_spi.c ****         break;
2860:Drivers/STM32H5xx_HAL_Driver/Src/stm32h5xx_hal_spi.c ****       }
2861:Drivers/STM32H5xx_HAL_Driver/Src/stm32h5xx_hal_spi.c ****     } while (HAL_IS_BIT_SET(hspi->Instance->CR1, SPI_CR1_CSTART));
2862:Drivers/STM32H5xx_HAL_Driver/Src/stm32h5xx_hal_spi.c **** 
2863:Drivers/STM32H5xx_HAL_Driver/Src/stm32h5xx_hal_spi.c ****     /* Clear SUSP flag */
2864:Drivers/STM32H5xx_HAL_Driver/Src/stm32h5xx_hal_spi.c ****     __HAL_SPI_CLEAR_SUSPFLAG(hspi);
2865:Drivers/STM32H5xx_HAL_Driver/Src/stm32h5xx_hal_spi.c ****     do
2866:Drivers/STM32H5xx_HAL_Driver/Src/stm32h5xx_hal_spi.c ****     {
2867:Drivers/STM32H5xx_HAL_Driver/Src/stm32h5xx_hal_spi.c ****       count--;
2868:Drivers/STM32H5xx_HAL_Driver/Src/stm32h5xx_hal_spi.c ****       if (count == 0UL)
2869:Drivers/STM32H5xx_HAL_Driver/Src/stm32h5xx_hal_spi.c ****       {
2870:Drivers/STM32H5xx_HAL_Driver/Src/stm32h5xx_hal_spi.c ****         SET_BIT(hspi->ErrorCode, HAL_SPI_ERROR_ABORT);
2871:Drivers/STM32H5xx_HAL_Driver/Src/stm32h5xx_hal_spi.c ****         break;
2872:Drivers/STM32H5xx_HAL_Driver/Src/stm32h5xx_hal_spi.c ****       }
2873:Drivers/STM32H5xx_HAL_Driver/Src/stm32h5xx_hal_spi.c ****     } while (__HAL_SPI_GET_FLAG(hspi, SPI_FLAG_SUSP));
2874:Drivers/STM32H5xx_HAL_Driver/Src/stm32h5xx_hal_spi.c ****   }
2875:Drivers/STM32H5xx_HAL_Driver/Src/stm32h5xx_hal_spi.c **** 
2876:Drivers/STM32H5xx_HAL_Driver/Src/stm32h5xx_hal_spi.c **** #if defined(HAL_DMA_MODULE_ENABLED)
2877:Drivers/STM32H5xx_HAL_Driver/Src/stm32h5xx_hal_spi.c ****   /* If DMA Tx and/or DMA Rx Handles are associated to SPI Handle, DMA Abort complete callbacks sho
2878:Drivers/STM32H5xx_HAL_Driver/Src/stm32h5xx_hal_spi.c ****      before any call to DMA Abort functions */
2879:Drivers/STM32H5xx_HAL_Driver/Src/stm32h5xx_hal_spi.c **** 
ARM GAS  /tmp/cc3pUyOJ.s 			page 52


2880:Drivers/STM32H5xx_HAL_Driver/Src/stm32h5xx_hal_spi.c ****   if (hspi->hdmarx != NULL)
2881:Drivers/STM32H5xx_HAL_Driver/Src/stm32h5xx_hal_spi.c ****   {
2882:Drivers/STM32H5xx_HAL_Driver/Src/stm32h5xx_hal_spi.c ****     if (HAL_IS_BIT_SET(hspi->Instance->CFG1, SPI_CFG1_RXDMAEN))
2883:Drivers/STM32H5xx_HAL_Driver/Src/stm32h5xx_hal_spi.c ****     {
2884:Drivers/STM32H5xx_HAL_Driver/Src/stm32h5xx_hal_spi.c ****       /* Set DMA Abort Complete callback if SPI DMA Rx request if enabled */
2885:Drivers/STM32H5xx_HAL_Driver/Src/stm32h5xx_hal_spi.c ****       hspi->hdmarx->XferAbortCallback = SPI_DMARxAbortCallback;
2886:Drivers/STM32H5xx_HAL_Driver/Src/stm32h5xx_hal_spi.c ****     }
2887:Drivers/STM32H5xx_HAL_Driver/Src/stm32h5xx_hal_spi.c ****   }
2888:Drivers/STM32H5xx_HAL_Driver/Src/stm32h5xx_hal_spi.c **** 
2889:Drivers/STM32H5xx_HAL_Driver/Src/stm32h5xx_hal_spi.c ****   if (hspi->hdmatx != NULL)
2890:Drivers/STM32H5xx_HAL_Driver/Src/stm32h5xx_hal_spi.c ****   {
2891:Drivers/STM32H5xx_HAL_Driver/Src/stm32h5xx_hal_spi.c ****     if (HAL_IS_BIT_SET(hspi->Instance->CFG1, SPI_CFG1_TXDMAEN))
2892:Drivers/STM32H5xx_HAL_Driver/Src/stm32h5xx_hal_spi.c ****     {
2893:Drivers/STM32H5xx_HAL_Driver/Src/stm32h5xx_hal_spi.c ****       /* Set DMA Abort Complete callback if SPI DMA Tx request if enabled */
2894:Drivers/STM32H5xx_HAL_Driver/Src/stm32h5xx_hal_spi.c ****       hspi->hdmatx->XferAbortCallback = SPI_DMATxAbortCallback;
2895:Drivers/STM32H5xx_HAL_Driver/Src/stm32h5xx_hal_spi.c **** 
2896:Drivers/STM32H5xx_HAL_Driver/Src/stm32h5xx_hal_spi.c ****       dma_tx_abort_done = 0UL;
2897:Drivers/STM32H5xx_HAL_Driver/Src/stm32h5xx_hal_spi.c **** 
2898:Drivers/STM32H5xx_HAL_Driver/Src/stm32h5xx_hal_spi.c ****       /* Abort DMA Tx Handle linked to SPI Peripheral */
2899:Drivers/STM32H5xx_HAL_Driver/Src/stm32h5xx_hal_spi.c ****       if (HAL_DMA_Abort_IT(hspi->hdmatx) != HAL_OK)
2900:Drivers/STM32H5xx_HAL_Driver/Src/stm32h5xx_hal_spi.c ****       {
2901:Drivers/STM32H5xx_HAL_Driver/Src/stm32h5xx_hal_spi.c ****         if (HAL_DMA_GetError(hspi->hdmatx) == HAL_DMA_ERROR_NO_XFER)
2902:Drivers/STM32H5xx_HAL_Driver/Src/stm32h5xx_hal_spi.c ****         {
2903:Drivers/STM32H5xx_HAL_Driver/Src/stm32h5xx_hal_spi.c ****           dma_tx_abort_done = 1UL;
2904:Drivers/STM32H5xx_HAL_Driver/Src/stm32h5xx_hal_spi.c ****           hspi->hdmatx->XferAbortCallback = NULL;
2905:Drivers/STM32H5xx_HAL_Driver/Src/stm32h5xx_hal_spi.c ****         }
2906:Drivers/STM32H5xx_HAL_Driver/Src/stm32h5xx_hal_spi.c ****       }
2907:Drivers/STM32H5xx_HAL_Driver/Src/stm32h5xx_hal_spi.c ****     }
2908:Drivers/STM32H5xx_HAL_Driver/Src/stm32h5xx_hal_spi.c ****     else
2909:Drivers/STM32H5xx_HAL_Driver/Src/stm32h5xx_hal_spi.c ****     {
2910:Drivers/STM32H5xx_HAL_Driver/Src/stm32h5xx_hal_spi.c ****       hspi->hdmatx->XferAbortCallback = NULL;
2911:Drivers/STM32H5xx_HAL_Driver/Src/stm32h5xx_hal_spi.c ****     }
2912:Drivers/STM32H5xx_HAL_Driver/Src/stm32h5xx_hal_spi.c ****   }
2913:Drivers/STM32H5xx_HAL_Driver/Src/stm32h5xx_hal_spi.c **** 
2914:Drivers/STM32H5xx_HAL_Driver/Src/stm32h5xx_hal_spi.c ****   if (hspi->hdmarx != NULL)
2915:Drivers/STM32H5xx_HAL_Driver/Src/stm32h5xx_hal_spi.c ****   {
2916:Drivers/STM32H5xx_HAL_Driver/Src/stm32h5xx_hal_spi.c ****     if (HAL_IS_BIT_SET(hspi->Instance->CFG1, SPI_CFG1_RXDMAEN))
2917:Drivers/STM32H5xx_HAL_Driver/Src/stm32h5xx_hal_spi.c ****     {
2918:Drivers/STM32H5xx_HAL_Driver/Src/stm32h5xx_hal_spi.c ****       /* Set DMA Abort Complete callback if SPI DMA Rx request if enabled */
2919:Drivers/STM32H5xx_HAL_Driver/Src/stm32h5xx_hal_spi.c ****       hspi->hdmarx->XferAbortCallback = SPI_DMARxAbortCallback;
2920:Drivers/STM32H5xx_HAL_Driver/Src/stm32h5xx_hal_spi.c **** 
2921:Drivers/STM32H5xx_HAL_Driver/Src/stm32h5xx_hal_spi.c ****       dma_rx_abort_done = 0UL;
2922:Drivers/STM32H5xx_HAL_Driver/Src/stm32h5xx_hal_spi.c **** 
2923:Drivers/STM32H5xx_HAL_Driver/Src/stm32h5xx_hal_spi.c ****       /* Abort DMA Rx Handle linked to SPI Peripheral */
2924:Drivers/STM32H5xx_HAL_Driver/Src/stm32h5xx_hal_spi.c ****       if (HAL_DMA_Abort_IT(hspi->hdmarx) != HAL_OK)
2925:Drivers/STM32H5xx_HAL_Driver/Src/stm32h5xx_hal_spi.c ****       {
2926:Drivers/STM32H5xx_HAL_Driver/Src/stm32h5xx_hal_spi.c ****         if (HAL_DMA_GetError(hspi->hdmarx) == HAL_DMA_ERROR_NO_XFER)
2927:Drivers/STM32H5xx_HAL_Driver/Src/stm32h5xx_hal_spi.c ****         {
2928:Drivers/STM32H5xx_HAL_Driver/Src/stm32h5xx_hal_spi.c ****           dma_rx_abort_done = 1UL;
2929:Drivers/STM32H5xx_HAL_Driver/Src/stm32h5xx_hal_spi.c ****           hspi->hdmarx->XferAbortCallback = NULL;
2930:Drivers/STM32H5xx_HAL_Driver/Src/stm32h5xx_hal_spi.c ****         }
2931:Drivers/STM32H5xx_HAL_Driver/Src/stm32h5xx_hal_spi.c ****       }
2932:Drivers/STM32H5xx_HAL_Driver/Src/stm32h5xx_hal_spi.c ****     }
2933:Drivers/STM32H5xx_HAL_Driver/Src/stm32h5xx_hal_spi.c ****     else
2934:Drivers/STM32H5xx_HAL_Driver/Src/stm32h5xx_hal_spi.c ****     {
2935:Drivers/STM32H5xx_HAL_Driver/Src/stm32h5xx_hal_spi.c ****       hspi->hdmarx->XferAbortCallback = NULL;
2936:Drivers/STM32H5xx_HAL_Driver/Src/stm32h5xx_hal_spi.c ****     }
ARM GAS  /tmp/cc3pUyOJ.s 			page 53


2937:Drivers/STM32H5xx_HAL_Driver/Src/stm32h5xx_hal_spi.c ****   }
2938:Drivers/STM32H5xx_HAL_Driver/Src/stm32h5xx_hal_spi.c **** 
2939:Drivers/STM32H5xx_HAL_Driver/Src/stm32h5xx_hal_spi.c ****   /* If no running DMA transfer, finish cleanup and call callbacks */
2940:Drivers/STM32H5xx_HAL_Driver/Src/stm32h5xx_hal_spi.c ****   if ((dma_tx_abort_done == 1UL) && (dma_rx_abort_done == 1UL))
2941:Drivers/STM32H5xx_HAL_Driver/Src/stm32h5xx_hal_spi.c ****   {
2942:Drivers/STM32H5xx_HAL_Driver/Src/stm32h5xx_hal_spi.c **** #endif /* HAL_DMA_MODULE_ENABLED */
2943:Drivers/STM32H5xx_HAL_Driver/Src/stm32h5xx_hal_spi.c ****     /* Proceed with abort procedure */
2944:Drivers/STM32H5xx_HAL_Driver/Src/stm32h5xx_hal_spi.c ****     SPI_AbortTransfer(hspi);
2945:Drivers/STM32H5xx_HAL_Driver/Src/stm32h5xx_hal_spi.c **** 
2946:Drivers/STM32H5xx_HAL_Driver/Src/stm32h5xx_hal_spi.c ****     /* Check error during Abort procedure */
2947:Drivers/STM32H5xx_HAL_Driver/Src/stm32h5xx_hal_spi.c ****     if (HAL_IS_BIT_SET(hspi->ErrorCode, HAL_SPI_ERROR_ABORT))
2948:Drivers/STM32H5xx_HAL_Driver/Src/stm32h5xx_hal_spi.c ****     {
2949:Drivers/STM32H5xx_HAL_Driver/Src/stm32h5xx_hal_spi.c ****       /* return HAL_Error in case of error during Abort procedure */
2950:Drivers/STM32H5xx_HAL_Driver/Src/stm32h5xx_hal_spi.c ****       errorcode = HAL_ERROR;
2951:Drivers/STM32H5xx_HAL_Driver/Src/stm32h5xx_hal_spi.c ****     }
2952:Drivers/STM32H5xx_HAL_Driver/Src/stm32h5xx_hal_spi.c ****     else
2953:Drivers/STM32H5xx_HAL_Driver/Src/stm32h5xx_hal_spi.c ****     {
2954:Drivers/STM32H5xx_HAL_Driver/Src/stm32h5xx_hal_spi.c ****       /* Reset errorCode */
2955:Drivers/STM32H5xx_HAL_Driver/Src/stm32h5xx_hal_spi.c ****       hspi->ErrorCode = HAL_SPI_ERROR_NONE;
2956:Drivers/STM32H5xx_HAL_Driver/Src/stm32h5xx_hal_spi.c ****     }
2957:Drivers/STM32H5xx_HAL_Driver/Src/stm32h5xx_hal_spi.c **** 
2958:Drivers/STM32H5xx_HAL_Driver/Src/stm32h5xx_hal_spi.c ****     /* Restore hspi->state to ready */
2959:Drivers/STM32H5xx_HAL_Driver/Src/stm32h5xx_hal_spi.c ****     hspi->State = HAL_SPI_STATE_READY;
2960:Drivers/STM32H5xx_HAL_Driver/Src/stm32h5xx_hal_spi.c **** 
2961:Drivers/STM32H5xx_HAL_Driver/Src/stm32h5xx_hal_spi.c ****     /* Call user Abort complete callback */
2962:Drivers/STM32H5xx_HAL_Driver/Src/stm32h5xx_hal_spi.c **** #if (USE_HAL_SPI_REGISTER_CALLBACKS == 1UL)
2963:Drivers/STM32H5xx_HAL_Driver/Src/stm32h5xx_hal_spi.c ****     hspi->AbortCpltCallback(hspi);
2964:Drivers/STM32H5xx_HAL_Driver/Src/stm32h5xx_hal_spi.c **** #else
2965:Drivers/STM32H5xx_HAL_Driver/Src/stm32h5xx_hal_spi.c ****     HAL_SPI_AbortCpltCallback(hspi);
2966:Drivers/STM32H5xx_HAL_Driver/Src/stm32h5xx_hal_spi.c **** #endif /* USE_HAL_SPI_REGISTER_CALLBACKS */
2967:Drivers/STM32H5xx_HAL_Driver/Src/stm32h5xx_hal_spi.c **** #if defined(HAL_DMA_MODULE_ENABLED)
2968:Drivers/STM32H5xx_HAL_Driver/Src/stm32h5xx_hal_spi.c ****   }
2969:Drivers/STM32H5xx_HAL_Driver/Src/stm32h5xx_hal_spi.c **** #endif /* HAL_DMA_MODULE_ENABLED */
2970:Drivers/STM32H5xx_HAL_Driver/Src/stm32h5xx_hal_spi.c **** 
2971:Drivers/STM32H5xx_HAL_Driver/Src/stm32h5xx_hal_spi.c ****   return errorcode;
2972:Drivers/STM32H5xx_HAL_Driver/Src/stm32h5xx_hal_spi.c **** }
2973:Drivers/STM32H5xx_HAL_Driver/Src/stm32h5xx_hal_spi.c **** 
2974:Drivers/STM32H5xx_HAL_Driver/Src/stm32h5xx_hal_spi.c **** #if defined(HAL_DMA_MODULE_ENABLED)
2975:Drivers/STM32H5xx_HAL_Driver/Src/stm32h5xx_hal_spi.c **** /**
2976:Drivers/STM32H5xx_HAL_Driver/Src/stm32h5xx_hal_spi.c ****   * @brief  Pause the DMA Transfer.
2977:Drivers/STM32H5xx_HAL_Driver/Src/stm32h5xx_hal_spi.c ****   *         This API is not supported, it is maintained for backward compatibility.
2978:Drivers/STM32H5xx_HAL_Driver/Src/stm32h5xx_hal_spi.c ****   * @param  hspi: pointer to a SPI_HandleTypeDef structure that contains
2979:Drivers/STM32H5xx_HAL_Driver/Src/stm32h5xx_hal_spi.c ****   *               the configuration information for the specified SPI module.
2980:Drivers/STM32H5xx_HAL_Driver/Src/stm32h5xx_hal_spi.c ****   * @retval HAL_ERROR
2981:Drivers/STM32H5xx_HAL_Driver/Src/stm32h5xx_hal_spi.c ****   */
2982:Drivers/STM32H5xx_HAL_Driver/Src/stm32h5xx_hal_spi.c **** HAL_StatusTypeDef HAL_SPI_DMAPause(SPI_HandleTypeDef *hspi)
2983:Drivers/STM32H5xx_HAL_Driver/Src/stm32h5xx_hal_spi.c **** {
2984:Drivers/STM32H5xx_HAL_Driver/Src/stm32h5xx_hal_spi.c ****   /* Set error code to not supported */
2985:Drivers/STM32H5xx_HAL_Driver/Src/stm32h5xx_hal_spi.c ****   SET_BIT(hspi->ErrorCode, HAL_SPI_ERROR_NOT_SUPPORTED);
2986:Drivers/STM32H5xx_HAL_Driver/Src/stm32h5xx_hal_spi.c **** 
2987:Drivers/STM32H5xx_HAL_Driver/Src/stm32h5xx_hal_spi.c ****   return HAL_ERROR;
2988:Drivers/STM32H5xx_HAL_Driver/Src/stm32h5xx_hal_spi.c **** }
2989:Drivers/STM32H5xx_HAL_Driver/Src/stm32h5xx_hal_spi.c **** 
2990:Drivers/STM32H5xx_HAL_Driver/Src/stm32h5xx_hal_spi.c **** /**
2991:Drivers/STM32H5xx_HAL_Driver/Src/stm32h5xx_hal_spi.c ****   * @brief  Resume the DMA Transfer.
2992:Drivers/STM32H5xx_HAL_Driver/Src/stm32h5xx_hal_spi.c ****   *         This API is not supported, it is maintained for backward compatibility.
2993:Drivers/STM32H5xx_HAL_Driver/Src/stm32h5xx_hal_spi.c ****   * @param  hspi: pointer to a SPI_HandleTypeDef structure that contains
ARM GAS  /tmp/cc3pUyOJ.s 			page 54


2994:Drivers/STM32H5xx_HAL_Driver/Src/stm32h5xx_hal_spi.c ****   *               the configuration information for the specified SPI module.
2995:Drivers/STM32H5xx_HAL_Driver/Src/stm32h5xx_hal_spi.c ****   * @retval HAL_ERROR
2996:Drivers/STM32H5xx_HAL_Driver/Src/stm32h5xx_hal_spi.c ****   */
2997:Drivers/STM32H5xx_HAL_Driver/Src/stm32h5xx_hal_spi.c **** HAL_StatusTypeDef HAL_SPI_DMAResume(SPI_HandleTypeDef *hspi)
2998:Drivers/STM32H5xx_HAL_Driver/Src/stm32h5xx_hal_spi.c **** {
2999:Drivers/STM32H5xx_HAL_Driver/Src/stm32h5xx_hal_spi.c ****   /* Set error code to not supported */
3000:Drivers/STM32H5xx_HAL_Driver/Src/stm32h5xx_hal_spi.c ****   SET_BIT(hspi->ErrorCode, HAL_SPI_ERROR_NOT_SUPPORTED);
3001:Drivers/STM32H5xx_HAL_Driver/Src/stm32h5xx_hal_spi.c **** 
3002:Drivers/STM32H5xx_HAL_Driver/Src/stm32h5xx_hal_spi.c ****   return HAL_ERROR;
3003:Drivers/STM32H5xx_HAL_Driver/Src/stm32h5xx_hal_spi.c **** }
3004:Drivers/STM32H5xx_HAL_Driver/Src/stm32h5xx_hal_spi.c **** 
3005:Drivers/STM32H5xx_HAL_Driver/Src/stm32h5xx_hal_spi.c **** /**
3006:Drivers/STM32H5xx_HAL_Driver/Src/stm32h5xx_hal_spi.c ****   * @brief  Stop the DMA Transfer.
3007:Drivers/STM32H5xx_HAL_Driver/Src/stm32h5xx_hal_spi.c ****   *         This API is not supported, it is maintained for backward compatibility.
3008:Drivers/STM32H5xx_HAL_Driver/Src/stm32h5xx_hal_spi.c ****   * @param  hspi: pointer to a SPI_HandleTypeDef structure that contains
3009:Drivers/STM32H5xx_HAL_Driver/Src/stm32h5xx_hal_spi.c ****   *               the configuration information for the specified SPI module.
3010:Drivers/STM32H5xx_HAL_Driver/Src/stm32h5xx_hal_spi.c ****   * @retval HAL_ERROR
3011:Drivers/STM32H5xx_HAL_Driver/Src/stm32h5xx_hal_spi.c ****   */
3012:Drivers/STM32H5xx_HAL_Driver/Src/stm32h5xx_hal_spi.c **** HAL_StatusTypeDef HAL_SPI_DMAStop(SPI_HandleTypeDef *hspi)
3013:Drivers/STM32H5xx_HAL_Driver/Src/stm32h5xx_hal_spi.c **** {
3014:Drivers/STM32H5xx_HAL_Driver/Src/stm32h5xx_hal_spi.c ****   /* Set error code to not supported */
3015:Drivers/STM32H5xx_HAL_Driver/Src/stm32h5xx_hal_spi.c ****   SET_BIT(hspi->ErrorCode, HAL_SPI_ERROR_NOT_SUPPORTED);
3016:Drivers/STM32H5xx_HAL_Driver/Src/stm32h5xx_hal_spi.c **** 
3017:Drivers/STM32H5xx_HAL_Driver/Src/stm32h5xx_hal_spi.c ****   return HAL_ERROR;
3018:Drivers/STM32H5xx_HAL_Driver/Src/stm32h5xx_hal_spi.c **** }
3019:Drivers/STM32H5xx_HAL_Driver/Src/stm32h5xx_hal_spi.c **** #endif /* HAL_DMA_MODULE_ENABLED */
3020:Drivers/STM32H5xx_HAL_Driver/Src/stm32h5xx_hal_spi.c **** 
3021:Drivers/STM32H5xx_HAL_Driver/Src/stm32h5xx_hal_spi.c **** /**
3022:Drivers/STM32H5xx_HAL_Driver/Src/stm32h5xx_hal_spi.c ****   * @brief  Handle SPI interrupt request.
3023:Drivers/STM32H5xx_HAL_Driver/Src/stm32h5xx_hal_spi.c ****   * @param  hspi: pointer to a SPI_HandleTypeDef structure that contains
3024:Drivers/STM32H5xx_HAL_Driver/Src/stm32h5xx_hal_spi.c ****   *               the configuration information for the specified SPI module.
3025:Drivers/STM32H5xx_HAL_Driver/Src/stm32h5xx_hal_spi.c ****   * @retval None
3026:Drivers/STM32H5xx_HAL_Driver/Src/stm32h5xx_hal_spi.c ****   */
3027:Drivers/STM32H5xx_HAL_Driver/Src/stm32h5xx_hal_spi.c **** void HAL_SPI_IRQHandler(SPI_HandleTypeDef *hspi)
3028:Drivers/STM32H5xx_HAL_Driver/Src/stm32h5xx_hal_spi.c **** {
3029:Drivers/STM32H5xx_HAL_Driver/Src/stm32h5xx_hal_spi.c ****   uint32_t itsource = hspi->Instance->IER;
3030:Drivers/STM32H5xx_HAL_Driver/Src/stm32h5xx_hal_spi.c ****   uint32_t itflag   = hspi->Instance->SR;
3031:Drivers/STM32H5xx_HAL_Driver/Src/stm32h5xx_hal_spi.c ****   uint32_t trigger  = itsource & itflag;
3032:Drivers/STM32H5xx_HAL_Driver/Src/stm32h5xx_hal_spi.c ****   uint32_t cfg1     = hspi->Instance->CFG1;
3033:Drivers/STM32H5xx_HAL_Driver/Src/stm32h5xx_hal_spi.c ****   uint32_t handled  = 0UL;
3034:Drivers/STM32H5xx_HAL_Driver/Src/stm32h5xx_hal_spi.c **** 
3035:Drivers/STM32H5xx_HAL_Driver/Src/stm32h5xx_hal_spi.c ****   HAL_SPI_StateTypeDef State = hspi->State;
3036:Drivers/STM32H5xx_HAL_Driver/Src/stm32h5xx_hal_spi.c **** #if defined (__GNUC__)
3037:Drivers/STM32H5xx_HAL_Driver/Src/stm32h5xx_hal_spi.c ****   __IO uint16_t *prxdr_16bits = (__IO uint16_t *)(&(hspi->Instance->RXDR));
3038:Drivers/STM32H5xx_HAL_Driver/Src/stm32h5xx_hal_spi.c **** #endif /* __GNUC__ */
3039:Drivers/STM32H5xx_HAL_Driver/Src/stm32h5xx_hal_spi.c **** 
3040:Drivers/STM32H5xx_HAL_Driver/Src/stm32h5xx_hal_spi.c ****   /* SPI in SUSPEND mode  ----------------------------------------------------*/
3041:Drivers/STM32H5xx_HAL_Driver/Src/stm32h5xx_hal_spi.c ****   if (HAL_IS_BIT_SET(itflag, SPI_FLAG_SUSP) && HAL_IS_BIT_SET(itsource, SPI_FLAG_EOT))
3042:Drivers/STM32H5xx_HAL_Driver/Src/stm32h5xx_hal_spi.c ****   {
3043:Drivers/STM32H5xx_HAL_Driver/Src/stm32h5xx_hal_spi.c ****     /* Clear the Suspend flag */
3044:Drivers/STM32H5xx_HAL_Driver/Src/stm32h5xx_hal_spi.c ****     __HAL_SPI_CLEAR_SUSPFLAG(hspi);
3045:Drivers/STM32H5xx_HAL_Driver/Src/stm32h5xx_hal_spi.c **** 
3046:Drivers/STM32H5xx_HAL_Driver/Src/stm32h5xx_hal_spi.c ****     /* Suspend on going, Call the Suspend callback */
3047:Drivers/STM32H5xx_HAL_Driver/Src/stm32h5xx_hal_spi.c **** #if (USE_HAL_SPI_REGISTER_CALLBACKS == 1UL)
3048:Drivers/STM32H5xx_HAL_Driver/Src/stm32h5xx_hal_spi.c ****     hspi->SuspendCallback(hspi);
3049:Drivers/STM32H5xx_HAL_Driver/Src/stm32h5xx_hal_spi.c **** #else
3050:Drivers/STM32H5xx_HAL_Driver/Src/stm32h5xx_hal_spi.c ****     HAL_SPI_SuspendCallback(hspi);
ARM GAS  /tmp/cc3pUyOJ.s 			page 55


3051:Drivers/STM32H5xx_HAL_Driver/Src/stm32h5xx_hal_spi.c **** #endif /* USE_HAL_SPI_REGISTER_CALLBACKS */
3052:Drivers/STM32H5xx_HAL_Driver/Src/stm32h5xx_hal_spi.c ****     return;
3053:Drivers/STM32H5xx_HAL_Driver/Src/stm32h5xx_hal_spi.c ****   }
3054:Drivers/STM32H5xx_HAL_Driver/Src/stm32h5xx_hal_spi.c **** 
3055:Drivers/STM32H5xx_HAL_Driver/Src/stm32h5xx_hal_spi.c ****   /* SPI in mode Transmitter and Receiver ------------------------------------*/
3056:Drivers/STM32H5xx_HAL_Driver/Src/stm32h5xx_hal_spi.c ****   if (HAL_IS_BIT_CLR(trigger, SPI_FLAG_OVR) && HAL_IS_BIT_CLR(trigger, SPI_FLAG_UDR) && \
3057:Drivers/STM32H5xx_HAL_Driver/Src/stm32h5xx_hal_spi.c ****       HAL_IS_BIT_SET(trigger, SPI_FLAG_DXP))
3058:Drivers/STM32H5xx_HAL_Driver/Src/stm32h5xx_hal_spi.c ****   {
3059:Drivers/STM32H5xx_HAL_Driver/Src/stm32h5xx_hal_spi.c ****     hspi->TxISR(hspi);
3060:Drivers/STM32H5xx_HAL_Driver/Src/stm32h5xx_hal_spi.c ****     hspi->RxISR(hspi);
3061:Drivers/STM32H5xx_HAL_Driver/Src/stm32h5xx_hal_spi.c ****     handled = 1UL;
3062:Drivers/STM32H5xx_HAL_Driver/Src/stm32h5xx_hal_spi.c ****   }
3063:Drivers/STM32H5xx_HAL_Driver/Src/stm32h5xx_hal_spi.c **** 
3064:Drivers/STM32H5xx_HAL_Driver/Src/stm32h5xx_hal_spi.c ****   /* SPI in mode Receiver ----------------------------------------------------*/
3065:Drivers/STM32H5xx_HAL_Driver/Src/stm32h5xx_hal_spi.c ****   if (HAL_IS_BIT_CLR(trigger, SPI_FLAG_OVR) && HAL_IS_BIT_SET(trigger, SPI_FLAG_RXP) && \
3066:Drivers/STM32H5xx_HAL_Driver/Src/stm32h5xx_hal_spi.c ****       HAL_IS_BIT_CLR(trigger, SPI_FLAG_DXP))
3067:Drivers/STM32H5xx_HAL_Driver/Src/stm32h5xx_hal_spi.c ****   {
3068:Drivers/STM32H5xx_HAL_Driver/Src/stm32h5xx_hal_spi.c ****     hspi->RxISR(hspi);
3069:Drivers/STM32H5xx_HAL_Driver/Src/stm32h5xx_hal_spi.c ****     handled = 1UL;
3070:Drivers/STM32H5xx_HAL_Driver/Src/stm32h5xx_hal_spi.c ****   }
3071:Drivers/STM32H5xx_HAL_Driver/Src/stm32h5xx_hal_spi.c **** 
3072:Drivers/STM32H5xx_HAL_Driver/Src/stm32h5xx_hal_spi.c ****   /* SPI in mode Transmitter -------------------------------------------------*/
3073:Drivers/STM32H5xx_HAL_Driver/Src/stm32h5xx_hal_spi.c ****   if (HAL_IS_BIT_CLR(trigger, SPI_FLAG_UDR) && HAL_IS_BIT_SET(trigger, SPI_FLAG_TXP) && \
3074:Drivers/STM32H5xx_HAL_Driver/Src/stm32h5xx_hal_spi.c ****       HAL_IS_BIT_CLR(trigger, SPI_FLAG_DXP))
3075:Drivers/STM32H5xx_HAL_Driver/Src/stm32h5xx_hal_spi.c ****   {
3076:Drivers/STM32H5xx_HAL_Driver/Src/stm32h5xx_hal_spi.c ****     hspi->TxISR(hspi);
3077:Drivers/STM32H5xx_HAL_Driver/Src/stm32h5xx_hal_spi.c ****     handled = 1UL;
3078:Drivers/STM32H5xx_HAL_Driver/Src/stm32h5xx_hal_spi.c ****   }
3079:Drivers/STM32H5xx_HAL_Driver/Src/stm32h5xx_hal_spi.c **** 
3080:Drivers/STM32H5xx_HAL_Driver/Src/stm32h5xx_hal_spi.c ****   if (handled != 0UL)
3081:Drivers/STM32H5xx_HAL_Driver/Src/stm32h5xx_hal_spi.c ****   {
3082:Drivers/STM32H5xx_HAL_Driver/Src/stm32h5xx_hal_spi.c ****     return;
3083:Drivers/STM32H5xx_HAL_Driver/Src/stm32h5xx_hal_spi.c ****   }
3084:Drivers/STM32H5xx_HAL_Driver/Src/stm32h5xx_hal_spi.c **** 
3085:Drivers/STM32H5xx_HAL_Driver/Src/stm32h5xx_hal_spi.c ****   /* SPI End Of Transfer: DMA or IT based transfer */
3086:Drivers/STM32H5xx_HAL_Driver/Src/stm32h5xx_hal_spi.c ****   if (HAL_IS_BIT_SET(trigger, SPI_FLAG_EOT))
3087:Drivers/STM32H5xx_HAL_Driver/Src/stm32h5xx_hal_spi.c ****   {
3088:Drivers/STM32H5xx_HAL_Driver/Src/stm32h5xx_hal_spi.c ****     /* Clear EOT/TXTF/SUSP flag */
3089:Drivers/STM32H5xx_HAL_Driver/Src/stm32h5xx_hal_spi.c ****     __HAL_SPI_CLEAR_EOTFLAG(hspi);
3090:Drivers/STM32H5xx_HAL_Driver/Src/stm32h5xx_hal_spi.c ****     __HAL_SPI_CLEAR_TXTFFLAG(hspi);
3091:Drivers/STM32H5xx_HAL_Driver/Src/stm32h5xx_hal_spi.c ****     __HAL_SPI_CLEAR_SUSPFLAG(hspi);
3092:Drivers/STM32H5xx_HAL_Driver/Src/stm32h5xx_hal_spi.c **** 
3093:Drivers/STM32H5xx_HAL_Driver/Src/stm32h5xx_hal_spi.c ****     /* Disable EOT interrupt */
3094:Drivers/STM32H5xx_HAL_Driver/Src/stm32h5xx_hal_spi.c ****     __HAL_SPI_DISABLE_IT(hspi, SPI_IT_EOT);
3095:Drivers/STM32H5xx_HAL_Driver/Src/stm32h5xx_hal_spi.c **** 
3096:Drivers/STM32H5xx_HAL_Driver/Src/stm32h5xx_hal_spi.c ****     /* For the IT based receive extra polling maybe required for last packet */
3097:Drivers/STM32H5xx_HAL_Driver/Src/stm32h5xx_hal_spi.c ****     if (HAL_IS_BIT_CLR(hspi->Instance->CFG1, SPI_CFG1_TXDMAEN | SPI_CFG1_RXDMAEN))
3098:Drivers/STM32H5xx_HAL_Driver/Src/stm32h5xx_hal_spi.c ****     {
3099:Drivers/STM32H5xx_HAL_Driver/Src/stm32h5xx_hal_spi.c ****       /* Pooling remaining data */
3100:Drivers/STM32H5xx_HAL_Driver/Src/stm32h5xx_hal_spi.c ****       while (hspi->RxXferCount != 0UL)
3101:Drivers/STM32H5xx_HAL_Driver/Src/stm32h5xx_hal_spi.c ****       {
3102:Drivers/STM32H5xx_HAL_Driver/Src/stm32h5xx_hal_spi.c ****         /* Receive data in 32 Bit mode */
3103:Drivers/STM32H5xx_HAL_Driver/Src/stm32h5xx_hal_spi.c ****         if (hspi->Init.DataSize > SPI_DATASIZE_16BIT)
3104:Drivers/STM32H5xx_HAL_Driver/Src/stm32h5xx_hal_spi.c ****         {
3105:Drivers/STM32H5xx_HAL_Driver/Src/stm32h5xx_hal_spi.c ****           *((uint32_t *)hspi->pRxBuffPtr) = *((__IO uint32_t *)&hspi->Instance->RXDR);
3106:Drivers/STM32H5xx_HAL_Driver/Src/stm32h5xx_hal_spi.c ****           hspi->pRxBuffPtr += sizeof(uint32_t);
3107:Drivers/STM32H5xx_HAL_Driver/Src/stm32h5xx_hal_spi.c ****         }
ARM GAS  /tmp/cc3pUyOJ.s 			page 56


3108:Drivers/STM32H5xx_HAL_Driver/Src/stm32h5xx_hal_spi.c ****         /* Receive data in 16 Bit mode */
3109:Drivers/STM32H5xx_HAL_Driver/Src/stm32h5xx_hal_spi.c ****         else if (hspi->Init.DataSize > SPI_DATASIZE_8BIT)
3110:Drivers/STM32H5xx_HAL_Driver/Src/stm32h5xx_hal_spi.c ****         {
3111:Drivers/STM32H5xx_HAL_Driver/Src/stm32h5xx_hal_spi.c **** #if defined (__GNUC__)
3112:Drivers/STM32H5xx_HAL_Driver/Src/stm32h5xx_hal_spi.c ****           *((uint16_t *)hspi->pRxBuffPtr) = *prxdr_16bits;
3113:Drivers/STM32H5xx_HAL_Driver/Src/stm32h5xx_hal_spi.c **** #else
3114:Drivers/STM32H5xx_HAL_Driver/Src/stm32h5xx_hal_spi.c ****           *((uint16_t *)hspi->pRxBuffPtr) = *((__IO uint16_t *)&hspi->Instance->RXDR);
3115:Drivers/STM32H5xx_HAL_Driver/Src/stm32h5xx_hal_spi.c **** #endif /* __GNUC__ */
3116:Drivers/STM32H5xx_HAL_Driver/Src/stm32h5xx_hal_spi.c ****           hspi->pRxBuffPtr += sizeof(uint16_t);
3117:Drivers/STM32H5xx_HAL_Driver/Src/stm32h5xx_hal_spi.c ****         }
3118:Drivers/STM32H5xx_HAL_Driver/Src/stm32h5xx_hal_spi.c ****         /* Receive data in 8 Bit mode */
3119:Drivers/STM32H5xx_HAL_Driver/Src/stm32h5xx_hal_spi.c ****         else
3120:Drivers/STM32H5xx_HAL_Driver/Src/stm32h5xx_hal_spi.c ****         {
3121:Drivers/STM32H5xx_HAL_Driver/Src/stm32h5xx_hal_spi.c ****           *((uint8_t *)hspi->pRxBuffPtr) = *((__IO uint8_t *)&hspi->Instance->RXDR);
3122:Drivers/STM32H5xx_HAL_Driver/Src/stm32h5xx_hal_spi.c ****           hspi->pRxBuffPtr += sizeof(uint8_t);
3123:Drivers/STM32H5xx_HAL_Driver/Src/stm32h5xx_hal_spi.c ****         }
3124:Drivers/STM32H5xx_HAL_Driver/Src/stm32h5xx_hal_spi.c **** 
3125:Drivers/STM32H5xx_HAL_Driver/Src/stm32h5xx_hal_spi.c ****         hspi->RxXferCount--;
3126:Drivers/STM32H5xx_HAL_Driver/Src/stm32h5xx_hal_spi.c ****       }
3127:Drivers/STM32H5xx_HAL_Driver/Src/stm32h5xx_hal_spi.c ****     }
3128:Drivers/STM32H5xx_HAL_Driver/Src/stm32h5xx_hal_spi.c **** 
3129:Drivers/STM32H5xx_HAL_Driver/Src/stm32h5xx_hal_spi.c ****     /* Call SPI Standard close procedure */
3130:Drivers/STM32H5xx_HAL_Driver/Src/stm32h5xx_hal_spi.c ****     SPI_CloseTransfer(hspi);
3131:Drivers/STM32H5xx_HAL_Driver/Src/stm32h5xx_hal_spi.c **** 
3132:Drivers/STM32H5xx_HAL_Driver/Src/stm32h5xx_hal_spi.c ****     hspi->State = HAL_SPI_STATE_READY;
3133:Drivers/STM32H5xx_HAL_Driver/Src/stm32h5xx_hal_spi.c ****     if (hspi->ErrorCode != HAL_SPI_ERROR_NONE)
3134:Drivers/STM32H5xx_HAL_Driver/Src/stm32h5xx_hal_spi.c ****     {
3135:Drivers/STM32H5xx_HAL_Driver/Src/stm32h5xx_hal_spi.c **** #if (USE_HAL_SPI_REGISTER_CALLBACKS == 1UL)
3136:Drivers/STM32H5xx_HAL_Driver/Src/stm32h5xx_hal_spi.c ****       hspi->ErrorCallback(hspi);
3137:Drivers/STM32H5xx_HAL_Driver/Src/stm32h5xx_hal_spi.c **** #else
3138:Drivers/STM32H5xx_HAL_Driver/Src/stm32h5xx_hal_spi.c ****       HAL_SPI_ErrorCallback(hspi);
3139:Drivers/STM32H5xx_HAL_Driver/Src/stm32h5xx_hal_spi.c **** #endif /* USE_HAL_SPI_REGISTER_CALLBACKS */
3140:Drivers/STM32H5xx_HAL_Driver/Src/stm32h5xx_hal_spi.c ****       return;
3141:Drivers/STM32H5xx_HAL_Driver/Src/stm32h5xx_hal_spi.c ****     }
3142:Drivers/STM32H5xx_HAL_Driver/Src/stm32h5xx_hal_spi.c **** 
3143:Drivers/STM32H5xx_HAL_Driver/Src/stm32h5xx_hal_spi.c **** #if (USE_HAL_SPI_REGISTER_CALLBACKS == 1UL)
3144:Drivers/STM32H5xx_HAL_Driver/Src/stm32h5xx_hal_spi.c ****     /* Call appropriate user callback */
3145:Drivers/STM32H5xx_HAL_Driver/Src/stm32h5xx_hal_spi.c ****     if (State == HAL_SPI_STATE_BUSY_TX_RX)
3146:Drivers/STM32H5xx_HAL_Driver/Src/stm32h5xx_hal_spi.c ****     {
3147:Drivers/STM32H5xx_HAL_Driver/Src/stm32h5xx_hal_spi.c ****       hspi->TxRxCpltCallback(hspi);
3148:Drivers/STM32H5xx_HAL_Driver/Src/stm32h5xx_hal_spi.c ****     }
3149:Drivers/STM32H5xx_HAL_Driver/Src/stm32h5xx_hal_spi.c ****     else if (State == HAL_SPI_STATE_BUSY_RX)
3150:Drivers/STM32H5xx_HAL_Driver/Src/stm32h5xx_hal_spi.c ****     {
3151:Drivers/STM32H5xx_HAL_Driver/Src/stm32h5xx_hal_spi.c ****       hspi->RxCpltCallback(hspi);
3152:Drivers/STM32H5xx_HAL_Driver/Src/stm32h5xx_hal_spi.c ****     }
3153:Drivers/STM32H5xx_HAL_Driver/Src/stm32h5xx_hal_spi.c ****     else if (State == HAL_SPI_STATE_BUSY_TX)
3154:Drivers/STM32H5xx_HAL_Driver/Src/stm32h5xx_hal_spi.c ****     {
3155:Drivers/STM32H5xx_HAL_Driver/Src/stm32h5xx_hal_spi.c ****       hspi->TxCpltCallback(hspi);
3156:Drivers/STM32H5xx_HAL_Driver/Src/stm32h5xx_hal_spi.c ****     }
3157:Drivers/STM32H5xx_HAL_Driver/Src/stm32h5xx_hal_spi.c **** #else
3158:Drivers/STM32H5xx_HAL_Driver/Src/stm32h5xx_hal_spi.c ****     /* Call appropriate user callback */
3159:Drivers/STM32H5xx_HAL_Driver/Src/stm32h5xx_hal_spi.c ****     if (State == HAL_SPI_STATE_BUSY_TX_RX)
3160:Drivers/STM32H5xx_HAL_Driver/Src/stm32h5xx_hal_spi.c ****     {
3161:Drivers/STM32H5xx_HAL_Driver/Src/stm32h5xx_hal_spi.c ****       HAL_SPI_TxRxCpltCallback(hspi);
3162:Drivers/STM32H5xx_HAL_Driver/Src/stm32h5xx_hal_spi.c ****     }
3163:Drivers/STM32H5xx_HAL_Driver/Src/stm32h5xx_hal_spi.c ****     else if (State == HAL_SPI_STATE_BUSY_RX)
3164:Drivers/STM32H5xx_HAL_Driver/Src/stm32h5xx_hal_spi.c ****     {
ARM GAS  /tmp/cc3pUyOJ.s 			page 57


3165:Drivers/STM32H5xx_HAL_Driver/Src/stm32h5xx_hal_spi.c ****       HAL_SPI_RxCpltCallback(hspi);
3166:Drivers/STM32H5xx_HAL_Driver/Src/stm32h5xx_hal_spi.c ****     }
3167:Drivers/STM32H5xx_HAL_Driver/Src/stm32h5xx_hal_spi.c ****     else if (State == HAL_SPI_STATE_BUSY_TX)
3168:Drivers/STM32H5xx_HAL_Driver/Src/stm32h5xx_hal_spi.c ****     {
3169:Drivers/STM32H5xx_HAL_Driver/Src/stm32h5xx_hal_spi.c ****       HAL_SPI_TxCpltCallback(hspi);
3170:Drivers/STM32H5xx_HAL_Driver/Src/stm32h5xx_hal_spi.c ****     }
3171:Drivers/STM32H5xx_HAL_Driver/Src/stm32h5xx_hal_spi.c **** #endif /* USE_HAL_SPI_REGISTER_CALLBACKS */
3172:Drivers/STM32H5xx_HAL_Driver/Src/stm32h5xx_hal_spi.c ****     else
3173:Drivers/STM32H5xx_HAL_Driver/Src/stm32h5xx_hal_spi.c ****     {
3174:Drivers/STM32H5xx_HAL_Driver/Src/stm32h5xx_hal_spi.c ****       /* End of the appropriate call */
3175:Drivers/STM32H5xx_HAL_Driver/Src/stm32h5xx_hal_spi.c ****     }
3176:Drivers/STM32H5xx_HAL_Driver/Src/stm32h5xx_hal_spi.c **** 
3177:Drivers/STM32H5xx_HAL_Driver/Src/stm32h5xx_hal_spi.c ****     return;
3178:Drivers/STM32H5xx_HAL_Driver/Src/stm32h5xx_hal_spi.c ****   }
3179:Drivers/STM32H5xx_HAL_Driver/Src/stm32h5xx_hal_spi.c **** 
3180:Drivers/STM32H5xx_HAL_Driver/Src/stm32h5xx_hal_spi.c ****   /* SPI in Error Treatment --------------------------------------------------*/
3181:Drivers/STM32H5xx_HAL_Driver/Src/stm32h5xx_hal_spi.c ****   if ((trigger & (SPI_FLAG_MODF | SPI_FLAG_OVR | SPI_FLAG_FRE | SPI_FLAG_UDR)) != 0UL)
3182:Drivers/STM32H5xx_HAL_Driver/Src/stm32h5xx_hal_spi.c ****   {
3183:Drivers/STM32H5xx_HAL_Driver/Src/stm32h5xx_hal_spi.c ****     /* SPI Overrun error interrupt occurred ----------------------------------*/
3184:Drivers/STM32H5xx_HAL_Driver/Src/stm32h5xx_hal_spi.c ****     if ((trigger & SPI_FLAG_OVR) != 0UL)
3185:Drivers/STM32H5xx_HAL_Driver/Src/stm32h5xx_hal_spi.c ****     {
3186:Drivers/STM32H5xx_HAL_Driver/Src/stm32h5xx_hal_spi.c ****       SET_BIT(hspi->ErrorCode, HAL_SPI_ERROR_OVR);
3187:Drivers/STM32H5xx_HAL_Driver/Src/stm32h5xx_hal_spi.c ****       __HAL_SPI_CLEAR_OVRFLAG(hspi);
3188:Drivers/STM32H5xx_HAL_Driver/Src/stm32h5xx_hal_spi.c ****     }
3189:Drivers/STM32H5xx_HAL_Driver/Src/stm32h5xx_hal_spi.c **** 
3190:Drivers/STM32H5xx_HAL_Driver/Src/stm32h5xx_hal_spi.c ****     /* SPI Mode Fault error interrupt occurred -------------------------------*/
3191:Drivers/STM32H5xx_HAL_Driver/Src/stm32h5xx_hal_spi.c ****     if ((trigger & SPI_FLAG_MODF) != 0UL)
3192:Drivers/STM32H5xx_HAL_Driver/Src/stm32h5xx_hal_spi.c ****     {
3193:Drivers/STM32H5xx_HAL_Driver/Src/stm32h5xx_hal_spi.c ****       SET_BIT(hspi->ErrorCode, HAL_SPI_ERROR_MODF);
3194:Drivers/STM32H5xx_HAL_Driver/Src/stm32h5xx_hal_spi.c ****       __HAL_SPI_CLEAR_MODFFLAG(hspi);
3195:Drivers/STM32H5xx_HAL_Driver/Src/stm32h5xx_hal_spi.c ****     }
3196:Drivers/STM32H5xx_HAL_Driver/Src/stm32h5xx_hal_spi.c **** 
3197:Drivers/STM32H5xx_HAL_Driver/Src/stm32h5xx_hal_spi.c ****     /* SPI Frame error interrupt occurred ------------------------------------*/
3198:Drivers/STM32H5xx_HAL_Driver/Src/stm32h5xx_hal_spi.c ****     if ((trigger & SPI_FLAG_FRE) != 0UL)
3199:Drivers/STM32H5xx_HAL_Driver/Src/stm32h5xx_hal_spi.c ****     {
3200:Drivers/STM32H5xx_HAL_Driver/Src/stm32h5xx_hal_spi.c ****       SET_BIT(hspi->ErrorCode, HAL_SPI_ERROR_FRE);
3201:Drivers/STM32H5xx_HAL_Driver/Src/stm32h5xx_hal_spi.c ****       __HAL_SPI_CLEAR_FREFLAG(hspi);
3202:Drivers/STM32H5xx_HAL_Driver/Src/stm32h5xx_hal_spi.c ****     }
3203:Drivers/STM32H5xx_HAL_Driver/Src/stm32h5xx_hal_spi.c **** 
3204:Drivers/STM32H5xx_HAL_Driver/Src/stm32h5xx_hal_spi.c ****     /* SPI Underrun error interrupt occurred ------------------------------------*/
3205:Drivers/STM32H5xx_HAL_Driver/Src/stm32h5xx_hal_spi.c ****     if ((trigger & SPI_FLAG_UDR) != 0UL)
3206:Drivers/STM32H5xx_HAL_Driver/Src/stm32h5xx_hal_spi.c ****     {
3207:Drivers/STM32H5xx_HAL_Driver/Src/stm32h5xx_hal_spi.c ****       SET_BIT(hspi->ErrorCode, HAL_SPI_ERROR_UDR);
3208:Drivers/STM32H5xx_HAL_Driver/Src/stm32h5xx_hal_spi.c ****       __HAL_SPI_CLEAR_UDRFLAG(hspi);
3209:Drivers/STM32H5xx_HAL_Driver/Src/stm32h5xx_hal_spi.c ****     }
3210:Drivers/STM32H5xx_HAL_Driver/Src/stm32h5xx_hal_spi.c **** 
3211:Drivers/STM32H5xx_HAL_Driver/Src/stm32h5xx_hal_spi.c ****     if (hspi->ErrorCode != HAL_SPI_ERROR_NONE)
3212:Drivers/STM32H5xx_HAL_Driver/Src/stm32h5xx_hal_spi.c ****     {
3213:Drivers/STM32H5xx_HAL_Driver/Src/stm32h5xx_hal_spi.c ****       /* Disable SPI peripheral */
3214:Drivers/STM32H5xx_HAL_Driver/Src/stm32h5xx_hal_spi.c ****       __HAL_SPI_DISABLE(hspi);
3215:Drivers/STM32H5xx_HAL_Driver/Src/stm32h5xx_hal_spi.c **** 
3216:Drivers/STM32H5xx_HAL_Driver/Src/stm32h5xx_hal_spi.c ****       /* Disable all interrupts */
3217:Drivers/STM32H5xx_HAL_Driver/Src/stm32h5xx_hal_spi.c ****       __HAL_SPI_DISABLE_IT(hspi, (SPI_IT_EOT | SPI_IT_RXP | SPI_IT_TXP | SPI_IT_MODF |
3218:Drivers/STM32H5xx_HAL_Driver/Src/stm32h5xx_hal_spi.c ****                                   SPI_IT_OVR | SPI_IT_FRE | SPI_IT_UDR));
3219:Drivers/STM32H5xx_HAL_Driver/Src/stm32h5xx_hal_spi.c **** 
3220:Drivers/STM32H5xx_HAL_Driver/Src/stm32h5xx_hal_spi.c **** #if defined(HAL_DMA_MODULE_ENABLED)
3221:Drivers/STM32H5xx_HAL_Driver/Src/stm32h5xx_hal_spi.c ****       /* Disable the SPI DMA requests if enabled */
ARM GAS  /tmp/cc3pUyOJ.s 			page 58


3222:Drivers/STM32H5xx_HAL_Driver/Src/stm32h5xx_hal_spi.c ****       if (HAL_IS_BIT_SET(cfg1, SPI_CFG1_TXDMAEN | SPI_CFG1_RXDMAEN))
3223:Drivers/STM32H5xx_HAL_Driver/Src/stm32h5xx_hal_spi.c ****       {
3224:Drivers/STM32H5xx_HAL_Driver/Src/stm32h5xx_hal_spi.c ****         /* Disable the SPI DMA requests */
3225:Drivers/STM32H5xx_HAL_Driver/Src/stm32h5xx_hal_spi.c ****         CLEAR_BIT(hspi->Instance->CFG1, SPI_CFG1_TXDMAEN | SPI_CFG1_RXDMAEN);
3226:Drivers/STM32H5xx_HAL_Driver/Src/stm32h5xx_hal_spi.c **** 
3227:Drivers/STM32H5xx_HAL_Driver/Src/stm32h5xx_hal_spi.c ****         /* Abort the SPI DMA Rx channel */
3228:Drivers/STM32H5xx_HAL_Driver/Src/stm32h5xx_hal_spi.c ****         if (hspi->hdmarx != NULL)
3229:Drivers/STM32H5xx_HAL_Driver/Src/stm32h5xx_hal_spi.c ****         {
3230:Drivers/STM32H5xx_HAL_Driver/Src/stm32h5xx_hal_spi.c ****           /* Set the SPI DMA Abort callback :
3231:Drivers/STM32H5xx_HAL_Driver/Src/stm32h5xx_hal_spi.c ****           will lead to call HAL_SPI_ErrorCallback() at end of DMA abort procedure */
3232:Drivers/STM32H5xx_HAL_Driver/Src/stm32h5xx_hal_spi.c ****           hspi->hdmarx->XferAbortCallback = SPI_DMAAbortOnError;
3233:Drivers/STM32H5xx_HAL_Driver/Src/stm32h5xx_hal_spi.c ****           if (HAL_OK != HAL_DMA_Abort_IT(hspi->hdmarx))
3234:Drivers/STM32H5xx_HAL_Driver/Src/stm32h5xx_hal_spi.c ****           {
3235:Drivers/STM32H5xx_HAL_Driver/Src/stm32h5xx_hal_spi.c ****             SET_BIT(hspi->ErrorCode, HAL_SPI_ERROR_ABORT);
3236:Drivers/STM32H5xx_HAL_Driver/Src/stm32h5xx_hal_spi.c ****           }
3237:Drivers/STM32H5xx_HAL_Driver/Src/stm32h5xx_hal_spi.c ****         }
3238:Drivers/STM32H5xx_HAL_Driver/Src/stm32h5xx_hal_spi.c ****         /* Abort the SPI DMA Tx channel */
3239:Drivers/STM32H5xx_HAL_Driver/Src/stm32h5xx_hal_spi.c ****         if (hspi->hdmatx != NULL)
3240:Drivers/STM32H5xx_HAL_Driver/Src/stm32h5xx_hal_spi.c ****         {
3241:Drivers/STM32H5xx_HAL_Driver/Src/stm32h5xx_hal_spi.c ****           /* Set the SPI DMA Abort callback :
3242:Drivers/STM32H5xx_HAL_Driver/Src/stm32h5xx_hal_spi.c ****           will lead to call HAL_SPI_ErrorCallback() at end of DMA abort procedure */
3243:Drivers/STM32H5xx_HAL_Driver/Src/stm32h5xx_hal_spi.c ****           hspi->hdmatx->XferAbortCallback = SPI_DMAAbortOnError;
3244:Drivers/STM32H5xx_HAL_Driver/Src/stm32h5xx_hal_spi.c ****           if (HAL_OK != HAL_DMA_Abort_IT(hspi->hdmatx))
3245:Drivers/STM32H5xx_HAL_Driver/Src/stm32h5xx_hal_spi.c ****           {
3246:Drivers/STM32H5xx_HAL_Driver/Src/stm32h5xx_hal_spi.c ****             SET_BIT(hspi->ErrorCode, HAL_SPI_ERROR_ABORT);
3247:Drivers/STM32H5xx_HAL_Driver/Src/stm32h5xx_hal_spi.c ****           }
3248:Drivers/STM32H5xx_HAL_Driver/Src/stm32h5xx_hal_spi.c ****         }
3249:Drivers/STM32H5xx_HAL_Driver/Src/stm32h5xx_hal_spi.c ****       }
3250:Drivers/STM32H5xx_HAL_Driver/Src/stm32h5xx_hal_spi.c ****       else
3251:Drivers/STM32H5xx_HAL_Driver/Src/stm32h5xx_hal_spi.c ****       {
3252:Drivers/STM32H5xx_HAL_Driver/Src/stm32h5xx_hal_spi.c **** #endif /* HAL_DMA_MODULE_ENABLED */
3253:Drivers/STM32H5xx_HAL_Driver/Src/stm32h5xx_hal_spi.c ****         /* Restore hspi->State to Ready */
3254:Drivers/STM32H5xx_HAL_Driver/Src/stm32h5xx_hal_spi.c ****         hspi->State = HAL_SPI_STATE_READY;
3255:Drivers/STM32H5xx_HAL_Driver/Src/stm32h5xx_hal_spi.c **** 
3256:Drivers/STM32H5xx_HAL_Driver/Src/stm32h5xx_hal_spi.c ****         /* Call user error callback */
3257:Drivers/STM32H5xx_HAL_Driver/Src/stm32h5xx_hal_spi.c **** #if (USE_HAL_SPI_REGISTER_CALLBACKS == 1UL)
3258:Drivers/STM32H5xx_HAL_Driver/Src/stm32h5xx_hal_spi.c ****         hspi->ErrorCallback(hspi);
3259:Drivers/STM32H5xx_HAL_Driver/Src/stm32h5xx_hal_spi.c **** #else
3260:Drivers/STM32H5xx_HAL_Driver/Src/stm32h5xx_hal_spi.c ****         HAL_SPI_ErrorCallback(hspi);
3261:Drivers/STM32H5xx_HAL_Driver/Src/stm32h5xx_hal_spi.c **** #endif /* USE_HAL_SPI_REGISTER_CALLBACKS */
3262:Drivers/STM32H5xx_HAL_Driver/Src/stm32h5xx_hal_spi.c **** #if defined(HAL_DMA_MODULE_ENABLED)
3263:Drivers/STM32H5xx_HAL_Driver/Src/stm32h5xx_hal_spi.c ****       }
3264:Drivers/STM32H5xx_HAL_Driver/Src/stm32h5xx_hal_spi.c **** #endif /* HAL_DMA_MODULE_ENABLED */
3265:Drivers/STM32H5xx_HAL_Driver/Src/stm32h5xx_hal_spi.c ****     }
3266:Drivers/STM32H5xx_HAL_Driver/Src/stm32h5xx_hal_spi.c ****     return;
3267:Drivers/STM32H5xx_HAL_Driver/Src/stm32h5xx_hal_spi.c ****   }
3268:Drivers/STM32H5xx_HAL_Driver/Src/stm32h5xx_hal_spi.c **** }
3269:Drivers/STM32H5xx_HAL_Driver/Src/stm32h5xx_hal_spi.c **** 
3270:Drivers/STM32H5xx_HAL_Driver/Src/stm32h5xx_hal_spi.c **** /**
3271:Drivers/STM32H5xx_HAL_Driver/Src/stm32h5xx_hal_spi.c ****   * @brief Tx Transfer completed callback.
3272:Drivers/STM32H5xx_HAL_Driver/Src/stm32h5xx_hal_spi.c ****   * @param  hspi: pointer to a SPI_HandleTypeDef structure that contains
3273:Drivers/STM32H5xx_HAL_Driver/Src/stm32h5xx_hal_spi.c ****   *               the configuration information for SPI module.
3274:Drivers/STM32H5xx_HAL_Driver/Src/stm32h5xx_hal_spi.c ****   * @retval None
3275:Drivers/STM32H5xx_HAL_Driver/Src/stm32h5xx_hal_spi.c ****   */
3276:Drivers/STM32H5xx_HAL_Driver/Src/stm32h5xx_hal_spi.c **** __weak void HAL_SPI_TxCpltCallback(SPI_HandleTypeDef *hspi) /* Derogation MISRAC2012-Rule-8.13 */
3277:Drivers/STM32H5xx_HAL_Driver/Src/stm32h5xx_hal_spi.c **** {
3278:Drivers/STM32H5xx_HAL_Driver/Src/stm32h5xx_hal_spi.c ****   /* Prevent unused argument(s) compilation warning */
ARM GAS  /tmp/cc3pUyOJ.s 			page 59


3279:Drivers/STM32H5xx_HAL_Driver/Src/stm32h5xx_hal_spi.c ****   UNUSED(hspi);
3280:Drivers/STM32H5xx_HAL_Driver/Src/stm32h5xx_hal_spi.c **** 
3281:Drivers/STM32H5xx_HAL_Driver/Src/stm32h5xx_hal_spi.c ****   /* NOTE : This function should not be modified, when the callback is needed,
3282:Drivers/STM32H5xx_HAL_Driver/Src/stm32h5xx_hal_spi.c ****             the HAL_SPI_TxCpltCallback should be implemented in the user file
3283:Drivers/STM32H5xx_HAL_Driver/Src/stm32h5xx_hal_spi.c ****    */
3284:Drivers/STM32H5xx_HAL_Driver/Src/stm32h5xx_hal_spi.c **** }
3285:Drivers/STM32H5xx_HAL_Driver/Src/stm32h5xx_hal_spi.c **** 
3286:Drivers/STM32H5xx_HAL_Driver/Src/stm32h5xx_hal_spi.c **** /**
3287:Drivers/STM32H5xx_HAL_Driver/Src/stm32h5xx_hal_spi.c ****   * @brief Rx Transfer completed callback.
3288:Drivers/STM32H5xx_HAL_Driver/Src/stm32h5xx_hal_spi.c ****   * @param  hspi: pointer to a SPI_HandleTypeDef structure that contains
3289:Drivers/STM32H5xx_HAL_Driver/Src/stm32h5xx_hal_spi.c ****   *               the configuration information for SPI module.
3290:Drivers/STM32H5xx_HAL_Driver/Src/stm32h5xx_hal_spi.c ****   * @retval None
3291:Drivers/STM32H5xx_HAL_Driver/Src/stm32h5xx_hal_spi.c ****   */
3292:Drivers/STM32H5xx_HAL_Driver/Src/stm32h5xx_hal_spi.c **** __weak void HAL_SPI_RxCpltCallback(SPI_HandleTypeDef *hspi) /* Derogation MISRAC2012-Rule-8.13 */
3293:Drivers/STM32H5xx_HAL_Driver/Src/stm32h5xx_hal_spi.c **** {
3294:Drivers/STM32H5xx_HAL_Driver/Src/stm32h5xx_hal_spi.c ****   /* Prevent unused argument(s) compilation warning */
3295:Drivers/STM32H5xx_HAL_Driver/Src/stm32h5xx_hal_spi.c ****   UNUSED(hspi);
3296:Drivers/STM32H5xx_HAL_Driver/Src/stm32h5xx_hal_spi.c **** 
3297:Drivers/STM32H5xx_HAL_Driver/Src/stm32h5xx_hal_spi.c ****   /* NOTE : This function should not be modified, when the callback is needed,
3298:Drivers/STM32H5xx_HAL_Driver/Src/stm32h5xx_hal_spi.c ****             the HAL_SPI_RxCpltCallback should be implemented in the user file
3299:Drivers/STM32H5xx_HAL_Driver/Src/stm32h5xx_hal_spi.c ****    */
3300:Drivers/STM32H5xx_HAL_Driver/Src/stm32h5xx_hal_spi.c **** }
3301:Drivers/STM32H5xx_HAL_Driver/Src/stm32h5xx_hal_spi.c **** 
3302:Drivers/STM32H5xx_HAL_Driver/Src/stm32h5xx_hal_spi.c **** /**
3303:Drivers/STM32H5xx_HAL_Driver/Src/stm32h5xx_hal_spi.c ****   * @brief Tx and Rx Transfer completed callback.
3304:Drivers/STM32H5xx_HAL_Driver/Src/stm32h5xx_hal_spi.c ****   * @param  hspi: pointer to a SPI_HandleTypeDef structure that contains
3305:Drivers/STM32H5xx_HAL_Driver/Src/stm32h5xx_hal_spi.c ****   *               the configuration information for SPI module.
3306:Drivers/STM32H5xx_HAL_Driver/Src/stm32h5xx_hal_spi.c ****   * @retval None
3307:Drivers/STM32H5xx_HAL_Driver/Src/stm32h5xx_hal_spi.c ****   */
3308:Drivers/STM32H5xx_HAL_Driver/Src/stm32h5xx_hal_spi.c **** __weak void HAL_SPI_TxRxCpltCallback(SPI_HandleTypeDef *hspi) /* Derogation MISRAC2012-Rule-8.13 */
3309:Drivers/STM32H5xx_HAL_Driver/Src/stm32h5xx_hal_spi.c **** {
3310:Drivers/STM32H5xx_HAL_Driver/Src/stm32h5xx_hal_spi.c ****   /* Prevent unused argument(s) compilation warning */
3311:Drivers/STM32H5xx_HAL_Driver/Src/stm32h5xx_hal_spi.c ****   UNUSED(hspi);
3312:Drivers/STM32H5xx_HAL_Driver/Src/stm32h5xx_hal_spi.c **** 
3313:Drivers/STM32H5xx_HAL_Driver/Src/stm32h5xx_hal_spi.c ****   /* NOTE : This function should not be modified, when the callback is needed,
3314:Drivers/STM32H5xx_HAL_Driver/Src/stm32h5xx_hal_spi.c ****             the HAL_SPI_TxRxCpltCallback should be implemented in the user file
3315:Drivers/STM32H5xx_HAL_Driver/Src/stm32h5xx_hal_spi.c ****    */
3316:Drivers/STM32H5xx_HAL_Driver/Src/stm32h5xx_hal_spi.c **** }
3317:Drivers/STM32H5xx_HAL_Driver/Src/stm32h5xx_hal_spi.c **** 
3318:Drivers/STM32H5xx_HAL_Driver/Src/stm32h5xx_hal_spi.c **** /**
3319:Drivers/STM32H5xx_HAL_Driver/Src/stm32h5xx_hal_spi.c ****   * @brief Tx Half Transfer completed callback.
3320:Drivers/STM32H5xx_HAL_Driver/Src/stm32h5xx_hal_spi.c ****   * @param  hspi: pointer to a SPI_HandleTypeDef structure that contains
3321:Drivers/STM32H5xx_HAL_Driver/Src/stm32h5xx_hal_spi.c ****   *               the configuration information for SPI module.
3322:Drivers/STM32H5xx_HAL_Driver/Src/stm32h5xx_hal_spi.c ****   * @retval None
3323:Drivers/STM32H5xx_HAL_Driver/Src/stm32h5xx_hal_spi.c ****   */
3324:Drivers/STM32H5xx_HAL_Driver/Src/stm32h5xx_hal_spi.c **** __weak void HAL_SPI_TxHalfCpltCallback(SPI_HandleTypeDef *hspi) /* Derogation MISRAC2012-Rule-8.13 
3325:Drivers/STM32H5xx_HAL_Driver/Src/stm32h5xx_hal_spi.c **** {
3326:Drivers/STM32H5xx_HAL_Driver/Src/stm32h5xx_hal_spi.c ****   /* Prevent unused argument(s) compilation warning */
3327:Drivers/STM32H5xx_HAL_Driver/Src/stm32h5xx_hal_spi.c ****   UNUSED(hspi);
3328:Drivers/STM32H5xx_HAL_Driver/Src/stm32h5xx_hal_spi.c **** 
3329:Drivers/STM32H5xx_HAL_Driver/Src/stm32h5xx_hal_spi.c ****   /* NOTE : This function should not be modified, when the callback is needed,
3330:Drivers/STM32H5xx_HAL_Driver/Src/stm32h5xx_hal_spi.c ****             the HAL_SPI_TxHalfCpltCallback should be implemented in the user file
3331:Drivers/STM32H5xx_HAL_Driver/Src/stm32h5xx_hal_spi.c ****    */
3332:Drivers/STM32H5xx_HAL_Driver/Src/stm32h5xx_hal_spi.c **** }
3333:Drivers/STM32H5xx_HAL_Driver/Src/stm32h5xx_hal_spi.c **** 
3334:Drivers/STM32H5xx_HAL_Driver/Src/stm32h5xx_hal_spi.c **** /**
3335:Drivers/STM32H5xx_HAL_Driver/Src/stm32h5xx_hal_spi.c ****   * @brief Rx Half Transfer completed callback.
ARM GAS  /tmp/cc3pUyOJ.s 			page 60


3336:Drivers/STM32H5xx_HAL_Driver/Src/stm32h5xx_hal_spi.c ****   * @param  hspi: pointer to a SPI_HandleTypeDef structure that contains
3337:Drivers/STM32H5xx_HAL_Driver/Src/stm32h5xx_hal_spi.c ****   *               the configuration information for SPI module.
3338:Drivers/STM32H5xx_HAL_Driver/Src/stm32h5xx_hal_spi.c ****   * @retval None
3339:Drivers/STM32H5xx_HAL_Driver/Src/stm32h5xx_hal_spi.c ****   */
3340:Drivers/STM32H5xx_HAL_Driver/Src/stm32h5xx_hal_spi.c **** __weak void HAL_SPI_RxHalfCpltCallback(SPI_HandleTypeDef *hspi) /* Derogation MISRAC2012-Rule-8.13 
3341:Drivers/STM32H5xx_HAL_Driver/Src/stm32h5xx_hal_spi.c **** {
3342:Drivers/STM32H5xx_HAL_Driver/Src/stm32h5xx_hal_spi.c ****   /* Prevent unused argument(s) compilation warning */
3343:Drivers/STM32H5xx_HAL_Driver/Src/stm32h5xx_hal_spi.c ****   UNUSED(hspi);
3344:Drivers/STM32H5xx_HAL_Driver/Src/stm32h5xx_hal_spi.c **** 
3345:Drivers/STM32H5xx_HAL_Driver/Src/stm32h5xx_hal_spi.c ****   /* NOTE : This function should not be modified, when the callback is needed,
3346:Drivers/STM32H5xx_HAL_Driver/Src/stm32h5xx_hal_spi.c ****             the HAL_SPI_RxHalfCpltCallback() should be implemented in the user file
3347:Drivers/STM32H5xx_HAL_Driver/Src/stm32h5xx_hal_spi.c ****    */
3348:Drivers/STM32H5xx_HAL_Driver/Src/stm32h5xx_hal_spi.c **** }
3349:Drivers/STM32H5xx_HAL_Driver/Src/stm32h5xx_hal_spi.c **** 
3350:Drivers/STM32H5xx_HAL_Driver/Src/stm32h5xx_hal_spi.c **** /**
3351:Drivers/STM32H5xx_HAL_Driver/Src/stm32h5xx_hal_spi.c ****   * @brief Tx and Rx Half Transfer callback.
3352:Drivers/STM32H5xx_HAL_Driver/Src/stm32h5xx_hal_spi.c ****   * @param  hspi: pointer to a SPI_HandleTypeDef structure that contains
3353:Drivers/STM32H5xx_HAL_Driver/Src/stm32h5xx_hal_spi.c ****   *               the configuration information for SPI module.
3354:Drivers/STM32H5xx_HAL_Driver/Src/stm32h5xx_hal_spi.c ****   * @retval None
3355:Drivers/STM32H5xx_HAL_Driver/Src/stm32h5xx_hal_spi.c ****   */
3356:Drivers/STM32H5xx_HAL_Driver/Src/stm32h5xx_hal_spi.c **** __weak void HAL_SPI_TxRxHalfCpltCallback(SPI_HandleTypeDef *hspi) /* Derogation MISRAC2012-Rule-8.1
3357:Drivers/STM32H5xx_HAL_Driver/Src/stm32h5xx_hal_spi.c **** {
3358:Drivers/STM32H5xx_HAL_Driver/Src/stm32h5xx_hal_spi.c ****   /* Prevent unused argument(s) compilation warning */
3359:Drivers/STM32H5xx_HAL_Driver/Src/stm32h5xx_hal_spi.c ****   UNUSED(hspi);
3360:Drivers/STM32H5xx_HAL_Driver/Src/stm32h5xx_hal_spi.c **** 
3361:Drivers/STM32H5xx_HAL_Driver/Src/stm32h5xx_hal_spi.c ****   /* NOTE : This function should not be modified, when the callback is needed,
3362:Drivers/STM32H5xx_HAL_Driver/Src/stm32h5xx_hal_spi.c ****             the HAL_SPI_TxRxHalfCpltCallback() should be implemented in the user file
3363:Drivers/STM32H5xx_HAL_Driver/Src/stm32h5xx_hal_spi.c ****    */
3364:Drivers/STM32H5xx_HAL_Driver/Src/stm32h5xx_hal_spi.c **** }
3365:Drivers/STM32H5xx_HAL_Driver/Src/stm32h5xx_hal_spi.c **** 
3366:Drivers/STM32H5xx_HAL_Driver/Src/stm32h5xx_hal_spi.c **** /**
3367:Drivers/STM32H5xx_HAL_Driver/Src/stm32h5xx_hal_spi.c ****   * @brief SPI error callback.
3368:Drivers/STM32H5xx_HAL_Driver/Src/stm32h5xx_hal_spi.c ****   * @param  hspi: pointer to a SPI_HandleTypeDef structure that contains
3369:Drivers/STM32H5xx_HAL_Driver/Src/stm32h5xx_hal_spi.c ****   *               the configuration information for SPI module.
3370:Drivers/STM32H5xx_HAL_Driver/Src/stm32h5xx_hal_spi.c ****   * @retval None
3371:Drivers/STM32H5xx_HAL_Driver/Src/stm32h5xx_hal_spi.c ****   */
3372:Drivers/STM32H5xx_HAL_Driver/Src/stm32h5xx_hal_spi.c **** __weak void HAL_SPI_ErrorCallback(SPI_HandleTypeDef *hspi) /* Derogation MISRAC2012-Rule-8.13 */
3373:Drivers/STM32H5xx_HAL_Driver/Src/stm32h5xx_hal_spi.c **** {
3374:Drivers/STM32H5xx_HAL_Driver/Src/stm32h5xx_hal_spi.c ****   /* Prevent unused argument(s) compilation warning */
3375:Drivers/STM32H5xx_HAL_Driver/Src/stm32h5xx_hal_spi.c ****   UNUSED(hspi);
3376:Drivers/STM32H5xx_HAL_Driver/Src/stm32h5xx_hal_spi.c **** 
3377:Drivers/STM32H5xx_HAL_Driver/Src/stm32h5xx_hal_spi.c ****   /* NOTE : This function should not be modified, when the callback is needed,
3378:Drivers/STM32H5xx_HAL_Driver/Src/stm32h5xx_hal_spi.c ****             the HAL_SPI_ErrorCallback should be implemented in the user file
3379:Drivers/STM32H5xx_HAL_Driver/Src/stm32h5xx_hal_spi.c ****    */
3380:Drivers/STM32H5xx_HAL_Driver/Src/stm32h5xx_hal_spi.c ****   /* NOTE : The ErrorCode parameter in the hspi handle is updated by the SPI processes
3381:Drivers/STM32H5xx_HAL_Driver/Src/stm32h5xx_hal_spi.c ****             and user can use HAL_SPI_GetError() API to check the latest error occurred
3382:Drivers/STM32H5xx_HAL_Driver/Src/stm32h5xx_hal_spi.c ****    */
3383:Drivers/STM32H5xx_HAL_Driver/Src/stm32h5xx_hal_spi.c **** }
3384:Drivers/STM32H5xx_HAL_Driver/Src/stm32h5xx_hal_spi.c **** 
3385:Drivers/STM32H5xx_HAL_Driver/Src/stm32h5xx_hal_spi.c **** /**
3386:Drivers/STM32H5xx_HAL_Driver/Src/stm32h5xx_hal_spi.c ****   * @brief  SPI Abort Complete callback.
3387:Drivers/STM32H5xx_HAL_Driver/Src/stm32h5xx_hal_spi.c ****   * @param  hspi SPI handle.
3388:Drivers/STM32H5xx_HAL_Driver/Src/stm32h5xx_hal_spi.c ****   * @retval None
3389:Drivers/STM32H5xx_HAL_Driver/Src/stm32h5xx_hal_spi.c ****   */
3390:Drivers/STM32H5xx_HAL_Driver/Src/stm32h5xx_hal_spi.c **** __weak void HAL_SPI_AbortCpltCallback(SPI_HandleTypeDef *hspi) /* Derogation MISRAC2012-Rule-8.13 *
3391:Drivers/STM32H5xx_HAL_Driver/Src/stm32h5xx_hal_spi.c **** {
3392:Drivers/STM32H5xx_HAL_Driver/Src/stm32h5xx_hal_spi.c ****   /* Prevent unused argument(s) compilation warning */
ARM GAS  /tmp/cc3pUyOJ.s 			page 61


3393:Drivers/STM32H5xx_HAL_Driver/Src/stm32h5xx_hal_spi.c ****   UNUSED(hspi);
3394:Drivers/STM32H5xx_HAL_Driver/Src/stm32h5xx_hal_spi.c **** 
3395:Drivers/STM32H5xx_HAL_Driver/Src/stm32h5xx_hal_spi.c ****   /* NOTE : This function should not be modified, when the callback is needed,
3396:Drivers/STM32H5xx_HAL_Driver/Src/stm32h5xx_hal_spi.c ****             the HAL_SPI_AbortCpltCallback can be implemented in the user file.
3397:Drivers/STM32H5xx_HAL_Driver/Src/stm32h5xx_hal_spi.c ****    */
3398:Drivers/STM32H5xx_HAL_Driver/Src/stm32h5xx_hal_spi.c **** }
3399:Drivers/STM32H5xx_HAL_Driver/Src/stm32h5xx_hal_spi.c **** 
3400:Drivers/STM32H5xx_HAL_Driver/Src/stm32h5xx_hal_spi.c **** /**
3401:Drivers/STM32H5xx_HAL_Driver/Src/stm32h5xx_hal_spi.c ****   * @brief  SPI Suspend callback.
3402:Drivers/STM32H5xx_HAL_Driver/Src/stm32h5xx_hal_spi.c ****   * @param  hspi SPI handle.
3403:Drivers/STM32H5xx_HAL_Driver/Src/stm32h5xx_hal_spi.c ****   * @retval None
3404:Drivers/STM32H5xx_HAL_Driver/Src/stm32h5xx_hal_spi.c ****   */
3405:Drivers/STM32H5xx_HAL_Driver/Src/stm32h5xx_hal_spi.c **** __weak void HAL_SPI_SuspendCallback(SPI_HandleTypeDef *hspi) /* Derogation MISRAC2012-Rule-8.13 */
3406:Drivers/STM32H5xx_HAL_Driver/Src/stm32h5xx_hal_spi.c **** {
3407:Drivers/STM32H5xx_HAL_Driver/Src/stm32h5xx_hal_spi.c ****   /* Prevent unused argument(s) compilation warning */
3408:Drivers/STM32H5xx_HAL_Driver/Src/stm32h5xx_hal_spi.c ****   UNUSED(hspi);
3409:Drivers/STM32H5xx_HAL_Driver/Src/stm32h5xx_hal_spi.c **** 
3410:Drivers/STM32H5xx_HAL_Driver/Src/stm32h5xx_hal_spi.c ****   /* NOTE : This function should not be modified, when the callback is needed,
3411:Drivers/STM32H5xx_HAL_Driver/Src/stm32h5xx_hal_spi.c ****             the HAL_SPI_SuspendCallback can be implemented in the user file.
3412:Drivers/STM32H5xx_HAL_Driver/Src/stm32h5xx_hal_spi.c ****    */
3413:Drivers/STM32H5xx_HAL_Driver/Src/stm32h5xx_hal_spi.c **** }
3414:Drivers/STM32H5xx_HAL_Driver/Src/stm32h5xx_hal_spi.c **** 
3415:Drivers/STM32H5xx_HAL_Driver/Src/stm32h5xx_hal_spi.c **** /**
3416:Drivers/STM32H5xx_HAL_Driver/Src/stm32h5xx_hal_spi.c ****   * @}
3417:Drivers/STM32H5xx_HAL_Driver/Src/stm32h5xx_hal_spi.c ****   */
3418:Drivers/STM32H5xx_HAL_Driver/Src/stm32h5xx_hal_spi.c **** 
3419:Drivers/STM32H5xx_HAL_Driver/Src/stm32h5xx_hal_spi.c **** /** @defgroup SPI_Exported_Functions_Group3 Peripheral State and Errors functions
3420:Drivers/STM32H5xx_HAL_Driver/Src/stm32h5xx_hal_spi.c ****   * @brief   SPI control functions
3421:Drivers/STM32H5xx_HAL_Driver/Src/stm32h5xx_hal_spi.c ****   *
3422:Drivers/STM32H5xx_HAL_Driver/Src/stm32h5xx_hal_spi.c **** @verbatim
3423:Drivers/STM32H5xx_HAL_Driver/Src/stm32h5xx_hal_spi.c ****  ===============================================================================
3424:Drivers/STM32H5xx_HAL_Driver/Src/stm32h5xx_hal_spi.c ****                       ##### Peripheral State and Errors functions #####
3425:Drivers/STM32H5xx_HAL_Driver/Src/stm32h5xx_hal_spi.c ****  ===============================================================================
3426:Drivers/STM32H5xx_HAL_Driver/Src/stm32h5xx_hal_spi.c ****     [..]
3427:Drivers/STM32H5xx_HAL_Driver/Src/stm32h5xx_hal_spi.c ****     This subsection provides a set of functions allowing to control the SPI.
3428:Drivers/STM32H5xx_HAL_Driver/Src/stm32h5xx_hal_spi.c ****      (+) HAL_SPI_GetState() API can be helpful to check in run-time the state of the SPI peripheral
3429:Drivers/STM32H5xx_HAL_Driver/Src/stm32h5xx_hal_spi.c ****      (+) HAL_SPI_GetError() check in run-time Errors occurring during communication
3430:Drivers/STM32H5xx_HAL_Driver/Src/stm32h5xx_hal_spi.c **** @endverbatim
3431:Drivers/STM32H5xx_HAL_Driver/Src/stm32h5xx_hal_spi.c ****   * @{
3432:Drivers/STM32H5xx_HAL_Driver/Src/stm32h5xx_hal_spi.c ****   */
3433:Drivers/STM32H5xx_HAL_Driver/Src/stm32h5xx_hal_spi.c **** 
3434:Drivers/STM32H5xx_HAL_Driver/Src/stm32h5xx_hal_spi.c **** /**
3435:Drivers/STM32H5xx_HAL_Driver/Src/stm32h5xx_hal_spi.c ****   * @brief  Return the SPI handle state.
3436:Drivers/STM32H5xx_HAL_Driver/Src/stm32h5xx_hal_spi.c ****   * @param  hspi: pointer to a SPI_HandleTypeDef structure that contains
3437:Drivers/STM32H5xx_HAL_Driver/Src/stm32h5xx_hal_spi.c ****   *               the configuration information for SPI module.
3438:Drivers/STM32H5xx_HAL_Driver/Src/stm32h5xx_hal_spi.c ****   * @retval SPI state
3439:Drivers/STM32H5xx_HAL_Driver/Src/stm32h5xx_hal_spi.c ****   */
3440:Drivers/STM32H5xx_HAL_Driver/Src/stm32h5xx_hal_spi.c **** HAL_SPI_StateTypeDef HAL_SPI_GetState(const SPI_HandleTypeDef *hspi)
3441:Drivers/STM32H5xx_HAL_Driver/Src/stm32h5xx_hal_spi.c **** {
3442:Drivers/STM32H5xx_HAL_Driver/Src/stm32h5xx_hal_spi.c ****   /* Return SPI handle state */
3443:Drivers/STM32H5xx_HAL_Driver/Src/stm32h5xx_hal_spi.c ****   return hspi->State;
3444:Drivers/STM32H5xx_HAL_Driver/Src/stm32h5xx_hal_spi.c **** }
3445:Drivers/STM32H5xx_HAL_Driver/Src/stm32h5xx_hal_spi.c **** 
3446:Drivers/STM32H5xx_HAL_Driver/Src/stm32h5xx_hal_spi.c **** /**
3447:Drivers/STM32H5xx_HAL_Driver/Src/stm32h5xx_hal_spi.c ****   * @brief  Return the SPI error code.
3448:Drivers/STM32H5xx_HAL_Driver/Src/stm32h5xx_hal_spi.c ****   * @param  hspi: pointer to a SPI_HandleTypeDef structure that contains
3449:Drivers/STM32H5xx_HAL_Driver/Src/stm32h5xx_hal_spi.c ****   *               the configuration information for SPI module.
ARM GAS  /tmp/cc3pUyOJ.s 			page 62


3450:Drivers/STM32H5xx_HAL_Driver/Src/stm32h5xx_hal_spi.c ****   * @retval SPI error code in bitmap format
3451:Drivers/STM32H5xx_HAL_Driver/Src/stm32h5xx_hal_spi.c ****   */
3452:Drivers/STM32H5xx_HAL_Driver/Src/stm32h5xx_hal_spi.c **** uint32_t HAL_SPI_GetError(const SPI_HandleTypeDef *hspi)
3453:Drivers/STM32H5xx_HAL_Driver/Src/stm32h5xx_hal_spi.c **** {
3454:Drivers/STM32H5xx_HAL_Driver/Src/stm32h5xx_hal_spi.c ****   /* Return SPI ErrorCode */
3455:Drivers/STM32H5xx_HAL_Driver/Src/stm32h5xx_hal_spi.c ****   return hspi->ErrorCode;
3456:Drivers/STM32H5xx_HAL_Driver/Src/stm32h5xx_hal_spi.c **** }
3457:Drivers/STM32H5xx_HAL_Driver/Src/stm32h5xx_hal_spi.c **** 
3458:Drivers/STM32H5xx_HAL_Driver/Src/stm32h5xx_hal_spi.c **** /**
3459:Drivers/STM32H5xx_HAL_Driver/Src/stm32h5xx_hal_spi.c ****   * @}
3460:Drivers/STM32H5xx_HAL_Driver/Src/stm32h5xx_hal_spi.c ****   */
3461:Drivers/STM32H5xx_HAL_Driver/Src/stm32h5xx_hal_spi.c **** 
3462:Drivers/STM32H5xx_HAL_Driver/Src/stm32h5xx_hal_spi.c **** /**
3463:Drivers/STM32H5xx_HAL_Driver/Src/stm32h5xx_hal_spi.c ****   * @}
3464:Drivers/STM32H5xx_HAL_Driver/Src/stm32h5xx_hal_spi.c ****   */
3465:Drivers/STM32H5xx_HAL_Driver/Src/stm32h5xx_hal_spi.c **** 
3466:Drivers/STM32H5xx_HAL_Driver/Src/stm32h5xx_hal_spi.c **** /** @addtogroup SPI_Private_Functions
3467:Drivers/STM32H5xx_HAL_Driver/Src/stm32h5xx_hal_spi.c ****   * @brief   Private functions
3468:Drivers/STM32H5xx_HAL_Driver/Src/stm32h5xx_hal_spi.c ****   * @{
3469:Drivers/STM32H5xx_HAL_Driver/Src/stm32h5xx_hal_spi.c ****   */
3470:Drivers/STM32H5xx_HAL_Driver/Src/stm32h5xx_hal_spi.c **** 
3471:Drivers/STM32H5xx_HAL_Driver/Src/stm32h5xx_hal_spi.c **** #if defined(HAL_DMA_MODULE_ENABLED)
3472:Drivers/STM32H5xx_HAL_Driver/Src/stm32h5xx_hal_spi.c **** /**
3473:Drivers/STM32H5xx_HAL_Driver/Src/stm32h5xx_hal_spi.c ****   * @brief DMA SPI transmit process complete callback.
3474:Drivers/STM32H5xx_HAL_Driver/Src/stm32h5xx_hal_spi.c ****   * @param  hdma: pointer to a DMA_HandleTypeDef structure that contains
3475:Drivers/STM32H5xx_HAL_Driver/Src/stm32h5xx_hal_spi.c ****   *               the configuration information for the specified DMA module.
3476:Drivers/STM32H5xx_HAL_Driver/Src/stm32h5xx_hal_spi.c ****   * @retval None
3477:Drivers/STM32H5xx_HAL_Driver/Src/stm32h5xx_hal_spi.c ****   */
3478:Drivers/STM32H5xx_HAL_Driver/Src/stm32h5xx_hal_spi.c **** static void SPI_DMATransmitCplt(DMA_HandleTypeDef *hdma)
3479:Drivers/STM32H5xx_HAL_Driver/Src/stm32h5xx_hal_spi.c **** {
3480:Drivers/STM32H5xx_HAL_Driver/Src/stm32h5xx_hal_spi.c ****   SPI_HandleTypeDef *hspi = (SPI_HandleTypeDef *)((DMA_HandleTypeDef *)hdma)->Parent;
3481:Drivers/STM32H5xx_HAL_Driver/Src/stm32h5xx_hal_spi.c **** 
3482:Drivers/STM32H5xx_HAL_Driver/Src/stm32h5xx_hal_spi.c ****   if (hspi->State != HAL_SPI_STATE_ABORT)
3483:Drivers/STM32H5xx_HAL_Driver/Src/stm32h5xx_hal_spi.c ****   {
3484:Drivers/STM32H5xx_HAL_Driver/Src/stm32h5xx_hal_spi.c ****     if (hspi->hdmatx->Mode == DMA_LINKEDLIST_CIRCULAR)
3485:Drivers/STM32H5xx_HAL_Driver/Src/stm32h5xx_hal_spi.c ****     {
3486:Drivers/STM32H5xx_HAL_Driver/Src/stm32h5xx_hal_spi.c **** #if (USE_HAL_SPI_REGISTER_CALLBACKS == 1UL)
3487:Drivers/STM32H5xx_HAL_Driver/Src/stm32h5xx_hal_spi.c ****       hspi->TxCpltCallback(hspi);
3488:Drivers/STM32H5xx_HAL_Driver/Src/stm32h5xx_hal_spi.c **** #else
3489:Drivers/STM32H5xx_HAL_Driver/Src/stm32h5xx_hal_spi.c ****       HAL_SPI_TxCpltCallback(hspi);
3490:Drivers/STM32H5xx_HAL_Driver/Src/stm32h5xx_hal_spi.c **** #endif /* USE_HAL_SPI_REGISTER_CALLBACKS */
3491:Drivers/STM32H5xx_HAL_Driver/Src/stm32h5xx_hal_spi.c ****     }
3492:Drivers/STM32H5xx_HAL_Driver/Src/stm32h5xx_hal_spi.c ****     else
3493:Drivers/STM32H5xx_HAL_Driver/Src/stm32h5xx_hal_spi.c ****     {
3494:Drivers/STM32H5xx_HAL_Driver/Src/stm32h5xx_hal_spi.c ****       /* Enable EOT interrupt */
3495:Drivers/STM32H5xx_HAL_Driver/Src/stm32h5xx_hal_spi.c ****       __HAL_SPI_ENABLE_IT(hspi, SPI_IT_EOT);
3496:Drivers/STM32H5xx_HAL_Driver/Src/stm32h5xx_hal_spi.c ****     }
3497:Drivers/STM32H5xx_HAL_Driver/Src/stm32h5xx_hal_spi.c ****   }
3498:Drivers/STM32H5xx_HAL_Driver/Src/stm32h5xx_hal_spi.c **** }
3499:Drivers/STM32H5xx_HAL_Driver/Src/stm32h5xx_hal_spi.c **** 
3500:Drivers/STM32H5xx_HAL_Driver/Src/stm32h5xx_hal_spi.c **** /**
3501:Drivers/STM32H5xx_HAL_Driver/Src/stm32h5xx_hal_spi.c ****   * @brief DMA SPI receive process complete callback.
3502:Drivers/STM32H5xx_HAL_Driver/Src/stm32h5xx_hal_spi.c ****   * @param  hdma: pointer to a DMA_HandleTypeDef structure that contains
3503:Drivers/STM32H5xx_HAL_Driver/Src/stm32h5xx_hal_spi.c ****   *               the configuration information for the specified DMA module.
3504:Drivers/STM32H5xx_HAL_Driver/Src/stm32h5xx_hal_spi.c ****   * @retval None
3505:Drivers/STM32H5xx_HAL_Driver/Src/stm32h5xx_hal_spi.c ****   */
3506:Drivers/STM32H5xx_HAL_Driver/Src/stm32h5xx_hal_spi.c **** static void SPI_DMAReceiveCplt(DMA_HandleTypeDef *hdma)
ARM GAS  /tmp/cc3pUyOJ.s 			page 63


3507:Drivers/STM32H5xx_HAL_Driver/Src/stm32h5xx_hal_spi.c **** {
3508:Drivers/STM32H5xx_HAL_Driver/Src/stm32h5xx_hal_spi.c ****   SPI_HandleTypeDef *hspi = (SPI_HandleTypeDef *)((DMA_HandleTypeDef *)hdma)->Parent;
3509:Drivers/STM32H5xx_HAL_Driver/Src/stm32h5xx_hal_spi.c **** 
3510:Drivers/STM32H5xx_HAL_Driver/Src/stm32h5xx_hal_spi.c ****   if (hspi->State != HAL_SPI_STATE_ABORT)
3511:Drivers/STM32H5xx_HAL_Driver/Src/stm32h5xx_hal_spi.c ****   {
3512:Drivers/STM32H5xx_HAL_Driver/Src/stm32h5xx_hal_spi.c ****     if (hspi->hdmarx->Mode == DMA_LINKEDLIST_CIRCULAR)
3513:Drivers/STM32H5xx_HAL_Driver/Src/stm32h5xx_hal_spi.c ****     {
3514:Drivers/STM32H5xx_HAL_Driver/Src/stm32h5xx_hal_spi.c **** #if (USE_HAL_SPI_REGISTER_CALLBACKS == 1UL)
3515:Drivers/STM32H5xx_HAL_Driver/Src/stm32h5xx_hal_spi.c ****       hspi->RxCpltCallback(hspi);
3516:Drivers/STM32H5xx_HAL_Driver/Src/stm32h5xx_hal_spi.c **** #else
3517:Drivers/STM32H5xx_HAL_Driver/Src/stm32h5xx_hal_spi.c ****       HAL_SPI_RxCpltCallback(hspi);
3518:Drivers/STM32H5xx_HAL_Driver/Src/stm32h5xx_hal_spi.c **** #endif /* USE_HAL_SPI_REGISTER_CALLBACKS */
3519:Drivers/STM32H5xx_HAL_Driver/Src/stm32h5xx_hal_spi.c ****     }
3520:Drivers/STM32H5xx_HAL_Driver/Src/stm32h5xx_hal_spi.c ****     else
3521:Drivers/STM32H5xx_HAL_Driver/Src/stm32h5xx_hal_spi.c ****     {
3522:Drivers/STM32H5xx_HAL_Driver/Src/stm32h5xx_hal_spi.c ****       /* Enable EOT interrupt */
3523:Drivers/STM32H5xx_HAL_Driver/Src/stm32h5xx_hal_spi.c ****       __HAL_SPI_ENABLE_IT(hspi, SPI_IT_EOT);
3524:Drivers/STM32H5xx_HAL_Driver/Src/stm32h5xx_hal_spi.c ****     }
3525:Drivers/STM32H5xx_HAL_Driver/Src/stm32h5xx_hal_spi.c ****   }
3526:Drivers/STM32H5xx_HAL_Driver/Src/stm32h5xx_hal_spi.c **** }
3527:Drivers/STM32H5xx_HAL_Driver/Src/stm32h5xx_hal_spi.c **** 
3528:Drivers/STM32H5xx_HAL_Driver/Src/stm32h5xx_hal_spi.c **** /**
3529:Drivers/STM32H5xx_HAL_Driver/Src/stm32h5xx_hal_spi.c ****   * @brief  DMA SPI transmit receive process complete callback.
3530:Drivers/STM32H5xx_HAL_Driver/Src/stm32h5xx_hal_spi.c ****   * @param  hdma: pointer to a DMA_HandleTypeDef structure that contains
3531:Drivers/STM32H5xx_HAL_Driver/Src/stm32h5xx_hal_spi.c ****   *               the configuration information for the specified DMA module.
3532:Drivers/STM32H5xx_HAL_Driver/Src/stm32h5xx_hal_spi.c ****   * @retval None
3533:Drivers/STM32H5xx_HAL_Driver/Src/stm32h5xx_hal_spi.c ****   */
3534:Drivers/STM32H5xx_HAL_Driver/Src/stm32h5xx_hal_spi.c **** static void SPI_DMATransmitReceiveCplt(DMA_HandleTypeDef *hdma)
3535:Drivers/STM32H5xx_HAL_Driver/Src/stm32h5xx_hal_spi.c **** {
3536:Drivers/STM32H5xx_HAL_Driver/Src/stm32h5xx_hal_spi.c ****   SPI_HandleTypeDef *hspi = (SPI_HandleTypeDef *)((DMA_HandleTypeDef *)hdma)->Parent;
3537:Drivers/STM32H5xx_HAL_Driver/Src/stm32h5xx_hal_spi.c **** 
3538:Drivers/STM32H5xx_HAL_Driver/Src/stm32h5xx_hal_spi.c ****   if (hspi->State != HAL_SPI_STATE_ABORT)
3539:Drivers/STM32H5xx_HAL_Driver/Src/stm32h5xx_hal_spi.c ****   {
3540:Drivers/STM32H5xx_HAL_Driver/Src/stm32h5xx_hal_spi.c ****     if ((hspi->hdmarx->Mode == DMA_LINKEDLIST_CIRCULAR) &&
3541:Drivers/STM32H5xx_HAL_Driver/Src/stm32h5xx_hal_spi.c ****         (hspi->hdmatx->Mode == DMA_LINKEDLIST_CIRCULAR))
3542:Drivers/STM32H5xx_HAL_Driver/Src/stm32h5xx_hal_spi.c ****     {
3543:Drivers/STM32H5xx_HAL_Driver/Src/stm32h5xx_hal_spi.c **** #if (USE_HAL_SPI_REGISTER_CALLBACKS == 1UL)
3544:Drivers/STM32H5xx_HAL_Driver/Src/stm32h5xx_hal_spi.c ****       hspi->TxRxCpltCallback(hspi);
3545:Drivers/STM32H5xx_HAL_Driver/Src/stm32h5xx_hal_spi.c **** #else
3546:Drivers/STM32H5xx_HAL_Driver/Src/stm32h5xx_hal_spi.c ****       HAL_SPI_TxRxCpltCallback(hspi);
3547:Drivers/STM32H5xx_HAL_Driver/Src/stm32h5xx_hal_spi.c **** #endif /* USE_HAL_SPI_REGISTER_CALLBACKS */
3548:Drivers/STM32H5xx_HAL_Driver/Src/stm32h5xx_hal_spi.c ****     }
3549:Drivers/STM32H5xx_HAL_Driver/Src/stm32h5xx_hal_spi.c ****     else
3550:Drivers/STM32H5xx_HAL_Driver/Src/stm32h5xx_hal_spi.c ****     {
3551:Drivers/STM32H5xx_HAL_Driver/Src/stm32h5xx_hal_spi.c ****       /* Enable EOT interrupt */
3552:Drivers/STM32H5xx_HAL_Driver/Src/stm32h5xx_hal_spi.c ****       __HAL_SPI_ENABLE_IT(hspi, SPI_IT_EOT);
3553:Drivers/STM32H5xx_HAL_Driver/Src/stm32h5xx_hal_spi.c ****     }
3554:Drivers/STM32H5xx_HAL_Driver/Src/stm32h5xx_hal_spi.c ****   }
3555:Drivers/STM32H5xx_HAL_Driver/Src/stm32h5xx_hal_spi.c **** }
3556:Drivers/STM32H5xx_HAL_Driver/Src/stm32h5xx_hal_spi.c **** 
3557:Drivers/STM32H5xx_HAL_Driver/Src/stm32h5xx_hal_spi.c **** /**
3558:Drivers/STM32H5xx_HAL_Driver/Src/stm32h5xx_hal_spi.c ****   * @brief  DMA SPI half transmit process complete callback.
3559:Drivers/STM32H5xx_HAL_Driver/Src/stm32h5xx_hal_spi.c ****   * @param  hdma: pointer to a DMA_HandleTypeDef structure that contains
3560:Drivers/STM32H5xx_HAL_Driver/Src/stm32h5xx_hal_spi.c ****   *               the configuration information for the specified DMA module.
3561:Drivers/STM32H5xx_HAL_Driver/Src/stm32h5xx_hal_spi.c ****   * @retval None
3562:Drivers/STM32H5xx_HAL_Driver/Src/stm32h5xx_hal_spi.c ****   */
3563:Drivers/STM32H5xx_HAL_Driver/Src/stm32h5xx_hal_spi.c **** static void SPI_DMAHalfTransmitCplt(DMA_HandleTypeDef *hdma) /* Derogation MISRAC2012-Rule-8.13 */
ARM GAS  /tmp/cc3pUyOJ.s 			page 64


3564:Drivers/STM32H5xx_HAL_Driver/Src/stm32h5xx_hal_spi.c **** {
3565:Drivers/STM32H5xx_HAL_Driver/Src/stm32h5xx_hal_spi.c ****   SPI_HandleTypeDef *hspi = (SPI_HandleTypeDef *)
3566:Drivers/STM32H5xx_HAL_Driver/Src/stm32h5xx_hal_spi.c ****                             ((DMA_HandleTypeDef *)hdma)->Parent; /* Derogation MISRAC2012-Rule-8.13
3567:Drivers/STM32H5xx_HAL_Driver/Src/stm32h5xx_hal_spi.c **** 
3568:Drivers/STM32H5xx_HAL_Driver/Src/stm32h5xx_hal_spi.c **** #if (USE_HAL_SPI_REGISTER_CALLBACKS == 1UL)
3569:Drivers/STM32H5xx_HAL_Driver/Src/stm32h5xx_hal_spi.c ****   hspi->TxHalfCpltCallback(hspi);
3570:Drivers/STM32H5xx_HAL_Driver/Src/stm32h5xx_hal_spi.c **** #else
3571:Drivers/STM32H5xx_HAL_Driver/Src/stm32h5xx_hal_spi.c ****   HAL_SPI_TxHalfCpltCallback(hspi);
3572:Drivers/STM32H5xx_HAL_Driver/Src/stm32h5xx_hal_spi.c **** #endif /* USE_HAL_SPI_REGISTER_CALLBACKS */
3573:Drivers/STM32H5xx_HAL_Driver/Src/stm32h5xx_hal_spi.c **** }
3574:Drivers/STM32H5xx_HAL_Driver/Src/stm32h5xx_hal_spi.c **** 
3575:Drivers/STM32H5xx_HAL_Driver/Src/stm32h5xx_hal_spi.c **** /**
3576:Drivers/STM32H5xx_HAL_Driver/Src/stm32h5xx_hal_spi.c ****   * @brief  DMA SPI half receive process complete callback
3577:Drivers/STM32H5xx_HAL_Driver/Src/stm32h5xx_hal_spi.c ****   * @param  hdma: pointer to a DMA_HandleTypeDef structure that contains
3578:Drivers/STM32H5xx_HAL_Driver/Src/stm32h5xx_hal_spi.c ****   *               the configuration information for the specified DMA module.
3579:Drivers/STM32H5xx_HAL_Driver/Src/stm32h5xx_hal_spi.c ****   * @retval None
3580:Drivers/STM32H5xx_HAL_Driver/Src/stm32h5xx_hal_spi.c ****   */
3581:Drivers/STM32H5xx_HAL_Driver/Src/stm32h5xx_hal_spi.c **** static void SPI_DMAHalfReceiveCplt(DMA_HandleTypeDef *hdma) /* Derogation MISRAC2012-Rule-8.13 */
3582:Drivers/STM32H5xx_HAL_Driver/Src/stm32h5xx_hal_spi.c **** {
3583:Drivers/STM32H5xx_HAL_Driver/Src/stm32h5xx_hal_spi.c ****   SPI_HandleTypeDef *hspi = (SPI_HandleTypeDef *)
3584:Drivers/STM32H5xx_HAL_Driver/Src/stm32h5xx_hal_spi.c ****                             ((DMA_HandleTypeDef *)hdma)->Parent; /* Derogation MISRAC2012-Rule-8.13
3585:Drivers/STM32H5xx_HAL_Driver/Src/stm32h5xx_hal_spi.c **** 
3586:Drivers/STM32H5xx_HAL_Driver/Src/stm32h5xx_hal_spi.c **** #if (USE_HAL_SPI_REGISTER_CALLBACKS == 1UL)
3587:Drivers/STM32H5xx_HAL_Driver/Src/stm32h5xx_hal_spi.c ****   hspi->RxHalfCpltCallback(hspi);
3588:Drivers/STM32H5xx_HAL_Driver/Src/stm32h5xx_hal_spi.c **** #else
3589:Drivers/STM32H5xx_HAL_Driver/Src/stm32h5xx_hal_spi.c ****   HAL_SPI_RxHalfCpltCallback(hspi);
3590:Drivers/STM32H5xx_HAL_Driver/Src/stm32h5xx_hal_spi.c **** #endif /* USE_HAL_SPI_REGISTER_CALLBACKS */
3591:Drivers/STM32H5xx_HAL_Driver/Src/stm32h5xx_hal_spi.c **** }
3592:Drivers/STM32H5xx_HAL_Driver/Src/stm32h5xx_hal_spi.c **** 
3593:Drivers/STM32H5xx_HAL_Driver/Src/stm32h5xx_hal_spi.c **** /**
3594:Drivers/STM32H5xx_HAL_Driver/Src/stm32h5xx_hal_spi.c ****   * @brief  DMA SPI half transmit receive process complete callback.
3595:Drivers/STM32H5xx_HAL_Driver/Src/stm32h5xx_hal_spi.c ****   * @param  hdma: pointer to a DMA_HandleTypeDef structure that contains
3596:Drivers/STM32H5xx_HAL_Driver/Src/stm32h5xx_hal_spi.c ****   *               the configuration information for the specified DMA module.
3597:Drivers/STM32H5xx_HAL_Driver/Src/stm32h5xx_hal_spi.c ****   * @retval None
3598:Drivers/STM32H5xx_HAL_Driver/Src/stm32h5xx_hal_spi.c ****   */
3599:Drivers/STM32H5xx_HAL_Driver/Src/stm32h5xx_hal_spi.c **** static void SPI_DMAHalfTransmitReceiveCplt(DMA_HandleTypeDef *hdma) /* Derogation MISRAC2012-Rule-8
3600:Drivers/STM32H5xx_HAL_Driver/Src/stm32h5xx_hal_spi.c **** {
3601:Drivers/STM32H5xx_HAL_Driver/Src/stm32h5xx_hal_spi.c ****   SPI_HandleTypeDef *hspi = (SPI_HandleTypeDef *)
3602:Drivers/STM32H5xx_HAL_Driver/Src/stm32h5xx_hal_spi.c ****                             ((DMA_HandleTypeDef *)hdma)->Parent; /* Derogation MISRAC2012-Rule-8.13
3603:Drivers/STM32H5xx_HAL_Driver/Src/stm32h5xx_hal_spi.c **** 
3604:Drivers/STM32H5xx_HAL_Driver/Src/stm32h5xx_hal_spi.c **** #if (USE_HAL_SPI_REGISTER_CALLBACKS == 1UL)
3605:Drivers/STM32H5xx_HAL_Driver/Src/stm32h5xx_hal_spi.c ****   hspi->TxRxHalfCpltCallback(hspi);
3606:Drivers/STM32H5xx_HAL_Driver/Src/stm32h5xx_hal_spi.c **** #else
3607:Drivers/STM32H5xx_HAL_Driver/Src/stm32h5xx_hal_spi.c ****   HAL_SPI_TxRxHalfCpltCallback(hspi);
3608:Drivers/STM32H5xx_HAL_Driver/Src/stm32h5xx_hal_spi.c **** #endif /* USE_HAL_SPI_REGISTER_CALLBACKS */
3609:Drivers/STM32H5xx_HAL_Driver/Src/stm32h5xx_hal_spi.c **** }
3610:Drivers/STM32H5xx_HAL_Driver/Src/stm32h5xx_hal_spi.c **** 
3611:Drivers/STM32H5xx_HAL_Driver/Src/stm32h5xx_hal_spi.c **** /**
3612:Drivers/STM32H5xx_HAL_Driver/Src/stm32h5xx_hal_spi.c ****   * @brief  DMA SPI communication error callback.
3613:Drivers/STM32H5xx_HAL_Driver/Src/stm32h5xx_hal_spi.c ****   * @param  hdma: pointer to a DMA_HandleTypeDef structure that contains
3614:Drivers/STM32H5xx_HAL_Driver/Src/stm32h5xx_hal_spi.c ****   *               the configuration information for the specified DMA module.
3615:Drivers/STM32H5xx_HAL_Driver/Src/stm32h5xx_hal_spi.c ****   * @retval None
3616:Drivers/STM32H5xx_HAL_Driver/Src/stm32h5xx_hal_spi.c ****   */
3617:Drivers/STM32H5xx_HAL_Driver/Src/stm32h5xx_hal_spi.c **** static void SPI_DMAError(DMA_HandleTypeDef *hdma)
3618:Drivers/STM32H5xx_HAL_Driver/Src/stm32h5xx_hal_spi.c **** {
3619:Drivers/STM32H5xx_HAL_Driver/Src/stm32h5xx_hal_spi.c ****   SPI_HandleTypeDef *hspi = (SPI_HandleTypeDef *)((DMA_HandleTypeDef *)hdma)->Parent;
3620:Drivers/STM32H5xx_HAL_Driver/Src/stm32h5xx_hal_spi.c **** 
ARM GAS  /tmp/cc3pUyOJ.s 			page 65


3621:Drivers/STM32H5xx_HAL_Driver/Src/stm32h5xx_hal_spi.c ****   /* if DMA error is FIFO error ignore it */
3622:Drivers/STM32H5xx_HAL_Driver/Src/stm32h5xx_hal_spi.c ****   if (HAL_DMA_GetError(hdma) != HAL_DMA_ERROR_NONE)
3623:Drivers/STM32H5xx_HAL_Driver/Src/stm32h5xx_hal_spi.c ****   {
3624:Drivers/STM32H5xx_HAL_Driver/Src/stm32h5xx_hal_spi.c ****     /* Call SPI standard close procedure */
3625:Drivers/STM32H5xx_HAL_Driver/Src/stm32h5xx_hal_spi.c ****     SPI_CloseTransfer(hspi);
3626:Drivers/STM32H5xx_HAL_Driver/Src/stm32h5xx_hal_spi.c **** 
3627:Drivers/STM32H5xx_HAL_Driver/Src/stm32h5xx_hal_spi.c ****     SET_BIT(hspi->ErrorCode, HAL_SPI_ERROR_DMA);
3628:Drivers/STM32H5xx_HAL_Driver/Src/stm32h5xx_hal_spi.c ****     hspi->State = HAL_SPI_STATE_READY;
3629:Drivers/STM32H5xx_HAL_Driver/Src/stm32h5xx_hal_spi.c **** #if (USE_HAL_SPI_REGISTER_CALLBACKS == 1UL)
3630:Drivers/STM32H5xx_HAL_Driver/Src/stm32h5xx_hal_spi.c ****     hspi->ErrorCallback(hspi);
3631:Drivers/STM32H5xx_HAL_Driver/Src/stm32h5xx_hal_spi.c **** #else
3632:Drivers/STM32H5xx_HAL_Driver/Src/stm32h5xx_hal_spi.c ****     HAL_SPI_ErrorCallback(hspi);
3633:Drivers/STM32H5xx_HAL_Driver/Src/stm32h5xx_hal_spi.c **** #endif /* USE_HAL_SPI_REGISTER_CALLBACKS */
3634:Drivers/STM32H5xx_HAL_Driver/Src/stm32h5xx_hal_spi.c ****   }
3635:Drivers/STM32H5xx_HAL_Driver/Src/stm32h5xx_hal_spi.c **** }
3636:Drivers/STM32H5xx_HAL_Driver/Src/stm32h5xx_hal_spi.c **** 
3637:Drivers/STM32H5xx_HAL_Driver/Src/stm32h5xx_hal_spi.c **** /**
3638:Drivers/STM32H5xx_HAL_Driver/Src/stm32h5xx_hal_spi.c ****   * @brief  DMA SPI communication abort callback, when initiated by HAL services on Error
3639:Drivers/STM32H5xx_HAL_Driver/Src/stm32h5xx_hal_spi.c ****   *         (To be called at end of DMA Abort procedure following error occurrence).
3640:Drivers/STM32H5xx_HAL_Driver/Src/stm32h5xx_hal_spi.c ****   * @param  hdma DMA handle.
3641:Drivers/STM32H5xx_HAL_Driver/Src/stm32h5xx_hal_spi.c ****   * @retval None
3642:Drivers/STM32H5xx_HAL_Driver/Src/stm32h5xx_hal_spi.c ****   */
3643:Drivers/STM32H5xx_HAL_Driver/Src/stm32h5xx_hal_spi.c **** static void SPI_DMAAbortOnError(DMA_HandleTypeDef *hdma)
3644:Drivers/STM32H5xx_HAL_Driver/Src/stm32h5xx_hal_spi.c **** {
3645:Drivers/STM32H5xx_HAL_Driver/Src/stm32h5xx_hal_spi.c ****   SPI_HandleTypeDef *hspi = (SPI_HandleTypeDef *)((DMA_HandleTypeDef *)hdma)->Parent;
3646:Drivers/STM32H5xx_HAL_Driver/Src/stm32h5xx_hal_spi.c ****   hspi->RxXferCount = (uint16_t) 0UL;
3647:Drivers/STM32H5xx_HAL_Driver/Src/stm32h5xx_hal_spi.c ****   hspi->TxXferCount = (uint16_t) 0UL;
3648:Drivers/STM32H5xx_HAL_Driver/Src/stm32h5xx_hal_spi.c **** 
3649:Drivers/STM32H5xx_HAL_Driver/Src/stm32h5xx_hal_spi.c ****   /* Restore hspi->State to Ready */
3650:Drivers/STM32H5xx_HAL_Driver/Src/stm32h5xx_hal_spi.c ****   hspi->State = HAL_SPI_STATE_READY;
3651:Drivers/STM32H5xx_HAL_Driver/Src/stm32h5xx_hal_spi.c **** 
3652:Drivers/STM32H5xx_HAL_Driver/Src/stm32h5xx_hal_spi.c **** #if (USE_HAL_SPI_REGISTER_CALLBACKS == 1UL)
3653:Drivers/STM32H5xx_HAL_Driver/Src/stm32h5xx_hal_spi.c ****   hspi->ErrorCallback(hspi);
3654:Drivers/STM32H5xx_HAL_Driver/Src/stm32h5xx_hal_spi.c **** #else
3655:Drivers/STM32H5xx_HAL_Driver/Src/stm32h5xx_hal_spi.c ****   HAL_SPI_ErrorCallback(hspi);
3656:Drivers/STM32H5xx_HAL_Driver/Src/stm32h5xx_hal_spi.c **** #endif /* USE_HAL_SPI_REGISTER_CALLBACKS */
3657:Drivers/STM32H5xx_HAL_Driver/Src/stm32h5xx_hal_spi.c **** }
3658:Drivers/STM32H5xx_HAL_Driver/Src/stm32h5xx_hal_spi.c **** 
3659:Drivers/STM32H5xx_HAL_Driver/Src/stm32h5xx_hal_spi.c **** /**
3660:Drivers/STM32H5xx_HAL_Driver/Src/stm32h5xx_hal_spi.c ****   * @brief  DMA SPI Tx communication abort callback, when initiated by user
3661:Drivers/STM32H5xx_HAL_Driver/Src/stm32h5xx_hal_spi.c ****   *         (To be called at end of DMA Tx Abort procedure following user abort request).
3662:Drivers/STM32H5xx_HAL_Driver/Src/stm32h5xx_hal_spi.c ****   * @note   When this callback is executed, User Abort complete call back is called only if no
3663:Drivers/STM32H5xx_HAL_Driver/Src/stm32h5xx_hal_spi.c ****   *         Abort still ongoing for Rx DMA Handle.
3664:Drivers/STM32H5xx_HAL_Driver/Src/stm32h5xx_hal_spi.c ****   * @param  hdma DMA handle.
3665:Drivers/STM32H5xx_HAL_Driver/Src/stm32h5xx_hal_spi.c ****   * @retval None
3666:Drivers/STM32H5xx_HAL_Driver/Src/stm32h5xx_hal_spi.c ****   */
3667:Drivers/STM32H5xx_HAL_Driver/Src/stm32h5xx_hal_spi.c **** static void SPI_DMATxAbortCallback(DMA_HandleTypeDef *hdma)
3668:Drivers/STM32H5xx_HAL_Driver/Src/stm32h5xx_hal_spi.c **** {
3669:Drivers/STM32H5xx_HAL_Driver/Src/stm32h5xx_hal_spi.c ****   SPI_HandleTypeDef *hspi = (SPI_HandleTypeDef *)((DMA_HandleTypeDef *)hdma)->Parent;
3670:Drivers/STM32H5xx_HAL_Driver/Src/stm32h5xx_hal_spi.c **** 
3671:Drivers/STM32H5xx_HAL_Driver/Src/stm32h5xx_hal_spi.c ****   hspi->hdmatx->XferAbortCallback = NULL;
3672:Drivers/STM32H5xx_HAL_Driver/Src/stm32h5xx_hal_spi.c **** 
3673:Drivers/STM32H5xx_HAL_Driver/Src/stm32h5xx_hal_spi.c ****   /* Check if an Abort process is still ongoing */
3674:Drivers/STM32H5xx_HAL_Driver/Src/stm32h5xx_hal_spi.c ****   if (hspi->hdmarx != NULL)
3675:Drivers/STM32H5xx_HAL_Driver/Src/stm32h5xx_hal_spi.c ****   {
3676:Drivers/STM32H5xx_HAL_Driver/Src/stm32h5xx_hal_spi.c ****     if (hspi->hdmarx->XferAbortCallback != NULL)
3677:Drivers/STM32H5xx_HAL_Driver/Src/stm32h5xx_hal_spi.c ****     {
ARM GAS  /tmp/cc3pUyOJ.s 			page 66


3678:Drivers/STM32H5xx_HAL_Driver/Src/stm32h5xx_hal_spi.c ****       return;
3679:Drivers/STM32H5xx_HAL_Driver/Src/stm32h5xx_hal_spi.c ****     }
3680:Drivers/STM32H5xx_HAL_Driver/Src/stm32h5xx_hal_spi.c ****   }
3681:Drivers/STM32H5xx_HAL_Driver/Src/stm32h5xx_hal_spi.c **** 
3682:Drivers/STM32H5xx_HAL_Driver/Src/stm32h5xx_hal_spi.c ****   /* Call the Abort procedure */
3683:Drivers/STM32H5xx_HAL_Driver/Src/stm32h5xx_hal_spi.c ****   SPI_AbortTransfer(hspi);
3684:Drivers/STM32H5xx_HAL_Driver/Src/stm32h5xx_hal_spi.c **** 
3685:Drivers/STM32H5xx_HAL_Driver/Src/stm32h5xx_hal_spi.c ****   /* Restore hspi->State to Ready */
3686:Drivers/STM32H5xx_HAL_Driver/Src/stm32h5xx_hal_spi.c ****   hspi->State = HAL_SPI_STATE_READY;
3687:Drivers/STM32H5xx_HAL_Driver/Src/stm32h5xx_hal_spi.c **** 
3688:Drivers/STM32H5xx_HAL_Driver/Src/stm32h5xx_hal_spi.c ****   /* Call user Abort complete callback */
3689:Drivers/STM32H5xx_HAL_Driver/Src/stm32h5xx_hal_spi.c **** #if (USE_HAL_SPI_REGISTER_CALLBACKS == 1UL)
3690:Drivers/STM32H5xx_HAL_Driver/Src/stm32h5xx_hal_spi.c ****   hspi->AbortCpltCallback(hspi);
3691:Drivers/STM32H5xx_HAL_Driver/Src/stm32h5xx_hal_spi.c **** #else
3692:Drivers/STM32H5xx_HAL_Driver/Src/stm32h5xx_hal_spi.c ****   HAL_SPI_AbortCpltCallback(hspi);
3693:Drivers/STM32H5xx_HAL_Driver/Src/stm32h5xx_hal_spi.c **** #endif /* USE_HAL_SPI_REGISTER_CALLBACKS */
3694:Drivers/STM32H5xx_HAL_Driver/Src/stm32h5xx_hal_spi.c **** }
3695:Drivers/STM32H5xx_HAL_Driver/Src/stm32h5xx_hal_spi.c **** 
3696:Drivers/STM32H5xx_HAL_Driver/Src/stm32h5xx_hal_spi.c **** /**
3697:Drivers/STM32H5xx_HAL_Driver/Src/stm32h5xx_hal_spi.c ****   * @brief  DMA SPI Rx communication abort callback, when initiated by user
3698:Drivers/STM32H5xx_HAL_Driver/Src/stm32h5xx_hal_spi.c ****   *         (To be called at end of DMA Rx Abort procedure following user abort request).
3699:Drivers/STM32H5xx_HAL_Driver/Src/stm32h5xx_hal_spi.c ****   * @note   When this callback is executed, User Abort complete call back is called only if no
3700:Drivers/STM32H5xx_HAL_Driver/Src/stm32h5xx_hal_spi.c ****   *         Abort still ongoing for Tx DMA Handle.
3701:Drivers/STM32H5xx_HAL_Driver/Src/stm32h5xx_hal_spi.c ****   * @param  hdma DMA handle.
3702:Drivers/STM32H5xx_HAL_Driver/Src/stm32h5xx_hal_spi.c ****   * @retval None
3703:Drivers/STM32H5xx_HAL_Driver/Src/stm32h5xx_hal_spi.c ****   */
3704:Drivers/STM32H5xx_HAL_Driver/Src/stm32h5xx_hal_spi.c **** static void SPI_DMARxAbortCallback(DMA_HandleTypeDef *hdma)
3705:Drivers/STM32H5xx_HAL_Driver/Src/stm32h5xx_hal_spi.c **** {
3706:Drivers/STM32H5xx_HAL_Driver/Src/stm32h5xx_hal_spi.c ****   SPI_HandleTypeDef *hspi = (SPI_HandleTypeDef *)((DMA_HandleTypeDef *)hdma)->Parent;
3707:Drivers/STM32H5xx_HAL_Driver/Src/stm32h5xx_hal_spi.c **** 
3708:Drivers/STM32H5xx_HAL_Driver/Src/stm32h5xx_hal_spi.c ****   hspi->hdmarx->XferAbortCallback = NULL;
3709:Drivers/STM32H5xx_HAL_Driver/Src/stm32h5xx_hal_spi.c **** 
3710:Drivers/STM32H5xx_HAL_Driver/Src/stm32h5xx_hal_spi.c ****   /* Check if an Abort process is still ongoing */
3711:Drivers/STM32H5xx_HAL_Driver/Src/stm32h5xx_hal_spi.c ****   if (hspi->hdmatx != NULL)
3712:Drivers/STM32H5xx_HAL_Driver/Src/stm32h5xx_hal_spi.c ****   {
3713:Drivers/STM32H5xx_HAL_Driver/Src/stm32h5xx_hal_spi.c ****     if (hspi->hdmatx->XferAbortCallback != NULL)
3714:Drivers/STM32H5xx_HAL_Driver/Src/stm32h5xx_hal_spi.c ****     {
3715:Drivers/STM32H5xx_HAL_Driver/Src/stm32h5xx_hal_spi.c ****       return;
3716:Drivers/STM32H5xx_HAL_Driver/Src/stm32h5xx_hal_spi.c ****     }
3717:Drivers/STM32H5xx_HAL_Driver/Src/stm32h5xx_hal_spi.c ****   }
3718:Drivers/STM32H5xx_HAL_Driver/Src/stm32h5xx_hal_spi.c **** 
3719:Drivers/STM32H5xx_HAL_Driver/Src/stm32h5xx_hal_spi.c ****   /* Call the Abort procedure */
3720:Drivers/STM32H5xx_HAL_Driver/Src/stm32h5xx_hal_spi.c ****   SPI_AbortTransfer(hspi);
3721:Drivers/STM32H5xx_HAL_Driver/Src/stm32h5xx_hal_spi.c **** 
3722:Drivers/STM32H5xx_HAL_Driver/Src/stm32h5xx_hal_spi.c ****   /* Restore hspi->State to Ready */
3723:Drivers/STM32H5xx_HAL_Driver/Src/stm32h5xx_hal_spi.c ****   hspi->State = HAL_SPI_STATE_READY;
3724:Drivers/STM32H5xx_HAL_Driver/Src/stm32h5xx_hal_spi.c **** 
3725:Drivers/STM32H5xx_HAL_Driver/Src/stm32h5xx_hal_spi.c ****   /* Call user Abort complete callback */
3726:Drivers/STM32H5xx_HAL_Driver/Src/stm32h5xx_hal_spi.c **** #if (USE_HAL_SPI_REGISTER_CALLBACKS == 1UL)
3727:Drivers/STM32H5xx_HAL_Driver/Src/stm32h5xx_hal_spi.c ****   hspi->AbortCpltCallback(hspi);
3728:Drivers/STM32H5xx_HAL_Driver/Src/stm32h5xx_hal_spi.c **** #else
3729:Drivers/STM32H5xx_HAL_Driver/Src/stm32h5xx_hal_spi.c ****   HAL_SPI_AbortCpltCallback(hspi);
3730:Drivers/STM32H5xx_HAL_Driver/Src/stm32h5xx_hal_spi.c **** #endif /* USE_HAL_SPI_REGISTER_CALLBACKS */
3731:Drivers/STM32H5xx_HAL_Driver/Src/stm32h5xx_hal_spi.c **** }
3732:Drivers/STM32H5xx_HAL_Driver/Src/stm32h5xx_hal_spi.c **** #endif /* HAL_DMA_MODULE_ENABLED */
3733:Drivers/STM32H5xx_HAL_Driver/Src/stm32h5xx_hal_spi.c **** 
3734:Drivers/STM32H5xx_HAL_Driver/Src/stm32h5xx_hal_spi.c **** /**
ARM GAS  /tmp/cc3pUyOJ.s 			page 67


3735:Drivers/STM32H5xx_HAL_Driver/Src/stm32h5xx_hal_spi.c ****   * @brief  Manage the receive 8-bit in Interrupt context.
3736:Drivers/STM32H5xx_HAL_Driver/Src/stm32h5xx_hal_spi.c ****   * @param  hspi: pointer to a SPI_HandleTypeDef structure that contains
3737:Drivers/STM32H5xx_HAL_Driver/Src/stm32h5xx_hal_spi.c ****   *               the configuration information for SPI module.
3738:Drivers/STM32H5xx_HAL_Driver/Src/stm32h5xx_hal_spi.c ****   * @retval None
3739:Drivers/STM32H5xx_HAL_Driver/Src/stm32h5xx_hal_spi.c ****   */
3740:Drivers/STM32H5xx_HAL_Driver/Src/stm32h5xx_hal_spi.c **** static void SPI_RxISR_8BIT(SPI_HandleTypeDef *hspi)
3741:Drivers/STM32H5xx_HAL_Driver/Src/stm32h5xx_hal_spi.c **** {
  30              		.loc 1 3741 1 view -0
  31              		.cfi_startproc
  32              		@ args = 0, pretend = 0, frame = 0
  33              		@ frame_needed = 0, uses_anonymous_args = 0
  34              		@ link register save eliminated.
3742:Drivers/STM32H5xx_HAL_Driver/Src/stm32h5xx_hal_spi.c ****   /* Receive data in 8 Bit mode */
3743:Drivers/STM32H5xx_HAL_Driver/Src/stm32h5xx_hal_spi.c ****   *((uint8_t *)hspi->pRxBuffPtr) = (*(__IO uint8_t *)&hspi->Instance->RXDR);
  35              		.loc 1 3743 3 view .LVU1
  36              		.loc 1 3743 59 is_stmt 0 view .LVU2
  37 0000 0268     		ldr	r2, [r0]
  38              		.loc 1 3743 20 view .LVU3
  39 0002 C36E     		ldr	r3, [r0, #108]
  40              		.loc 1 3743 37 view .LVU4
  41 0004 92F83020 		ldrb	r2, [r2, #48]	@ zero_extendqisi2
  42              		.loc 1 3743 34 view .LVU5
  43 0008 1A70     		strb	r2, [r3]
3744:Drivers/STM32H5xx_HAL_Driver/Src/stm32h5xx_hal_spi.c ****   hspi->pRxBuffPtr += sizeof(uint8_t);
  44              		.loc 1 3744 3 is_stmt 1 view .LVU6
  45              		.loc 1 3744 7 is_stmt 0 view .LVU7
  46 000a C36E     		ldr	r3, [r0, #108]
  47              		.loc 1 3744 20 view .LVU8
  48 000c 0133     		adds	r3, r3, #1
  49 000e C366     		str	r3, [r0, #108]
3745:Drivers/STM32H5xx_HAL_Driver/Src/stm32h5xx_hal_spi.c ****   hspi->RxXferCount--;
  50              		.loc 1 3745 3 is_stmt 1 view .LVU9
  51              		.loc 1 3745 7 is_stmt 0 view .LVU10
  52 0010 B0F87230 		ldrh	r3, [r0, #114]
  53 0014 9BB2     		uxth	r3, r3
  54              		.loc 1 3745 20 view .LVU11
  55 0016 013B     		subs	r3, r3, #1
  56 0018 9BB2     		uxth	r3, r3
  57 001a A0F87230 		strh	r3, [r0, #114]	@ movhi
3746:Drivers/STM32H5xx_HAL_Driver/Src/stm32h5xx_hal_spi.c **** 
3747:Drivers/STM32H5xx_HAL_Driver/Src/stm32h5xx_hal_spi.c ****   /* Disable IT if no more data excepted */
3748:Drivers/STM32H5xx_HAL_Driver/Src/stm32h5xx_hal_spi.c ****   if (hspi->RxXferCount == 0UL)
  58              		.loc 1 3748 3 is_stmt 1 view .LVU12
  59              		.loc 1 3748 11 is_stmt 0 view .LVU13
  60 001e B0F87230 		ldrh	r3, [r0, #114]
  61 0022 9BB2     		uxth	r3, r3
  62              		.loc 1 3748 6 view .LVU14
  63 0024 23B9     		cbnz	r3, .L1
3749:Drivers/STM32H5xx_HAL_Driver/Src/stm32h5xx_hal_spi.c ****   {
3750:Drivers/STM32H5xx_HAL_Driver/Src/stm32h5xx_hal_spi.c ****     /* Disable RXP interrupts */
3751:Drivers/STM32H5xx_HAL_Driver/Src/stm32h5xx_hal_spi.c ****     __HAL_SPI_DISABLE_IT(hspi, SPI_IT_RXP);
  64              		.loc 1 3751 5 is_stmt 1 view .LVU15
  65 0026 0268     		ldr	r2, [r0]
  66 0028 1369     		ldr	r3, [r2, #16]
  67 002a 23F00103 		bic	r3, r3, #1
  68 002e 1361     		str	r3, [r2, #16]
  69              	.L1:
ARM GAS  /tmp/cc3pUyOJ.s 			page 68


3752:Drivers/STM32H5xx_HAL_Driver/Src/stm32h5xx_hal_spi.c ****   }
3753:Drivers/STM32H5xx_HAL_Driver/Src/stm32h5xx_hal_spi.c **** }
  70              		.loc 1 3753 1 is_stmt 0 view .LVU16
  71 0030 7047     		bx	lr
  72              		.cfi_endproc
  73              	.LFE197:
  75              		.section	.text.SPI_RxISR_16BIT,"ax",%progbits
  76              		.align	1
  77              		.syntax unified
  78              		.thumb
  79              		.thumb_func
  81              	SPI_RxISR_16BIT:
  82              	.LVL1:
  83              	.LFB198:
3754:Drivers/STM32H5xx_HAL_Driver/Src/stm32h5xx_hal_spi.c **** 
3755:Drivers/STM32H5xx_HAL_Driver/Src/stm32h5xx_hal_spi.c **** 
3756:Drivers/STM32H5xx_HAL_Driver/Src/stm32h5xx_hal_spi.c **** /**
3757:Drivers/STM32H5xx_HAL_Driver/Src/stm32h5xx_hal_spi.c ****   * @brief  Manage the 16-bit receive in Interrupt context.
3758:Drivers/STM32H5xx_HAL_Driver/Src/stm32h5xx_hal_spi.c ****   * @param  hspi: pointer to a SPI_HandleTypeDef structure that contains
3759:Drivers/STM32H5xx_HAL_Driver/Src/stm32h5xx_hal_spi.c ****   *               the configuration information for SPI module.
3760:Drivers/STM32H5xx_HAL_Driver/Src/stm32h5xx_hal_spi.c ****   * @retval None
3761:Drivers/STM32H5xx_HAL_Driver/Src/stm32h5xx_hal_spi.c ****   */
3762:Drivers/STM32H5xx_HAL_Driver/Src/stm32h5xx_hal_spi.c **** static void SPI_RxISR_16BIT(SPI_HandleTypeDef *hspi)
3763:Drivers/STM32H5xx_HAL_Driver/Src/stm32h5xx_hal_spi.c **** {
  84              		.loc 1 3763 1 is_stmt 1 view -0
  85              		.cfi_startproc
  86              		@ args = 0, pretend = 0, frame = 0
  87              		@ frame_needed = 0, uses_anonymous_args = 0
  88              		@ link register save eliminated.
3764:Drivers/STM32H5xx_HAL_Driver/Src/stm32h5xx_hal_spi.c ****   /* Receive data in 16 Bit mode */
3765:Drivers/STM32H5xx_HAL_Driver/Src/stm32h5xx_hal_spi.c **** #if defined (__GNUC__)
3766:Drivers/STM32H5xx_HAL_Driver/Src/stm32h5xx_hal_spi.c ****   __IO uint16_t *prxdr_16bits = (__IO uint16_t *)(&(hspi->Instance->RXDR));
  89              		.loc 1 3766 3 view .LVU18
  90              		.loc 1 3766 57 is_stmt 0 view .LVU19
  91 0000 0268     		ldr	r2, [r0]
  92              	.LVL2:
3767:Drivers/STM32H5xx_HAL_Driver/Src/stm32h5xx_hal_spi.c **** 
3768:Drivers/STM32H5xx_HAL_Driver/Src/stm32h5xx_hal_spi.c ****   *((uint16_t *)hspi->pRxBuffPtr) = *prxdr_16bits;
  93              		.loc 1 3768 3 is_stmt 1 view .LVU20
  94              		.loc 1 3768 21 is_stmt 0 view .LVU21
  95 0002 C36E     		ldr	r3, [r0, #108]
  96              		.loc 1 3768 37 view .LVU22
  97 0004 128E     		ldrh	r2, [r2, #48]
  98              	.LVL3:
  99              		.loc 1 3768 35 view .LVU23
 100 0006 1A80     		strh	r2, [r3]	@ movhi
 101              	.LVL4:
3769:Drivers/STM32H5xx_HAL_Driver/Src/stm32h5xx_hal_spi.c **** #else
3770:Drivers/STM32H5xx_HAL_Driver/Src/stm32h5xx_hal_spi.c ****   *((uint16_t *)hspi->pRxBuffPtr) = (*(__IO uint16_t *)&hspi->Instance->RXDR);
3771:Drivers/STM32H5xx_HAL_Driver/Src/stm32h5xx_hal_spi.c **** #endif /* __GNUC__ */
3772:Drivers/STM32H5xx_HAL_Driver/Src/stm32h5xx_hal_spi.c ****   hspi->pRxBuffPtr += sizeof(uint16_t);
 102              		.loc 1 3772 3 is_stmt 1 view .LVU24
 103              		.loc 1 3772 7 is_stmt 0 view .LVU25
 104 0008 C36E     		ldr	r3, [r0, #108]
 105              		.loc 1 3772 20 view .LVU26
 106 000a 0233     		adds	r3, r3, #2
 107 000c C366     		str	r3, [r0, #108]
ARM GAS  /tmp/cc3pUyOJ.s 			page 69


3773:Drivers/STM32H5xx_HAL_Driver/Src/stm32h5xx_hal_spi.c ****   hspi->RxXferCount--;
 108              		.loc 1 3773 3 is_stmt 1 view .LVU27
 109              		.loc 1 3773 7 is_stmt 0 view .LVU28
 110 000e B0F87230 		ldrh	r3, [r0, #114]
 111 0012 9BB2     		uxth	r3, r3
 112              		.loc 1 3773 20 view .LVU29
 113 0014 013B     		subs	r3, r3, #1
 114 0016 9BB2     		uxth	r3, r3
 115 0018 A0F87230 		strh	r3, [r0, #114]	@ movhi
3774:Drivers/STM32H5xx_HAL_Driver/Src/stm32h5xx_hal_spi.c **** 
3775:Drivers/STM32H5xx_HAL_Driver/Src/stm32h5xx_hal_spi.c ****   /* Disable IT if no more data excepted */
3776:Drivers/STM32H5xx_HAL_Driver/Src/stm32h5xx_hal_spi.c ****   if (hspi->RxXferCount == 0UL)
 116              		.loc 1 3776 3 is_stmt 1 view .LVU30
 117              		.loc 1 3776 11 is_stmt 0 view .LVU31
 118 001c B0F87230 		ldrh	r3, [r0, #114]
 119 0020 9BB2     		uxth	r3, r3
 120              		.loc 1 3776 6 view .LVU32
 121 0022 23B9     		cbnz	r3, .L3
3777:Drivers/STM32H5xx_HAL_Driver/Src/stm32h5xx_hal_spi.c ****   {
3778:Drivers/STM32H5xx_HAL_Driver/Src/stm32h5xx_hal_spi.c ****     /* Disable RXP interrupts */
3779:Drivers/STM32H5xx_HAL_Driver/Src/stm32h5xx_hal_spi.c ****     __HAL_SPI_DISABLE_IT(hspi, SPI_IT_RXP);
 122              		.loc 1 3779 5 is_stmt 1 view .LVU33
 123 0024 0268     		ldr	r2, [r0]
 124 0026 1369     		ldr	r3, [r2, #16]
 125 0028 23F00103 		bic	r3, r3, #1
 126 002c 1361     		str	r3, [r2, #16]
 127              	.L3:
3780:Drivers/STM32H5xx_HAL_Driver/Src/stm32h5xx_hal_spi.c ****   }
3781:Drivers/STM32H5xx_HAL_Driver/Src/stm32h5xx_hal_spi.c **** }
 128              		.loc 1 3781 1 is_stmt 0 view .LVU34
 129 002e 7047     		bx	lr
 130              		.cfi_endproc
 131              	.LFE198:
 133              		.section	.text.SPI_RxISR_32BIT,"ax",%progbits
 134              		.align	1
 135              		.syntax unified
 136              		.thumb
 137              		.thumb_func
 139              	SPI_RxISR_32BIT:
 140              	.LVL5:
 141              	.LFB199:
3782:Drivers/STM32H5xx_HAL_Driver/Src/stm32h5xx_hal_spi.c **** 
3783:Drivers/STM32H5xx_HAL_Driver/Src/stm32h5xx_hal_spi.c **** 
3784:Drivers/STM32H5xx_HAL_Driver/Src/stm32h5xx_hal_spi.c **** /**
3785:Drivers/STM32H5xx_HAL_Driver/Src/stm32h5xx_hal_spi.c ****   * @brief  Manage the 32-bit receive in Interrupt context.
3786:Drivers/STM32H5xx_HAL_Driver/Src/stm32h5xx_hal_spi.c ****   * @param  hspi: pointer to a SPI_HandleTypeDef structure that contains
3787:Drivers/STM32H5xx_HAL_Driver/Src/stm32h5xx_hal_spi.c ****   *               the configuration information for SPI module.
3788:Drivers/STM32H5xx_HAL_Driver/Src/stm32h5xx_hal_spi.c ****   * @retval None
3789:Drivers/STM32H5xx_HAL_Driver/Src/stm32h5xx_hal_spi.c ****   */
3790:Drivers/STM32H5xx_HAL_Driver/Src/stm32h5xx_hal_spi.c **** static void SPI_RxISR_32BIT(SPI_HandleTypeDef *hspi)
3791:Drivers/STM32H5xx_HAL_Driver/Src/stm32h5xx_hal_spi.c **** {
 142              		.loc 1 3791 1 is_stmt 1 view -0
 143              		.cfi_startproc
 144              		@ args = 0, pretend = 0, frame = 0
 145              		@ frame_needed = 0, uses_anonymous_args = 0
 146              		@ link register save eliminated.
3792:Drivers/STM32H5xx_HAL_Driver/Src/stm32h5xx_hal_spi.c ****   /* Receive data in 32 Bit mode */
ARM GAS  /tmp/cc3pUyOJ.s 			page 70


3793:Drivers/STM32H5xx_HAL_Driver/Src/stm32h5xx_hal_spi.c ****   *((uint32_t *)hspi->pRxBuffPtr) = (*(__IO uint32_t *)&hspi->Instance->RXDR);
 147              		.loc 1 3793 3 view .LVU36
 148              		.loc 1 3793 61 is_stmt 0 view .LVU37
 149 0000 0268     		ldr	r2, [r0]
 150              		.loc 1 3793 21 view .LVU38
 151 0002 C36E     		ldr	r3, [r0, #108]
 152              		.loc 1 3793 38 view .LVU39
 153 0004 126B     		ldr	r2, [r2, #48]
 154              		.loc 1 3793 35 view .LVU40
 155 0006 1A60     		str	r2, [r3]
3794:Drivers/STM32H5xx_HAL_Driver/Src/stm32h5xx_hal_spi.c ****   hspi->pRxBuffPtr += sizeof(uint32_t);
 156              		.loc 1 3794 3 is_stmt 1 view .LVU41
 157              		.loc 1 3794 7 is_stmt 0 view .LVU42
 158 0008 C36E     		ldr	r3, [r0, #108]
 159              		.loc 1 3794 20 view .LVU43
 160 000a 0433     		adds	r3, r3, #4
 161 000c C366     		str	r3, [r0, #108]
3795:Drivers/STM32H5xx_HAL_Driver/Src/stm32h5xx_hal_spi.c ****   hspi->RxXferCount--;
 162              		.loc 1 3795 3 is_stmt 1 view .LVU44
 163              		.loc 1 3795 7 is_stmt 0 view .LVU45
 164 000e B0F87230 		ldrh	r3, [r0, #114]
 165 0012 9BB2     		uxth	r3, r3
 166              		.loc 1 3795 20 view .LVU46
 167 0014 013B     		subs	r3, r3, #1
 168 0016 9BB2     		uxth	r3, r3
 169 0018 A0F87230 		strh	r3, [r0, #114]	@ movhi
3796:Drivers/STM32H5xx_HAL_Driver/Src/stm32h5xx_hal_spi.c **** 
3797:Drivers/STM32H5xx_HAL_Driver/Src/stm32h5xx_hal_spi.c ****   /* Disable IT if no more data excepted */
3798:Drivers/STM32H5xx_HAL_Driver/Src/stm32h5xx_hal_spi.c ****   if (hspi->RxXferCount == 0UL)
 170              		.loc 1 3798 3 is_stmt 1 view .LVU47
 171              		.loc 1 3798 11 is_stmt 0 view .LVU48
 172 001c B0F87230 		ldrh	r3, [r0, #114]
 173 0020 9BB2     		uxth	r3, r3
 174              		.loc 1 3798 6 view .LVU49
 175 0022 23B9     		cbnz	r3, .L5
3799:Drivers/STM32H5xx_HAL_Driver/Src/stm32h5xx_hal_spi.c ****   {
3800:Drivers/STM32H5xx_HAL_Driver/Src/stm32h5xx_hal_spi.c ****     /* Disable RXP interrupts */
3801:Drivers/STM32H5xx_HAL_Driver/Src/stm32h5xx_hal_spi.c ****     __HAL_SPI_DISABLE_IT(hspi, SPI_IT_RXP);
 176              		.loc 1 3801 5 is_stmt 1 view .LVU50
 177 0024 0268     		ldr	r2, [r0]
 178 0026 1369     		ldr	r3, [r2, #16]
 179 0028 23F00103 		bic	r3, r3, #1
 180 002c 1361     		str	r3, [r2, #16]
 181              	.L5:
3802:Drivers/STM32H5xx_HAL_Driver/Src/stm32h5xx_hal_spi.c ****   }
3803:Drivers/STM32H5xx_HAL_Driver/Src/stm32h5xx_hal_spi.c **** }
 182              		.loc 1 3803 1 is_stmt 0 view .LVU51
 183 002e 7047     		bx	lr
 184              		.cfi_endproc
 185              	.LFE199:
 187              		.section	.text.SPI_TxISR_8BIT,"ax",%progbits
 188              		.align	1
 189              		.syntax unified
 190              		.thumb
 191              		.thumb_func
 193              	SPI_TxISR_8BIT:
 194              	.LVL6:
ARM GAS  /tmp/cc3pUyOJ.s 			page 71


 195              	.LFB200:
3804:Drivers/STM32H5xx_HAL_Driver/Src/stm32h5xx_hal_spi.c **** 
3805:Drivers/STM32H5xx_HAL_Driver/Src/stm32h5xx_hal_spi.c **** 
3806:Drivers/STM32H5xx_HAL_Driver/Src/stm32h5xx_hal_spi.c **** /**
3807:Drivers/STM32H5xx_HAL_Driver/Src/stm32h5xx_hal_spi.c ****   * @brief  Handle the data 8-bit transmit in Interrupt mode.
3808:Drivers/STM32H5xx_HAL_Driver/Src/stm32h5xx_hal_spi.c ****   * @param  hspi: pointer to a SPI_HandleTypeDef structure that contains
3809:Drivers/STM32H5xx_HAL_Driver/Src/stm32h5xx_hal_spi.c ****   *               the configuration information for SPI module.
3810:Drivers/STM32H5xx_HAL_Driver/Src/stm32h5xx_hal_spi.c ****   * @retval None
3811:Drivers/STM32H5xx_HAL_Driver/Src/stm32h5xx_hal_spi.c ****   */
3812:Drivers/STM32H5xx_HAL_Driver/Src/stm32h5xx_hal_spi.c **** static void SPI_TxISR_8BIT(SPI_HandleTypeDef *hspi)
3813:Drivers/STM32H5xx_HAL_Driver/Src/stm32h5xx_hal_spi.c **** {
 196              		.loc 1 3813 1 is_stmt 1 view -0
 197              		.cfi_startproc
 198              		@ args = 0, pretend = 0, frame = 0
 199              		@ frame_needed = 0, uses_anonymous_args = 0
 200              		@ link register save eliminated.
3814:Drivers/STM32H5xx_HAL_Driver/Src/stm32h5xx_hal_spi.c ****   /* Transmit data in 8 Bit mode */
3815:Drivers/STM32H5xx_HAL_Driver/Src/stm32h5xx_hal_spi.c ****   *(__IO uint8_t *)&hspi->Instance->TXDR = *((const uint8_t *)hspi->pTxBuffPtr);
 201              		.loc 1 3815 3 view .LVU53
 202              		.loc 1 3815 67 is_stmt 0 view .LVU54
 203 0000 426E     		ldr	r2, [r0, #100]
 204              		.loc 1 3815 25 view .LVU55
 205 0002 0368     		ldr	r3, [r0]
 206              		.loc 1 3815 44 view .LVU56
 207 0004 1278     		ldrb	r2, [r2]	@ zero_extendqisi2
 208              		.loc 1 3815 42 view .LVU57
 209 0006 83F82020 		strb	r2, [r3, #32]
3816:Drivers/STM32H5xx_HAL_Driver/Src/stm32h5xx_hal_spi.c ****   hspi->pTxBuffPtr += sizeof(uint8_t);
 210              		.loc 1 3816 3 is_stmt 1 view .LVU58
 211              		.loc 1 3816 7 is_stmt 0 view .LVU59
 212 000a 436E     		ldr	r3, [r0, #100]
 213              		.loc 1 3816 20 view .LVU60
 214 000c 0133     		adds	r3, r3, #1
 215 000e 4366     		str	r3, [r0, #100]
3817:Drivers/STM32H5xx_HAL_Driver/Src/stm32h5xx_hal_spi.c ****   hspi->TxXferCount--;
 216              		.loc 1 3817 3 is_stmt 1 view .LVU61
 217              		.loc 1 3817 7 is_stmt 0 view .LVU62
 218 0010 B0F86A30 		ldrh	r3, [r0, #106]
 219 0014 9BB2     		uxth	r3, r3
 220              		.loc 1 3817 20 view .LVU63
 221 0016 013B     		subs	r3, r3, #1
 222 0018 9BB2     		uxth	r3, r3
 223 001a A0F86A30 		strh	r3, [r0, #106]	@ movhi
3818:Drivers/STM32H5xx_HAL_Driver/Src/stm32h5xx_hal_spi.c **** 
3819:Drivers/STM32H5xx_HAL_Driver/Src/stm32h5xx_hal_spi.c ****   /* Disable IT if no more data excepted */
3820:Drivers/STM32H5xx_HAL_Driver/Src/stm32h5xx_hal_spi.c ****   if (hspi->TxXferCount == 0UL)
 224              		.loc 1 3820 3 is_stmt 1 view .LVU64
 225              		.loc 1 3820 11 is_stmt 0 view .LVU65
 226 001e B0F86A30 		ldrh	r3, [r0, #106]
 227 0022 9BB2     		uxth	r3, r3
 228              		.loc 1 3820 6 view .LVU66
 229 0024 23B9     		cbnz	r3, .L7
3821:Drivers/STM32H5xx_HAL_Driver/Src/stm32h5xx_hal_spi.c ****   {
3822:Drivers/STM32H5xx_HAL_Driver/Src/stm32h5xx_hal_spi.c ****     /* Disable TXP interrupts */
3823:Drivers/STM32H5xx_HAL_Driver/Src/stm32h5xx_hal_spi.c ****     __HAL_SPI_DISABLE_IT(hspi, SPI_IT_TXP);
 230              		.loc 1 3823 5 is_stmt 1 view .LVU67
 231 0026 0268     		ldr	r2, [r0]
ARM GAS  /tmp/cc3pUyOJ.s 			page 72


 232 0028 1369     		ldr	r3, [r2, #16]
 233 002a 23F00203 		bic	r3, r3, #2
 234 002e 1361     		str	r3, [r2, #16]
 235              	.L7:
3824:Drivers/STM32H5xx_HAL_Driver/Src/stm32h5xx_hal_spi.c ****   }
3825:Drivers/STM32H5xx_HAL_Driver/Src/stm32h5xx_hal_spi.c **** }
 236              		.loc 1 3825 1 is_stmt 0 view .LVU68
 237 0030 7047     		bx	lr
 238              		.cfi_endproc
 239              	.LFE200:
 241              		.section	.text.SPI_TxISR_16BIT,"ax",%progbits
 242              		.align	1
 243              		.syntax unified
 244              		.thumb
 245              		.thumb_func
 247              	SPI_TxISR_16BIT:
 248              	.LVL7:
 249              	.LFB201:
3826:Drivers/STM32H5xx_HAL_Driver/Src/stm32h5xx_hal_spi.c **** 
3827:Drivers/STM32H5xx_HAL_Driver/Src/stm32h5xx_hal_spi.c **** /**
3828:Drivers/STM32H5xx_HAL_Driver/Src/stm32h5xx_hal_spi.c ****   * @brief  Handle the data 16-bit transmit in Interrupt mode.
3829:Drivers/STM32H5xx_HAL_Driver/Src/stm32h5xx_hal_spi.c ****   * @param  hspi: pointer to a SPI_HandleTypeDef structure that contains
3830:Drivers/STM32H5xx_HAL_Driver/Src/stm32h5xx_hal_spi.c ****   *               the configuration information for SPI module.
3831:Drivers/STM32H5xx_HAL_Driver/Src/stm32h5xx_hal_spi.c ****   * @retval None
3832:Drivers/STM32H5xx_HAL_Driver/Src/stm32h5xx_hal_spi.c ****   */
3833:Drivers/STM32H5xx_HAL_Driver/Src/stm32h5xx_hal_spi.c **** static void SPI_TxISR_16BIT(SPI_HandleTypeDef *hspi)
3834:Drivers/STM32H5xx_HAL_Driver/Src/stm32h5xx_hal_spi.c **** {
 250              		.loc 1 3834 1 is_stmt 1 view -0
 251              		.cfi_startproc
 252              		@ args = 0, pretend = 0, frame = 0
 253              		@ frame_needed = 0, uses_anonymous_args = 0
 254              		@ link register save eliminated.
3835:Drivers/STM32H5xx_HAL_Driver/Src/stm32h5xx_hal_spi.c ****   /* Transmit data in 16 Bit mode */
3836:Drivers/STM32H5xx_HAL_Driver/Src/stm32h5xx_hal_spi.c **** #if defined (__GNUC__)
3837:Drivers/STM32H5xx_HAL_Driver/Src/stm32h5xx_hal_spi.c ****   __IO uint16_t *ptxdr_16bits = (__IO uint16_t *)(&(hspi->Instance->TXDR));
 255              		.loc 1 3837 3 view .LVU70
 256              		.loc 1 3837 57 is_stmt 0 view .LVU71
 257 0000 0368     		ldr	r3, [r0]
 258              	.LVL8:
3838:Drivers/STM32H5xx_HAL_Driver/Src/stm32h5xx_hal_spi.c **** 
3839:Drivers/STM32H5xx_HAL_Driver/Src/stm32h5xx_hal_spi.c ****   *ptxdr_16bits = *((const uint16_t *)hspi->pTxBuffPtr);
 259              		.loc 1 3839 3 is_stmt 1 view .LVU72
 260              		.loc 1 3839 43 is_stmt 0 view .LVU73
 261 0002 426E     		ldr	r2, [r0, #100]
 262              		.loc 1 3839 19 view .LVU74
 263 0004 1288     		ldrh	r2, [r2]
 264              		.loc 1 3839 17 view .LVU75
 265 0006 1A84     		strh	r2, [r3, #32]	@ movhi
3840:Drivers/STM32H5xx_HAL_Driver/Src/stm32h5xx_hal_spi.c **** #else
3841:Drivers/STM32H5xx_HAL_Driver/Src/stm32h5xx_hal_spi.c ****   *((__IO uint16_t *)&hspi->Instance->TXDR) = *((const uint16_t *)hspi->pTxBuffPtr);
3842:Drivers/STM32H5xx_HAL_Driver/Src/stm32h5xx_hal_spi.c **** #endif /* __GNUC__ */
3843:Drivers/STM32H5xx_HAL_Driver/Src/stm32h5xx_hal_spi.c ****   hspi->pTxBuffPtr += sizeof(uint16_t);
 266              		.loc 1 3843 3 is_stmt 1 view .LVU76
 267              		.loc 1 3843 7 is_stmt 0 view .LVU77
 268 0008 436E     		ldr	r3, [r0, #100]
 269              	.LVL9:
 270              		.loc 1 3843 20 view .LVU78
ARM GAS  /tmp/cc3pUyOJ.s 			page 73


 271 000a 0233     		adds	r3, r3, #2
 272 000c 4366     		str	r3, [r0, #100]
3844:Drivers/STM32H5xx_HAL_Driver/Src/stm32h5xx_hal_spi.c ****   hspi->TxXferCount--;
 273              		.loc 1 3844 3 is_stmt 1 view .LVU79
 274              		.loc 1 3844 7 is_stmt 0 view .LVU80
 275 000e B0F86A30 		ldrh	r3, [r0, #106]
 276 0012 9BB2     		uxth	r3, r3
 277              		.loc 1 3844 20 view .LVU81
 278 0014 013B     		subs	r3, r3, #1
 279 0016 9BB2     		uxth	r3, r3
 280 0018 A0F86A30 		strh	r3, [r0, #106]	@ movhi
3845:Drivers/STM32H5xx_HAL_Driver/Src/stm32h5xx_hal_spi.c **** 
3846:Drivers/STM32H5xx_HAL_Driver/Src/stm32h5xx_hal_spi.c ****   /* Disable IT if no more data excepted */
3847:Drivers/STM32H5xx_HAL_Driver/Src/stm32h5xx_hal_spi.c ****   if (hspi->TxXferCount == 0UL)
 281              		.loc 1 3847 3 is_stmt 1 view .LVU82
 282              		.loc 1 3847 11 is_stmt 0 view .LVU83
 283 001c B0F86A30 		ldrh	r3, [r0, #106]
 284 0020 9BB2     		uxth	r3, r3
 285              		.loc 1 3847 6 view .LVU84
 286 0022 23B9     		cbnz	r3, .L9
3848:Drivers/STM32H5xx_HAL_Driver/Src/stm32h5xx_hal_spi.c ****   {
3849:Drivers/STM32H5xx_HAL_Driver/Src/stm32h5xx_hal_spi.c ****     /* Disable TXP interrupts */
3850:Drivers/STM32H5xx_HAL_Driver/Src/stm32h5xx_hal_spi.c ****     __HAL_SPI_DISABLE_IT(hspi, SPI_IT_TXP);
 287              		.loc 1 3850 5 is_stmt 1 view .LVU85
 288 0024 0268     		ldr	r2, [r0]
 289 0026 1369     		ldr	r3, [r2, #16]
 290 0028 23F00203 		bic	r3, r3, #2
 291 002c 1361     		str	r3, [r2, #16]
 292              	.L9:
3851:Drivers/STM32H5xx_HAL_Driver/Src/stm32h5xx_hal_spi.c ****   }
3852:Drivers/STM32H5xx_HAL_Driver/Src/stm32h5xx_hal_spi.c **** }
 293              		.loc 1 3852 1 is_stmt 0 view .LVU86
 294 002e 7047     		bx	lr
 295              		.cfi_endproc
 296              	.LFE201:
 298              		.section	.text.SPI_TxISR_32BIT,"ax",%progbits
 299              		.align	1
 300              		.syntax unified
 301              		.thumb
 302              		.thumb_func
 304              	SPI_TxISR_32BIT:
 305              	.LVL10:
 306              	.LFB202:
3853:Drivers/STM32H5xx_HAL_Driver/Src/stm32h5xx_hal_spi.c **** 
3854:Drivers/STM32H5xx_HAL_Driver/Src/stm32h5xx_hal_spi.c **** /**
3855:Drivers/STM32H5xx_HAL_Driver/Src/stm32h5xx_hal_spi.c ****   * @brief  Handle the data 32-bit transmit in Interrupt mode.
3856:Drivers/STM32H5xx_HAL_Driver/Src/stm32h5xx_hal_spi.c ****   * @param  hspi: pointer to a SPI_HandleTypeDef structure that contains
3857:Drivers/STM32H5xx_HAL_Driver/Src/stm32h5xx_hal_spi.c ****   *               the configuration information for SPI module.
3858:Drivers/STM32H5xx_HAL_Driver/Src/stm32h5xx_hal_spi.c ****   * @retval None
3859:Drivers/STM32H5xx_HAL_Driver/Src/stm32h5xx_hal_spi.c ****   */
3860:Drivers/STM32H5xx_HAL_Driver/Src/stm32h5xx_hal_spi.c **** static void SPI_TxISR_32BIT(SPI_HandleTypeDef *hspi)
3861:Drivers/STM32H5xx_HAL_Driver/Src/stm32h5xx_hal_spi.c **** {
 307              		.loc 1 3861 1 is_stmt 1 view -0
 308              		.cfi_startproc
 309              		@ args = 0, pretend = 0, frame = 0
 310              		@ frame_needed = 0, uses_anonymous_args = 0
 311              		@ link register save eliminated.
ARM GAS  /tmp/cc3pUyOJ.s 			page 74


3862:Drivers/STM32H5xx_HAL_Driver/Src/stm32h5xx_hal_spi.c ****   /* Transmit data in 32 Bit mode */
3863:Drivers/STM32H5xx_HAL_Driver/Src/stm32h5xx_hal_spi.c ****   *((__IO uint32_t *)&hspi->Instance->TXDR) = *((const uint32_t *)hspi->pTxBuffPtr);
 312              		.loc 1 3863 3 view .LVU88
 313              		.loc 1 3863 71 is_stmt 0 view .LVU89
 314 0000 426E     		ldr	r2, [r0, #100]
 315              		.loc 1 3863 27 view .LVU90
 316 0002 0368     		ldr	r3, [r0]
 317              		.loc 1 3863 47 view .LVU91
 318 0004 1268     		ldr	r2, [r2]
 319              		.loc 1 3863 45 view .LVU92
 320 0006 1A62     		str	r2, [r3, #32]
3864:Drivers/STM32H5xx_HAL_Driver/Src/stm32h5xx_hal_spi.c ****   hspi->pTxBuffPtr += sizeof(uint32_t);
 321              		.loc 1 3864 3 is_stmt 1 view .LVU93
 322              		.loc 1 3864 7 is_stmt 0 view .LVU94
 323 0008 436E     		ldr	r3, [r0, #100]
 324              		.loc 1 3864 20 view .LVU95
 325 000a 0433     		adds	r3, r3, #4
 326 000c 4366     		str	r3, [r0, #100]
3865:Drivers/STM32H5xx_HAL_Driver/Src/stm32h5xx_hal_spi.c ****   hspi->TxXferCount--;
 327              		.loc 1 3865 3 is_stmt 1 view .LVU96
 328              		.loc 1 3865 7 is_stmt 0 view .LVU97
 329 000e B0F86A30 		ldrh	r3, [r0, #106]
 330 0012 9BB2     		uxth	r3, r3
 331              		.loc 1 3865 20 view .LVU98
 332 0014 013B     		subs	r3, r3, #1
 333 0016 9BB2     		uxth	r3, r3
 334 0018 A0F86A30 		strh	r3, [r0, #106]	@ movhi
3866:Drivers/STM32H5xx_HAL_Driver/Src/stm32h5xx_hal_spi.c **** 
3867:Drivers/STM32H5xx_HAL_Driver/Src/stm32h5xx_hal_spi.c ****   /* Disable IT if no more data excepted */
3868:Drivers/STM32H5xx_HAL_Driver/Src/stm32h5xx_hal_spi.c ****   if (hspi->TxXferCount == 0UL)
 335              		.loc 1 3868 3 is_stmt 1 view .LVU99
 336              		.loc 1 3868 11 is_stmt 0 view .LVU100
 337 001c B0F86A30 		ldrh	r3, [r0, #106]
 338 0020 9BB2     		uxth	r3, r3
 339              		.loc 1 3868 6 view .LVU101
 340 0022 23B9     		cbnz	r3, .L11
3869:Drivers/STM32H5xx_HAL_Driver/Src/stm32h5xx_hal_spi.c ****   {
3870:Drivers/STM32H5xx_HAL_Driver/Src/stm32h5xx_hal_spi.c ****     /* Disable TXP interrupts */
3871:Drivers/STM32H5xx_HAL_Driver/Src/stm32h5xx_hal_spi.c ****     __HAL_SPI_DISABLE_IT(hspi, SPI_IT_TXP);
 341              		.loc 1 3871 5 is_stmt 1 view .LVU102
 342 0024 0268     		ldr	r2, [r0]
 343 0026 1369     		ldr	r3, [r2, #16]
 344 0028 23F00203 		bic	r3, r3, #2
 345 002c 1361     		str	r3, [r2, #16]
 346              	.L11:
3872:Drivers/STM32H5xx_HAL_Driver/Src/stm32h5xx_hal_spi.c ****   }
3873:Drivers/STM32H5xx_HAL_Driver/Src/stm32h5xx_hal_spi.c **** }
 347              		.loc 1 3873 1 is_stmt 0 view .LVU103
 348 002e 7047     		bx	lr
 349              		.cfi_endproc
 350              	.LFE202:
 352              		.section	.text.SPI_AbortTransfer,"ax",%progbits
 353              		.align	1
 354              		.syntax unified
 355              		.thumb
 356              		.thumb_func
 358              	SPI_AbortTransfer:
ARM GAS  /tmp/cc3pUyOJ.s 			page 75


 359              	.LVL11:
 360              	.LFB203:
3874:Drivers/STM32H5xx_HAL_Driver/Src/stm32h5xx_hal_spi.c **** 
3875:Drivers/STM32H5xx_HAL_Driver/Src/stm32h5xx_hal_spi.c **** /**
3876:Drivers/STM32H5xx_HAL_Driver/Src/stm32h5xx_hal_spi.c ****   * @brief  Abort Transfer and clear flags.
3877:Drivers/STM32H5xx_HAL_Driver/Src/stm32h5xx_hal_spi.c ****   * @param  hspi: pointer to a SPI_HandleTypeDef structure that contains
3878:Drivers/STM32H5xx_HAL_Driver/Src/stm32h5xx_hal_spi.c ****   *               the configuration information for SPI module.
3879:Drivers/STM32H5xx_HAL_Driver/Src/stm32h5xx_hal_spi.c ****   * @retval None
3880:Drivers/STM32H5xx_HAL_Driver/Src/stm32h5xx_hal_spi.c ****   */
3881:Drivers/STM32H5xx_HAL_Driver/Src/stm32h5xx_hal_spi.c **** static void SPI_AbortTransfer(SPI_HandleTypeDef *hspi)
3882:Drivers/STM32H5xx_HAL_Driver/Src/stm32h5xx_hal_spi.c **** {
 361              		.loc 1 3882 1 is_stmt 1 view -0
 362              		.cfi_startproc
 363              		@ args = 0, pretend = 0, frame = 0
 364              		@ frame_needed = 0, uses_anonymous_args = 0
 365              		@ link register save eliminated.
3883:Drivers/STM32H5xx_HAL_Driver/Src/stm32h5xx_hal_spi.c ****   /* Disable SPI peripheral */
3884:Drivers/STM32H5xx_HAL_Driver/Src/stm32h5xx_hal_spi.c ****   __HAL_SPI_DISABLE(hspi);
 366              		.loc 1 3884 3 view .LVU105
 367 0000 0268     		ldr	r2, [r0]
 368 0002 1368     		ldr	r3, [r2]
 369 0004 23F00103 		bic	r3, r3, #1
 370 0008 1360     		str	r3, [r2]
3885:Drivers/STM32H5xx_HAL_Driver/Src/stm32h5xx_hal_spi.c **** 
3886:Drivers/STM32H5xx_HAL_Driver/Src/stm32h5xx_hal_spi.c ****   /* Disable ITs */
3887:Drivers/STM32H5xx_HAL_Driver/Src/stm32h5xx_hal_spi.c ****   __HAL_SPI_DISABLE_IT(hspi, (SPI_IT_EOT | SPI_IT_TXP | SPI_IT_RXP | SPI_IT_DXP | SPI_IT_UDR | SPI_
 371              		.loc 1 3887 3 view .LVU106
 372 000a 0268     		ldr	r2, [r0]
 373 000c 1369     		ldr	r3, [r2, #16]
 374 000e 23F45B73 		bic	r3, r3, #876
 375 0012 23F00303 		bic	r3, r3, #3
 376 0016 1361     		str	r3, [r2, #16]
3888:Drivers/STM32H5xx_HAL_Driver/Src/stm32h5xx_hal_spi.c ****                               SPI_IT_FRE | SPI_IT_MODF));
3889:Drivers/STM32H5xx_HAL_Driver/Src/stm32h5xx_hal_spi.c **** 
3890:Drivers/STM32H5xx_HAL_Driver/Src/stm32h5xx_hal_spi.c ****   /* Clear the Status flags in the SR register */
3891:Drivers/STM32H5xx_HAL_Driver/Src/stm32h5xx_hal_spi.c ****   __HAL_SPI_CLEAR_EOTFLAG(hspi);
 377              		.loc 1 3891 3 view .LVU107
 378 0018 0268     		ldr	r2, [r0]
 379 001a 9369     		ldr	r3, [r2, #24]
 380 001c 43F00803 		orr	r3, r3, #8
 381 0020 9361     		str	r3, [r2, #24]
3892:Drivers/STM32H5xx_HAL_Driver/Src/stm32h5xx_hal_spi.c ****   __HAL_SPI_CLEAR_TXTFFLAG(hspi);
 382              		.loc 1 3892 3 view .LVU108
 383 0022 0268     		ldr	r2, [r0]
 384 0024 9369     		ldr	r3, [r2, #24]
 385 0026 43F01003 		orr	r3, r3, #16
 386 002a 9361     		str	r3, [r2, #24]
3893:Drivers/STM32H5xx_HAL_Driver/Src/stm32h5xx_hal_spi.c **** 
3894:Drivers/STM32H5xx_HAL_Driver/Src/stm32h5xx_hal_spi.c ****   /* Disable Tx DMA Request */
3895:Drivers/STM32H5xx_HAL_Driver/Src/stm32h5xx_hal_spi.c ****   CLEAR_BIT(hspi->Instance->CFG1, SPI_CFG1_TXDMAEN | SPI_CFG1_RXDMAEN);
 387              		.loc 1 3895 3 view .LVU109
 388 002c 0268     		ldr	r2, [r0]
 389 002e 9368     		ldr	r3, [r2, #8]
 390 0030 23F44043 		bic	r3, r3, #49152
 391 0034 9360     		str	r3, [r2, #8]
3896:Drivers/STM32H5xx_HAL_Driver/Src/stm32h5xx_hal_spi.c **** 
3897:Drivers/STM32H5xx_HAL_Driver/Src/stm32h5xx_hal_spi.c ****   /* Clear the Error flags in the SR register */
ARM GAS  /tmp/cc3pUyOJ.s 			page 76


3898:Drivers/STM32H5xx_HAL_Driver/Src/stm32h5xx_hal_spi.c ****   __HAL_SPI_CLEAR_OVRFLAG(hspi);
 392              		.loc 1 3898 3 view .LVU110
 393 0036 0268     		ldr	r2, [r0]
 394 0038 9369     		ldr	r3, [r2, #24]
 395 003a 43F04003 		orr	r3, r3, #64
 396 003e 9361     		str	r3, [r2, #24]
3899:Drivers/STM32H5xx_HAL_Driver/Src/stm32h5xx_hal_spi.c ****   __HAL_SPI_CLEAR_UDRFLAG(hspi);
 397              		.loc 1 3899 3 view .LVU111
 398 0040 0268     		ldr	r2, [r0]
 399 0042 9369     		ldr	r3, [r2, #24]
 400 0044 43F02003 		orr	r3, r3, #32
 401 0048 9361     		str	r3, [r2, #24]
3900:Drivers/STM32H5xx_HAL_Driver/Src/stm32h5xx_hal_spi.c ****   __HAL_SPI_CLEAR_FREFLAG(hspi);
 402              		.loc 1 3900 3 view .LVU112
 403 004a 0268     		ldr	r2, [r0]
 404 004c 9369     		ldr	r3, [r2, #24]
 405 004e 43F48073 		orr	r3, r3, #256
 406 0052 9361     		str	r3, [r2, #24]
3901:Drivers/STM32H5xx_HAL_Driver/Src/stm32h5xx_hal_spi.c ****   __HAL_SPI_CLEAR_MODFFLAG(hspi);
 407              		.loc 1 3901 3 view .LVU113
 408 0054 0268     		ldr	r2, [r0]
 409 0056 9369     		ldr	r3, [r2, #24]
 410 0058 43F40073 		orr	r3, r3, #512
 411 005c 9361     		str	r3, [r2, #24]
 412              		.loc 1 3901 33 view .LVU114
3902:Drivers/STM32H5xx_HAL_Driver/Src/stm32h5xx_hal_spi.c ****   __HAL_SPI_CLEAR_SUSPFLAG(hspi);
 413              		.loc 1 3902 3 view .LVU115
 414 005e 0268     		ldr	r2, [r0]
 415 0060 9369     		ldr	r3, [r2, #24]
 416 0062 43F40063 		orr	r3, r3, #2048
 417 0066 9361     		str	r3, [r2, #24]
3903:Drivers/STM32H5xx_HAL_Driver/Src/stm32h5xx_hal_spi.c **** 
3904:Drivers/STM32H5xx_HAL_Driver/Src/stm32h5xx_hal_spi.c **** #if (USE_SPI_CRC != 0U)
3905:Drivers/STM32H5xx_HAL_Driver/Src/stm32h5xx_hal_spi.c ****   __HAL_SPI_CLEAR_CRCERRFLAG(hspi);
3906:Drivers/STM32H5xx_HAL_Driver/Src/stm32h5xx_hal_spi.c **** #endif /* USE_SPI_CRC */
3907:Drivers/STM32H5xx_HAL_Driver/Src/stm32h5xx_hal_spi.c **** 
3908:Drivers/STM32H5xx_HAL_Driver/Src/stm32h5xx_hal_spi.c ****   hspi->TxXferCount = (uint16_t)0UL;
 418              		.loc 1 3908 3 view .LVU116
 419              		.loc 1 3908 21 is_stmt 0 view .LVU117
 420 0068 0023     		movs	r3, #0
 421 006a A0F86A30 		strh	r3, [r0, #106]	@ movhi
3909:Drivers/STM32H5xx_HAL_Driver/Src/stm32h5xx_hal_spi.c ****   hspi->RxXferCount = (uint16_t)0UL;
 422              		.loc 1 3909 3 is_stmt 1 view .LVU118
 423              		.loc 1 3909 21 is_stmt 0 view .LVU119
 424 006e A0F87230 		strh	r3, [r0, #114]	@ movhi
3910:Drivers/STM32H5xx_HAL_Driver/Src/stm32h5xx_hal_spi.c **** }
 425              		.loc 1 3910 1 view .LVU120
 426 0072 7047     		bx	lr
 427              		.cfi_endproc
 428              	.LFE203:
 430              		.section	.text.SPI_CloseTransfer,"ax",%progbits
 431              		.align	1
 432              		.syntax unified
 433              		.thumb
 434              		.thumb_func
 436              	SPI_CloseTransfer:
 437              	.LVL12:
ARM GAS  /tmp/cc3pUyOJ.s 			page 77


 438              	.LFB204:
3911:Drivers/STM32H5xx_HAL_Driver/Src/stm32h5xx_hal_spi.c **** 
3912:Drivers/STM32H5xx_HAL_Driver/Src/stm32h5xx_hal_spi.c **** 
3913:Drivers/STM32H5xx_HAL_Driver/Src/stm32h5xx_hal_spi.c **** /**
3914:Drivers/STM32H5xx_HAL_Driver/Src/stm32h5xx_hal_spi.c ****   * @brief  Close Transfer and clear flags.
3915:Drivers/STM32H5xx_HAL_Driver/Src/stm32h5xx_hal_spi.c ****   * @param  hspi: pointer to a SPI_HandleTypeDef structure that contains
3916:Drivers/STM32H5xx_HAL_Driver/Src/stm32h5xx_hal_spi.c ****   *               the configuration information for SPI module.
3917:Drivers/STM32H5xx_HAL_Driver/Src/stm32h5xx_hal_spi.c ****   * @retval HAL_ERROR: if any error detected
3918:Drivers/STM32H5xx_HAL_Driver/Src/stm32h5xx_hal_spi.c ****   *         HAL_OK: if nothing detected
3919:Drivers/STM32H5xx_HAL_Driver/Src/stm32h5xx_hal_spi.c ****   */
3920:Drivers/STM32H5xx_HAL_Driver/Src/stm32h5xx_hal_spi.c **** static void SPI_CloseTransfer(SPI_HandleTypeDef *hspi)
3921:Drivers/STM32H5xx_HAL_Driver/Src/stm32h5xx_hal_spi.c **** {
 439              		.loc 1 3921 1 is_stmt 1 view -0
 440              		.cfi_startproc
 441              		@ args = 0, pretend = 0, frame = 0
 442              		@ frame_needed = 0, uses_anonymous_args = 0
 443              		@ link register save eliminated.
3922:Drivers/STM32H5xx_HAL_Driver/Src/stm32h5xx_hal_spi.c ****   uint32_t itflag = hspi->Instance->SR;
 444              		.loc 1 3922 3 view .LVU122
 445              		.loc 1 3922 25 is_stmt 0 view .LVU123
 446 0000 0368     		ldr	r3, [r0]
 447              		.loc 1 3922 12 view .LVU124
 448 0002 5A69     		ldr	r2, [r3, #20]
 449              	.LVL13:
3923:Drivers/STM32H5xx_HAL_Driver/Src/stm32h5xx_hal_spi.c **** 
3924:Drivers/STM32H5xx_HAL_Driver/Src/stm32h5xx_hal_spi.c ****   __HAL_SPI_CLEAR_EOTFLAG(hspi);
 450              		.loc 1 3924 3 is_stmt 1 view .LVU125
 451 0004 9969     		ldr	r1, [r3, #24]
 452 0006 41F00801 		orr	r1, r1, #8
 453 000a 9961     		str	r1, [r3, #24]
3925:Drivers/STM32H5xx_HAL_Driver/Src/stm32h5xx_hal_spi.c ****   __HAL_SPI_CLEAR_TXTFFLAG(hspi);
 454              		.loc 1 3925 3 view .LVU126
 455 000c 0168     		ldr	r1, [r0]
 456 000e 8B69     		ldr	r3, [r1, #24]
 457 0010 43F01003 		orr	r3, r3, #16
 458 0014 8B61     		str	r3, [r1, #24]
3926:Drivers/STM32H5xx_HAL_Driver/Src/stm32h5xx_hal_spi.c **** 
3927:Drivers/STM32H5xx_HAL_Driver/Src/stm32h5xx_hal_spi.c ****   /* Disable SPI peripheral */
3928:Drivers/STM32H5xx_HAL_Driver/Src/stm32h5xx_hal_spi.c ****   __HAL_SPI_DISABLE(hspi);
 459              		.loc 1 3928 3 view .LVU127
 460 0016 0168     		ldr	r1, [r0]
 461 0018 0B68     		ldr	r3, [r1]
 462 001a 23F00103 		bic	r3, r3, #1
 463 001e 0B60     		str	r3, [r1]
3929:Drivers/STM32H5xx_HAL_Driver/Src/stm32h5xx_hal_spi.c **** 
3930:Drivers/STM32H5xx_HAL_Driver/Src/stm32h5xx_hal_spi.c ****   /* Disable ITs */
3931:Drivers/STM32H5xx_HAL_Driver/Src/stm32h5xx_hal_spi.c ****   __HAL_SPI_DISABLE_IT(hspi, (SPI_IT_EOT | SPI_IT_TXP | SPI_IT_RXP | SPI_IT_DXP | SPI_IT_UDR | SPI_
 464              		.loc 1 3931 3 view .LVU128
 465 0020 0168     		ldr	r1, [r0]
 466 0022 0B69     		ldr	r3, [r1, #16]
 467 0024 23F45B73 		bic	r3, r3, #876
 468 0028 23F00303 		bic	r3, r3, #3
 469 002c 0B61     		str	r3, [r1, #16]
3932:Drivers/STM32H5xx_HAL_Driver/Src/stm32h5xx_hal_spi.c ****                               SPI_IT_FRE | SPI_IT_MODF));
3933:Drivers/STM32H5xx_HAL_Driver/Src/stm32h5xx_hal_spi.c **** 
3934:Drivers/STM32H5xx_HAL_Driver/Src/stm32h5xx_hal_spi.c ****   /* Disable Tx DMA Request */
3935:Drivers/STM32H5xx_HAL_Driver/Src/stm32h5xx_hal_spi.c ****   CLEAR_BIT(hspi->Instance->CFG1, SPI_CFG1_TXDMAEN | SPI_CFG1_RXDMAEN);
ARM GAS  /tmp/cc3pUyOJ.s 			page 78


 470              		.loc 1 3935 3 view .LVU129
 471 002e 0168     		ldr	r1, [r0]
 472 0030 8B68     		ldr	r3, [r1, #8]
 473 0032 23F44043 		bic	r3, r3, #49152
 474 0036 8B60     		str	r3, [r1, #8]
3936:Drivers/STM32H5xx_HAL_Driver/Src/stm32h5xx_hal_spi.c **** 
3937:Drivers/STM32H5xx_HAL_Driver/Src/stm32h5xx_hal_spi.c ****   /* Report UnderRun error for non RX Only communication */
3938:Drivers/STM32H5xx_HAL_Driver/Src/stm32h5xx_hal_spi.c ****   if (hspi->State != HAL_SPI_STATE_BUSY_RX)
 475              		.loc 1 3938 3 view .LVU130
 476              		.loc 1 3938 11 is_stmt 0 view .LVU131
 477 0038 90F88930 		ldrb	r3, [r0, #137]	@ zero_extendqisi2
 478 003c DBB2     		uxtb	r3, r3
 479              		.loc 1 3938 6 view .LVU132
 480 003e 042B     		cmp	r3, #4
 481 0040 0DD0     		beq	.L15
3939:Drivers/STM32H5xx_HAL_Driver/Src/stm32h5xx_hal_spi.c ****   {
3940:Drivers/STM32H5xx_HAL_Driver/Src/stm32h5xx_hal_spi.c ****     if ((itflag & SPI_FLAG_UDR) != 0UL)
 482              		.loc 1 3940 5 is_stmt 1 view .LVU133
 483              		.loc 1 3940 8 is_stmt 0 view .LVU134
 484 0042 12F0200F 		tst	r2, #32
 485 0046 0AD0     		beq	.L15
3941:Drivers/STM32H5xx_HAL_Driver/Src/stm32h5xx_hal_spi.c ****     {
3942:Drivers/STM32H5xx_HAL_Driver/Src/stm32h5xx_hal_spi.c ****       SET_BIT(hspi->ErrorCode, HAL_SPI_ERROR_UDR);
 486              		.loc 1 3942 7 is_stmt 1 view .LVU135
 487 0048 D0F88C30 		ldr	r3, [r0, #140]
 488 004c 43F08003 		orr	r3, r3, #128
 489 0050 C0F88C30 		str	r3, [r0, #140]
3943:Drivers/STM32H5xx_HAL_Driver/Src/stm32h5xx_hal_spi.c ****       __HAL_SPI_CLEAR_UDRFLAG(hspi);
 490              		.loc 1 3943 7 view .LVU136
 491 0054 0168     		ldr	r1, [r0]
 492 0056 8B69     		ldr	r3, [r1, #24]
 493 0058 43F02003 		orr	r3, r3, #32
 494 005c 8B61     		str	r3, [r1, #24]
 495              	.L15:
3944:Drivers/STM32H5xx_HAL_Driver/Src/stm32h5xx_hal_spi.c ****     }
3945:Drivers/STM32H5xx_HAL_Driver/Src/stm32h5xx_hal_spi.c ****   }
3946:Drivers/STM32H5xx_HAL_Driver/Src/stm32h5xx_hal_spi.c **** 
3947:Drivers/STM32H5xx_HAL_Driver/Src/stm32h5xx_hal_spi.c ****   /* Report OverRun error for non TX Only communication */
3948:Drivers/STM32H5xx_HAL_Driver/Src/stm32h5xx_hal_spi.c ****   if (hspi->State != HAL_SPI_STATE_BUSY_TX)
 496              		.loc 1 3948 3 view .LVU137
 497              		.loc 1 3948 11 is_stmt 0 view .LVU138
 498 005e 90F88930 		ldrb	r3, [r0, #137]	@ zero_extendqisi2
 499 0062 DBB2     		uxtb	r3, r3
 500              		.loc 1 3948 6 view .LVU139
 501 0064 032B     		cmp	r3, #3
 502 0066 0DD0     		beq	.L16
3949:Drivers/STM32H5xx_HAL_Driver/Src/stm32h5xx_hal_spi.c ****   {
3950:Drivers/STM32H5xx_HAL_Driver/Src/stm32h5xx_hal_spi.c ****     if ((itflag & SPI_FLAG_OVR) != 0UL)
 503              		.loc 1 3950 5 is_stmt 1 view .LVU140
 504              		.loc 1 3950 8 is_stmt 0 view .LVU141
 505 0068 12F0400F 		tst	r2, #64
 506 006c 0AD0     		beq	.L16
3951:Drivers/STM32H5xx_HAL_Driver/Src/stm32h5xx_hal_spi.c ****     {
3952:Drivers/STM32H5xx_HAL_Driver/Src/stm32h5xx_hal_spi.c ****       SET_BIT(hspi->ErrorCode, HAL_SPI_ERROR_OVR);
 507              		.loc 1 3952 7 is_stmt 1 view .LVU142
 508 006e D0F88C30 		ldr	r3, [r0, #140]
 509 0072 43F00403 		orr	r3, r3, #4
ARM GAS  /tmp/cc3pUyOJ.s 			page 79


 510 0076 C0F88C30 		str	r3, [r0, #140]
3953:Drivers/STM32H5xx_HAL_Driver/Src/stm32h5xx_hal_spi.c ****       __HAL_SPI_CLEAR_OVRFLAG(hspi);
 511              		.loc 1 3953 7 view .LVU143
 512 007a 0168     		ldr	r1, [r0]
 513 007c 8B69     		ldr	r3, [r1, #24]
 514 007e 43F04003 		orr	r3, r3, #64
 515 0082 8B61     		str	r3, [r1, #24]
 516              	.L16:
3954:Drivers/STM32H5xx_HAL_Driver/Src/stm32h5xx_hal_spi.c ****     }
3955:Drivers/STM32H5xx_HAL_Driver/Src/stm32h5xx_hal_spi.c **** 
3956:Drivers/STM32H5xx_HAL_Driver/Src/stm32h5xx_hal_spi.c **** #if (USE_SPI_CRC != 0UL)
3957:Drivers/STM32H5xx_HAL_Driver/Src/stm32h5xx_hal_spi.c ****     /* Check if CRC error occurred */
3958:Drivers/STM32H5xx_HAL_Driver/Src/stm32h5xx_hal_spi.c ****     if (hspi->Init.CRCCalculation == SPI_CRCCALCULATION_ENABLE)
3959:Drivers/STM32H5xx_HAL_Driver/Src/stm32h5xx_hal_spi.c ****     {
3960:Drivers/STM32H5xx_HAL_Driver/Src/stm32h5xx_hal_spi.c ****       if ((itflag & SPI_FLAG_CRCERR) != 0UL)
3961:Drivers/STM32H5xx_HAL_Driver/Src/stm32h5xx_hal_spi.c ****       {
3962:Drivers/STM32H5xx_HAL_Driver/Src/stm32h5xx_hal_spi.c ****         SET_BIT(hspi->ErrorCode, HAL_SPI_ERROR_CRC);
3963:Drivers/STM32H5xx_HAL_Driver/Src/stm32h5xx_hal_spi.c ****         __HAL_SPI_CLEAR_CRCERRFLAG(hspi);
3964:Drivers/STM32H5xx_HAL_Driver/Src/stm32h5xx_hal_spi.c ****       }
3965:Drivers/STM32H5xx_HAL_Driver/Src/stm32h5xx_hal_spi.c ****     }
3966:Drivers/STM32H5xx_HAL_Driver/Src/stm32h5xx_hal_spi.c **** #endif /* USE_SPI_CRC */
3967:Drivers/STM32H5xx_HAL_Driver/Src/stm32h5xx_hal_spi.c ****   }
3968:Drivers/STM32H5xx_HAL_Driver/Src/stm32h5xx_hal_spi.c **** 
3969:Drivers/STM32H5xx_HAL_Driver/Src/stm32h5xx_hal_spi.c ****   /* SPI Mode Fault error interrupt occurred -------------------------------*/
3970:Drivers/STM32H5xx_HAL_Driver/Src/stm32h5xx_hal_spi.c ****   if ((itflag & SPI_FLAG_MODF) != 0UL)
 517              		.loc 1 3970 3 view .LVU144
 518              		.loc 1 3970 6 is_stmt 0 view .LVU145
 519 0084 12F4007F 		tst	r2, #512
 520 0088 0AD0     		beq	.L17
3971:Drivers/STM32H5xx_HAL_Driver/Src/stm32h5xx_hal_spi.c ****   {
3972:Drivers/STM32H5xx_HAL_Driver/Src/stm32h5xx_hal_spi.c ****     SET_BIT(hspi->ErrorCode, HAL_SPI_ERROR_MODF);
 521              		.loc 1 3972 5 is_stmt 1 view .LVU146
 522 008a D0F88C30 		ldr	r3, [r0, #140]
 523 008e 43F00103 		orr	r3, r3, #1
 524 0092 C0F88C30 		str	r3, [r0, #140]
3973:Drivers/STM32H5xx_HAL_Driver/Src/stm32h5xx_hal_spi.c ****     __HAL_SPI_CLEAR_MODFFLAG(hspi);
 525              		.loc 1 3973 5 view .LVU147
 526 0096 0168     		ldr	r1, [r0]
 527 0098 8B69     		ldr	r3, [r1, #24]
 528 009a 43F40073 		orr	r3, r3, #512
 529 009e 8B61     		str	r3, [r1, #24]
 530              	.L17:
 531              		.loc 1 3973 35 discriminator 1 view .LVU148
3974:Drivers/STM32H5xx_HAL_Driver/Src/stm32h5xx_hal_spi.c ****   }
3975:Drivers/STM32H5xx_HAL_Driver/Src/stm32h5xx_hal_spi.c **** 
3976:Drivers/STM32H5xx_HAL_Driver/Src/stm32h5xx_hal_spi.c ****   /* SPI Frame error interrupt occurred ------------------------------------*/
3977:Drivers/STM32H5xx_HAL_Driver/Src/stm32h5xx_hal_spi.c ****   if ((itflag & SPI_FLAG_FRE) != 0UL)
 532              		.loc 1 3977 3 view .LVU149
 533              		.loc 1 3977 6 is_stmt 0 view .LVU150
 534 00a0 12F4807F 		tst	r2, #256
 535 00a4 0AD0     		beq	.L18
3978:Drivers/STM32H5xx_HAL_Driver/Src/stm32h5xx_hal_spi.c ****   {
3979:Drivers/STM32H5xx_HAL_Driver/Src/stm32h5xx_hal_spi.c ****     SET_BIT(hspi->ErrorCode, HAL_SPI_ERROR_FRE);
 536              		.loc 1 3979 5 is_stmt 1 view .LVU151
 537 00a6 D0F88C30 		ldr	r3, [r0, #140]
 538 00aa 43F00803 		orr	r3, r3, #8
 539 00ae C0F88C30 		str	r3, [r0, #140]
ARM GAS  /tmp/cc3pUyOJ.s 			page 80


3980:Drivers/STM32H5xx_HAL_Driver/Src/stm32h5xx_hal_spi.c ****     __HAL_SPI_CLEAR_FREFLAG(hspi);
 540              		.loc 1 3980 5 view .LVU152
 541 00b2 0268     		ldr	r2, [r0]
 542              	.LVL14:
 543              		.loc 1 3980 5 is_stmt 0 view .LVU153
 544 00b4 9369     		ldr	r3, [r2, #24]
 545 00b6 43F48073 		orr	r3, r3, #256
 546 00ba 9361     		str	r3, [r2, #24]
 547              	.L18:
3981:Drivers/STM32H5xx_HAL_Driver/Src/stm32h5xx_hal_spi.c ****   }
3982:Drivers/STM32H5xx_HAL_Driver/Src/stm32h5xx_hal_spi.c **** 
3983:Drivers/STM32H5xx_HAL_Driver/Src/stm32h5xx_hal_spi.c ****   hspi->TxXferCount = (uint16_t)0UL;
 548              		.loc 1 3983 3 is_stmt 1 view .LVU154
 549              		.loc 1 3983 21 is_stmt 0 view .LVU155
 550 00bc 0023     		movs	r3, #0
 551 00be A0F86A30 		strh	r3, [r0, #106]	@ movhi
3984:Drivers/STM32H5xx_HAL_Driver/Src/stm32h5xx_hal_spi.c ****   hspi->RxXferCount = (uint16_t)0UL;
 552              		.loc 1 3984 3 is_stmt 1 view .LVU156
 553              		.loc 1 3984 21 is_stmt 0 view .LVU157
 554 00c2 A0F87230 		strh	r3, [r0, #114]	@ movhi
3985:Drivers/STM32H5xx_HAL_Driver/Src/stm32h5xx_hal_spi.c **** }
 555              		.loc 1 3985 1 view .LVU158
 556 00c6 7047     		bx	lr
 557              		.cfi_endproc
 558              	.LFE204:
 560              		.section	.text.SPI_GetPacketSize,"ax",%progbits
 561              		.align	1
 562              		.syntax unified
 563              		.thumb
 564              		.thumb_func
 566              	SPI_GetPacketSize:
 567              	.LVL15:
 568              	.LFB206:
3986:Drivers/STM32H5xx_HAL_Driver/Src/stm32h5xx_hal_spi.c **** 
3987:Drivers/STM32H5xx_HAL_Driver/Src/stm32h5xx_hal_spi.c **** /**
3988:Drivers/STM32H5xx_HAL_Driver/Src/stm32h5xx_hal_spi.c ****   * @brief Handle SPI Communication Timeout.
3989:Drivers/STM32H5xx_HAL_Driver/Src/stm32h5xx_hal_spi.c ****   * @param hspi: pointer to a SPI_HandleTypeDef structure that contains
3990:Drivers/STM32H5xx_HAL_Driver/Src/stm32h5xx_hal_spi.c ****   *              the configuration information for SPI module.
3991:Drivers/STM32H5xx_HAL_Driver/Src/stm32h5xx_hal_spi.c ****   * @param Flag: SPI flag to check
3992:Drivers/STM32H5xx_HAL_Driver/Src/stm32h5xx_hal_spi.c ****   * @param Status: flag state to check
3993:Drivers/STM32H5xx_HAL_Driver/Src/stm32h5xx_hal_spi.c ****   * @param Timeout: Timeout duration
3994:Drivers/STM32H5xx_HAL_Driver/Src/stm32h5xx_hal_spi.c ****   * @param Tickstart: Tick start value
3995:Drivers/STM32H5xx_HAL_Driver/Src/stm32h5xx_hal_spi.c ****   * @retval HAL status
3996:Drivers/STM32H5xx_HAL_Driver/Src/stm32h5xx_hal_spi.c ****   */
3997:Drivers/STM32H5xx_HAL_Driver/Src/stm32h5xx_hal_spi.c **** static HAL_StatusTypeDef SPI_WaitOnFlagUntilTimeout(const SPI_HandleTypeDef *hspi, uint32_t Flag, F
3998:Drivers/STM32H5xx_HAL_Driver/Src/stm32h5xx_hal_spi.c ****                                                     uint32_t Timeout, uint32_t Tickstart)
3999:Drivers/STM32H5xx_HAL_Driver/Src/stm32h5xx_hal_spi.c **** {
4000:Drivers/STM32H5xx_HAL_Driver/Src/stm32h5xx_hal_spi.c ****   /* Wait until flag is set */
4001:Drivers/STM32H5xx_HAL_Driver/Src/stm32h5xx_hal_spi.c ****   while ((__HAL_SPI_GET_FLAG(hspi, Flag) ? SET : RESET) == Status)
4002:Drivers/STM32H5xx_HAL_Driver/Src/stm32h5xx_hal_spi.c ****   {
4003:Drivers/STM32H5xx_HAL_Driver/Src/stm32h5xx_hal_spi.c ****     /* Check for the Timeout */
4004:Drivers/STM32H5xx_HAL_Driver/Src/stm32h5xx_hal_spi.c ****     if ((((HAL_GetTick() - Tickstart) >=  Timeout) && (Timeout != HAL_MAX_DELAY)) || (Timeout == 0U
4005:Drivers/STM32H5xx_HAL_Driver/Src/stm32h5xx_hal_spi.c ****     {
4006:Drivers/STM32H5xx_HAL_Driver/Src/stm32h5xx_hal_spi.c ****       return HAL_TIMEOUT;
4007:Drivers/STM32H5xx_HAL_Driver/Src/stm32h5xx_hal_spi.c ****     }
4008:Drivers/STM32H5xx_HAL_Driver/Src/stm32h5xx_hal_spi.c ****   }
4009:Drivers/STM32H5xx_HAL_Driver/Src/stm32h5xx_hal_spi.c ****   return HAL_OK;
ARM GAS  /tmp/cc3pUyOJ.s 			page 81


4010:Drivers/STM32H5xx_HAL_Driver/Src/stm32h5xx_hal_spi.c **** }
4011:Drivers/STM32H5xx_HAL_Driver/Src/stm32h5xx_hal_spi.c **** 
4012:Drivers/STM32H5xx_HAL_Driver/Src/stm32h5xx_hal_spi.c **** /**
4013:Drivers/STM32H5xx_HAL_Driver/Src/stm32h5xx_hal_spi.c ****   * @brief  Compute configured packet size from fifo perspective.
4014:Drivers/STM32H5xx_HAL_Driver/Src/stm32h5xx_hal_spi.c ****   * @param  hspi: pointer to a SPI_HandleTypeDef structure that contains
4015:Drivers/STM32H5xx_HAL_Driver/Src/stm32h5xx_hal_spi.c ****   *               the configuration information for SPI module.
4016:Drivers/STM32H5xx_HAL_Driver/Src/stm32h5xx_hal_spi.c ****   * @retval Packet size occupied in the fifo
4017:Drivers/STM32H5xx_HAL_Driver/Src/stm32h5xx_hal_spi.c ****   */
4018:Drivers/STM32H5xx_HAL_Driver/Src/stm32h5xx_hal_spi.c **** static uint32_t SPI_GetPacketSize(const SPI_HandleTypeDef *hspi)
4019:Drivers/STM32H5xx_HAL_Driver/Src/stm32h5xx_hal_spi.c **** {
 569              		.loc 1 4019 1 is_stmt 1 view -0
 570              		.cfi_startproc
 571              		@ args = 0, pretend = 0, frame = 0
 572              		@ frame_needed = 0, uses_anonymous_args = 0
 573              		@ link register save eliminated.
4020:Drivers/STM32H5xx_HAL_Driver/Src/stm32h5xx_hal_spi.c ****   uint32_t fifo_threashold = (hspi->Init.FifoThreshold >> SPI_CFG1_FTHLV_Pos) + 1UL;
 574              		.loc 1 4020 3 view .LVU160
 575              		.loc 1 4020 41 is_stmt 0 view .LVU161
 576 0000 C36B     		ldr	r3, [r0, #60]
 577              		.loc 1 4020 56 view .LVU162
 578 0002 5B09     		lsrs	r3, r3, #5
 579              	.LVL16:
4021:Drivers/STM32H5xx_HAL_Driver/Src/stm32h5xx_hal_spi.c ****   uint32_t data_size       = (hspi->Init.DataSize      >> SPI_CFG1_DSIZE_Pos) + 1UL;
 580              		.loc 1 4021 3 is_stmt 1 view .LVU163
 581              		.loc 1 4021 41 is_stmt 0 view .LVU164
 582 0004 C068     		ldr	r0, [r0, #12]
 583              	.LVL17:
4022:Drivers/STM32H5xx_HAL_Driver/Src/stm32h5xx_hal_spi.c **** 
4023:Drivers/STM32H5xx_HAL_Driver/Src/stm32h5xx_hal_spi.c ****   /* Convert data size to Byte */
4024:Drivers/STM32H5xx_HAL_Driver/Src/stm32h5xx_hal_spi.c ****   data_size = (data_size + 7UL) / 8UL;
 584              		.loc 1 4024 3 is_stmt 1 view .LVU165
 585              		.loc 1 4024 26 is_stmt 0 view .LVU166
 586 0006 0830     		adds	r0, r0, #8
 587              	.LVL18:
 588              		.loc 1 4024 13 view .LVU167
 589 0008 C008     		lsrs	r0, r0, #3
 590              	.LVL19:
4025:Drivers/STM32H5xx_HAL_Driver/Src/stm32h5xx_hal_spi.c **** 
4026:Drivers/STM32H5xx_HAL_Driver/Src/stm32h5xx_hal_spi.c ****   return data_size * fifo_threashold;
 591              		.loc 1 4026 3 is_stmt 1 view .LVU168
4027:Drivers/STM32H5xx_HAL_Driver/Src/stm32h5xx_hal_spi.c **** }
 592              		.loc 1 4027 1 is_stmt 0 view .LVU169
 593 000a 03FB0000 		mla	r0, r3, r0, r0
 594              	.LVL20:
 595              		.loc 1 4027 1 view .LVU170
 596 000e 7047     		bx	lr
 597              		.cfi_endproc
 598              	.LFE206:
 600              		.section	.text.SPI_WaitOnFlagUntilTimeout,"ax",%progbits
 601              		.align	1
 602              		.syntax unified
 603              		.thumb
 604              		.thumb_func
 606              	SPI_WaitOnFlagUntilTimeout:
 607              	.LVL21:
 608              	.LFB205:
3999:Drivers/STM32H5xx_HAL_Driver/Src/stm32h5xx_hal_spi.c ****   /* Wait until flag is set */
ARM GAS  /tmp/cc3pUyOJ.s 			page 82


 609              		.loc 1 3999 1 is_stmt 1 view -0
 610              		.cfi_startproc
 611              		@ args = 4, pretend = 0, frame = 0
 612              		@ frame_needed = 0, uses_anonymous_args = 0
3999:Drivers/STM32H5xx_HAL_Driver/Src/stm32h5xx_hal_spi.c ****   /* Wait until flag is set */
 613              		.loc 1 3999 1 is_stmt 0 view .LVU172
 614 0000 2DE9F843 		push	{r3, r4, r5, r6, r7, r8, r9, lr}
 615              	.LCFI0:
 616              		.cfi_def_cfa_offset 32
 617              		.cfi_offset 3, -32
 618              		.cfi_offset 4, -28
 619              		.cfi_offset 5, -24
 620              		.cfi_offset 6, -20
 621              		.cfi_offset 7, -16
 622              		.cfi_offset 8, -12
 623              		.cfi_offset 9, -8
 624              		.cfi_offset 14, -4
 625 0004 8046     		mov	r8, r0
 626 0006 0F46     		mov	r7, r1
 627 0008 1646     		mov	r6, r2
 628 000a 1D46     		mov	r5, r3
 629 000c DDF82090 		ldr	r9, [sp, #32]
4001:Drivers/STM32H5xx_HAL_Driver/Src/stm32h5xx_hal_spi.c ****   {
 630              		.loc 1 4001 3 is_stmt 1 view .LVU173
4001:Drivers/STM32H5xx_HAL_Driver/Src/stm32h5xx_hal_spi.c ****   {
 631              		.loc 1 4001 9 is_stmt 0 view .LVU174
 632 0010 00E0     		b	.L21
 633              	.LVL22:
 634              	.L22:
4004:Drivers/STM32H5xx_HAL_Driver/Src/stm32h5xx_hal_spi.c ****     {
 635              		.loc 1 4004 83 discriminator 3 view .LVU175
 636 0012 BDB1     		cbz	r5, .L26
 637              	.L21:
4001:Drivers/STM32H5xx_HAL_Driver/Src/stm32h5xx_hal_spi.c ****   {
 638              		.loc 1 4001 57 is_stmt 1 view .LVU176
4001:Drivers/STM32H5xx_HAL_Driver/Src/stm32h5xx_hal_spi.c ****   {
 639              		.loc 1 4001 11 is_stmt 0 view .LVU177
 640 0014 D8F80030 		ldr	r3, [r8]
 641 0018 5C69     		ldr	r4, [r3, #20]
4001:Drivers/STM32H5xx_HAL_Driver/Src/stm32h5xx_hal_spi.c ****   {
 642              		.loc 1 4001 48 view .LVU178
 643 001a 37EA0404 		bics	r4, r7, r4
 644 001e 0CBF     		ite	eq
 645 0020 0123     		moveq	r3, #1
 646 0022 0023     		movne	r3, #0
4001:Drivers/STM32H5xx_HAL_Driver/Src/stm32h5xx_hal_spi.c ****   {
 647              		.loc 1 4001 57 view .LVU179
 648 0024 B342     		cmp	r3, r6
 649 0026 0AD1     		bne	.L28
4004:Drivers/STM32H5xx_HAL_Driver/Src/stm32h5xx_hal_spi.c ****     {
 650              		.loc 1 4004 5 is_stmt 1 view .LVU180
4004:Drivers/STM32H5xx_HAL_Driver/Src/stm32h5xx_hal_spi.c ****     {
 651              		.loc 1 4004 12 is_stmt 0 view .LVU181
 652 0028 FFF7FEFF 		bl	HAL_GetTick
 653              	.LVL23:
4004:Drivers/STM32H5xx_HAL_Driver/Src/stm32h5xx_hal_spi.c ****     {
 654              		.loc 1 4004 26 discriminator 1 view .LVU182
ARM GAS  /tmp/cc3pUyOJ.s 			page 83


 655 002c A0EB0900 		sub	r0, r0, r9
4004:Drivers/STM32H5xx_HAL_Driver/Src/stm32h5xx_hal_spi.c ****     {
 656              		.loc 1 4004 8 discriminator 1 view .LVU183
 657 0030 A842     		cmp	r0, r5
 658 0032 EED3     		bcc	.L22
4004:Drivers/STM32H5xx_HAL_Driver/Src/stm32h5xx_hal_spi.c ****     {
 659              		.loc 1 4004 52 discriminator 1 view .LVU184
 660 0034 B5F1FF3F 		cmp	r5, #-1
 661 0038 EBD0     		beq	.L22
4006:Drivers/STM32H5xx_HAL_Driver/Src/stm32h5xx_hal_spi.c ****     }
 662              		.loc 1 4006 14 view .LVU185
 663 003a 0320     		movs	r0, #3
 664 003c 00E0     		b	.L23
 665              	.L28:
4009:Drivers/STM32H5xx_HAL_Driver/Src/stm32h5xx_hal_spi.c **** }
 666              		.loc 1 4009 10 view .LVU186
 667 003e 0020     		movs	r0, #0
 668              	.L23:
4010:Drivers/STM32H5xx_HAL_Driver/Src/stm32h5xx_hal_spi.c **** 
 669              		.loc 1 4010 1 view .LVU187
 670 0040 BDE8F883 		pop	{r3, r4, r5, r6, r7, r8, r9, pc}
 671              	.LVL24:
 672              	.L26:
4006:Drivers/STM32H5xx_HAL_Driver/Src/stm32h5xx_hal_spi.c ****     }
 673              		.loc 1 4006 14 view .LVU188
 674 0044 0320     		movs	r0, #3
 675 0046 FBE7     		b	.L23
 676              		.cfi_endproc
 677              	.LFE205:
 679              		.section	.text.HAL_SPI_MspInit,"ax",%progbits
 680              		.align	1
 681              		.weak	HAL_SPI_MspInit
 682              		.syntax unified
 683              		.thumb
 684              		.thumb_func
 686              	HAL_SPI_MspInit:
 687              	.LVL25:
 688              	.LFB159:
 550:Drivers/STM32H5xx_HAL_Driver/Src/stm32h5xx_hal_spi.c ****   /* Prevent unused argument(s) compilation warning */
 689              		.loc 1 550 1 is_stmt 1 view -0
 690              		.cfi_startproc
 691              		@ args = 0, pretend = 0, frame = 0
 692              		@ frame_needed = 0, uses_anonymous_args = 0
 693              		@ link register save eliminated.
 552:Drivers/STM32H5xx_HAL_Driver/Src/stm32h5xx_hal_spi.c **** 
 694              		.loc 1 552 3 view .LVU190
 557:Drivers/STM32H5xx_HAL_Driver/Src/stm32h5xx_hal_spi.c **** 
 695              		.loc 1 557 1 is_stmt 0 view .LVU191
 696 0000 7047     		bx	lr
 697              		.cfi_endproc
 698              	.LFE159:
 700              		.section	.text.HAL_SPI_Init,"ax",%progbits
 701              		.align	1
 702              		.global	HAL_SPI_Init
 703              		.syntax unified
 704              		.thumb
 705              		.thumb_func
ARM GAS  /tmp/cc3pUyOJ.s 			page 84


 707              	HAL_SPI_Init:
 708              	.LVL26:
 709              	.LFB157:
 242:Drivers/STM32H5xx_HAL_Driver/Src/stm32h5xx_hal_spi.c ****   uint32_t crc_length;
 710              		.loc 1 242 1 is_stmt 1 view -0
 711              		.cfi_startproc
 712              		@ args = 0, pretend = 0, frame = 0
 713              		@ frame_needed = 0, uses_anonymous_args = 0
 243:Drivers/STM32H5xx_HAL_Driver/Src/stm32h5xx_hal_spi.c ****   uint32_t packet_length;
 714              		.loc 1 243 3 view .LVU193
 244:Drivers/STM32H5xx_HAL_Driver/Src/stm32h5xx_hal_spi.c **** #if (USE_SPI_CRC != 0UL)
 715              		.loc 1 244 3 view .LVU194
 250:Drivers/STM32H5xx_HAL_Driver/Src/stm32h5xx_hal_spi.c ****   {
 716              		.loc 1 250 3 view .LVU195
 250:Drivers/STM32H5xx_HAL_Driver/Src/stm32h5xx_hal_spi.c ****   {
 717              		.loc 1 250 6 is_stmt 0 view .LVU196
 718 0000 0028     		cmp	r0, #0
 719 0002 00F0B580 		beq	.L45
 242:Drivers/STM32H5xx_HAL_Driver/Src/stm32h5xx_hal_spi.c ****   uint32_t crc_length;
 720              		.loc 1 242 1 view .LVU197
 721 0006 38B5     		push	{r3, r4, r5, lr}
 722              	.LCFI1:
 723              		.cfi_def_cfa_offset 16
 724              		.cfi_offset 3, -16
 725              		.cfi_offset 4, -12
 726              		.cfi_offset 5, -8
 727              		.cfi_offset 14, -4
 728 0008 0446     		mov	r4, r0
 256:Drivers/STM32H5xx_HAL_Driver/Src/stm32h5xx_hal_spi.c ****   assert_param(IS_SPI_MODE(hspi->Init.Mode));
 729              		.loc 1 256 3 is_stmt 1 view .LVU198
 257:Drivers/STM32H5xx_HAL_Driver/Src/stm32h5xx_hal_spi.c ****   assert_param(IS_SPI_DIRECTION(hspi->Init.Direction));
 730              		.loc 1 257 3 view .LVU199
 258:Drivers/STM32H5xx_HAL_Driver/Src/stm32h5xx_hal_spi.c ****   if (IS_SPI_LIMITED_INSTANCE(hspi->Instance))
 731              		.loc 1 258 3 view .LVU200
 259:Drivers/STM32H5xx_HAL_Driver/Src/stm32h5xx_hal_spi.c ****   {
 732              		.loc 1 259 3 view .LVU201
 259:Drivers/STM32H5xx_HAL_Driver/Src/stm32h5xx_hal_spi.c ****   {
 733              		.loc 1 259 7 is_stmt 0 view .LVU202
 734 000a 0568     		ldr	r5, [r0]
 266:Drivers/STM32H5xx_HAL_Driver/Src/stm32h5xx_hal_spi.c ****     assert_param(IS_SPI_FIFOTHRESHOLD(hspi->Init.FifoThreshold));
 735              		.loc 1 266 5 is_stmt 1 view .LVU203
 267:Drivers/STM32H5xx_HAL_Driver/Src/stm32h5xx_hal_spi.c ****   }
 736              		.loc 1 267 5 view .LVU204
 269:Drivers/STM32H5xx_HAL_Driver/Src/stm32h5xx_hal_spi.c ****   assert_param(IS_SPI_NSSP(hspi->Init.NSSPMode));
 737              		.loc 1 269 3 view .LVU205
 270:Drivers/STM32H5xx_HAL_Driver/Src/stm32h5xx_hal_spi.c ****   assert_param(IS_SPI_BAUDRATE_PRESCALER(hspi->Init.BaudRatePrescaler));
 738              		.loc 1 270 3 view .LVU206
 271:Drivers/STM32H5xx_HAL_Driver/Src/stm32h5xx_hal_spi.c ****   assert_param(IS_SPI_FIRST_BIT(hspi->Init.FirstBit));
 739              		.loc 1 271 3 view .LVU207
 272:Drivers/STM32H5xx_HAL_Driver/Src/stm32h5xx_hal_spi.c ****   assert_param(IS_SPI_TIMODE(hspi->Init.TIMode));
 740              		.loc 1 272 3 view .LVU208
 273:Drivers/STM32H5xx_HAL_Driver/Src/stm32h5xx_hal_spi.c ****   if (hspi->Init.TIMode == SPI_TIMODE_DISABLE)
 741              		.loc 1 273 3 view .LVU209
 274:Drivers/STM32H5xx_HAL_Driver/Src/stm32h5xx_hal_spi.c ****   {
 742              		.loc 1 274 3 view .LVU210
 276:Drivers/STM32H5xx_HAL_Driver/Src/stm32h5xx_hal_spi.c ****     assert_param(IS_SPI_CPHA(hspi->Init.CLKPhase));
 743              		.loc 1 276 5 view .LVU211
ARM GAS  /tmp/cc3pUyOJ.s 			page 85


 277:Drivers/STM32H5xx_HAL_Driver/Src/stm32h5xx_hal_spi.c ****   }
 744              		.loc 1 277 5 view .LVU212
 296:Drivers/STM32H5xx_HAL_Driver/Src/stm32h5xx_hal_spi.c **** #endif /* USE_SPI_CRC */
 745              		.loc 1 296 3 view .LVU213
 296:Drivers/STM32H5xx_HAL_Driver/Src/stm32h5xx_hal_spi.c **** #endif /* USE_SPI_CRC */
 746              		.loc 1 296 29 is_stmt 0 view .LVU214
 747 000c 0023     		movs	r3, #0
 748 000e 8362     		str	r3, [r0, #40]
 299:Drivers/STM32H5xx_HAL_Driver/Src/stm32h5xx_hal_spi.c ****   assert_param(IS_SPI_RDY_POLARITY(hspi->Init.ReadyPolarity));
 749              		.loc 1 299 3 is_stmt 1 view .LVU215
 300:Drivers/STM32H5xx_HAL_Driver/Src/stm32h5xx_hal_spi.c ****   assert_param(IS_SPI_MASTER_RX_AUTOSUSP(hspi->Init.MasterReceiverAutoSusp));
 750              		.loc 1 300 3 view .LVU216
 301:Drivers/STM32H5xx_HAL_Driver/Src/stm32h5xx_hal_spi.c **** 
 751              		.loc 1 301 3 view .LVU217
 304:Drivers/STM32H5xx_HAL_Driver/Src/stm32h5xx_hal_spi.c ****   {
 752              		.loc 1 304 3 view .LVU218
 304:Drivers/STM32H5xx_HAL_Driver/Src/stm32h5xx_hal_spi.c ****   {
 753              		.loc 1 304 6 is_stmt 0 view .LVU219
 754 0010 594B     		ldr	r3, .L56
 755 0012 9D42     		cmp	r5, r3
 756 0014 47D0     		beq	.L32
 304:Drivers/STM32H5xx_HAL_Driver/Src/stm32h5xx_hal_spi.c ****   {
 757              		.loc 1 304 8 discriminator 2 view .LVU220
 758 0016 03F18053 		add	r3, r3, #268435456
 759 001a 9D42     		cmp	r5, r3
 760 001c 43D0     		beq	.L32
 761              	.L33:
 310:Drivers/STM32H5xx_HAL_Driver/Src/stm32h5xx_hal_spi.c ****   if (((IS_SPI_LIMITED_INSTANCE(hspi->Instance)) && (packet_length > SPI_LOWEND_FIFO_SIZE)) ||
 762              		.loc 1 310 3 is_stmt 1 view .LVU221
 310:Drivers/STM32H5xx_HAL_Driver/Src/stm32h5xx_hal_spi.c ****   if (((IS_SPI_LIMITED_INSTANCE(hspi->Instance)) && (packet_length > SPI_LOWEND_FIFO_SIZE)) ||
 763              		.loc 1 310 19 is_stmt 0 view .LVU222
 764 001e 2046     		mov	r0, r4
 765              	.LVL27:
 310:Drivers/STM32H5xx_HAL_Driver/Src/stm32h5xx_hal_spi.c ****   if (((IS_SPI_LIMITED_INSTANCE(hspi->Instance)) && (packet_length > SPI_LOWEND_FIFO_SIZE)) ||
 766              		.loc 1 310 19 view .LVU223
 767 0020 FFF7FEFF 		bl	SPI_GetPacketSize
 768              	.LVL28:
 311:Drivers/STM32H5xx_HAL_Driver/Src/stm32h5xx_hal_spi.c ****       ((IS_SPI_FULL_INSTANCE(hspi->Instance)) && (packet_length > SPI_HIGHEND_FIFO_SIZE)))
 769              		.loc 1 311 3 is_stmt 1 view .LVU224
 311:Drivers/STM32H5xx_HAL_Driver/Src/stm32h5xx_hal_spi.c ****       ((IS_SPI_FULL_INSTANCE(hspi->Instance)) && (packet_length > SPI_HIGHEND_FIFO_SIZE)))
 770              		.loc 1 311 6 is_stmt 0 view .LVU225
 771 0024 544B     		ldr	r3, .L56
 772 0026 9D42     		cmp	r5, r3
 773 0028 42D0     		beq	.L34
 311:Drivers/STM32H5xx_HAL_Driver/Src/stm32h5xx_hal_spi.c ****       ((IS_SPI_FULL_INSTANCE(hspi->Instance)) && (packet_length > SPI_HIGHEND_FIFO_SIZE)))
 774              		.loc 1 311 9 discriminator 2 view .LVU226
 775 002a 03F18053 		add	r3, r3, #268435456
 776 002e 9D42     		cmp	r5, r3
 777 0030 3ED0     		beq	.L34
 778              	.L35:
 311:Drivers/STM32H5xx_HAL_Driver/Src/stm32h5xx_hal_spi.c ****       ((IS_SPI_FULL_INSTANCE(hspi->Instance)) && (packet_length > SPI_HIGHEND_FIFO_SIZE)))
 779              		.loc 1 311 93 discriminator 5 view .LVU227
 780 0032 524B     		ldr	r3, .L56+4
 781 0034 9D42     		cmp	r5, r3
 782 0036 11D0     		beq	.L36
 312:Drivers/STM32H5xx_HAL_Driver/Src/stm32h5xx_hal_spi.c ****   {
 783              		.loc 1 312 9 view .LVU228
ARM GAS  /tmp/cc3pUyOJ.s 			page 86


 784 0038 03F18053 		add	r3, r3, #268435456
 785 003c 9D42     		cmp	r5, r3
 786 003e 0DD0     		beq	.L36
 312:Drivers/STM32H5xx_HAL_Driver/Src/stm32h5xx_hal_spi.c ****   {
 787              		.loc 1 312 9 discriminator 2 view .LVU229
 788 0040 4F4B     		ldr	r3, .L56+8
 789 0042 9D42     		cmp	r5, r3
 790 0044 0AD0     		beq	.L36
 312:Drivers/STM32H5xx_HAL_Driver/Src/stm32h5xx_hal_spi.c ****   {
 791              		.loc 1 312 9 discriminator 4 view .LVU230
 792 0046 03F18053 		add	r3, r3, #268435456
 793 004a 9D42     		cmp	r5, r3
 794 004c 06D0     		beq	.L36
 312:Drivers/STM32H5xx_HAL_Driver/Src/stm32h5xx_hal_spi.c ****   {
 795              		.loc 1 312 9 discriminator 6 view .LVU231
 796 004e 4D4B     		ldr	r3, .L56+12
 797 0050 9D42     		cmp	r5, r3
 798 0052 03D0     		beq	.L36
 312:Drivers/STM32H5xx_HAL_Driver/Src/stm32h5xx_hal_spi.c ****   {
 799              		.loc 1 312 9 discriminator 8 view .LVU232
 800 0054 03F18053 		add	r3, r3, #268435456
 801 0058 9D42     		cmp	r5, r3
 802 005a 02D1     		bne	.L37
 803              	.L36:
 312:Drivers/STM32H5xx_HAL_Driver/Src/stm32h5xx_hal_spi.c ****   {
 804              		.loc 1 312 47 discriminator 9 view .LVU233
 805 005c 1028     		cmp	r0, #16
 806 005e 00F28980 		bhi	.L48
 807              	.L37:
 350:Drivers/STM32H5xx_HAL_Driver/Src/stm32h5xx_hal_spi.c ****   {
 808              		.loc 1 350 3 is_stmt 1 view .LVU234
 350:Drivers/STM32H5xx_HAL_Driver/Src/stm32h5xx_hal_spi.c ****   {
 809              		.loc 1 350 11 is_stmt 0 view .LVU235
 810 0062 94F88930 		ldrb	r3, [r4, #137]	@ zero_extendqisi2
 350:Drivers/STM32H5xx_HAL_Driver/Src/stm32h5xx_hal_spi.c ****   {
 811              		.loc 1 350 6 view .LVU236
 812 0066 3BB3     		cbz	r3, .L53
 813              	.LVL29:
 814              	.L38:
 380:Drivers/STM32H5xx_HAL_Driver/Src/stm32h5xx_hal_spi.c **** 
 815              		.loc 1 380 3 is_stmt 1 view .LVU237
 380:Drivers/STM32H5xx_HAL_Driver/Src/stm32h5xx_hal_spi.c **** 
 816              		.loc 1 380 15 is_stmt 0 view .LVU238
 817 0068 0223     		movs	r3, #2
 818 006a 84F88930 		strb	r3, [r4, #137]
 383:Drivers/STM32H5xx_HAL_Driver/Src/stm32h5xx_hal_spi.c **** 
 819              		.loc 1 383 3 is_stmt 1 view .LVU239
 820 006e 2268     		ldr	r2, [r4]
 821 0070 1368     		ldr	r3, [r2]
 822 0072 23F00103 		bic	r3, r3, #1
 823 0076 1360     		str	r3, [r2]
 387:Drivers/STM32H5xx_HAL_Driver/Src/stm32h5xx_hal_spi.c **** #endif /* USE_SPI_CRC */
 824              		.loc 1 387 3 view .LVU240
 387:Drivers/STM32H5xx_HAL_Driver/Src/stm32h5xx_hal_spi.c **** #endif /* USE_SPI_CRC */
 825              		.loc 1 387 20 is_stmt 0 view .LVU241
 826 0078 2368     		ldr	r3, [r4]
 387:Drivers/STM32H5xx_HAL_Driver/Src/stm32h5xx_hal_spi.c **** #endif /* USE_SPI_CRC */
ARM GAS  /tmp/cc3pUyOJ.s 			page 87


 827              		.loc 1 387 30 view .LVU242
 828 007a 9A68     		ldr	r2, [r3, #8]
 387:Drivers/STM32H5xx_HAL_Driver/Src/stm32h5xx_hal_spi.c **** #endif /* USE_SPI_CRC */
 829              		.loc 1 387 14 view .LVU243
 830 007c 02F4F812 		and	r2, r2, #2031616
 831              	.LVL30:
 395:Drivers/STM32H5xx_HAL_Driver/Src/stm32h5xx_hal_spi.c ****                                             (hspi->Init.NSSPolarity == SPI_NSS_POLARITY_LOW)) || \
 832              		.loc 1 395 3 is_stmt 1 view .LVU244
 395:Drivers/STM32H5xx_HAL_Driver/Src/stm32h5xx_hal_spi.c ****                                             (hspi->Init.NSSPolarity == SPI_NSS_POLARITY_LOW)) || \
 833              		.loc 1 395 18 is_stmt 0 view .LVU245
 834 0080 A169     		ldr	r1, [r4, #24]
 395:Drivers/STM32H5xx_HAL_Driver/Src/stm32h5xx_hal_spi.c ****                                             (hspi->Init.NSSPolarity == SPI_NSS_POLARITY_LOW)) || \
 835              		.loc 1 395 6 view .LVU246
 836 0082 B1F1806F 		cmp	r1, #67108864
 837 0086 1DD0     		beq	.L54
 838              	.L39:
 404:Drivers/STM32H5xx_HAL_Driver/Src/stm32h5xx_hal_spi.c ****   {
 839              		.loc 1 404 3 is_stmt 1 view .LVU247
 404:Drivers/STM32H5xx_HAL_Driver/Src/stm32h5xx_hal_spi.c ****   {
 840              		.loc 1 404 19 is_stmt 0 view .LVU248
 841 0088 6368     		ldr	r3, [r4, #4]
 404:Drivers/STM32H5xx_HAL_Driver/Src/stm32h5xx_hal_spi.c ****   {
 842              		.loc 1 404 6 view .LVU249
 843 008a 13F4800F 		tst	r3, #4194304
 844 008e 2CD0     		beq	.L42
 404:Drivers/STM32H5xx_HAL_Driver/Src/stm32h5xx_hal_spi.c ****   {
 845              		.loc 1 404 78 discriminator 1 view .LVU250
 846 0090 E368     		ldr	r3, [r4, #12]
 404:Drivers/STM32H5xx_HAL_Driver/Src/stm32h5xx_hal_spi.c ****   {
 847              		.loc 1 404 64 discriminator 1 view .LVU251
 848 0092 062B     		cmp	r3, #6
 849 0094 29D9     		bls	.L42
 406:Drivers/STM32H5xx_HAL_Driver/Src/stm32h5xx_hal_spi.c ****   }
 850              		.loc 1 406 5 is_stmt 1 view .LVU252
 851 0096 2168     		ldr	r1, [r4]
 852 0098 0B68     		ldr	r3, [r1]
 853 009a 23F48073 		bic	r3, r3, #256
 854 009e 206D     		ldr	r0, [r4, #80]
 855 00a0 0343     		orrs	r3, r3, r0
 856 00a2 0B60     		str	r3, [r1]
 857 00a4 26E0     		b	.L43
 858              	.LVL31:
 859              	.L32:
 304:Drivers/STM32H5xx_HAL_Driver/Src/stm32h5xx_hal_spi.c ****   {
 860              		.loc 1 304 63 is_stmt 0 discriminator 3 view .LVU253
 861 00a6 E368     		ldr	r3, [r4, #12]
 304:Drivers/STM32H5xx_HAL_Driver/Src/stm32h5xx_hal_spi.c ****   {
 862              		.loc 1 304 49 discriminator 3 view .LVU254
 863 00a8 0F2B     		cmp	r3, #15
 864 00aa B8D9     		bls	.L33
 306:Drivers/STM32H5xx_HAL_Driver/Src/stm32h5xx_hal_spi.c ****   }
 865              		.loc 1 306 12 view .LVU255
 866 00ac 0120     		movs	r0, #1
 867              	.LVL32:
 306:Drivers/STM32H5xx_HAL_Driver/Src/stm32h5xx_hal_spi.c ****   }
 868              		.loc 1 306 12 view .LVU256
 869 00ae 5EE0     		b	.L31
ARM GAS  /tmp/cc3pUyOJ.s 			page 88


 870              	.LVL33:
 871              	.L34:
 311:Drivers/STM32H5xx_HAL_Driver/Src/stm32h5xx_hal_spi.c ****       ((IS_SPI_FULL_INSTANCE(hspi->Instance)) && (packet_length > SPI_HIGHEND_FIFO_SIZE)))
 872              		.loc 1 311 50 discriminator 3 view .LVU257
 873 00b0 0828     		cmp	r0, #8
 874 00b2 BED9     		bls	.L35
 314:Drivers/STM32H5xx_HAL_Driver/Src/stm32h5xx_hal_spi.c ****   }
 875              		.loc 1 314 12 view .LVU258
 876 00b4 0120     		movs	r0, #1
 877              	.LVL34:
 314:Drivers/STM32H5xx_HAL_Driver/Src/stm32h5xx_hal_spi.c ****   }
 878              		.loc 1 314 12 view .LVU259
 879 00b6 5AE0     		b	.L31
 880              	.LVL35:
 881              	.L53:
 353:Drivers/STM32H5xx_HAL_Driver/Src/stm32h5xx_hal_spi.c **** 
 882              		.loc 1 353 5 is_stmt 1 view .LVU260
 353:Drivers/STM32H5xx_HAL_Driver/Src/stm32h5xx_hal_spi.c **** 
 883              		.loc 1 353 16 is_stmt 0 view .LVU261
 884 00b8 84F88830 		strb	r3, [r4, #136]
 376:Drivers/STM32H5xx_HAL_Driver/Src/stm32h5xx_hal_spi.c **** #endif /* USE_HAL_SPI_REGISTER_CALLBACKS */
 885              		.loc 1 376 5 is_stmt 1 view .LVU262
 886 00bc 2046     		mov	r0, r4
 887              	.LVL36:
 376:Drivers/STM32H5xx_HAL_Driver/Src/stm32h5xx_hal_spi.c **** #endif /* USE_HAL_SPI_REGISTER_CALLBACKS */
 888              		.loc 1 376 5 is_stmt 0 view .LVU263
 889 00be FFF7FEFF 		bl	HAL_SPI_MspInit
 890              	.LVL37:
 891 00c2 D1E7     		b	.L38
 892              	.LVL38:
 893              	.L54:
 395:Drivers/STM32H5xx_HAL_Driver/Src/stm32h5xx_hal_spi.c ****                                             (hspi->Init.NSSPolarity == SPI_NSS_POLARITY_LOW)) || \
 894              		.loc 1 395 56 discriminator 1 view .LVU264
 895 00c4 6168     		ldr	r1, [r4, #4]
 395:Drivers/STM32H5xx_HAL_Driver/Src/stm32h5xx_hal_spi.c ****                                             (hspi->Init.NSSPolarity == SPI_NSS_POLARITY_LOW)) || \
 896              		.loc 1 395 40 discriminator 1 view .LVU265
 897 00c6 B1F5800F 		cmp	r1, #4194304
 898 00ca 06D0     		beq	.L55
 899              	.L40:
 396:Drivers/STM32H5xx_HAL_Driver/Src/stm32h5xx_hal_spi.c ****                                            ((hspi->Init.Mode == SPI_MODE_SLAVE) && \
 900              		.loc 1 396 95 view .LVU266
 901 00cc 0029     		cmp	r1, #0
 902 00ce DBD1     		bne	.L39
 398:Drivers/STM32H5xx_HAL_Driver/Src/stm32h5xx_hal_spi.c ****   {
 903              		.loc 1 398 56 view .LVU267
 904 00d0 A16B     		ldr	r1, [r4, #56]
 397:Drivers/STM32H5xx_HAL_Driver/Src/stm32h5xx_hal_spi.c ****                                             (hspi->Init.NSSPolarity == SPI_NSS_POLARITY_HIGH))))
 905              		.loc 1 397 81 view .LVU268
 906 00d2 B1F1805F 		cmp	r1, #268435456
 907 00d6 D7D1     		bne	.L39
 908 00d8 02E0     		b	.L41
 909              	.L55:
 396:Drivers/STM32H5xx_HAL_Driver/Src/stm32h5xx_hal_spi.c ****                                            ((hspi->Init.Mode == SPI_MODE_SLAVE) && \
 910              		.loc 1 396 56 view .LVU269
 911 00da A06B     		ldr	r0, [r4, #56]
 395:Drivers/STM32H5xx_HAL_Driver/Src/stm32h5xx_hal_spi.c ****                                             (hspi->Init.NSSPolarity == SPI_NSS_POLARITY_LOW)) || \
 912              		.loc 1 395 82 discriminator 2 view .LVU270
ARM GAS  /tmp/cc3pUyOJ.s 			page 89


 913 00dc 0028     		cmp	r0, #0
 914 00de F5D1     		bne	.L40
 915              	.L41:
 400:Drivers/STM32H5xx_HAL_Driver/Src/stm32h5xx_hal_spi.c ****   }
 916              		.loc 1 400 5 is_stmt 1 view .LVU271
 917 00e0 1968     		ldr	r1, [r3]
 918 00e2 41F48051 		orr	r1, r1, #4096
 919 00e6 1960     		str	r1, [r3]
 920 00e8 CEE7     		b	.L39
 921              	.L42:
 410:Drivers/STM32H5xx_HAL_Driver/Src/stm32h5xx_hal_spi.c ****   }
 922              		.loc 1 410 5 view .LVU272
 923 00ea 2168     		ldr	r1, [r4]
 924 00ec 0B68     		ldr	r3, [r1]
 925 00ee 23F48073 		bic	r3, r3, #256
 926 00f2 0B60     		str	r3, [r1]
 927              	.L43:
 414:Drivers/STM32H5xx_HAL_Driver/Src/stm32h5xx_hal_spi.c ****                                    hspi->Init.FifoThreshold     | hspi->Init.DataSize));
 928              		.loc 1 414 3 view .LVU273
 929 00f4 E369     		ldr	r3, [r4, #28]
 930 00f6 A16A     		ldr	r1, [r4, #40]
 931 00f8 0B43     		orrs	r3, r3, r1
 932 00fa 1343     		orrs	r3, r3, r2
 933 00fc E26B     		ldr	r2, [r4, #60]
 934              	.LVL39:
 414:Drivers/STM32H5xx_HAL_Driver/Src/stm32h5xx_hal_spi.c ****                                    hspi->Init.FifoThreshold     | hspi->Init.DataSize));
 935              		.loc 1 414 3 is_stmt 0 view .LVU274
 936 00fe 1343     		orrs	r3, r3, r2
 937 0100 E168     		ldr	r1, [r4, #12]
 938 0102 2268     		ldr	r2, [r4]
 939 0104 0B43     		orrs	r3, r3, r1
 940 0106 9360     		str	r3, [r2, #8]
 418:Drivers/STM32H5xx_HAL_Driver/Src/stm32h5xx_hal_spi.c ****                                    hspi->Init.NSSPolarity             | hspi->Init.NSS       |
 941              		.loc 1 418 3 is_stmt 1 view .LVU275
 942 0108 636B     		ldr	r3, [r4, #52]
 943 010a 626A     		ldr	r2, [r4, #36]
 944 010c 1343     		orrs	r3, r3, r2
 945 010e A26B     		ldr	r2, [r4, #56]
 946 0110 1343     		orrs	r3, r3, r2
 947 0112 A269     		ldr	r2, [r4, #24]
 948 0114 1343     		orrs	r3, r3, r2
 949 0116 2269     		ldr	r2, [r4, #16]
 950 0118 1343     		orrs	r3, r3, r2
 951 011a 6269     		ldr	r2, [r4, #20]
 952 011c 1343     		orrs	r3, r3, r2
 953 011e 226A     		ldr	r2, [r4, #32]
 954 0120 1343     		orrs	r3, r3, r2
 955 0122 6268     		ldr	r2, [r4, #4]
 956 0124 1343     		orrs	r3, r3, r2
 957 0126 E26C     		ldr	r2, [r4, #76]
 958 0128 1343     		orrs	r3, r3, r2
 959 012a A268     		ldr	r2, [r4, #8]
 960 012c 1343     		orrs	r3, r3, r2
 961 012e A26C     		ldr	r2, [r4, #72]
 962 0130 1343     		orrs	r3, r3, r2
 963 0132 A26D     		ldr	r2, [r4, #88]
 964 0134 1343     		orrs	r3, r3, r2
ARM GAS  /tmp/cc3pUyOJ.s 			page 90


 965 0136 E26D     		ldr	r2, [r4, #92]
 966 0138 1343     		orrs	r3, r3, r2
 967 013a 216E     		ldr	r1, [r4, #96]
 968 013c 2268     		ldr	r2, [r4]
 969 013e 0B43     		orrs	r3, r3, r1
 970 0140 D360     		str	r3, [r2, #12]
 474:Drivers/STM32H5xx_HAL_Driver/Src/stm32h5xx_hal_spi.c ****   {
 971              		.loc 1 474 3 view .LVU276
 479:Drivers/STM32H5xx_HAL_Driver/Src/stm32h5xx_hal_spi.c **** 
 972              		.loc 1 479 3 view .LVU277
 483:Drivers/STM32H5xx_HAL_Driver/Src/stm32h5xx_hal_spi.c **** #endif /* SPI_I2SCFGR_I2SMOD */
 973              		.loc 1 483 3 view .LVU278
 974 0142 2268     		ldr	r2, [r4]
 975 0144 136D     		ldr	r3, [r2, #80]
 976 0146 23F00103 		bic	r3, r3, #1
 977 014a 1365     		str	r3, [r2, #80]
 487:Drivers/STM32H5xx_HAL_Driver/Src/stm32h5xx_hal_spi.c ****   {
 978              		.loc 1 487 3 view .LVU279
 487:Drivers/STM32H5xx_HAL_Driver/Src/stm32h5xx_hal_spi.c ****   {
 979              		.loc 1 487 18 is_stmt 0 view .LVU280
 980 014c 6368     		ldr	r3, [r4, #4]
 487:Drivers/STM32H5xx_HAL_Driver/Src/stm32h5xx_hal_spi.c ****   {
 981              		.loc 1 487 6 view .LVU281
 982 014e 13F4800F 		tst	r3, #4194304
 983 0152 06D0     		beq	.L44
 490:Drivers/STM32H5xx_HAL_Driver/Src/stm32h5xx_hal_spi.c ****   }
 984              		.loc 1 490 5 is_stmt 1 view .LVU282
 985 0154 2268     		ldr	r2, [r4]
 986 0156 D368     		ldr	r3, [r2, #12]
 987 0158 23F00043 		bic	r3, r3, #-2147483648
 988 015c 616D     		ldr	r1, [r4, #84]
 989 015e 0B43     		orrs	r3, r3, r1
 990 0160 D360     		str	r3, [r2, #12]
 991              	.L44:
 493:Drivers/STM32H5xx_HAL_Driver/Src/stm32h5xx_hal_spi.c ****   hspi->State     = HAL_SPI_STATE_READY;
 992              		.loc 1 493 3 view .LVU283
 493:Drivers/STM32H5xx_HAL_Driver/Src/stm32h5xx_hal_spi.c ****   hspi->State     = HAL_SPI_STATE_READY;
 993              		.loc 1 493 19 is_stmt 0 view .LVU284
 994 0162 0020     		movs	r0, #0
 995 0164 C4F88C00 		str	r0, [r4, #140]
 494:Drivers/STM32H5xx_HAL_Driver/Src/stm32h5xx_hal_spi.c **** 
 996              		.loc 1 494 3 is_stmt 1 view .LVU285
 494:Drivers/STM32H5xx_HAL_Driver/Src/stm32h5xx_hal_spi.c **** 
 997              		.loc 1 494 19 is_stmt 0 view .LVU286
 998 0168 0123     		movs	r3, #1
 999 016a 84F88930 		strb	r3, [r4, #137]
 496:Drivers/STM32H5xx_HAL_Driver/Src/stm32h5xx_hal_spi.c **** }
 1000              		.loc 1 496 3 is_stmt 1 view .LVU287
 1001              	.LVL40:
 1002              	.L31:
 497:Drivers/STM32H5xx_HAL_Driver/Src/stm32h5xx_hal_spi.c **** 
 1003              		.loc 1 497 1 is_stmt 0 view .LVU288
 1004 016e 38BD     		pop	{r3, r4, r5, pc}
 1005              	.LVL41:
 1006              	.L45:
 1007              	.LCFI2:
 1008              		.cfi_def_cfa_offset 0
ARM GAS  /tmp/cc3pUyOJ.s 			page 91


 1009              		.cfi_restore 3
 1010              		.cfi_restore 4
 1011              		.cfi_restore 5
 1012              		.cfi_restore 14
 252:Drivers/STM32H5xx_HAL_Driver/Src/stm32h5xx_hal_spi.c ****   }
 1013              		.loc 1 252 12 view .LVU289
 1014 0170 0120     		movs	r0, #1
 1015              	.LVL42:
 497:Drivers/STM32H5xx_HAL_Driver/Src/stm32h5xx_hal_spi.c **** 
 1016              		.loc 1 497 1 view .LVU290
 1017 0172 7047     		bx	lr
 1018              	.LVL43:
 1019              	.L48:
 1020              	.LCFI3:
 1021              		.cfi_def_cfa_offset 16
 1022              		.cfi_offset 3, -16
 1023              		.cfi_offset 4, -12
 1024              		.cfi_offset 5, -8
 1025              		.cfi_offset 14, -4
 314:Drivers/STM32H5xx_HAL_Driver/Src/stm32h5xx_hal_spi.c ****   }
 1026              		.loc 1 314 12 view .LVU291
 1027 0174 0120     		movs	r0, #1
 1028              	.LVL44:
 314:Drivers/STM32H5xx_HAL_Driver/Src/stm32h5xx_hal_spi.c ****   }
 1029              		.loc 1 314 12 view .LVU292
 1030 0176 FAE7     		b	.L31
 1031              	.L57:
 1032              		.align	2
 1033              	.L56:
 1034 0178 004C0140 		.word	1073826816
 1035 017c 00300140 		.word	1073819648
 1036 0180 00380040 		.word	1073756160
 1037 0184 003C0040 		.word	1073757184
 1038              		.cfi_endproc
 1039              	.LFE157:
 1041              		.section	.text.HAL_SPI_MspDeInit,"ax",%progbits
 1042              		.align	1
 1043              		.weak	HAL_SPI_MspDeInit
 1044              		.syntax unified
 1045              		.thumb
 1046              		.thumb_func
 1048              	HAL_SPI_MspDeInit:
 1049              	.LVL45:
 1050              	.LFB160:
 566:Drivers/STM32H5xx_HAL_Driver/Src/stm32h5xx_hal_spi.c ****   /* Prevent unused argument(s) compilation warning */
 1051              		.loc 1 566 1 is_stmt 1 view -0
 1052              		.cfi_startproc
 1053              		@ args = 0, pretend = 0, frame = 0
 1054              		@ frame_needed = 0, uses_anonymous_args = 0
 1055              		@ link register save eliminated.
 568:Drivers/STM32H5xx_HAL_Driver/Src/stm32h5xx_hal_spi.c **** 
 1056              		.loc 1 568 3 view .LVU294
 573:Drivers/STM32H5xx_HAL_Driver/Src/stm32h5xx_hal_spi.c **** 
 1057              		.loc 1 573 1 is_stmt 0 view .LVU295
 1058 0000 7047     		bx	lr
 1059              		.cfi_endproc
 1060              	.LFE160:
ARM GAS  /tmp/cc3pUyOJ.s 			page 92


 1062              		.section	.text.HAL_SPI_DeInit,"ax",%progbits
 1063              		.align	1
 1064              		.global	HAL_SPI_DeInit
 1065              		.syntax unified
 1066              		.thumb
 1067              		.thumb_func
 1069              	HAL_SPI_DeInit:
 1070              	.LVL46:
 1071              	.LFB158:
 506:Drivers/STM32H5xx_HAL_Driver/Src/stm32h5xx_hal_spi.c ****   /* Check the SPI handle allocation */
 1072              		.loc 1 506 1 is_stmt 1 view -0
 1073              		.cfi_startproc
 1074              		@ args = 0, pretend = 0, frame = 0
 1075              		@ frame_needed = 0, uses_anonymous_args = 0
 508:Drivers/STM32H5xx_HAL_Driver/Src/stm32h5xx_hal_spi.c ****   {
 1076              		.loc 1 508 3 view .LVU297
 508:Drivers/STM32H5xx_HAL_Driver/Src/stm32h5xx_hal_spi.c ****   {
 1077              		.loc 1 508 6 is_stmt 0 view .LVU298
 1078 0000 98B1     		cbz	r0, .L61
 506:Drivers/STM32H5xx_HAL_Driver/Src/stm32h5xx_hal_spi.c ****   /* Check the SPI handle allocation */
 1079              		.loc 1 506 1 view .LVU299
 1080 0002 10B5     		push	{r4, lr}
 1081              	.LCFI4:
 1082              		.cfi_def_cfa_offset 8
 1083              		.cfi_offset 4, -8
 1084              		.cfi_offset 14, -4
 1085 0004 0446     		mov	r4, r0
 514:Drivers/STM32H5xx_HAL_Driver/Src/stm32h5xx_hal_spi.c **** 
 1086              		.loc 1 514 3 is_stmt 1 view .LVU300
 516:Drivers/STM32H5xx_HAL_Driver/Src/stm32h5xx_hal_spi.c **** 
 1087              		.loc 1 516 3 view .LVU301
 516:Drivers/STM32H5xx_HAL_Driver/Src/stm32h5xx_hal_spi.c **** 
 1088              		.loc 1 516 15 is_stmt 0 view .LVU302
 1089 0006 0223     		movs	r3, #2
 1090 0008 80F88930 		strb	r3, [r0, #137]
 519:Drivers/STM32H5xx_HAL_Driver/Src/stm32h5xx_hal_spi.c **** 
 1091              		.loc 1 519 3 is_stmt 1 view .LVU303
 1092 000c 0268     		ldr	r2, [r0]
 1093 000e 1368     		ldr	r3, [r2]
 1094 0010 23F00103 		bic	r3, r3, #1
 1095 0014 1360     		str	r3, [r2]
 531:Drivers/STM32H5xx_HAL_Driver/Src/stm32h5xx_hal_spi.c **** #endif /* USE_HAL_SPI_REGISTER_CALLBACKS */
 1096              		.loc 1 531 3 view .LVU304
 1097 0016 FFF7FEFF 		bl	HAL_SPI_MspDeInit
 1098              	.LVL47:
 534:Drivers/STM32H5xx_HAL_Driver/Src/stm32h5xx_hal_spi.c ****   hspi->State = HAL_SPI_STATE_RESET;
 1099              		.loc 1 534 3 view .LVU305
 534:Drivers/STM32H5xx_HAL_Driver/Src/stm32h5xx_hal_spi.c ****   hspi->State = HAL_SPI_STATE_RESET;
 1100              		.loc 1 534 19 is_stmt 0 view .LVU306
 1101 001a 0020     		movs	r0, #0
 1102 001c C4F88C00 		str	r0, [r4, #140]
 535:Drivers/STM32H5xx_HAL_Driver/Src/stm32h5xx_hal_spi.c **** 
 1103              		.loc 1 535 3 is_stmt 1 view .LVU307
 535:Drivers/STM32H5xx_HAL_Driver/Src/stm32h5xx_hal_spi.c **** 
 1104              		.loc 1 535 15 is_stmt 0 view .LVU308
 1105 0020 84F88900 		strb	r0, [r4, #137]
 538:Drivers/STM32H5xx_HAL_Driver/Src/stm32h5xx_hal_spi.c **** 
ARM GAS  /tmp/cc3pUyOJ.s 			page 93


 1106              		.loc 1 538 3 is_stmt 1 view .LVU309
 538:Drivers/STM32H5xx_HAL_Driver/Src/stm32h5xx_hal_spi.c **** 
 1107              		.loc 1 538 3 view .LVU310
 1108 0024 84F88800 		strb	r0, [r4, #136]
 538:Drivers/STM32H5xx_HAL_Driver/Src/stm32h5xx_hal_spi.c **** 
 1109              		.loc 1 538 3 view .LVU311
 540:Drivers/STM32H5xx_HAL_Driver/Src/stm32h5xx_hal_spi.c **** }
 1110              		.loc 1 540 3 view .LVU312
 541:Drivers/STM32H5xx_HAL_Driver/Src/stm32h5xx_hal_spi.c **** 
 1111              		.loc 1 541 1 is_stmt 0 view .LVU313
 1112 0028 10BD     		pop	{r4, pc}
 1113              	.LVL48:
 1114              	.L61:
 1115              	.LCFI5:
 1116              		.cfi_def_cfa_offset 0
 1117              		.cfi_restore 4
 1118              		.cfi_restore 14
 510:Drivers/STM32H5xx_HAL_Driver/Src/stm32h5xx_hal_spi.c ****   }
 1119              		.loc 1 510 12 view .LVU314
 1120 002a 0120     		movs	r0, #1
 1121              	.LVL49:
 541:Drivers/STM32H5xx_HAL_Driver/Src/stm32h5xx_hal_spi.c **** 
 1122              		.loc 1 541 1 view .LVU315
 1123 002c 7047     		bx	lr
 1124              		.cfi_endproc
 1125              	.LFE158:
 1127              		.section	.text.HAL_SPI_Transmit,"ax",%progbits
 1128              		.align	1
 1129              		.global	HAL_SPI_Transmit
 1130              		.syntax unified
 1131              		.thumb
 1132              		.thumb_func
 1134              	HAL_SPI_Transmit:
 1135              	.LVL50:
 1136              	.LFB161:
 841:Drivers/STM32H5xx_HAL_Driver/Src/stm32h5xx_hal_spi.c **** #if defined (__GNUC__)
 1137              		.loc 1 841 1 is_stmt 1 view -0
 1138              		.cfi_startproc
 1139              		@ args = 0, pretend = 0, frame = 0
 1140              		@ frame_needed = 0, uses_anonymous_args = 0
 841:Drivers/STM32H5xx_HAL_Driver/Src/stm32h5xx_hal_spi.c **** #if defined (__GNUC__)
 1141              		.loc 1 841 1 is_stmt 0 view .LVU317
 1142 0000 2DE9F047 		push	{r4, r5, r6, r7, r8, r9, r10, lr}
 1143              	.LCFI6:
 1144              		.cfi_def_cfa_offset 32
 1145              		.cfi_offset 4, -32
 1146              		.cfi_offset 5, -28
 1147              		.cfi_offset 6, -24
 1148              		.cfi_offset 7, -20
 1149              		.cfi_offset 8, -16
 1150              		.cfi_offset 9, -12
 1151              		.cfi_offset 10, -8
 1152              		.cfi_offset 14, -4
 1153 0004 82B0     		sub	sp, sp, #8
 1154              	.LCFI7:
 1155              		.cfi_def_cfa_offset 40
 1156 0006 0446     		mov	r4, r0
ARM GAS  /tmp/cc3pUyOJ.s 			page 94


 1157 0008 8A46     		mov	r10, r1
 1158 000a 9146     		mov	r9, r2
 1159 000c 1D46     		mov	r5, r3
 843:Drivers/STM32H5xx_HAL_Driver/Src/stm32h5xx_hal_spi.c **** #endif /* __GNUC__ */
 1160              		.loc 1 843 3 is_stmt 1 view .LVU318
 843:Drivers/STM32H5xx_HAL_Driver/Src/stm32h5xx_hal_spi.c **** #endif /* __GNUC__ */
 1161              		.loc 1 843 57 is_stmt 0 view .LVU319
 1162 000e D0F80080 		ldr	r8, [r0]
 1163              	.LVL51:
 846:Drivers/STM32H5xx_HAL_Driver/Src/stm32h5xx_hal_spi.c **** 
 1164              		.loc 1 846 3 is_stmt 1 view .LVU320
 849:Drivers/STM32H5xx_HAL_Driver/Src/stm32h5xx_hal_spi.c **** 
 1165              		.loc 1 849 3 view .LVU321
 852:Drivers/STM32H5xx_HAL_Driver/Src/stm32h5xx_hal_spi.c ****   {
 1166              		.loc 1 852 3 view .LVU322
 854:Drivers/STM32H5xx_HAL_Driver/Src/stm32h5xx_hal_spi.c ****   }
 1167              		.loc 1 854 5 view .LVU323
 858:Drivers/STM32H5xx_HAL_Driver/Src/stm32h5xx_hal_spi.c ****   }
 1168              		.loc 1 858 5 view .LVU324
 862:Drivers/STM32H5xx_HAL_Driver/Src/stm32h5xx_hal_spi.c **** 
 1169              		.loc 1 862 3 view .LVU325
 862:Drivers/STM32H5xx_HAL_Driver/Src/stm32h5xx_hal_spi.c **** 
 1170              		.loc 1 862 15 is_stmt 0 view .LVU326
 1171 0012 FFF7FEFF 		bl	HAL_GetTick
 1172              	.LVL52:
 864:Drivers/STM32H5xx_HAL_Driver/Src/stm32h5xx_hal_spi.c ****   {
 1173              		.loc 1 864 3 is_stmt 1 view .LVU327
 864:Drivers/STM32H5xx_HAL_Driver/Src/stm32h5xx_hal_spi.c ****   {
 1174              		.loc 1 864 11 is_stmt 0 view .LVU328
 1175 0016 94F88960 		ldrb	r6, [r4, #137]	@ zero_extendqisi2
 1176 001a F6B2     		uxtb	r6, r6
 864:Drivers/STM32H5xx_HAL_Driver/Src/stm32h5xx_hal_spi.c ****   {
 1177              		.loc 1 864 6 view .LVU329
 1178 001c 012E     		cmp	r6, #1
 1179 001e 40F05F81 		bne	.L96
 1180 0022 0746     		mov	r7, r0
 869:Drivers/STM32H5xx_HAL_Driver/Src/stm32h5xx_hal_spi.c ****   {
 1181              		.loc 1 869 3 is_stmt 1 view .LVU330
 869:Drivers/STM32H5xx_HAL_Driver/Src/stm32h5xx_hal_spi.c ****   {
 1182              		.loc 1 869 6 is_stmt 0 view .LVU331
 1183 0024 BAF1000F 		cmp	r10, #0
 1184 0028 00F05B81 		beq	.L67
 869:Drivers/STM32H5xx_HAL_Driver/Src/stm32h5xx_hal_spi.c ****   {
 1185              		.loc 1 869 23 discriminator 1 view .LVU332
 1186 002c B9F1000F 		cmp	r9, #0
 1187 0030 00F05781 		beq	.L67
 875:Drivers/STM32H5xx_HAL_Driver/Src/stm32h5xx_hal_spi.c **** 
 1188              		.loc 1 875 3 is_stmt 1 view .LVU333
 875:Drivers/STM32H5xx_HAL_Driver/Src/stm32h5xx_hal_spi.c **** 
 1189              		.loc 1 875 3 view .LVU334
 1190 0034 94F88830 		ldrb	r3, [r4, #136]	@ zero_extendqisi2
 1191 0038 012B     		cmp	r3, #1
 1192 003a 00F05681 		beq	.L97
 875:Drivers/STM32H5xx_HAL_Driver/Src/stm32h5xx_hal_spi.c **** 
 1193              		.loc 1 875 3 discriminator 2 view .LVU335
 1194 003e 0123     		movs	r3, #1
 1195 0040 84F88830 		strb	r3, [r4, #136]
ARM GAS  /tmp/cc3pUyOJ.s 			page 95


 875:Drivers/STM32H5xx_HAL_Driver/Src/stm32h5xx_hal_spi.c **** 
 1196              		.loc 1 875 3 discriminator 2 view .LVU336
 878:Drivers/STM32H5xx_HAL_Driver/Src/stm32h5xx_hal_spi.c ****   hspi->ErrorCode   = HAL_SPI_ERROR_NONE;
 1197              		.loc 1 878 3 view .LVU337
 878:Drivers/STM32H5xx_HAL_Driver/Src/stm32h5xx_hal_spi.c ****   hspi->ErrorCode   = HAL_SPI_ERROR_NONE;
 1198              		.loc 1 878 21 is_stmt 0 view .LVU338
 1199 0044 0323     		movs	r3, #3
 1200 0046 84F88930 		strb	r3, [r4, #137]
 879:Drivers/STM32H5xx_HAL_Driver/Src/stm32h5xx_hal_spi.c ****   hspi->pTxBuffPtr  = (const uint8_t *)pData;
 1201              		.loc 1 879 3 is_stmt 1 view .LVU339
 879:Drivers/STM32H5xx_HAL_Driver/Src/stm32h5xx_hal_spi.c ****   hspi->pTxBuffPtr  = (const uint8_t *)pData;
 1202              		.loc 1 879 21 is_stmt 0 view .LVU340
 1203 004a 0023     		movs	r3, #0
 1204 004c C4F88C30 		str	r3, [r4, #140]
 880:Drivers/STM32H5xx_HAL_Driver/Src/stm32h5xx_hal_spi.c ****   hspi->TxXferSize  = Size;
 1205              		.loc 1 880 3 is_stmt 1 view .LVU341
 880:Drivers/STM32H5xx_HAL_Driver/Src/stm32h5xx_hal_spi.c ****   hspi->TxXferSize  = Size;
 1206              		.loc 1 880 21 is_stmt 0 view .LVU342
 1207 0050 C4F864A0 		str	r10, [r4, #100]
 881:Drivers/STM32H5xx_HAL_Driver/Src/stm32h5xx_hal_spi.c ****   hspi->TxXferCount = Size;
 1208              		.loc 1 881 3 is_stmt 1 view .LVU343
 881:Drivers/STM32H5xx_HAL_Driver/Src/stm32h5xx_hal_spi.c ****   hspi->TxXferCount = Size;
 1209              		.loc 1 881 21 is_stmt 0 view .LVU344
 1210 0054 A4F86890 		strh	r9, [r4, #104]	@ movhi
 882:Drivers/STM32H5xx_HAL_Driver/Src/stm32h5xx_hal_spi.c **** 
 1211              		.loc 1 882 3 is_stmt 1 view .LVU345
 882:Drivers/STM32H5xx_HAL_Driver/Src/stm32h5xx_hal_spi.c **** 
 1212              		.loc 1 882 21 is_stmt 0 view .LVU346
 1213 0058 A4F86A90 		strh	r9, [r4, #106]	@ movhi
 885:Drivers/STM32H5xx_HAL_Driver/Src/stm32h5xx_hal_spi.c ****   hspi->RxXferSize  = (uint16_t) 0UL;
 1214              		.loc 1 885 3 is_stmt 1 view .LVU347
 885:Drivers/STM32H5xx_HAL_Driver/Src/stm32h5xx_hal_spi.c ****   hspi->RxXferSize  = (uint16_t) 0UL;
 1215              		.loc 1 885 21 is_stmt 0 view .LVU348
 1216 005c E366     		str	r3, [r4, #108]
 886:Drivers/STM32H5xx_HAL_Driver/Src/stm32h5xx_hal_spi.c ****   hspi->RxXferCount = (uint16_t) 0UL;
 1217              		.loc 1 886 3 is_stmt 1 view .LVU349
 886:Drivers/STM32H5xx_HAL_Driver/Src/stm32h5xx_hal_spi.c ****   hspi->RxXferCount = (uint16_t) 0UL;
 1218              		.loc 1 886 21 is_stmt 0 view .LVU350
 1219 005e A4F87030 		strh	r3, [r4, #112]	@ movhi
 887:Drivers/STM32H5xx_HAL_Driver/Src/stm32h5xx_hal_spi.c ****   hspi->TxISR       = NULL;
 1220              		.loc 1 887 3 is_stmt 1 view .LVU351
 887:Drivers/STM32H5xx_HAL_Driver/Src/stm32h5xx_hal_spi.c ****   hspi->TxISR       = NULL;
 1221              		.loc 1 887 21 is_stmt 0 view .LVU352
 1222 0062 A4F87230 		strh	r3, [r4, #114]	@ movhi
 888:Drivers/STM32H5xx_HAL_Driver/Src/stm32h5xx_hal_spi.c ****   hspi->RxISR       = NULL;
 1223              		.loc 1 888 3 is_stmt 1 view .LVU353
 888:Drivers/STM32H5xx_HAL_Driver/Src/stm32h5xx_hal_spi.c ****   hspi->RxISR       = NULL;
 1224              		.loc 1 888 21 is_stmt 0 view .LVU354
 1225 0066 E367     		str	r3, [r4, #124]
 889:Drivers/STM32H5xx_HAL_Driver/Src/stm32h5xx_hal_spi.c **** 
 1226              		.loc 1 889 3 is_stmt 1 view .LVU355
 889:Drivers/STM32H5xx_HAL_Driver/Src/stm32h5xx_hal_spi.c **** 
 1227              		.loc 1 889 21 is_stmt 0 view .LVU356
 1228 0068 A367     		str	r3, [r4, #120]
 892:Drivers/STM32H5xx_HAL_Driver/Src/stm32h5xx_hal_spi.c ****   {
 1229              		.loc 1 892 3 is_stmt 1 view .LVU357
 892:Drivers/STM32H5xx_HAL_Driver/Src/stm32h5xx_hal_spi.c ****   {
ARM GAS  /tmp/cc3pUyOJ.s 			page 96


 1230              		.loc 1 892 17 is_stmt 0 view .LVU358
 1231 006a A368     		ldr	r3, [r4, #8]
 892:Drivers/STM32H5xx_HAL_Driver/Src/stm32h5xx_hal_spi.c ****   {
 1232              		.loc 1 892 6 view .LVU359
 1233 006c B3F5C02F 		cmp	r3, #393216
 1234 0070 32D0     		beq	.L100
 898:Drivers/STM32H5xx_HAL_Driver/Src/stm32h5xx_hal_spi.c ****   }
 1235              		.loc 1 898 5 is_stmt 1 view .LVU360
 1236 0072 2268     		ldr	r2, [r4]
 1237 0074 D368     		ldr	r3, [r2, #12]
 1238 0076 23F4C023 		bic	r3, r3, #393216
 1239 007a 43F40033 		orr	r3, r3, #131072
 1240 007e D360     		str	r3, [r2, #12]
 1241              	.L69:
 902:Drivers/STM32H5xx_HAL_Driver/Src/stm32h5xx_hal_spi.c **** 
 1242              		.loc 1 902 3 view .LVU361
 1243 0080 2268     		ldr	r2, [r4]
 1244 0082 5368     		ldr	r3, [r2, #4]
 1245 0084 6FF30F03 		bfc	r3, #0, #16
 1246 0088 49EA0303 		orr	r3, r9, r3
 1247 008c 5360     		str	r3, [r2, #4]
 905:Drivers/STM32H5xx_HAL_Driver/Src/stm32h5xx_hal_spi.c **** 
 1248              		.loc 1 905 3 view .LVU362
 1249 008e 2268     		ldr	r2, [r4]
 1250 0090 1368     		ldr	r3, [r2]
 1251 0092 43F00103 		orr	r3, r3, #1
 1252 0096 1360     		str	r3, [r2]
 907:Drivers/STM32H5xx_HAL_Driver/Src/stm32h5xx_hal_spi.c ****   {
 1253              		.loc 1 907 3 view .LVU363
 907:Drivers/STM32H5xx_HAL_Driver/Src/stm32h5xx_hal_spi.c ****   {
 1254              		.loc 1 907 17 is_stmt 0 view .LVU364
 1255 0098 6368     		ldr	r3, [r4, #4]
 907:Drivers/STM32H5xx_HAL_Driver/Src/stm32h5xx_hal_spi.c ****   {
 1256              		.loc 1 907 6 view .LVU365
 1257 009a B3F5800F 		cmp	r3, #4194304
 1258 009e 21D0     		beq	.L101
 1259              	.L70:
 914:Drivers/STM32H5xx_HAL_Driver/Src/stm32h5xx_hal_spi.c ****   {
 1260              		.loc 1 914 3 is_stmt 1 view .LVU366
 914:Drivers/STM32H5xx_HAL_Driver/Src/stm32h5xx_hal_spi.c ****   {
 1261              		.loc 1 914 18 is_stmt 0 view .LVU367
 1262 00a0 E368     		ldr	r3, [r4, #12]
 914:Drivers/STM32H5xx_HAL_Driver/Src/stm32h5xx_hal_spi.c ****   {
 1263              		.loc 1 914 6 view .LVU368
 1264 00a2 0F2B     		cmp	r3, #15
 1265 00a4 15D9     		bls	.L71
 914:Drivers/STM32H5xx_HAL_Driver/Src/stm32h5xx_hal_spi.c ****   {
 1266              		.loc 1 914 54 discriminator 1 view .LVU369
 1267 00a6 2268     		ldr	r2, [r4]
 914:Drivers/STM32H5xx_HAL_Driver/Src/stm32h5xx_hal_spi.c ****   {
 1268              		.loc 1 914 50 discriminator 1 view .LVU370
 1269 00a8 9149     		ldr	r1, .L102
 1270 00aa 8A42     		cmp	r2, r1
 1271 00ac 29D0     		beq	.L77
 914:Drivers/STM32H5xx_HAL_Driver/Src/stm32h5xx_hal_spi.c ****   {
 1272              		.loc 1 914 54 discriminator 2 view .LVU371
 1273 00ae 01F18051 		add	r1, r1, #268435456
ARM GAS  /tmp/cc3pUyOJ.s 			page 97


 1274 00b2 8A42     		cmp	r2, r1
 1275 00b4 25D0     		beq	.L77
 914:Drivers/STM32H5xx_HAL_Driver/Src/stm32h5xx_hal_spi.c ****   {
 1276              		.loc 1 914 54 discriminator 3 view .LVU372
 1277 00b6 8F49     		ldr	r1, .L102+4
 1278 00b8 8A42     		cmp	r2, r1
 1279 00ba 22D0     		beq	.L77
 914:Drivers/STM32H5xx_HAL_Driver/Src/stm32h5xx_hal_spi.c ****   {
 1280              		.loc 1 914 54 discriminator 4 view .LVU373
 1281 00bc 01F18051 		add	r1, r1, #268435456
 1282 00c0 8A42     		cmp	r2, r1
 1283 00c2 1ED0     		beq	.L77
 914:Drivers/STM32H5xx_HAL_Driver/Src/stm32h5xx_hal_spi.c ****   {
 1284              		.loc 1 914 54 discriminator 5 view .LVU374
 1285 00c4 8C49     		ldr	r1, .L102+8
 1286 00c6 8A42     		cmp	r2, r1
 1287 00c8 1BD0     		beq	.L77
 914:Drivers/STM32H5xx_HAL_Driver/Src/stm32h5xx_hal_spi.c ****   {
 1288              		.loc 1 914 54 discriminator 6 view .LVU375
 1289 00ca 01F18051 		add	r1, r1, #268435456
 1290 00ce 8A42     		cmp	r2, r1
 1291 00d0 17D0     		beq	.L77
 1292              	.L71:
 946:Drivers/STM32H5xx_HAL_Driver/Src/stm32h5xx_hal_spi.c ****   {
 1293              		.loc 1 946 8 is_stmt 1 view .LVU376
 946:Drivers/STM32H5xx_HAL_Driver/Src/stm32h5xx_hal_spi.c ****   {
 1294              		.loc 1 946 11 is_stmt 0 view .LVU377
 1295 00d2 072B     		cmp	r3, #7
 1296 00d4 4DD8     		bhi	.L80
 1297 00d6 ACE0     		b	.L81
 1298              	.L100:
 894:Drivers/STM32H5xx_HAL_Driver/Src/stm32h5xx_hal_spi.c ****   }
 1299              		.loc 1 894 5 is_stmt 1 view .LVU378
 1300 00d8 2268     		ldr	r2, [r4]
 1301 00da 1368     		ldr	r3, [r2]
 1302 00dc 43F40063 		orr	r3, r3, #2048
 1303 00e0 1360     		str	r3, [r2]
 1304 00e2 CDE7     		b	.L69
 1305              	.L101:
 910:Drivers/STM32H5xx_HAL_Driver/Src/stm32h5xx_hal_spi.c ****   }
 1306              		.loc 1 910 5 view .LVU379
 1307 00e4 2268     		ldr	r2, [r4]
 1308 00e6 1368     		ldr	r3, [r2]
 1309 00e8 43F40073 		orr	r3, r3, #512
 1310 00ec 1360     		str	r3, [r2]
 1311 00ee D7E7     		b	.L70
 1312              	.LVL53:
 1313              	.L73:
 929:Drivers/STM32H5xx_HAL_Driver/Src/stm32h5xx_hal_spi.c ****         {
 1314              		.loc 1 929 9 view .LVU380
 929:Drivers/STM32H5xx_HAL_Driver/Src/stm32h5xx_hal_spi.c ****         {
 1315              		.loc 1 929 16 is_stmt 0 view .LVU381
 1316 00f0 FFF7FEFF 		bl	HAL_GetTick
 1317              	.LVL54:
 929:Drivers/STM32H5xx_HAL_Driver/Src/stm32h5xx_hal_spi.c ****         {
 1318              		.loc 1 929 30 discriminator 1 view .LVU382
 1319 00f4 C01B     		subs	r0, r0, r7
ARM GAS  /tmp/cc3pUyOJ.s 			page 98


 929:Drivers/STM32H5xx_HAL_Driver/Src/stm32h5xx_hal_spi.c ****         {
 1320              		.loc 1 929 12 discriminator 1 view .LVU383
 1321 00f6 A842     		cmp	r0, r5
 1322 00f8 02D3     		bcc	.L75
 929:Drivers/STM32H5xx_HAL_Driver/Src/stm32h5xx_hal_spi.c ****         {
 1323              		.loc 1 929 56 discriminator 1 view .LVU384
 1324 00fa B5F1FF3F 		cmp	r5, #-1
 1325 00fe 19D1     		bne	.L76
 1326              	.L75:
 929:Drivers/STM32H5xx_HAL_Driver/Src/stm32h5xx_hal_spi.c ****         {
 1327              		.loc 1 929 87 discriminator 3 view .LVU385
 1328 0100 C5B1     		cbz	r5, .L76
 1329              	.L77:
 917:Drivers/STM32H5xx_HAL_Driver/Src/stm32h5xx_hal_spi.c ****     {
 1330              		.loc 1 917 30 is_stmt 1 view .LVU386
 917:Drivers/STM32H5xx_HAL_Driver/Src/stm32h5xx_hal_spi.c ****     {
 1331              		.loc 1 917 16 is_stmt 0 view .LVU387
 1332 0102 B4F86A30 		ldrh	r3, [r4, #106]
 1333 0106 9BB2     		uxth	r3, r3
 917:Drivers/STM32H5xx_HAL_Driver/Src/stm32h5xx_hal_spi.c ****     {
 1334              		.loc 1 917 30 view .LVU388
 1335 0108 002B     		cmp	r3, #0
 1336 010a 00F0CD80 		beq	.L79
 920:Drivers/STM32H5xx_HAL_Driver/Src/stm32h5xx_hal_spi.c ****       {
 1337              		.loc 1 920 7 is_stmt 1 view .LVU389
 920:Drivers/STM32H5xx_HAL_Driver/Src/stm32h5xx_hal_spi.c ****       {
 1338              		.loc 1 920 11 is_stmt 0 view .LVU390
 1339 010e 2368     		ldr	r3, [r4]
 1340 0110 5A69     		ldr	r2, [r3, #20]
 920:Drivers/STM32H5xx_HAL_Driver/Src/stm32h5xx_hal_spi.c ****       {
 1341              		.loc 1 920 10 view .LVU391
 1342 0112 12F0020F 		tst	r2, #2
 1343 0116 EBD0     		beq	.L73
 922:Drivers/STM32H5xx_HAL_Driver/Src/stm32h5xx_hal_spi.c ****         hspi->pTxBuffPtr += sizeof(uint32_t);
 1344              		.loc 1 922 9 is_stmt 1 view .LVU392
 922:Drivers/STM32H5xx_HAL_Driver/Src/stm32h5xx_hal_spi.c ****         hspi->pTxBuffPtr += sizeof(uint32_t);
 1345              		.loc 1 922 77 is_stmt 0 view .LVU393
 1346 0118 626E     		ldr	r2, [r4, #100]
 922:Drivers/STM32H5xx_HAL_Driver/Src/stm32h5xx_hal_spi.c ****         hspi->pTxBuffPtr += sizeof(uint32_t);
 1347              		.loc 1 922 53 view .LVU394
 1348 011a 1268     		ldr	r2, [r2]
 922:Drivers/STM32H5xx_HAL_Driver/Src/stm32h5xx_hal_spi.c ****         hspi->pTxBuffPtr += sizeof(uint32_t);
 1349              		.loc 1 922 51 view .LVU395
 1350 011c 1A62     		str	r2, [r3, #32]
 923:Drivers/STM32H5xx_HAL_Driver/Src/stm32h5xx_hal_spi.c ****         hspi->TxXferCount--;
 1351              		.loc 1 923 9 is_stmt 1 view .LVU396
 923:Drivers/STM32H5xx_HAL_Driver/Src/stm32h5xx_hal_spi.c ****         hspi->TxXferCount--;
 1352              		.loc 1 923 13 is_stmt 0 view .LVU397
 1353 011e 636E     		ldr	r3, [r4, #100]
 923:Drivers/STM32H5xx_HAL_Driver/Src/stm32h5xx_hal_spi.c ****         hspi->TxXferCount--;
 1354              		.loc 1 923 26 view .LVU398
 1355 0120 0433     		adds	r3, r3, #4
 1356 0122 6366     		str	r3, [r4, #100]
 924:Drivers/STM32H5xx_HAL_Driver/Src/stm32h5xx_hal_spi.c ****       }
 1357              		.loc 1 924 9 is_stmt 1 view .LVU399
 924:Drivers/STM32H5xx_HAL_Driver/Src/stm32h5xx_hal_spi.c ****       }
 1358              		.loc 1 924 13 is_stmt 0 view .LVU400
ARM GAS  /tmp/cc3pUyOJ.s 			page 99


 1359 0124 B4F86A20 		ldrh	r2, [r4, #106]
 1360 0128 92B2     		uxth	r2, r2
 924:Drivers/STM32H5xx_HAL_Driver/Src/stm32h5xx_hal_spi.c ****       }
 1361              		.loc 1 924 26 view .LVU401
 1362 012a 013A     		subs	r2, r2, #1
 1363 012c 92B2     		uxth	r2, r2
 1364 012e A4F86A20 		strh	r2, [r4, #106]	@ movhi
 1365 0132 E6E7     		b	.L77
 1366              	.L76:
 932:Drivers/STM32H5xx_HAL_Driver/Src/stm32h5xx_hal_spi.c **** 
 1367              		.loc 1 932 11 is_stmt 1 view .LVU402
 1368 0134 2046     		mov	r0, r4
 1369 0136 FFF7FEFF 		bl	SPI_CloseTransfer
 1370              	.LVL55:
 934:Drivers/STM32H5xx_HAL_Driver/Src/stm32h5xx_hal_spi.c ****           hspi->State = HAL_SPI_STATE_READY;
 1371              		.loc 1 934 11 view .LVU403
 1372 013a D4F88C30 		ldr	r3, [r4, #140]
 1373 013e 43F48073 		orr	r3, r3, #256
 1374 0142 C4F88C30 		str	r3, [r4, #140]
 935:Drivers/STM32H5xx_HAL_Driver/Src/stm32h5xx_hal_spi.c **** 
 1375              		.loc 1 935 11 view .LVU404
 935:Drivers/STM32H5xx_HAL_Driver/Src/stm32h5xx_hal_spi.c **** 
 1376              		.loc 1 935 23 is_stmt 0 view .LVU405
 1377 0146 0123     		movs	r3, #1
 1378 0148 84F88930 		strb	r3, [r4, #137]
 938:Drivers/STM32H5xx_HAL_Driver/Src/stm32h5xx_hal_spi.c **** 
 1379              		.loc 1 938 11 is_stmt 1 view .LVU406
 938:Drivers/STM32H5xx_HAL_Driver/Src/stm32h5xx_hal_spi.c **** 
 1380              		.loc 1 938 11 view .LVU407
 1381 014c 0023     		movs	r3, #0
 1382 014e 84F88830 		strb	r3, [r4, #136]
 938:Drivers/STM32H5xx_HAL_Driver/Src/stm32h5xx_hal_spi.c **** 
 1383              		.loc 1 938 11 view .LVU408
 940:Drivers/STM32H5xx_HAL_Driver/Src/stm32h5xx_hal_spi.c ****         }
 1384              		.loc 1 940 11 view .LVU409
 940:Drivers/STM32H5xx_HAL_Driver/Src/stm32h5xx_hal_spi.c ****         }
 1385              		.loc 1 940 18 is_stmt 0 view .LVU410
 1386 0152 0326     		movs	r6, #3
 1387 0154 C5E0     		b	.L67
 1388              	.L83:
 963:Drivers/STM32H5xx_HAL_Driver/Src/stm32h5xx_hal_spi.c **** #else
 1389              		.loc 1 963 11 is_stmt 1 view .LVU411
 963:Drivers/STM32H5xx_HAL_Driver/Src/stm32h5xx_hal_spi.c **** #else
 1390              		.loc 1 963 51 is_stmt 0 view .LVU412
 1391 0156 636E     		ldr	r3, [r4, #100]
 963:Drivers/STM32H5xx_HAL_Driver/Src/stm32h5xx_hal_spi.c **** #else
 1392              		.loc 1 963 27 view .LVU413
 1393 0158 1B88     		ldrh	r3, [r3]
 963:Drivers/STM32H5xx_HAL_Driver/Src/stm32h5xx_hal_spi.c **** #else
 1394              		.loc 1 963 25 view .LVU414
 1395 015a A8F82030 		strh	r3, [r8, #32]	@ movhi
 967:Drivers/STM32H5xx_HAL_Driver/Src/stm32h5xx_hal_spi.c ****           hspi->TxXferCount--;
 1396              		.loc 1 967 11 is_stmt 1 view .LVU415
 967:Drivers/STM32H5xx_HAL_Driver/Src/stm32h5xx_hal_spi.c ****           hspi->TxXferCount--;
 1397              		.loc 1 967 15 is_stmt 0 view .LVU416
 1398 015e 636E     		ldr	r3, [r4, #100]
 967:Drivers/STM32H5xx_HAL_Driver/Src/stm32h5xx_hal_spi.c ****           hspi->TxXferCount--;
ARM GAS  /tmp/cc3pUyOJ.s 			page 100


 1399              		.loc 1 967 28 view .LVU417
 1400 0160 0233     		adds	r3, r3, #2
 1401 0162 6366     		str	r3, [r4, #100]
 968:Drivers/STM32H5xx_HAL_Driver/Src/stm32h5xx_hal_spi.c ****         }
 1402              		.loc 1 968 11 is_stmt 1 view .LVU418
 968:Drivers/STM32H5xx_HAL_Driver/Src/stm32h5xx_hal_spi.c ****         }
 1403              		.loc 1 968 15 is_stmt 0 view .LVU419
 1404 0164 B4F86A30 		ldrh	r3, [r4, #106]
 1405 0168 9BB2     		uxth	r3, r3
 968:Drivers/STM32H5xx_HAL_Driver/Src/stm32h5xx_hal_spi.c ****         }
 1406              		.loc 1 968 28 view .LVU420
 1407 016a 013B     		subs	r3, r3, #1
 1408 016c 9BB2     		uxth	r3, r3
 1409 016e A4F86A30 		strh	r3, [r4, #106]	@ movhi
 1410              	.L80:
 949:Drivers/STM32H5xx_HAL_Driver/Src/stm32h5xx_hal_spi.c ****     {
 1411              		.loc 1 949 30 is_stmt 1 view .LVU421
 949:Drivers/STM32H5xx_HAL_Driver/Src/stm32h5xx_hal_spi.c ****     {
 1412              		.loc 1 949 16 is_stmt 0 view .LVU422
 1413 0172 B4F86A30 		ldrh	r3, [r4, #106]
 1414 0176 9BB2     		uxth	r3, r3
 949:Drivers/STM32H5xx_HAL_Driver/Src/stm32h5xx_hal_spi.c ****     {
 1415              		.loc 1 949 30 view .LVU423
 1416 0178 002B     		cmp	r3, #0
 1417 017a 00F09580 		beq	.L79
 952:Drivers/STM32H5xx_HAL_Driver/Src/stm32h5xx_hal_spi.c ****       {
 1418              		.loc 1 952 7 is_stmt 1 view .LVU424
 952:Drivers/STM32H5xx_HAL_Driver/Src/stm32h5xx_hal_spi.c ****       {
 1419              		.loc 1 952 11 is_stmt 0 view .LVU425
 1420 017e 2268     		ldr	r2, [r4]
 1421 0180 5369     		ldr	r3, [r2, #20]
 952:Drivers/STM32H5xx_HAL_Driver/Src/stm32h5xx_hal_spi.c ****       {
 1422              		.loc 1 952 10 view .LVU426
 1423 0182 13F0020F 		tst	r3, #2
 1424 0186 15D0     		beq	.L82
 954:Drivers/STM32H5xx_HAL_Driver/Src/stm32h5xx_hal_spi.c ****         {
 1425              		.loc 1 954 9 is_stmt 1 view .LVU427
 954:Drivers/STM32H5xx_HAL_Driver/Src/stm32h5xx_hal_spi.c ****         {
 1426              		.loc 1 954 18 is_stmt 0 view .LVU428
 1427 0188 B4F86A30 		ldrh	r3, [r4, #106]
 1428 018c 9BB2     		uxth	r3, r3
 954:Drivers/STM32H5xx_HAL_Driver/Src/stm32h5xx_hal_spi.c ****         {
 1429              		.loc 1 954 12 view .LVU429
 1430 018e 012B     		cmp	r3, #1
 1431 0190 E1D9     		bls	.L83
 954:Drivers/STM32H5xx_HAL_Driver/Src/stm32h5xx_hal_spi.c ****         {
 1432              		.loc 1 954 53 discriminator 1 view .LVU430
 1433 0192 E36B     		ldr	r3, [r4, #60]
 954:Drivers/STM32H5xx_HAL_Driver/Src/stm32h5xx_hal_spi.c ****         {
 1434              		.loc 1 954 39 discriminator 1 view .LVU431
 1435 0194 002B     		cmp	r3, #0
 1436 0196 DED0     		beq	.L83
 956:Drivers/STM32H5xx_HAL_Driver/Src/stm32h5xx_hal_spi.c ****           hspi->pTxBuffPtr += sizeof(uint32_t);
 1437              		.loc 1 956 11 is_stmt 1 view .LVU432
 956:Drivers/STM32H5xx_HAL_Driver/Src/stm32h5xx_hal_spi.c ****           hspi->pTxBuffPtr += sizeof(uint32_t);
 1438              		.loc 1 956 79 is_stmt 0 view .LVU433
 1439 0198 636E     		ldr	r3, [r4, #100]
ARM GAS  /tmp/cc3pUyOJ.s 			page 101


 956:Drivers/STM32H5xx_HAL_Driver/Src/stm32h5xx_hal_spi.c ****           hspi->pTxBuffPtr += sizeof(uint32_t);
 1440              		.loc 1 956 55 view .LVU434
 1441 019a 1B68     		ldr	r3, [r3]
 956:Drivers/STM32H5xx_HAL_Driver/Src/stm32h5xx_hal_spi.c ****           hspi->pTxBuffPtr += sizeof(uint32_t);
 1442              		.loc 1 956 53 view .LVU435
 1443 019c 1362     		str	r3, [r2, #32]
 957:Drivers/STM32H5xx_HAL_Driver/Src/stm32h5xx_hal_spi.c ****           hspi->TxXferCount -= (uint16_t)2UL;
 1444              		.loc 1 957 11 is_stmt 1 view .LVU436
 957:Drivers/STM32H5xx_HAL_Driver/Src/stm32h5xx_hal_spi.c ****           hspi->TxXferCount -= (uint16_t)2UL;
 1445              		.loc 1 957 15 is_stmt 0 view .LVU437
 1446 019e 636E     		ldr	r3, [r4, #100]
 957:Drivers/STM32H5xx_HAL_Driver/Src/stm32h5xx_hal_spi.c ****           hspi->TxXferCount -= (uint16_t)2UL;
 1447              		.loc 1 957 28 view .LVU438
 1448 01a0 0433     		adds	r3, r3, #4
 1449 01a2 6366     		str	r3, [r4, #100]
 958:Drivers/STM32H5xx_HAL_Driver/Src/stm32h5xx_hal_spi.c ****         }
 1450              		.loc 1 958 11 is_stmt 1 view .LVU439
 958:Drivers/STM32H5xx_HAL_Driver/Src/stm32h5xx_hal_spi.c ****         }
 1451              		.loc 1 958 15 is_stmt 0 view .LVU440
 1452 01a4 B4F86A30 		ldrh	r3, [r4, #106]
 1453 01a8 9BB2     		uxth	r3, r3
 958:Drivers/STM32H5xx_HAL_Driver/Src/stm32h5xx_hal_spi.c ****         }
 1454              		.loc 1 958 29 view .LVU441
 1455 01aa 023B     		subs	r3, r3, #2
 1456 01ac 9BB2     		uxth	r3, r3
 1457 01ae A4F86A30 		strh	r3, [r4, #106]	@ movhi
 1458 01b2 DEE7     		b	.L80
 1459              	.L82:
 974:Drivers/STM32H5xx_HAL_Driver/Src/stm32h5xx_hal_spi.c ****         {
 1460              		.loc 1 974 9 is_stmt 1 view .LVU442
 974:Drivers/STM32H5xx_HAL_Driver/Src/stm32h5xx_hal_spi.c ****         {
 1461              		.loc 1 974 16 is_stmt 0 view .LVU443
 1462 01b4 FFF7FEFF 		bl	HAL_GetTick
 1463              	.LVL56:
 974:Drivers/STM32H5xx_HAL_Driver/Src/stm32h5xx_hal_spi.c ****         {
 1464              		.loc 1 974 30 discriminator 1 view .LVU444
 1465 01b8 C01B     		subs	r0, r0, r7
 974:Drivers/STM32H5xx_HAL_Driver/Src/stm32h5xx_hal_spi.c ****         {
 1466              		.loc 1 974 12 discriminator 1 view .LVU445
 1467 01ba A842     		cmp	r0, r5
 1468 01bc 02D3     		bcc	.L85
 974:Drivers/STM32H5xx_HAL_Driver/Src/stm32h5xx_hal_spi.c ****         {
 1469              		.loc 1 974 56 discriminator 1 view .LVU446
 1470 01be B5F1FF3F 		cmp	r5, #-1
 1471 01c2 01D1     		bne	.L86
 1472              	.L85:
 974:Drivers/STM32H5xx_HAL_Driver/Src/stm32h5xx_hal_spi.c ****         {
 1473              		.loc 1 974 87 discriminator 3 view .LVU447
 1474 01c4 002D     		cmp	r5, #0
 1475 01c6 D4D1     		bne	.L80
 1476              	.L86:
 977:Drivers/STM32H5xx_HAL_Driver/Src/stm32h5xx_hal_spi.c **** 
 1477              		.loc 1 977 11 is_stmt 1 view .LVU448
 1478 01c8 2046     		mov	r0, r4
 1479 01ca FFF7FEFF 		bl	SPI_CloseTransfer
 1480              	.LVL57:
 979:Drivers/STM32H5xx_HAL_Driver/Src/stm32h5xx_hal_spi.c ****           hspi->State = HAL_SPI_STATE_READY;
ARM GAS  /tmp/cc3pUyOJ.s 			page 102


 1481              		.loc 1 979 11 view .LVU449
 1482 01ce D4F88C30 		ldr	r3, [r4, #140]
 1483 01d2 43F48073 		orr	r3, r3, #256
 1484 01d6 C4F88C30 		str	r3, [r4, #140]
 980:Drivers/STM32H5xx_HAL_Driver/Src/stm32h5xx_hal_spi.c **** 
 1485              		.loc 1 980 11 view .LVU450
 980:Drivers/STM32H5xx_HAL_Driver/Src/stm32h5xx_hal_spi.c **** 
 1486              		.loc 1 980 23 is_stmt 0 view .LVU451
 1487 01da 0123     		movs	r3, #1
 1488 01dc 84F88930 		strb	r3, [r4, #137]
 983:Drivers/STM32H5xx_HAL_Driver/Src/stm32h5xx_hal_spi.c **** 
 1489              		.loc 1 983 11 is_stmt 1 view .LVU452
 983:Drivers/STM32H5xx_HAL_Driver/Src/stm32h5xx_hal_spi.c **** 
 1490              		.loc 1 983 11 view .LVU453
 1491 01e0 0023     		movs	r3, #0
 1492 01e2 84F88830 		strb	r3, [r4, #136]
 983:Drivers/STM32H5xx_HAL_Driver/Src/stm32h5xx_hal_spi.c **** 
 1493              		.loc 1 983 11 view .LVU454
 985:Drivers/STM32H5xx_HAL_Driver/Src/stm32h5xx_hal_spi.c ****         }
 1494              		.loc 1 985 11 view .LVU455
 985:Drivers/STM32H5xx_HAL_Driver/Src/stm32h5xx_hal_spi.c ****         }
 1495              		.loc 1 985 18 is_stmt 0 view .LVU456
 1496 01e6 0326     		movs	r6, #3
 1497 01e8 7BE0     		b	.L67
 1498              	.L89:
1004:Drivers/STM32H5xx_HAL_Driver/Src/stm32h5xx_hal_spi.c ****         {
 1499              		.loc 1 1004 14 is_stmt 1 view .LVU457
1004:Drivers/STM32H5xx_HAL_Driver/Src/stm32h5xx_hal_spi.c ****         {
 1500              		.loc 1 1004 23 is_stmt 0 view .LVU458
 1501 01ea B4F86A30 		ldrh	r3, [r4, #106]
 1502 01ee 9BB2     		uxth	r3, r3
1004:Drivers/STM32H5xx_HAL_Driver/Src/stm32h5xx_hal_spi.c ****         {
 1503              		.loc 1 1004 17 view .LVU459
 1504 01f0 012B     		cmp	r3, #1
 1505 01f2 10D9     		bls	.L91
1004:Drivers/STM32H5xx_HAL_Driver/Src/stm32h5xx_hal_spi.c ****         {
 1506              		.loc 1 1004 58 discriminator 1 view .LVU460
 1507 01f4 E36B     		ldr	r3, [r4, #60]
1004:Drivers/STM32H5xx_HAL_Driver/Src/stm32h5xx_hal_spi.c ****         {
 1508              		.loc 1 1004 44 discriminator 1 view .LVU461
 1509 01f6 73B1     		cbz	r3, .L91
1007:Drivers/STM32H5xx_HAL_Driver/Src/stm32h5xx_hal_spi.c **** #else
 1510              		.loc 1 1007 11 is_stmt 1 view .LVU462
1007:Drivers/STM32H5xx_HAL_Driver/Src/stm32h5xx_hal_spi.c **** #else
 1511              		.loc 1 1007 51 is_stmt 0 view .LVU463
 1512 01f8 636E     		ldr	r3, [r4, #100]
1007:Drivers/STM32H5xx_HAL_Driver/Src/stm32h5xx_hal_spi.c **** #else
 1513              		.loc 1 1007 27 view .LVU464
 1514 01fa 1B88     		ldrh	r3, [r3]
1007:Drivers/STM32H5xx_HAL_Driver/Src/stm32h5xx_hal_spi.c **** #else
 1515              		.loc 1 1007 25 view .LVU465
 1516 01fc A8F82030 		strh	r3, [r8, #32]	@ movhi
1011:Drivers/STM32H5xx_HAL_Driver/Src/stm32h5xx_hal_spi.c ****           hspi->TxXferCount -= (uint16_t)2UL;
 1517              		.loc 1 1011 11 is_stmt 1 view .LVU466
1011:Drivers/STM32H5xx_HAL_Driver/Src/stm32h5xx_hal_spi.c ****           hspi->TxXferCount -= (uint16_t)2UL;
 1518              		.loc 1 1011 15 is_stmt 0 view .LVU467
 1519 0200 636E     		ldr	r3, [r4, #100]
ARM GAS  /tmp/cc3pUyOJ.s 			page 103


1011:Drivers/STM32H5xx_HAL_Driver/Src/stm32h5xx_hal_spi.c ****           hspi->TxXferCount -= (uint16_t)2UL;
 1520              		.loc 1 1011 28 view .LVU468
 1521 0202 0233     		adds	r3, r3, #2
 1522 0204 6366     		str	r3, [r4, #100]
1012:Drivers/STM32H5xx_HAL_Driver/Src/stm32h5xx_hal_spi.c ****         }
 1523              		.loc 1 1012 11 is_stmt 1 view .LVU469
1012:Drivers/STM32H5xx_HAL_Driver/Src/stm32h5xx_hal_spi.c ****         }
 1524              		.loc 1 1012 15 is_stmt 0 view .LVU470
 1525 0206 B4F86A30 		ldrh	r3, [r4, #106]
 1526 020a 9BB2     		uxth	r3, r3
1012:Drivers/STM32H5xx_HAL_Driver/Src/stm32h5xx_hal_spi.c ****         }
 1527              		.loc 1 1012 29 view .LVU471
 1528 020c 023B     		subs	r3, r3, #2
 1529 020e 9BB2     		uxth	r3, r3
 1530 0210 A4F86A30 		strh	r3, [r4, #106]	@ movhi
 1531 0214 0DE0     		b	.L81
 1532              	.L91:
1016:Drivers/STM32H5xx_HAL_Driver/Src/stm32h5xx_hal_spi.c ****           hspi->pTxBuffPtr += sizeof(uint8_t);
 1533              		.loc 1 1016 11 is_stmt 1 view .LVU472
1016:Drivers/STM32H5xx_HAL_Driver/Src/stm32h5xx_hal_spi.c ****           hspi->pTxBuffPtr += sizeof(uint8_t);
 1534              		.loc 1 1016 77 is_stmt 0 view .LVU473
 1535 0216 636E     		ldr	r3, [r4, #100]
1016:Drivers/STM32H5xx_HAL_Driver/Src/stm32h5xx_hal_spi.c ****           hspi->pTxBuffPtr += sizeof(uint8_t);
 1536              		.loc 1 1016 54 view .LVU474
 1537 0218 1B78     		ldrb	r3, [r3]	@ zero_extendqisi2
1016:Drivers/STM32H5xx_HAL_Driver/Src/stm32h5xx_hal_spi.c ****           hspi->pTxBuffPtr += sizeof(uint8_t);
 1538              		.loc 1 1016 52 view .LVU475
 1539 021a 82F82030 		strb	r3, [r2, #32]
1017:Drivers/STM32H5xx_HAL_Driver/Src/stm32h5xx_hal_spi.c ****           hspi->TxXferCount--;
 1540              		.loc 1 1017 11 is_stmt 1 view .LVU476
1017:Drivers/STM32H5xx_HAL_Driver/Src/stm32h5xx_hal_spi.c ****           hspi->TxXferCount--;
 1541              		.loc 1 1017 15 is_stmt 0 view .LVU477
 1542 021e 636E     		ldr	r3, [r4, #100]
1017:Drivers/STM32H5xx_HAL_Driver/Src/stm32h5xx_hal_spi.c ****           hspi->TxXferCount--;
 1543              		.loc 1 1017 28 view .LVU478
 1544 0220 0133     		adds	r3, r3, #1
 1545 0222 6366     		str	r3, [r4, #100]
1018:Drivers/STM32H5xx_HAL_Driver/Src/stm32h5xx_hal_spi.c ****         }
 1546              		.loc 1 1018 11 is_stmt 1 view .LVU479
1018:Drivers/STM32H5xx_HAL_Driver/Src/stm32h5xx_hal_spi.c ****         }
 1547              		.loc 1 1018 15 is_stmt 0 view .LVU480
 1548 0224 B4F86A30 		ldrh	r3, [r4, #106]
 1549 0228 9BB2     		uxth	r3, r3
1018:Drivers/STM32H5xx_HAL_Driver/Src/stm32h5xx_hal_spi.c ****         }
 1550              		.loc 1 1018 28 view .LVU481
 1551 022a 013B     		subs	r3, r3, #1
 1552 022c 9BB2     		uxth	r3, r3
 1553 022e A4F86A30 		strh	r3, [r4, #106]	@ movhi
 1554              	.L81:
 993:Drivers/STM32H5xx_HAL_Driver/Src/stm32h5xx_hal_spi.c ****     {
 1555              		.loc 1 993 30 is_stmt 1 view .LVU482
 993:Drivers/STM32H5xx_HAL_Driver/Src/stm32h5xx_hal_spi.c ****     {
 1556              		.loc 1 993 16 is_stmt 0 view .LVU483
 1557 0232 B4F86A30 		ldrh	r3, [r4, #106]
 1558 0236 9BB2     		uxth	r3, r3
 993:Drivers/STM32H5xx_HAL_Driver/Src/stm32h5xx_hal_spi.c ****     {
 1559              		.loc 1 993 30 view .LVU484
ARM GAS  /tmp/cc3pUyOJ.s 			page 104


 1560 0238 002B     		cmp	r3, #0
 1561 023a 35D0     		beq	.L79
 996:Drivers/STM32H5xx_HAL_Driver/Src/stm32h5xx_hal_spi.c ****       {
 1562              		.loc 1 996 7 is_stmt 1 view .LVU485
 996:Drivers/STM32H5xx_HAL_Driver/Src/stm32h5xx_hal_spi.c ****       {
 1563              		.loc 1 996 11 is_stmt 0 view .LVU486
 1564 023c 2268     		ldr	r2, [r4]
 1565 023e 5369     		ldr	r3, [r2, #20]
 996:Drivers/STM32H5xx_HAL_Driver/Src/stm32h5xx_hal_spi.c ****       {
 1566              		.loc 1 996 10 view .LVU487
 1567 0240 13F0020F 		tst	r3, #2
 1568 0244 15D0     		beq	.L88
 998:Drivers/STM32H5xx_HAL_Driver/Src/stm32h5xx_hal_spi.c ****         {
 1569              		.loc 1 998 9 is_stmt 1 view .LVU488
 998:Drivers/STM32H5xx_HAL_Driver/Src/stm32h5xx_hal_spi.c ****         {
 1570              		.loc 1 998 18 is_stmt 0 view .LVU489
 1571 0246 B4F86A30 		ldrh	r3, [r4, #106]
 1572 024a 9BB2     		uxth	r3, r3
 998:Drivers/STM32H5xx_HAL_Driver/Src/stm32h5xx_hal_spi.c ****         {
 1573              		.loc 1 998 12 view .LVU490
 1574 024c 032B     		cmp	r3, #3
 1575 024e CCD9     		bls	.L89
 998:Drivers/STM32H5xx_HAL_Driver/Src/stm32h5xx_hal_spi.c ****         {
 1576              		.loc 1 998 53 discriminator 1 view .LVU491
 1577 0250 E36B     		ldr	r3, [r4, #60]
 998:Drivers/STM32H5xx_HAL_Driver/Src/stm32h5xx_hal_spi.c ****         {
 1578              		.loc 1 998 39 discriminator 1 view .LVU492
 1579 0252 402B     		cmp	r3, #64
 1580 0254 C9D9     		bls	.L89
1000:Drivers/STM32H5xx_HAL_Driver/Src/stm32h5xx_hal_spi.c ****           hspi->pTxBuffPtr += sizeof(uint32_t);
 1581              		.loc 1 1000 11 is_stmt 1 view .LVU493
1000:Drivers/STM32H5xx_HAL_Driver/Src/stm32h5xx_hal_spi.c ****           hspi->pTxBuffPtr += sizeof(uint32_t);
 1582              		.loc 1 1000 79 is_stmt 0 view .LVU494
 1583 0256 636E     		ldr	r3, [r4, #100]
1000:Drivers/STM32H5xx_HAL_Driver/Src/stm32h5xx_hal_spi.c ****           hspi->pTxBuffPtr += sizeof(uint32_t);
 1584              		.loc 1 1000 55 view .LVU495
 1585 0258 1B68     		ldr	r3, [r3]
1000:Drivers/STM32H5xx_HAL_Driver/Src/stm32h5xx_hal_spi.c ****           hspi->pTxBuffPtr += sizeof(uint32_t);
 1586              		.loc 1 1000 53 view .LVU496
 1587 025a 1362     		str	r3, [r2, #32]
1001:Drivers/STM32H5xx_HAL_Driver/Src/stm32h5xx_hal_spi.c ****           hspi->TxXferCount -= (uint16_t)4UL;
 1588              		.loc 1 1001 11 is_stmt 1 view .LVU497
1001:Drivers/STM32H5xx_HAL_Driver/Src/stm32h5xx_hal_spi.c ****           hspi->TxXferCount -= (uint16_t)4UL;
 1589              		.loc 1 1001 15 is_stmt 0 view .LVU498
 1590 025c 636E     		ldr	r3, [r4, #100]
1001:Drivers/STM32H5xx_HAL_Driver/Src/stm32h5xx_hal_spi.c ****           hspi->TxXferCount -= (uint16_t)4UL;
 1591              		.loc 1 1001 28 view .LVU499
 1592 025e 0433     		adds	r3, r3, #4
 1593 0260 6366     		str	r3, [r4, #100]
1002:Drivers/STM32H5xx_HAL_Driver/Src/stm32h5xx_hal_spi.c ****         }
 1594              		.loc 1 1002 11 is_stmt 1 view .LVU500
1002:Drivers/STM32H5xx_HAL_Driver/Src/stm32h5xx_hal_spi.c ****         }
 1595              		.loc 1 1002 15 is_stmt 0 view .LVU501
 1596 0262 B4F86A30 		ldrh	r3, [r4, #106]
 1597 0266 9BB2     		uxth	r3, r3
1002:Drivers/STM32H5xx_HAL_Driver/Src/stm32h5xx_hal_spi.c ****         }
 1598              		.loc 1 1002 29 view .LVU502
ARM GAS  /tmp/cc3pUyOJ.s 			page 105


 1599 0268 043B     		subs	r3, r3, #4
 1600 026a 9BB2     		uxth	r3, r3
 1601 026c A4F86A30 		strh	r3, [r4, #106]	@ movhi
 1602 0270 DFE7     		b	.L81
 1603              	.L88:
1024:Drivers/STM32H5xx_HAL_Driver/Src/stm32h5xx_hal_spi.c ****         {
 1604              		.loc 1 1024 9 is_stmt 1 view .LVU503
1024:Drivers/STM32H5xx_HAL_Driver/Src/stm32h5xx_hal_spi.c ****         {
 1605              		.loc 1 1024 16 is_stmt 0 view .LVU504
 1606 0272 FFF7FEFF 		bl	HAL_GetTick
 1607              	.LVL58:
1024:Drivers/STM32H5xx_HAL_Driver/Src/stm32h5xx_hal_spi.c ****         {
 1608              		.loc 1 1024 30 discriminator 1 view .LVU505
 1609 0276 C01B     		subs	r0, r0, r7
1024:Drivers/STM32H5xx_HAL_Driver/Src/stm32h5xx_hal_spi.c ****         {
 1610              		.loc 1 1024 12 discriminator 1 view .LVU506
 1611 0278 A842     		cmp	r0, r5
 1612 027a 02D3     		bcc	.L92
1024:Drivers/STM32H5xx_HAL_Driver/Src/stm32h5xx_hal_spi.c ****         {
 1613              		.loc 1 1024 56 discriminator 1 view .LVU507
 1614 027c B5F1FF3F 		cmp	r5, #-1
 1615 0280 01D1     		bne	.L93
 1616              	.L92:
1024:Drivers/STM32H5xx_HAL_Driver/Src/stm32h5xx_hal_spi.c ****         {
 1617              		.loc 1 1024 87 discriminator 3 view .LVU508
 1618 0282 002D     		cmp	r5, #0
 1619 0284 D5D1     		bne	.L81
 1620              	.L93:
1027:Drivers/STM32H5xx_HAL_Driver/Src/stm32h5xx_hal_spi.c **** 
 1621              		.loc 1 1027 11 is_stmt 1 view .LVU509
 1622 0286 2046     		mov	r0, r4
 1623 0288 FFF7FEFF 		bl	SPI_CloseTransfer
 1624              	.LVL59:
1029:Drivers/STM32H5xx_HAL_Driver/Src/stm32h5xx_hal_spi.c ****           hspi->State = HAL_SPI_STATE_READY;
 1625              		.loc 1 1029 11 view .LVU510
 1626 028c D4F88C30 		ldr	r3, [r4, #140]
 1627 0290 43F48073 		orr	r3, r3, #256
 1628 0294 C4F88C30 		str	r3, [r4, #140]
1030:Drivers/STM32H5xx_HAL_Driver/Src/stm32h5xx_hal_spi.c **** 
 1629              		.loc 1 1030 11 view .LVU511
1030:Drivers/STM32H5xx_HAL_Driver/Src/stm32h5xx_hal_spi.c **** 
 1630              		.loc 1 1030 23 is_stmt 0 view .LVU512
 1631 0298 0123     		movs	r3, #1
 1632 029a 84F88930 		strb	r3, [r4, #137]
1033:Drivers/STM32H5xx_HAL_Driver/Src/stm32h5xx_hal_spi.c **** 
 1633              		.loc 1 1033 11 is_stmt 1 view .LVU513
1033:Drivers/STM32H5xx_HAL_Driver/Src/stm32h5xx_hal_spi.c **** 
 1634              		.loc 1 1033 11 view .LVU514
 1635 029e 0023     		movs	r3, #0
 1636 02a0 84F88830 		strb	r3, [r4, #136]
1033:Drivers/STM32H5xx_HAL_Driver/Src/stm32h5xx_hal_spi.c **** 
 1637              		.loc 1 1033 11 view .LVU515
1035:Drivers/STM32H5xx_HAL_Driver/Src/stm32h5xx_hal_spi.c ****         }
 1638              		.loc 1 1035 11 view .LVU516
1035:Drivers/STM32H5xx_HAL_Driver/Src/stm32h5xx_hal_spi.c ****         }
 1639              		.loc 1 1035 18 is_stmt 0 view .LVU517
 1640 02a4 0326     		movs	r6, #3
ARM GAS  /tmp/cc3pUyOJ.s 			page 106


 1641 02a6 1CE0     		b	.L67
 1642              	.L79:
1042:Drivers/STM32H5xx_HAL_Driver/Src/stm32h5xx_hal_spi.c ****   {
 1643              		.loc 1 1042 3 is_stmt 1 view .LVU518
1042:Drivers/STM32H5xx_HAL_Driver/Src/stm32h5xx_hal_spi.c ****   {
 1644              		.loc 1 1042 7 is_stmt 0 view .LVU519
 1645 02a8 0097     		str	r7, [sp]
 1646 02aa 2B46     		mov	r3, r5
 1647 02ac 0022     		movs	r2, #0
 1648 02ae 0821     		movs	r1, #8
 1649 02b0 2046     		mov	r0, r4
 1650 02b2 FFF7FEFF 		bl	SPI_WaitOnFlagUntilTimeout
 1651              	.LVL60:
1042:Drivers/STM32H5xx_HAL_Driver/Src/stm32h5xx_hal_spi.c ****   {
 1652              		.loc 1 1042 6 discriminator 1 view .LVU520
 1653 02b6 28B1     		cbz	r0, .L95
1044:Drivers/STM32H5xx_HAL_Driver/Src/stm32h5xx_hal_spi.c ****   }
 1654              		.loc 1 1044 5 is_stmt 1 view .LVU521
 1655 02b8 D4F88C30 		ldr	r3, [r4, #140]
 1656 02bc 43F02003 		orr	r3, r3, #32
 1657 02c0 C4F88C30 		str	r3, [r4, #140]
 1658              	.L95:
1048:Drivers/STM32H5xx_HAL_Driver/Src/stm32h5xx_hal_spi.c **** 
 1659              		.loc 1 1048 3 view .LVU522
 1660 02c4 2046     		mov	r0, r4
 1661 02c6 FFF7FEFF 		bl	SPI_CloseTransfer
 1662              	.LVL61:
1050:Drivers/STM32H5xx_HAL_Driver/Src/stm32h5xx_hal_spi.c **** 
 1663              		.loc 1 1050 3 view .LVU523
1050:Drivers/STM32H5xx_HAL_Driver/Src/stm32h5xx_hal_spi.c **** 
 1664              		.loc 1 1050 15 is_stmt 0 view .LVU524
 1665 02ca 0123     		movs	r3, #1
 1666 02cc 84F88930 		strb	r3, [r4, #137]
1053:Drivers/STM32H5xx_HAL_Driver/Src/stm32h5xx_hal_spi.c **** 
 1667              		.loc 1 1053 3 is_stmt 1 view .LVU525
1053:Drivers/STM32H5xx_HAL_Driver/Src/stm32h5xx_hal_spi.c **** 
 1668              		.loc 1 1053 3 view .LVU526
 1669 02d0 0023     		movs	r3, #0
 1670 02d2 84F88830 		strb	r3, [r4, #136]
1053:Drivers/STM32H5xx_HAL_Driver/Src/stm32h5xx_hal_spi.c **** 
 1671              		.loc 1 1053 3 view .LVU527
1055:Drivers/STM32H5xx_HAL_Driver/Src/stm32h5xx_hal_spi.c ****   {
 1672              		.loc 1 1055 3 view .LVU528
1055:Drivers/STM32H5xx_HAL_Driver/Src/stm32h5xx_hal_spi.c ****   {
 1673              		.loc 1 1055 11 is_stmt 0 view .LVU529
 1674 02d6 D4F88C30 		ldr	r3, [r4, #140]
1055:Drivers/STM32H5xx_HAL_Driver/Src/stm32h5xx_hal_spi.c ****   {
 1675              		.loc 1 1055 6 view .LVU530
 1676 02da 13B9     		cbnz	r3, .L67
1061:Drivers/STM32H5xx_HAL_Driver/Src/stm32h5xx_hal_spi.c ****   }
 1677              		.loc 1 1061 12 view .LVU531
 1678 02dc 0026     		movs	r6, #0
 1679 02de 00E0     		b	.L67
 1680              	.LVL62:
 1681              	.L96:
 866:Drivers/STM32H5xx_HAL_Driver/Src/stm32h5xx_hal_spi.c ****   }
 1682              		.loc 1 866 12 view .LVU532
ARM GAS  /tmp/cc3pUyOJ.s 			page 107


 1683 02e0 0226     		movs	r6, #2
 1684              	.LVL63:
 1685              	.L67:
1063:Drivers/STM32H5xx_HAL_Driver/Src/stm32h5xx_hal_spi.c **** 
 1686              		.loc 1 1063 1 view .LVU533
 1687 02e2 3046     		mov	r0, r6
 1688 02e4 02B0     		add	sp, sp, #8
 1689              	.LCFI8:
 1690              		.cfi_remember_state
 1691              		.cfi_def_cfa_offset 32
 1692              		@ sp needed
 1693 02e6 BDE8F087 		pop	{r4, r5, r6, r7, r8, r9, r10, pc}
 1694              	.LVL64:
 1695              	.L97:
 1696              	.LCFI9:
 1697              		.cfi_restore_state
 875:Drivers/STM32H5xx_HAL_Driver/Src/stm32h5xx_hal_spi.c **** 
 1698              		.loc 1 875 3 discriminator 1 view .LVU534
 1699 02ea 0226     		movs	r6, #2
 1700 02ec F9E7     		b	.L67
 1701              	.L103:
 1702 02ee 00BF     		.align	2
 1703              	.L102:
 1704 02f0 00300140 		.word	1073819648
 1705 02f4 00380040 		.word	1073756160
 1706 02f8 003C0040 		.word	1073757184
 1707              		.cfi_endproc
 1708              	.LFE161:
 1710              		.section	.text.HAL_SPI_Receive,"ax",%progbits
 1711              		.align	1
 1712              		.global	HAL_SPI_Receive
 1713              		.syntax unified
 1714              		.thumb
 1715              		.thumb_func
 1717              	HAL_SPI_Receive:
 1718              	.LVL65:
 1719              	.LFB162:
1075:Drivers/STM32H5xx_HAL_Driver/Src/stm32h5xx_hal_spi.c ****   uint32_t tickstart;
 1720              		.loc 1 1075 1 is_stmt 1 view -0
 1721              		.cfi_startproc
 1722              		@ args = 0, pretend = 0, frame = 0
 1723              		@ frame_needed = 0, uses_anonymous_args = 0
1075:Drivers/STM32H5xx_HAL_Driver/Src/stm32h5xx_hal_spi.c ****   uint32_t tickstart;
 1724              		.loc 1 1075 1 is_stmt 0 view .LVU536
 1725 0000 2DE9F84F 		push	{r3, r4, r5, r6, r7, r8, r9, r10, fp, lr}
 1726              	.LCFI10:
 1727              		.cfi_def_cfa_offset 40
 1728              		.cfi_offset 3, -40
 1729              		.cfi_offset 4, -36
 1730              		.cfi_offset 5, -32
 1731              		.cfi_offset 6, -28
 1732              		.cfi_offset 7, -24
 1733              		.cfi_offset 8, -20
 1734              		.cfi_offset 9, -16
 1735              		.cfi_offset 10, -12
 1736              		.cfi_offset 11, -8
 1737              		.cfi_offset 14, -4
ARM GAS  /tmp/cc3pUyOJ.s 			page 108


 1738 0004 0446     		mov	r4, r0
 1739 0006 8B46     		mov	fp, r1
 1740 0008 9246     		mov	r10, r2
 1741 000a 1E46     		mov	r6, r3
1076:Drivers/STM32H5xx_HAL_Driver/Src/stm32h5xx_hal_spi.c ****   uint32_t temp_sr_reg;
 1742              		.loc 1 1076 3 is_stmt 1 view .LVU537
1077:Drivers/STM32H5xx_HAL_Driver/Src/stm32h5xx_hal_spi.c ****   uint16_t init_max_data_in_fifo;
 1743              		.loc 1 1077 3 view .LVU538
1078:Drivers/STM32H5xx_HAL_Driver/Src/stm32h5xx_hal_spi.c ****   init_max_data_in_fifo = (((uint16_t)(hspi->Init.FifoThreshold >> 5U) + 1U));
 1744              		.loc 1 1078 3 view .LVU539
1079:Drivers/STM32H5xx_HAL_Driver/Src/stm32h5xx_hal_spi.c **** #if defined (__GNUC__)
 1745              		.loc 1 1079 3 view .LVU540
1079:Drivers/STM32H5xx_HAL_Driver/Src/stm32h5xx_hal_spi.c **** #if defined (__GNUC__)
 1746              		.loc 1 1079 50 is_stmt 0 view .LVU541
 1747 000c C56B     		ldr	r5, [r0, #60]
1079:Drivers/STM32H5xx_HAL_Driver/Src/stm32h5xx_hal_spi.c **** #if defined (__GNUC__)
 1748              		.loc 1 1079 29 view .LVU542
 1749 000e C5F34F15 		ubfx	r5, r5, #5, #16
 1750              	.LVL66:
1081:Drivers/STM32H5xx_HAL_Driver/Src/stm32h5xx_hal_spi.c **** #endif /* __GNUC__ */
 1751              		.loc 1 1081 3 is_stmt 1 view .LVU543
1081:Drivers/STM32H5xx_HAL_Driver/Src/stm32h5xx_hal_spi.c **** #endif /* __GNUC__ */
 1752              		.loc 1 1081 57 is_stmt 0 view .LVU544
 1753 0012 D0F80090 		ldr	r9, [r0]
 1754              	.LVL67:
1085:Drivers/STM32H5xx_HAL_Driver/Src/stm32h5xx_hal_spi.c **** 
 1755              		.loc 1 1085 3 is_stmt 1 view .LVU545
1088:Drivers/STM32H5xx_HAL_Driver/Src/stm32h5xx_hal_spi.c ****   {
 1756              		.loc 1 1088 3 view .LVU546
1090:Drivers/STM32H5xx_HAL_Driver/Src/stm32h5xx_hal_spi.c ****   }
 1757              		.loc 1 1090 5 view .LVU547
1094:Drivers/STM32H5xx_HAL_Driver/Src/stm32h5xx_hal_spi.c ****   }
 1758              		.loc 1 1094 5 view .LVU548
1098:Drivers/STM32H5xx_HAL_Driver/Src/stm32h5xx_hal_spi.c **** 
 1759              		.loc 1 1098 3 view .LVU549
1098:Drivers/STM32H5xx_HAL_Driver/Src/stm32h5xx_hal_spi.c **** 
 1760              		.loc 1 1098 15 is_stmt 0 view .LVU550
 1761 0016 FFF7FEFF 		bl	HAL_GetTick
 1762              	.LVL68:
1100:Drivers/STM32H5xx_HAL_Driver/Src/stm32h5xx_hal_spi.c ****   {
 1763              		.loc 1 1100 3 is_stmt 1 view .LVU551
1100:Drivers/STM32H5xx_HAL_Driver/Src/stm32h5xx_hal_spi.c ****   {
 1764              		.loc 1 1100 11 is_stmt 0 view .LVU552
 1765 001a 94F88970 		ldrb	r7, [r4, #137]	@ zero_extendqisi2
 1766 001e FFB2     		uxtb	r7, r7
1100:Drivers/STM32H5xx_HAL_Driver/Src/stm32h5xx_hal_spi.c ****   {
 1767              		.loc 1 1100 6 view .LVU553
 1768 0020 012F     		cmp	r7, #1
 1769 0022 40F0AB81 		bne	.L135
 1770 0026 0135     		adds	r5, r5, #1
 1771              	.LVL69:
1100:Drivers/STM32H5xx_HAL_Driver/Src/stm32h5xx_hal_spi.c ****   {
 1772              		.loc 1 1100 6 view .LVU554
 1773 0028 ADB2     		uxth	r5, r5
 1774              	.LVL70:
1100:Drivers/STM32H5xx_HAL_Driver/Src/stm32h5xx_hal_spi.c ****   {
 1775              		.loc 1 1100 6 view .LVU555
ARM GAS  /tmp/cc3pUyOJ.s 			page 109


 1776 002a 8046     		mov	r8, r0
1105:Drivers/STM32H5xx_HAL_Driver/Src/stm32h5xx_hal_spi.c ****   {
 1777              		.loc 1 1105 3 is_stmt 1 view .LVU556
1105:Drivers/STM32H5xx_HAL_Driver/Src/stm32h5xx_hal_spi.c ****   {
 1778              		.loc 1 1105 6 is_stmt 0 view .LVU557
 1779 002c BBF1000F 		cmp	fp, #0
 1780 0030 00F0A581 		beq	.L105
1105:Drivers/STM32H5xx_HAL_Driver/Src/stm32h5xx_hal_spi.c ****   {
 1781              		.loc 1 1105 23 discriminator 1 view .LVU558
 1782 0034 BAF1000F 		cmp	r10, #0
 1783 0038 00F0A181 		beq	.L105
1111:Drivers/STM32H5xx_HAL_Driver/Src/stm32h5xx_hal_spi.c **** 
 1784              		.loc 1 1111 3 is_stmt 1 view .LVU559
1111:Drivers/STM32H5xx_HAL_Driver/Src/stm32h5xx_hal_spi.c **** 
 1785              		.loc 1 1111 3 view .LVU560
 1786 003c 94F88830 		ldrb	r3, [r4, #136]	@ zero_extendqisi2
 1787 0040 012B     		cmp	r3, #1
 1788 0042 00F09F81 		beq	.L136
1111:Drivers/STM32H5xx_HAL_Driver/Src/stm32h5xx_hal_spi.c **** 
 1789              		.loc 1 1111 3 discriminator 2 view .LVU561
 1790 0046 0123     		movs	r3, #1
 1791 0048 84F88830 		strb	r3, [r4, #136]
1111:Drivers/STM32H5xx_HAL_Driver/Src/stm32h5xx_hal_spi.c **** 
 1792              		.loc 1 1111 3 discriminator 2 view .LVU562
1114:Drivers/STM32H5xx_HAL_Driver/Src/stm32h5xx_hal_spi.c ****   hspi->ErrorCode   = HAL_SPI_ERROR_NONE;
 1793              		.loc 1 1114 3 view .LVU563
1114:Drivers/STM32H5xx_HAL_Driver/Src/stm32h5xx_hal_spi.c ****   hspi->ErrorCode   = HAL_SPI_ERROR_NONE;
 1794              		.loc 1 1114 21 is_stmt 0 view .LVU564
 1795 004c 0423     		movs	r3, #4
 1796 004e 84F88930 		strb	r3, [r4, #137]
1115:Drivers/STM32H5xx_HAL_Driver/Src/stm32h5xx_hal_spi.c ****   hspi->pRxBuffPtr  = (uint8_t *)pData;
 1797              		.loc 1 1115 3 is_stmt 1 view .LVU565
1115:Drivers/STM32H5xx_HAL_Driver/Src/stm32h5xx_hal_spi.c ****   hspi->pRxBuffPtr  = (uint8_t *)pData;
 1798              		.loc 1 1115 21 is_stmt 0 view .LVU566
 1799 0052 0023     		movs	r3, #0
 1800 0054 C4F88C30 		str	r3, [r4, #140]
1116:Drivers/STM32H5xx_HAL_Driver/Src/stm32h5xx_hal_spi.c ****   hspi->RxXferSize  = Size;
 1801              		.loc 1 1116 3 is_stmt 1 view .LVU567
1116:Drivers/STM32H5xx_HAL_Driver/Src/stm32h5xx_hal_spi.c ****   hspi->RxXferSize  = Size;
 1802              		.loc 1 1116 21 is_stmt 0 view .LVU568
 1803 0058 C4F86CB0 		str	fp, [r4, #108]
1117:Drivers/STM32H5xx_HAL_Driver/Src/stm32h5xx_hal_spi.c ****   hspi->RxXferCount = Size;
 1804              		.loc 1 1117 3 is_stmt 1 view .LVU569
1117:Drivers/STM32H5xx_HAL_Driver/Src/stm32h5xx_hal_spi.c ****   hspi->RxXferCount = Size;
 1805              		.loc 1 1117 21 is_stmt 0 view .LVU570
 1806 005c A4F870A0 		strh	r10, [r4, #112]	@ movhi
1118:Drivers/STM32H5xx_HAL_Driver/Src/stm32h5xx_hal_spi.c **** 
 1807              		.loc 1 1118 3 is_stmt 1 view .LVU571
1118:Drivers/STM32H5xx_HAL_Driver/Src/stm32h5xx_hal_spi.c **** 
 1808              		.loc 1 1118 21 is_stmt 0 view .LVU572
 1809 0060 A4F872A0 		strh	r10, [r4, #114]	@ movhi
1121:Drivers/STM32H5xx_HAL_Driver/Src/stm32h5xx_hal_spi.c ****   hspi->TxXferSize  = (uint16_t) 0UL;
 1810              		.loc 1 1121 3 is_stmt 1 view .LVU573
1121:Drivers/STM32H5xx_HAL_Driver/Src/stm32h5xx_hal_spi.c ****   hspi->TxXferSize  = (uint16_t) 0UL;
 1811              		.loc 1 1121 21 is_stmt 0 view .LVU574
 1812 0064 6366     		str	r3, [r4, #100]
1122:Drivers/STM32H5xx_HAL_Driver/Src/stm32h5xx_hal_spi.c ****   hspi->TxXferCount = (uint16_t) 0UL;
ARM GAS  /tmp/cc3pUyOJ.s 			page 110


 1813              		.loc 1 1122 3 is_stmt 1 view .LVU575
1122:Drivers/STM32H5xx_HAL_Driver/Src/stm32h5xx_hal_spi.c ****   hspi->TxXferCount = (uint16_t) 0UL;
 1814              		.loc 1 1122 21 is_stmt 0 view .LVU576
 1815 0066 A4F86830 		strh	r3, [r4, #104]	@ movhi
1123:Drivers/STM32H5xx_HAL_Driver/Src/stm32h5xx_hal_spi.c ****   hspi->RxISR       = NULL;
 1816              		.loc 1 1123 3 is_stmt 1 view .LVU577
1123:Drivers/STM32H5xx_HAL_Driver/Src/stm32h5xx_hal_spi.c ****   hspi->RxISR       = NULL;
 1817              		.loc 1 1123 21 is_stmt 0 view .LVU578
 1818 006a A4F86A30 		strh	r3, [r4, #106]	@ movhi
1124:Drivers/STM32H5xx_HAL_Driver/Src/stm32h5xx_hal_spi.c ****   hspi->TxISR       = NULL;
 1819              		.loc 1 1124 3 is_stmt 1 view .LVU579
1124:Drivers/STM32H5xx_HAL_Driver/Src/stm32h5xx_hal_spi.c ****   hspi->TxISR       = NULL;
 1820              		.loc 1 1124 21 is_stmt 0 view .LVU580
 1821 006e A367     		str	r3, [r4, #120]
1125:Drivers/STM32H5xx_HAL_Driver/Src/stm32h5xx_hal_spi.c **** 
 1822              		.loc 1 1125 3 is_stmt 1 view .LVU581
1125:Drivers/STM32H5xx_HAL_Driver/Src/stm32h5xx_hal_spi.c **** 
 1823              		.loc 1 1125 21 is_stmt 0 view .LVU582
 1824 0070 E367     		str	r3, [r4, #124]
1128:Drivers/STM32H5xx_HAL_Driver/Src/stm32h5xx_hal_spi.c ****   {
 1825              		.loc 1 1128 3 is_stmt 1 view .LVU583
1128:Drivers/STM32H5xx_HAL_Driver/Src/stm32h5xx_hal_spi.c ****   {
 1826              		.loc 1 1128 17 is_stmt 0 view .LVU584
 1827 0072 A368     		ldr	r3, [r4, #8]
1128:Drivers/STM32H5xx_HAL_Driver/Src/stm32h5xx_hal_spi.c ****   {
 1828              		.loc 1 1128 6 view .LVU585
 1829 0074 B3F5C02F 		cmp	r3, #393216
 1830 0078 33D0     		beq	.L139
1134:Drivers/STM32H5xx_HAL_Driver/Src/stm32h5xx_hal_spi.c ****   }
 1831              		.loc 1 1134 5 is_stmt 1 view .LVU586
 1832 007a 2268     		ldr	r2, [r4]
 1833 007c D368     		ldr	r3, [r2, #12]
 1834 007e 23F4C023 		bic	r3, r3, #393216
 1835 0082 43F48023 		orr	r3, r3, #262144
 1836 0086 D360     		str	r3, [r2, #12]
 1837              	.L107:
1138:Drivers/STM32H5xx_HAL_Driver/Src/stm32h5xx_hal_spi.c **** 
 1838              		.loc 1 1138 3 view .LVU587
 1839 0088 2268     		ldr	r2, [r4]
 1840 008a 5368     		ldr	r3, [r2, #4]
 1841 008c 6FF30F03 		bfc	r3, #0, #16
 1842 0090 4AEA0303 		orr	r3, r10, r3
 1843 0094 5360     		str	r3, [r2, #4]
1141:Drivers/STM32H5xx_HAL_Driver/Src/stm32h5xx_hal_spi.c **** 
 1844              		.loc 1 1141 3 view .LVU588
 1845 0096 2268     		ldr	r2, [r4]
 1846 0098 1368     		ldr	r3, [r2]
 1847 009a 43F00103 		orr	r3, r3, #1
 1848 009e 1360     		str	r3, [r2]
1143:Drivers/STM32H5xx_HAL_Driver/Src/stm32h5xx_hal_spi.c ****   {
 1849              		.loc 1 1143 3 view .LVU589
1143:Drivers/STM32H5xx_HAL_Driver/Src/stm32h5xx_hal_spi.c ****   {
 1850              		.loc 1 1143 17 is_stmt 0 view .LVU590
 1851 00a0 6368     		ldr	r3, [r4, #4]
1143:Drivers/STM32H5xx_HAL_Driver/Src/stm32h5xx_hal_spi.c ****   {
 1852              		.loc 1 1143 6 view .LVU591
 1853 00a2 B3F5800F 		cmp	r3, #4194304
ARM GAS  /tmp/cc3pUyOJ.s 			page 111


 1854 00a6 22D0     		beq	.L140
 1855              	.L108:
1150:Drivers/STM32H5xx_HAL_Driver/Src/stm32h5xx_hal_spi.c ****   {
 1856              		.loc 1 1150 3 is_stmt 1 view .LVU592
1150:Drivers/STM32H5xx_HAL_Driver/Src/stm32h5xx_hal_spi.c ****   {
 1857              		.loc 1 1150 18 is_stmt 0 view .LVU593
 1858 00a8 E368     		ldr	r3, [r4, #12]
1150:Drivers/STM32H5xx_HAL_Driver/Src/stm32h5xx_hal_spi.c ****   {
 1859              		.loc 1 1150 6 view .LVU594
 1860 00aa 0F2B     		cmp	r3, #15
 1861 00ac 15D9     		bls	.L109
1150:Drivers/STM32H5xx_HAL_Driver/Src/stm32h5xx_hal_spi.c ****   {
 1862              		.loc 1 1150 54 discriminator 1 view .LVU595
 1863 00ae 2268     		ldr	r2, [r4]
1150:Drivers/STM32H5xx_HAL_Driver/Src/stm32h5xx_hal_spi.c ****   {
 1864              		.loc 1 1150 50 discriminator 1 view .LVU596
 1865 00b0 A849     		ldr	r1, .L141
 1866 00b2 8A42     		cmp	r2, r1
 1867 00b4 41D0     		beq	.L116
1150:Drivers/STM32H5xx_HAL_Driver/Src/stm32h5xx_hal_spi.c ****   {
 1868              		.loc 1 1150 54 discriminator 2 view .LVU597
 1869 00b6 01F18051 		add	r1, r1, #268435456
 1870 00ba 8A42     		cmp	r2, r1
 1871 00bc 3DD0     		beq	.L116
1150:Drivers/STM32H5xx_HAL_Driver/Src/stm32h5xx_hal_spi.c ****   {
 1872              		.loc 1 1150 54 discriminator 3 view .LVU598
 1873 00be A649     		ldr	r1, .L141+4
 1874 00c0 8A42     		cmp	r2, r1
 1875 00c2 3AD0     		beq	.L116
1150:Drivers/STM32H5xx_HAL_Driver/Src/stm32h5xx_hal_spi.c ****   {
 1876              		.loc 1 1150 54 discriminator 4 view .LVU599
 1877 00c4 01F18051 		add	r1, r1, #268435456
 1878 00c8 8A42     		cmp	r2, r1
 1879 00ca 36D0     		beq	.L116
1150:Drivers/STM32H5xx_HAL_Driver/Src/stm32h5xx_hal_spi.c ****   {
 1880              		.loc 1 1150 54 discriminator 5 view .LVU600
 1881 00cc A349     		ldr	r1, .L141+8
 1882 00ce 8A42     		cmp	r2, r1
 1883 00d0 33D0     		beq	.L116
1150:Drivers/STM32H5xx_HAL_Driver/Src/stm32h5xx_hal_spi.c ****   {
 1884              		.loc 1 1150 54 discriminator 6 view .LVU601
 1885 00d2 01F18051 		add	r1, r1, #268435456
 1886 00d6 8A42     		cmp	r2, r1
 1887 00d8 2FD0     		beq	.L116
 1888              	.L109:
1192:Drivers/STM32H5xx_HAL_Driver/Src/stm32h5xx_hal_spi.c ****   {
 1889              		.loc 1 1192 8 is_stmt 1 view .LVU602
1192:Drivers/STM32H5xx_HAL_Driver/Src/stm32h5xx_hal_spi.c ****   {
 1890              		.loc 1 1192 11 is_stmt 0 view .LVU603
 1891 00da 072B     		cmp	r3, #7
 1892 00dc 00F29680 		bhi	.L119
 1893 00e0 0DE1     		b	.L120
 1894              	.L139:
1130:Drivers/STM32H5xx_HAL_Driver/Src/stm32h5xx_hal_spi.c ****   }
 1895              		.loc 1 1130 5 is_stmt 1 view .LVU604
 1896 00e2 2268     		ldr	r2, [r4]
 1897 00e4 1368     		ldr	r3, [r2]
ARM GAS  /tmp/cc3pUyOJ.s 			page 112


 1898 00e6 23F40063 		bic	r3, r3, #2048
 1899 00ea 1360     		str	r3, [r2]
 1900 00ec CCE7     		b	.L107
 1901              	.L140:
1146:Drivers/STM32H5xx_HAL_Driver/Src/stm32h5xx_hal_spi.c ****   }
 1902              		.loc 1 1146 5 view .LVU605
 1903 00ee 2268     		ldr	r2, [r4]
 1904 00f0 1368     		ldr	r3, [r2]
 1905 00f2 43F40073 		orr	r3, r3, #512
 1906 00f6 1360     		str	r3, [r2]
 1907 00f8 D6E7     		b	.L108
 1908              	.LVL71:
 1909              	.L111:
1166:Drivers/STM32H5xx_HAL_Driver/Src/stm32h5xx_hal_spi.c ****       {
 1910              		.loc 1 1166 12 view .LVU606
1166:Drivers/STM32H5xx_HAL_Driver/Src/stm32h5xx_hal_spi.c ****       {
 1911              		.loc 1 1166 21 is_stmt 0 view .LVU607
 1912 00fa B4F87220 		ldrh	r2, [r4, #114]
 1913 00fe 92B2     		uxth	r2, r2
1166:Drivers/STM32H5xx_HAL_Driver/Src/stm32h5xx_hal_spi.c ****       {
 1914              		.loc 1 1166 15 view .LVU608
 1915 0100 AA42     		cmp	r2, r5
 1916 0102 10D2     		bcs	.L113
1166:Drivers/STM32H5xx_HAL_Driver/Src/stm32h5xx_hal_spi.c ****       {
 1917              		.loc 1 1166 60 discriminator 1 view .LVU609
 1918 0104 11F4004F 		tst	r1, #32768
 1919 0108 0DD0     		beq	.L113
1168:Drivers/STM32H5xx_HAL_Driver/Src/stm32h5xx_hal_spi.c ****         hspi->pRxBuffPtr += sizeof(uint32_t);
 1920              		.loc 1 1168 9 is_stmt 1 view .LVU610
1168:Drivers/STM32H5xx_HAL_Driver/Src/stm32h5xx_hal_spi.c ****         hspi->pRxBuffPtr += sizeof(uint32_t);
 1921              		.loc 1 1168 27 is_stmt 0 view .LVU611
 1922 010a E26E     		ldr	r2, [r4, #108]
1168:Drivers/STM32H5xx_HAL_Driver/Src/stm32h5xx_hal_spi.c ****         hspi->pRxBuffPtr += sizeof(uint32_t);
 1923              		.loc 1 1168 43 view .LVU612
 1924 010c 1B6B     		ldr	r3, [r3, #48]
1168:Drivers/STM32H5xx_HAL_Driver/Src/stm32h5xx_hal_spi.c ****         hspi->pRxBuffPtr += sizeof(uint32_t);
 1925              		.loc 1 1168 41 view .LVU613
 1926 010e 1360     		str	r3, [r2]
1169:Drivers/STM32H5xx_HAL_Driver/Src/stm32h5xx_hal_spi.c ****         hspi->RxXferCount--;
 1927              		.loc 1 1169 9 is_stmt 1 view .LVU614
1169:Drivers/STM32H5xx_HAL_Driver/Src/stm32h5xx_hal_spi.c ****         hspi->RxXferCount--;
 1928              		.loc 1 1169 13 is_stmt 0 view .LVU615
 1929 0110 E36E     		ldr	r3, [r4, #108]
1169:Drivers/STM32H5xx_HAL_Driver/Src/stm32h5xx_hal_spi.c ****         hspi->RxXferCount--;
 1930              		.loc 1 1169 26 view .LVU616
 1931 0112 0433     		adds	r3, r3, #4
 1932 0114 E366     		str	r3, [r4, #108]
1170:Drivers/STM32H5xx_HAL_Driver/Src/stm32h5xx_hal_spi.c ****       }
 1933              		.loc 1 1170 9 is_stmt 1 view .LVU617
1170:Drivers/STM32H5xx_HAL_Driver/Src/stm32h5xx_hal_spi.c ****       }
 1934              		.loc 1 1170 13 is_stmt 0 view .LVU618
 1935 0116 B4F87230 		ldrh	r3, [r4, #114]
 1936 011a 9BB2     		uxth	r3, r3
1170:Drivers/STM32H5xx_HAL_Driver/Src/stm32h5xx_hal_spi.c ****       }
 1937              		.loc 1 1170 26 view .LVU619
 1938 011c 013B     		subs	r3, r3, #1
 1939 011e 9BB2     		uxth	r3, r3
ARM GAS  /tmp/cc3pUyOJ.s 			page 113


 1940 0120 A4F87230 		strh	r3, [r4, #114]	@ movhi
 1941 0124 09E0     		b	.L116
 1942              	.L113:
1175:Drivers/STM32H5xx_HAL_Driver/Src/stm32h5xx_hal_spi.c ****         {
 1943              		.loc 1 1175 9 is_stmt 1 view .LVU620
1175:Drivers/STM32H5xx_HAL_Driver/Src/stm32h5xx_hal_spi.c ****         {
 1944              		.loc 1 1175 16 is_stmt 0 view .LVU621
 1945 0126 FFF7FEFF 		bl	HAL_GetTick
 1946              	.LVL72:
1175:Drivers/STM32H5xx_HAL_Driver/Src/stm32h5xx_hal_spi.c ****         {
 1947              		.loc 1 1175 30 discriminator 1 view .LVU622
 1948 012a A0EB0800 		sub	r0, r0, r8
1175:Drivers/STM32H5xx_HAL_Driver/Src/stm32h5xx_hal_spi.c ****         {
 1949              		.loc 1 1175 12 discriminator 1 view .LVU623
 1950 012e B042     		cmp	r0, r6
 1951 0130 02D3     		bcc	.L114
1175:Drivers/STM32H5xx_HAL_Driver/Src/stm32h5xx_hal_spi.c ****         {
 1952              		.loc 1 1175 56 discriminator 1 view .LVU624
 1953 0132 B6F1FF3F 		cmp	r6, #-1
 1954 0136 1AD1     		bne	.L115
 1955              	.L114:
1175:Drivers/STM32H5xx_HAL_Driver/Src/stm32h5xx_hal_spi.c ****         {
 1956              		.loc 1 1175 87 discriminator 3 view .LVU625
 1957 0138 CEB1     		cbz	r6, .L115
 1958              	.LVL73:
 1959              	.L116:
1153:Drivers/STM32H5xx_HAL_Driver/Src/stm32h5xx_hal_spi.c ****     {
 1960              		.loc 1 1153 30 is_stmt 1 view .LVU626
1153:Drivers/STM32H5xx_HAL_Driver/Src/stm32h5xx_hal_spi.c ****     {
 1961              		.loc 1 1153 16 is_stmt 0 view .LVU627
 1962 013a B4F87220 		ldrh	r2, [r4, #114]
 1963 013e 92B2     		uxth	r2, r2
1153:Drivers/STM32H5xx_HAL_Driver/Src/stm32h5xx_hal_spi.c ****     {
 1964              		.loc 1 1153 30 view .LVU628
 1965 0140 002A     		cmp	r2, #0
 1966 0142 00F00D81 		beq	.L118
1156:Drivers/STM32H5xx_HAL_Driver/Src/stm32h5xx_hal_spi.c **** 
 1967              		.loc 1 1156 7 is_stmt 1 view .LVU629
1156:Drivers/STM32H5xx_HAL_Driver/Src/stm32h5xx_hal_spi.c **** 
 1968              		.loc 1 1156 25 is_stmt 0 view .LVU630
 1969 0146 2368     		ldr	r3, [r4]
1156:Drivers/STM32H5xx_HAL_Driver/Src/stm32h5xx_hal_spi.c **** 
 1970              		.loc 1 1156 19 view .LVU631
 1971 0148 5969     		ldr	r1, [r3, #20]
 1972              	.LVL74:
1159:Drivers/STM32H5xx_HAL_Driver/Src/stm32h5xx_hal_spi.c ****       {
 1973              		.loc 1 1159 7 is_stmt 1 view .LVU632
1159:Drivers/STM32H5xx_HAL_Driver/Src/stm32h5xx_hal_spi.c ****       {
 1974              		.loc 1 1159 11 is_stmt 0 view .LVU633
 1975 014a 5A69     		ldr	r2, [r3, #20]
1159:Drivers/STM32H5xx_HAL_Driver/Src/stm32h5xx_hal_spi.c ****       {
 1976              		.loc 1 1159 10 view .LVU634
 1977 014c 12F0010F 		tst	r2, #1
 1978 0150 D3D0     		beq	.L111
1161:Drivers/STM32H5xx_HAL_Driver/Src/stm32h5xx_hal_spi.c ****         hspi->pRxBuffPtr += sizeof(uint32_t);
 1979              		.loc 1 1161 9 is_stmt 1 view .LVU635
1161:Drivers/STM32H5xx_HAL_Driver/Src/stm32h5xx_hal_spi.c ****         hspi->pRxBuffPtr += sizeof(uint32_t);
ARM GAS  /tmp/cc3pUyOJ.s 			page 114


 1980              		.loc 1 1161 27 is_stmt 0 view .LVU636
 1981 0152 E26E     		ldr	r2, [r4, #108]
1161:Drivers/STM32H5xx_HAL_Driver/Src/stm32h5xx_hal_spi.c ****         hspi->pRxBuffPtr += sizeof(uint32_t);
 1982              		.loc 1 1161 43 view .LVU637
 1983 0154 1B6B     		ldr	r3, [r3, #48]
1161:Drivers/STM32H5xx_HAL_Driver/Src/stm32h5xx_hal_spi.c ****         hspi->pRxBuffPtr += sizeof(uint32_t);
 1984              		.loc 1 1161 41 view .LVU638
 1985 0156 1360     		str	r3, [r2]
1162:Drivers/STM32H5xx_HAL_Driver/Src/stm32h5xx_hal_spi.c ****         hspi->RxXferCount--;
 1986              		.loc 1 1162 9 is_stmt 1 view .LVU639
1162:Drivers/STM32H5xx_HAL_Driver/Src/stm32h5xx_hal_spi.c ****         hspi->RxXferCount--;
 1987              		.loc 1 1162 13 is_stmt 0 view .LVU640
 1988 0158 E36E     		ldr	r3, [r4, #108]
1162:Drivers/STM32H5xx_HAL_Driver/Src/stm32h5xx_hal_spi.c ****         hspi->RxXferCount--;
 1989              		.loc 1 1162 26 view .LVU641
 1990 015a 0433     		adds	r3, r3, #4
 1991 015c E366     		str	r3, [r4, #108]
1163:Drivers/STM32H5xx_HAL_Driver/Src/stm32h5xx_hal_spi.c ****       }
 1992              		.loc 1 1163 9 is_stmt 1 view .LVU642
1163:Drivers/STM32H5xx_HAL_Driver/Src/stm32h5xx_hal_spi.c ****       }
 1993              		.loc 1 1163 13 is_stmt 0 view .LVU643
 1994 015e B4F87220 		ldrh	r2, [r4, #114]
 1995 0162 92B2     		uxth	r2, r2
1163:Drivers/STM32H5xx_HAL_Driver/Src/stm32h5xx_hal_spi.c ****       }
 1996              		.loc 1 1163 26 view .LVU644
 1997 0164 013A     		subs	r2, r2, #1
 1998 0166 92B2     		uxth	r2, r2
 1999 0168 A4F87220 		strh	r2, [r4, #114]	@ movhi
 2000 016c E5E7     		b	.L116
 2001              	.LVL75:
 2002              	.L115:
1178:Drivers/STM32H5xx_HAL_Driver/Src/stm32h5xx_hal_spi.c **** 
 2003              		.loc 1 1178 11 is_stmt 1 view .LVU645
 2004 016e 2046     		mov	r0, r4
 2005 0170 FFF7FEFF 		bl	SPI_CloseTransfer
 2006              	.LVL76:
1180:Drivers/STM32H5xx_HAL_Driver/Src/stm32h5xx_hal_spi.c ****           hspi->State = HAL_SPI_STATE_READY;
 2007              		.loc 1 1180 11 view .LVU646
 2008 0174 D4F88C30 		ldr	r3, [r4, #140]
 2009 0178 43F48073 		orr	r3, r3, #256
 2010 017c C4F88C30 		str	r3, [r4, #140]
1181:Drivers/STM32H5xx_HAL_Driver/Src/stm32h5xx_hal_spi.c **** 
 2011              		.loc 1 1181 11 view .LVU647
1181:Drivers/STM32H5xx_HAL_Driver/Src/stm32h5xx_hal_spi.c **** 
 2012              		.loc 1 1181 23 is_stmt 0 view .LVU648
 2013 0180 0123     		movs	r3, #1
 2014 0182 84F88930 		strb	r3, [r4, #137]
1184:Drivers/STM32H5xx_HAL_Driver/Src/stm32h5xx_hal_spi.c **** 
 2015              		.loc 1 1184 11 is_stmt 1 view .LVU649
1184:Drivers/STM32H5xx_HAL_Driver/Src/stm32h5xx_hal_spi.c **** 
 2016              		.loc 1 1184 11 view .LVU650
 2017 0186 0023     		movs	r3, #0
 2018 0188 84F88830 		strb	r3, [r4, #136]
1184:Drivers/STM32H5xx_HAL_Driver/Src/stm32h5xx_hal_spi.c **** 
 2019              		.loc 1 1184 11 view .LVU651
1186:Drivers/STM32H5xx_HAL_Driver/Src/stm32h5xx_hal_spi.c ****         }
 2020              		.loc 1 1186 11 view .LVU652
ARM GAS  /tmp/cc3pUyOJ.s 			page 115


1186:Drivers/STM32H5xx_HAL_Driver/Src/stm32h5xx_hal_spi.c ****         }
 2021              		.loc 1 1186 18 is_stmt 0 view .LVU653
 2022 018c 0327     		movs	r7, #3
 2023 018e F6E0     		b	.L105
 2024              	.LVL77:
 2025              	.L121:
1212:Drivers/STM32H5xx_HAL_Driver/Src/stm32h5xx_hal_spi.c ****       {
 2026              		.loc 1 1212 12 is_stmt 1 view .LVU654
1212:Drivers/STM32H5xx_HAL_Driver/Src/stm32h5xx_hal_spi.c ****       {
 2027              		.loc 1 1212 21 is_stmt 0 view .LVU655
 2028 0190 B4F87230 		ldrh	r3, [r4, #114]
 2029 0194 9BB2     		uxth	r3, r3
1212:Drivers/STM32H5xx_HAL_Driver/Src/stm32h5xx_hal_spi.c ****       {
 2030              		.loc 1 1212 15 view .LVU656
 2031 0196 AB42     		cmp	r3, r5
 2032 0198 17D2     		bcs	.L123
1212:Drivers/STM32H5xx_HAL_Driver/Src/stm32h5xx_hal_spi.c ****       {
 2033              		.loc 1 1212 60 discriminator 1 view .LVU657
 2034 019a 12F4004F 		tst	r2, #32768
 2035 019e 14D0     		beq	.L123
1215:Drivers/STM32H5xx_HAL_Driver/Src/stm32h5xx_hal_spi.c **** #else
 2036              		.loc 1 1215 9 is_stmt 1 view .LVU658
1215:Drivers/STM32H5xx_HAL_Driver/Src/stm32h5xx_hal_spi.c **** #else
 2037              		.loc 1 1215 27 is_stmt 0 view .LVU659
 2038 01a0 E36E     		ldr	r3, [r4, #108]
1215:Drivers/STM32H5xx_HAL_Driver/Src/stm32h5xx_hal_spi.c **** #else
 2039              		.loc 1 1215 43 view .LVU660
 2040 01a2 B9F83020 		ldrh	r2, [r9, #48]
 2041              	.LVL78:
1215:Drivers/STM32H5xx_HAL_Driver/Src/stm32h5xx_hal_spi.c **** #else
 2042              		.loc 1 1215 41 view .LVU661
 2043 01a6 1A80     		strh	r2, [r3]	@ movhi
1219:Drivers/STM32H5xx_HAL_Driver/Src/stm32h5xx_hal_spi.c **** #if defined (__GNUC__)
 2044              		.loc 1 1219 9 is_stmt 1 view .LVU662
1219:Drivers/STM32H5xx_HAL_Driver/Src/stm32h5xx_hal_spi.c **** #if defined (__GNUC__)
 2045              		.loc 1 1219 13 is_stmt 0 view .LVU663
 2046 01a8 E36E     		ldr	r3, [r4, #108]
1219:Drivers/STM32H5xx_HAL_Driver/Src/stm32h5xx_hal_spi.c **** #if defined (__GNUC__)
 2047              		.loc 1 1219 26 view .LVU664
 2048 01aa 9A1C     		adds	r2, r3, #2
 2049 01ac E266     		str	r2, [r4, #108]
1221:Drivers/STM32H5xx_HAL_Driver/Src/stm32h5xx_hal_spi.c **** #else
 2050              		.loc 1 1221 9 is_stmt 1 view .LVU665
1221:Drivers/STM32H5xx_HAL_Driver/Src/stm32h5xx_hal_spi.c **** #else
 2051              		.loc 1 1221 43 is_stmt 0 view .LVU666
 2052 01ae B9F83020 		ldrh	r2, [r9, #48]
1221:Drivers/STM32H5xx_HAL_Driver/Src/stm32h5xx_hal_spi.c **** #else
 2053              		.loc 1 1221 41 view .LVU667
 2054 01b2 5A80     		strh	r2, [r3, #2]	@ movhi
1225:Drivers/STM32H5xx_HAL_Driver/Src/stm32h5xx_hal_spi.c ****         hspi->RxXferCount -= (uint16_t)2UL;
 2055              		.loc 1 1225 9 is_stmt 1 view .LVU668
1225:Drivers/STM32H5xx_HAL_Driver/Src/stm32h5xx_hal_spi.c ****         hspi->RxXferCount -= (uint16_t)2UL;
 2056              		.loc 1 1225 13 is_stmt 0 view .LVU669
 2057 01b4 E36E     		ldr	r3, [r4, #108]
1225:Drivers/STM32H5xx_HAL_Driver/Src/stm32h5xx_hal_spi.c ****         hspi->RxXferCount -= (uint16_t)2UL;
 2058              		.loc 1 1225 26 view .LVU670
 2059 01b6 0233     		adds	r3, r3, #2
ARM GAS  /tmp/cc3pUyOJ.s 			page 116


 2060 01b8 E366     		str	r3, [r4, #108]
1226:Drivers/STM32H5xx_HAL_Driver/Src/stm32h5xx_hal_spi.c ****       }
 2061              		.loc 1 1226 9 is_stmt 1 view .LVU671
1226:Drivers/STM32H5xx_HAL_Driver/Src/stm32h5xx_hal_spi.c ****       }
 2062              		.loc 1 1226 13 is_stmt 0 view .LVU672
 2063 01ba B4F87230 		ldrh	r3, [r4, #114]
 2064 01be 9BB2     		uxth	r3, r3
1226:Drivers/STM32H5xx_HAL_Driver/Src/stm32h5xx_hal_spi.c ****       }
 2065              		.loc 1 1226 27 view .LVU673
 2066 01c0 023B     		subs	r3, r3, #2
 2067 01c2 9BB2     		uxth	r3, r3
 2068 01c4 A4F87230 		strh	r3, [r4, #114]	@ movhi
 2069 01c8 20E0     		b	.L119
 2070              	.LVL79:
 2071              	.L123:
1229:Drivers/STM32H5xx_HAL_Driver/Src/stm32h5xx_hal_spi.c ****       {
 2072              		.loc 1 1229 12 is_stmt 1 view .LVU674
1229:Drivers/STM32H5xx_HAL_Driver/Src/stm32h5xx_hal_spi.c ****       {
 2073              		.loc 1 1229 21 is_stmt 0 view .LVU675
 2074 01ca B4F87230 		ldrh	r3, [r4, #114]
 2075 01ce 9BB2     		uxth	r3, r3
1229:Drivers/STM32H5xx_HAL_Driver/Src/stm32h5xx_hal_spi.c ****       {
 2076              		.loc 1 1229 15 view .LVU676
 2077 01d0 012B     		cmp	r3, #1
 2078 01d2 11D1     		bne	.L124
1229:Drivers/STM32H5xx_HAL_Driver/Src/stm32h5xx_hal_spi.c ****       {
 2079              		.loc 1 1229 43 discriminator 1 view .LVU677
 2080 01d4 12F4005F 		tst	r2, #8192
 2081 01d8 0ED0     		beq	.L124
1232:Drivers/STM32H5xx_HAL_Driver/Src/stm32h5xx_hal_spi.c **** #else
 2082              		.loc 1 1232 9 is_stmt 1 view .LVU678
1232:Drivers/STM32H5xx_HAL_Driver/Src/stm32h5xx_hal_spi.c **** #else
 2083              		.loc 1 1232 27 is_stmt 0 view .LVU679
 2084 01da E36E     		ldr	r3, [r4, #108]
1232:Drivers/STM32H5xx_HAL_Driver/Src/stm32h5xx_hal_spi.c **** #else
 2085              		.loc 1 1232 43 view .LVU680
 2086 01dc B9F83020 		ldrh	r2, [r9, #48]
 2087              	.LVL80:
1232:Drivers/STM32H5xx_HAL_Driver/Src/stm32h5xx_hal_spi.c **** #else
 2088              		.loc 1 1232 41 view .LVU681
 2089 01e0 1A80     		strh	r2, [r3]	@ movhi
1236:Drivers/STM32H5xx_HAL_Driver/Src/stm32h5xx_hal_spi.c ****         hspi->RxXferCount--;
 2090              		.loc 1 1236 9 is_stmt 1 view .LVU682
1236:Drivers/STM32H5xx_HAL_Driver/Src/stm32h5xx_hal_spi.c ****         hspi->RxXferCount--;
 2091              		.loc 1 1236 13 is_stmt 0 view .LVU683
 2092 01e2 E36E     		ldr	r3, [r4, #108]
1236:Drivers/STM32H5xx_HAL_Driver/Src/stm32h5xx_hal_spi.c ****         hspi->RxXferCount--;
 2093              		.loc 1 1236 26 view .LVU684
 2094 01e4 0233     		adds	r3, r3, #2
 2095 01e6 E366     		str	r3, [r4, #108]
1237:Drivers/STM32H5xx_HAL_Driver/Src/stm32h5xx_hal_spi.c ****       }
 2096              		.loc 1 1237 9 is_stmt 1 view .LVU685
1237:Drivers/STM32H5xx_HAL_Driver/Src/stm32h5xx_hal_spi.c ****       }
 2097              		.loc 1 1237 13 is_stmt 0 view .LVU686
 2098 01e8 B4F87230 		ldrh	r3, [r4, #114]
 2099 01ec 9BB2     		uxth	r3, r3
1237:Drivers/STM32H5xx_HAL_Driver/Src/stm32h5xx_hal_spi.c ****       }
ARM GAS  /tmp/cc3pUyOJ.s 			page 117


 2100              		.loc 1 1237 26 view .LVU687
 2101 01ee 013B     		subs	r3, r3, #1
 2102 01f0 9BB2     		uxth	r3, r3
 2103 01f2 A4F87230 		strh	r3, [r4, #114]	@ movhi
 2104 01f6 09E0     		b	.L119
 2105              	.LVL81:
 2106              	.L124:
1242:Drivers/STM32H5xx_HAL_Driver/Src/stm32h5xx_hal_spi.c ****         {
 2107              		.loc 1 1242 9 is_stmt 1 view .LVU688
1242:Drivers/STM32H5xx_HAL_Driver/Src/stm32h5xx_hal_spi.c ****         {
 2108              		.loc 1 1242 16 is_stmt 0 view .LVU689
 2109 01f8 FFF7FEFF 		bl	HAL_GetTick
 2110              	.LVL82:
1242:Drivers/STM32H5xx_HAL_Driver/Src/stm32h5xx_hal_spi.c ****         {
 2111              		.loc 1 1242 30 discriminator 1 view .LVU690
 2112 01fc A0EB0800 		sub	r0, r0, r8
1242:Drivers/STM32H5xx_HAL_Driver/Src/stm32h5xx_hal_spi.c ****         {
 2113              		.loc 1 1242 12 discriminator 1 view .LVU691
 2114 0200 B042     		cmp	r0, r6
 2115 0202 02D3     		bcc	.L125
1242:Drivers/STM32H5xx_HAL_Driver/Src/stm32h5xx_hal_spi.c ****         {
 2116              		.loc 1 1242 56 discriminator 1 view .LVU692
 2117 0204 B6F1FF3F 		cmp	r6, #-1
 2118 0208 1BD1     		bne	.L126
 2119              	.L125:
1242:Drivers/STM32H5xx_HAL_Driver/Src/stm32h5xx_hal_spi.c ****         {
 2120              		.loc 1 1242 87 discriminator 3 view .LVU693
 2121 020a D6B1     		cbz	r6, .L126
 2122              	.LVL83:
 2123              	.L119:
1195:Drivers/STM32H5xx_HAL_Driver/Src/stm32h5xx_hal_spi.c ****     {
 2124              		.loc 1 1195 30 is_stmt 1 view .LVU694
1195:Drivers/STM32H5xx_HAL_Driver/Src/stm32h5xx_hal_spi.c ****     {
 2125              		.loc 1 1195 16 is_stmt 0 view .LVU695
 2126 020c B4F87230 		ldrh	r3, [r4, #114]
 2127 0210 9BB2     		uxth	r3, r3
1195:Drivers/STM32H5xx_HAL_Driver/Src/stm32h5xx_hal_spi.c ****     {
 2128              		.loc 1 1195 30 view .LVU696
 2129 0212 002B     		cmp	r3, #0
 2130 0214 00F0A480 		beq	.L118
1198:Drivers/STM32H5xx_HAL_Driver/Src/stm32h5xx_hal_spi.c **** 
 2131              		.loc 1 1198 7 is_stmt 1 view .LVU697
1198:Drivers/STM32H5xx_HAL_Driver/Src/stm32h5xx_hal_spi.c **** 
 2132              		.loc 1 1198 25 is_stmt 0 view .LVU698
 2133 0218 2368     		ldr	r3, [r4]
1198:Drivers/STM32H5xx_HAL_Driver/Src/stm32h5xx_hal_spi.c **** 
 2134              		.loc 1 1198 19 view .LVU699
 2135 021a 5A69     		ldr	r2, [r3, #20]
 2136              	.LVL84:
1201:Drivers/STM32H5xx_HAL_Driver/Src/stm32h5xx_hal_spi.c ****       {
 2137              		.loc 1 1201 7 is_stmt 1 view .LVU700
1201:Drivers/STM32H5xx_HAL_Driver/Src/stm32h5xx_hal_spi.c ****       {
 2138              		.loc 1 1201 11 is_stmt 0 view .LVU701
 2139 021c 5B69     		ldr	r3, [r3, #20]
1201:Drivers/STM32H5xx_HAL_Driver/Src/stm32h5xx_hal_spi.c ****       {
 2140              		.loc 1 1201 10 view .LVU702
 2141 021e 13F0010F 		tst	r3, #1
ARM GAS  /tmp/cc3pUyOJ.s 			page 118


 2142 0222 B5D0     		beq	.L121
1204:Drivers/STM32H5xx_HAL_Driver/Src/stm32h5xx_hal_spi.c **** #else
 2143              		.loc 1 1204 9 is_stmt 1 view .LVU703
1204:Drivers/STM32H5xx_HAL_Driver/Src/stm32h5xx_hal_spi.c **** #else
 2144              		.loc 1 1204 27 is_stmt 0 view .LVU704
 2145 0224 E36E     		ldr	r3, [r4, #108]
1204:Drivers/STM32H5xx_HAL_Driver/Src/stm32h5xx_hal_spi.c **** #else
 2146              		.loc 1 1204 43 view .LVU705
 2147 0226 B9F83020 		ldrh	r2, [r9, #48]
 2148              	.LVL85:
1204:Drivers/STM32H5xx_HAL_Driver/Src/stm32h5xx_hal_spi.c **** #else
 2149              		.loc 1 1204 41 view .LVU706
 2150 022a 1A80     		strh	r2, [r3]	@ movhi
1208:Drivers/STM32H5xx_HAL_Driver/Src/stm32h5xx_hal_spi.c ****         hspi->RxXferCount--;
 2151              		.loc 1 1208 9 is_stmt 1 view .LVU707
1208:Drivers/STM32H5xx_HAL_Driver/Src/stm32h5xx_hal_spi.c ****         hspi->RxXferCount--;
 2152              		.loc 1 1208 13 is_stmt 0 view .LVU708
 2153 022c E36E     		ldr	r3, [r4, #108]
1208:Drivers/STM32H5xx_HAL_Driver/Src/stm32h5xx_hal_spi.c ****         hspi->RxXferCount--;
 2154              		.loc 1 1208 26 view .LVU709
 2155 022e 0233     		adds	r3, r3, #2
 2156 0230 E366     		str	r3, [r4, #108]
1209:Drivers/STM32H5xx_HAL_Driver/Src/stm32h5xx_hal_spi.c ****       }
 2157              		.loc 1 1209 9 is_stmt 1 view .LVU710
1209:Drivers/STM32H5xx_HAL_Driver/Src/stm32h5xx_hal_spi.c ****       }
 2158              		.loc 1 1209 13 is_stmt 0 view .LVU711
 2159 0232 B4F87230 		ldrh	r3, [r4, #114]
 2160 0236 9BB2     		uxth	r3, r3
1209:Drivers/STM32H5xx_HAL_Driver/Src/stm32h5xx_hal_spi.c ****       }
 2161              		.loc 1 1209 26 view .LVU712
 2162 0238 013B     		subs	r3, r3, #1
 2163 023a 9BB2     		uxth	r3, r3
 2164 023c A4F87230 		strh	r3, [r4, #114]	@ movhi
 2165 0240 E4E7     		b	.L119
 2166              	.L126:
1245:Drivers/STM32H5xx_HAL_Driver/Src/stm32h5xx_hal_spi.c **** 
 2167              		.loc 1 1245 11 is_stmt 1 view .LVU713
 2168 0242 2046     		mov	r0, r4
 2169 0244 FFF7FEFF 		bl	SPI_CloseTransfer
 2170              	.LVL86:
1247:Drivers/STM32H5xx_HAL_Driver/Src/stm32h5xx_hal_spi.c ****           hspi->State = HAL_SPI_STATE_READY;
 2171              		.loc 1 1247 11 view .LVU714
 2172 0248 D4F88C30 		ldr	r3, [r4, #140]
 2173 024c 43F48073 		orr	r3, r3, #256
 2174 0250 C4F88C30 		str	r3, [r4, #140]
1248:Drivers/STM32H5xx_HAL_Driver/Src/stm32h5xx_hal_spi.c **** 
 2175              		.loc 1 1248 11 view .LVU715
1248:Drivers/STM32H5xx_HAL_Driver/Src/stm32h5xx_hal_spi.c **** 
 2176              		.loc 1 1248 23 is_stmt 0 view .LVU716
 2177 0254 0123     		movs	r3, #1
 2178 0256 84F88930 		strb	r3, [r4, #137]
1251:Drivers/STM32H5xx_HAL_Driver/Src/stm32h5xx_hal_spi.c **** 
 2179              		.loc 1 1251 11 is_stmt 1 view .LVU717
1251:Drivers/STM32H5xx_HAL_Driver/Src/stm32h5xx_hal_spi.c **** 
 2180              		.loc 1 1251 11 view .LVU718
 2181 025a 0023     		movs	r3, #0
 2182 025c 84F88830 		strb	r3, [r4, #136]
ARM GAS  /tmp/cc3pUyOJ.s 			page 119


1251:Drivers/STM32H5xx_HAL_Driver/Src/stm32h5xx_hal_spi.c **** 
 2183              		.loc 1 1251 11 view .LVU719
1253:Drivers/STM32H5xx_HAL_Driver/Src/stm32h5xx_hal_spi.c ****         }
 2184              		.loc 1 1253 11 view .LVU720
1253:Drivers/STM32H5xx_HAL_Driver/Src/stm32h5xx_hal_spi.c ****         }
 2185              		.loc 1 1253 18 is_stmt 0 view .LVU721
 2186 0260 0327     		movs	r7, #3
 2187 0262 8CE0     		b	.L105
 2188              	.LVL87:
 2189              	.L128:
1275:Drivers/STM32H5xx_HAL_Driver/Src/stm32h5xx_hal_spi.c ****       {
 2190              		.loc 1 1275 12 is_stmt 1 view .LVU722
1275:Drivers/STM32H5xx_HAL_Driver/Src/stm32h5xx_hal_spi.c ****       {
 2191              		.loc 1 1275 21 is_stmt 0 view .LVU723
 2192 0264 B4F87220 		ldrh	r2, [r4, #114]
 2193 0268 92B2     		uxth	r2, r2
1275:Drivers/STM32H5xx_HAL_Driver/Src/stm32h5xx_hal_spi.c ****       {
 2194              		.loc 1 1275 15 view .LVU724
 2195 026a AA42     		cmp	r2, r5
 2196 026c 26D2     		bcs	.L130
1275:Drivers/STM32H5xx_HAL_Driver/Src/stm32h5xx_hal_spi.c ****       {
 2197              		.loc 1 1275 60 discriminator 1 view .LVU725
 2198 026e 11F4004F 		tst	r1, #32768
 2199 0272 23D0     		beq	.L130
1277:Drivers/STM32H5xx_HAL_Driver/Src/stm32h5xx_hal_spi.c ****         hspi->pRxBuffPtr += sizeof(uint8_t);
 2200              		.loc 1 1277 9 is_stmt 1 view .LVU726
1277:Drivers/STM32H5xx_HAL_Driver/Src/stm32h5xx_hal_spi.c ****         hspi->pRxBuffPtr += sizeof(uint8_t);
 2201              		.loc 1 1277 26 is_stmt 0 view .LVU727
 2202 0274 E26E     		ldr	r2, [r4, #108]
1277:Drivers/STM32H5xx_HAL_Driver/Src/stm32h5xx_hal_spi.c ****         hspi->pRxBuffPtr += sizeof(uint8_t);
 2203              		.loc 1 1277 42 view .LVU728
 2204 0276 93F83030 		ldrb	r3, [r3, #48]	@ zero_extendqisi2
1277:Drivers/STM32H5xx_HAL_Driver/Src/stm32h5xx_hal_spi.c ****         hspi->pRxBuffPtr += sizeof(uint8_t);
 2205              		.loc 1 1277 40 view .LVU729
 2206 027a 1370     		strb	r3, [r2]
1278:Drivers/STM32H5xx_HAL_Driver/Src/stm32h5xx_hal_spi.c ****         *((uint8_t *)hspi->pRxBuffPtr) = *((__IO uint8_t *)&hspi->Instance->RXDR);
 2207              		.loc 1 1278 9 is_stmt 1 view .LVU730
1278:Drivers/STM32H5xx_HAL_Driver/Src/stm32h5xx_hal_spi.c ****         *((uint8_t *)hspi->pRxBuffPtr) = *((__IO uint8_t *)&hspi->Instance->RXDR);
 2208              		.loc 1 1278 13 is_stmt 0 view .LVU731
 2209 027c E36E     		ldr	r3, [r4, #108]
1278:Drivers/STM32H5xx_HAL_Driver/Src/stm32h5xx_hal_spi.c ****         *((uint8_t *)hspi->pRxBuffPtr) = *((__IO uint8_t *)&hspi->Instance->RXDR);
 2210              		.loc 1 1278 26 view .LVU732
 2211 027e 5A1C     		adds	r2, r3, #1
 2212 0280 E266     		str	r2, [r4, #108]
1279:Drivers/STM32H5xx_HAL_Driver/Src/stm32h5xx_hal_spi.c ****         hspi->pRxBuffPtr += sizeof(uint8_t);
 2213              		.loc 1 1279 9 is_stmt 1 view .LVU733
1279:Drivers/STM32H5xx_HAL_Driver/Src/stm32h5xx_hal_spi.c ****         hspi->pRxBuffPtr += sizeof(uint8_t);
 2214              		.loc 1 1279 65 is_stmt 0 view .LVU734
 2215 0282 2268     		ldr	r2, [r4]
1279:Drivers/STM32H5xx_HAL_Driver/Src/stm32h5xx_hal_spi.c ****         hspi->pRxBuffPtr += sizeof(uint8_t);
 2216              		.loc 1 1279 42 view .LVU735
 2217 0284 92F83020 		ldrb	r2, [r2, #48]	@ zero_extendqisi2
1279:Drivers/STM32H5xx_HAL_Driver/Src/stm32h5xx_hal_spi.c ****         hspi->pRxBuffPtr += sizeof(uint8_t);
 2218              		.loc 1 1279 40 view .LVU736
 2219 0288 5A70     		strb	r2, [r3, #1]
1280:Drivers/STM32H5xx_HAL_Driver/Src/stm32h5xx_hal_spi.c ****         *((uint8_t *)hspi->pRxBuffPtr) = *((__IO uint8_t *)&hspi->Instance->RXDR);
 2220              		.loc 1 1280 9 is_stmt 1 view .LVU737
ARM GAS  /tmp/cc3pUyOJ.s 			page 120


1280:Drivers/STM32H5xx_HAL_Driver/Src/stm32h5xx_hal_spi.c ****         *((uint8_t *)hspi->pRxBuffPtr) = *((__IO uint8_t *)&hspi->Instance->RXDR);
 2221              		.loc 1 1280 13 is_stmt 0 view .LVU738
 2222 028a E36E     		ldr	r3, [r4, #108]
1280:Drivers/STM32H5xx_HAL_Driver/Src/stm32h5xx_hal_spi.c ****         *((uint8_t *)hspi->pRxBuffPtr) = *((__IO uint8_t *)&hspi->Instance->RXDR);
 2223              		.loc 1 1280 26 view .LVU739
 2224 028c 5A1C     		adds	r2, r3, #1
 2225 028e E266     		str	r2, [r4, #108]
1281:Drivers/STM32H5xx_HAL_Driver/Src/stm32h5xx_hal_spi.c ****         hspi->pRxBuffPtr += sizeof(uint8_t);
 2226              		.loc 1 1281 9 is_stmt 1 view .LVU740
1281:Drivers/STM32H5xx_HAL_Driver/Src/stm32h5xx_hal_spi.c ****         hspi->pRxBuffPtr += sizeof(uint8_t);
 2227              		.loc 1 1281 65 is_stmt 0 view .LVU741
 2228 0290 2268     		ldr	r2, [r4]
1281:Drivers/STM32H5xx_HAL_Driver/Src/stm32h5xx_hal_spi.c ****         hspi->pRxBuffPtr += sizeof(uint8_t);
 2229              		.loc 1 1281 42 view .LVU742
 2230 0292 92F83020 		ldrb	r2, [r2, #48]	@ zero_extendqisi2
1281:Drivers/STM32H5xx_HAL_Driver/Src/stm32h5xx_hal_spi.c ****         hspi->pRxBuffPtr += sizeof(uint8_t);
 2231              		.loc 1 1281 40 view .LVU743
 2232 0296 5A70     		strb	r2, [r3, #1]
1282:Drivers/STM32H5xx_HAL_Driver/Src/stm32h5xx_hal_spi.c ****         *((uint8_t *)hspi->pRxBuffPtr) = *((__IO uint8_t *)&hspi->Instance->RXDR);
 2233              		.loc 1 1282 9 is_stmt 1 view .LVU744
1282:Drivers/STM32H5xx_HAL_Driver/Src/stm32h5xx_hal_spi.c ****         *((uint8_t *)hspi->pRxBuffPtr) = *((__IO uint8_t *)&hspi->Instance->RXDR);
 2234              		.loc 1 1282 13 is_stmt 0 view .LVU745
 2235 0298 E36E     		ldr	r3, [r4, #108]
1282:Drivers/STM32H5xx_HAL_Driver/Src/stm32h5xx_hal_spi.c ****         *((uint8_t *)hspi->pRxBuffPtr) = *((__IO uint8_t *)&hspi->Instance->RXDR);
 2236              		.loc 1 1282 26 view .LVU746
 2237 029a 5A1C     		adds	r2, r3, #1
 2238 029c E266     		str	r2, [r4, #108]
1283:Drivers/STM32H5xx_HAL_Driver/Src/stm32h5xx_hal_spi.c ****         hspi->pRxBuffPtr += sizeof(uint8_t);
 2239              		.loc 1 1283 9 is_stmt 1 view .LVU747
1283:Drivers/STM32H5xx_HAL_Driver/Src/stm32h5xx_hal_spi.c ****         hspi->pRxBuffPtr += sizeof(uint8_t);
 2240              		.loc 1 1283 65 is_stmt 0 view .LVU748
 2241 029e 2268     		ldr	r2, [r4]
1283:Drivers/STM32H5xx_HAL_Driver/Src/stm32h5xx_hal_spi.c ****         hspi->pRxBuffPtr += sizeof(uint8_t);
 2242              		.loc 1 1283 42 view .LVU749
 2243 02a0 92F83020 		ldrb	r2, [r2, #48]	@ zero_extendqisi2
1283:Drivers/STM32H5xx_HAL_Driver/Src/stm32h5xx_hal_spi.c ****         hspi->pRxBuffPtr += sizeof(uint8_t);
 2244              		.loc 1 1283 40 view .LVU750
 2245 02a4 5A70     		strb	r2, [r3, #1]
1284:Drivers/STM32H5xx_HAL_Driver/Src/stm32h5xx_hal_spi.c ****         hspi->RxXferCount -= (uint16_t)4UL;
 2246              		.loc 1 1284 9 is_stmt 1 view .LVU751
1284:Drivers/STM32H5xx_HAL_Driver/Src/stm32h5xx_hal_spi.c ****         hspi->RxXferCount -= (uint16_t)4UL;
 2247              		.loc 1 1284 13 is_stmt 0 view .LVU752
 2248 02a6 E36E     		ldr	r3, [r4, #108]
1284:Drivers/STM32H5xx_HAL_Driver/Src/stm32h5xx_hal_spi.c ****         hspi->RxXferCount -= (uint16_t)4UL;
 2249              		.loc 1 1284 26 view .LVU753
 2250 02a8 0133     		adds	r3, r3, #1
 2251 02aa E366     		str	r3, [r4, #108]
1285:Drivers/STM32H5xx_HAL_Driver/Src/stm32h5xx_hal_spi.c ****       }
 2252              		.loc 1 1285 9 is_stmt 1 view .LVU754
1285:Drivers/STM32H5xx_HAL_Driver/Src/stm32h5xx_hal_spi.c ****       }
 2253              		.loc 1 1285 13 is_stmt 0 view .LVU755
 2254 02ac B4F87230 		ldrh	r3, [r4, #114]
 2255 02b0 9BB2     		uxth	r3, r3
1285:Drivers/STM32H5xx_HAL_Driver/Src/stm32h5xx_hal_spi.c ****       }
 2256              		.loc 1 1285 27 view .LVU756
 2257 02b2 043B     		subs	r3, r3, #4
 2258 02b4 9BB2     		uxth	r3, r3
ARM GAS  /tmp/cc3pUyOJ.s 			page 121


 2259 02b6 A4F87230 		strh	r3, [r4, #114]	@ movhi
 2260 02ba 20E0     		b	.L120
 2261              	.L130:
1288:Drivers/STM32H5xx_HAL_Driver/Src/stm32h5xx_hal_spi.c ****       {
 2262              		.loc 1 1288 12 is_stmt 1 view .LVU757
1288:Drivers/STM32H5xx_HAL_Driver/Src/stm32h5xx_hal_spi.c ****       {
 2263              		.loc 1 1288 21 is_stmt 0 view .LVU758
 2264 02bc B4F87220 		ldrh	r2, [r4, #114]
 2265 02c0 92B2     		uxth	r2, r2
1288:Drivers/STM32H5xx_HAL_Driver/Src/stm32h5xx_hal_spi.c ****       {
 2266              		.loc 1 1288 15 view .LVU759
 2267 02c2 032A     		cmp	r2, #3
 2268 02c4 11D8     		bhi	.L131
1288:Drivers/STM32H5xx_HAL_Driver/Src/stm32h5xx_hal_spi.c ****       {
 2269              		.loc 1 1288 42 discriminator 1 view .LVU760
 2270 02c6 11F4C04F 		tst	r1, #24576
 2271 02ca 0ED0     		beq	.L131
1290:Drivers/STM32H5xx_HAL_Driver/Src/stm32h5xx_hal_spi.c ****         hspi->pRxBuffPtr += sizeof(uint8_t);
 2272              		.loc 1 1290 9 is_stmt 1 view .LVU761
1290:Drivers/STM32H5xx_HAL_Driver/Src/stm32h5xx_hal_spi.c ****         hspi->pRxBuffPtr += sizeof(uint8_t);
 2273              		.loc 1 1290 26 is_stmt 0 view .LVU762
 2274 02cc E26E     		ldr	r2, [r4, #108]
1290:Drivers/STM32H5xx_HAL_Driver/Src/stm32h5xx_hal_spi.c ****         hspi->pRxBuffPtr += sizeof(uint8_t);
 2275              		.loc 1 1290 42 view .LVU763
 2276 02ce 93F83030 		ldrb	r3, [r3, #48]	@ zero_extendqisi2
1290:Drivers/STM32H5xx_HAL_Driver/Src/stm32h5xx_hal_spi.c ****         hspi->pRxBuffPtr += sizeof(uint8_t);
 2277              		.loc 1 1290 40 view .LVU764
 2278 02d2 1370     		strb	r3, [r2]
1291:Drivers/STM32H5xx_HAL_Driver/Src/stm32h5xx_hal_spi.c ****         hspi->RxXferCount--;
 2279              		.loc 1 1291 9 is_stmt 1 view .LVU765
1291:Drivers/STM32H5xx_HAL_Driver/Src/stm32h5xx_hal_spi.c ****         hspi->RxXferCount--;
 2280              		.loc 1 1291 13 is_stmt 0 view .LVU766
 2281 02d4 E36E     		ldr	r3, [r4, #108]
1291:Drivers/STM32H5xx_HAL_Driver/Src/stm32h5xx_hal_spi.c ****         hspi->RxXferCount--;
 2282              		.loc 1 1291 26 view .LVU767
 2283 02d6 0133     		adds	r3, r3, #1
 2284 02d8 E366     		str	r3, [r4, #108]
1292:Drivers/STM32H5xx_HAL_Driver/Src/stm32h5xx_hal_spi.c ****       }
 2285              		.loc 1 1292 9 is_stmt 1 view .LVU768
1292:Drivers/STM32H5xx_HAL_Driver/Src/stm32h5xx_hal_spi.c ****       }
 2286              		.loc 1 1292 13 is_stmt 0 view .LVU769
 2287 02da B4F87230 		ldrh	r3, [r4, #114]
 2288 02de 9BB2     		uxth	r3, r3
1292:Drivers/STM32H5xx_HAL_Driver/Src/stm32h5xx_hal_spi.c ****       }
 2289              		.loc 1 1292 26 view .LVU770
 2290 02e0 013B     		subs	r3, r3, #1
 2291 02e2 9BB2     		uxth	r3, r3
 2292 02e4 A4F87230 		strh	r3, [r4, #114]	@ movhi
 2293 02e8 09E0     		b	.L120
 2294              	.L131:
1297:Drivers/STM32H5xx_HAL_Driver/Src/stm32h5xx_hal_spi.c ****         {
 2295              		.loc 1 1297 9 is_stmt 1 view .LVU771
1297:Drivers/STM32H5xx_HAL_Driver/Src/stm32h5xx_hal_spi.c ****         {
 2296              		.loc 1 1297 16 is_stmt 0 view .LVU772
 2297 02ea FFF7FEFF 		bl	HAL_GetTick
 2298              	.LVL88:
1297:Drivers/STM32H5xx_HAL_Driver/Src/stm32h5xx_hal_spi.c ****         {
ARM GAS  /tmp/cc3pUyOJ.s 			page 122


 2299              		.loc 1 1297 30 discriminator 1 view .LVU773
 2300 02ee A0EB0800 		sub	r0, r0, r8
1297:Drivers/STM32H5xx_HAL_Driver/Src/stm32h5xx_hal_spi.c ****         {
 2301              		.loc 1 1297 12 discriminator 1 view .LVU774
 2302 02f2 B042     		cmp	r0, r6
 2303 02f4 02D3     		bcc	.L132
1297:Drivers/STM32H5xx_HAL_Driver/Src/stm32h5xx_hal_spi.c ****         {
 2304              		.loc 1 1297 56 discriminator 1 view .LVU775
 2305 02f6 B6F1FF3F 		cmp	r6, #-1
 2306 02fa 19D1     		bne	.L133
 2307              	.L132:
1297:Drivers/STM32H5xx_HAL_Driver/Src/stm32h5xx_hal_spi.c ****         {
 2308              		.loc 1 1297 87 discriminator 3 view .LVU776
 2309 02fc C6B1     		cbz	r6, .L133
 2310              	.LVL89:
 2311              	.L120:
1262:Drivers/STM32H5xx_HAL_Driver/Src/stm32h5xx_hal_spi.c ****     {
 2312              		.loc 1 1262 30 is_stmt 1 view .LVU777
1262:Drivers/STM32H5xx_HAL_Driver/Src/stm32h5xx_hal_spi.c ****     {
 2313              		.loc 1 1262 16 is_stmt 0 view .LVU778
 2314 02fe B4F87230 		ldrh	r3, [r4, #114]
 2315 0302 9BB2     		uxth	r3, r3
1262:Drivers/STM32H5xx_HAL_Driver/Src/stm32h5xx_hal_spi.c ****     {
 2316              		.loc 1 1262 30 view .LVU779
 2317 0304 63B3     		cbz	r3, .L118
1265:Drivers/STM32H5xx_HAL_Driver/Src/stm32h5xx_hal_spi.c **** 
 2318              		.loc 1 1265 7 is_stmt 1 view .LVU780
1265:Drivers/STM32H5xx_HAL_Driver/Src/stm32h5xx_hal_spi.c **** 
 2319              		.loc 1 1265 25 is_stmt 0 view .LVU781
 2320 0306 2368     		ldr	r3, [r4]
1265:Drivers/STM32H5xx_HAL_Driver/Src/stm32h5xx_hal_spi.c **** 
 2321              		.loc 1 1265 19 view .LVU782
 2322 0308 5969     		ldr	r1, [r3, #20]
 2323              	.LVL90:
1268:Drivers/STM32H5xx_HAL_Driver/Src/stm32h5xx_hal_spi.c ****       {
 2324              		.loc 1 1268 7 is_stmt 1 view .LVU783
1268:Drivers/STM32H5xx_HAL_Driver/Src/stm32h5xx_hal_spi.c ****       {
 2325              		.loc 1 1268 11 is_stmt 0 view .LVU784
 2326 030a 5A69     		ldr	r2, [r3, #20]
1268:Drivers/STM32H5xx_HAL_Driver/Src/stm32h5xx_hal_spi.c ****       {
 2327              		.loc 1 1268 10 view .LVU785
 2328 030c 12F0010F 		tst	r2, #1
 2329 0310 A8D0     		beq	.L128
1270:Drivers/STM32H5xx_HAL_Driver/Src/stm32h5xx_hal_spi.c ****         hspi->pRxBuffPtr += sizeof(uint8_t);
 2330              		.loc 1 1270 9 is_stmt 1 view .LVU786
1270:Drivers/STM32H5xx_HAL_Driver/Src/stm32h5xx_hal_spi.c ****         hspi->pRxBuffPtr += sizeof(uint8_t);
 2331              		.loc 1 1270 26 is_stmt 0 view .LVU787
 2332 0312 E26E     		ldr	r2, [r4, #108]
1270:Drivers/STM32H5xx_HAL_Driver/Src/stm32h5xx_hal_spi.c ****         hspi->pRxBuffPtr += sizeof(uint8_t);
 2333              		.loc 1 1270 42 view .LVU788
 2334 0314 93F83030 		ldrb	r3, [r3, #48]	@ zero_extendqisi2
1270:Drivers/STM32H5xx_HAL_Driver/Src/stm32h5xx_hal_spi.c ****         hspi->pRxBuffPtr += sizeof(uint8_t);
 2335              		.loc 1 1270 40 view .LVU789
 2336 0318 1370     		strb	r3, [r2]
1271:Drivers/STM32H5xx_HAL_Driver/Src/stm32h5xx_hal_spi.c ****         hspi->RxXferCount--;
 2337              		.loc 1 1271 9 is_stmt 1 view .LVU790
1271:Drivers/STM32H5xx_HAL_Driver/Src/stm32h5xx_hal_spi.c ****         hspi->RxXferCount--;
ARM GAS  /tmp/cc3pUyOJ.s 			page 123


 2338              		.loc 1 1271 13 is_stmt 0 view .LVU791
 2339 031a E36E     		ldr	r3, [r4, #108]
1271:Drivers/STM32H5xx_HAL_Driver/Src/stm32h5xx_hal_spi.c ****         hspi->RxXferCount--;
 2340              		.loc 1 1271 26 view .LVU792
 2341 031c 0133     		adds	r3, r3, #1
 2342 031e E366     		str	r3, [r4, #108]
1272:Drivers/STM32H5xx_HAL_Driver/Src/stm32h5xx_hal_spi.c ****       }
 2343              		.loc 1 1272 9 is_stmt 1 view .LVU793
1272:Drivers/STM32H5xx_HAL_Driver/Src/stm32h5xx_hal_spi.c ****       }
 2344              		.loc 1 1272 13 is_stmt 0 view .LVU794
 2345 0320 B4F87230 		ldrh	r3, [r4, #114]
 2346 0324 9BB2     		uxth	r3, r3
1272:Drivers/STM32H5xx_HAL_Driver/Src/stm32h5xx_hal_spi.c ****       }
 2347              		.loc 1 1272 26 view .LVU795
 2348 0326 013B     		subs	r3, r3, #1
 2349 0328 9BB2     		uxth	r3, r3
 2350 032a A4F87230 		strh	r3, [r4, #114]	@ movhi
 2351 032e E6E7     		b	.L120
 2352              	.LVL91:
 2353              	.L133:
1300:Drivers/STM32H5xx_HAL_Driver/Src/stm32h5xx_hal_spi.c **** 
 2354              		.loc 1 1300 11 is_stmt 1 view .LVU796
 2355 0330 2046     		mov	r0, r4
 2356 0332 FFF7FEFF 		bl	SPI_CloseTransfer
 2357              	.LVL92:
1302:Drivers/STM32H5xx_HAL_Driver/Src/stm32h5xx_hal_spi.c ****           hspi->State = HAL_SPI_STATE_READY;
 2358              		.loc 1 1302 11 view .LVU797
 2359 0336 D4F88C30 		ldr	r3, [r4, #140]
 2360 033a 43F48073 		orr	r3, r3, #256
 2361 033e C4F88C30 		str	r3, [r4, #140]
1303:Drivers/STM32H5xx_HAL_Driver/Src/stm32h5xx_hal_spi.c **** 
 2362              		.loc 1 1303 11 view .LVU798
1303:Drivers/STM32H5xx_HAL_Driver/Src/stm32h5xx_hal_spi.c **** 
 2363              		.loc 1 1303 23 is_stmt 0 view .LVU799
 2364 0342 0123     		movs	r3, #1
 2365 0344 84F88930 		strb	r3, [r4, #137]
1306:Drivers/STM32H5xx_HAL_Driver/Src/stm32h5xx_hal_spi.c **** 
 2366              		.loc 1 1306 11 is_stmt 1 view .LVU800
1306:Drivers/STM32H5xx_HAL_Driver/Src/stm32h5xx_hal_spi.c **** 
 2367              		.loc 1 1306 11 view .LVU801
 2368 0348 0023     		movs	r3, #0
 2369 034a 84F88830 		strb	r3, [r4, #136]
1306:Drivers/STM32H5xx_HAL_Driver/Src/stm32h5xx_hal_spi.c **** 
 2370              		.loc 1 1306 11 view .LVU802
1308:Drivers/STM32H5xx_HAL_Driver/Src/stm32h5xx_hal_spi.c ****         }
 2371              		.loc 1 1308 11 view .LVU803
1308:Drivers/STM32H5xx_HAL_Driver/Src/stm32h5xx_hal_spi.c ****         }
 2372              		.loc 1 1308 18 is_stmt 0 view .LVU804
 2373 034e 0327     		movs	r7, #3
 2374 0350 15E0     		b	.L105
 2375              	.L142:
 2376 0352 00BF     		.align	2
 2377              	.L141:
 2378 0354 00300140 		.word	1073819648
 2379 0358 00380040 		.word	1073756160
 2380 035c 003C0040 		.word	1073757184
 2381              	.LVL93:
ARM GAS  /tmp/cc3pUyOJ.s 			page 124


 2382              	.L118:
1326:Drivers/STM32H5xx_HAL_Driver/Src/stm32h5xx_hal_spi.c **** 
 2383              		.loc 1 1326 3 is_stmt 1 view .LVU805
 2384 0360 2046     		mov	r0, r4
 2385 0362 FFF7FEFF 		bl	SPI_CloseTransfer
 2386              	.LVL94:
1328:Drivers/STM32H5xx_HAL_Driver/Src/stm32h5xx_hal_spi.c **** 
 2387              		.loc 1 1328 3 view .LVU806
1328:Drivers/STM32H5xx_HAL_Driver/Src/stm32h5xx_hal_spi.c **** 
 2388              		.loc 1 1328 15 is_stmt 0 view .LVU807
 2389 0366 0123     		movs	r3, #1
 2390 0368 84F88930 		strb	r3, [r4, #137]
1331:Drivers/STM32H5xx_HAL_Driver/Src/stm32h5xx_hal_spi.c **** 
 2391              		.loc 1 1331 3 is_stmt 1 view .LVU808
1331:Drivers/STM32H5xx_HAL_Driver/Src/stm32h5xx_hal_spi.c **** 
 2392              		.loc 1 1331 3 view .LVU809
 2393 036c 0023     		movs	r3, #0
 2394 036e 84F88830 		strb	r3, [r4, #136]
1331:Drivers/STM32H5xx_HAL_Driver/Src/stm32h5xx_hal_spi.c **** 
 2395              		.loc 1 1331 3 view .LVU810
1334:Drivers/STM32H5xx_HAL_Driver/Src/stm32h5xx_hal_spi.c ****   {
 2396              		.loc 1 1334 3 view .LVU811
1334:Drivers/STM32H5xx_HAL_Driver/Src/stm32h5xx_hal_spi.c ****   {
 2397              		.loc 1 1334 11 is_stmt 0 view .LVU812
 2398 0372 D4F88C30 		ldr	r3, [r4, #140]
1334:Drivers/STM32H5xx_HAL_Driver/Src/stm32h5xx_hal_spi.c ****   {
 2399              		.loc 1 1334 6 view .LVU813
 2400 0376 13B9     		cbnz	r3, .L105
1340:Drivers/STM32H5xx_HAL_Driver/Src/stm32h5xx_hal_spi.c ****   }
 2401              		.loc 1 1340 12 view .LVU814
 2402 0378 0027     		movs	r7, #0
 2403 037a 00E0     		b	.L105
 2404              	.LVL95:
 2405              	.L135:
1102:Drivers/STM32H5xx_HAL_Driver/Src/stm32h5xx_hal_spi.c ****   }
 2406              		.loc 1 1102 12 view .LVU815
 2407 037c 0227     		movs	r7, #2
 2408              	.LVL96:
 2409              	.L105:
1342:Drivers/STM32H5xx_HAL_Driver/Src/stm32h5xx_hal_spi.c **** 
 2410              		.loc 1 1342 1 view .LVU816
 2411 037e 3846     		mov	r0, r7
 2412 0380 BDE8F88F 		pop	{r3, r4, r5, r6, r7, r8, r9, r10, fp, pc}
 2413              	.LVL97:
 2414              	.L136:
1111:Drivers/STM32H5xx_HAL_Driver/Src/stm32h5xx_hal_spi.c **** 
 2415              		.loc 1 1111 3 discriminator 1 view .LVU817
 2416 0384 0227     		movs	r7, #2
 2417 0386 FAE7     		b	.L105
 2418              		.cfi_endproc
 2419              	.LFE162:
 2421              		.section	.text.HAL_SPI_TransmitReceive,"ax",%progbits
 2422              		.align	1
 2423              		.global	HAL_SPI_TransmitReceive
 2424              		.syntax unified
 2425              		.thumb
 2426              		.thumb_func
ARM GAS  /tmp/cc3pUyOJ.s 			page 125


 2428              	HAL_SPI_TransmitReceive:
 2429              	.LVL98:
 2430              	.LFB163:
1356:Drivers/STM32H5xx_HAL_Driver/Src/stm32h5xx_hal_spi.c **** #if defined (__GNUC__)
 2431              		.loc 1 1356 1 is_stmt 1 view -0
 2432              		.cfi_startproc
 2433              		@ args = 4, pretend = 0, frame = 8
 2434              		@ frame_needed = 0, uses_anonymous_args = 0
1356:Drivers/STM32H5xx_HAL_Driver/Src/stm32h5xx_hal_spi.c **** #if defined (__GNUC__)
 2435              		.loc 1 1356 1 is_stmt 0 view .LVU819
 2436 0000 2DE9F04F 		push	{r4, r5, r6, r7, r8, r9, r10, fp, lr}
 2437              	.LCFI11:
 2438              		.cfi_def_cfa_offset 36
 2439              		.cfi_offset 4, -36
 2440              		.cfi_offset 5, -32
 2441              		.cfi_offset 6, -28
 2442              		.cfi_offset 7, -24
 2443              		.cfi_offset 8, -20
 2444              		.cfi_offset 9, -16
 2445              		.cfi_offset 10, -12
 2446              		.cfi_offset 11, -8
 2447              		.cfi_offset 14, -4
 2448 0004 85B0     		sub	sp, sp, #20
 2449              	.LCFI12:
 2450              		.cfi_def_cfa_offset 56
 2451 0006 0446     		mov	r4, r0
 2452 0008 8A46     		mov	r10, r1
 2453 000a 0392     		str	r2, [sp, #12]
 2454 000c 1D46     		mov	r5, r3
 2455 000e DDF83880 		ldr	r8, [sp, #56]
1358:Drivers/STM32H5xx_HAL_Driver/Src/stm32h5xx_hal_spi.c ****   __IO uint16_t *prxdr_16bits = (__IO uint16_t *)(&(hspi->Instance->RXDR));
 2456              		.loc 1 1358 3 is_stmt 1 view .LVU820
1358:Drivers/STM32H5xx_HAL_Driver/Src/stm32h5xx_hal_spi.c ****   __IO uint16_t *prxdr_16bits = (__IO uint16_t *)(&(hspi->Instance->RXDR));
 2457              		.loc 1 1358 57 is_stmt 0 view .LVU821
 2458 0012 D0F800B0 		ldr	fp, [r0]
 2459              	.LVL99:
1359:Drivers/STM32H5xx_HAL_Driver/Src/stm32h5xx_hal_spi.c **** #endif /* __GNUC__ */
 2460              		.loc 1 1359 3 is_stmt 1 view .LVU822
1362:Drivers/STM32H5xx_HAL_Driver/Src/stm32h5xx_hal_spi.c ****   uint32_t   fifo_length;
 2461              		.loc 1 1362 3 view .LVU823
1363:Drivers/STM32H5xx_HAL_Driver/Src/stm32h5xx_hal_spi.c ****   uint32_t   temp_sr_reg;
 2462              		.loc 1 1363 3 view .LVU824
1364:Drivers/STM32H5xx_HAL_Driver/Src/stm32h5xx_hal_spi.c ****   uint16_t   initial_TxXferCount;
 2463              		.loc 1 1364 3 view .LVU825
1365:Drivers/STM32H5xx_HAL_Driver/Src/stm32h5xx_hal_spi.c ****   uint16_t   initial_RxXferCount;
 2464              		.loc 1 1365 3 view .LVU826
1366:Drivers/STM32H5xx_HAL_Driver/Src/stm32h5xx_hal_spi.c ****   uint16_t   init_max_data_in_fifo;
 2465              		.loc 1 1366 3 view .LVU827
1367:Drivers/STM32H5xx_HAL_Driver/Src/stm32h5xx_hal_spi.c ****   init_max_data_in_fifo = (((uint16_t)(hspi->Init.FifoThreshold >> 5U) + 1U));
 2466              		.loc 1 1367 3 view .LVU828
1368:Drivers/STM32H5xx_HAL_Driver/Src/stm32h5xx_hal_spi.c **** 
 2467              		.loc 1 1368 3 view .LVU829
1368:Drivers/STM32H5xx_HAL_Driver/Src/stm32h5xx_hal_spi.c **** 
 2468              		.loc 1 1368 50 is_stmt 0 view .LVU830
 2469 0016 C66B     		ldr	r6, [r0, #60]
1368:Drivers/STM32H5xx_HAL_Driver/Src/stm32h5xx_hal_spi.c **** 
 2470              		.loc 1 1368 29 view .LVU831
ARM GAS  /tmp/cc3pUyOJ.s 			page 126


 2471 0018 C6F34F16 		ubfx	r6, r6, #5, #16
 2472              	.LVL100:
1371:Drivers/STM32H5xx_HAL_Driver/Src/stm32h5xx_hal_spi.c **** 
 2473              		.loc 1 1371 3 is_stmt 1 view .LVU832
1374:Drivers/STM32H5xx_HAL_Driver/Src/stm32h5xx_hal_spi.c ****   {
 2474              		.loc 1 1374 3 view .LVU833
1376:Drivers/STM32H5xx_HAL_Driver/Src/stm32h5xx_hal_spi.c ****   }
 2475              		.loc 1 1376 5 view .LVU834
1380:Drivers/STM32H5xx_HAL_Driver/Src/stm32h5xx_hal_spi.c ****   }
 2476              		.loc 1 1380 5 view .LVU835
1384:Drivers/STM32H5xx_HAL_Driver/Src/stm32h5xx_hal_spi.c **** 
 2477              		.loc 1 1384 3 view .LVU836
1384:Drivers/STM32H5xx_HAL_Driver/Src/stm32h5xx_hal_spi.c **** 
 2478              		.loc 1 1384 15 is_stmt 0 view .LVU837
 2479 001c FFF7FEFF 		bl	HAL_GetTick
 2480              	.LVL101:
1386:Drivers/STM32H5xx_HAL_Driver/Src/stm32h5xx_hal_spi.c ****   initial_RxXferCount = Size;
 2481              		.loc 1 1386 3 is_stmt 1 view .LVU838
1387:Drivers/STM32H5xx_HAL_Driver/Src/stm32h5xx_hal_spi.c **** 
 2482              		.loc 1 1387 3 view .LVU839
1389:Drivers/STM32H5xx_HAL_Driver/Src/stm32h5xx_hal_spi.c ****   {
 2483              		.loc 1 1389 3 view .LVU840
1389:Drivers/STM32H5xx_HAL_Driver/Src/stm32h5xx_hal_spi.c ****   {
 2484              		.loc 1 1389 11 is_stmt 0 view .LVU841
 2485 0020 94F88970 		ldrb	r7, [r4, #137]	@ zero_extendqisi2
 2486 0024 FFB2     		uxtb	r7, r7
1389:Drivers/STM32H5xx_HAL_Driver/Src/stm32h5xx_hal_spi.c ****   {
 2487              		.loc 1 1389 6 view .LVU842
 2488 0026 012F     		cmp	r7, #1
 2489 0028 40F05682 		bne	.L177
 2490 002c 0136     		adds	r6, r6, #1
 2491              	.LVL102:
1389:Drivers/STM32H5xx_HAL_Driver/Src/stm32h5xx_hal_spi.c ****   {
 2492              		.loc 1 1389 6 view .LVU843
 2493 002e B6B2     		uxth	r6, r6
 2494              	.LVL103:
1389:Drivers/STM32H5xx_HAL_Driver/Src/stm32h5xx_hal_spi.c ****   {
 2495              		.loc 1 1389 6 view .LVU844
 2496 0030 8146     		mov	r9, r0
1394:Drivers/STM32H5xx_HAL_Driver/Src/stm32h5xx_hal_spi.c ****   {
 2497              		.loc 1 1394 3 is_stmt 1 view .LVU845
1394:Drivers/STM32H5xx_HAL_Driver/Src/stm32h5xx_hal_spi.c ****   {
 2498              		.loc 1 1394 6 is_stmt 0 view .LVU846
 2499 0032 BAF1000F 		cmp	r10, #0
 2500 0036 00F05082 		beq	.L144
1394:Drivers/STM32H5xx_HAL_Driver/Src/stm32h5xx_hal_spi.c ****   {
 2501              		.loc 1 1394 25 discriminator 1 view .LVU847
 2502 003a 039A     		ldr	r2, [sp, #12]
 2503 003c 002A     		cmp	r2, #0
 2504 003e 00F04C82 		beq	.L144
1394:Drivers/STM32H5xx_HAL_Driver/Src/stm32h5xx_hal_spi.c ****   {
 2505              		.loc 1 1394 46 discriminator 2 view .LVU848
 2506 0042 002D     		cmp	r5, #0
 2507 0044 00F04982 		beq	.L144
1400:Drivers/STM32H5xx_HAL_Driver/Src/stm32h5xx_hal_spi.c **** 
 2508              		.loc 1 1400 3 is_stmt 1 view .LVU849
1400:Drivers/STM32H5xx_HAL_Driver/Src/stm32h5xx_hal_spi.c **** 
ARM GAS  /tmp/cc3pUyOJ.s 			page 127


 2509              		.loc 1 1400 3 view .LVU850
 2510 0048 94F88830 		ldrb	r3, [r4, #136]	@ zero_extendqisi2
 2511 004c 012B     		cmp	r3, #1
 2512 004e 00F04882 		beq	.L178
1400:Drivers/STM32H5xx_HAL_Driver/Src/stm32h5xx_hal_spi.c **** 
 2513              		.loc 1 1400 3 discriminator 2 view .LVU851
 2514 0052 0123     		movs	r3, #1
 2515 0054 84F88830 		strb	r3, [r4, #136]
1400:Drivers/STM32H5xx_HAL_Driver/Src/stm32h5xx_hal_spi.c **** 
 2516              		.loc 1 1400 3 discriminator 2 view .LVU852
1403:Drivers/STM32H5xx_HAL_Driver/Src/stm32h5xx_hal_spi.c ****   hspi->ErrorCode   = HAL_SPI_ERROR_NONE;
 2517              		.loc 1 1403 3 view .LVU853
1403:Drivers/STM32H5xx_HAL_Driver/Src/stm32h5xx_hal_spi.c ****   hspi->ErrorCode   = HAL_SPI_ERROR_NONE;
 2518              		.loc 1 1403 21 is_stmt 0 view .LVU854
 2519 0058 0523     		movs	r3, #5
 2520 005a 84F88930 		strb	r3, [r4, #137]
1404:Drivers/STM32H5xx_HAL_Driver/Src/stm32h5xx_hal_spi.c ****   hspi->pRxBuffPtr  = (uint8_t *)pRxData;
 2521              		.loc 1 1404 3 is_stmt 1 view .LVU855
1404:Drivers/STM32H5xx_HAL_Driver/Src/stm32h5xx_hal_spi.c ****   hspi->pRxBuffPtr  = (uint8_t *)pRxData;
 2522              		.loc 1 1404 21 is_stmt 0 view .LVU856
 2523 005e 0023     		movs	r3, #0
 2524 0060 C4F88C30 		str	r3, [r4, #140]
1405:Drivers/STM32H5xx_HAL_Driver/Src/stm32h5xx_hal_spi.c ****   hspi->RxXferCount = Size;
 2525              		.loc 1 1405 3 is_stmt 1 view .LVU857
1405:Drivers/STM32H5xx_HAL_Driver/Src/stm32h5xx_hal_spi.c ****   hspi->RxXferCount = Size;
 2526              		.loc 1 1405 21 is_stmt 0 view .LVU858
 2527 0064 E266     		str	r2, [r4, #108]
1406:Drivers/STM32H5xx_HAL_Driver/Src/stm32h5xx_hal_spi.c ****   hspi->RxXferSize  = Size;
 2528              		.loc 1 1406 3 is_stmt 1 view .LVU859
1406:Drivers/STM32H5xx_HAL_Driver/Src/stm32h5xx_hal_spi.c ****   hspi->RxXferSize  = Size;
 2529              		.loc 1 1406 21 is_stmt 0 view .LVU860
 2530 0066 A4F87250 		strh	r5, [r4, #114]	@ movhi
1407:Drivers/STM32H5xx_HAL_Driver/Src/stm32h5xx_hal_spi.c ****   hspi->pTxBuffPtr  = (const uint8_t *)pTxData;
 2531              		.loc 1 1407 3 is_stmt 1 view .LVU861
1407:Drivers/STM32H5xx_HAL_Driver/Src/stm32h5xx_hal_spi.c ****   hspi->pTxBuffPtr  = (const uint8_t *)pTxData;
 2532              		.loc 1 1407 21 is_stmt 0 view .LVU862
 2533 006a A4F87050 		strh	r5, [r4, #112]	@ movhi
1408:Drivers/STM32H5xx_HAL_Driver/Src/stm32h5xx_hal_spi.c ****   hspi->TxXferCount = Size;
 2534              		.loc 1 1408 3 is_stmt 1 view .LVU863
1408:Drivers/STM32H5xx_HAL_Driver/Src/stm32h5xx_hal_spi.c ****   hspi->TxXferCount = Size;
 2535              		.loc 1 1408 21 is_stmt 0 view .LVU864
 2536 006e C4F864A0 		str	r10, [r4, #100]
1409:Drivers/STM32H5xx_HAL_Driver/Src/stm32h5xx_hal_spi.c ****   hspi->TxXferSize  = Size;
 2537              		.loc 1 1409 3 is_stmt 1 view .LVU865
1409:Drivers/STM32H5xx_HAL_Driver/Src/stm32h5xx_hal_spi.c ****   hspi->TxXferSize  = Size;
 2538              		.loc 1 1409 21 is_stmt 0 view .LVU866
 2539 0072 A4F86A50 		strh	r5, [r4, #106]	@ movhi
1410:Drivers/STM32H5xx_HAL_Driver/Src/stm32h5xx_hal_spi.c **** 
 2540              		.loc 1 1410 3 is_stmt 1 view .LVU867
1410:Drivers/STM32H5xx_HAL_Driver/Src/stm32h5xx_hal_spi.c **** 
 2541              		.loc 1 1410 21 is_stmt 0 view .LVU868
 2542 0076 A4F86850 		strh	r5, [r4, #104]	@ movhi
1413:Drivers/STM32H5xx_HAL_Driver/Src/stm32h5xx_hal_spi.c ****   hspi->TxISR       = NULL;
 2543              		.loc 1 1413 3 is_stmt 1 view .LVU869
1413:Drivers/STM32H5xx_HAL_Driver/Src/stm32h5xx_hal_spi.c ****   hspi->TxISR       = NULL;
 2544              		.loc 1 1413 21 is_stmt 0 view .LVU870
 2545 007a A367     		str	r3, [r4, #120]
ARM GAS  /tmp/cc3pUyOJ.s 			page 128


1414:Drivers/STM32H5xx_HAL_Driver/Src/stm32h5xx_hal_spi.c **** 
 2546              		.loc 1 1414 3 is_stmt 1 view .LVU871
1414:Drivers/STM32H5xx_HAL_Driver/Src/stm32h5xx_hal_spi.c **** 
 2547              		.loc 1 1414 21 is_stmt 0 view .LVU872
 2548 007c E367     		str	r3, [r4, #124]
1417:Drivers/STM32H5xx_HAL_Driver/Src/stm32h5xx_hal_spi.c **** 
 2549              		.loc 1 1417 3 is_stmt 1 view .LVU873
 2550 007e 2268     		ldr	r2, [r4]
 2551 0080 D368     		ldr	r3, [r2, #12]
 2552 0082 23F4C023 		bic	r3, r3, #393216
 2553 0086 D360     		str	r3, [r2, #12]
1420:Drivers/STM32H5xx_HAL_Driver/Src/stm32h5xx_hal_spi.c ****   {
 2554              		.loc 1 1420 3 view .LVU874
1420:Drivers/STM32H5xx_HAL_Driver/Src/stm32h5xx_hal_spi.c ****   {
 2555              		.loc 1 1420 7 is_stmt 0 view .LVU875
 2556 0088 2268     		ldr	r2, [r4]
1420:Drivers/STM32H5xx_HAL_Driver/Src/stm32h5xx_hal_spi.c ****   {
 2557              		.loc 1 1420 6 view .LVU876
 2558 008a A24B     		ldr	r3, .L190
 2559 008c 9A42     		cmp	r2, r3
 2560 008e 17D0     		beq	.L179
1420:Drivers/STM32H5xx_HAL_Driver/Src/stm32h5xx_hal_spi.c ****   {
 2561              		.loc 1 1420 7 discriminator 1 view .LVU877
 2562 0090 03F18053 		add	r3, r3, #268435456
 2563 0094 9A42     		cmp	r2, r3
 2564 0096 44D0     		beq	.L180
1420:Drivers/STM32H5xx_HAL_Driver/Src/stm32h5xx_hal_spi.c ****   {
 2565              		.loc 1 1420 7 discriminator 2 view .LVU878
 2566 0098 9F4B     		ldr	r3, .L190+4
 2567 009a 9A42     		cmp	r2, r3
 2568 009c 44D0     		beq	.L181
1420:Drivers/STM32H5xx_HAL_Driver/Src/stm32h5xx_hal_spi.c ****   {
 2569              		.loc 1 1420 7 discriminator 3 view .LVU879
 2570 009e 03F18053 		add	r3, r3, #268435456
 2571 00a2 9A42     		cmp	r2, r3
 2572 00a4 43D0     		beq	.L182
1420:Drivers/STM32H5xx_HAL_Driver/Src/stm32h5xx_hal_spi.c ****   {
 2573              		.loc 1 1420 7 discriminator 4 view .LVU880
 2574 00a6 9D4B     		ldr	r3, .L190+8
 2575 00a8 9A42     		cmp	r2, r3
 2576 00aa 43D0     		beq	.L183
1420:Drivers/STM32H5xx_HAL_Driver/Src/stm32h5xx_hal_spi.c ****   {
 2577              		.loc 1 1420 7 discriminator 5 view .LVU881
 2578 00ac 03F18053 		add	r3, r3, #268435456
 2579 00b0 9A42     		cmp	r2, r3
 2580 00b2 02D0     		beq	.L188
1426:Drivers/STM32H5xx_HAL_Driver/Src/stm32h5xx_hal_spi.c ****   }
 2581              		.loc 1 1426 17 view .LVU882
 2582 00b4 4FF0080A 		mov	r10, #8
 2583              	.LVL104:
1426:Drivers/STM32H5xx_HAL_Driver/Src/stm32h5xx_hal_spi.c ****   }
 2584              		.loc 1 1426 17 view .LVU883
 2585 00b8 04E0     		b	.L145
 2586              	.LVL105:
 2587              	.L188:
1422:Drivers/STM32H5xx_HAL_Driver/Src/stm32h5xx_hal_spi.c ****   }
 2588              		.loc 1 1422 17 view .LVU884
ARM GAS  /tmp/cc3pUyOJ.s 			page 129


 2589 00ba 4FF0100A 		mov	r10, #16
 2590              	.LVL106:
1422:Drivers/STM32H5xx_HAL_Driver/Src/stm32h5xx_hal_spi.c ****   }
 2591              		.loc 1 1422 17 view .LVU885
 2592 00be 01E0     		b	.L145
 2593              	.LVL107:
 2594              	.L179:
1422:Drivers/STM32H5xx_HAL_Driver/Src/stm32h5xx_hal_spi.c ****   }
 2595              		.loc 1 1422 17 view .LVU886
 2596 00c0 4FF0100A 		mov	r10, #16
 2597              	.LVL108:
 2598              	.L145:
1430:Drivers/STM32H5xx_HAL_Driver/Src/stm32h5xx_hal_spi.c **** 
 2599              		.loc 1 1430 3 is_stmt 1 view .LVU887
 2600 00c4 5368     		ldr	r3, [r2, #4]
 2601 00c6 6FF30F03 		bfc	r3, #0, #16
 2602 00ca 2B43     		orrs	r3, r3, r5
 2603 00cc 5360     		str	r3, [r2, #4]
1432:Drivers/STM32H5xx_HAL_Driver/Src/stm32h5xx_hal_spi.c **** 
 2604              		.loc 1 1432 3 view .LVU888
 2605 00ce 2268     		ldr	r2, [r4]
 2606 00d0 1368     		ldr	r3, [r2]
 2607 00d2 43F00103 		orr	r3, r3, #1
 2608 00d6 1360     		str	r3, [r2]
1434:Drivers/STM32H5xx_HAL_Driver/Src/stm32h5xx_hal_spi.c ****   {
 2609              		.loc 1 1434 3 view .LVU889
1434:Drivers/STM32H5xx_HAL_Driver/Src/stm32h5xx_hal_spi.c ****   {
 2610              		.loc 1 1434 17 is_stmt 0 view .LVU890
 2611 00d8 6368     		ldr	r3, [r4, #4]
1434:Drivers/STM32H5xx_HAL_Driver/Src/stm32h5xx_hal_spi.c ****   {
 2612              		.loc 1 1434 6 view .LVU891
 2613 00da B3F5800F 		cmp	r3, #4194304
 2614 00de 2CD0     		beq	.L189
 2615              	.L146:
1441:Drivers/STM32H5xx_HAL_Driver/Src/stm32h5xx_hal_spi.c ****   {
 2616              		.loc 1 1441 3 is_stmt 1 view .LVU892
1441:Drivers/STM32H5xx_HAL_Driver/Src/stm32h5xx_hal_spi.c ****   {
 2617              		.loc 1 1441 18 is_stmt 0 view .LVU893
 2618 00e0 E368     		ldr	r3, [r4, #12]
1441:Drivers/STM32H5xx_HAL_Driver/Src/stm32h5xx_hal_spi.c ****   {
 2619              		.loc 1 1441 6 view .LVU894
 2620 00e2 0F2B     		cmp	r3, #15
 2621 00e4 15D9     		bls	.L147
1441:Drivers/STM32H5xx_HAL_Driver/Src/stm32h5xx_hal_spi.c ****   {
 2622              		.loc 1 1441 54 discriminator 1 view .LVU895
 2623 00e6 2268     		ldr	r2, [r4]
1441:Drivers/STM32H5xx_HAL_Driver/Src/stm32h5xx_hal_spi.c ****   {
 2624              		.loc 1 1441 50 discriminator 1 view .LVU896
 2625 00e8 8A49     		ldr	r1, .L190
 2626 00ea 8A42     		cmp	r2, r1
 2627 00ec 2BD0     		beq	.L148
1441:Drivers/STM32H5xx_HAL_Driver/Src/stm32h5xx_hal_spi.c ****   {
 2628              		.loc 1 1441 54 discriminator 2 view .LVU897
 2629 00ee 01F18051 		add	r1, r1, #268435456
 2630 00f2 8A42     		cmp	r2, r1
 2631 00f4 27D0     		beq	.L148
1441:Drivers/STM32H5xx_HAL_Driver/Src/stm32h5xx_hal_spi.c ****   {
ARM GAS  /tmp/cc3pUyOJ.s 			page 130


 2632              		.loc 1 1441 54 discriminator 3 view .LVU898
 2633 00f6 8849     		ldr	r1, .L190+4
 2634 00f8 8A42     		cmp	r2, r1
 2635 00fa 24D0     		beq	.L148
1441:Drivers/STM32H5xx_HAL_Driver/Src/stm32h5xx_hal_spi.c ****   {
 2636              		.loc 1 1441 54 discriminator 4 view .LVU899
 2637 00fc 01F18051 		add	r1, r1, #268435456
 2638 0100 8A42     		cmp	r2, r1
 2639 0102 20D0     		beq	.L148
1441:Drivers/STM32H5xx_HAL_Driver/Src/stm32h5xx_hal_spi.c ****   {
 2640              		.loc 1 1441 54 discriminator 5 view .LVU900
 2641 0104 8549     		ldr	r1, .L190+8
 2642 0106 8A42     		cmp	r2, r1
 2643 0108 1DD0     		beq	.L148
1441:Drivers/STM32H5xx_HAL_Driver/Src/stm32h5xx_hal_spi.c ****   {
 2644              		.loc 1 1441 54 discriminator 6 view .LVU901
 2645 010a 01F18051 		add	r1, r1, #268435456
 2646 010e 8A42     		cmp	r2, r1
 2647 0110 19D0     		beq	.L148
 2648              	.L147:
1500:Drivers/STM32H5xx_HAL_Driver/Src/stm32h5xx_hal_spi.c ****   {
 2649              		.loc 1 1500 8 is_stmt 1 view .LVU902
1500:Drivers/STM32H5xx_HAL_Driver/Src/stm32h5xx_hal_spi.c ****   {
 2650              		.loc 1 1500 11 is_stmt 0 view .LVU903
 2651 0112 072B     		cmp	r3, #7
 2652 0114 40F2C181 		bls	.L185
1503:Drivers/STM32H5xx_HAL_Driver/Src/stm32h5xx_hal_spi.c **** 
 2653              		.loc 1 1503 5 is_stmt 1 view .LVU904
1503:Drivers/STM32H5xx_HAL_Driver/Src/stm32h5xx_hal_spi.c **** 
 2654              		.loc 1 1503 17 is_stmt 0 view .LVU905
 2655 0118 4FEA5A03 		lsr	r3, r10, #1
 2656 011c 0393     		str	r3, [sp, #12]
 2657              	.LVL109:
1505:Drivers/STM32H5xx_HAL_Driver/Src/stm32h5xx_hal_spi.c ****     {
 2658              		.loc 1 1505 5 is_stmt 1 view .LVU906
1387:Drivers/STM32H5xx_HAL_Driver/Src/stm32h5xx_hal_spi.c **** 
 2659              		.loc 1 1387 23 is_stmt 0 view .LVU907
 2660 011e AA46     		mov	r10, r5
1505:Drivers/STM32H5xx_HAL_Driver/Src/stm32h5xx_hal_spi.c ****     {
 2661              		.loc 1 1505 11 view .LVU908
 2662 0120 9FE0     		b	.L159
 2663              	.LVL110:
 2664              	.L180:
1422:Drivers/STM32H5xx_HAL_Driver/Src/stm32h5xx_hal_spi.c ****   }
 2665              		.loc 1 1422 17 view .LVU909
 2666 0122 4FF0100A 		mov	r10, #16
 2667              	.LVL111:
1422:Drivers/STM32H5xx_HAL_Driver/Src/stm32h5xx_hal_spi.c ****   }
 2668              		.loc 1 1422 17 view .LVU910
 2669 0126 CDE7     		b	.L145
 2670              	.LVL112:
 2671              	.L181:
1422:Drivers/STM32H5xx_HAL_Driver/Src/stm32h5xx_hal_spi.c ****   }
 2672              		.loc 1 1422 17 view .LVU911
 2673 0128 4FF0100A 		mov	r10, #16
 2674              	.LVL113:
1422:Drivers/STM32H5xx_HAL_Driver/Src/stm32h5xx_hal_spi.c ****   }
ARM GAS  /tmp/cc3pUyOJ.s 			page 131


 2675              		.loc 1 1422 17 view .LVU912
 2676 012c CAE7     		b	.L145
 2677              	.LVL114:
 2678              	.L182:
1422:Drivers/STM32H5xx_HAL_Driver/Src/stm32h5xx_hal_spi.c ****   }
 2679              		.loc 1 1422 17 view .LVU913
 2680 012e 4FF0100A 		mov	r10, #16
 2681              	.LVL115:
1422:Drivers/STM32H5xx_HAL_Driver/Src/stm32h5xx_hal_spi.c ****   }
 2682              		.loc 1 1422 17 view .LVU914
 2683 0132 C7E7     		b	.L145
 2684              	.LVL116:
 2685              	.L183:
1422:Drivers/STM32H5xx_HAL_Driver/Src/stm32h5xx_hal_spi.c ****   }
 2686              		.loc 1 1422 17 view .LVU915
 2687 0134 4FF0100A 		mov	r10, #16
 2688              	.LVL117:
1422:Drivers/STM32H5xx_HAL_Driver/Src/stm32h5xx_hal_spi.c ****   }
 2689              		.loc 1 1422 17 view .LVU916
 2690 0138 C4E7     		b	.L145
 2691              	.LVL118:
 2692              	.L189:
1437:Drivers/STM32H5xx_HAL_Driver/Src/stm32h5xx_hal_spi.c ****   }
 2693              		.loc 1 1437 5 is_stmt 1 view .LVU917
 2694 013a 2268     		ldr	r2, [r4]
 2695 013c 1368     		ldr	r3, [r2]
 2696 013e 43F40073 		orr	r3, r3, #512
 2697 0142 1360     		str	r3, [r2]
 2698 0144 CCE7     		b	.L146
 2699              	.L148:
1444:Drivers/STM32H5xx_HAL_Driver/Src/stm32h5xx_hal_spi.c **** 
 2700              		.loc 1 1444 5 view .LVU918
1444:Drivers/STM32H5xx_HAL_Driver/Src/stm32h5xx_hal_spi.c **** 
 2701              		.loc 1 1444 17 is_stmt 0 view .LVU919
 2702 0146 4FEA9A0B 		lsr	fp, r10, #2
 2703              	.LVL119:
1446:Drivers/STM32H5xx_HAL_Driver/Src/stm32h5xx_hal_spi.c ****     {
 2704              		.loc 1 1446 5 is_stmt 1 view .LVU920
1387:Drivers/STM32H5xx_HAL_Driver/Src/stm32h5xx_hal_spi.c **** 
 2705              		.loc 1 1387 23 is_stmt 0 view .LVU921
 2706 014a AA46     		mov	r10, r5
1446:Drivers/STM32H5xx_HAL_Driver/Src/stm32h5xx_hal_spi.c ****     {
 2707              		.loc 1 1446 11 view .LVU922
 2708 014c 19E0     		b	.L149
 2709              	.LVL120:
 2710              	.L150:
1459:Drivers/STM32H5xx_HAL_Driver/Src/stm32h5xx_hal_spi.c **** 
 2711              		.loc 1 1459 7 is_stmt 1 view .LVU923
1459:Drivers/STM32H5xx_HAL_Driver/Src/stm32h5xx_hal_spi.c **** 
 2712              		.loc 1 1459 25 is_stmt 0 view .LVU924
 2713 014e 2368     		ldr	r3, [r4]
1459:Drivers/STM32H5xx_HAL_Driver/Src/stm32h5xx_hal_spi.c **** 
 2714              		.loc 1 1459 19 view .LVU925
 2715 0150 5A69     		ldr	r2, [r3, #20]
 2716              	.LVL121:
1461:Drivers/STM32H5xx_HAL_Driver/Src/stm32h5xx_hal_spi.c ****       {
 2717              		.loc 1 1461 7 is_stmt 1 view .LVU926
ARM GAS  /tmp/cc3pUyOJ.s 			page 132


1461:Drivers/STM32H5xx_HAL_Driver/Src/stm32h5xx_hal_spi.c ****       {
 2718              		.loc 1 1461 10 is_stmt 0 view .LVU927
 2719 0152 BAF1000F 		cmp	r10, #0
 2720 0156 14D0     		beq	.L149
1464:Drivers/STM32H5xx_HAL_Driver/Src/stm32h5xx_hal_spi.c ****         {
 2721              		.loc 1 1464 9 is_stmt 1 view .LVU928
1464:Drivers/STM32H5xx_HAL_Driver/Src/stm32h5xx_hal_spi.c ****         {
 2722              		.loc 1 1464 13 is_stmt 0 view .LVU929
 2723 0158 5969     		ldr	r1, [r3, #20]
1464:Drivers/STM32H5xx_HAL_Driver/Src/stm32h5xx_hal_spi.c ****         {
 2724              		.loc 1 1464 12 view .LVU930
 2725 015a 11F0010F 		tst	r1, #1
 2726 015e 31D0     		beq	.L152
1466:Drivers/STM32H5xx_HAL_Driver/Src/stm32h5xx_hal_spi.c ****           hspi->pRxBuffPtr += sizeof(uint32_t);
 2727              		.loc 1 1466 11 is_stmt 1 view .LVU931
1466:Drivers/STM32H5xx_HAL_Driver/Src/stm32h5xx_hal_spi.c ****           hspi->pRxBuffPtr += sizeof(uint32_t);
 2728              		.loc 1 1466 29 is_stmt 0 view .LVU932
 2729 0160 E26E     		ldr	r2, [r4, #108]
 2730              	.LVL122:
1466:Drivers/STM32H5xx_HAL_Driver/Src/stm32h5xx_hal_spi.c ****           hspi->pRxBuffPtr += sizeof(uint32_t);
 2731              		.loc 1 1466 45 view .LVU933
 2732 0162 1B6B     		ldr	r3, [r3, #48]
1466:Drivers/STM32H5xx_HAL_Driver/Src/stm32h5xx_hal_spi.c ****           hspi->pRxBuffPtr += sizeof(uint32_t);
 2733              		.loc 1 1466 43 view .LVU934
 2734 0164 1360     		str	r3, [r2]
1467:Drivers/STM32H5xx_HAL_Driver/Src/stm32h5xx_hal_spi.c ****           hspi->RxXferCount--;
 2735              		.loc 1 1467 11 is_stmt 1 view .LVU935
1467:Drivers/STM32H5xx_HAL_Driver/Src/stm32h5xx_hal_spi.c ****           hspi->RxXferCount--;
 2736              		.loc 1 1467 15 is_stmt 0 view .LVU936
 2737 0166 E36E     		ldr	r3, [r4, #108]
1467:Drivers/STM32H5xx_HAL_Driver/Src/stm32h5xx_hal_spi.c ****           hspi->RxXferCount--;
 2738              		.loc 1 1467 28 view .LVU937
 2739 0168 0433     		adds	r3, r3, #4
 2740 016a E366     		str	r3, [r4, #108]
1468:Drivers/STM32H5xx_HAL_Driver/Src/stm32h5xx_hal_spi.c ****           initial_RxXferCount = hspi->RxXferCount;
 2741              		.loc 1 1468 11 is_stmt 1 view .LVU938
1468:Drivers/STM32H5xx_HAL_Driver/Src/stm32h5xx_hal_spi.c ****           initial_RxXferCount = hspi->RxXferCount;
 2742              		.loc 1 1468 15 is_stmt 0 view .LVU939
 2743 016c B4F87230 		ldrh	r3, [r4, #114]
 2744 0170 9BB2     		uxth	r3, r3
1468:Drivers/STM32H5xx_HAL_Driver/Src/stm32h5xx_hal_spi.c ****           initial_RxXferCount = hspi->RxXferCount;
 2745              		.loc 1 1468 28 view .LVU940
 2746 0172 013B     		subs	r3, r3, #1
 2747 0174 9BB2     		uxth	r3, r3
 2748 0176 A4F87230 		strh	r3, [r4, #114]	@ movhi
1469:Drivers/STM32H5xx_HAL_Driver/Src/stm32h5xx_hal_spi.c ****         }
 2749              		.loc 1 1469 11 is_stmt 1 view .LVU941
1469:Drivers/STM32H5xx_HAL_Driver/Src/stm32h5xx_hal_spi.c ****         }
 2750              		.loc 1 1469 31 is_stmt 0 view .LVU942
 2751 017a B4F872A0 		ldrh	r10, [r4, #114]
 2752              	.LVL123:
1469:Drivers/STM32H5xx_HAL_Driver/Src/stm32h5xx_hal_spi.c ****         }
 2753              		.loc 1 1469 31 view .LVU943
 2754 017e 1FFA8AFA 		uxth	r10, r10
 2755              	.LVL124:
 2756              	.L149:
1446:Drivers/STM32H5xx_HAL_Driver/Src/stm32h5xx_hal_spi.c ****     {
ARM GAS  /tmp/cc3pUyOJ.s 			page 133


 2757              		.loc 1 1446 40 is_stmt 1 view .LVU944
 2758 0182 1DB9     		cbnz	r5, .L156
1446:Drivers/STM32H5xx_HAL_Driver/Src/stm32h5xx_hal_spi.c ****     {
 2759              		.loc 1 1446 40 is_stmt 0 discriminator 1 view .LVU945
 2760 0184 BAF1000F 		cmp	r10, #0
 2761 0188 00F08981 		beq	.L157
 2762              	.L156:
1449:Drivers/STM32H5xx_HAL_Driver/Src/stm32h5xx_hal_spi.c ****           (initial_RxXferCount  < (initial_TxXferCount + fifo_length)))
 2763              		.loc 1 1449 7 is_stmt 1 view .LVU946
1449:Drivers/STM32H5xx_HAL_Driver/Src/stm32h5xx_hal_spi.c ****           (initial_RxXferCount  < (initial_TxXferCount + fifo_length)))
 2764              		.loc 1 1449 12 is_stmt 0 view .LVU947
 2765 018c 2368     		ldr	r3, [r4]
 2766 018e 5A69     		ldr	r2, [r3, #20]
1449:Drivers/STM32H5xx_HAL_Driver/Src/stm32h5xx_hal_spi.c ****           (initial_RxXferCount  < (initial_TxXferCount + fifo_length)))
 2767              		.loc 1 1449 10 view .LVU948
 2768 0190 12F0020F 		tst	r2, #2
 2769 0194 DBD0     		beq	.L150
1449:Drivers/STM32H5xx_HAL_Driver/Src/stm32h5xx_hal_spi.c ****           (initial_RxXferCount  < (initial_TxXferCount + fifo_length)))
 2770              		.loc 1 1449 52 discriminator 1 view .LVU949
 2771 0196 002D     		cmp	r5, #0
 2772 0198 D9D0     		beq	.L150
1450:Drivers/STM32H5xx_HAL_Driver/Src/stm32h5xx_hal_spi.c ****       {
 2773              		.loc 1 1450 56 view .LVU950
 2774 019a 05EB0B02 		add	r2, r5, fp
1449:Drivers/STM32H5xx_HAL_Driver/Src/stm32h5xx_hal_spi.c ****           (initial_RxXferCount  < (initial_TxXferCount + fifo_length)))
 2775              		.loc 1 1449 83 discriminator 2 view .LVU951
 2776 019e 9245     		cmp	r10, r2
 2777 01a0 D5D2     		bcs	.L150
1452:Drivers/STM32H5xx_HAL_Driver/Src/stm32h5xx_hal_spi.c ****         hspi->pTxBuffPtr += sizeof(uint32_t);
 2778              		.loc 1 1452 9 is_stmt 1 view .LVU952
1452:Drivers/STM32H5xx_HAL_Driver/Src/stm32h5xx_hal_spi.c ****         hspi->pTxBuffPtr += sizeof(uint32_t);
 2779              		.loc 1 1452 77 is_stmt 0 view .LVU953
 2780 01a2 626E     		ldr	r2, [r4, #100]
1452:Drivers/STM32H5xx_HAL_Driver/Src/stm32h5xx_hal_spi.c ****         hspi->pTxBuffPtr += sizeof(uint32_t);
 2781              		.loc 1 1452 53 view .LVU954
 2782 01a4 1268     		ldr	r2, [r2]
1452:Drivers/STM32H5xx_HAL_Driver/Src/stm32h5xx_hal_spi.c ****         hspi->pTxBuffPtr += sizeof(uint32_t);
 2783              		.loc 1 1452 51 view .LVU955
 2784 01a6 1A62     		str	r2, [r3, #32]
1453:Drivers/STM32H5xx_HAL_Driver/Src/stm32h5xx_hal_spi.c ****         hspi->TxXferCount --;
 2785              		.loc 1 1453 9 is_stmt 1 view .LVU956
1453:Drivers/STM32H5xx_HAL_Driver/Src/stm32h5xx_hal_spi.c ****         hspi->TxXferCount --;
 2786              		.loc 1 1453 13 is_stmt 0 view .LVU957
 2787 01a8 636E     		ldr	r3, [r4, #100]
1453:Drivers/STM32H5xx_HAL_Driver/Src/stm32h5xx_hal_spi.c ****         hspi->TxXferCount --;
 2788              		.loc 1 1453 26 view .LVU958
 2789 01aa 0433     		adds	r3, r3, #4
 2790 01ac 6366     		str	r3, [r4, #100]
1454:Drivers/STM32H5xx_HAL_Driver/Src/stm32h5xx_hal_spi.c ****         initial_TxXferCount = hspi->TxXferCount;
 2791              		.loc 1 1454 9 is_stmt 1 view .LVU959
1454:Drivers/STM32H5xx_HAL_Driver/Src/stm32h5xx_hal_spi.c ****         initial_TxXferCount = hspi->TxXferCount;
 2792              		.loc 1 1454 13 is_stmt 0 view .LVU960
 2793 01ae B4F86A30 		ldrh	r3, [r4, #106]
 2794 01b2 9BB2     		uxth	r3, r3
1454:Drivers/STM32H5xx_HAL_Driver/Src/stm32h5xx_hal_spi.c ****         initial_TxXferCount = hspi->TxXferCount;
 2795              		.loc 1 1454 27 view .LVU961
 2796 01b4 013B     		subs	r3, r3, #1
ARM GAS  /tmp/cc3pUyOJ.s 			page 134


 2797 01b6 9BB2     		uxth	r3, r3
 2798 01b8 A4F86A30 		strh	r3, [r4, #106]	@ movhi
1455:Drivers/STM32H5xx_HAL_Driver/Src/stm32h5xx_hal_spi.c ****       }
 2799              		.loc 1 1455 9 is_stmt 1 view .LVU962
1455:Drivers/STM32H5xx_HAL_Driver/Src/stm32h5xx_hal_spi.c ****       }
 2800              		.loc 1 1455 29 is_stmt 0 view .LVU963
 2801 01bc B4F86A50 		ldrh	r5, [r4, #106]
 2802              	.LVL125:
1455:Drivers/STM32H5xx_HAL_Driver/Src/stm32h5xx_hal_spi.c ****       }
 2803              		.loc 1 1455 29 view .LVU964
 2804 01c0 ADB2     		uxth	r5, r5
 2805              	.LVL126:
1455:Drivers/STM32H5xx_HAL_Driver/Src/stm32h5xx_hal_spi.c ****       }
 2806              		.loc 1 1455 29 view .LVU965
 2807 01c2 C4E7     		b	.L150
 2808              	.LVL127:
 2809              	.L152:
1472:Drivers/STM32H5xx_HAL_Driver/Src/stm32h5xx_hal_spi.c ****         {
 2810              		.loc 1 1472 14 is_stmt 1 view .LVU966
1472:Drivers/STM32H5xx_HAL_Driver/Src/stm32h5xx_hal_spi.c ****         {
 2811              		.loc 1 1472 17 is_stmt 0 view .LVU967
 2812 01c4 B245     		cmp	r10, r6
 2813 01c6 14D2     		bcs	.L153
1472:Drivers/STM32H5xx_HAL_Driver/Src/stm32h5xx_hal_spi.c ****         {
 2814              		.loc 1 1472 64 discriminator 1 view .LVU968
 2815 01c8 12F4004F 		tst	r2, #32768
 2816 01cc 11D0     		beq	.L153
1474:Drivers/STM32H5xx_HAL_Driver/Src/stm32h5xx_hal_spi.c ****           hspi->pRxBuffPtr += sizeof(uint32_t);
 2817              		.loc 1 1474 11 is_stmt 1 view .LVU969
1474:Drivers/STM32H5xx_HAL_Driver/Src/stm32h5xx_hal_spi.c ****           hspi->pRxBuffPtr += sizeof(uint32_t);
 2818              		.loc 1 1474 29 is_stmt 0 view .LVU970
 2819 01ce E26E     		ldr	r2, [r4, #108]
 2820              	.LVL128:
1474:Drivers/STM32H5xx_HAL_Driver/Src/stm32h5xx_hal_spi.c ****           hspi->pRxBuffPtr += sizeof(uint32_t);
 2821              		.loc 1 1474 45 view .LVU971
 2822 01d0 1B6B     		ldr	r3, [r3, #48]
1474:Drivers/STM32H5xx_HAL_Driver/Src/stm32h5xx_hal_spi.c ****           hspi->pRxBuffPtr += sizeof(uint32_t);
 2823              		.loc 1 1474 43 view .LVU972
 2824 01d2 1360     		str	r3, [r2]
1475:Drivers/STM32H5xx_HAL_Driver/Src/stm32h5xx_hal_spi.c ****           hspi->RxXferCount--;
 2825              		.loc 1 1475 11 is_stmt 1 view .LVU973
1475:Drivers/STM32H5xx_HAL_Driver/Src/stm32h5xx_hal_spi.c ****           hspi->RxXferCount--;
 2826              		.loc 1 1475 15 is_stmt 0 view .LVU974
 2827 01d4 E36E     		ldr	r3, [r4, #108]
1475:Drivers/STM32H5xx_HAL_Driver/Src/stm32h5xx_hal_spi.c ****           hspi->RxXferCount--;
 2828              		.loc 1 1475 28 view .LVU975
 2829 01d6 0433     		adds	r3, r3, #4
 2830 01d8 E366     		str	r3, [r4, #108]
1476:Drivers/STM32H5xx_HAL_Driver/Src/stm32h5xx_hal_spi.c ****           initial_RxXferCount = hspi->RxXferCount;
 2831              		.loc 1 1476 11 is_stmt 1 view .LVU976
1476:Drivers/STM32H5xx_HAL_Driver/Src/stm32h5xx_hal_spi.c ****           initial_RxXferCount = hspi->RxXferCount;
 2832              		.loc 1 1476 15 is_stmt 0 view .LVU977
 2833 01da B4F87230 		ldrh	r3, [r4, #114]
 2834 01de 9BB2     		uxth	r3, r3
1476:Drivers/STM32H5xx_HAL_Driver/Src/stm32h5xx_hal_spi.c ****           initial_RxXferCount = hspi->RxXferCount;
 2835              		.loc 1 1476 28 view .LVU978
 2836 01e0 013B     		subs	r3, r3, #1
ARM GAS  /tmp/cc3pUyOJ.s 			page 135


 2837 01e2 9BB2     		uxth	r3, r3
 2838 01e4 A4F87230 		strh	r3, [r4, #114]	@ movhi
1477:Drivers/STM32H5xx_HAL_Driver/Src/stm32h5xx_hal_spi.c ****         }
 2839              		.loc 1 1477 11 is_stmt 1 view .LVU979
1477:Drivers/STM32H5xx_HAL_Driver/Src/stm32h5xx_hal_spi.c ****         }
 2840              		.loc 1 1477 31 is_stmt 0 view .LVU980
 2841 01e8 B4F872A0 		ldrh	r10, [r4, #114]
 2842              	.LVL129:
1477:Drivers/STM32H5xx_HAL_Driver/Src/stm32h5xx_hal_spi.c ****         }
 2843              		.loc 1 1477 31 view .LVU981
 2844 01ec 1FFA8AFA 		uxth	r10, r10
 2845              	.LVL130:
1477:Drivers/STM32H5xx_HAL_Driver/Src/stm32h5xx_hal_spi.c ****         }
 2846              		.loc 1 1477 31 view .LVU982
 2847 01f0 C7E7     		b	.L149
 2848              	.LVL131:
 2849              	.L153:
1482:Drivers/STM32H5xx_HAL_Driver/Src/stm32h5xx_hal_spi.c ****           {
 2850              		.loc 1 1482 11 is_stmt 1 view .LVU983
1482:Drivers/STM32H5xx_HAL_Driver/Src/stm32h5xx_hal_spi.c ****           {
 2851              		.loc 1 1482 18 is_stmt 0 view .LVU984
 2852 01f2 FFF7FEFF 		bl	HAL_GetTick
 2853              	.LVL132:
1482:Drivers/STM32H5xx_HAL_Driver/Src/stm32h5xx_hal_spi.c ****           {
 2854              		.loc 1 1482 32 discriminator 1 view .LVU985
 2855 01f6 A0EB0900 		sub	r0, r0, r9
1482:Drivers/STM32H5xx_HAL_Driver/Src/stm32h5xx_hal_spi.c ****           {
 2856              		.loc 1 1482 14 discriminator 1 view .LVU986
 2857 01fa 4045     		cmp	r0, r8
 2858 01fc 02D3     		bcc	.L154
1482:Drivers/STM32H5xx_HAL_Driver/Src/stm32h5xx_hal_spi.c ****           {
 2859              		.loc 1 1482 58 discriminator 1 view .LVU987
 2860 01fe B8F1FF3F 		cmp	r8, #-1
 2861 0202 02D1     		bne	.L155
 2862              	.L154:
1482:Drivers/STM32H5xx_HAL_Driver/Src/stm32h5xx_hal_spi.c ****           {
 2863              		.loc 1 1482 89 discriminator 3 view .LVU988
 2864 0204 B8F1000F 		cmp	r8, #0
 2865 0208 BBD1     		bne	.L149
 2866              	.L155:
1485:Drivers/STM32H5xx_HAL_Driver/Src/stm32h5xx_hal_spi.c **** 
 2867              		.loc 1 1485 13 is_stmt 1 view .LVU989
 2868 020a 2046     		mov	r0, r4
 2869 020c FFF7FEFF 		bl	SPI_CloseTransfer
 2870              	.LVL133:
1487:Drivers/STM32H5xx_HAL_Driver/Src/stm32h5xx_hal_spi.c ****             hspi->State = HAL_SPI_STATE_READY;
 2871              		.loc 1 1487 13 view .LVU990
 2872 0210 D4F88C30 		ldr	r3, [r4, #140]
 2873 0214 43F48073 		orr	r3, r3, #256
 2874 0218 C4F88C30 		str	r3, [r4, #140]
1488:Drivers/STM32H5xx_HAL_Driver/Src/stm32h5xx_hal_spi.c **** 
 2875              		.loc 1 1488 13 view .LVU991
1488:Drivers/STM32H5xx_HAL_Driver/Src/stm32h5xx_hal_spi.c **** 
 2876              		.loc 1 1488 25 is_stmt 0 view .LVU992
 2877 021c 0123     		movs	r3, #1
 2878 021e 84F88930 		strb	r3, [r4, #137]
1491:Drivers/STM32H5xx_HAL_Driver/Src/stm32h5xx_hal_spi.c **** 
ARM GAS  /tmp/cc3pUyOJ.s 			page 136


 2879              		.loc 1 1491 13 is_stmt 1 view .LVU993
1491:Drivers/STM32H5xx_HAL_Driver/Src/stm32h5xx_hal_spi.c **** 
 2880              		.loc 1 1491 13 view .LVU994
 2881 0222 0023     		movs	r3, #0
 2882 0224 84F88830 		strb	r3, [r4, #136]
1491:Drivers/STM32H5xx_HAL_Driver/Src/stm32h5xx_hal_spi.c **** 
 2883              		.loc 1 1491 13 view .LVU995
1493:Drivers/STM32H5xx_HAL_Driver/Src/stm32h5xx_hal_spi.c ****           }
 2884              		.loc 1 1493 13 view .LVU996
1493:Drivers/STM32H5xx_HAL_Driver/Src/stm32h5xx_hal_spi.c ****           }
 2885              		.loc 1 1493 20 is_stmt 0 view .LVU997
 2886 0228 0327     		movs	r7, #3
 2887 022a 56E1     		b	.L144
 2888              	.LVL134:
 2889              	.L160:
1522:Drivers/STM32H5xx_HAL_Driver/Src/stm32h5xx_hal_spi.c **** 
 2890              		.loc 1 1522 7 is_stmt 1 view .LVU998
1522:Drivers/STM32H5xx_HAL_Driver/Src/stm32h5xx_hal_spi.c **** 
 2891              		.loc 1 1522 25 is_stmt 0 view .LVU999
 2892 022c 2368     		ldr	r3, [r4]
1522:Drivers/STM32H5xx_HAL_Driver/Src/stm32h5xx_hal_spi.c **** 
 2893              		.loc 1 1522 19 view .LVU1000
 2894 022e 5A69     		ldr	r2, [r3, #20]
 2895              	.LVL135:
1524:Drivers/STM32H5xx_HAL_Driver/Src/stm32h5xx_hal_spi.c ****       {
 2896              		.loc 1 1524 7 is_stmt 1 view .LVU1001
1524:Drivers/STM32H5xx_HAL_Driver/Src/stm32h5xx_hal_spi.c ****       {
 2897              		.loc 1 1524 10 is_stmt 0 view .LVU1002
 2898 0230 BAF1000F 		cmp	r10, #0
 2899 0234 15D0     		beq	.L159
1527:Drivers/STM32H5xx_HAL_Driver/Src/stm32h5xx_hal_spi.c ****         {
 2900              		.loc 1 1527 9 is_stmt 1 view .LVU1003
1527:Drivers/STM32H5xx_HAL_Driver/Src/stm32h5xx_hal_spi.c ****         {
 2901              		.loc 1 1527 13 is_stmt 0 view .LVU1004
 2902 0236 5B69     		ldr	r3, [r3, #20]
1527:Drivers/STM32H5xx_HAL_Driver/Src/stm32h5xx_hal_spi.c ****         {
 2903              		.loc 1 1527 12 view .LVU1005
 2904 0238 13F0010F 		tst	r3, #1
 2905 023c 33D0     		beq	.L162
1530:Drivers/STM32H5xx_HAL_Driver/Src/stm32h5xx_hal_spi.c **** #else
 2906              		.loc 1 1530 11 is_stmt 1 view .LVU1006
1530:Drivers/STM32H5xx_HAL_Driver/Src/stm32h5xx_hal_spi.c **** #else
 2907              		.loc 1 1530 29 is_stmt 0 view .LVU1007
 2908 023e E36E     		ldr	r3, [r4, #108]
1530:Drivers/STM32H5xx_HAL_Driver/Src/stm32h5xx_hal_spi.c **** #else
 2909              		.loc 1 1530 45 view .LVU1008
 2910 0240 BBF83020 		ldrh	r2, [fp, #48]
 2911              	.LVL136:
1530:Drivers/STM32H5xx_HAL_Driver/Src/stm32h5xx_hal_spi.c **** #else
 2912              		.loc 1 1530 43 view .LVU1009
 2913 0244 1A80     		strh	r2, [r3]	@ movhi
1534:Drivers/STM32H5xx_HAL_Driver/Src/stm32h5xx_hal_spi.c ****           hspi->RxXferCount--;
 2914              		.loc 1 1534 11 is_stmt 1 view .LVU1010
1534:Drivers/STM32H5xx_HAL_Driver/Src/stm32h5xx_hal_spi.c ****           hspi->RxXferCount--;
 2915              		.loc 1 1534 15 is_stmt 0 view .LVU1011
 2916 0246 E36E     		ldr	r3, [r4, #108]
1534:Drivers/STM32H5xx_HAL_Driver/Src/stm32h5xx_hal_spi.c ****           hspi->RxXferCount--;
ARM GAS  /tmp/cc3pUyOJ.s 			page 137


 2917              		.loc 1 1534 28 view .LVU1012
 2918 0248 0233     		adds	r3, r3, #2
 2919 024a E366     		str	r3, [r4, #108]
1535:Drivers/STM32H5xx_HAL_Driver/Src/stm32h5xx_hal_spi.c ****           initial_RxXferCount = hspi->RxXferCount;
 2920              		.loc 1 1535 11 is_stmt 1 view .LVU1013
1535:Drivers/STM32H5xx_HAL_Driver/Src/stm32h5xx_hal_spi.c ****           initial_RxXferCount = hspi->RxXferCount;
 2921              		.loc 1 1535 15 is_stmt 0 view .LVU1014
 2922 024c B4F87230 		ldrh	r3, [r4, #114]
 2923 0250 9BB2     		uxth	r3, r3
1535:Drivers/STM32H5xx_HAL_Driver/Src/stm32h5xx_hal_spi.c ****           initial_RxXferCount = hspi->RxXferCount;
 2924              		.loc 1 1535 28 view .LVU1015
 2925 0252 013B     		subs	r3, r3, #1
 2926 0254 9BB2     		uxth	r3, r3
 2927 0256 A4F87230 		strh	r3, [r4, #114]	@ movhi
1536:Drivers/STM32H5xx_HAL_Driver/Src/stm32h5xx_hal_spi.c ****         }
 2928              		.loc 1 1536 11 is_stmt 1 view .LVU1016
1536:Drivers/STM32H5xx_HAL_Driver/Src/stm32h5xx_hal_spi.c ****         }
 2929              		.loc 1 1536 31 is_stmt 0 view .LVU1017
 2930 025a B4F872A0 		ldrh	r10, [r4, #114]
 2931              	.LVL137:
1536:Drivers/STM32H5xx_HAL_Driver/Src/stm32h5xx_hal_spi.c ****         }
 2932              		.loc 1 1536 31 view .LVU1018
 2933 025e 1FFA8AFA 		uxth	r10, r10
 2934              	.LVL138:
 2935              	.L159:
1505:Drivers/STM32H5xx_HAL_Driver/Src/stm32h5xx_hal_spi.c ****     {
 2936              		.loc 1 1505 40 is_stmt 1 view .LVU1019
 2937 0262 1DB9     		cbnz	r5, .L167
1505:Drivers/STM32H5xx_HAL_Driver/Src/stm32h5xx_hal_spi.c ****     {
 2938              		.loc 1 1505 40 is_stmt 0 discriminator 1 view .LVU1020
 2939 0264 BAF1000F 		cmp	r10, #0
 2940 0268 00F01981 		beq	.L157
 2941              	.L167:
1508:Drivers/STM32H5xx_HAL_Driver/Src/stm32h5xx_hal_spi.c ****           (initial_RxXferCount  < (initial_TxXferCount + fifo_length)))
 2942              		.loc 1 1508 7 is_stmt 1 view .LVU1021
1508:Drivers/STM32H5xx_HAL_Driver/Src/stm32h5xx_hal_spi.c ****           (initial_RxXferCount  < (initial_TxXferCount + fifo_length)))
 2943              		.loc 1 1508 12 is_stmt 0 view .LVU1022
 2944 026c 2368     		ldr	r3, [r4]
 2945 026e 5B69     		ldr	r3, [r3, #20]
1508:Drivers/STM32H5xx_HAL_Driver/Src/stm32h5xx_hal_spi.c ****           (initial_RxXferCount  < (initial_TxXferCount + fifo_length)))
 2946              		.loc 1 1508 10 view .LVU1023
 2947 0270 13F0020F 		tst	r3, #2
 2948 0274 DAD0     		beq	.L160
1508:Drivers/STM32H5xx_HAL_Driver/Src/stm32h5xx_hal_spi.c ****           (initial_RxXferCount  < (initial_TxXferCount + fifo_length)))
 2949              		.loc 1 1508 52 discriminator 1 view .LVU1024
 2950 0276 002D     		cmp	r5, #0
 2951 0278 D8D0     		beq	.L160
1509:Drivers/STM32H5xx_HAL_Driver/Src/stm32h5xx_hal_spi.c ****       {
 2952              		.loc 1 1509 56 view .LVU1025
 2953 027a 039B     		ldr	r3, [sp, #12]
 2954 027c EB18     		adds	r3, r5, r3
1508:Drivers/STM32H5xx_HAL_Driver/Src/stm32h5xx_hal_spi.c ****           (initial_RxXferCount  < (initial_TxXferCount + fifo_length)))
 2955              		.loc 1 1508 83 discriminator 2 view .LVU1026
 2956 027e 9A45     		cmp	r10, r3
 2957 0280 D4D2     		bcs	.L160
1512:Drivers/STM32H5xx_HAL_Driver/Src/stm32h5xx_hal_spi.c **** #else
 2958              		.loc 1 1512 9 is_stmt 1 view .LVU1027
ARM GAS  /tmp/cc3pUyOJ.s 			page 138


1512:Drivers/STM32H5xx_HAL_Driver/Src/stm32h5xx_hal_spi.c **** #else
 2959              		.loc 1 1512 49 is_stmt 0 view .LVU1028
 2960 0282 636E     		ldr	r3, [r4, #100]
1512:Drivers/STM32H5xx_HAL_Driver/Src/stm32h5xx_hal_spi.c **** #else
 2961              		.loc 1 1512 25 view .LVU1029
 2962 0284 1B88     		ldrh	r3, [r3]
1512:Drivers/STM32H5xx_HAL_Driver/Src/stm32h5xx_hal_spi.c **** #else
 2963              		.loc 1 1512 23 view .LVU1030
 2964 0286 ABF82030 		strh	r3, [fp, #32]	@ movhi
1516:Drivers/STM32H5xx_HAL_Driver/Src/stm32h5xx_hal_spi.c ****         hspi->TxXferCount--;
 2965              		.loc 1 1516 9 is_stmt 1 view .LVU1031
1516:Drivers/STM32H5xx_HAL_Driver/Src/stm32h5xx_hal_spi.c ****         hspi->TxXferCount--;
 2966              		.loc 1 1516 13 is_stmt 0 view .LVU1032
 2967 028a 636E     		ldr	r3, [r4, #100]
1516:Drivers/STM32H5xx_HAL_Driver/Src/stm32h5xx_hal_spi.c ****         hspi->TxXferCount--;
 2968              		.loc 1 1516 26 view .LVU1033
 2969 028c 0233     		adds	r3, r3, #2
 2970 028e 6366     		str	r3, [r4, #100]
1517:Drivers/STM32H5xx_HAL_Driver/Src/stm32h5xx_hal_spi.c ****         initial_TxXferCount = hspi->TxXferCount;
 2971              		.loc 1 1517 9 is_stmt 1 view .LVU1034
1517:Drivers/STM32H5xx_HAL_Driver/Src/stm32h5xx_hal_spi.c ****         initial_TxXferCount = hspi->TxXferCount;
 2972              		.loc 1 1517 13 is_stmt 0 view .LVU1035
 2973 0290 B4F86A30 		ldrh	r3, [r4, #106]
 2974 0294 9BB2     		uxth	r3, r3
1517:Drivers/STM32H5xx_HAL_Driver/Src/stm32h5xx_hal_spi.c ****         initial_TxXferCount = hspi->TxXferCount;
 2975              		.loc 1 1517 26 view .LVU1036
 2976 0296 013B     		subs	r3, r3, #1
 2977 0298 9BB2     		uxth	r3, r3
 2978 029a A4F86A30 		strh	r3, [r4, #106]	@ movhi
1518:Drivers/STM32H5xx_HAL_Driver/Src/stm32h5xx_hal_spi.c ****       }
 2979              		.loc 1 1518 9 is_stmt 1 view .LVU1037
1518:Drivers/STM32H5xx_HAL_Driver/Src/stm32h5xx_hal_spi.c ****       }
 2980              		.loc 1 1518 29 is_stmt 0 view .LVU1038
 2981 029e B4F86A50 		ldrh	r5, [r4, #106]
 2982              	.LVL139:
1518:Drivers/STM32H5xx_HAL_Driver/Src/stm32h5xx_hal_spi.c ****       }
 2983              		.loc 1 1518 29 view .LVU1039
 2984 02a2 ADB2     		uxth	r5, r5
 2985              	.LVL140:
1518:Drivers/STM32H5xx_HAL_Driver/Src/stm32h5xx_hal_spi.c ****       }
 2986              		.loc 1 1518 29 view .LVU1040
 2987 02a4 C2E7     		b	.L160
 2988              	.LVL141:
 2989              	.L162:
1539:Drivers/STM32H5xx_HAL_Driver/Src/stm32h5xx_hal_spi.c ****         {
 2990              		.loc 1 1539 14 is_stmt 1 view .LVU1041
1539:Drivers/STM32H5xx_HAL_Driver/Src/stm32h5xx_hal_spi.c ****         {
 2991              		.loc 1 1539 17 is_stmt 0 view .LVU1042
 2992 02a6 B245     		cmp	r10, r6
 2993 02a8 1BD2     		bcs	.L163
1539:Drivers/STM32H5xx_HAL_Driver/Src/stm32h5xx_hal_spi.c ****         {
 2994              		.loc 1 1539 64 discriminator 1 view .LVU1043
 2995 02aa 12F4004F 		tst	r2, #32768
 2996 02ae 18D0     		beq	.L163
1542:Drivers/STM32H5xx_HAL_Driver/Src/stm32h5xx_hal_spi.c **** #else
 2997              		.loc 1 1542 11 is_stmt 1 view .LVU1044
1542:Drivers/STM32H5xx_HAL_Driver/Src/stm32h5xx_hal_spi.c **** #else
ARM GAS  /tmp/cc3pUyOJ.s 			page 139


 2998              		.loc 1 1542 29 is_stmt 0 view .LVU1045
 2999 02b0 E36E     		ldr	r3, [r4, #108]
1542:Drivers/STM32H5xx_HAL_Driver/Src/stm32h5xx_hal_spi.c **** #else
 3000              		.loc 1 1542 45 view .LVU1046
 3001 02b2 BBF83020 		ldrh	r2, [fp, #48]
 3002              	.LVL142:
1542:Drivers/STM32H5xx_HAL_Driver/Src/stm32h5xx_hal_spi.c **** #else
 3003              		.loc 1 1542 43 view .LVU1047
 3004 02b6 1A80     		strh	r2, [r3]	@ movhi
1546:Drivers/STM32H5xx_HAL_Driver/Src/stm32h5xx_hal_spi.c **** #if defined (__GNUC__)
 3005              		.loc 1 1546 11 is_stmt 1 view .LVU1048
1546:Drivers/STM32H5xx_HAL_Driver/Src/stm32h5xx_hal_spi.c **** #if defined (__GNUC__)
 3006              		.loc 1 1546 15 is_stmt 0 view .LVU1049
 3007 02b8 E36E     		ldr	r3, [r4, #108]
1546:Drivers/STM32H5xx_HAL_Driver/Src/stm32h5xx_hal_spi.c **** #if defined (__GNUC__)
 3008              		.loc 1 1546 28 view .LVU1050
 3009 02ba 9A1C     		adds	r2, r3, #2
 3010 02bc E266     		str	r2, [r4, #108]
1548:Drivers/STM32H5xx_HAL_Driver/Src/stm32h5xx_hal_spi.c **** #else
 3011              		.loc 1 1548 11 is_stmt 1 view .LVU1051
1548:Drivers/STM32H5xx_HAL_Driver/Src/stm32h5xx_hal_spi.c **** #else
 3012              		.loc 1 1548 45 is_stmt 0 view .LVU1052
 3013 02be BBF83020 		ldrh	r2, [fp, #48]
1548:Drivers/STM32H5xx_HAL_Driver/Src/stm32h5xx_hal_spi.c **** #else
 3014              		.loc 1 1548 43 view .LVU1053
 3015 02c2 5A80     		strh	r2, [r3, #2]	@ movhi
1552:Drivers/STM32H5xx_HAL_Driver/Src/stm32h5xx_hal_spi.c ****           hspi->RxXferCount -= (uint16_t)2UL;
 3016              		.loc 1 1552 11 is_stmt 1 view .LVU1054
1552:Drivers/STM32H5xx_HAL_Driver/Src/stm32h5xx_hal_spi.c ****           hspi->RxXferCount -= (uint16_t)2UL;
 3017              		.loc 1 1552 15 is_stmt 0 view .LVU1055
 3018 02c4 E36E     		ldr	r3, [r4, #108]
1552:Drivers/STM32H5xx_HAL_Driver/Src/stm32h5xx_hal_spi.c ****           hspi->RxXferCount -= (uint16_t)2UL;
 3019              		.loc 1 1552 28 view .LVU1056
 3020 02c6 0233     		adds	r3, r3, #2
 3021 02c8 E366     		str	r3, [r4, #108]
1553:Drivers/STM32H5xx_HAL_Driver/Src/stm32h5xx_hal_spi.c ****           initial_RxXferCount = hspi->RxXferCount;
 3022              		.loc 1 1553 11 is_stmt 1 view .LVU1057
1553:Drivers/STM32H5xx_HAL_Driver/Src/stm32h5xx_hal_spi.c ****           initial_RxXferCount = hspi->RxXferCount;
 3023              		.loc 1 1553 15 is_stmt 0 view .LVU1058
 3024 02ca B4F87230 		ldrh	r3, [r4, #114]
 3025 02ce 9BB2     		uxth	r3, r3
1553:Drivers/STM32H5xx_HAL_Driver/Src/stm32h5xx_hal_spi.c ****           initial_RxXferCount = hspi->RxXferCount;
 3026              		.loc 1 1553 29 view .LVU1059
 3027 02d0 023B     		subs	r3, r3, #2
 3028 02d2 9BB2     		uxth	r3, r3
 3029 02d4 A4F87230 		strh	r3, [r4, #114]	@ movhi
1554:Drivers/STM32H5xx_HAL_Driver/Src/stm32h5xx_hal_spi.c ****         }
 3030              		.loc 1 1554 11 is_stmt 1 view .LVU1060
1554:Drivers/STM32H5xx_HAL_Driver/Src/stm32h5xx_hal_spi.c ****         }
 3031              		.loc 1 1554 31 is_stmt 0 view .LVU1061
 3032 02d8 B4F872A0 		ldrh	r10, [r4, #114]
 3033              	.LVL143:
1554:Drivers/STM32H5xx_HAL_Driver/Src/stm32h5xx_hal_spi.c ****         }
 3034              		.loc 1 1554 31 view .LVU1062
 3035 02dc 1FFA8AFA 		uxth	r10, r10
 3036              	.LVL144:
1554:Drivers/STM32H5xx_HAL_Driver/Src/stm32h5xx_hal_spi.c ****         }
ARM GAS  /tmp/cc3pUyOJ.s 			page 140


 3037              		.loc 1 1554 31 view .LVU1063
 3038 02e0 BFE7     		b	.L159
 3039              	.LVL145:
 3040              	.L163:
1557:Drivers/STM32H5xx_HAL_Driver/Src/stm32h5xx_hal_spi.c ****         {
 3041              		.loc 1 1557 14 is_stmt 1 view .LVU1064
1557:Drivers/STM32H5xx_HAL_Driver/Src/stm32h5xx_hal_spi.c ****         {
 3042              		.loc 1 1557 17 is_stmt 0 view .LVU1065
 3043 02e2 BAF1010F 		cmp	r10, #1
 3044 02e6 1BD1     		bne	.L164
1557:Drivers/STM32H5xx_HAL_Driver/Src/stm32h5xx_hal_spi.c ****         {
 3045              		.loc 1 1557 47 discriminator 1 view .LVU1066
 3046 02e8 12F4005F 		tst	r2, #8192
 3047 02ec 18D0     		beq	.L164
1560:Drivers/STM32H5xx_HAL_Driver/Src/stm32h5xx_hal_spi.c **** #else
 3048              		.loc 1 1560 11 is_stmt 1 view .LVU1067
1560:Drivers/STM32H5xx_HAL_Driver/Src/stm32h5xx_hal_spi.c **** #else
 3049              		.loc 1 1560 29 is_stmt 0 view .LVU1068
 3050 02ee E36E     		ldr	r3, [r4, #108]
1560:Drivers/STM32H5xx_HAL_Driver/Src/stm32h5xx_hal_spi.c **** #else
 3051              		.loc 1 1560 45 view .LVU1069
 3052 02f0 BBF83020 		ldrh	r2, [fp, #48]
 3053              	.LVL146:
1560:Drivers/STM32H5xx_HAL_Driver/Src/stm32h5xx_hal_spi.c **** #else
 3054              		.loc 1 1560 43 view .LVU1070
 3055 02f4 1A80     		strh	r2, [r3]	@ movhi
1564:Drivers/STM32H5xx_HAL_Driver/Src/stm32h5xx_hal_spi.c ****           hspi->RxXferCount--;
 3056              		.loc 1 1564 11 is_stmt 1 view .LVU1071
1564:Drivers/STM32H5xx_HAL_Driver/Src/stm32h5xx_hal_spi.c ****           hspi->RxXferCount--;
 3057              		.loc 1 1564 15 is_stmt 0 view .LVU1072
 3058 02f6 E36E     		ldr	r3, [r4, #108]
1564:Drivers/STM32H5xx_HAL_Driver/Src/stm32h5xx_hal_spi.c ****           hspi->RxXferCount--;
 3059              		.loc 1 1564 28 view .LVU1073
 3060 02f8 0233     		adds	r3, r3, #2
 3061 02fa E366     		str	r3, [r4, #108]
1565:Drivers/STM32H5xx_HAL_Driver/Src/stm32h5xx_hal_spi.c ****           initial_RxXferCount = hspi->RxXferCount;
 3062              		.loc 1 1565 11 is_stmt 1 view .LVU1074
1565:Drivers/STM32H5xx_HAL_Driver/Src/stm32h5xx_hal_spi.c ****           initial_RxXferCount = hspi->RxXferCount;
 3063              		.loc 1 1565 15 is_stmt 0 view .LVU1075
 3064 02fc B4F87230 		ldrh	r3, [r4, #114]
 3065 0300 9BB2     		uxth	r3, r3
1565:Drivers/STM32H5xx_HAL_Driver/Src/stm32h5xx_hal_spi.c ****           initial_RxXferCount = hspi->RxXferCount;
 3066              		.loc 1 1565 28 view .LVU1076
 3067 0302 013B     		subs	r3, r3, #1
 3068 0304 9BB2     		uxth	r3, r3
 3069 0306 A4F87230 		strh	r3, [r4, #114]	@ movhi
1566:Drivers/STM32H5xx_HAL_Driver/Src/stm32h5xx_hal_spi.c ****         }
 3070              		.loc 1 1566 11 is_stmt 1 view .LVU1077
1566:Drivers/STM32H5xx_HAL_Driver/Src/stm32h5xx_hal_spi.c ****         }
 3071              		.loc 1 1566 31 is_stmt 0 view .LVU1078
 3072 030a B4F872A0 		ldrh	r10, [r4, #114]
 3073              	.LVL147:
1566:Drivers/STM32H5xx_HAL_Driver/Src/stm32h5xx_hal_spi.c ****         }
 3074              		.loc 1 1566 31 view .LVU1079
 3075 030e 1FFA8AFA 		uxth	r10, r10
 3076              	.LVL148:
1566:Drivers/STM32H5xx_HAL_Driver/Src/stm32h5xx_hal_spi.c ****         }
ARM GAS  /tmp/cc3pUyOJ.s 			page 141


 3077              		.loc 1 1566 31 view .LVU1080
 3078 0312 A6E7     		b	.L159
 3079              	.L191:
 3080              		.align	2
 3081              	.L190:
 3082 0314 00300140 		.word	1073819648
 3083 0318 00380040 		.word	1073756160
 3084 031c 003C0040 		.word	1073757184
 3085              	.LVL149:
 3086              	.L164:
1571:Drivers/STM32H5xx_HAL_Driver/Src/stm32h5xx_hal_spi.c ****           {
 3087              		.loc 1 1571 11 is_stmt 1 view .LVU1081
1571:Drivers/STM32H5xx_HAL_Driver/Src/stm32h5xx_hal_spi.c ****           {
 3088              		.loc 1 1571 18 is_stmt 0 view .LVU1082
 3089 0320 FFF7FEFF 		bl	HAL_GetTick
 3090              	.LVL150:
1571:Drivers/STM32H5xx_HAL_Driver/Src/stm32h5xx_hal_spi.c ****           {
 3091              		.loc 1 1571 32 discriminator 1 view .LVU1083
 3092 0324 A0EB0900 		sub	r0, r0, r9
1571:Drivers/STM32H5xx_HAL_Driver/Src/stm32h5xx_hal_spi.c ****           {
 3093              		.loc 1 1571 14 discriminator 1 view .LVU1084
 3094 0328 4045     		cmp	r0, r8
 3095 032a 02D3     		bcc	.L165
1571:Drivers/STM32H5xx_HAL_Driver/Src/stm32h5xx_hal_spi.c ****           {
 3096              		.loc 1 1571 58 discriminator 1 view .LVU1085
 3097 032c B8F1FF3F 		cmp	r8, #-1
 3098 0330 02D1     		bne	.L166
 3099              	.L165:
1571:Drivers/STM32H5xx_HAL_Driver/Src/stm32h5xx_hal_spi.c ****           {
 3100              		.loc 1 1571 89 discriminator 3 view .LVU1086
 3101 0332 B8F1000F 		cmp	r8, #0
 3102 0336 94D1     		bne	.L159
 3103              	.L166:
1574:Drivers/STM32H5xx_HAL_Driver/Src/stm32h5xx_hal_spi.c **** 
 3104              		.loc 1 1574 13 is_stmt 1 view .LVU1087
 3105 0338 2046     		mov	r0, r4
 3106 033a FFF7FEFF 		bl	SPI_CloseTransfer
 3107              	.LVL151:
1576:Drivers/STM32H5xx_HAL_Driver/Src/stm32h5xx_hal_spi.c ****             hspi->State = HAL_SPI_STATE_READY;
 3108              		.loc 1 1576 13 view .LVU1088
 3109 033e D4F88C30 		ldr	r3, [r4, #140]
 3110 0342 43F48073 		orr	r3, r3, #256
 3111 0346 C4F88C30 		str	r3, [r4, #140]
1577:Drivers/STM32H5xx_HAL_Driver/Src/stm32h5xx_hal_spi.c **** 
 3112              		.loc 1 1577 13 view .LVU1089
1577:Drivers/STM32H5xx_HAL_Driver/Src/stm32h5xx_hal_spi.c **** 
 3113              		.loc 1 1577 25 is_stmt 0 view .LVU1090
 3114 034a 0123     		movs	r3, #1
 3115 034c 84F88930 		strb	r3, [r4, #137]
1580:Drivers/STM32H5xx_HAL_Driver/Src/stm32h5xx_hal_spi.c **** 
 3116              		.loc 1 1580 13 is_stmt 1 view .LVU1091
1580:Drivers/STM32H5xx_HAL_Driver/Src/stm32h5xx_hal_spi.c **** 
 3117              		.loc 1 1580 13 view .LVU1092
 3118 0350 0023     		movs	r3, #0
 3119 0352 84F88830 		strb	r3, [r4, #136]
1580:Drivers/STM32H5xx_HAL_Driver/Src/stm32h5xx_hal_spi.c **** 
 3120              		.loc 1 1580 13 view .LVU1093
ARM GAS  /tmp/cc3pUyOJ.s 			page 142


1582:Drivers/STM32H5xx_HAL_Driver/Src/stm32h5xx_hal_spi.c ****           }
 3121              		.loc 1 1582 13 view .LVU1094
1582:Drivers/STM32H5xx_HAL_Driver/Src/stm32h5xx_hal_spi.c ****           }
 3122              		.loc 1 1582 20 is_stmt 0 view .LVU1095
 3123 0356 0327     		movs	r7, #3
 3124 0358 BFE0     		b	.L144
 3125              	.LVL152:
 3126              	.L168:
1604:Drivers/STM32H5xx_HAL_Driver/Src/stm32h5xx_hal_spi.c **** 
 3127              		.loc 1 1604 7 is_stmt 1 view .LVU1096
1604:Drivers/STM32H5xx_HAL_Driver/Src/stm32h5xx_hal_spi.c **** 
 3128              		.loc 1 1604 25 is_stmt 0 view .LVU1097
 3129 035a 2368     		ldr	r3, [r4]
1604:Drivers/STM32H5xx_HAL_Driver/Src/stm32h5xx_hal_spi.c **** 
 3130              		.loc 1 1604 19 view .LVU1098
 3131 035c 5A69     		ldr	r2, [r3, #20]
 3132              	.LVL153:
1606:Drivers/STM32H5xx_HAL_Driver/Src/stm32h5xx_hal_spi.c ****       {
 3133              		.loc 1 1606 7 is_stmt 1 view .LVU1099
1606:Drivers/STM32H5xx_HAL_Driver/Src/stm32h5xx_hal_spi.c ****       {
 3134              		.loc 1 1606 10 is_stmt 0 view .LVU1100
 3135 035e BBF1000F 		cmp	fp, #0
 3136 0362 15D0     		beq	.L158
1609:Drivers/STM32H5xx_HAL_Driver/Src/stm32h5xx_hal_spi.c ****         {
 3137              		.loc 1 1609 9 is_stmt 1 view .LVU1101
1609:Drivers/STM32H5xx_HAL_Driver/Src/stm32h5xx_hal_spi.c ****         {
 3138              		.loc 1 1609 13 is_stmt 0 view .LVU1102
 3139 0364 5969     		ldr	r1, [r3, #20]
1609:Drivers/STM32H5xx_HAL_Driver/Src/stm32h5xx_hal_spi.c ****         {
 3140              		.loc 1 1609 12 view .LVU1103
 3141 0366 11F0010F 		tst	r1, #1
 3142 036a 33D0     		beq	.L170
1611:Drivers/STM32H5xx_HAL_Driver/Src/stm32h5xx_hal_spi.c ****           hspi->pRxBuffPtr += sizeof(uint8_t);
 3143              		.loc 1 1611 11 is_stmt 1 view .LVU1104
1611:Drivers/STM32H5xx_HAL_Driver/Src/stm32h5xx_hal_spi.c ****           hspi->pRxBuffPtr += sizeof(uint8_t);
 3144              		.loc 1 1611 28 is_stmt 0 view .LVU1105
 3145 036c E26E     		ldr	r2, [r4, #108]
 3146              	.LVL154:
1611:Drivers/STM32H5xx_HAL_Driver/Src/stm32h5xx_hal_spi.c ****           hspi->pRxBuffPtr += sizeof(uint8_t);
 3147              		.loc 1 1611 44 view .LVU1106
 3148 036e 93F83030 		ldrb	r3, [r3, #48]	@ zero_extendqisi2
1611:Drivers/STM32H5xx_HAL_Driver/Src/stm32h5xx_hal_spi.c ****           hspi->pRxBuffPtr += sizeof(uint8_t);
 3149              		.loc 1 1611 42 view .LVU1107
 3150 0372 1370     		strb	r3, [r2]
1612:Drivers/STM32H5xx_HAL_Driver/Src/stm32h5xx_hal_spi.c ****           hspi->RxXferCount--;
 3151              		.loc 1 1612 11 is_stmt 1 view .LVU1108
1612:Drivers/STM32H5xx_HAL_Driver/Src/stm32h5xx_hal_spi.c ****           hspi->RxXferCount--;
 3152              		.loc 1 1612 15 is_stmt 0 view .LVU1109
 3153 0374 E36E     		ldr	r3, [r4, #108]
1612:Drivers/STM32H5xx_HAL_Driver/Src/stm32h5xx_hal_spi.c ****           hspi->RxXferCount--;
 3154              		.loc 1 1612 28 view .LVU1110
 3155 0376 0133     		adds	r3, r3, #1
 3156 0378 E366     		str	r3, [r4, #108]
1613:Drivers/STM32H5xx_HAL_Driver/Src/stm32h5xx_hal_spi.c ****           initial_RxXferCount = hspi->RxXferCount;
 3157              		.loc 1 1613 11 is_stmt 1 view .LVU1111
1613:Drivers/STM32H5xx_HAL_Driver/Src/stm32h5xx_hal_spi.c ****           initial_RxXferCount = hspi->RxXferCount;
 3158              		.loc 1 1613 15 is_stmt 0 view .LVU1112
ARM GAS  /tmp/cc3pUyOJ.s 			page 143


 3159 037a B4F87230 		ldrh	r3, [r4, #114]
 3160 037e 9BB2     		uxth	r3, r3
1613:Drivers/STM32H5xx_HAL_Driver/Src/stm32h5xx_hal_spi.c ****           initial_RxXferCount = hspi->RxXferCount;
 3161              		.loc 1 1613 28 view .LVU1113
 3162 0380 013B     		subs	r3, r3, #1
 3163 0382 9BB2     		uxth	r3, r3
 3164 0384 A4F87230 		strh	r3, [r4, #114]	@ movhi
1614:Drivers/STM32H5xx_HAL_Driver/Src/stm32h5xx_hal_spi.c ****         }
 3165              		.loc 1 1614 11 is_stmt 1 view .LVU1114
1614:Drivers/STM32H5xx_HAL_Driver/Src/stm32h5xx_hal_spi.c ****         }
 3166              		.loc 1 1614 31 is_stmt 0 view .LVU1115
 3167 0388 B4F872B0 		ldrh	fp, [r4, #114]
 3168              	.LVL155:
1614:Drivers/STM32H5xx_HAL_Driver/Src/stm32h5xx_hal_spi.c ****         }
 3169              		.loc 1 1614 31 view .LVU1116
 3170 038c 1FFA8BFB 		uxth	fp, fp
 3171              	.LVL156:
 3172              	.L158:
1591:Drivers/STM32H5xx_HAL_Driver/Src/stm32h5xx_hal_spi.c ****     {
 3173              		.loc 1 1591 40 is_stmt 1 view .LVU1117
 3174 0390 1DB9     		cbnz	r5, .L175
1591:Drivers/STM32H5xx_HAL_Driver/Src/stm32h5xx_hal_spi.c ****     {
 3175              		.loc 1 1591 40 is_stmt 0 discriminator 1 view .LVU1118
 3176 0392 BBF1000F 		cmp	fp, #0
 3177 0396 00F08280 		beq	.L157
 3178              	.L175:
1594:Drivers/STM32H5xx_HAL_Driver/Src/stm32h5xx_hal_spi.c ****           (initial_RxXferCount  < (initial_TxXferCount + fifo_length)))
 3179              		.loc 1 1594 7 is_stmt 1 view .LVU1119
1594:Drivers/STM32H5xx_HAL_Driver/Src/stm32h5xx_hal_spi.c ****           (initial_RxXferCount  < (initial_TxXferCount + fifo_length)))
 3180              		.loc 1 1594 12 is_stmt 0 view .LVU1120
 3181 039a 2368     		ldr	r3, [r4]
 3182 039c 5A69     		ldr	r2, [r3, #20]
1594:Drivers/STM32H5xx_HAL_Driver/Src/stm32h5xx_hal_spi.c ****           (initial_RxXferCount  < (initial_TxXferCount + fifo_length)))
 3183              		.loc 1 1594 10 view .LVU1121
 3184 039e 12F0020F 		tst	r2, #2
 3185 03a2 DAD0     		beq	.L168
1594:Drivers/STM32H5xx_HAL_Driver/Src/stm32h5xx_hal_spi.c ****           (initial_RxXferCount  < (initial_TxXferCount + fifo_length)))
 3186              		.loc 1 1594 52 discriminator 1 view .LVU1122
 3187 03a4 002D     		cmp	r5, #0
 3188 03a6 D8D0     		beq	.L168
1595:Drivers/STM32H5xx_HAL_Driver/Src/stm32h5xx_hal_spi.c ****       {
 3189              		.loc 1 1595 56 view .LVU1123
 3190 03a8 05EB0A02 		add	r2, r5, r10
1594:Drivers/STM32H5xx_HAL_Driver/Src/stm32h5xx_hal_spi.c ****           (initial_RxXferCount  < (initial_TxXferCount + fifo_length)))
 3191              		.loc 1 1594 83 discriminator 2 view .LVU1124
 3192 03ac 9345     		cmp	fp, r2
 3193 03ae D4D2     		bcs	.L168
1597:Drivers/STM32H5xx_HAL_Driver/Src/stm32h5xx_hal_spi.c ****         hspi->pTxBuffPtr += sizeof(uint8_t);
 3194              		.loc 1 1597 9 is_stmt 1 view .LVU1125
1597:Drivers/STM32H5xx_HAL_Driver/Src/stm32h5xx_hal_spi.c ****         hspi->pTxBuffPtr += sizeof(uint8_t);
 3195              		.loc 1 1597 75 is_stmt 0 view .LVU1126
 3196 03b0 626E     		ldr	r2, [r4, #100]
1597:Drivers/STM32H5xx_HAL_Driver/Src/stm32h5xx_hal_spi.c ****         hspi->pTxBuffPtr += sizeof(uint8_t);
 3197              		.loc 1 1597 52 view .LVU1127
 3198 03b2 1278     		ldrb	r2, [r2]	@ zero_extendqisi2
1597:Drivers/STM32H5xx_HAL_Driver/Src/stm32h5xx_hal_spi.c ****         hspi->pTxBuffPtr += sizeof(uint8_t);
 3199              		.loc 1 1597 50 view .LVU1128
ARM GAS  /tmp/cc3pUyOJ.s 			page 144


 3200 03b4 83F82020 		strb	r2, [r3, #32]
1598:Drivers/STM32H5xx_HAL_Driver/Src/stm32h5xx_hal_spi.c ****         hspi->TxXferCount--;
 3201              		.loc 1 1598 9 is_stmt 1 view .LVU1129
1598:Drivers/STM32H5xx_HAL_Driver/Src/stm32h5xx_hal_spi.c ****         hspi->TxXferCount--;
 3202              		.loc 1 1598 13 is_stmt 0 view .LVU1130
 3203 03b8 636E     		ldr	r3, [r4, #100]
1598:Drivers/STM32H5xx_HAL_Driver/Src/stm32h5xx_hal_spi.c ****         hspi->TxXferCount--;
 3204              		.loc 1 1598 26 view .LVU1131
 3205 03ba 0133     		adds	r3, r3, #1
 3206 03bc 6366     		str	r3, [r4, #100]
1599:Drivers/STM32H5xx_HAL_Driver/Src/stm32h5xx_hal_spi.c ****         initial_TxXferCount = hspi->TxXferCount;
 3207              		.loc 1 1599 9 is_stmt 1 view .LVU1132
1599:Drivers/STM32H5xx_HAL_Driver/Src/stm32h5xx_hal_spi.c ****         initial_TxXferCount = hspi->TxXferCount;
 3208              		.loc 1 1599 13 is_stmt 0 view .LVU1133
 3209 03be B4F86A30 		ldrh	r3, [r4, #106]
 3210 03c2 9BB2     		uxth	r3, r3
1599:Drivers/STM32H5xx_HAL_Driver/Src/stm32h5xx_hal_spi.c ****         initial_TxXferCount = hspi->TxXferCount;
 3211              		.loc 1 1599 26 view .LVU1134
 3212 03c4 013B     		subs	r3, r3, #1
 3213 03c6 9BB2     		uxth	r3, r3
 3214 03c8 A4F86A30 		strh	r3, [r4, #106]	@ movhi
1600:Drivers/STM32H5xx_HAL_Driver/Src/stm32h5xx_hal_spi.c ****       }
 3215              		.loc 1 1600 9 is_stmt 1 view .LVU1135
1600:Drivers/STM32H5xx_HAL_Driver/Src/stm32h5xx_hal_spi.c ****       }
 3216              		.loc 1 1600 29 is_stmt 0 view .LVU1136
 3217 03cc B4F86A50 		ldrh	r5, [r4, #106]
 3218              	.LVL157:
1600:Drivers/STM32H5xx_HAL_Driver/Src/stm32h5xx_hal_spi.c ****       }
 3219              		.loc 1 1600 29 view .LVU1137
 3220 03d0 ADB2     		uxth	r5, r5
 3221              	.LVL158:
1600:Drivers/STM32H5xx_HAL_Driver/Src/stm32h5xx_hal_spi.c ****       }
 3222              		.loc 1 1600 29 view .LVU1138
 3223 03d2 C2E7     		b	.L168
 3224              	.LVL159:
 3225              	.L170:
1617:Drivers/STM32H5xx_HAL_Driver/Src/stm32h5xx_hal_spi.c ****         {
 3226              		.loc 1 1617 14 is_stmt 1 view .LVU1139
1617:Drivers/STM32H5xx_HAL_Driver/Src/stm32h5xx_hal_spi.c ****         {
 3227              		.loc 1 1617 17 is_stmt 0 view .LVU1140
 3228 03d4 B345     		cmp	fp, r6
 3229 03d6 2AD2     		bcs	.L171
1617:Drivers/STM32H5xx_HAL_Driver/Src/stm32h5xx_hal_spi.c ****         {
 3230              		.loc 1 1617 64 discriminator 1 view .LVU1141
 3231 03d8 12F4004F 		tst	r2, #32768
 3232 03dc 27D0     		beq	.L171
1619:Drivers/STM32H5xx_HAL_Driver/Src/stm32h5xx_hal_spi.c ****           hspi->pRxBuffPtr += sizeof(uint8_t);
 3233              		.loc 1 1619 11 is_stmt 1 view .LVU1142
1619:Drivers/STM32H5xx_HAL_Driver/Src/stm32h5xx_hal_spi.c ****           hspi->pRxBuffPtr += sizeof(uint8_t);
 3234              		.loc 1 1619 28 is_stmt 0 view .LVU1143
 3235 03de E26E     		ldr	r2, [r4, #108]
 3236              	.LVL160:
1619:Drivers/STM32H5xx_HAL_Driver/Src/stm32h5xx_hal_spi.c ****           hspi->pRxBuffPtr += sizeof(uint8_t);
 3237              		.loc 1 1619 44 view .LVU1144
 3238 03e0 93F83030 		ldrb	r3, [r3, #48]	@ zero_extendqisi2
1619:Drivers/STM32H5xx_HAL_Driver/Src/stm32h5xx_hal_spi.c ****           hspi->pRxBuffPtr += sizeof(uint8_t);
 3239              		.loc 1 1619 42 view .LVU1145
ARM GAS  /tmp/cc3pUyOJ.s 			page 145


 3240 03e4 1370     		strb	r3, [r2]
1620:Drivers/STM32H5xx_HAL_Driver/Src/stm32h5xx_hal_spi.c ****           *((uint8_t *)hspi->pRxBuffPtr) = *((__IO uint8_t *)&hspi->Instance->RXDR);
 3241              		.loc 1 1620 11 is_stmt 1 view .LVU1146
1620:Drivers/STM32H5xx_HAL_Driver/Src/stm32h5xx_hal_spi.c ****           *((uint8_t *)hspi->pRxBuffPtr) = *((__IO uint8_t *)&hspi->Instance->RXDR);
 3242              		.loc 1 1620 15 is_stmt 0 view .LVU1147
 3243 03e6 E36E     		ldr	r3, [r4, #108]
1620:Drivers/STM32H5xx_HAL_Driver/Src/stm32h5xx_hal_spi.c ****           *((uint8_t *)hspi->pRxBuffPtr) = *((__IO uint8_t *)&hspi->Instance->RXDR);
 3244              		.loc 1 1620 28 view .LVU1148
 3245 03e8 5A1C     		adds	r2, r3, #1
 3246 03ea E266     		str	r2, [r4, #108]
1621:Drivers/STM32H5xx_HAL_Driver/Src/stm32h5xx_hal_spi.c ****           hspi->pRxBuffPtr += sizeof(uint8_t);
 3247              		.loc 1 1621 11 is_stmt 1 view .LVU1149
1621:Drivers/STM32H5xx_HAL_Driver/Src/stm32h5xx_hal_spi.c ****           hspi->pRxBuffPtr += sizeof(uint8_t);
 3248              		.loc 1 1621 67 is_stmt 0 view .LVU1150
 3249 03ec 2268     		ldr	r2, [r4]
1621:Drivers/STM32H5xx_HAL_Driver/Src/stm32h5xx_hal_spi.c ****           hspi->pRxBuffPtr += sizeof(uint8_t);
 3250              		.loc 1 1621 44 view .LVU1151
 3251 03ee 92F83020 		ldrb	r2, [r2, #48]	@ zero_extendqisi2
1621:Drivers/STM32H5xx_HAL_Driver/Src/stm32h5xx_hal_spi.c ****           hspi->pRxBuffPtr += sizeof(uint8_t);
 3252              		.loc 1 1621 42 view .LVU1152
 3253 03f2 5A70     		strb	r2, [r3, #1]
1622:Drivers/STM32H5xx_HAL_Driver/Src/stm32h5xx_hal_spi.c ****           *((uint8_t *)hspi->pRxBuffPtr) = *((__IO uint8_t *)&hspi->Instance->RXDR);
 3254              		.loc 1 1622 11 is_stmt 1 view .LVU1153
1622:Drivers/STM32H5xx_HAL_Driver/Src/stm32h5xx_hal_spi.c ****           *((uint8_t *)hspi->pRxBuffPtr) = *((__IO uint8_t *)&hspi->Instance->RXDR);
 3255              		.loc 1 1622 15 is_stmt 0 view .LVU1154
 3256 03f4 E36E     		ldr	r3, [r4, #108]
1622:Drivers/STM32H5xx_HAL_Driver/Src/stm32h5xx_hal_spi.c ****           *((uint8_t *)hspi->pRxBuffPtr) = *((__IO uint8_t *)&hspi->Instance->RXDR);
 3257              		.loc 1 1622 28 view .LVU1155
 3258 03f6 5A1C     		adds	r2, r3, #1
 3259 03f8 E266     		str	r2, [r4, #108]
1623:Drivers/STM32H5xx_HAL_Driver/Src/stm32h5xx_hal_spi.c ****           hspi->pRxBuffPtr += sizeof(uint8_t);
 3260              		.loc 1 1623 11 is_stmt 1 view .LVU1156
1623:Drivers/STM32H5xx_HAL_Driver/Src/stm32h5xx_hal_spi.c ****           hspi->pRxBuffPtr += sizeof(uint8_t);
 3261              		.loc 1 1623 67 is_stmt 0 view .LVU1157
 3262 03fa 2268     		ldr	r2, [r4]
1623:Drivers/STM32H5xx_HAL_Driver/Src/stm32h5xx_hal_spi.c ****           hspi->pRxBuffPtr += sizeof(uint8_t);
 3263              		.loc 1 1623 44 view .LVU1158
 3264 03fc 92F83020 		ldrb	r2, [r2, #48]	@ zero_extendqisi2
1623:Drivers/STM32H5xx_HAL_Driver/Src/stm32h5xx_hal_spi.c ****           hspi->pRxBuffPtr += sizeof(uint8_t);
 3265              		.loc 1 1623 42 view .LVU1159
 3266 0400 5A70     		strb	r2, [r3, #1]
1624:Drivers/STM32H5xx_HAL_Driver/Src/stm32h5xx_hal_spi.c ****           *((uint8_t *)hspi->pRxBuffPtr) = *((__IO uint8_t *)&hspi->Instance->RXDR);
 3267              		.loc 1 1624 11 is_stmt 1 view .LVU1160
1624:Drivers/STM32H5xx_HAL_Driver/Src/stm32h5xx_hal_spi.c ****           *((uint8_t *)hspi->pRxBuffPtr) = *((__IO uint8_t *)&hspi->Instance->RXDR);
 3268              		.loc 1 1624 15 is_stmt 0 view .LVU1161
 3269 0402 E36E     		ldr	r3, [r4, #108]
1624:Drivers/STM32H5xx_HAL_Driver/Src/stm32h5xx_hal_spi.c ****           *((uint8_t *)hspi->pRxBuffPtr) = *((__IO uint8_t *)&hspi->Instance->RXDR);
 3270              		.loc 1 1624 28 view .LVU1162
 3271 0404 5A1C     		adds	r2, r3, #1
 3272 0406 E266     		str	r2, [r4, #108]
1625:Drivers/STM32H5xx_HAL_Driver/Src/stm32h5xx_hal_spi.c ****           hspi->pRxBuffPtr += sizeof(uint8_t);
 3273              		.loc 1 1625 11 is_stmt 1 view .LVU1163
1625:Drivers/STM32H5xx_HAL_Driver/Src/stm32h5xx_hal_spi.c ****           hspi->pRxBuffPtr += sizeof(uint8_t);
 3274              		.loc 1 1625 67 is_stmt 0 view .LVU1164
 3275 0408 2268     		ldr	r2, [r4]
1625:Drivers/STM32H5xx_HAL_Driver/Src/stm32h5xx_hal_spi.c ****           hspi->pRxBuffPtr += sizeof(uint8_t);
 3276              		.loc 1 1625 44 view .LVU1165
ARM GAS  /tmp/cc3pUyOJ.s 			page 146


 3277 040a 92F83020 		ldrb	r2, [r2, #48]	@ zero_extendqisi2
1625:Drivers/STM32H5xx_HAL_Driver/Src/stm32h5xx_hal_spi.c ****           hspi->pRxBuffPtr += sizeof(uint8_t);
 3278              		.loc 1 1625 42 view .LVU1166
 3279 040e 5A70     		strb	r2, [r3, #1]
1626:Drivers/STM32H5xx_HAL_Driver/Src/stm32h5xx_hal_spi.c ****           hspi->RxXferCount -= (uint16_t)4UL;
 3280              		.loc 1 1626 11 is_stmt 1 view .LVU1167
1626:Drivers/STM32H5xx_HAL_Driver/Src/stm32h5xx_hal_spi.c ****           hspi->RxXferCount -= (uint16_t)4UL;
 3281              		.loc 1 1626 15 is_stmt 0 view .LVU1168
 3282 0410 E36E     		ldr	r3, [r4, #108]
1626:Drivers/STM32H5xx_HAL_Driver/Src/stm32h5xx_hal_spi.c ****           hspi->RxXferCount -= (uint16_t)4UL;
 3283              		.loc 1 1626 28 view .LVU1169
 3284 0412 0133     		adds	r3, r3, #1
 3285 0414 E366     		str	r3, [r4, #108]
1627:Drivers/STM32H5xx_HAL_Driver/Src/stm32h5xx_hal_spi.c ****           initial_RxXferCount = hspi->RxXferCount;
 3286              		.loc 1 1627 11 is_stmt 1 view .LVU1170
1627:Drivers/STM32H5xx_HAL_Driver/Src/stm32h5xx_hal_spi.c ****           initial_RxXferCount = hspi->RxXferCount;
 3287              		.loc 1 1627 15 is_stmt 0 view .LVU1171
 3288 0416 B4F87230 		ldrh	r3, [r4, #114]
 3289 041a 9BB2     		uxth	r3, r3
1627:Drivers/STM32H5xx_HAL_Driver/Src/stm32h5xx_hal_spi.c ****           initial_RxXferCount = hspi->RxXferCount;
 3290              		.loc 1 1627 29 view .LVU1172
 3291 041c 043B     		subs	r3, r3, #4
 3292 041e 9BB2     		uxth	r3, r3
 3293 0420 A4F87230 		strh	r3, [r4, #114]	@ movhi
1628:Drivers/STM32H5xx_HAL_Driver/Src/stm32h5xx_hal_spi.c ****         }
 3294              		.loc 1 1628 11 is_stmt 1 view .LVU1173
1628:Drivers/STM32H5xx_HAL_Driver/Src/stm32h5xx_hal_spi.c ****         }
 3295              		.loc 1 1628 31 is_stmt 0 view .LVU1174
 3296 0424 B4F872B0 		ldrh	fp, [r4, #114]
 3297              	.LVL161:
1628:Drivers/STM32H5xx_HAL_Driver/Src/stm32h5xx_hal_spi.c ****         }
 3298              		.loc 1 1628 31 view .LVU1175
 3299 0428 1FFA8BFB 		uxth	fp, fp
 3300              	.LVL162:
1628:Drivers/STM32H5xx_HAL_Driver/Src/stm32h5xx_hal_spi.c ****         }
 3301              		.loc 1 1628 31 view .LVU1176
 3302 042c B0E7     		b	.L158
 3303              	.LVL163:
 3304              	.L171:
1631:Drivers/STM32H5xx_HAL_Driver/Src/stm32h5xx_hal_spi.c ****         {
 3305              		.loc 1 1631 14 is_stmt 1 view .LVU1177
1631:Drivers/STM32H5xx_HAL_Driver/Src/stm32h5xx_hal_spi.c ****         {
 3306              		.loc 1 1631 17 is_stmt 0 view .LVU1178
 3307 042e BBF1030F 		cmp	fp, #3
 3308 0432 15D8     		bhi	.L172
1631:Drivers/STM32H5xx_HAL_Driver/Src/stm32h5xx_hal_spi.c ****         {
 3309              		.loc 1 1631 46 discriminator 1 view .LVU1179
 3310 0434 12F4C04F 		tst	r2, #24576
 3311 0438 12D0     		beq	.L172
1633:Drivers/STM32H5xx_HAL_Driver/Src/stm32h5xx_hal_spi.c ****           hspi->pRxBuffPtr += sizeof(uint8_t);
 3312              		.loc 1 1633 11 is_stmt 1 view .LVU1180
1633:Drivers/STM32H5xx_HAL_Driver/Src/stm32h5xx_hal_spi.c ****           hspi->pRxBuffPtr += sizeof(uint8_t);
 3313              		.loc 1 1633 28 is_stmt 0 view .LVU1181
 3314 043a E26E     		ldr	r2, [r4, #108]
 3315              	.LVL164:
1633:Drivers/STM32H5xx_HAL_Driver/Src/stm32h5xx_hal_spi.c ****           hspi->pRxBuffPtr += sizeof(uint8_t);
 3316              		.loc 1 1633 44 view .LVU1182
ARM GAS  /tmp/cc3pUyOJ.s 			page 147


 3317 043c 93F83030 		ldrb	r3, [r3, #48]	@ zero_extendqisi2
1633:Drivers/STM32H5xx_HAL_Driver/Src/stm32h5xx_hal_spi.c ****           hspi->pRxBuffPtr += sizeof(uint8_t);
 3318              		.loc 1 1633 42 view .LVU1183
 3319 0440 1370     		strb	r3, [r2]
1634:Drivers/STM32H5xx_HAL_Driver/Src/stm32h5xx_hal_spi.c ****           hspi->RxXferCount--;
 3320              		.loc 1 1634 11 is_stmt 1 view .LVU1184
1634:Drivers/STM32H5xx_HAL_Driver/Src/stm32h5xx_hal_spi.c ****           hspi->RxXferCount--;
 3321              		.loc 1 1634 15 is_stmt 0 view .LVU1185
 3322 0442 E36E     		ldr	r3, [r4, #108]
1634:Drivers/STM32H5xx_HAL_Driver/Src/stm32h5xx_hal_spi.c ****           hspi->RxXferCount--;
 3323              		.loc 1 1634 28 view .LVU1186
 3324 0444 0133     		adds	r3, r3, #1
 3325 0446 E366     		str	r3, [r4, #108]
1635:Drivers/STM32H5xx_HAL_Driver/Src/stm32h5xx_hal_spi.c ****           initial_RxXferCount = hspi->RxXferCount;
 3326              		.loc 1 1635 11 is_stmt 1 view .LVU1187
1635:Drivers/STM32H5xx_HAL_Driver/Src/stm32h5xx_hal_spi.c ****           initial_RxXferCount = hspi->RxXferCount;
 3327              		.loc 1 1635 15 is_stmt 0 view .LVU1188
 3328 0448 B4F87230 		ldrh	r3, [r4, #114]
 3329 044c 9BB2     		uxth	r3, r3
1635:Drivers/STM32H5xx_HAL_Driver/Src/stm32h5xx_hal_spi.c ****           initial_RxXferCount = hspi->RxXferCount;
 3330              		.loc 1 1635 28 view .LVU1189
 3331 044e 013B     		subs	r3, r3, #1
 3332 0450 9BB2     		uxth	r3, r3
 3333 0452 A4F87230 		strh	r3, [r4, #114]	@ movhi
1636:Drivers/STM32H5xx_HAL_Driver/Src/stm32h5xx_hal_spi.c ****         }
 3334              		.loc 1 1636 11 is_stmt 1 view .LVU1190
1636:Drivers/STM32H5xx_HAL_Driver/Src/stm32h5xx_hal_spi.c ****         }
 3335              		.loc 1 1636 31 is_stmt 0 view .LVU1191
 3336 0456 B4F872B0 		ldrh	fp, [r4, #114]
 3337              	.LVL165:
1636:Drivers/STM32H5xx_HAL_Driver/Src/stm32h5xx_hal_spi.c ****         }
 3338              		.loc 1 1636 31 view .LVU1192
 3339 045a 1FFA8BFB 		uxth	fp, fp
 3340              	.LVL166:
1636:Drivers/STM32H5xx_HAL_Driver/Src/stm32h5xx_hal_spi.c ****         }
 3341              		.loc 1 1636 31 view .LVU1193
 3342 045e 97E7     		b	.L158
 3343              	.LVL167:
 3344              	.L172:
1641:Drivers/STM32H5xx_HAL_Driver/Src/stm32h5xx_hal_spi.c ****           {
 3345              		.loc 1 1641 11 is_stmt 1 view .LVU1194
1641:Drivers/STM32H5xx_HAL_Driver/Src/stm32h5xx_hal_spi.c ****           {
 3346              		.loc 1 1641 18 is_stmt 0 view .LVU1195
 3347 0460 FFF7FEFF 		bl	HAL_GetTick
 3348              	.LVL168:
1641:Drivers/STM32H5xx_HAL_Driver/Src/stm32h5xx_hal_spi.c ****           {
 3349              		.loc 1 1641 32 discriminator 1 view .LVU1196
 3350 0464 A0EB0900 		sub	r0, r0, r9
1641:Drivers/STM32H5xx_HAL_Driver/Src/stm32h5xx_hal_spi.c ****           {
 3351              		.loc 1 1641 14 discriminator 1 view .LVU1197
 3352 0468 4045     		cmp	r0, r8
 3353 046a 02D3     		bcc	.L173
1641:Drivers/STM32H5xx_HAL_Driver/Src/stm32h5xx_hal_spi.c ****           {
 3354              		.loc 1 1641 58 discriminator 1 view .LVU1198
 3355 046c B8F1FF3F 		cmp	r8, #-1
 3356 0470 02D1     		bne	.L174
 3357              	.L173:
ARM GAS  /tmp/cc3pUyOJ.s 			page 148


1641:Drivers/STM32H5xx_HAL_Driver/Src/stm32h5xx_hal_spi.c ****           {
 3358              		.loc 1 1641 89 discriminator 3 view .LVU1199
 3359 0472 B8F1000F 		cmp	r8, #0
 3360 0476 8BD1     		bne	.L158
 3361              	.L174:
1644:Drivers/STM32H5xx_HAL_Driver/Src/stm32h5xx_hal_spi.c **** 
 3362              		.loc 1 1644 13 is_stmt 1 view .LVU1200
 3363 0478 2046     		mov	r0, r4
 3364 047a FFF7FEFF 		bl	SPI_CloseTransfer
 3365              	.LVL169:
1646:Drivers/STM32H5xx_HAL_Driver/Src/stm32h5xx_hal_spi.c ****             hspi->State = HAL_SPI_STATE_READY;
 3366              		.loc 1 1646 13 view .LVU1201
 3367 047e D4F88C30 		ldr	r3, [r4, #140]
 3368 0482 43F48073 		orr	r3, r3, #256
 3369 0486 C4F88C30 		str	r3, [r4, #140]
1647:Drivers/STM32H5xx_HAL_Driver/Src/stm32h5xx_hal_spi.c **** 
 3370              		.loc 1 1647 13 view .LVU1202
1647:Drivers/STM32H5xx_HAL_Driver/Src/stm32h5xx_hal_spi.c **** 
 3371              		.loc 1 1647 25 is_stmt 0 view .LVU1203
 3372 048a 0123     		movs	r3, #1
 3373 048c 84F88930 		strb	r3, [r4, #137]
1650:Drivers/STM32H5xx_HAL_Driver/Src/stm32h5xx_hal_spi.c **** 
 3374              		.loc 1 1650 13 is_stmt 1 view .LVU1204
1650:Drivers/STM32H5xx_HAL_Driver/Src/stm32h5xx_hal_spi.c **** 
 3375              		.loc 1 1650 13 view .LVU1205
 3376 0490 0023     		movs	r3, #0
 3377 0492 84F88830 		strb	r3, [r4, #136]
1650:Drivers/STM32H5xx_HAL_Driver/Src/stm32h5xx_hal_spi.c **** 
 3378              		.loc 1 1650 13 view .LVU1206
1652:Drivers/STM32H5xx_HAL_Driver/Src/stm32h5xx_hal_spi.c ****           }
 3379              		.loc 1 1652 13 view .LVU1207
1652:Drivers/STM32H5xx_HAL_Driver/Src/stm32h5xx_hal_spi.c ****           }
 3380              		.loc 1 1652 20 is_stmt 0 view .LVU1208
 3381 0496 0327     		movs	r7, #3
 3382 0498 1FE0     		b	.L144
 3383              	.LVL170:
 3384              	.L185:
1387:Drivers/STM32H5xx_HAL_Driver/Src/stm32h5xx_hal_spi.c **** 
 3385              		.loc 1 1387 23 view .LVU1209
 3386 049a AB46     		mov	fp, r5
 3387              	.LVL171:
1387:Drivers/STM32H5xx_HAL_Driver/Src/stm32h5xx_hal_spi.c **** 
 3388              		.loc 1 1387 23 view .LVU1210
 3389 049c 78E7     		b	.L158
 3390              	.LVL172:
 3391              	.L157:
1660:Drivers/STM32H5xx_HAL_Driver/Src/stm32h5xx_hal_spi.c ****   {
 3392              		.loc 1 1660 3 is_stmt 1 view .LVU1211
1660:Drivers/STM32H5xx_HAL_Driver/Src/stm32h5xx_hal_spi.c ****   {
 3393              		.loc 1 1660 7 is_stmt 0 view .LVU1212
 3394 049e CDF80090 		str	r9, [sp]
 3395 04a2 4346     		mov	r3, r8
 3396 04a4 0022     		movs	r2, #0
 3397 04a6 0821     		movs	r1, #8
 3398 04a8 2046     		mov	r0, r4
 3399 04aa FFF7FEFF 		bl	SPI_WaitOnFlagUntilTimeout
 3400              	.LVL173:
ARM GAS  /tmp/cc3pUyOJ.s 			page 149


1660:Drivers/STM32H5xx_HAL_Driver/Src/stm32h5xx_hal_spi.c ****   {
 3401              		.loc 1 1660 6 discriminator 1 view .LVU1213
 3402 04ae 28B1     		cbz	r0, .L176
1662:Drivers/STM32H5xx_HAL_Driver/Src/stm32h5xx_hal_spi.c ****   }
 3403              		.loc 1 1662 5 is_stmt 1 view .LVU1214
 3404 04b0 D4F88C30 		ldr	r3, [r4, #140]
 3405 04b4 43F02003 		orr	r3, r3, #32
 3406 04b8 C4F88C30 		str	r3, [r4, #140]
 3407              	.L176:
1666:Drivers/STM32H5xx_HAL_Driver/Src/stm32h5xx_hal_spi.c **** 
 3408              		.loc 1 1666 3 view .LVU1215
 3409 04bc 2046     		mov	r0, r4
 3410 04be FFF7FEFF 		bl	SPI_CloseTransfer
 3411              	.LVL174:
1668:Drivers/STM32H5xx_HAL_Driver/Src/stm32h5xx_hal_spi.c **** 
 3412              		.loc 1 1668 3 view .LVU1216
1668:Drivers/STM32H5xx_HAL_Driver/Src/stm32h5xx_hal_spi.c **** 
 3413              		.loc 1 1668 15 is_stmt 0 view .LVU1217
 3414 04c2 0123     		movs	r3, #1
 3415 04c4 84F88930 		strb	r3, [r4, #137]
1671:Drivers/STM32H5xx_HAL_Driver/Src/stm32h5xx_hal_spi.c **** 
 3416              		.loc 1 1671 3 is_stmt 1 view .LVU1218
1671:Drivers/STM32H5xx_HAL_Driver/Src/stm32h5xx_hal_spi.c **** 
 3417              		.loc 1 1671 3 view .LVU1219
 3418 04c8 0023     		movs	r3, #0
 3419 04ca 84F88830 		strb	r3, [r4, #136]
1671:Drivers/STM32H5xx_HAL_Driver/Src/stm32h5xx_hal_spi.c **** 
 3420              		.loc 1 1671 3 view .LVU1220
1673:Drivers/STM32H5xx_HAL_Driver/Src/stm32h5xx_hal_spi.c ****   {
 3421              		.loc 1 1673 3 view .LVU1221
1673:Drivers/STM32H5xx_HAL_Driver/Src/stm32h5xx_hal_spi.c ****   {
 3422              		.loc 1 1673 11 is_stmt 0 view .LVU1222
 3423 04ce D4F88C30 		ldr	r3, [r4, #140]
1673:Drivers/STM32H5xx_HAL_Driver/Src/stm32h5xx_hal_spi.c ****   {
 3424              		.loc 1 1673 6 view .LVU1223
 3425 04d2 13B9     		cbnz	r3, .L144
1679:Drivers/STM32H5xx_HAL_Driver/Src/stm32h5xx_hal_spi.c ****   }
 3426              		.loc 1 1679 12 view .LVU1224
 3427 04d4 0027     		movs	r7, #0
 3428 04d6 00E0     		b	.L144
 3429              	.LVL175:
 3430              	.L177:
1391:Drivers/STM32H5xx_HAL_Driver/Src/stm32h5xx_hal_spi.c ****   }
 3431              		.loc 1 1391 12 view .LVU1225
 3432 04d8 0227     		movs	r7, #2
 3433              	.LVL176:
 3434              	.L144:
1681:Drivers/STM32H5xx_HAL_Driver/Src/stm32h5xx_hal_spi.c **** 
 3435              		.loc 1 1681 1 view .LVU1226
 3436 04da 3846     		mov	r0, r7
 3437 04dc 05B0     		add	sp, sp, #20
 3438              	.LCFI13:
 3439              		.cfi_remember_state
 3440              		.cfi_def_cfa_offset 36
 3441              		@ sp needed
 3442 04de BDE8F08F 		pop	{r4, r5, r6, r7, r8, r9, r10, fp, pc}
 3443              	.LVL177:
ARM GAS  /tmp/cc3pUyOJ.s 			page 150


 3444              	.L178:
 3445              	.LCFI14:
 3446              		.cfi_restore_state
1400:Drivers/STM32H5xx_HAL_Driver/Src/stm32h5xx_hal_spi.c **** 
 3447              		.loc 1 1400 3 discriminator 1 view .LVU1227
 3448 04e2 0227     		movs	r7, #2
 3449 04e4 F9E7     		b	.L144
 3450              		.cfi_endproc
 3451              	.LFE163:
 3453 04e6 00BF     		.section	.text.HAL_SPI_Transmit_IT,"ax",%progbits
 3454              		.align	1
 3455              		.global	HAL_SPI_Transmit_IT
 3456              		.syntax unified
 3457              		.thumb
 3458              		.thumb_func
 3460              	HAL_SPI_Transmit_IT:
 3461              	.LVL178:
 3462              	.LFB164:
1692:Drivers/STM32H5xx_HAL_Driver/Src/stm32h5xx_hal_spi.c ****   /* Check Direction parameter */
 3463              		.loc 1 1692 1 is_stmt 1 view -0
 3464              		.cfi_startproc
 3465              		@ args = 0, pretend = 0, frame = 0
 3466              		@ frame_needed = 0, uses_anonymous_args = 0
 3467              		@ link register save eliminated.
1692:Drivers/STM32H5xx_HAL_Driver/Src/stm32h5xx_hal_spi.c ****   /* Check Direction parameter */
 3468              		.loc 1 1692 1 is_stmt 0 view .LVU1229
 3469 0000 30B4     		push	{r4, r5}
 3470              	.LCFI15:
 3471              		.cfi_def_cfa_offset 8
 3472              		.cfi_offset 4, -8
 3473              		.cfi_offset 5, -4
1694:Drivers/STM32H5xx_HAL_Driver/Src/stm32h5xx_hal_spi.c **** 
 3474              		.loc 1 1694 3 is_stmt 1 view .LVU1230
1697:Drivers/STM32H5xx_HAL_Driver/Src/stm32h5xx_hal_spi.c ****   {
 3475              		.loc 1 1697 3 view .LVU1231
1697:Drivers/STM32H5xx_HAL_Driver/Src/stm32h5xx_hal_spi.c ****   {
 3476              		.loc 1 1697 7 is_stmt 0 view .LVU1232
 3477 0002 0468     		ldr	r4, [r0]
1699:Drivers/STM32H5xx_HAL_Driver/Src/stm32h5xx_hal_spi.c ****   }
 3478              		.loc 1 1699 5 is_stmt 1 view .LVU1233
1703:Drivers/STM32H5xx_HAL_Driver/Src/stm32h5xx_hal_spi.c ****   }
 3479              		.loc 1 1703 5 view .LVU1234
1706:Drivers/STM32H5xx_HAL_Driver/Src/stm32h5xx_hal_spi.c ****   {
 3480              		.loc 1 1706 3 view .LVU1235
1706:Drivers/STM32H5xx_HAL_Driver/Src/stm32h5xx_hal_spi.c ****   {
 3481              		.loc 1 1706 6 is_stmt 0 view .LVU1236
 3482 0004 0029     		cmp	r1, #0
 3483 0006 71D0     		beq	.L200
1706:Drivers/STM32H5xx_HAL_Driver/Src/stm32h5xx_hal_spi.c ****   {
 3484              		.loc 1 1706 23 discriminator 1 view .LVU1237
 3485 0008 002A     		cmp	r2, #0
 3486 000a 71D0     		beq	.L201
1711:Drivers/STM32H5xx_HAL_Driver/Src/stm32h5xx_hal_spi.c ****   {
 3487              		.loc 1 1711 3 is_stmt 1 view .LVU1238
1711:Drivers/STM32H5xx_HAL_Driver/Src/stm32h5xx_hal_spi.c ****   {
 3488              		.loc 1 1711 11 is_stmt 0 view .LVU1239
 3489 000c 90F88930 		ldrb	r3, [r0, #137]	@ zero_extendqisi2
ARM GAS  /tmp/cc3pUyOJ.s 			page 151


 3490 0010 DBB2     		uxtb	r3, r3
1711:Drivers/STM32H5xx_HAL_Driver/Src/stm32h5xx_hal_spi.c ****   {
 3491              		.loc 1 1711 6 view .LVU1240
 3492 0012 012B     		cmp	r3, #1
 3493 0014 6FD1     		bne	.L202
1717:Drivers/STM32H5xx_HAL_Driver/Src/stm32h5xx_hal_spi.c **** 
 3494              		.loc 1 1717 3 is_stmt 1 view .LVU1241
1717:Drivers/STM32H5xx_HAL_Driver/Src/stm32h5xx_hal_spi.c **** 
 3495              		.loc 1 1717 3 view .LVU1242
 3496 0016 90F88830 		ldrb	r3, [r0, #136]	@ zero_extendqisi2
 3497 001a 012B     		cmp	r3, #1
 3498 001c 6DD0     		beq	.L203
1717:Drivers/STM32H5xx_HAL_Driver/Src/stm32h5xx_hal_spi.c **** 
 3499              		.loc 1 1717 3 discriminator 2 view .LVU1243
 3500 001e 0123     		movs	r3, #1
 3501 0020 80F88830 		strb	r3, [r0, #136]
1717:Drivers/STM32H5xx_HAL_Driver/Src/stm32h5xx_hal_spi.c **** 
 3502              		.loc 1 1717 3 discriminator 2 view .LVU1244
1720:Drivers/STM32H5xx_HAL_Driver/Src/stm32h5xx_hal_spi.c ****   hspi->ErrorCode   = HAL_SPI_ERROR_NONE;
 3503              		.loc 1 1720 3 view .LVU1245
1720:Drivers/STM32H5xx_HAL_Driver/Src/stm32h5xx_hal_spi.c ****   hspi->ErrorCode   = HAL_SPI_ERROR_NONE;
 3504              		.loc 1 1720 21 is_stmt 0 view .LVU1246
 3505 0024 0323     		movs	r3, #3
 3506 0026 80F88930 		strb	r3, [r0, #137]
1721:Drivers/STM32H5xx_HAL_Driver/Src/stm32h5xx_hal_spi.c ****   hspi->pTxBuffPtr  = (const uint8_t *)pData;
 3507              		.loc 1 1721 3 is_stmt 1 view .LVU1247
1721:Drivers/STM32H5xx_HAL_Driver/Src/stm32h5xx_hal_spi.c ****   hspi->pTxBuffPtr  = (const uint8_t *)pData;
 3508              		.loc 1 1721 21 is_stmt 0 view .LVU1248
 3509 002a 0023     		movs	r3, #0
 3510 002c C0F88C30 		str	r3, [r0, #140]
1722:Drivers/STM32H5xx_HAL_Driver/Src/stm32h5xx_hal_spi.c ****   hspi->TxXferSize  = Size;
 3511              		.loc 1 1722 3 is_stmt 1 view .LVU1249
1722:Drivers/STM32H5xx_HAL_Driver/Src/stm32h5xx_hal_spi.c ****   hspi->TxXferSize  = Size;
 3512              		.loc 1 1722 21 is_stmt 0 view .LVU1250
 3513 0030 4166     		str	r1, [r0, #100]
1723:Drivers/STM32H5xx_HAL_Driver/Src/stm32h5xx_hal_spi.c ****   hspi->TxXferCount = Size;
 3514              		.loc 1 1723 3 is_stmt 1 view .LVU1251
1723:Drivers/STM32H5xx_HAL_Driver/Src/stm32h5xx_hal_spi.c ****   hspi->TxXferCount = Size;
 3515              		.loc 1 1723 21 is_stmt 0 view .LVU1252
 3516 0032 A0F86820 		strh	r2, [r0, #104]	@ movhi
1724:Drivers/STM32H5xx_HAL_Driver/Src/stm32h5xx_hal_spi.c **** 
 3517              		.loc 1 1724 3 is_stmt 1 view .LVU1253
1724:Drivers/STM32H5xx_HAL_Driver/Src/stm32h5xx_hal_spi.c **** 
 3518              		.loc 1 1724 21 is_stmt 0 view .LVU1254
 3519 0036 A0F86A20 		strh	r2, [r0, #106]	@ movhi
1727:Drivers/STM32H5xx_HAL_Driver/Src/stm32h5xx_hal_spi.c ****   hspi->RxXferSize  = (uint16_t) 0UL;
 3520              		.loc 1 1727 3 is_stmt 1 view .LVU1255
1727:Drivers/STM32H5xx_HAL_Driver/Src/stm32h5xx_hal_spi.c ****   hspi->RxXferSize  = (uint16_t) 0UL;
 3521              		.loc 1 1727 21 is_stmt 0 view .LVU1256
 3522 003a C366     		str	r3, [r0, #108]
1728:Drivers/STM32H5xx_HAL_Driver/Src/stm32h5xx_hal_spi.c ****   hspi->RxXferCount = (uint16_t) 0UL;
 3523              		.loc 1 1728 3 is_stmt 1 view .LVU1257
1728:Drivers/STM32H5xx_HAL_Driver/Src/stm32h5xx_hal_spi.c ****   hspi->RxXferCount = (uint16_t) 0UL;
 3524              		.loc 1 1728 21 is_stmt 0 view .LVU1258
 3525 003c A0F87030 		strh	r3, [r0, #112]	@ movhi
1729:Drivers/STM32H5xx_HAL_Driver/Src/stm32h5xx_hal_spi.c ****   hspi->RxISR       = NULL;
 3526              		.loc 1 1729 3 is_stmt 1 view .LVU1259
ARM GAS  /tmp/cc3pUyOJ.s 			page 152


1729:Drivers/STM32H5xx_HAL_Driver/Src/stm32h5xx_hal_spi.c ****   hspi->RxISR       = NULL;
 3527              		.loc 1 1729 21 is_stmt 0 view .LVU1260
 3528 0040 A0F87230 		strh	r3, [r0, #114]	@ movhi
1730:Drivers/STM32H5xx_HAL_Driver/Src/stm32h5xx_hal_spi.c **** 
 3529              		.loc 1 1730 3 is_stmt 1 view .LVU1261
1730:Drivers/STM32H5xx_HAL_Driver/Src/stm32h5xx_hal_spi.c **** 
 3530              		.loc 1 1730 21 is_stmt 0 view .LVU1262
 3531 0044 8367     		str	r3, [r0, #120]
1733:Drivers/STM32H5xx_HAL_Driver/Src/stm32h5xx_hal_spi.c ****   {
 3532              		.loc 1 1733 3 is_stmt 1 view .LVU1263
1733:Drivers/STM32H5xx_HAL_Driver/Src/stm32h5xx_hal_spi.c ****   {
 3533              		.loc 1 1733 18 is_stmt 0 view .LVU1264
 3534 0046 C368     		ldr	r3, [r0, #12]
1733:Drivers/STM32H5xx_HAL_Driver/Src/stm32h5xx_hal_spi.c ****   {
 3535              		.loc 1 1733 6 view .LVU1265
 3536 0048 0F2B     		cmp	r3, #15
 3537 004a 14D9     		bls	.L194
1733:Drivers/STM32H5xx_HAL_Driver/Src/stm32h5xx_hal_spi.c ****   {
 3538              		.loc 1 1733 50 discriminator 1 view .LVU1266
 3539 004c 2C49     		ldr	r1, .L208
 3540              	.LVL179:
1733:Drivers/STM32H5xx_HAL_Driver/Src/stm32h5xx_hal_spi.c ****   {
 3541              		.loc 1 1733 50 discriminator 1 view .LVU1267
 3542 004e 8C42     		cmp	r4, r1
 3543 0050 16D0     		beq	.L195
1733:Drivers/STM32H5xx_HAL_Driver/Src/stm32h5xx_hal_spi.c ****   {
 3544              		.loc 1 1733 54 discriminator 2 view .LVU1268
 3545 0052 01F18051 		add	r1, r1, #268435456
 3546 0056 8C42     		cmp	r4, r1
 3547 0058 12D0     		beq	.L195
1733:Drivers/STM32H5xx_HAL_Driver/Src/stm32h5xx_hal_spi.c ****   {
 3548              		.loc 1 1733 54 discriminator 3 view .LVU1269
 3549 005a 2A49     		ldr	r1, .L208+4
 3550 005c 8C42     		cmp	r4, r1
 3551 005e 0FD0     		beq	.L195
1733:Drivers/STM32H5xx_HAL_Driver/Src/stm32h5xx_hal_spi.c ****   {
 3552              		.loc 1 1733 54 discriminator 4 view .LVU1270
 3553 0060 01F18051 		add	r1, r1, #268435456
 3554 0064 8C42     		cmp	r4, r1
 3555 0066 0BD0     		beq	.L195
1733:Drivers/STM32H5xx_HAL_Driver/Src/stm32h5xx_hal_spi.c ****   {
 3556              		.loc 1 1733 54 discriminator 5 view .LVU1271
 3557 0068 2749     		ldr	r1, .L208+8
 3558 006a 8C42     		cmp	r4, r1
 3559 006c 08D0     		beq	.L195
1733:Drivers/STM32H5xx_HAL_Driver/Src/stm32h5xx_hal_spi.c ****   {
 3560              		.loc 1 1733 54 discriminator 6 view .LVU1272
 3561 006e 01F18051 		add	r1, r1, #268435456
 3562 0072 8C42     		cmp	r4, r1
 3563 0074 04D0     		beq	.L195
 3564              	.L194:
1737:Drivers/STM32H5xx_HAL_Driver/Src/stm32h5xx_hal_spi.c ****   {
 3565              		.loc 1 1737 8 is_stmt 1 view .LVU1273
1737:Drivers/STM32H5xx_HAL_Driver/Src/stm32h5xx_hal_spi.c ****   {
 3566              		.loc 1 1737 11 is_stmt 0 view .LVU1274
 3567 0076 072B     		cmp	r3, #7
 3568 0078 29D9     		bls	.L197
ARM GAS  /tmp/cc3pUyOJ.s 			page 153


1739:Drivers/STM32H5xx_HAL_Driver/Src/stm32h5xx_hal_spi.c ****   }
 3569              		.loc 1 1739 5 is_stmt 1 view .LVU1275
1739:Drivers/STM32H5xx_HAL_Driver/Src/stm32h5xx_hal_spi.c ****   }
 3570              		.loc 1 1739 17 is_stmt 0 view .LVU1276
 3571 007a 244B     		ldr	r3, .L208+12
 3572 007c C367     		str	r3, [r0, #124]
 3573 007e 01E0     		b	.L196
 3574              	.L195:
1735:Drivers/STM32H5xx_HAL_Driver/Src/stm32h5xx_hal_spi.c ****   }
 3575              		.loc 1 1735 5 is_stmt 1 view .LVU1277
1735:Drivers/STM32H5xx_HAL_Driver/Src/stm32h5xx_hal_spi.c ****   }
 3576              		.loc 1 1735 17 is_stmt 0 view .LVU1278
 3577 0080 234B     		ldr	r3, .L208+16
 3578 0082 C367     		str	r3, [r0, #124]
 3579              	.L196:
1747:Drivers/STM32H5xx_HAL_Driver/Src/stm32h5xx_hal_spi.c ****   {
 3580              		.loc 1 1747 3 is_stmt 1 view .LVU1279
1747:Drivers/STM32H5xx_HAL_Driver/Src/stm32h5xx_hal_spi.c ****   {
 3581              		.loc 1 1747 17 is_stmt 0 view .LVU1280
 3582 0084 8368     		ldr	r3, [r0, #8]
1747:Drivers/STM32H5xx_HAL_Driver/Src/stm32h5xx_hal_spi.c ****   {
 3583              		.loc 1 1747 6 view .LVU1281
 3584 0086 B3F5C02F 		cmp	r3, #393216
 3585 008a 23D0     		beq	.L206
1753:Drivers/STM32H5xx_HAL_Driver/Src/stm32h5xx_hal_spi.c ****   }
 3586              		.loc 1 1753 5 is_stmt 1 view .LVU1282
 3587 008c E368     		ldr	r3, [r4, #12]
 3588 008e 23F4C023 		bic	r3, r3, #393216
 3589 0092 43F40033 		orr	r3, r3, #131072
 3590 0096 E360     		str	r3, [r4, #12]
 3591              	.LVL180:
 3592              	.L199:
1757:Drivers/STM32H5xx_HAL_Driver/Src/stm32h5xx_hal_spi.c **** 
 3593              		.loc 1 1757 3 view .LVU1283
 3594 0098 0168     		ldr	r1, [r0]
 3595 009a 4B68     		ldr	r3, [r1, #4]
 3596 009c 6FF30F03 		bfc	r3, #0, #16
 3597 00a0 1A43     		orrs	r2, r2, r3
 3598              	.LVL181:
1757:Drivers/STM32H5xx_HAL_Driver/Src/stm32h5xx_hal_spi.c **** 
 3599              		.loc 1 1757 3 is_stmt 0 view .LVU1284
 3600 00a2 4A60     		str	r2, [r1, #4]
1760:Drivers/STM32H5xx_HAL_Driver/Src/stm32h5xx_hal_spi.c **** 
 3601              		.loc 1 1760 3 is_stmt 1 view .LVU1285
 3602 00a4 0268     		ldr	r2, [r0]
 3603 00a6 1368     		ldr	r3, [r2]
 3604 00a8 43F00103 		orr	r3, r3, #1
 3605 00ac 1360     		str	r3, [r2]
1763:Drivers/STM32H5xx_HAL_Driver/Src/stm32h5xx_hal_spi.c **** 
 3606              		.loc 1 1763 3 view .LVU1286
1763:Drivers/STM32H5xx_HAL_Driver/Src/stm32h5xx_hal_spi.c **** 
 3607              		.loc 1 1763 3 view .LVU1287
 3608 00ae 0023     		movs	r3, #0
 3609 00b0 80F88830 		strb	r3, [r0, #136]
1763:Drivers/STM32H5xx_HAL_Driver/Src/stm32h5xx_hal_spi.c **** 
 3610              		.loc 1 1763 3 view .LVU1288
1766:Drivers/STM32H5xx_HAL_Driver/Src/stm32h5xx_hal_spi.c **** 
ARM GAS  /tmp/cc3pUyOJ.s 			page 154


 3611              		.loc 1 1766 3 view .LVU1289
 3612 00b4 0268     		ldr	r2, [r0]
 3613 00b6 1369     		ldr	r3, [r2, #16]
 3614 00b8 43F44A73 		orr	r3, r3, #808
 3615 00bc 43F00203 		orr	r3, r3, #2
 3616 00c0 1361     		str	r3, [r2, #16]
1768:Drivers/STM32H5xx_HAL_Driver/Src/stm32h5xx_hal_spi.c ****   {
 3617              		.loc 1 1768 3 view .LVU1290
1768:Drivers/STM32H5xx_HAL_Driver/Src/stm32h5xx_hal_spi.c ****   {
 3618              		.loc 1 1768 17 is_stmt 0 view .LVU1291
 3619 00c2 4368     		ldr	r3, [r0, #4]
1768:Drivers/STM32H5xx_HAL_Driver/Src/stm32h5xx_hal_spi.c ****   {
 3620              		.loc 1 1768 6 view .LVU1292
 3621 00c4 B3F5800F 		cmp	r3, #4194304
 3622 00c8 09D0     		beq	.L207
1774:Drivers/STM32H5xx_HAL_Driver/Src/stm32h5xx_hal_spi.c **** }
 3623              		.loc 1 1774 10 view .LVU1293
 3624 00ca 0020     		movs	r0, #0
 3625              	.LVL182:
1774:Drivers/STM32H5xx_HAL_Driver/Src/stm32h5xx_hal_spi.c **** }
 3626              		.loc 1 1774 10 view .LVU1294
 3627 00cc 11E0     		b	.L193
 3628              	.LVL183:
 3629              	.L197:
1743:Drivers/STM32H5xx_HAL_Driver/Src/stm32h5xx_hal_spi.c ****   }
 3630              		.loc 1 1743 5 is_stmt 1 view .LVU1295
1743:Drivers/STM32H5xx_HAL_Driver/Src/stm32h5xx_hal_spi.c ****   }
 3631              		.loc 1 1743 17 is_stmt 0 view .LVU1296
 3632 00ce 114B     		ldr	r3, .L208+20
 3633 00d0 C367     		str	r3, [r0, #124]
 3634 00d2 D7E7     		b	.L196
 3635              	.L206:
1749:Drivers/STM32H5xx_HAL_Driver/Src/stm32h5xx_hal_spi.c ****   }
 3636              		.loc 1 1749 5 is_stmt 1 view .LVU1297
 3637 00d4 2368     		ldr	r3, [r4]
 3638 00d6 43F40063 		orr	r3, r3, #2048
 3639 00da 2360     		str	r3, [r4]
 3640              	.LVL184:
1749:Drivers/STM32H5xx_HAL_Driver/Src/stm32h5xx_hal_spi.c ****   }
 3641              		.loc 1 1749 5 is_stmt 0 view .LVU1298
 3642 00dc DCE7     		b	.L199
 3643              	.LVL185:
 3644              	.L207:
1771:Drivers/STM32H5xx_HAL_Driver/Src/stm32h5xx_hal_spi.c ****   }
 3645              		.loc 1 1771 5 is_stmt 1 view .LVU1299
 3646 00de 0268     		ldr	r2, [r0]
 3647 00e0 1368     		ldr	r3, [r2]
 3648 00e2 43F40073 		orr	r3, r3, #512
 3649 00e6 1360     		str	r3, [r2]
1774:Drivers/STM32H5xx_HAL_Driver/Src/stm32h5xx_hal_spi.c **** }
 3650              		.loc 1 1774 10 is_stmt 0 view .LVU1300
 3651 00e8 0020     		movs	r0, #0
 3652              	.LVL186:
1774:Drivers/STM32H5xx_HAL_Driver/Src/stm32h5xx_hal_spi.c **** }
 3653              		.loc 1 1774 10 view .LVU1301
 3654 00ea 02E0     		b	.L193
 3655              	.LVL187:
ARM GAS  /tmp/cc3pUyOJ.s 			page 155


 3656              	.L200:
1708:Drivers/STM32H5xx_HAL_Driver/Src/stm32h5xx_hal_spi.c ****   }
 3657              		.loc 1 1708 12 view .LVU1302
 3658 00ec 0120     		movs	r0, #1
 3659              	.LVL188:
1708:Drivers/STM32H5xx_HAL_Driver/Src/stm32h5xx_hal_spi.c ****   }
 3660              		.loc 1 1708 12 view .LVU1303
 3661 00ee 00E0     		b	.L193
 3662              	.LVL189:
 3663              	.L201:
1708:Drivers/STM32H5xx_HAL_Driver/Src/stm32h5xx_hal_spi.c ****   }
 3664              		.loc 1 1708 12 view .LVU1304
 3665 00f0 0120     		movs	r0, #1
 3666              	.LVL190:
 3667              	.L193:
1775:Drivers/STM32H5xx_HAL_Driver/Src/stm32h5xx_hal_spi.c **** 
 3668              		.loc 1 1775 1 view .LVU1305
 3669 00f2 30BC     		pop	{r4, r5}
 3670              	.LCFI16:
 3671              		.cfi_remember_state
 3672              		.cfi_restore 5
 3673              		.cfi_restore 4
 3674              		.cfi_def_cfa_offset 0
 3675 00f4 7047     		bx	lr
 3676              	.LVL191:
 3677              	.L202:
 3678              	.LCFI17:
 3679              		.cfi_restore_state
1713:Drivers/STM32H5xx_HAL_Driver/Src/stm32h5xx_hal_spi.c ****   }
 3680              		.loc 1 1713 12 view .LVU1306
 3681 00f6 0220     		movs	r0, #2
 3682              	.LVL192:
1713:Drivers/STM32H5xx_HAL_Driver/Src/stm32h5xx_hal_spi.c ****   }
 3683              		.loc 1 1713 12 view .LVU1307
 3684 00f8 FBE7     		b	.L193
 3685              	.LVL193:
 3686              	.L203:
1717:Drivers/STM32H5xx_HAL_Driver/Src/stm32h5xx_hal_spi.c **** 
 3687              		.loc 1 1717 3 discriminator 1 view .LVU1308
 3688 00fa 0220     		movs	r0, #2
 3689              	.LVL194:
1717:Drivers/STM32H5xx_HAL_Driver/Src/stm32h5xx_hal_spi.c **** 
 3690              		.loc 1 1717 3 discriminator 1 view .LVU1309
 3691 00fc F9E7     		b	.L193
 3692              	.L209:
 3693 00fe 00BF     		.align	2
 3694              	.L208:
 3695 0100 00300140 		.word	1073819648
 3696 0104 00380040 		.word	1073756160
 3697 0108 003C0040 		.word	1073757184
 3698 010c 00000000 		.word	SPI_TxISR_16BIT
 3699 0110 00000000 		.word	SPI_TxISR_32BIT
 3700 0114 00000000 		.word	SPI_TxISR_8BIT
 3701              		.cfi_endproc
 3702              	.LFE164:
 3704              		.section	.text.HAL_SPI_Receive_IT,"ax",%progbits
 3705              		.align	1
ARM GAS  /tmp/cc3pUyOJ.s 			page 156


 3706              		.global	HAL_SPI_Receive_IT
 3707              		.syntax unified
 3708              		.thumb
 3709              		.thumb_func
 3711              	HAL_SPI_Receive_IT:
 3712              	.LVL195:
 3713              	.LFB165:
1786:Drivers/STM32H5xx_HAL_Driver/Src/stm32h5xx_hal_spi.c ****   /* Check Direction parameter */
 3714              		.loc 1 1786 1 is_stmt 1 view -0
 3715              		.cfi_startproc
 3716              		@ args = 0, pretend = 0, frame = 0
 3717              		@ frame_needed = 0, uses_anonymous_args = 0
 3718              		@ link register save eliminated.
1786:Drivers/STM32H5xx_HAL_Driver/Src/stm32h5xx_hal_spi.c ****   /* Check Direction parameter */
 3719              		.loc 1 1786 1 is_stmt 0 view .LVU1311
 3720 0000 10B4     		push	{r4}
 3721              	.LCFI18:
 3722              		.cfi_def_cfa_offset 4
 3723              		.cfi_offset 4, -4
 3724 0002 0346     		mov	r3, r0
1788:Drivers/STM32H5xx_HAL_Driver/Src/stm32h5xx_hal_spi.c **** 
 3725              		.loc 1 1788 3 is_stmt 1 view .LVU1312
1791:Drivers/STM32H5xx_HAL_Driver/Src/stm32h5xx_hal_spi.c ****   {
 3726              		.loc 1 1791 3 view .LVU1313
1791:Drivers/STM32H5xx_HAL_Driver/Src/stm32h5xx_hal_spi.c ****   {
 3727              		.loc 1 1791 7 is_stmt 0 view .LVU1314
 3728 0004 0468     		ldr	r4, [r0]
1793:Drivers/STM32H5xx_HAL_Driver/Src/stm32h5xx_hal_spi.c ****   }
 3729              		.loc 1 1793 5 is_stmt 1 view .LVU1315
1797:Drivers/STM32H5xx_HAL_Driver/Src/stm32h5xx_hal_spi.c ****   }
 3730              		.loc 1 1797 5 view .LVU1316
1800:Drivers/STM32H5xx_HAL_Driver/Src/stm32h5xx_hal_spi.c ****   {
 3731              		.loc 1 1800 3 view .LVU1317
1800:Drivers/STM32H5xx_HAL_Driver/Src/stm32h5xx_hal_spi.c ****   {
 3732              		.loc 1 1800 11 is_stmt 0 view .LVU1318
 3733 0006 90F88900 		ldrb	r0, [r0, #137]	@ zero_extendqisi2
 3734              	.LVL196:
1800:Drivers/STM32H5xx_HAL_Driver/Src/stm32h5xx_hal_spi.c ****   {
 3735              		.loc 1 1800 11 view .LVU1319
 3736 000a C0B2     		uxtb	r0, r0
1800:Drivers/STM32H5xx_HAL_Driver/Src/stm32h5xx_hal_spi.c ****   {
 3737              		.loc 1 1800 6 view .LVU1320
 3738 000c 0128     		cmp	r0, #1
 3739 000e 6ED1     		bne	.L218
1805:Drivers/STM32H5xx_HAL_Driver/Src/stm32h5xx_hal_spi.c ****   {
 3740              		.loc 1 1805 3 is_stmt 1 view .LVU1321
1805:Drivers/STM32H5xx_HAL_Driver/Src/stm32h5xx_hal_spi.c ****   {
 3741              		.loc 1 1805 6 is_stmt 0 view .LVU1322
 3742 0010 0029     		cmp	r1, #0
 3743 0012 6DD0     		beq	.L211
1805:Drivers/STM32H5xx_HAL_Driver/Src/stm32h5xx_hal_spi.c ****   {
 3744              		.loc 1 1805 23 discriminator 1 view .LVU1323
 3745 0014 002A     		cmp	r2, #0
 3746 0016 6BD0     		beq	.L211
1811:Drivers/STM32H5xx_HAL_Driver/Src/stm32h5xx_hal_spi.c **** 
 3747              		.loc 1 1811 3 is_stmt 1 view .LVU1324
1811:Drivers/STM32H5xx_HAL_Driver/Src/stm32h5xx_hal_spi.c **** 
ARM GAS  /tmp/cc3pUyOJ.s 			page 157


 3748              		.loc 1 1811 3 view .LVU1325
 3749 0018 93F88800 		ldrb	r0, [r3, #136]	@ zero_extendqisi2
 3750 001c 0128     		cmp	r0, #1
 3751 001e 6AD0     		beq	.L219
1811:Drivers/STM32H5xx_HAL_Driver/Src/stm32h5xx_hal_spi.c **** 
 3752              		.loc 1 1811 3 discriminator 2 view .LVU1326
 3753 0020 0120     		movs	r0, #1
 3754 0022 83F88800 		strb	r0, [r3, #136]
1811:Drivers/STM32H5xx_HAL_Driver/Src/stm32h5xx_hal_spi.c **** 
 3755              		.loc 1 1811 3 discriminator 2 view .LVU1327
1814:Drivers/STM32H5xx_HAL_Driver/Src/stm32h5xx_hal_spi.c ****   hspi->ErrorCode   = HAL_SPI_ERROR_NONE;
 3756              		.loc 1 1814 3 view .LVU1328
1814:Drivers/STM32H5xx_HAL_Driver/Src/stm32h5xx_hal_spi.c ****   hspi->ErrorCode   = HAL_SPI_ERROR_NONE;
 3757              		.loc 1 1814 21 is_stmt 0 view .LVU1329
 3758 0026 0420     		movs	r0, #4
 3759 0028 83F88900 		strb	r0, [r3, #137]
1815:Drivers/STM32H5xx_HAL_Driver/Src/stm32h5xx_hal_spi.c ****   hspi->pRxBuffPtr  = (uint8_t *)pData;
 3760              		.loc 1 1815 3 is_stmt 1 view .LVU1330
1815:Drivers/STM32H5xx_HAL_Driver/Src/stm32h5xx_hal_spi.c ****   hspi->pRxBuffPtr  = (uint8_t *)pData;
 3761              		.loc 1 1815 21 is_stmt 0 view .LVU1331
 3762 002c 0020     		movs	r0, #0
 3763 002e C3F88C00 		str	r0, [r3, #140]
1816:Drivers/STM32H5xx_HAL_Driver/Src/stm32h5xx_hal_spi.c ****   hspi->RxXferSize  = Size;
 3764              		.loc 1 1816 3 is_stmt 1 view .LVU1332
1816:Drivers/STM32H5xx_HAL_Driver/Src/stm32h5xx_hal_spi.c ****   hspi->RxXferSize  = Size;
 3765              		.loc 1 1816 21 is_stmt 0 view .LVU1333
 3766 0032 D966     		str	r1, [r3, #108]
1817:Drivers/STM32H5xx_HAL_Driver/Src/stm32h5xx_hal_spi.c ****   hspi->RxXferCount = Size;
 3767              		.loc 1 1817 3 is_stmt 1 view .LVU1334
1817:Drivers/STM32H5xx_HAL_Driver/Src/stm32h5xx_hal_spi.c ****   hspi->RxXferCount = Size;
 3768              		.loc 1 1817 21 is_stmt 0 view .LVU1335
 3769 0034 A3F87020 		strh	r2, [r3, #112]	@ movhi
1818:Drivers/STM32H5xx_HAL_Driver/Src/stm32h5xx_hal_spi.c **** 
 3770              		.loc 1 1818 3 is_stmt 1 view .LVU1336
1818:Drivers/STM32H5xx_HAL_Driver/Src/stm32h5xx_hal_spi.c **** 
 3771              		.loc 1 1818 21 is_stmt 0 view .LVU1337
 3772 0038 A3F87220 		strh	r2, [r3, #114]	@ movhi
1821:Drivers/STM32H5xx_HAL_Driver/Src/stm32h5xx_hal_spi.c ****   hspi->TxXferSize  = (uint16_t) 0UL;
 3773              		.loc 1 1821 3 is_stmt 1 view .LVU1338
1821:Drivers/STM32H5xx_HAL_Driver/Src/stm32h5xx_hal_spi.c ****   hspi->TxXferSize  = (uint16_t) 0UL;
 3774              		.loc 1 1821 21 is_stmt 0 view .LVU1339
 3775 003c 5866     		str	r0, [r3, #100]
1822:Drivers/STM32H5xx_HAL_Driver/Src/stm32h5xx_hal_spi.c ****   hspi->TxXferCount = (uint16_t) 0UL;
 3776              		.loc 1 1822 3 is_stmt 1 view .LVU1340
1822:Drivers/STM32H5xx_HAL_Driver/Src/stm32h5xx_hal_spi.c ****   hspi->TxXferCount = (uint16_t) 0UL;
 3777              		.loc 1 1822 21 is_stmt 0 view .LVU1341
 3778 003e A3F86800 		strh	r0, [r3, #104]	@ movhi
1823:Drivers/STM32H5xx_HAL_Driver/Src/stm32h5xx_hal_spi.c ****   hspi->TxISR       = NULL;
 3779              		.loc 1 1823 3 is_stmt 1 view .LVU1342
1823:Drivers/STM32H5xx_HAL_Driver/Src/stm32h5xx_hal_spi.c ****   hspi->TxISR       = NULL;
 3780              		.loc 1 1823 21 is_stmt 0 view .LVU1343
 3781 0042 A3F86A00 		strh	r0, [r3, #106]	@ movhi
1824:Drivers/STM32H5xx_HAL_Driver/Src/stm32h5xx_hal_spi.c **** 
 3782              		.loc 1 1824 3 is_stmt 1 view .LVU1344
1824:Drivers/STM32H5xx_HAL_Driver/Src/stm32h5xx_hal_spi.c **** 
 3783              		.loc 1 1824 21 is_stmt 0 view .LVU1345
 3784 0046 D867     		str	r0, [r3, #124]
ARM GAS  /tmp/cc3pUyOJ.s 			page 158


1827:Drivers/STM32H5xx_HAL_Driver/Src/stm32h5xx_hal_spi.c ****   {
 3785              		.loc 1 1827 3 is_stmt 1 view .LVU1346
1827:Drivers/STM32H5xx_HAL_Driver/Src/stm32h5xx_hal_spi.c ****   {
 3786              		.loc 1 1827 18 is_stmt 0 view .LVU1347
 3787 0048 D968     		ldr	r1, [r3, #12]
 3788              	.LVL197:
1827:Drivers/STM32H5xx_HAL_Driver/Src/stm32h5xx_hal_spi.c ****   {
 3789              		.loc 1 1827 6 view .LVU1348
 3790 004a 0F29     		cmp	r1, #15
 3791 004c 14D9     		bls	.L212
1827:Drivers/STM32H5xx_HAL_Driver/Src/stm32h5xx_hal_spi.c ****   {
 3792              		.loc 1 1827 50 discriminator 1 view .LVU1349
 3793 004e 2B48     		ldr	r0, .L224
 3794 0050 8442     		cmp	r4, r0
 3795 0052 16D0     		beq	.L213
1827:Drivers/STM32H5xx_HAL_Driver/Src/stm32h5xx_hal_spi.c ****   {
 3796              		.loc 1 1827 54 discriminator 2 view .LVU1350
 3797 0054 00F18050 		add	r0, r0, #268435456
 3798 0058 8442     		cmp	r4, r0
 3799 005a 12D0     		beq	.L213
1827:Drivers/STM32H5xx_HAL_Driver/Src/stm32h5xx_hal_spi.c ****   {
 3800              		.loc 1 1827 54 discriminator 3 view .LVU1351
 3801 005c 2848     		ldr	r0, .L224+4
 3802 005e 8442     		cmp	r4, r0
 3803 0060 0FD0     		beq	.L213
1827:Drivers/STM32H5xx_HAL_Driver/Src/stm32h5xx_hal_spi.c ****   {
 3804              		.loc 1 1827 54 discriminator 4 view .LVU1352
 3805 0062 00F18050 		add	r0, r0, #268435456
 3806 0066 8442     		cmp	r4, r0
 3807 0068 0BD0     		beq	.L213
1827:Drivers/STM32H5xx_HAL_Driver/Src/stm32h5xx_hal_spi.c ****   {
 3808              		.loc 1 1827 54 discriminator 5 view .LVU1353
 3809 006a 2648     		ldr	r0, .L224+8
 3810 006c 8442     		cmp	r4, r0
 3811 006e 08D0     		beq	.L213
1827:Drivers/STM32H5xx_HAL_Driver/Src/stm32h5xx_hal_spi.c ****   {
 3812              		.loc 1 1827 54 discriminator 6 view .LVU1354
 3813 0070 00F18050 		add	r0, r0, #268435456
 3814 0074 8442     		cmp	r4, r0
 3815 0076 04D0     		beq	.L213
 3816              	.L212:
1831:Drivers/STM32H5xx_HAL_Driver/Src/stm32h5xx_hal_spi.c ****   {
 3817              		.loc 1 1831 8 is_stmt 1 view .LVU1355
1831:Drivers/STM32H5xx_HAL_Driver/Src/stm32h5xx_hal_spi.c ****   {
 3818              		.loc 1 1831 11 is_stmt 0 view .LVU1356
 3819 0078 0729     		cmp	r1, #7
 3820 007a 29D9     		bls	.L215
1833:Drivers/STM32H5xx_HAL_Driver/Src/stm32h5xx_hal_spi.c ****   }
 3821              		.loc 1 1833 5 is_stmt 1 view .LVU1357
1833:Drivers/STM32H5xx_HAL_Driver/Src/stm32h5xx_hal_spi.c ****   }
 3822              		.loc 1 1833 17 is_stmt 0 view .LVU1358
 3823 007c 2249     		ldr	r1, .L224+12
 3824 007e 9967     		str	r1, [r3, #120]
 3825 0080 01E0     		b	.L214
 3826              	.L213:
1829:Drivers/STM32H5xx_HAL_Driver/Src/stm32h5xx_hal_spi.c ****   }
 3827              		.loc 1 1829 5 is_stmt 1 view .LVU1359
ARM GAS  /tmp/cc3pUyOJ.s 			page 159


1829:Drivers/STM32H5xx_HAL_Driver/Src/stm32h5xx_hal_spi.c ****   }
 3828              		.loc 1 1829 17 is_stmt 0 view .LVU1360
 3829 0082 2249     		ldr	r1, .L224+16
 3830 0084 9967     		str	r1, [r3, #120]
 3831              	.L214:
1841:Drivers/STM32H5xx_HAL_Driver/Src/stm32h5xx_hal_spi.c ****   {
 3832              		.loc 1 1841 3 is_stmt 1 view .LVU1361
1841:Drivers/STM32H5xx_HAL_Driver/Src/stm32h5xx_hal_spi.c ****   {
 3833              		.loc 1 1841 17 is_stmt 0 view .LVU1362
 3834 0086 9968     		ldr	r1, [r3, #8]
1841:Drivers/STM32H5xx_HAL_Driver/Src/stm32h5xx_hal_spi.c ****   {
 3835              		.loc 1 1841 6 view .LVU1363
 3836 0088 B1F5C02F 		cmp	r1, #393216
 3837 008c 23D0     		beq	.L222
1847:Drivers/STM32H5xx_HAL_Driver/Src/stm32h5xx_hal_spi.c ****   }
 3838              		.loc 1 1847 5 is_stmt 1 view .LVU1364
 3839 008e E168     		ldr	r1, [r4, #12]
 3840 0090 21F4C021 		bic	r1, r1, #393216
 3841 0094 41F48021 		orr	r1, r1, #262144
 3842 0098 E160     		str	r1, [r4, #12]
 3843              	.LVL198:
 3844              	.L217:
1855:Drivers/STM32H5xx_HAL_Driver/Src/stm32h5xx_hal_spi.c **** 
 3845              		.loc 1 1855 3 view .LVU1365
 3846 009a 1868     		ldr	r0, [r3]
 3847 009c 4168     		ldr	r1, [r0, #4]
 3848 009e 6FF30F01 		bfc	r1, #0, #16
 3849 00a2 0A43     		orrs	r2, r2, r1
 3850              	.LVL199:
1855:Drivers/STM32H5xx_HAL_Driver/Src/stm32h5xx_hal_spi.c **** 
 3851              		.loc 1 1855 3 is_stmt 0 view .LVU1366
 3852 00a4 4260     		str	r2, [r0, #4]
1858:Drivers/STM32H5xx_HAL_Driver/Src/stm32h5xx_hal_spi.c **** 
 3853              		.loc 1 1858 3 is_stmt 1 view .LVU1367
 3854 00a6 1968     		ldr	r1, [r3]
 3855 00a8 0A68     		ldr	r2, [r1]
 3856 00aa 42F00102 		orr	r2, r2, #1
 3857 00ae 0A60     		str	r2, [r1]
1861:Drivers/STM32H5xx_HAL_Driver/Src/stm32h5xx_hal_spi.c **** 
 3858              		.loc 1 1861 3 view .LVU1368
1861:Drivers/STM32H5xx_HAL_Driver/Src/stm32h5xx_hal_spi.c **** 
 3859              		.loc 1 1861 3 view .LVU1369
 3860 00b0 0022     		movs	r2, #0
 3861 00b2 83F88820 		strb	r2, [r3, #136]
1861:Drivers/STM32H5xx_HAL_Driver/Src/stm32h5xx_hal_spi.c **** 
 3862              		.loc 1 1861 3 view .LVU1370
1864:Drivers/STM32H5xx_HAL_Driver/Src/stm32h5xx_hal_spi.c **** 
 3863              		.loc 1 1864 3 view .LVU1371
 3864 00b6 1968     		ldr	r1, [r3]
 3865 00b8 0A69     		ldr	r2, [r1, #16]
 3866 00ba 42F45272 		orr	r2, r2, #840
 3867 00be 42F00102 		orr	r2, r2, #1
 3868 00c2 0A61     		str	r2, [r1, #16]
1866:Drivers/STM32H5xx_HAL_Driver/Src/stm32h5xx_hal_spi.c ****   {
 3869              		.loc 1 1866 3 view .LVU1372
1866:Drivers/STM32H5xx_HAL_Driver/Src/stm32h5xx_hal_spi.c ****   {
 3870              		.loc 1 1866 17 is_stmt 0 view .LVU1373
ARM GAS  /tmp/cc3pUyOJ.s 			page 160


 3871 00c4 5A68     		ldr	r2, [r3, #4]
1866:Drivers/STM32H5xx_HAL_Driver/Src/stm32h5xx_hal_spi.c ****   {
 3872              		.loc 1 1866 6 view .LVU1374
 3873 00c6 B2F5800F 		cmp	r2, #4194304
 3874 00ca 09D0     		beq	.L223
1872:Drivers/STM32H5xx_HAL_Driver/Src/stm32h5xx_hal_spi.c **** }
 3875              		.loc 1 1872 10 view .LVU1375
 3876 00cc 0020     		movs	r0, #0
 3877 00ce 0FE0     		b	.L211
 3878              	.LVL200:
 3879              	.L215:
1837:Drivers/STM32H5xx_HAL_Driver/Src/stm32h5xx_hal_spi.c ****   }
 3880              		.loc 1 1837 5 is_stmt 1 view .LVU1376
1837:Drivers/STM32H5xx_HAL_Driver/Src/stm32h5xx_hal_spi.c ****   }
 3881              		.loc 1 1837 17 is_stmt 0 view .LVU1377
 3882 00d0 0F49     		ldr	r1, .L224+20
 3883 00d2 9967     		str	r1, [r3, #120]
 3884 00d4 D7E7     		b	.L214
 3885              	.L222:
1843:Drivers/STM32H5xx_HAL_Driver/Src/stm32h5xx_hal_spi.c ****   }
 3886              		.loc 1 1843 5 is_stmt 1 view .LVU1378
 3887 00d6 2168     		ldr	r1, [r4]
 3888 00d8 21F40061 		bic	r1, r1, #2048
 3889 00dc 2160     		str	r1, [r4]
 3890              	.LVL201:
1843:Drivers/STM32H5xx_HAL_Driver/Src/stm32h5xx_hal_spi.c ****   }
 3891              		.loc 1 1843 5 is_stmt 0 view .LVU1379
 3892 00de DCE7     		b	.L217
 3893              	.LVL202:
 3894              	.L223:
1869:Drivers/STM32H5xx_HAL_Driver/Src/stm32h5xx_hal_spi.c ****   }
 3895              		.loc 1 1869 5 is_stmt 1 view .LVU1380
 3896 00e0 1A68     		ldr	r2, [r3]
 3897 00e2 1368     		ldr	r3, [r2]
 3898              	.LVL203:
1869:Drivers/STM32H5xx_HAL_Driver/Src/stm32h5xx_hal_spi.c ****   }
 3899              		.loc 1 1869 5 is_stmt 0 view .LVU1381
 3900 00e4 43F40073 		orr	r3, r3, #512
 3901 00e8 1360     		str	r3, [r2]
1872:Drivers/STM32H5xx_HAL_Driver/Src/stm32h5xx_hal_spi.c **** }
 3902              		.loc 1 1872 10 view .LVU1382
 3903 00ea 0020     		movs	r0, #0
 3904 00ec 00E0     		b	.L211
 3905              	.LVL204:
 3906              	.L218:
1802:Drivers/STM32H5xx_HAL_Driver/Src/stm32h5xx_hal_spi.c ****   }
 3907              		.loc 1 1802 12 view .LVU1383
 3908 00ee 0220     		movs	r0, #2
 3909              	.LVL205:
 3910              	.L211:
1873:Drivers/STM32H5xx_HAL_Driver/Src/stm32h5xx_hal_spi.c **** 
 3911              		.loc 1 1873 1 view .LVU1384
 3912 00f0 5DF8044B 		ldr	r4, [sp], #4
 3913              	.LCFI19:
 3914              		.cfi_remember_state
 3915              		.cfi_restore 4
 3916              		.cfi_def_cfa_offset 0
ARM GAS  /tmp/cc3pUyOJ.s 			page 161


 3917 00f4 7047     		bx	lr
 3918              	.LVL206:
 3919              	.L219:
 3920              	.LCFI20:
 3921              		.cfi_restore_state
1811:Drivers/STM32H5xx_HAL_Driver/Src/stm32h5xx_hal_spi.c **** 
 3922              		.loc 1 1811 3 discriminator 1 view .LVU1385
 3923 00f6 0220     		movs	r0, #2
 3924 00f8 FAE7     		b	.L211
 3925              	.L225:
 3926 00fa 00BF     		.align	2
 3927              	.L224:
 3928 00fc 00300140 		.word	1073819648
 3929 0100 00380040 		.word	1073756160
 3930 0104 003C0040 		.word	1073757184
 3931 0108 00000000 		.word	SPI_RxISR_16BIT
 3932 010c 00000000 		.word	SPI_RxISR_32BIT
 3933 0110 00000000 		.word	SPI_RxISR_8BIT
 3934              		.cfi_endproc
 3935              	.LFE165:
 3937              		.section	.text.HAL_SPI_TransmitReceive_IT,"ax",%progbits
 3938              		.align	1
 3939              		.global	HAL_SPI_TransmitReceive_IT
 3940              		.syntax unified
 3941              		.thumb
 3942              		.thumb_func
 3944              	HAL_SPI_TransmitReceive_IT:
 3945              	.LVL207:
 3946              	.LFB166:
1886:Drivers/STM32H5xx_HAL_Driver/Src/stm32h5xx_hal_spi.c ****   uint32_t tmp_TxXferCount;
 3947              		.loc 1 1886 1 is_stmt 1 view -0
 3948              		.cfi_startproc
 3949              		@ args = 0, pretend = 0, frame = 0
 3950              		@ frame_needed = 0, uses_anonymous_args = 0
 3951              		@ link register save eliminated.
1886:Drivers/STM32H5xx_HAL_Driver/Src/stm32h5xx_hal_spi.c ****   uint32_t tmp_TxXferCount;
 3952              		.loc 1 1886 1 is_stmt 0 view .LVU1387
 3953 0000 10B4     		push	{r4}
 3954              	.LCFI21:
 3955              		.cfi_def_cfa_offset 4
 3956              		.cfi_offset 4, -4
 3957 0002 8446     		mov	ip, r0
1887:Drivers/STM32H5xx_HAL_Driver/Src/stm32h5xx_hal_spi.c **** #if defined (__GNUC__)
 3958              		.loc 1 1887 3 is_stmt 1 view .LVU1388
1889:Drivers/STM32H5xx_HAL_Driver/Src/stm32h5xx_hal_spi.c **** #endif /* __GNUC__ */
 3959              		.loc 1 1889 3 view .LVU1389
1889:Drivers/STM32H5xx_HAL_Driver/Src/stm32h5xx_hal_spi.c **** #endif /* __GNUC__ */
 3960              		.loc 1 1889 57 is_stmt 0 view .LVU1390
 3961 0004 0468     		ldr	r4, [r0]
 3962              	.LVL208:
1893:Drivers/STM32H5xx_HAL_Driver/Src/stm32h5xx_hal_spi.c **** 
 3963              		.loc 1 1893 3 is_stmt 1 view .LVU1391
1896:Drivers/STM32H5xx_HAL_Driver/Src/stm32h5xx_hal_spi.c ****   {
 3964              		.loc 1 1896 3 view .LVU1392
1898:Drivers/STM32H5xx_HAL_Driver/Src/stm32h5xx_hal_spi.c ****   }
 3965              		.loc 1 1898 5 view .LVU1393
1902:Drivers/STM32H5xx_HAL_Driver/Src/stm32h5xx_hal_spi.c ****   }
ARM GAS  /tmp/cc3pUyOJ.s 			page 162


 3966              		.loc 1 1902 5 view .LVU1394
1905:Drivers/STM32H5xx_HAL_Driver/Src/stm32h5xx_hal_spi.c ****   {
 3967              		.loc 1 1905 3 view .LVU1395
1905:Drivers/STM32H5xx_HAL_Driver/Src/stm32h5xx_hal_spi.c ****   {
 3968              		.loc 1 1905 11 is_stmt 0 view .LVU1396
 3969 0006 90F88900 		ldrb	r0, [r0, #137]	@ zero_extendqisi2
 3970              	.LVL209:
1905:Drivers/STM32H5xx_HAL_Driver/Src/stm32h5xx_hal_spi.c ****   {
 3971              		.loc 1 1905 11 view .LVU1397
 3972 000a C0B2     		uxtb	r0, r0
1905:Drivers/STM32H5xx_HAL_Driver/Src/stm32h5xx_hal_spi.c ****   {
 3973              		.loc 1 1905 6 view .LVU1398
 3974 000c 0128     		cmp	r0, #1
 3975 000e 40F0C680 		bne	.L238
1910:Drivers/STM32H5xx_HAL_Driver/Src/stm32h5xx_hal_spi.c ****   {
 3976              		.loc 1 1910 3 is_stmt 1 view .LVU1399
1910:Drivers/STM32H5xx_HAL_Driver/Src/stm32h5xx_hal_spi.c ****   {
 3977              		.loc 1 1910 6 is_stmt 0 view .LVU1400
 3978 0012 0029     		cmp	r1, #0
 3979 0014 00F0C480 		beq	.L227
1910:Drivers/STM32H5xx_HAL_Driver/Src/stm32h5xx_hal_spi.c ****   {
 3980              		.loc 1 1910 25 discriminator 1 view .LVU1401
 3981 0018 002A     		cmp	r2, #0
 3982 001a 00F0C180 		beq	.L227
1910:Drivers/STM32H5xx_HAL_Driver/Src/stm32h5xx_hal_spi.c ****   {
 3983              		.loc 1 1910 46 discriminator 2 view .LVU1402
 3984 001e 002B     		cmp	r3, #0
 3985 0020 00F0BE80 		beq	.L227
1916:Drivers/STM32H5xx_HAL_Driver/Src/stm32h5xx_hal_spi.c **** 
 3986              		.loc 1 1916 3 is_stmt 1 view .LVU1403
1916:Drivers/STM32H5xx_HAL_Driver/Src/stm32h5xx_hal_spi.c **** 
 3987              		.loc 1 1916 3 view .LVU1404
 3988 0024 9CF88800 		ldrb	r0, [ip, #136]	@ zero_extendqisi2
 3989 0028 0128     		cmp	r0, #1
 3990 002a 00F0BC80 		beq	.L239
1916:Drivers/STM32H5xx_HAL_Driver/Src/stm32h5xx_hal_spi.c **** 
 3991              		.loc 1 1916 3 discriminator 2 view .LVU1405
 3992 002e 0120     		movs	r0, #1
 3993 0030 8CF88800 		strb	r0, [ip, #136]
1916:Drivers/STM32H5xx_HAL_Driver/Src/stm32h5xx_hal_spi.c **** 
 3994              		.loc 1 1916 3 discriminator 2 view .LVU1406
1919:Drivers/STM32H5xx_HAL_Driver/Src/stm32h5xx_hal_spi.c ****   hspi->ErrorCode   = HAL_SPI_ERROR_NONE;
 3995              		.loc 1 1919 3 view .LVU1407
1919:Drivers/STM32H5xx_HAL_Driver/Src/stm32h5xx_hal_spi.c ****   hspi->ErrorCode   = HAL_SPI_ERROR_NONE;
 3996              		.loc 1 1919 21 is_stmt 0 view .LVU1408
 3997 0034 0520     		movs	r0, #5
 3998 0036 8CF88900 		strb	r0, [ip, #137]
1920:Drivers/STM32H5xx_HAL_Driver/Src/stm32h5xx_hal_spi.c ****   hspi->pTxBuffPtr  = (const uint8_t *)pTxData;
 3999              		.loc 1 1920 3 is_stmt 1 view .LVU1409
1920:Drivers/STM32H5xx_HAL_Driver/Src/stm32h5xx_hal_spi.c ****   hspi->pTxBuffPtr  = (const uint8_t *)pTxData;
 4000              		.loc 1 1920 21 is_stmt 0 view .LVU1410
 4001 003a 0020     		movs	r0, #0
 4002 003c CCF88C00 		str	r0, [ip, #140]
1921:Drivers/STM32H5xx_HAL_Driver/Src/stm32h5xx_hal_spi.c ****   hspi->TxXferSize  = Size;
 4003              		.loc 1 1921 3 is_stmt 1 view .LVU1411
1921:Drivers/STM32H5xx_HAL_Driver/Src/stm32h5xx_hal_spi.c ****   hspi->TxXferSize  = Size;
 4004              		.loc 1 1921 21 is_stmt 0 view .LVU1412
ARM GAS  /tmp/cc3pUyOJ.s 			page 163


 4005 0040 CCF86410 		str	r1, [ip, #100]
1922:Drivers/STM32H5xx_HAL_Driver/Src/stm32h5xx_hal_spi.c ****   hspi->TxXferCount = Size;
 4006              		.loc 1 1922 3 is_stmt 1 view .LVU1413
1922:Drivers/STM32H5xx_HAL_Driver/Src/stm32h5xx_hal_spi.c ****   hspi->TxXferCount = Size;
 4007              		.loc 1 1922 21 is_stmt 0 view .LVU1414
 4008 0044 ACF86830 		strh	r3, [ip, #104]	@ movhi
1923:Drivers/STM32H5xx_HAL_Driver/Src/stm32h5xx_hal_spi.c ****   hspi->pRxBuffPtr  = (uint8_t *)pRxData;
 4009              		.loc 1 1923 3 is_stmt 1 view .LVU1415
1923:Drivers/STM32H5xx_HAL_Driver/Src/stm32h5xx_hal_spi.c ****   hspi->pRxBuffPtr  = (uint8_t *)pRxData;
 4010              		.loc 1 1923 21 is_stmt 0 view .LVU1416
 4011 0048 ACF86A30 		strh	r3, [ip, #106]	@ movhi
1924:Drivers/STM32H5xx_HAL_Driver/Src/stm32h5xx_hal_spi.c ****   hspi->RxXferSize  = Size;
 4012              		.loc 1 1924 3 is_stmt 1 view .LVU1417
1924:Drivers/STM32H5xx_HAL_Driver/Src/stm32h5xx_hal_spi.c ****   hspi->RxXferSize  = Size;
 4013              		.loc 1 1924 21 is_stmt 0 view .LVU1418
 4014 004c CCF86C20 		str	r2, [ip, #108]
1925:Drivers/STM32H5xx_HAL_Driver/Src/stm32h5xx_hal_spi.c ****   hspi->RxXferCount = Size;
 4015              		.loc 1 1925 3 is_stmt 1 view .LVU1419
1925:Drivers/STM32H5xx_HAL_Driver/Src/stm32h5xx_hal_spi.c ****   hspi->RxXferCount = Size;
 4016              		.loc 1 1925 21 is_stmt 0 view .LVU1420
 4017 0050 ACF87030 		strh	r3, [ip, #112]	@ movhi
1926:Drivers/STM32H5xx_HAL_Driver/Src/stm32h5xx_hal_spi.c ****   tmp_TxXferCount   = hspi->TxXferCount;
 4018              		.loc 1 1926 3 is_stmt 1 view .LVU1421
1926:Drivers/STM32H5xx_HAL_Driver/Src/stm32h5xx_hal_spi.c ****   tmp_TxXferCount   = hspi->TxXferCount;
 4019              		.loc 1 1926 21 is_stmt 0 view .LVU1422
 4020 0054 ACF87230 		strh	r3, [ip, #114]	@ movhi
1927:Drivers/STM32H5xx_HAL_Driver/Src/stm32h5xx_hal_spi.c **** 
 4021              		.loc 1 1927 3 is_stmt 1 view .LVU1423
1927:Drivers/STM32H5xx_HAL_Driver/Src/stm32h5xx_hal_spi.c **** 
 4022              		.loc 1 1927 27 is_stmt 0 view .LVU1424
 4023 0058 BCF86A20 		ldrh	r2, [ip, #106]
 4024              	.LVL210:
1927:Drivers/STM32H5xx_HAL_Driver/Src/stm32h5xx_hal_spi.c **** 
 4025              		.loc 1 1927 27 view .LVU1425
 4026 005c 92B2     		uxth	r2, r2
 4027              	.LVL211:
1930:Drivers/STM32H5xx_HAL_Driver/Src/stm32h5xx_hal_spi.c ****   {
 4028              		.loc 1 1930 3 is_stmt 1 view .LVU1426
1930:Drivers/STM32H5xx_HAL_Driver/Src/stm32h5xx_hal_spi.c ****   {
 4029              		.loc 1 1930 18 is_stmt 0 view .LVU1427
 4030 005e DCF80C10 		ldr	r1, [ip, #12]
 4031              	.LVL212:
1930:Drivers/STM32H5xx_HAL_Driver/Src/stm32h5xx_hal_spi.c ****   {
 4032              		.loc 1 1930 6 view .LVU1428
 4033 0062 0F29     		cmp	r1, #15
 4034 0064 14D9     		bls	.L228
1930:Drivers/STM32H5xx_HAL_Driver/Src/stm32h5xx_hal_spi.c ****   {
 4035              		.loc 1 1930 50 discriminator 1 view .LVU1429
 4036 0066 5148     		ldr	r0, .L243
 4037 0068 8442     		cmp	r4, r0
 4038 006a 1AD0     		beq	.L229
1930:Drivers/STM32H5xx_HAL_Driver/Src/stm32h5xx_hal_spi.c ****   {
 4039              		.loc 1 1930 54 discriminator 2 view .LVU1430
 4040 006c 00F18050 		add	r0, r0, #268435456
 4041 0070 8442     		cmp	r4, r0
 4042 0072 16D0     		beq	.L229
1930:Drivers/STM32H5xx_HAL_Driver/Src/stm32h5xx_hal_spi.c ****   {
ARM GAS  /tmp/cc3pUyOJ.s 			page 164


 4043              		.loc 1 1930 54 discriminator 3 view .LVU1431
 4044 0074 4E48     		ldr	r0, .L243+4
 4045 0076 8442     		cmp	r4, r0
 4046 0078 13D0     		beq	.L229
1930:Drivers/STM32H5xx_HAL_Driver/Src/stm32h5xx_hal_spi.c ****   {
 4047              		.loc 1 1930 54 discriminator 4 view .LVU1432
 4048 007a 00F18050 		add	r0, r0, #268435456
 4049 007e 8442     		cmp	r4, r0
 4050 0080 0FD0     		beq	.L229
1930:Drivers/STM32H5xx_HAL_Driver/Src/stm32h5xx_hal_spi.c ****   {
 4051              		.loc 1 1930 54 discriminator 5 view .LVU1433
 4052 0082 4C48     		ldr	r0, .L243+8
 4053 0084 8442     		cmp	r4, r0
 4054 0086 0CD0     		beq	.L229
1930:Drivers/STM32H5xx_HAL_Driver/Src/stm32h5xx_hal_spi.c ****   {
 4055              		.loc 1 1930 54 discriminator 6 view .LVU1434
 4056 0088 00F18050 		add	r0, r0, #268435456
 4057 008c 8442     		cmp	r4, r0
 4058 008e 08D0     		beq	.L229
 4059              	.L228:
1935:Drivers/STM32H5xx_HAL_Driver/Src/stm32h5xx_hal_spi.c ****   {
 4060              		.loc 1 1935 8 is_stmt 1 view .LVU1435
1935:Drivers/STM32H5xx_HAL_Driver/Src/stm32h5xx_hal_spi.c ****   {
 4061              		.loc 1 1935 11 is_stmt 0 view .LVU1436
 4062 0090 0729     		cmp	r1, #7
 4063 0092 1ED9     		bls	.L231
1937:Drivers/STM32H5xx_HAL_Driver/Src/stm32h5xx_hal_spi.c ****     hspi->TxISR     = SPI_TxISR_16BIT;
 4064              		.loc 1 1937 5 is_stmt 1 view .LVU1437
1937:Drivers/STM32H5xx_HAL_Driver/Src/stm32h5xx_hal_spi.c ****     hspi->TxISR     = SPI_TxISR_16BIT;
 4065              		.loc 1 1937 21 is_stmt 0 view .LVU1438
 4066 0094 4849     		ldr	r1, .L243+12
 4067 0096 CCF87810 		str	r1, [ip, #120]
1938:Drivers/STM32H5xx_HAL_Driver/Src/stm32h5xx_hal_spi.c ****   }
 4068              		.loc 1 1938 5 is_stmt 1 view .LVU1439
1938:Drivers/STM32H5xx_HAL_Driver/Src/stm32h5xx_hal_spi.c ****   }
 4069              		.loc 1 1938 21 is_stmt 0 view .LVU1440
 4070 009a 4849     		ldr	r1, .L243+16
 4071 009c CCF87C10 		str	r1, [ip, #124]
 4072 00a0 05E0     		b	.L230
 4073              	.L229:
1932:Drivers/STM32H5xx_HAL_Driver/Src/stm32h5xx_hal_spi.c ****     hspi->RxISR     = SPI_RxISR_32BIT;
 4074              		.loc 1 1932 5 is_stmt 1 view .LVU1441
1932:Drivers/STM32H5xx_HAL_Driver/Src/stm32h5xx_hal_spi.c ****     hspi->RxISR     = SPI_RxISR_32BIT;
 4075              		.loc 1 1932 21 is_stmt 0 view .LVU1442
 4076 00a2 4749     		ldr	r1, .L243+20
 4077 00a4 CCF87C10 		str	r1, [ip, #124]
1933:Drivers/STM32H5xx_HAL_Driver/Src/stm32h5xx_hal_spi.c ****   }
 4078              		.loc 1 1933 5 is_stmt 1 view .LVU1443
1933:Drivers/STM32H5xx_HAL_Driver/Src/stm32h5xx_hal_spi.c ****   }
 4079              		.loc 1 1933 21 is_stmt 0 view .LVU1444
 4080 00a8 4649     		ldr	r1, .L243+24
 4081 00aa CCF87810 		str	r1, [ip, #120]
 4082              	.L230:
1947:Drivers/STM32H5xx_HAL_Driver/Src/stm32h5xx_hal_spi.c **** 
 4083              		.loc 1 1947 3 is_stmt 1 view .LVU1445
 4084 00ae E168     		ldr	r1, [r4, #12]
 4085 00b0 21F4C021 		bic	r1, r1, #393216
ARM GAS  /tmp/cc3pUyOJ.s 			page 165


 4086 00b4 E160     		str	r1, [r4, #12]
 4087              	.LVL213:
1950:Drivers/STM32H5xx_HAL_Driver/Src/stm32h5xx_hal_spi.c **** 
 4088              		.loc 1 1950 3 view .LVU1446
 4089 00b6 DCF80000 		ldr	r0, [ip]
 4090 00ba 4168     		ldr	r1, [r0, #4]
 4091 00bc 6FF30F01 		bfc	r1, #0, #16
 4092 00c0 0B43     		orrs	r3, r3, r1
 4093              	.LVL214:
1950:Drivers/STM32H5xx_HAL_Driver/Src/stm32h5xx_hal_spi.c **** 
 4094              		.loc 1 1950 3 is_stmt 0 view .LVU1447
 4095 00c2 4360     		str	r3, [r0, #4]
1953:Drivers/STM32H5xx_HAL_Driver/Src/stm32h5xx_hal_spi.c **** 
 4096              		.loc 1 1953 3 is_stmt 1 view .LVU1448
 4097 00c4 DCF80010 		ldr	r1, [ip]
 4098 00c8 0B68     		ldr	r3, [r1]
 4099 00ca 43F00103 		orr	r3, r3, #1
 4100 00ce 0B60     		str	r3, [r1]
1956:Drivers/STM32H5xx_HAL_Driver/Src/stm32h5xx_hal_spi.c ****   {
 4101              		.loc 1 1956 3 view .LVU1449
1956:Drivers/STM32H5xx_HAL_Driver/Src/stm32h5xx_hal_spi.c ****   {
 4102              		.loc 1 1956 9 is_stmt 0 view .LVU1450
 4103 00d0 1BE0     		b	.L232
 4104              	.LVL215:
 4105              	.L231:
1942:Drivers/STM32H5xx_HAL_Driver/Src/stm32h5xx_hal_spi.c ****     hspi->TxISR     = SPI_TxISR_8BIT;
 4106              		.loc 1 1942 5 is_stmt 1 view .LVU1451
1942:Drivers/STM32H5xx_HAL_Driver/Src/stm32h5xx_hal_spi.c ****     hspi->TxISR     = SPI_TxISR_8BIT;
 4107              		.loc 1 1942 21 is_stmt 0 view .LVU1452
 4108 00d2 3D49     		ldr	r1, .L243+28
 4109 00d4 CCF87810 		str	r1, [ip, #120]
1943:Drivers/STM32H5xx_HAL_Driver/Src/stm32h5xx_hal_spi.c ****   }
 4110              		.loc 1 1943 5 is_stmt 1 view .LVU1453
1943:Drivers/STM32H5xx_HAL_Driver/Src/stm32h5xx_hal_spi.c ****   }
 4111              		.loc 1 1943 21 is_stmt 0 view .LVU1454
 4112 00d8 3C49     		ldr	r1, .L243+32
 4113 00da CCF87C10 		str	r1, [ip, #124]
 4114 00de E6E7     		b	.L230
 4115              	.LVL216:
 4116              	.L233:
1967:Drivers/STM32H5xx_HAL_Driver/Src/stm32h5xx_hal_spi.c ****     {
 4117              		.loc 1 1967 10 is_stmt 1 view .LVU1455
1967:Drivers/STM32H5xx_HAL_Driver/Src/stm32h5xx_hal_spi.c ****     {
 4118              		.loc 1 1967 13 is_stmt 0 view .LVU1456
 4119 00e0 072A     		cmp	r2, #7
 4120 00e2 31D9     		bls	.L235
1970:Drivers/STM32H5xx_HAL_Driver/Src/stm32h5xx_hal_spi.c **** #else
 4121              		.loc 1 1970 7 is_stmt 1 view .LVU1457
1970:Drivers/STM32H5xx_HAL_Driver/Src/stm32h5xx_hal_spi.c **** #else
 4122              		.loc 1 1970 47 is_stmt 0 view .LVU1458
 4123 00e4 DCF86430 		ldr	r3, [ip, #100]
1970:Drivers/STM32H5xx_HAL_Driver/Src/stm32h5xx_hal_spi.c **** #else
 4124              		.loc 1 1970 23 view .LVU1459
 4125 00e8 1B88     		ldrh	r3, [r3]
1970:Drivers/STM32H5xx_HAL_Driver/Src/stm32h5xx_hal_spi.c **** #else
 4126              		.loc 1 1970 21 view .LVU1460
 4127 00ea 2384     		strh	r3, [r4, #32]	@ movhi
ARM GAS  /tmp/cc3pUyOJ.s 			page 166


1974:Drivers/STM32H5xx_HAL_Driver/Src/stm32h5xx_hal_spi.c ****       hspi->TxXferCount--;
 4128              		.loc 1 1974 7 is_stmt 1 view .LVU1461
1974:Drivers/STM32H5xx_HAL_Driver/Src/stm32h5xx_hal_spi.c ****       hspi->TxXferCount--;
 4129              		.loc 1 1974 11 is_stmt 0 view .LVU1462
 4130 00ec DCF86430 		ldr	r3, [ip, #100]
1974:Drivers/STM32H5xx_HAL_Driver/Src/stm32h5xx_hal_spi.c ****       hspi->TxXferCount--;
 4131              		.loc 1 1974 24 view .LVU1463
 4132 00f0 0233     		adds	r3, r3, #2
 4133 00f2 CCF86430 		str	r3, [ip, #100]
1975:Drivers/STM32H5xx_HAL_Driver/Src/stm32h5xx_hal_spi.c ****       tmp_TxXferCount = hspi->TxXferCount;
 4134              		.loc 1 1975 7 is_stmt 1 view .LVU1464
1975:Drivers/STM32H5xx_HAL_Driver/Src/stm32h5xx_hal_spi.c ****       tmp_TxXferCount = hspi->TxXferCount;
 4135              		.loc 1 1975 11 is_stmt 0 view .LVU1465
 4136 00f6 BCF86A30 		ldrh	r3, [ip, #106]
 4137 00fa 9BB2     		uxth	r3, r3
1975:Drivers/STM32H5xx_HAL_Driver/Src/stm32h5xx_hal_spi.c ****       tmp_TxXferCount = hspi->TxXferCount;
 4138              		.loc 1 1975 24 view .LVU1466
 4139 00fc 013B     		subs	r3, r3, #1
 4140 00fe 9BB2     		uxth	r3, r3
 4141 0100 ACF86A30 		strh	r3, [ip, #106]	@ movhi
1976:Drivers/STM32H5xx_HAL_Driver/Src/stm32h5xx_hal_spi.c ****     }
 4142              		.loc 1 1976 7 is_stmt 1 view .LVU1467
1976:Drivers/STM32H5xx_HAL_Driver/Src/stm32h5xx_hal_spi.c ****     }
 4143              		.loc 1 1976 29 is_stmt 0 view .LVU1468
 4144 0104 BCF86A20 		ldrh	r2, [ip, #106]
 4145 0108 92B2     		uxth	r2, r2
 4146              	.LVL217:
 4147              	.L232:
1956:Drivers/STM32H5xx_HAL_Driver/Src/stm32h5xx_hal_spi.c ****   {
 4148              		.loc 1 1956 51 is_stmt 1 view .LVU1469
1956:Drivers/STM32H5xx_HAL_Driver/Src/stm32h5xx_hal_spi.c ****   {
 4149              		.loc 1 1956 11 is_stmt 0 view .LVU1470
 4150 010a DCF80030 		ldr	r3, [ip]
 4151 010e 5969     		ldr	r1, [r3, #20]
1956:Drivers/STM32H5xx_HAL_Driver/Src/stm32h5xx_hal_spi.c ****   {
 4152              		.loc 1 1956 51 view .LVU1471
 4153 0110 11F0020F 		tst	r1, #2
 4154 0114 2DD0     		beq	.L236
1956:Drivers/STM32H5xx_HAL_Driver/Src/stm32h5xx_hal_spi.c ****   {
 4155              		.loc 1 1956 51 discriminator 1 view .LVU1472
 4156 0116 62B3     		cbz	r2, .L236
1959:Drivers/STM32H5xx_HAL_Driver/Src/stm32h5xx_hal_spi.c ****     {
 4157              		.loc 1 1959 5 is_stmt 1 view .LVU1473
1959:Drivers/STM32H5xx_HAL_Driver/Src/stm32h5xx_hal_spi.c ****     {
 4158              		.loc 1 1959 19 is_stmt 0 view .LVU1474
 4159 0118 DCF80C20 		ldr	r2, [ip, #12]
 4160              	.LVL218:
1959:Drivers/STM32H5xx_HAL_Driver/Src/stm32h5xx_hal_spi.c ****     {
 4161              		.loc 1 1959 8 view .LVU1475
 4162 011c 0F2A     		cmp	r2, #15
 4163 011e DFD9     		bls	.L233
1961:Drivers/STM32H5xx_HAL_Driver/Src/stm32h5xx_hal_spi.c ****       hspi->pTxBuffPtr += sizeof(uint32_t);
 4164              		.loc 1 1961 7 is_stmt 1 view .LVU1476
1961:Drivers/STM32H5xx_HAL_Driver/Src/stm32h5xx_hal_spi.c ****       hspi->pTxBuffPtr += sizeof(uint32_t);
 4165              		.loc 1 1961 75 is_stmt 0 view .LVU1477
 4166 0120 DCF86420 		ldr	r2, [ip, #100]
1961:Drivers/STM32H5xx_HAL_Driver/Src/stm32h5xx_hal_spi.c ****       hspi->pTxBuffPtr += sizeof(uint32_t);
ARM GAS  /tmp/cc3pUyOJ.s 			page 167


 4167              		.loc 1 1961 51 view .LVU1478
 4168 0124 1268     		ldr	r2, [r2]
1961:Drivers/STM32H5xx_HAL_Driver/Src/stm32h5xx_hal_spi.c ****       hspi->pTxBuffPtr += sizeof(uint32_t);
 4169              		.loc 1 1961 49 view .LVU1479
 4170 0126 1A62     		str	r2, [r3, #32]
1962:Drivers/STM32H5xx_HAL_Driver/Src/stm32h5xx_hal_spi.c ****       hspi->TxXferCount--;
 4171              		.loc 1 1962 7 is_stmt 1 view .LVU1480
1962:Drivers/STM32H5xx_HAL_Driver/Src/stm32h5xx_hal_spi.c ****       hspi->TxXferCount--;
 4172              		.loc 1 1962 11 is_stmt 0 view .LVU1481
 4173 0128 DCF86430 		ldr	r3, [ip, #100]
1962:Drivers/STM32H5xx_HAL_Driver/Src/stm32h5xx_hal_spi.c ****       hspi->TxXferCount--;
 4174              		.loc 1 1962 24 view .LVU1482
 4175 012c 0433     		adds	r3, r3, #4
 4176 012e CCF86430 		str	r3, [ip, #100]
1963:Drivers/STM32H5xx_HAL_Driver/Src/stm32h5xx_hal_spi.c ****       tmp_TxXferCount = hspi->TxXferCount;
 4177              		.loc 1 1963 7 is_stmt 1 view .LVU1483
1963:Drivers/STM32H5xx_HAL_Driver/Src/stm32h5xx_hal_spi.c ****       tmp_TxXferCount = hspi->TxXferCount;
 4178              		.loc 1 1963 11 is_stmt 0 view .LVU1484
 4179 0132 BCF86A30 		ldrh	r3, [ip, #106]
 4180 0136 9BB2     		uxth	r3, r3
1963:Drivers/STM32H5xx_HAL_Driver/Src/stm32h5xx_hal_spi.c ****       tmp_TxXferCount = hspi->TxXferCount;
 4181              		.loc 1 1963 24 view .LVU1485
 4182 0138 013B     		subs	r3, r3, #1
 4183 013a 9BB2     		uxth	r3, r3
 4184 013c ACF86A30 		strh	r3, [ip, #106]	@ movhi
1964:Drivers/STM32H5xx_HAL_Driver/Src/stm32h5xx_hal_spi.c ****     }
 4185              		.loc 1 1964 7 is_stmt 1 view .LVU1486
1964:Drivers/STM32H5xx_HAL_Driver/Src/stm32h5xx_hal_spi.c ****     }
 4186              		.loc 1 1964 29 is_stmt 0 view .LVU1487
 4187 0140 BCF86A20 		ldrh	r2, [ip, #106]
 4188 0144 92B2     		uxth	r2, r2
 4189              	.LVL219:
1964:Drivers/STM32H5xx_HAL_Driver/Src/stm32h5xx_hal_spi.c ****     }
 4190              		.loc 1 1964 29 view .LVU1488
 4191 0146 E0E7     		b	.L232
 4192              	.LVL220:
 4193              	.L235:
1981:Drivers/STM32H5xx_HAL_Driver/Src/stm32h5xx_hal_spi.c ****       hspi->pTxBuffPtr += sizeof(uint8_t);
 4194              		.loc 1 1981 7 is_stmt 1 view .LVU1489
1981:Drivers/STM32H5xx_HAL_Driver/Src/stm32h5xx_hal_spi.c ****       hspi->pTxBuffPtr += sizeof(uint8_t);
 4195              		.loc 1 1981 73 is_stmt 0 view .LVU1490
 4196 0148 DCF86420 		ldr	r2, [ip, #100]
1981:Drivers/STM32H5xx_HAL_Driver/Src/stm32h5xx_hal_spi.c ****       hspi->pTxBuffPtr += sizeof(uint8_t);
 4197              		.loc 1 1981 50 view .LVU1491
 4198 014c 1278     		ldrb	r2, [r2]	@ zero_extendqisi2
1981:Drivers/STM32H5xx_HAL_Driver/Src/stm32h5xx_hal_spi.c ****       hspi->pTxBuffPtr += sizeof(uint8_t);
 4199              		.loc 1 1981 48 view .LVU1492
 4200 014e 83F82020 		strb	r2, [r3, #32]
1982:Drivers/STM32H5xx_HAL_Driver/Src/stm32h5xx_hal_spi.c ****       hspi->TxXferCount--;
 4201              		.loc 1 1982 7 is_stmt 1 view .LVU1493
1982:Drivers/STM32H5xx_HAL_Driver/Src/stm32h5xx_hal_spi.c ****       hspi->TxXferCount--;
 4202              		.loc 1 1982 11 is_stmt 0 view .LVU1494
 4203 0152 DCF86430 		ldr	r3, [ip, #100]
1982:Drivers/STM32H5xx_HAL_Driver/Src/stm32h5xx_hal_spi.c ****       hspi->TxXferCount--;
 4204              		.loc 1 1982 24 view .LVU1495
 4205 0156 0133     		adds	r3, r3, #1
 4206 0158 CCF86430 		str	r3, [ip, #100]
ARM GAS  /tmp/cc3pUyOJ.s 			page 168


1983:Drivers/STM32H5xx_HAL_Driver/Src/stm32h5xx_hal_spi.c ****       tmp_TxXferCount = hspi->TxXferCount;
 4207              		.loc 1 1983 7 is_stmt 1 view .LVU1496
1983:Drivers/STM32H5xx_HAL_Driver/Src/stm32h5xx_hal_spi.c ****       tmp_TxXferCount = hspi->TxXferCount;
 4208              		.loc 1 1983 11 is_stmt 0 view .LVU1497
 4209 015c BCF86A30 		ldrh	r3, [ip, #106]
 4210 0160 9BB2     		uxth	r3, r3
1983:Drivers/STM32H5xx_HAL_Driver/Src/stm32h5xx_hal_spi.c ****       tmp_TxXferCount = hspi->TxXferCount;
 4211              		.loc 1 1983 24 view .LVU1498
 4212 0162 013B     		subs	r3, r3, #1
 4213 0164 9BB2     		uxth	r3, r3
 4214 0166 ACF86A30 		strh	r3, [ip, #106]	@ movhi
1984:Drivers/STM32H5xx_HAL_Driver/Src/stm32h5xx_hal_spi.c ****     }
 4215              		.loc 1 1984 7 is_stmt 1 view .LVU1499
1984:Drivers/STM32H5xx_HAL_Driver/Src/stm32h5xx_hal_spi.c ****     }
 4216              		.loc 1 1984 29 is_stmt 0 view .LVU1500
 4217 016a BCF86A20 		ldrh	r2, [ip, #106]
 4218 016e 92B2     		uxth	r2, r2
 4219              	.LVL221:
1984:Drivers/STM32H5xx_HAL_Driver/Src/stm32h5xx_hal_spi.c ****     }
 4220              		.loc 1 1984 29 view .LVU1501
 4221 0170 CBE7     		b	.L232
 4222              	.L236:
1989:Drivers/STM32H5xx_HAL_Driver/Src/stm32h5xx_hal_spi.c **** 
 4223              		.loc 1 1989 3 is_stmt 1 view .LVU1502
1989:Drivers/STM32H5xx_HAL_Driver/Src/stm32h5xx_hal_spi.c **** 
 4224              		.loc 1 1989 3 view .LVU1503
 4225 0172 0022     		movs	r2, #0
 4226              	.LVL222:
1989:Drivers/STM32H5xx_HAL_Driver/Src/stm32h5xx_hal_spi.c **** 
 4227              		.loc 1 1989 3 is_stmt 0 view .LVU1504
 4228 0174 8CF88820 		strb	r2, [ip, #136]
1989:Drivers/STM32H5xx_HAL_Driver/Src/stm32h5xx_hal_spi.c **** 
 4229              		.loc 1 1989 3 is_stmt 1 view .LVU1505
1992:Drivers/STM32H5xx_HAL_Driver/Src/stm32h5xx_hal_spi.c **** 
 4230              		.loc 1 1992 3 view .LVU1506
 4231 0178 1A69     		ldr	r2, [r3, #16]
 4232 017a 42F45B72 		orr	r2, r2, #876
 4233 017e 1A61     		str	r2, [r3, #16]
1994:Drivers/STM32H5xx_HAL_Driver/Src/stm32h5xx_hal_spi.c ****   {
 4234              		.loc 1 1994 3 view .LVU1507
1994:Drivers/STM32H5xx_HAL_Driver/Src/stm32h5xx_hal_spi.c ****   {
 4235              		.loc 1 1994 17 is_stmt 0 view .LVU1508
 4236 0180 DCF80430 		ldr	r3, [ip, #4]
1994:Drivers/STM32H5xx_HAL_Driver/Src/stm32h5xx_hal_spi.c ****   {
 4237              		.loc 1 1994 6 view .LVU1509
 4238 0184 B3F5800F 		cmp	r3, #4194304
 4239 0188 01D0     		beq	.L242
2000:Drivers/STM32H5xx_HAL_Driver/Src/stm32h5xx_hal_spi.c **** }
 4240              		.loc 1 2000 10 view .LVU1510
 4241 018a 0020     		movs	r0, #0
 4242 018c 08E0     		b	.L227
 4243              	.L242:
1997:Drivers/STM32H5xx_HAL_Driver/Src/stm32h5xx_hal_spi.c ****   }
 4244              		.loc 1 1997 5 is_stmt 1 view .LVU1511
 4245 018e DCF80020 		ldr	r2, [ip]
 4246 0192 1368     		ldr	r3, [r2]
 4247 0194 43F40073 		orr	r3, r3, #512
ARM GAS  /tmp/cc3pUyOJ.s 			page 169


 4248 0198 1360     		str	r3, [r2]
2000:Drivers/STM32H5xx_HAL_Driver/Src/stm32h5xx_hal_spi.c **** }
 4249              		.loc 1 2000 10 is_stmt 0 view .LVU1512
 4250 019a 0020     		movs	r0, #0
 4251 019c 00E0     		b	.L227
 4252              	.LVL223:
 4253              	.L238:
1907:Drivers/STM32H5xx_HAL_Driver/Src/stm32h5xx_hal_spi.c ****   }
 4254              		.loc 1 1907 12 view .LVU1513
 4255 019e 0220     		movs	r0, #2
 4256              	.LVL224:
 4257              	.L227:
2001:Drivers/STM32H5xx_HAL_Driver/Src/stm32h5xx_hal_spi.c **** 
 4258              		.loc 1 2001 1 view .LVU1514
 4259 01a0 5DF8044B 		ldr	r4, [sp], #4
 4260              	.LCFI22:
 4261              		.cfi_remember_state
 4262              		.cfi_restore 4
 4263              		.cfi_def_cfa_offset 0
 4264              	.LVL225:
2001:Drivers/STM32H5xx_HAL_Driver/Src/stm32h5xx_hal_spi.c **** 
 4265              		.loc 1 2001 1 view .LVU1515
 4266 01a4 7047     		bx	lr
 4267              	.LVL226:
 4268              	.L239:
 4269              	.LCFI23:
 4270              		.cfi_restore_state
1916:Drivers/STM32H5xx_HAL_Driver/Src/stm32h5xx_hal_spi.c **** 
 4271              		.loc 1 1916 3 discriminator 1 view .LVU1516
 4272 01a6 0220     		movs	r0, #2
 4273 01a8 FAE7     		b	.L227
 4274              	.L244:
 4275 01aa 00BF     		.align	2
 4276              	.L243:
 4277 01ac 00300140 		.word	1073819648
 4278 01b0 00380040 		.word	1073756160
 4279 01b4 003C0040 		.word	1073757184
 4280 01b8 00000000 		.word	SPI_RxISR_16BIT
 4281 01bc 00000000 		.word	SPI_TxISR_16BIT
 4282 01c0 00000000 		.word	SPI_TxISR_32BIT
 4283 01c4 00000000 		.word	SPI_RxISR_32BIT
 4284 01c8 00000000 		.word	SPI_RxISR_8BIT
 4285 01cc 00000000 		.word	SPI_TxISR_8BIT
 4286              		.cfi_endproc
 4287              	.LFE166:
 4289              		.section	.text.HAL_SPI_Transmit_DMA,"ax",%progbits
 4290              		.align	1
 4291              		.global	HAL_SPI_Transmit_DMA
 4292              		.syntax unified
 4293              		.thumb
 4294              		.thumb_func
 4296              	HAL_SPI_Transmit_DMA:
 4297              	.LVL227:
 4298              	.LFB167:
2016:Drivers/STM32H5xx_HAL_Driver/Src/stm32h5xx_hal_spi.c ****   HAL_StatusTypeDef status;
 4299              		.loc 1 2016 1 is_stmt 1 view -0
 4300              		.cfi_startproc
ARM GAS  /tmp/cc3pUyOJ.s 			page 170


 4301              		@ args = 0, pretend = 0, frame = 0
 4302              		@ frame_needed = 0, uses_anonymous_args = 0
2016:Drivers/STM32H5xx_HAL_Driver/Src/stm32h5xx_hal_spi.c ****   HAL_StatusTypeDef status;
 4303              		.loc 1 2016 1 is_stmt 0 view .LVU1518
 4304 0000 70B5     		push	{r4, r5, r6, lr}
 4305              	.LCFI24:
 4306              		.cfi_def_cfa_offset 16
 4307              		.cfi_offset 4, -16
 4308              		.cfi_offset 5, -12
 4309              		.cfi_offset 6, -8
 4310              		.cfi_offset 14, -4
 4311 0002 1646     		mov	r6, r2
2017:Drivers/STM32H5xx_HAL_Driver/Src/stm32h5xx_hal_spi.c **** 
 4312              		.loc 1 2017 3 is_stmt 1 view .LVU1519
2020:Drivers/STM32H5xx_HAL_Driver/Src/stm32h5xx_hal_spi.c **** 
 4313              		.loc 1 2020 3 view .LVU1520
2023:Drivers/STM32H5xx_HAL_Driver/Src/stm32h5xx_hal_spi.c ****   {
 4314              		.loc 1 2023 3 view .LVU1521
2023:Drivers/STM32H5xx_HAL_Driver/Src/stm32h5xx_hal_spi.c ****   {
 4315              		.loc 1 2023 7 is_stmt 0 view .LVU1522
 4316 0004 0268     		ldr	r2, [r0]
 4317              	.LVL228:
2025:Drivers/STM32H5xx_HAL_Driver/Src/stm32h5xx_hal_spi.c ****   }
 4318              		.loc 1 2025 5 is_stmt 1 view .LVU1523
2029:Drivers/STM32H5xx_HAL_Driver/Src/stm32h5xx_hal_spi.c ****   }
 4319              		.loc 1 2029 5 view .LVU1524
2032:Drivers/STM32H5xx_HAL_Driver/Src/stm32h5xx_hal_spi.c ****   {
 4320              		.loc 1 2032 3 view .LVU1525
2032:Drivers/STM32H5xx_HAL_Driver/Src/stm32h5xx_hal_spi.c ****   {
 4321              		.loc 1 2032 11 is_stmt 0 view .LVU1526
 4322 0006 90F88950 		ldrb	r5, [r0, #137]	@ zero_extendqisi2
 4323 000a EDB2     		uxtb	r5, r5
2032:Drivers/STM32H5xx_HAL_Driver/Src/stm32h5xx_hal_spi.c ****   {
 4324              		.loc 1 2032 6 view .LVU1527
 4325 000c 012D     		cmp	r5, #1
 4326 000e 40F01181 		bne	.L265
 4327 0012 0446     		mov	r4, r0
2037:Drivers/STM32H5xx_HAL_Driver/Src/stm32h5xx_hal_spi.c ****   {
 4328              		.loc 1 2037 3 is_stmt 1 view .LVU1528
2037:Drivers/STM32H5xx_HAL_Driver/Src/stm32h5xx_hal_spi.c ****   {
 4329              		.loc 1 2037 6 is_stmt 0 view .LVU1529
 4330 0014 0029     		cmp	r1, #0
 4331 0016 00F00E81 		beq	.L246
2037:Drivers/STM32H5xx_HAL_Driver/Src/stm32h5xx_hal_spi.c ****   {
 4332              		.loc 1 2037 23 discriminator 1 view .LVU1530
 4333 001a 002E     		cmp	r6, #0
 4334 001c 00F00B81 		beq	.L246
2043:Drivers/STM32H5xx_HAL_Driver/Src/stm32h5xx_hal_spi.c **** 
 4335              		.loc 1 2043 3 is_stmt 1 view .LVU1531
2043:Drivers/STM32H5xx_HAL_Driver/Src/stm32h5xx_hal_spi.c **** 
 4336              		.loc 1 2043 3 view .LVU1532
 4337 0020 90F88830 		ldrb	r3, [r0, #136]	@ zero_extendqisi2
 4338 0024 012B     		cmp	r3, #1
 4339 0026 00F00881 		beq	.L266
2043:Drivers/STM32H5xx_HAL_Driver/Src/stm32h5xx_hal_spi.c **** 
 4340              		.loc 1 2043 3 discriminator 2 view .LVU1533
 4341 002a 0123     		movs	r3, #1
ARM GAS  /tmp/cc3pUyOJ.s 			page 171


 4342 002c 80F88830 		strb	r3, [r0, #136]
2043:Drivers/STM32H5xx_HAL_Driver/Src/stm32h5xx_hal_spi.c **** 
 4343              		.loc 1 2043 3 discriminator 2 view .LVU1534
2046:Drivers/STM32H5xx_HAL_Driver/Src/stm32h5xx_hal_spi.c ****   hspi->ErrorCode   = HAL_SPI_ERROR_NONE;
 4344              		.loc 1 2046 3 view .LVU1535
2046:Drivers/STM32H5xx_HAL_Driver/Src/stm32h5xx_hal_spi.c ****   hspi->ErrorCode   = HAL_SPI_ERROR_NONE;
 4345              		.loc 1 2046 21 is_stmt 0 view .LVU1536
 4346 0030 0323     		movs	r3, #3
 4347 0032 80F88930 		strb	r3, [r0, #137]
2047:Drivers/STM32H5xx_HAL_Driver/Src/stm32h5xx_hal_spi.c ****   hspi->pTxBuffPtr  = (const uint8_t *)pData;
 4348              		.loc 1 2047 3 is_stmt 1 view .LVU1537
2047:Drivers/STM32H5xx_HAL_Driver/Src/stm32h5xx_hal_spi.c ****   hspi->pTxBuffPtr  = (const uint8_t *)pData;
 4349              		.loc 1 2047 21 is_stmt 0 view .LVU1538
 4350 0036 0023     		movs	r3, #0
 4351 0038 C0F88C30 		str	r3, [r0, #140]
2048:Drivers/STM32H5xx_HAL_Driver/Src/stm32h5xx_hal_spi.c ****   hspi->TxXferSize  = Size;
 4352              		.loc 1 2048 3 is_stmt 1 view .LVU1539
2048:Drivers/STM32H5xx_HAL_Driver/Src/stm32h5xx_hal_spi.c ****   hspi->TxXferSize  = Size;
 4353              		.loc 1 2048 21 is_stmt 0 view .LVU1540
 4354 003c 4166     		str	r1, [r0, #100]
2049:Drivers/STM32H5xx_HAL_Driver/Src/stm32h5xx_hal_spi.c ****   hspi->TxXferCount = Size;
 4355              		.loc 1 2049 3 is_stmt 1 view .LVU1541
2049:Drivers/STM32H5xx_HAL_Driver/Src/stm32h5xx_hal_spi.c ****   hspi->TxXferCount = Size;
 4356              		.loc 1 2049 21 is_stmt 0 view .LVU1542
 4357 003e A0F86860 		strh	r6, [r0, #104]	@ movhi
2050:Drivers/STM32H5xx_HAL_Driver/Src/stm32h5xx_hal_spi.c **** 
 4358              		.loc 1 2050 3 is_stmt 1 view .LVU1543
2050:Drivers/STM32H5xx_HAL_Driver/Src/stm32h5xx_hal_spi.c **** 
 4359              		.loc 1 2050 21 is_stmt 0 view .LVU1544
 4360 0042 A0F86A60 		strh	r6, [r0, #106]	@ movhi
2053:Drivers/STM32H5xx_HAL_Driver/Src/stm32h5xx_hal_spi.c ****   hspi->TxISR       = NULL;
 4361              		.loc 1 2053 3 is_stmt 1 view .LVU1545
2053:Drivers/STM32H5xx_HAL_Driver/Src/stm32h5xx_hal_spi.c ****   hspi->TxISR       = NULL;
 4362              		.loc 1 2053 21 is_stmt 0 view .LVU1546
 4363 0046 C366     		str	r3, [r0, #108]
2054:Drivers/STM32H5xx_HAL_Driver/Src/stm32h5xx_hal_spi.c ****   hspi->RxISR       = NULL;
 4364              		.loc 1 2054 3 is_stmt 1 view .LVU1547
2054:Drivers/STM32H5xx_HAL_Driver/Src/stm32h5xx_hal_spi.c ****   hspi->RxISR       = NULL;
 4365              		.loc 1 2054 21 is_stmt 0 view .LVU1548
 4366 0048 C367     		str	r3, [r0, #124]
2055:Drivers/STM32H5xx_HAL_Driver/Src/stm32h5xx_hal_spi.c ****   hspi->RxXferSize  = (uint16_t)0UL;
 4367              		.loc 1 2055 3 is_stmt 1 view .LVU1549
2055:Drivers/STM32H5xx_HAL_Driver/Src/stm32h5xx_hal_spi.c ****   hspi->RxXferSize  = (uint16_t)0UL;
 4368              		.loc 1 2055 21 is_stmt 0 view .LVU1550
 4369 004a 8367     		str	r3, [r0, #120]
2056:Drivers/STM32H5xx_HAL_Driver/Src/stm32h5xx_hal_spi.c ****   hspi->RxXferCount = (uint16_t)0UL;
 4370              		.loc 1 2056 3 is_stmt 1 view .LVU1551
2056:Drivers/STM32H5xx_HAL_Driver/Src/stm32h5xx_hal_spi.c ****   hspi->RxXferCount = (uint16_t)0UL;
 4371              		.loc 1 2056 21 is_stmt 0 view .LVU1552
 4372 004c A0F87030 		strh	r3, [r0, #112]	@ movhi
2057:Drivers/STM32H5xx_HAL_Driver/Src/stm32h5xx_hal_spi.c **** 
 4373              		.loc 1 2057 3 is_stmt 1 view .LVU1553
2057:Drivers/STM32H5xx_HAL_Driver/Src/stm32h5xx_hal_spi.c **** 
 4374              		.loc 1 2057 21 is_stmt 0 view .LVU1554
 4375 0050 A0F87230 		strh	r3, [r0, #114]	@ movhi
2060:Drivers/STM32H5xx_HAL_Driver/Src/stm32h5xx_hal_spi.c ****   {
 4376              		.loc 1 2060 3 is_stmt 1 view .LVU1555
ARM GAS  /tmp/cc3pUyOJ.s 			page 172


2060:Drivers/STM32H5xx_HAL_Driver/Src/stm32h5xx_hal_spi.c ****   {
 4377              		.loc 1 2060 17 is_stmt 0 view .LVU1556
 4378 0054 8368     		ldr	r3, [r0, #8]
2060:Drivers/STM32H5xx_HAL_Driver/Src/stm32h5xx_hal_spi.c ****   {
 4379              		.loc 1 2060 6 view .LVU1557
 4380 0056 B3F5C02F 		cmp	r3, #393216
 4381 005a 00F09580 		beq	.L268
2066:Drivers/STM32H5xx_HAL_Driver/Src/stm32h5xx_hal_spi.c ****   }
 4382              		.loc 1 2066 5 is_stmt 1 view .LVU1558
 4383 005e D368     		ldr	r3, [r2, #12]
 4384 0060 23F4C023 		bic	r3, r3, #393216
 4385 0064 43F40033 		orr	r3, r3, #131072
 4386 0068 D360     		str	r3, [r2, #12]
 4387              	.L248:
2070:Drivers/STM32H5xx_HAL_Driver/Src/stm32h5xx_hal_spi.c ****        (IS_SPI_FULL_INSTANCE(hspi->Instance))) || \
 4388              		.loc 1 2070 3 view .LVU1559
2070:Drivers/STM32H5xx_HAL_Driver/Src/stm32h5xx_hal_spi.c ****        (IS_SPI_FULL_INSTANCE(hspi->Instance))) || \
 4389              		.loc 1 2070 19 is_stmt 0 view .LVU1560
 4390 006a E368     		ldr	r3, [r4, #12]
2070:Drivers/STM32H5xx_HAL_Driver/Src/stm32h5xx_hal_spi.c ****        (IS_SPI_FULL_INSTANCE(hspi->Instance))) || \
 4391              		.loc 1 2070 6 view .LVU1561
 4392 006c 0F2B     		cmp	r3, #15
 4393 006e 1CD9     		bls	.L249
2070:Drivers/STM32H5xx_HAL_Driver/Src/stm32h5xx_hal_spi.c ****        (IS_SPI_FULL_INSTANCE(hspi->Instance))) || \
 4394              		.loc 1 2070 59 discriminator 1 view .LVU1562
 4395 0070 D4F88020 		ldr	r2, [r4, #128]
2070:Drivers/STM32H5xx_HAL_Driver/Src/stm32h5xx_hal_spi.c ****        (IS_SPI_FULL_INSTANCE(hspi->Instance))) || \
 4396              		.loc 1 2070 73 discriminator 1 view .LVU1563
 4397 0074 9269     		ldr	r2, [r2, #24]
2070:Drivers/STM32H5xx_HAL_Driver/Src/stm32h5xx_hal_spi.c ****        (IS_SPI_FULL_INSTANCE(hspi->Instance))) || \
 4398              		.loc 1 2070 51 discriminator 1 view .LVU1564
 4399 0076 022A     		cmp	r2, #2
 4400 0078 17D0     		beq	.L249
2071:Drivers/STM32H5xx_HAL_Driver/Src/stm32h5xx_hal_spi.c ****       ((hspi->Init.DataSize > SPI_DATASIZE_8BIT)  && (hspi->hdmatx->Init.SrcDataWidth ==  DMA_SRC_D
 4401              		.loc 1 2071 9 view .LVU1565
 4402 007a 2268     		ldr	r2, [r4]
2070:Drivers/STM32H5xx_HAL_Driver/Src/stm32h5xx_hal_spi.c ****        (IS_SPI_FULL_INSTANCE(hspi->Instance))) || \
 4403              		.loc 1 2070 115 discriminator 2 view .LVU1566
 4404 007c 7049     		ldr	r1, .L273
 4405              	.LVL229:
2070:Drivers/STM32H5xx_HAL_Driver/Src/stm32h5xx_hal_spi.c ****        (IS_SPI_FULL_INSTANCE(hspi->Instance))) || \
 4406              		.loc 1 2070 115 discriminator 2 view .LVU1567
 4407 007e 8A42     		cmp	r2, r1
 4408 0080 00F08780 		beq	.L250
2071:Drivers/STM32H5xx_HAL_Driver/Src/stm32h5xx_hal_spi.c ****       ((hspi->Init.DataSize > SPI_DATASIZE_8BIT)  && (hspi->hdmatx->Init.SrcDataWidth ==  DMA_SRC_D
 4409              		.loc 1 2071 9 view .LVU1568
 4410 0084 01F18051 		add	r1, r1, #268435456
 4411 0088 8A42     		cmp	r2, r1
 4412 008a 00F08280 		beq	.L250
2071:Drivers/STM32H5xx_HAL_Driver/Src/stm32h5xx_hal_spi.c ****       ((hspi->Init.DataSize > SPI_DATASIZE_8BIT)  && (hspi->hdmatx->Init.SrcDataWidth ==  DMA_SRC_D
 4413              		.loc 1 2071 9 discriminator 1 view .LVU1569
 4414 008e 6D49     		ldr	r1, .L273+4
 4415 0090 8A42     		cmp	r2, r1
 4416 0092 7ED0     		beq	.L250
2071:Drivers/STM32H5xx_HAL_Driver/Src/stm32h5xx_hal_spi.c ****       ((hspi->Init.DataSize > SPI_DATASIZE_8BIT)  && (hspi->hdmatx->Init.SrcDataWidth ==  DMA_SRC_D
 4417              		.loc 1 2071 9 discriminator 2 view .LVU1570
 4418 0094 01F18051 		add	r1, r1, #268435456
ARM GAS  /tmp/cc3pUyOJ.s 			page 173


 4419 0098 8A42     		cmp	r2, r1
 4420 009a 7AD0     		beq	.L250
2071:Drivers/STM32H5xx_HAL_Driver/Src/stm32h5xx_hal_spi.c ****       ((hspi->Init.DataSize > SPI_DATASIZE_8BIT)  && (hspi->hdmatx->Init.SrcDataWidth ==  DMA_SRC_D
 4421              		.loc 1 2071 9 discriminator 3 view .LVU1571
 4422 009c 6A49     		ldr	r1, .L273+8
 4423 009e 8A42     		cmp	r2, r1
 4424 00a0 77D0     		beq	.L250
2071:Drivers/STM32H5xx_HAL_Driver/Src/stm32h5xx_hal_spi.c ****       ((hspi->Init.DataSize > SPI_DATASIZE_8BIT)  && (hspi->hdmatx->Init.SrcDataWidth ==  DMA_SRC_D
 4425              		.loc 1 2071 9 discriminator 4 view .LVU1572
 4426 00a2 01F18051 		add	r1, r1, #268435456
 4427 00a6 8A42     		cmp	r2, r1
 4428 00a8 73D0     		beq	.L250
 4429              	.L249:
2071:Drivers/STM32H5xx_HAL_Driver/Src/stm32h5xx_hal_spi.c ****       ((hspi->Init.DataSize > SPI_DATASIZE_8BIT)  && (hspi->hdmatx->Init.SrcDataWidth ==  DMA_SRC_D
 4430              		.loc 1 2071 48 discriminator 5 view .LVU1573
 4431 00aa 072B     		cmp	r3, #7
 4432 00ac 04D9     		bls	.L251
2072:Drivers/STM32H5xx_HAL_Driver/Src/stm32h5xx_hal_spi.c ****   {
 4433              		.loc 1 2072 59 view .LVU1574
 4434 00ae D4F88020 		ldr	r2, [r4, #128]
2072:Drivers/STM32H5xx_HAL_Driver/Src/stm32h5xx_hal_spi.c ****   {
 4435              		.loc 1 2072 73 view .LVU1575
 4436 00b2 9269     		ldr	r2, [r2, #24]
2072:Drivers/STM32H5xx_HAL_Driver/Src/stm32h5xx_hal_spi.c ****   {
 4437              		.loc 1 2072 51 view .LVU1576
 4438 00b4 002A     		cmp	r2, #0
 4439 00b6 6CD0     		beq	.L250
 4440              	.L251:
2080:Drivers/STM32H5xx_HAL_Driver/Src/stm32h5xx_hal_spi.c ****   {
 4441              		.loc 1 2080 3 is_stmt 1 view .LVU1577
2080:Drivers/STM32H5xx_HAL_Driver/Src/stm32h5xx_hal_spi.c ****   {
 4442              		.loc 1 2080 6 is_stmt 0 view .LVU1578
 4443 00b8 072B     		cmp	r3, #7
 4444 00ba 7ED8     		bhi	.L252
2082:Drivers/STM32H5xx_HAL_Driver/Src/stm32h5xx_hal_spi.c ****     {
 4445              		.loc 1 2082 5 is_stmt 1 view .LVU1579
2082:Drivers/STM32H5xx_HAL_Driver/Src/stm32h5xx_hal_spi.c ****     {
 4446              		.loc 1 2082 13 is_stmt 0 view .LVU1580
 4447 00bc D4F88030 		ldr	r3, [r4, #128]
2082:Drivers/STM32H5xx_HAL_Driver/Src/stm32h5xx_hal_spi.c ****     {
 4448              		.loc 1 2082 27 view .LVU1581
 4449 00c0 9A69     		ldr	r2, [r3, #24]
2082:Drivers/STM32H5xx_HAL_Driver/Src/stm32h5xx_hal_spi.c ****     {
 4450              		.loc 1 2082 8 view .LVU1582
 4451 00c2 012A     		cmp	r2, #1
 4452 00c4 69D0     		beq	.L269
 4453              	.L253:
2086:Drivers/STM32H5xx_HAL_Driver/Src/stm32h5xx_hal_spi.c ****     {
 4454              		.loc 1 2086 5 is_stmt 1 view .LVU1583
2086:Drivers/STM32H5xx_HAL_Driver/Src/stm32h5xx_hal_spi.c ****     {
 4455              		.loc 1 2086 27 is_stmt 0 view .LVU1584
 4456 00c6 9B69     		ldr	r3, [r3, #24]
2086:Drivers/STM32H5xx_HAL_Driver/Src/stm32h5xx_hal_spi.c ****     {
 4457              		.loc 1 2086 8 view .LVU1585
 4458 00c8 022B     		cmp	r3, #2
 4459 00ca 6ED0     		beq	.L270
 4460              	.L254:
ARM GAS  /tmp/cc3pUyOJ.s 			page 174


2101:Drivers/STM32H5xx_HAL_Driver/Src/stm32h5xx_hal_spi.c **** 
 4461              		.loc 1 2101 3 is_stmt 1 view .LVU1586
2104:Drivers/STM32H5xx_HAL_Driver/Src/stm32h5xx_hal_spi.c **** 
 4462              		.loc 1 2104 3 view .LVU1587
2104:Drivers/STM32H5xx_HAL_Driver/Src/stm32h5xx_hal_spi.c **** 
 4463              		.loc 1 2104 7 is_stmt 0 view .LVU1588
 4464 00cc D4F88030 		ldr	r3, [r4, #128]
2104:Drivers/STM32H5xx_HAL_Driver/Src/stm32h5xx_hal_spi.c **** 
 4465              		.loc 1 2104 38 view .LVU1589
 4466 00d0 5E4A     		ldr	r2, .L273+12
 4467 00d2 5A66     		str	r2, [r3, #100]
2107:Drivers/STM32H5xx_HAL_Driver/Src/stm32h5xx_hal_spi.c **** 
 4468              		.loc 1 2107 3 is_stmt 1 view .LVU1590
2107:Drivers/STM32H5xx_HAL_Driver/Src/stm32h5xx_hal_spi.c **** 
 4469              		.loc 1 2107 7 is_stmt 0 view .LVU1591
 4470 00d4 D4F88030 		ldr	r3, [r4, #128]
2107:Drivers/STM32H5xx_HAL_Driver/Src/stm32h5xx_hal_spi.c **** 
 4471              		.loc 1 2107 34 view .LVU1592
 4472 00d8 5D4A     		ldr	r2, .L273+16
 4473 00da 1A66     		str	r2, [r3, #96]
2110:Drivers/STM32H5xx_HAL_Driver/Src/stm32h5xx_hal_spi.c **** 
 4474              		.loc 1 2110 3 is_stmt 1 view .LVU1593
2110:Drivers/STM32H5xx_HAL_Driver/Src/stm32h5xx_hal_spi.c **** 
 4475              		.loc 1 2110 7 is_stmt 0 view .LVU1594
 4476 00dc D4F88030 		ldr	r3, [r4, #128]
2110:Drivers/STM32H5xx_HAL_Driver/Src/stm32h5xx_hal_spi.c **** 
 4477              		.loc 1 2110 35 view .LVU1595
 4478 00e0 5C4A     		ldr	r2, .L273+20
 4479 00e2 9A66     		str	r2, [r3, #104]
2113:Drivers/STM32H5xx_HAL_Driver/Src/stm32h5xx_hal_spi.c **** 
 4480              		.loc 1 2113 3 is_stmt 1 view .LVU1596
2113:Drivers/STM32H5xx_HAL_Driver/Src/stm32h5xx_hal_spi.c **** 
 4481              		.loc 1 2113 7 is_stmt 0 view .LVU1597
 4482 00e4 D4F88030 		ldr	r3, [r4, #128]
2113:Drivers/STM32H5xx_HAL_Driver/Src/stm32h5xx_hal_spi.c **** 
 4483              		.loc 1 2113 35 view .LVU1598
 4484 00e8 0022     		movs	r2, #0
 4485 00ea DA66     		str	r2, [r3, #108]
2116:Drivers/STM32H5xx_HAL_Driver/Src/stm32h5xx_hal_spi.c **** 
 4486              		.loc 1 2116 3 is_stmt 1 view .LVU1599
 4487 00ec 2268     		ldr	r2, [r4]
 4488 00ee 9368     		ldr	r3, [r2, #8]
 4489 00f0 23F40043 		bic	r3, r3, #32768
 4490 00f4 9360     		str	r3, [r2, #8]
2118:Drivers/STM32H5xx_HAL_Driver/Src/stm32h5xx_hal_spi.c ****   {
 4491              		.loc 1 2118 3 view .LVU1600
2118:Drivers/STM32H5xx_HAL_Driver/Src/stm32h5xx_hal_spi.c ****   {
 4492              		.loc 1 2118 17 is_stmt 0 view .LVU1601
 4493 00f6 E368     		ldr	r3, [r4, #12]
2118:Drivers/STM32H5xx_HAL_Driver/Src/stm32h5xx_hal_spi.c ****   {
 4494              		.loc 1 2118 6 view .LVU1602
 4495 00f8 072B     		cmp	r3, #7
 4496 00fa 6DD8     		bhi	.L255
2120:Drivers/STM32H5xx_HAL_Driver/Src/stm32h5xx_hal_spi.c ****   }
 4497              		.loc 1 2120 5 is_stmt 1 view .LVU1603
2120:Drivers/STM32H5xx_HAL_Driver/Src/stm32h5xx_hal_spi.c ****   }
 4498              		.loc 1 2120 23 is_stmt 0 view .LVU1604
ARM GAS  /tmp/cc3pUyOJ.s 			page 175


 4499 00fc A4F86A60 		strh	r6, [r4, #106]	@ movhi
 4500              	.L256:
2132:Drivers/STM32H5xx_HAL_Driver/Src/stm32h5xx_hal_spi.c ****   {
 4501              		.loc 1 2132 3 is_stmt 1 view .LVU1605
2132:Drivers/STM32H5xx_HAL_Driver/Src/stm32h5xx_hal_spi.c ****   {
 4502              		.loc 1 2132 12 is_stmt 0 view .LVU1606
 4503 0100 D4F88000 		ldr	r0, [r4, #128]
 4504              	.LVL230:
2132:Drivers/STM32H5xx_HAL_Driver/Src/stm32h5xx_hal_spi.c ****   {
 4505              		.loc 1 2132 20 view .LVU1607
 4506 0104 036D     		ldr	r3, [r0, #80]
2132:Drivers/STM32H5xx_HAL_Driver/Src/stm32h5xx_hal_spi.c ****   {
 4507              		.loc 1 2132 6 view .LVU1608
 4508 0106 13F0800F 		tst	r3, #128
 4509 010a 71D0     		beq	.L258
2134:Drivers/STM32H5xx_HAL_Driver/Src/stm32h5xx_hal_spi.c ****     {
 4510              		.loc 1 2134 5 is_stmt 1 view .LVU1609
2134:Drivers/STM32H5xx_HAL_Driver/Src/stm32h5xx_hal_spi.c ****     {
 4511              		.loc 1 2134 21 is_stmt 0 view .LVU1610
 4512 010c 426F     		ldr	r2, [r0, #116]
2134:Drivers/STM32H5xx_HAL_Driver/Src/stm32h5xx_hal_spi.c ****     {
 4513              		.loc 1 2134 8 view .LVU1611
 4514 010e 002A     		cmp	r2, #0
 4515 0110 77D0     		beq	.L259
2137:Drivers/STM32H5xx_HAL_Driver/Src/stm32h5xx_hal_spi.c **** 
 4516              		.loc 1 2137 7 is_stmt 1 view .LVU1612
2137:Drivers/STM32H5xx_HAL_Driver/Src/stm32h5xx_hal_spi.c **** 
 4517              		.loc 1 2137 90 is_stmt 0 view .LVU1613
 4518 0112 B4F86A30 		ldrh	r3, [r4, #106]
 4519 0116 9BB2     		uxth	r3, r3
2137:Drivers/STM32H5xx_HAL_Driver/Src/stm32h5xx_hal_spi.c **** 
 4520              		.loc 1 2137 36 view .LVU1614
 4521 0118 1268     		ldr	r2, [r2]
2137:Drivers/STM32H5xx_HAL_Driver/Src/stm32h5xx_hal_spi.c **** 
 4522              		.loc 1 2137 84 view .LVU1615
 4523 011a 9360     		str	r3, [r2, #8]
2140:Drivers/STM32H5xx_HAL_Driver/Src/stm32h5xx_hal_spi.c **** 
 4524              		.loc 1 2140 7 is_stmt 1 view .LVU1616
2140:Drivers/STM32H5xx_HAL_Driver/Src/stm32h5xx_hal_spi.c **** 
 4525              		.loc 1 2140 100 is_stmt 0 view .LVU1617
 4526 011c 626E     		ldr	r2, [r4, #100]
2140:Drivers/STM32H5xx_HAL_Driver/Src/stm32h5xx_hal_spi.c **** 
 4527              		.loc 1 2140 11 view .LVU1618
 4528 011e D4F88030 		ldr	r3, [r4, #128]
2140:Drivers/STM32H5xx_HAL_Driver/Src/stm32h5xx_hal_spi.c **** 
 4529              		.loc 1 2140 19 view .LVU1619
 4530 0122 5B6F     		ldr	r3, [r3, #116]
2140:Drivers/STM32H5xx_HAL_Driver/Src/stm32h5xx_hal_spi.c **** 
 4531              		.loc 1 2140 36 view .LVU1620
 4532 0124 1B68     		ldr	r3, [r3]
2140:Drivers/STM32H5xx_HAL_Driver/Src/stm32h5xx_hal_spi.c **** 
 4533              		.loc 1 2140 84 view .LVU1621
 4534 0126 DA60     		str	r2, [r3, #12]
2143:Drivers/STM32H5xx_HAL_Driver/Src/stm32h5xx_hal_spi.c **** 
 4535              		.loc 1 2143 7 is_stmt 1 view .LVU1622
2143:Drivers/STM32H5xx_HAL_Driver/Src/stm32h5xx_hal_spi.c **** 
 4536              		.loc 1 2143 101 is_stmt 0 view .LVU1623
ARM GAS  /tmp/cc3pUyOJ.s 			page 176


 4537 0128 2368     		ldr	r3, [r4]
2143:Drivers/STM32H5xx_HAL_Driver/Src/stm32h5xx_hal_spi.c **** 
 4538              		.loc 1 2143 96 view .LVU1624
 4539 012a 2033     		adds	r3, r3, #32
2143:Drivers/STM32H5xx_HAL_Driver/Src/stm32h5xx_hal_spi.c **** 
 4540              		.loc 1 2143 11 view .LVU1625
 4541 012c D4F88020 		ldr	r2, [r4, #128]
2143:Drivers/STM32H5xx_HAL_Driver/Src/stm32h5xx_hal_spi.c **** 
 4542              		.loc 1 2143 19 view .LVU1626
 4543 0130 526F     		ldr	r2, [r2, #116]
2143:Drivers/STM32H5xx_HAL_Driver/Src/stm32h5xx_hal_spi.c **** 
 4544              		.loc 1 2143 36 view .LVU1627
 4545 0132 1268     		ldr	r2, [r2]
2143:Drivers/STM32H5xx_HAL_Driver/Src/stm32h5xx_hal_spi.c **** 
 4546              		.loc 1 2143 84 view .LVU1628
 4547 0134 1361     		str	r3, [r2, #16]
2145:Drivers/STM32H5xx_HAL_Driver/Src/stm32h5xx_hal_spi.c ****     }
 4548              		.loc 1 2145 7 is_stmt 1 view .LVU1629
2145:Drivers/STM32H5xx_HAL_Driver/Src/stm32h5xx_hal_spi.c ****     }
 4549              		.loc 1 2145 16 is_stmt 0 view .LVU1630
 4550 0136 D4F88000 		ldr	r0, [r4, #128]
 4551 013a FFF7FEFF 		bl	HAL_DMAEx_List_Start_IT
 4552              	.LVL231:
 4553              	.L260:
2159:Drivers/STM32H5xx_HAL_Driver/Src/stm32h5xx_hal_spi.c ****   {
 4554              		.loc 1 2159 3 is_stmt 1 view .LVU1631
2159:Drivers/STM32H5xx_HAL_Driver/Src/stm32h5xx_hal_spi.c ****   {
 4555              		.loc 1 2159 6 is_stmt 0 view .LVU1632
 4556 013e 0028     		cmp	r0, #0
 4557 0140 5FD1     		bne	.L259
2172:Drivers/STM32H5xx_HAL_Driver/Src/stm32h5xx_hal_spi.c ****   {
 4558              		.loc 1 2172 3 is_stmt 1 view .LVU1633
2172:Drivers/STM32H5xx_HAL_Driver/Src/stm32h5xx_hal_spi.c ****   {
 4559              		.loc 1 2172 11 is_stmt 0 view .LVU1634
 4560 0142 D4F88030 		ldr	r3, [r4, #128]
2172:Drivers/STM32H5xx_HAL_Driver/Src/stm32h5xx_hal_spi.c ****   {
 4561              		.loc 1 2172 19 view .LVU1635
 4562 0146 1B6D     		ldr	r3, [r3, #80]
2172:Drivers/STM32H5xx_HAL_Driver/Src/stm32h5xx_hal_spi.c ****   {
 4563              		.loc 1 2172 6 view .LVU1636
 4564 0148 812B     		cmp	r3, #129
 4565 014a 67D0     		beq	.L271
2178:Drivers/STM32H5xx_HAL_Driver/Src/stm32h5xx_hal_spi.c ****   }
 4566              		.loc 1 2178 5 is_stmt 1 view .LVU1637
 4567 014c 2168     		ldr	r1, [r4]
 4568 014e 4B68     		ldr	r3, [r1, #4]
 4569 0150 6FF30F03 		bfc	r3, #0, #16
 4570 0154 3343     		orrs	r3, r3, r6
 4571 0156 4B60     		str	r3, [r1, #4]
 4572              	.L263:
2182:Drivers/STM32H5xx_HAL_Driver/Src/stm32h5xx_hal_spi.c **** 
 4573              		.loc 1 2182 3 view .LVU1638
 4574 0158 2268     		ldr	r2, [r4]
 4575 015a 9368     		ldr	r3, [r2, #8]
 4576 015c 43F40043 		orr	r3, r3, #32768
 4577 0160 9360     		str	r3, [r2, #8]
2185:Drivers/STM32H5xx_HAL_Driver/Src/stm32h5xx_hal_spi.c **** 
ARM GAS  /tmp/cc3pUyOJ.s 			page 177


 4578              		.loc 1 2185 3 view .LVU1639
 4579 0162 2268     		ldr	r2, [r4]
 4580 0164 1369     		ldr	r3, [r2, #16]
 4581 0166 43F44873 		orr	r3, r3, #800
 4582 016a 1361     		str	r3, [r2, #16]
2188:Drivers/STM32H5xx_HAL_Driver/Src/stm32h5xx_hal_spi.c **** 
 4583              		.loc 1 2188 3 view .LVU1640
 4584 016c 2268     		ldr	r2, [r4]
 4585 016e 1368     		ldr	r3, [r2]
 4586 0170 43F00103 		orr	r3, r3, #1
 4587 0174 1360     		str	r3, [r2]
2190:Drivers/STM32H5xx_HAL_Driver/Src/stm32h5xx_hal_spi.c ****   {
 4588              		.loc 1 2190 3 view .LVU1641
2190:Drivers/STM32H5xx_HAL_Driver/Src/stm32h5xx_hal_spi.c ****   {
 4589              		.loc 1 2190 17 is_stmt 0 view .LVU1642
 4590 0176 6368     		ldr	r3, [r4, #4]
2190:Drivers/STM32H5xx_HAL_Driver/Src/stm32h5xx_hal_spi.c ****   {
 4591              		.loc 1 2190 6 view .LVU1643
 4592 0178 B3F5800F 		cmp	r3, #4194304
 4593 017c 54D0     		beq	.L272
 4594              	.L264:
2197:Drivers/STM32H5xx_HAL_Driver/Src/stm32h5xx_hal_spi.c **** 
 4595              		.loc 1 2197 3 is_stmt 1 view .LVU1644
2197:Drivers/STM32H5xx_HAL_Driver/Src/stm32h5xx_hal_spi.c **** 
 4596              		.loc 1 2197 3 view .LVU1645
 4597 017e 0023     		movs	r3, #0
 4598 0180 84F88830 		strb	r3, [r4, #136]
2197:Drivers/STM32H5xx_HAL_Driver/Src/stm32h5xx_hal_spi.c **** 
 4599              		.loc 1 2197 3 view .LVU1646
2199:Drivers/STM32H5xx_HAL_Driver/Src/stm32h5xx_hal_spi.c **** }
 4600              		.loc 1 2199 3 view .LVU1647
2199:Drivers/STM32H5xx_HAL_Driver/Src/stm32h5xx_hal_spi.c **** }
 4601              		.loc 1 2199 10 is_stmt 0 view .LVU1648
 4602 0184 0546     		mov	r5, r0
 4603 0186 56E0     		b	.L246
 4604              	.LVL232:
 4605              	.L268:
2062:Drivers/STM32H5xx_HAL_Driver/Src/stm32h5xx_hal_spi.c ****   }
 4606              		.loc 1 2062 5 is_stmt 1 view .LVU1649
 4607 0188 1368     		ldr	r3, [r2]
 4608 018a 43F40063 		orr	r3, r3, #2048
 4609 018e 1360     		str	r3, [r2]
 4610 0190 6BE7     		b	.L248
 4611              	.LVL233:
 4612              	.L250:
2075:Drivers/STM32H5xx_HAL_Driver/Src/stm32h5xx_hal_spi.c ****     return HAL_ERROR;
 4613              		.loc 1 2075 5 view .LVU1650
2075:Drivers/STM32H5xx_HAL_Driver/Src/stm32h5xx_hal_spi.c ****     return HAL_ERROR;
 4614              		.loc 1 2075 5 view .LVU1651
 4615 0192 0023     		movs	r3, #0
 4616 0194 84F88830 		strb	r3, [r4, #136]
2075:Drivers/STM32H5xx_HAL_Driver/Src/stm32h5xx_hal_spi.c ****     return HAL_ERROR;
 4617              		.loc 1 2075 5 view .LVU1652
2076:Drivers/STM32H5xx_HAL_Driver/Src/stm32h5xx_hal_spi.c ****   }
 4618              		.loc 1 2076 5 view .LVU1653
2076:Drivers/STM32H5xx_HAL_Driver/Src/stm32h5xx_hal_spi.c ****   }
 4619              		.loc 1 2076 12 is_stmt 0 view .LVU1654
ARM GAS  /tmp/cc3pUyOJ.s 			page 178


 4620 0198 4DE0     		b	.L246
 4621              	.L269:
2084:Drivers/STM32H5xx_HAL_Driver/Src/stm32h5xx_hal_spi.c ****     }
 4622              		.loc 1 2084 7 is_stmt 1 view .LVU1655
2084:Drivers/STM32H5xx_HAL_Driver/Src/stm32h5xx_hal_spi.c ****     }
 4623              		.loc 1 2084 32 is_stmt 0 view .LVU1656
 4624 019a B4F86A20 		ldrh	r2, [r4, #106]
 4625 019e 92B2     		uxth	r2, r2
2084:Drivers/STM32H5xx_HAL_Driver/Src/stm32h5xx_hal_spi.c ****     }
 4626              		.loc 1 2084 46 view .LVU1657
 4627 01a0 0132     		adds	r2, r2, #1
2084:Drivers/STM32H5xx_HAL_Driver/Src/stm32h5xx_hal_spi.c ****     }
 4628              		.loc 1 2084 25 view .LVU1658
 4629 01a2 5208     		lsrs	r2, r2, #1
 4630 01a4 A4F86A20 		strh	r2, [r4, #106]	@ movhi
 4631 01a8 8DE7     		b	.L253
 4632              	.L270:
2088:Drivers/STM32H5xx_HAL_Driver/Src/stm32h5xx_hal_spi.c ****     }
 4633              		.loc 1 2088 7 is_stmt 1 view .LVU1659
2088:Drivers/STM32H5xx_HAL_Driver/Src/stm32h5xx_hal_spi.c ****     }
 4634              		.loc 1 2088 32 is_stmt 0 view .LVU1660
 4635 01aa B4F86A30 		ldrh	r3, [r4, #106]
 4636 01ae 9BB2     		uxth	r3, r3
2088:Drivers/STM32H5xx_HAL_Driver/Src/stm32h5xx_hal_spi.c ****     }
 4637              		.loc 1 2088 46 view .LVU1661
 4638 01b0 0333     		adds	r3, r3, #3
2088:Drivers/STM32H5xx_HAL_Driver/Src/stm32h5xx_hal_spi.c ****     }
 4639              		.loc 1 2088 25 view .LVU1662
 4640 01b2 9B08     		lsrs	r3, r3, #2
 4641 01b4 A4F86A30 		strh	r3, [r4, #106]	@ movhi
 4642 01b8 88E7     		b	.L254
 4643              	.L252:
2091:Drivers/STM32H5xx_HAL_Driver/Src/stm32h5xx_hal_spi.c ****   {
 4644              		.loc 1 2091 8 is_stmt 1 view .LVU1663
2091:Drivers/STM32H5xx_HAL_Driver/Src/stm32h5xx_hal_spi.c ****   {
 4645              		.loc 1 2091 11 is_stmt 0 view .LVU1664
 4646 01ba 0F2B     		cmp	r3, #15
 4647 01bc 86D8     		bhi	.L254
2093:Drivers/STM32H5xx_HAL_Driver/Src/stm32h5xx_hal_spi.c ****     {
 4648              		.loc 1 2093 5 is_stmt 1 view .LVU1665
2093:Drivers/STM32H5xx_HAL_Driver/Src/stm32h5xx_hal_spi.c ****     {
 4649              		.loc 1 2093 13 is_stmt 0 view .LVU1666
 4650 01be D4F88030 		ldr	r3, [r4, #128]
2093:Drivers/STM32H5xx_HAL_Driver/Src/stm32h5xx_hal_spi.c ****     {
 4651              		.loc 1 2093 27 view .LVU1667
 4652 01c2 9B69     		ldr	r3, [r3, #24]
2093:Drivers/STM32H5xx_HAL_Driver/Src/stm32h5xx_hal_spi.c ****     {
 4653              		.loc 1 2093 8 view .LVU1668
 4654 01c4 022B     		cmp	r3, #2
 4655 01c6 81D1     		bne	.L254
2095:Drivers/STM32H5xx_HAL_Driver/Src/stm32h5xx_hal_spi.c ****     }
 4656              		.loc 1 2095 7 is_stmt 1 view .LVU1669
2095:Drivers/STM32H5xx_HAL_Driver/Src/stm32h5xx_hal_spi.c ****     }
 4657              		.loc 1 2095 32 is_stmt 0 view .LVU1670
 4658 01c8 B4F86A30 		ldrh	r3, [r4, #106]
 4659 01cc 9BB2     		uxth	r3, r3
2095:Drivers/STM32H5xx_HAL_Driver/Src/stm32h5xx_hal_spi.c ****     }
ARM GAS  /tmp/cc3pUyOJ.s 			page 179


 4660              		.loc 1 2095 46 view .LVU1671
 4661 01ce 0133     		adds	r3, r3, #1
2095:Drivers/STM32H5xx_HAL_Driver/Src/stm32h5xx_hal_spi.c ****     }
 4662              		.loc 1 2095 25 view .LVU1672
 4663 01d0 5B08     		lsrs	r3, r3, #1
 4664 01d2 A4F86A30 		strh	r3, [r4, #106]	@ movhi
 4665 01d6 79E7     		b	.L254
 4666              	.L255:
2122:Drivers/STM32H5xx_HAL_Driver/Src/stm32h5xx_hal_spi.c ****   {
 4667              		.loc 1 2122 8 is_stmt 1 view .LVU1673
2122:Drivers/STM32H5xx_HAL_Driver/Src/stm32h5xx_hal_spi.c ****   {
 4668              		.loc 1 2122 11 is_stmt 0 view .LVU1674
 4669 01d8 0F2B     		cmp	r3, #15
 4670 01da 04D8     		bhi	.L257
2124:Drivers/STM32H5xx_HAL_Driver/Src/stm32h5xx_hal_spi.c ****   }
 4671              		.loc 1 2124 5 is_stmt 1 view .LVU1675
2124:Drivers/STM32H5xx_HAL_Driver/Src/stm32h5xx_hal_spi.c ****   }
 4672              		.loc 1 2124 30 is_stmt 0 view .LVU1676
 4673 01dc 7300     		lsls	r3, r6, #1
 4674 01de 9BB2     		uxth	r3, r3
2124:Drivers/STM32H5xx_HAL_Driver/Src/stm32h5xx_hal_spi.c ****   }
 4675              		.loc 1 2124 23 view .LVU1677
 4676 01e0 A4F86A30 		strh	r3, [r4, #106]	@ movhi
 4677 01e4 8CE7     		b	.L256
 4678              	.L257:
2128:Drivers/STM32H5xx_HAL_Driver/Src/stm32h5xx_hal_spi.c ****   }
 4679              		.loc 1 2128 5 is_stmt 1 view .LVU1678
2128:Drivers/STM32H5xx_HAL_Driver/Src/stm32h5xx_hal_spi.c ****   }
 4680              		.loc 1 2128 30 is_stmt 0 view .LVU1679
 4681 01e6 B300     		lsls	r3, r6, #2
 4682 01e8 9BB2     		uxth	r3, r3
2128:Drivers/STM32H5xx_HAL_Driver/Src/stm32h5xx_hal_spi.c ****   }
 4683              		.loc 1 2128 23 view .LVU1680
 4684 01ea A4F86A30 		strh	r3, [r4, #106]	@ movhi
 4685 01ee 87E7     		b	.L256
 4686              	.LVL234:
 4687              	.L258:
2154:Drivers/STM32H5xx_HAL_Driver/Src/stm32h5xx_hal_spi.c ****                               hspi->TxXferCount);
 4688              		.loc 1 2154 5 is_stmt 1 view .LVU1681
2154:Drivers/STM32H5xx_HAL_Driver/Src/stm32h5xx_hal_spi.c ****                               hspi->TxXferCount);
 4689              		.loc 1 2154 88 is_stmt 0 view .LVU1682
 4690 01f0 2268     		ldr	r2, [r4]
2155:Drivers/STM32H5xx_HAL_Driver/Src/stm32h5xx_hal_spi.c ****   }
 4691              		.loc 1 2155 35 view .LVU1683
 4692 01f2 B4F86A30 		ldrh	r3, [r4, #106]
2154:Drivers/STM32H5xx_HAL_Driver/Src/stm32h5xx_hal_spi.c ****                               hspi->TxXferCount);
 4693              		.loc 1 2154 14 view .LVU1684
 4694 01f6 9BB2     		uxth	r3, r3
 4695 01f8 2032     		adds	r2, r2, #32
 4696 01fa 616E     		ldr	r1, [r4, #100]
 4697 01fc FFF7FEFF 		bl	HAL_DMA_Start_IT
 4698              	.LVL235:
2154:Drivers/STM32H5xx_HAL_Driver/Src/stm32h5xx_hal_spi.c ****                               hspi->TxXferCount);
 4699              		.loc 1 2154 14 view .LVU1685
 4700 0200 9DE7     		b	.L260
 4701              	.LVL236:
 4702              	.L259:
ARM GAS  /tmp/cc3pUyOJ.s 			page 180


2162:Drivers/STM32H5xx_HAL_Driver/Src/stm32h5xx_hal_spi.c ****     hspi->State = HAL_SPI_STATE_READY;
 4703              		.loc 1 2162 5 is_stmt 1 view .LVU1686
 4704 0202 D4F88C30 		ldr	r3, [r4, #140]
 4705 0206 43F01003 		orr	r3, r3, #16
 4706 020a C4F88C30 		str	r3, [r4, #140]
2163:Drivers/STM32H5xx_HAL_Driver/Src/stm32h5xx_hal_spi.c **** 
 4707              		.loc 1 2163 5 view .LVU1687
2163:Drivers/STM32H5xx_HAL_Driver/Src/stm32h5xx_hal_spi.c **** 
 4708              		.loc 1 2163 17 is_stmt 0 view .LVU1688
 4709 020e 0123     		movs	r3, #1
 4710 0210 84F88930 		strb	r3, [r4, #137]
2166:Drivers/STM32H5xx_HAL_Driver/Src/stm32h5xx_hal_spi.c **** 
 4711              		.loc 1 2166 5 is_stmt 1 view .LVU1689
2166:Drivers/STM32H5xx_HAL_Driver/Src/stm32h5xx_hal_spi.c **** 
 4712              		.loc 1 2166 5 view .LVU1690
 4713 0214 0023     		movs	r3, #0
 4714 0216 84F88830 		strb	r3, [r4, #136]
2166:Drivers/STM32H5xx_HAL_Driver/Src/stm32h5xx_hal_spi.c **** 
 4715              		.loc 1 2166 5 view .LVU1691
2168:Drivers/STM32H5xx_HAL_Driver/Src/stm32h5xx_hal_spi.c ****   }
 4716              		.loc 1 2168 5 view .LVU1692
2168:Drivers/STM32H5xx_HAL_Driver/Src/stm32h5xx_hal_spi.c ****   }
 4717              		.loc 1 2168 12 is_stmt 0 view .LVU1693
 4718 021a 0CE0     		b	.L246
 4719              	.LVL237:
 4720              	.L271:
2174:Drivers/STM32H5xx_HAL_Driver/Src/stm32h5xx_hal_spi.c ****   }
 4721              		.loc 1 2174 5 is_stmt 1 view .LVU1694
 4722 021c 2268     		ldr	r2, [r4]
 4723 021e 5368     		ldr	r3, [r2, #4]
 4724 0220 6FF30F03 		bfc	r3, #0, #16
 4725 0224 5360     		str	r3, [r2, #4]
 4726 0226 97E7     		b	.L263
 4727              	.L272:
2193:Drivers/STM32H5xx_HAL_Driver/Src/stm32h5xx_hal_spi.c ****   }
 4728              		.loc 1 2193 5 view .LVU1695
 4729 0228 2268     		ldr	r2, [r4]
 4730 022a 1368     		ldr	r3, [r2]
 4731 022c 43F40073 		orr	r3, r3, #512
 4732 0230 1360     		str	r3, [r2]
 4733 0232 A4E7     		b	.L264
 4734              	.LVL238:
 4735              	.L265:
2034:Drivers/STM32H5xx_HAL_Driver/Src/stm32h5xx_hal_spi.c ****   }
 4736              		.loc 1 2034 12 is_stmt 0 view .LVU1696
 4737 0234 0225     		movs	r5, #2
 4738              	.LVL239:
 4739              	.L246:
2200:Drivers/STM32H5xx_HAL_Driver/Src/stm32h5xx_hal_spi.c **** 
 4740              		.loc 1 2200 1 view .LVU1697
 4741 0236 2846     		mov	r0, r5
 4742 0238 70BD     		pop	{r4, r5, r6, pc}
 4743              	.LVL240:
 4744              	.L266:
2043:Drivers/STM32H5xx_HAL_Driver/Src/stm32h5xx_hal_spi.c **** 
 4745              		.loc 1 2043 3 discriminator 1 view .LVU1698
 4746 023a 0225     		movs	r5, #2
ARM GAS  /tmp/cc3pUyOJ.s 			page 181


 4747 023c FBE7     		b	.L246
 4748              	.L274:
 4749 023e 00BF     		.align	2
 4750              	.L273:
 4751 0240 00300140 		.word	1073819648
 4752 0244 00380040 		.word	1073756160
 4753 0248 003C0040 		.word	1073757184
 4754 024c 00000000 		.word	SPI_DMAHalfTransmitCplt
 4755 0250 00000000 		.word	SPI_DMATransmitCplt
 4756 0254 00000000 		.word	SPI_DMAError
 4757              		.cfi_endproc
 4758              	.LFE167:
 4760              		.section	.text.HAL_SPI_Receive_DMA,"ax",%progbits
 4761              		.align	1
 4762              		.global	HAL_SPI_Receive_DMA
 4763              		.syntax unified
 4764              		.thumb
 4765              		.thumb_func
 4767              	HAL_SPI_Receive_DMA:
 4768              	.LVL241:
 4769              	.LFB168:
2212:Drivers/STM32H5xx_HAL_Driver/Src/stm32h5xx_hal_spi.c ****   HAL_StatusTypeDef status;
 4770              		.loc 1 2212 1 is_stmt 1 view -0
 4771              		.cfi_startproc
 4772              		@ args = 0, pretend = 0, frame = 0
 4773              		@ frame_needed = 0, uses_anonymous_args = 0
2212:Drivers/STM32H5xx_HAL_Driver/Src/stm32h5xx_hal_spi.c ****   HAL_StatusTypeDef status;
 4774              		.loc 1 2212 1 is_stmt 0 view .LVU1700
 4775 0000 70B5     		push	{r4, r5, r6, lr}
 4776              	.LCFI25:
 4777              		.cfi_def_cfa_offset 16
 4778              		.cfi_offset 4, -16
 4779              		.cfi_offset 5, -12
 4780              		.cfi_offset 6, -8
 4781              		.cfi_offset 14, -4
 4782 0002 0446     		mov	r4, r0
 4783 0004 1646     		mov	r6, r2
2213:Drivers/STM32H5xx_HAL_Driver/Src/stm32h5xx_hal_spi.c **** 
 4784              		.loc 1 2213 3 is_stmt 1 view .LVU1701
2216:Drivers/STM32H5xx_HAL_Driver/Src/stm32h5xx_hal_spi.c **** 
 4785              		.loc 1 2216 3 view .LVU1702
2219:Drivers/STM32H5xx_HAL_Driver/Src/stm32h5xx_hal_spi.c ****   {
 4786              		.loc 1 2219 3 view .LVU1703
2219:Drivers/STM32H5xx_HAL_Driver/Src/stm32h5xx_hal_spi.c ****   {
 4787              		.loc 1 2219 7 is_stmt 0 view .LVU1704
 4788 0006 0268     		ldr	r2, [r0]
 4789              	.LVL242:
2221:Drivers/STM32H5xx_HAL_Driver/Src/stm32h5xx_hal_spi.c ****   }
 4790              		.loc 1 2221 5 is_stmt 1 view .LVU1705
2225:Drivers/STM32H5xx_HAL_Driver/Src/stm32h5xx_hal_spi.c ****   }
 4791              		.loc 1 2225 5 view .LVU1706
2228:Drivers/STM32H5xx_HAL_Driver/Src/stm32h5xx_hal_spi.c ****   {
 4792              		.loc 1 2228 3 view .LVU1707
2228:Drivers/STM32H5xx_HAL_Driver/Src/stm32h5xx_hal_spi.c ****   {
 4793              		.loc 1 2228 11 is_stmt 0 view .LVU1708
 4794 0008 90F88950 		ldrb	r5, [r0, #137]	@ zero_extendqisi2
 4795 000c EDB2     		uxtb	r5, r5
ARM GAS  /tmp/cc3pUyOJ.s 			page 182


2228:Drivers/STM32H5xx_HAL_Driver/Src/stm32h5xx_hal_spi.c ****   {
 4796              		.loc 1 2228 6 view .LVU1709
 4797 000e 012D     		cmp	r5, #1
 4798 0010 40F0C380 		bne	.L300
2234:Drivers/STM32H5xx_HAL_Driver/Src/stm32h5xx_hal_spi.c ****   {
 4799              		.loc 1 2234 3 is_stmt 1 view .LVU1710
2234:Drivers/STM32H5xx_HAL_Driver/Src/stm32h5xx_hal_spi.c ****   {
 4800              		.loc 1 2234 6 is_stmt 0 view .LVU1711
 4801 0014 0029     		cmp	r1, #0
 4802 0016 00F0C680 		beq	.L278
2234:Drivers/STM32H5xx_HAL_Driver/Src/stm32h5xx_hal_spi.c ****   {
 4803              		.loc 1 2234 23 discriminator 1 view .LVU1712
 4804 001a 002E     		cmp	r6, #0
 4805 001c 00F0C380 		beq	.L278
2241:Drivers/STM32H5xx_HAL_Driver/Src/stm32h5xx_hal_spi.c **** 
 4806              		.loc 1 2241 3 is_stmt 1 view .LVU1713
2241:Drivers/STM32H5xx_HAL_Driver/Src/stm32h5xx_hal_spi.c **** 
 4807              		.loc 1 2241 3 view .LVU1714
 4808 0020 90F88830 		ldrb	r3, [r0, #136]	@ zero_extendqisi2
 4809 0024 012B     		cmp	r3, #1
 4810 0026 00F01A81 		beq	.L298
2241:Drivers/STM32H5xx_HAL_Driver/Src/stm32h5xx_hal_spi.c **** 
 4811              		.loc 1 2241 3 discriminator 2 view .LVU1715
 4812 002a 0123     		movs	r3, #1
 4813 002c 80F88830 		strb	r3, [r0, #136]
2241:Drivers/STM32H5xx_HAL_Driver/Src/stm32h5xx_hal_spi.c **** 
 4814              		.loc 1 2241 3 discriminator 2 view .LVU1716
2244:Drivers/STM32H5xx_HAL_Driver/Src/stm32h5xx_hal_spi.c ****   hspi->ErrorCode   = HAL_SPI_ERROR_NONE;
 4815              		.loc 1 2244 3 view .LVU1717
2244:Drivers/STM32H5xx_HAL_Driver/Src/stm32h5xx_hal_spi.c ****   hspi->ErrorCode   = HAL_SPI_ERROR_NONE;
 4816              		.loc 1 2244 21 is_stmt 0 view .LVU1718
 4817 0030 0423     		movs	r3, #4
 4818 0032 80F88930 		strb	r3, [r0, #137]
2245:Drivers/STM32H5xx_HAL_Driver/Src/stm32h5xx_hal_spi.c ****   hspi->pRxBuffPtr  = (uint8_t *)pData;
 4819              		.loc 1 2245 3 is_stmt 1 view .LVU1719
2245:Drivers/STM32H5xx_HAL_Driver/Src/stm32h5xx_hal_spi.c ****   hspi->pRxBuffPtr  = (uint8_t *)pData;
 4820              		.loc 1 2245 21 is_stmt 0 view .LVU1720
 4821 0036 0023     		movs	r3, #0
 4822 0038 C0F88C30 		str	r3, [r0, #140]
2246:Drivers/STM32H5xx_HAL_Driver/Src/stm32h5xx_hal_spi.c ****   hspi->RxXferSize  = Size;
 4823              		.loc 1 2246 3 is_stmt 1 view .LVU1721
2246:Drivers/STM32H5xx_HAL_Driver/Src/stm32h5xx_hal_spi.c ****   hspi->RxXferSize  = Size;
 4824              		.loc 1 2246 21 is_stmt 0 view .LVU1722
 4825 003c C166     		str	r1, [r0, #108]
2247:Drivers/STM32H5xx_HAL_Driver/Src/stm32h5xx_hal_spi.c ****   hspi->RxXferCount = Size;
 4826              		.loc 1 2247 3 is_stmt 1 view .LVU1723
2247:Drivers/STM32H5xx_HAL_Driver/Src/stm32h5xx_hal_spi.c ****   hspi->RxXferCount = Size;
 4827              		.loc 1 2247 21 is_stmt 0 view .LVU1724
 4828 003e A0F87060 		strh	r6, [r0, #112]	@ movhi
2248:Drivers/STM32H5xx_HAL_Driver/Src/stm32h5xx_hal_spi.c **** 
 4829              		.loc 1 2248 3 is_stmt 1 view .LVU1725
2248:Drivers/STM32H5xx_HAL_Driver/Src/stm32h5xx_hal_spi.c **** 
 4830              		.loc 1 2248 21 is_stmt 0 view .LVU1726
 4831 0042 A0F87260 		strh	r6, [r0, #114]	@ movhi
2251:Drivers/STM32H5xx_HAL_Driver/Src/stm32h5xx_hal_spi.c ****   hspi->TxISR       = NULL;
 4832              		.loc 1 2251 3 is_stmt 1 view .LVU1727
2251:Drivers/STM32H5xx_HAL_Driver/Src/stm32h5xx_hal_spi.c ****   hspi->TxISR       = NULL;
ARM GAS  /tmp/cc3pUyOJ.s 			page 183


 4833              		.loc 1 2251 21 is_stmt 0 view .LVU1728
 4834 0046 8367     		str	r3, [r0, #120]
2252:Drivers/STM32H5xx_HAL_Driver/Src/stm32h5xx_hal_spi.c ****   hspi->TxXferSize  = (uint16_t) 0UL;
 4835              		.loc 1 2252 3 is_stmt 1 view .LVU1729
2252:Drivers/STM32H5xx_HAL_Driver/Src/stm32h5xx_hal_spi.c ****   hspi->TxXferSize  = (uint16_t) 0UL;
 4836              		.loc 1 2252 21 is_stmt 0 view .LVU1730
 4837 0048 C367     		str	r3, [r0, #124]
2253:Drivers/STM32H5xx_HAL_Driver/Src/stm32h5xx_hal_spi.c ****   hspi->TxXferCount = (uint16_t) 0UL;
 4838              		.loc 1 2253 3 is_stmt 1 view .LVU1731
2253:Drivers/STM32H5xx_HAL_Driver/Src/stm32h5xx_hal_spi.c ****   hspi->TxXferCount = (uint16_t) 0UL;
 4839              		.loc 1 2253 21 is_stmt 0 view .LVU1732
 4840 004a A0F86830 		strh	r3, [r0, #104]	@ movhi
2254:Drivers/STM32H5xx_HAL_Driver/Src/stm32h5xx_hal_spi.c **** 
 4841              		.loc 1 2254 3 is_stmt 1 view .LVU1733
2254:Drivers/STM32H5xx_HAL_Driver/Src/stm32h5xx_hal_spi.c **** 
 4842              		.loc 1 2254 21 is_stmt 0 view .LVU1734
 4843 004e A0F86A30 		strh	r3, [r0, #106]	@ movhi
2257:Drivers/STM32H5xx_HAL_Driver/Src/stm32h5xx_hal_spi.c ****   {
 4844              		.loc 1 2257 3 is_stmt 1 view .LVU1735
2257:Drivers/STM32H5xx_HAL_Driver/Src/stm32h5xx_hal_spi.c ****   {
 4845              		.loc 1 2257 17 is_stmt 0 view .LVU1736
 4846 0052 8368     		ldr	r3, [r0, #8]
2257:Drivers/STM32H5xx_HAL_Driver/Src/stm32h5xx_hal_spi.c ****   {
 4847              		.loc 1 2257 6 view .LVU1737
 4848 0054 B3F5C02F 		cmp	r3, #393216
 4849 0058 00F0A980 		beq	.L301
2263:Drivers/STM32H5xx_HAL_Driver/Src/stm32h5xx_hal_spi.c ****   }
 4850              		.loc 1 2263 5 is_stmt 1 view .LVU1738
 4851 005c D368     		ldr	r3, [r2, #12]
 4852 005e 23F4C023 		bic	r3, r3, #393216
 4853 0062 43F48023 		orr	r3, r3, #262144
 4854 0066 D360     		str	r3, [r2, #12]
 4855              	.L281:
2267:Drivers/STM32H5xx_HAL_Driver/Src/stm32h5xx_hal_spi.c ****        (IS_SPI_FULL_INSTANCE(hspi->Instance))) || \
 4856              		.loc 1 2267 3 view .LVU1739
2267:Drivers/STM32H5xx_HAL_Driver/Src/stm32h5xx_hal_spi.c ****        (IS_SPI_FULL_INSTANCE(hspi->Instance))) || \
 4857              		.loc 1 2267 19 is_stmt 0 view .LVU1740
 4858 0068 E368     		ldr	r3, [r4, #12]
2267:Drivers/STM32H5xx_HAL_Driver/Src/stm32h5xx_hal_spi.c ****        (IS_SPI_FULL_INSTANCE(hspi->Instance))) || \
 4859              		.loc 1 2267 6 view .LVU1741
 4860 006a 0F2B     		cmp	r3, #15
 4861 006c 21D9     		bls	.L282
2267:Drivers/STM32H5xx_HAL_Driver/Src/stm32h5xx_hal_spi.c ****        (IS_SPI_FULL_INSTANCE(hspi->Instance))) || \
 4862              		.loc 1 2267 59 discriminator 1 view .LVU1742
 4863 006e D4F88420 		ldr	r2, [r4, #132]
2267:Drivers/STM32H5xx_HAL_Driver/Src/stm32h5xx_hal_spi.c ****        (IS_SPI_FULL_INSTANCE(hspi->Instance))) || \
 4864              		.loc 1 2267 73 discriminator 1 view .LVU1743
 4865 0072 D269     		ldr	r2, [r2, #28]
2267:Drivers/STM32H5xx_HAL_Driver/Src/stm32h5xx_hal_spi.c ****        (IS_SPI_FULL_INSTANCE(hspi->Instance))) || \
 4866              		.loc 1 2267 51 discriminator 1 view .LVU1744
 4867 0074 B2F5003F 		cmp	r2, #131072
 4868 0078 1BD0     		beq	.L282
2268:Drivers/STM32H5xx_HAL_Driver/Src/stm32h5xx_hal_spi.c ****       ((hspi->Init.DataSize > SPI_DATASIZE_8BIT)  && (hspi->hdmarx->Init.DestDataWidth == DMA_DEST_
 4869              		.loc 1 2268 9 view .LVU1745
 4870 007a 2268     		ldr	r2, [r4]
2267:Drivers/STM32H5xx_HAL_Driver/Src/stm32h5xx_hal_spi.c ****        (IS_SPI_FULL_INSTANCE(hspi->Instance))) || \
 4871              		.loc 1 2267 116 discriminator 2 view .LVU1746
ARM GAS  /tmp/cc3pUyOJ.s 			page 184


 4872 007c 7949     		ldr	r1, .L306
 4873              	.LVL243:
2267:Drivers/STM32H5xx_HAL_Driver/Src/stm32h5xx_hal_spi.c ****        (IS_SPI_FULL_INSTANCE(hspi->Instance))) || \
 4874              		.loc 1 2267 116 discriminator 2 view .LVU1747
 4875 007e 8A42     		cmp	r2, r1
 4876 0080 00F09A80 		beq	.L283
2268:Drivers/STM32H5xx_HAL_Driver/Src/stm32h5xx_hal_spi.c ****       ((hspi->Init.DataSize > SPI_DATASIZE_8BIT)  && (hspi->hdmarx->Init.DestDataWidth == DMA_DEST_
 4877              		.loc 1 2268 9 view .LVU1748
 4878 0084 01F18051 		add	r1, r1, #268435456
 4879 0088 8A42     		cmp	r2, r1
 4880 008a 00F09580 		beq	.L283
2268:Drivers/STM32H5xx_HAL_Driver/Src/stm32h5xx_hal_spi.c ****       ((hspi->Init.DataSize > SPI_DATASIZE_8BIT)  && (hspi->hdmarx->Init.DestDataWidth == DMA_DEST_
 4881              		.loc 1 2268 9 discriminator 1 view .LVU1749
 4882 008e 7649     		ldr	r1, .L306+4
 4883 0090 8A42     		cmp	r2, r1
 4884 0092 00F09180 		beq	.L283
2268:Drivers/STM32H5xx_HAL_Driver/Src/stm32h5xx_hal_spi.c ****       ((hspi->Init.DataSize > SPI_DATASIZE_8BIT)  && (hspi->hdmarx->Init.DestDataWidth == DMA_DEST_
 4885              		.loc 1 2268 9 discriminator 2 view .LVU1750
 4886 0096 01F18051 		add	r1, r1, #268435456
 4887 009a 8A42     		cmp	r2, r1
 4888 009c 00F08C80 		beq	.L283
2268:Drivers/STM32H5xx_HAL_Driver/Src/stm32h5xx_hal_spi.c ****       ((hspi->Init.DataSize > SPI_DATASIZE_8BIT)  && (hspi->hdmarx->Init.DestDataWidth == DMA_DEST_
 4889              		.loc 1 2268 9 discriminator 3 view .LVU1751
 4890 00a0 7249     		ldr	r1, .L306+8
 4891 00a2 8A42     		cmp	r2, r1
 4892 00a4 00F08880 		beq	.L283
2268:Drivers/STM32H5xx_HAL_Driver/Src/stm32h5xx_hal_spi.c ****       ((hspi->Init.DataSize > SPI_DATASIZE_8BIT)  && (hspi->hdmarx->Init.DestDataWidth == DMA_DEST_
 4893              		.loc 1 2268 9 discriminator 4 view .LVU1752
 4894 00a8 01F18051 		add	r1, r1, #268435456
 4895 00ac 8A42     		cmp	r2, r1
 4896 00ae 00F08380 		beq	.L283
 4897              	.L282:
2268:Drivers/STM32H5xx_HAL_Driver/Src/stm32h5xx_hal_spi.c ****       ((hspi->Init.DataSize > SPI_DATASIZE_8BIT)  && (hspi->hdmarx->Init.DestDataWidth == DMA_DEST_
 4898              		.loc 1 2268 48 discriminator 5 view .LVU1753
 4899 00b2 072B     		cmp	r3, #7
 4900 00b4 04D9     		bls	.L284
2269:Drivers/STM32H5xx_HAL_Driver/Src/stm32h5xx_hal_spi.c ****   {
 4901              		.loc 1 2269 59 view .LVU1754
 4902 00b6 D4F88430 		ldr	r3, [r4, #132]
2269:Drivers/STM32H5xx_HAL_Driver/Src/stm32h5xx_hal_spi.c ****   {
 4903              		.loc 1 2269 73 view .LVU1755
 4904 00ba DB69     		ldr	r3, [r3, #28]
2269:Drivers/STM32H5xx_HAL_Driver/Src/stm32h5xx_hal_spi.c ****   {
 4905              		.loc 1 2269 51 view .LVU1756
 4906 00bc 002B     		cmp	r3, #0
 4907 00be 7BD0     		beq	.L283
 4908              	.L284:
2277:Drivers/STM32H5xx_HAL_Driver/Src/stm32h5xx_hal_spi.c **** 
 4909              		.loc 1 2277 3 is_stmt 1 view .LVU1757
 4910 00c0 2268     		ldr	r2, [r4]
 4911 00c2 9368     		ldr	r3, [r2, #8]
 4912 00c4 23F48043 		bic	r3, r3, #16384
 4913 00c8 9360     		str	r3, [r2, #8]
2280:Drivers/STM32H5xx_HAL_Driver/Src/stm32h5xx_hal_spi.c ****   {
 4914              		.loc 1 2280 3 view .LVU1758
2280:Drivers/STM32H5xx_HAL_Driver/Src/stm32h5xx_hal_spi.c ****   {
 4915              		.loc 1 2280 17 is_stmt 0 view .LVU1759
ARM GAS  /tmp/cc3pUyOJ.s 			page 185


 4916 00ca E368     		ldr	r3, [r4, #12]
2280:Drivers/STM32H5xx_HAL_Driver/Src/stm32h5xx_hal_spi.c ****   {
 4917              		.loc 1 2280 6 view .LVU1760
 4918 00cc 072B     		cmp	r3, #7
 4919 00ce 00F28780 		bhi	.L285
2282:Drivers/STM32H5xx_HAL_Driver/Src/stm32h5xx_hal_spi.c ****     {
 4920              		.loc 1 2282 5 is_stmt 1 view .LVU1761
2282:Drivers/STM32H5xx_HAL_Driver/Src/stm32h5xx_hal_spi.c ****     {
 4921              		.loc 1 2282 13 is_stmt 0 view .LVU1762
 4922 00d2 D4F88430 		ldr	r3, [r4, #132]
2282:Drivers/STM32H5xx_HAL_Driver/Src/stm32h5xx_hal_spi.c ****     {
 4923              		.loc 1 2282 27 view .LVU1763
 4924 00d6 DA69     		ldr	r2, [r3, #28]
2282:Drivers/STM32H5xx_HAL_Driver/Src/stm32h5xx_hal_spi.c ****     {
 4925              		.loc 1 2282 8 view .LVU1764
 4926 00d8 B2F5803F 		cmp	r2, #65536
 4927 00dc 70D0     		beq	.L302
 4928              	.L286:
2286:Drivers/STM32H5xx_HAL_Driver/Src/stm32h5xx_hal_spi.c ****     {
 4929              		.loc 1 2286 5 is_stmt 1 view .LVU1765
2286:Drivers/STM32H5xx_HAL_Driver/Src/stm32h5xx_hal_spi.c ****     {
 4930              		.loc 1 2286 27 is_stmt 0 view .LVU1766
 4931 00de DB69     		ldr	r3, [r3, #28]
2286:Drivers/STM32H5xx_HAL_Driver/Src/stm32h5xx_hal_spi.c ****     {
 4932              		.loc 1 2286 8 view .LVU1767
 4933 00e0 B3F5003F 		cmp	r3, #131072
 4934 00e4 74D0     		beq	.L303
 4935              	.L287:
2301:Drivers/STM32H5xx_HAL_Driver/Src/stm32h5xx_hal_spi.c **** 
 4936              		.loc 1 2301 3 is_stmt 1 view .LVU1768
2304:Drivers/STM32H5xx_HAL_Driver/Src/stm32h5xx_hal_spi.c **** 
 4937              		.loc 1 2304 3 view .LVU1769
2304:Drivers/STM32H5xx_HAL_Driver/Src/stm32h5xx_hal_spi.c **** 
 4938              		.loc 1 2304 7 is_stmt 0 view .LVU1770
 4939 00e6 D4F88430 		ldr	r3, [r4, #132]
2304:Drivers/STM32H5xx_HAL_Driver/Src/stm32h5xx_hal_spi.c **** 
 4940              		.loc 1 2304 38 view .LVU1771
 4941 00ea 614A     		ldr	r2, .L306+12
 4942 00ec 5A66     		str	r2, [r3, #100]
2307:Drivers/STM32H5xx_HAL_Driver/Src/stm32h5xx_hal_spi.c **** 
 4943              		.loc 1 2307 3 is_stmt 1 view .LVU1772
2307:Drivers/STM32H5xx_HAL_Driver/Src/stm32h5xx_hal_spi.c **** 
 4944              		.loc 1 2307 7 is_stmt 0 view .LVU1773
 4945 00ee D4F88430 		ldr	r3, [r4, #132]
2307:Drivers/STM32H5xx_HAL_Driver/Src/stm32h5xx_hal_spi.c **** 
 4946              		.loc 1 2307 34 view .LVU1774
 4947 00f2 604A     		ldr	r2, .L306+16
 4948 00f4 1A66     		str	r2, [r3, #96]
2310:Drivers/STM32H5xx_HAL_Driver/Src/stm32h5xx_hal_spi.c **** 
 4949              		.loc 1 2310 3 is_stmt 1 view .LVU1775
2310:Drivers/STM32H5xx_HAL_Driver/Src/stm32h5xx_hal_spi.c **** 
 4950              		.loc 1 2310 7 is_stmt 0 view .LVU1776
 4951 00f6 D4F88430 		ldr	r3, [r4, #132]
2310:Drivers/STM32H5xx_HAL_Driver/Src/stm32h5xx_hal_spi.c **** 
 4952              		.loc 1 2310 35 view .LVU1777
 4953 00fa 5F4A     		ldr	r2, .L306+20
 4954 00fc 9A66     		str	r2, [r3, #104]
ARM GAS  /tmp/cc3pUyOJ.s 			page 186


2313:Drivers/STM32H5xx_HAL_Driver/Src/stm32h5xx_hal_spi.c **** 
 4955              		.loc 1 2313 3 is_stmt 1 view .LVU1778
2313:Drivers/STM32H5xx_HAL_Driver/Src/stm32h5xx_hal_spi.c **** 
 4956              		.loc 1 2313 7 is_stmt 0 view .LVU1779
 4957 00fe D4F88430 		ldr	r3, [r4, #132]
2313:Drivers/STM32H5xx_HAL_Driver/Src/stm32h5xx_hal_spi.c **** 
 4958              		.loc 1 2313 35 view .LVU1780
 4959 0102 0022     		movs	r2, #0
 4960 0104 DA66     		str	r2, [r3, #108]
2315:Drivers/STM32H5xx_HAL_Driver/Src/stm32h5xx_hal_spi.c ****   {
 4961              		.loc 1 2315 3 is_stmt 1 view .LVU1781
2315:Drivers/STM32H5xx_HAL_Driver/Src/stm32h5xx_hal_spi.c ****   {
 4962              		.loc 1 2315 17 is_stmt 0 view .LVU1782
 4963 0106 E368     		ldr	r3, [r4, #12]
2315:Drivers/STM32H5xx_HAL_Driver/Src/stm32h5xx_hal_spi.c ****   {
 4964              		.loc 1 2315 6 view .LVU1783
 4965 0108 072B     		cmp	r3, #7
 4966 010a 7AD8     		bhi	.L288
2317:Drivers/STM32H5xx_HAL_Driver/Src/stm32h5xx_hal_spi.c ****   }
 4967              		.loc 1 2317 5 is_stmt 1 view .LVU1784
2317:Drivers/STM32H5xx_HAL_Driver/Src/stm32h5xx_hal_spi.c ****   }
 4968              		.loc 1 2317 23 is_stmt 0 view .LVU1785
 4969 010c A4F87260 		strh	r6, [r4, #114]	@ movhi
 4970              	.L289:
2329:Drivers/STM32H5xx_HAL_Driver/Src/stm32h5xx_hal_spi.c ****   {
 4971              		.loc 1 2329 3 is_stmt 1 view .LVU1786
2329:Drivers/STM32H5xx_HAL_Driver/Src/stm32h5xx_hal_spi.c ****   {
 4972              		.loc 1 2329 12 is_stmt 0 view .LVU1787
 4973 0110 D4F88400 		ldr	r0, [r4, #132]
 4974              	.LVL244:
2329:Drivers/STM32H5xx_HAL_Driver/Src/stm32h5xx_hal_spi.c ****   {
 4975              		.loc 1 2329 20 view .LVU1788
 4976 0114 036D     		ldr	r3, [r0, #80]
2329:Drivers/STM32H5xx_HAL_Driver/Src/stm32h5xx_hal_spi.c ****   {
 4977              		.loc 1 2329 6 view .LVU1789
 4978 0116 13F0800F 		tst	r3, #128
 4979 011a 7ED0     		beq	.L291
2331:Drivers/STM32H5xx_HAL_Driver/Src/stm32h5xx_hal_spi.c ****     {
 4980              		.loc 1 2331 5 is_stmt 1 view .LVU1790
2331:Drivers/STM32H5xx_HAL_Driver/Src/stm32h5xx_hal_spi.c ****     {
 4981              		.loc 1 2331 21 is_stmt 0 view .LVU1791
 4982 011c 426F     		ldr	r2, [r0, #116]
2331:Drivers/STM32H5xx_HAL_Driver/Src/stm32h5xx_hal_spi.c ****     {
 4983              		.loc 1 2331 8 view .LVU1792
 4984 011e 002A     		cmp	r2, #0
 4985 0120 00F08480 		beq	.L292
2334:Drivers/STM32H5xx_HAL_Driver/Src/stm32h5xx_hal_spi.c **** 
 4986              		.loc 1 2334 7 is_stmt 1 view .LVU1793
2334:Drivers/STM32H5xx_HAL_Driver/Src/stm32h5xx_hal_spi.c **** 
 4987              		.loc 1 2334 90 is_stmt 0 view .LVU1794
 4988 0124 B4F87230 		ldrh	r3, [r4, #114]
 4989 0128 9BB2     		uxth	r3, r3
2334:Drivers/STM32H5xx_HAL_Driver/Src/stm32h5xx_hal_spi.c **** 
 4990              		.loc 1 2334 36 view .LVU1795
 4991 012a 1268     		ldr	r2, [r2]
2334:Drivers/STM32H5xx_HAL_Driver/Src/stm32h5xx_hal_spi.c **** 
 4992              		.loc 1 2334 84 view .LVU1796
ARM GAS  /tmp/cc3pUyOJ.s 			page 187


 4993 012c 9360     		str	r3, [r2, #8]
2337:Drivers/STM32H5xx_HAL_Driver/Src/stm32h5xx_hal_spi.c **** 
 4994              		.loc 1 2337 7 is_stmt 1 view .LVU1797
2337:Drivers/STM32H5xx_HAL_Driver/Src/stm32h5xx_hal_spi.c **** 
 4995              		.loc 1 2337 101 is_stmt 0 view .LVU1798
 4996 012e 2368     		ldr	r3, [r4]
2337:Drivers/STM32H5xx_HAL_Driver/Src/stm32h5xx_hal_spi.c **** 
 4997              		.loc 1 2337 96 view .LVU1799
 4998 0130 3033     		adds	r3, r3, #48
2337:Drivers/STM32H5xx_HAL_Driver/Src/stm32h5xx_hal_spi.c **** 
 4999              		.loc 1 2337 11 view .LVU1800
 5000 0132 D4F88420 		ldr	r2, [r4, #132]
2337:Drivers/STM32H5xx_HAL_Driver/Src/stm32h5xx_hal_spi.c **** 
 5001              		.loc 1 2337 19 view .LVU1801
 5002 0136 526F     		ldr	r2, [r2, #116]
2337:Drivers/STM32H5xx_HAL_Driver/Src/stm32h5xx_hal_spi.c **** 
 5003              		.loc 1 2337 36 view .LVU1802
 5004 0138 1268     		ldr	r2, [r2]
2337:Drivers/STM32H5xx_HAL_Driver/Src/stm32h5xx_hal_spi.c **** 
 5005              		.loc 1 2337 84 view .LVU1803
 5006 013a D360     		str	r3, [r2, #12]
2340:Drivers/STM32H5xx_HAL_Driver/Src/stm32h5xx_hal_spi.c **** 
 5007              		.loc 1 2340 7 is_stmt 1 view .LVU1804
2340:Drivers/STM32H5xx_HAL_Driver/Src/stm32h5xx_hal_spi.c **** 
 5008              		.loc 1 2340 100 is_stmt 0 view .LVU1805
 5009 013c E26E     		ldr	r2, [r4, #108]
2340:Drivers/STM32H5xx_HAL_Driver/Src/stm32h5xx_hal_spi.c **** 
 5010              		.loc 1 2340 11 view .LVU1806
 5011 013e D4F88430 		ldr	r3, [r4, #132]
2340:Drivers/STM32H5xx_HAL_Driver/Src/stm32h5xx_hal_spi.c **** 
 5012              		.loc 1 2340 19 view .LVU1807
 5013 0142 5B6F     		ldr	r3, [r3, #116]
2340:Drivers/STM32H5xx_HAL_Driver/Src/stm32h5xx_hal_spi.c **** 
 5014              		.loc 1 2340 36 view .LVU1808
 5015 0144 1B68     		ldr	r3, [r3]
2340:Drivers/STM32H5xx_HAL_Driver/Src/stm32h5xx_hal_spi.c **** 
 5016              		.loc 1 2340 84 view .LVU1809
 5017 0146 1A61     		str	r2, [r3, #16]
2342:Drivers/STM32H5xx_HAL_Driver/Src/stm32h5xx_hal_spi.c ****     }
 5018              		.loc 1 2342 7 is_stmt 1 view .LVU1810
2342:Drivers/STM32H5xx_HAL_Driver/Src/stm32h5xx_hal_spi.c ****     }
 5019              		.loc 1 2342 16 is_stmt 0 view .LVU1811
 5020 0148 D4F88400 		ldr	r0, [r4, #132]
 5021 014c FFF7FEFF 		bl	HAL_DMAEx_List_Start_IT
 5022              	.LVL245:
 5023              	.L293:
2356:Drivers/STM32H5xx_HAL_Driver/Src/stm32h5xx_hal_spi.c ****   {
 5024              		.loc 1 2356 3 is_stmt 1 view .LVU1812
2356:Drivers/STM32H5xx_HAL_Driver/Src/stm32h5xx_hal_spi.c ****   {
 5025              		.loc 1 2356 6 is_stmt 0 view .LVU1813
 5026 0150 0028     		cmp	r0, #0
 5027 0152 6BD1     		bne	.L292
2369:Drivers/STM32H5xx_HAL_Driver/Src/stm32h5xx_hal_spi.c ****   {
 5028              		.loc 1 2369 3 is_stmt 1 view .LVU1814
2369:Drivers/STM32H5xx_HAL_Driver/Src/stm32h5xx_hal_spi.c ****   {
 5029              		.loc 1 2369 11 is_stmt 0 view .LVU1815
 5030 0154 D4F88430 		ldr	r3, [r4, #132]
ARM GAS  /tmp/cc3pUyOJ.s 			page 188


2369:Drivers/STM32H5xx_HAL_Driver/Src/stm32h5xx_hal_spi.c ****   {
 5031              		.loc 1 2369 19 view .LVU1816
 5032 0158 1B6D     		ldr	r3, [r3, #80]
2369:Drivers/STM32H5xx_HAL_Driver/Src/stm32h5xx_hal_spi.c ****   {
 5033              		.loc 1 2369 6 view .LVU1817
 5034 015a 812B     		cmp	r3, #129
 5035 015c 73D0     		beq	.L304
2375:Drivers/STM32H5xx_HAL_Driver/Src/stm32h5xx_hal_spi.c ****   }
 5036              		.loc 1 2375 5 is_stmt 1 view .LVU1818
 5037 015e 2168     		ldr	r1, [r4]
 5038 0160 4B68     		ldr	r3, [r1, #4]
 5039 0162 6FF30F03 		bfc	r3, #0, #16
 5040 0166 3343     		orrs	r3, r3, r6
 5041 0168 4B60     		str	r3, [r1, #4]
 5042              	.L296:
2379:Drivers/STM32H5xx_HAL_Driver/Src/stm32h5xx_hal_spi.c **** 
 5043              		.loc 1 2379 3 view .LVU1819
 5044 016a 2268     		ldr	r2, [r4]
 5045 016c 9368     		ldr	r3, [r2, #8]
 5046 016e 43F48043 		orr	r3, r3, #16384
 5047 0172 9360     		str	r3, [r2, #8]
2382:Drivers/STM32H5xx_HAL_Driver/Src/stm32h5xx_hal_spi.c **** 
 5048              		.loc 1 2382 3 view .LVU1820
 5049 0174 2268     		ldr	r2, [r4]
 5050 0176 1369     		ldr	r3, [r2, #16]
 5051 0178 43F45073 		orr	r3, r3, #832
 5052 017c 1361     		str	r3, [r2, #16]
2385:Drivers/STM32H5xx_HAL_Driver/Src/stm32h5xx_hal_spi.c **** 
 5053              		.loc 1 2385 3 view .LVU1821
 5054 017e 2268     		ldr	r2, [r4]
 5055 0180 1368     		ldr	r3, [r2]
 5056 0182 43F00103 		orr	r3, r3, #1
 5057 0186 1360     		str	r3, [r2]
2387:Drivers/STM32H5xx_HAL_Driver/Src/stm32h5xx_hal_spi.c ****   {
 5058              		.loc 1 2387 3 view .LVU1822
2387:Drivers/STM32H5xx_HAL_Driver/Src/stm32h5xx_hal_spi.c ****   {
 5059              		.loc 1 2387 17 is_stmt 0 view .LVU1823
 5060 0188 6368     		ldr	r3, [r4, #4]
2387:Drivers/STM32H5xx_HAL_Driver/Src/stm32h5xx_hal_spi.c ****   {
 5061              		.loc 1 2387 6 view .LVU1824
 5062 018a B3F5800F 		cmp	r3, #4194304
 5063 018e 60D0     		beq	.L305
 5064              	.L297:
2394:Drivers/STM32H5xx_HAL_Driver/Src/stm32h5xx_hal_spi.c **** 
 5065              		.loc 1 2394 3 is_stmt 1 view .LVU1825
2394:Drivers/STM32H5xx_HAL_Driver/Src/stm32h5xx_hal_spi.c **** 
 5066              		.loc 1 2394 3 view .LVU1826
 5067 0190 0023     		movs	r3, #0
 5068 0192 84F88830 		strb	r3, [r4, #136]
2394:Drivers/STM32H5xx_HAL_Driver/Src/stm32h5xx_hal_spi.c **** 
 5069              		.loc 1 2394 3 view .LVU1827
2396:Drivers/STM32H5xx_HAL_Driver/Src/stm32h5xx_hal_spi.c **** }
 5070              		.loc 1 2396 3 view .LVU1828
2396:Drivers/STM32H5xx_HAL_Driver/Src/stm32h5xx_hal_spi.c **** }
 5071              		.loc 1 2396 10 is_stmt 0 view .LVU1829
 5072 0196 0546     		mov	r5, r0
 5073 0198 03E0     		b	.L277
ARM GAS  /tmp/cc3pUyOJ.s 			page 189


 5074              	.LVL246:
 5075              	.L300:
2230:Drivers/STM32H5xx_HAL_Driver/Src/stm32h5xx_hal_spi.c ****     return HAL_BUSY;
 5076              		.loc 1 2230 5 is_stmt 1 view .LVU1830
2230:Drivers/STM32H5xx_HAL_Driver/Src/stm32h5xx_hal_spi.c ****     return HAL_BUSY;
 5077              		.loc 1 2230 5 view .LVU1831
 5078 019a 0023     		movs	r3, #0
 5079 019c 80F88830 		strb	r3, [r0, #136]
2230:Drivers/STM32H5xx_HAL_Driver/Src/stm32h5xx_hal_spi.c ****     return HAL_BUSY;
 5080              		.loc 1 2230 5 view .LVU1832
2231:Drivers/STM32H5xx_HAL_Driver/Src/stm32h5xx_hal_spi.c ****   }
 5081              		.loc 1 2231 5 view .LVU1833
2231:Drivers/STM32H5xx_HAL_Driver/Src/stm32h5xx_hal_spi.c ****   }
 5082              		.loc 1 2231 12 is_stmt 0 view .LVU1834
 5083 01a0 0225     		movs	r5, #2
 5084              	.LVL247:
 5085              	.L277:
2397:Drivers/STM32H5xx_HAL_Driver/Src/stm32h5xx_hal_spi.c **** 
 5086              		.loc 1 2397 1 view .LVU1835
 5087 01a2 2846     		mov	r0, r5
 5088 01a4 70BD     		pop	{r4, r5, r6, pc}
 5089              	.LVL248:
 5090              	.L278:
2236:Drivers/STM32H5xx_HAL_Driver/Src/stm32h5xx_hal_spi.c ****     return HAL_ERROR;
 5091              		.loc 1 2236 5 is_stmt 1 view .LVU1836
2236:Drivers/STM32H5xx_HAL_Driver/Src/stm32h5xx_hal_spi.c ****     return HAL_ERROR;
 5092              		.loc 1 2236 5 view .LVU1837
 5093 01a6 0023     		movs	r3, #0
 5094 01a8 84F88830 		strb	r3, [r4, #136]
2236:Drivers/STM32H5xx_HAL_Driver/Src/stm32h5xx_hal_spi.c ****     return HAL_ERROR;
 5095              		.loc 1 2236 5 view .LVU1838
2237:Drivers/STM32H5xx_HAL_Driver/Src/stm32h5xx_hal_spi.c ****   }
 5096              		.loc 1 2237 5 view .LVU1839
2237:Drivers/STM32H5xx_HAL_Driver/Src/stm32h5xx_hal_spi.c ****   }
 5097              		.loc 1 2237 12 is_stmt 0 view .LVU1840
 5098 01ac F9E7     		b	.L277
 5099              	.L301:
2259:Drivers/STM32H5xx_HAL_Driver/Src/stm32h5xx_hal_spi.c ****   }
 5100              		.loc 1 2259 5 is_stmt 1 view .LVU1841
 5101 01ae 1368     		ldr	r3, [r2]
 5102 01b0 23F40063 		bic	r3, r3, #2048
 5103 01b4 1360     		str	r3, [r2]
 5104 01b6 57E7     		b	.L281
 5105              	.LVL249:
 5106              	.L283:
2272:Drivers/STM32H5xx_HAL_Driver/Src/stm32h5xx_hal_spi.c ****     return HAL_ERROR;
 5107              		.loc 1 2272 5 view .LVU1842
2272:Drivers/STM32H5xx_HAL_Driver/Src/stm32h5xx_hal_spi.c ****     return HAL_ERROR;
 5108              		.loc 1 2272 5 view .LVU1843
 5109 01b8 0023     		movs	r3, #0
 5110 01ba 84F88830 		strb	r3, [r4, #136]
2272:Drivers/STM32H5xx_HAL_Driver/Src/stm32h5xx_hal_spi.c ****     return HAL_ERROR;
 5111              		.loc 1 2272 5 view .LVU1844
2273:Drivers/STM32H5xx_HAL_Driver/Src/stm32h5xx_hal_spi.c ****   }
 5112              		.loc 1 2273 5 view .LVU1845
2273:Drivers/STM32H5xx_HAL_Driver/Src/stm32h5xx_hal_spi.c ****   }
 5113              		.loc 1 2273 12 is_stmt 0 view .LVU1846
ARM GAS  /tmp/cc3pUyOJ.s 			page 190


 5114 01be F0E7     		b	.L277
 5115              	.L302:
2284:Drivers/STM32H5xx_HAL_Driver/Src/stm32h5xx_hal_spi.c ****     }
 5116              		.loc 1 2284 7 is_stmt 1 view .LVU1847
2284:Drivers/STM32H5xx_HAL_Driver/Src/stm32h5xx_hal_spi.c ****     }
 5117              		.loc 1 2284 32 is_stmt 0 view .LVU1848
 5118 01c0 B4F87220 		ldrh	r2, [r4, #114]
 5119 01c4 92B2     		uxth	r2, r2
2284:Drivers/STM32H5xx_HAL_Driver/Src/stm32h5xx_hal_spi.c ****     }
 5120              		.loc 1 2284 46 view .LVU1849
 5121 01c6 0132     		adds	r2, r2, #1
2284:Drivers/STM32H5xx_HAL_Driver/Src/stm32h5xx_hal_spi.c ****     }
 5122              		.loc 1 2284 25 view .LVU1850
 5123 01c8 5208     		lsrs	r2, r2, #1
 5124 01ca A4F87220 		strh	r2, [r4, #114]	@ movhi
 5125 01ce 86E7     		b	.L286
 5126              	.L303:
2288:Drivers/STM32H5xx_HAL_Driver/Src/stm32h5xx_hal_spi.c ****     }
 5127              		.loc 1 2288 7 is_stmt 1 view .LVU1851
2288:Drivers/STM32H5xx_HAL_Driver/Src/stm32h5xx_hal_spi.c ****     }
 5128              		.loc 1 2288 32 is_stmt 0 view .LVU1852
 5129 01d0 B4F87230 		ldrh	r3, [r4, #114]
 5130 01d4 9BB2     		uxth	r3, r3
2288:Drivers/STM32H5xx_HAL_Driver/Src/stm32h5xx_hal_spi.c ****     }
 5131              		.loc 1 2288 46 view .LVU1853
 5132 01d6 0333     		adds	r3, r3, #3
2288:Drivers/STM32H5xx_HAL_Driver/Src/stm32h5xx_hal_spi.c ****     }
 5133              		.loc 1 2288 25 view .LVU1854
 5134 01d8 9B08     		lsrs	r3, r3, #2
 5135 01da A4F87230 		strh	r3, [r4, #114]	@ movhi
 5136 01de 82E7     		b	.L287
 5137              	.L285:
2291:Drivers/STM32H5xx_HAL_Driver/Src/stm32h5xx_hal_spi.c ****   {
 5138              		.loc 1 2291 8 is_stmt 1 view .LVU1855
2291:Drivers/STM32H5xx_HAL_Driver/Src/stm32h5xx_hal_spi.c ****   {
 5139              		.loc 1 2291 11 is_stmt 0 view .LVU1856
 5140 01e0 0F2B     		cmp	r3, #15
 5141 01e2 80D8     		bhi	.L287
2293:Drivers/STM32H5xx_HAL_Driver/Src/stm32h5xx_hal_spi.c ****     {
 5142              		.loc 1 2293 5 is_stmt 1 view .LVU1857
2293:Drivers/STM32H5xx_HAL_Driver/Src/stm32h5xx_hal_spi.c ****     {
 5143              		.loc 1 2293 13 is_stmt 0 view .LVU1858
 5144 01e4 D4F88430 		ldr	r3, [r4, #132]
2293:Drivers/STM32H5xx_HAL_Driver/Src/stm32h5xx_hal_spi.c ****     {
 5145              		.loc 1 2293 27 view .LVU1859
 5146 01e8 DB69     		ldr	r3, [r3, #28]
2293:Drivers/STM32H5xx_HAL_Driver/Src/stm32h5xx_hal_spi.c ****     {
 5147              		.loc 1 2293 8 view .LVU1860
 5148 01ea B3F5003F 		cmp	r3, #131072
 5149 01ee 7FF47AAF 		bne	.L287
2295:Drivers/STM32H5xx_HAL_Driver/Src/stm32h5xx_hal_spi.c ****     }
 5150              		.loc 1 2295 7 is_stmt 1 view .LVU1861
2295:Drivers/STM32H5xx_HAL_Driver/Src/stm32h5xx_hal_spi.c ****     }
 5151              		.loc 1 2295 32 is_stmt 0 view .LVU1862
 5152 01f2 B4F87230 		ldrh	r3, [r4, #114]
 5153 01f6 9BB2     		uxth	r3, r3
2295:Drivers/STM32H5xx_HAL_Driver/Src/stm32h5xx_hal_spi.c ****     }
ARM GAS  /tmp/cc3pUyOJ.s 			page 191


 5154              		.loc 1 2295 46 view .LVU1863
 5155 01f8 0133     		adds	r3, r3, #1
2295:Drivers/STM32H5xx_HAL_Driver/Src/stm32h5xx_hal_spi.c ****     }
 5156              		.loc 1 2295 25 view .LVU1864
 5157 01fa 5B08     		lsrs	r3, r3, #1
 5158 01fc A4F87230 		strh	r3, [r4, #114]	@ movhi
 5159 0200 71E7     		b	.L287
 5160              	.L288:
2319:Drivers/STM32H5xx_HAL_Driver/Src/stm32h5xx_hal_spi.c ****   {
 5161              		.loc 1 2319 8 is_stmt 1 view .LVU1865
2319:Drivers/STM32H5xx_HAL_Driver/Src/stm32h5xx_hal_spi.c ****   {
 5162              		.loc 1 2319 11 is_stmt 0 view .LVU1866
 5163 0202 0F2B     		cmp	r3, #15
 5164 0204 04D8     		bhi	.L290
2321:Drivers/STM32H5xx_HAL_Driver/Src/stm32h5xx_hal_spi.c ****   }
 5165              		.loc 1 2321 5 is_stmt 1 view .LVU1867
2321:Drivers/STM32H5xx_HAL_Driver/Src/stm32h5xx_hal_spi.c ****   }
 5166              		.loc 1 2321 30 is_stmt 0 view .LVU1868
 5167 0206 7300     		lsls	r3, r6, #1
 5168 0208 9BB2     		uxth	r3, r3
2321:Drivers/STM32H5xx_HAL_Driver/Src/stm32h5xx_hal_spi.c ****   }
 5169              		.loc 1 2321 23 view .LVU1869
 5170 020a A4F87230 		strh	r3, [r4, #114]	@ movhi
 5171 020e 7FE7     		b	.L289
 5172              	.L290:
2325:Drivers/STM32H5xx_HAL_Driver/Src/stm32h5xx_hal_spi.c ****   }
 5173              		.loc 1 2325 5 is_stmt 1 view .LVU1870
2325:Drivers/STM32H5xx_HAL_Driver/Src/stm32h5xx_hal_spi.c ****   }
 5174              		.loc 1 2325 30 is_stmt 0 view .LVU1871
 5175 0210 B300     		lsls	r3, r6, #2
 5176 0212 9BB2     		uxth	r3, r3
2325:Drivers/STM32H5xx_HAL_Driver/Src/stm32h5xx_hal_spi.c ****   }
 5177              		.loc 1 2325 23 view .LVU1872
 5178 0214 A4F87230 		strh	r3, [r4, #114]	@ movhi
 5179 0218 7AE7     		b	.L289
 5180              	.LVL250:
 5181              	.L291:
2351:Drivers/STM32H5xx_HAL_Driver/Src/stm32h5xx_hal_spi.c ****                               hspi->RxXferCount);
 5182              		.loc 1 2351 5 is_stmt 1 view .LVU1873
2351:Drivers/STM32H5xx_HAL_Driver/Src/stm32h5xx_hal_spi.c ****                               hspi->RxXferCount);
 5183              		.loc 1 2351 60 is_stmt 0 view .LVU1874
 5184 021a 2168     		ldr	r1, [r4]
2352:Drivers/STM32H5xx_HAL_Driver/Src/stm32h5xx_hal_spi.c ****   }
 5185              		.loc 1 2352 35 view .LVU1875
 5186 021c B4F87230 		ldrh	r3, [r4, #114]
2351:Drivers/STM32H5xx_HAL_Driver/Src/stm32h5xx_hal_spi.c ****                               hspi->RxXferCount);
 5187              		.loc 1 2351 14 view .LVU1876
 5188 0220 9BB2     		uxth	r3, r3
 5189 0222 E26E     		ldr	r2, [r4, #108]
 5190 0224 3031     		adds	r1, r1, #48
 5191 0226 FFF7FEFF 		bl	HAL_DMA_Start_IT
 5192              	.LVL251:
2351:Drivers/STM32H5xx_HAL_Driver/Src/stm32h5xx_hal_spi.c ****                               hspi->RxXferCount);
 5193              		.loc 1 2351 14 view .LVU1877
 5194 022a 91E7     		b	.L293
 5195              	.LVL252:
 5196              	.L292:
ARM GAS  /tmp/cc3pUyOJ.s 			page 192


2359:Drivers/STM32H5xx_HAL_Driver/Src/stm32h5xx_hal_spi.c ****     hspi->State = HAL_SPI_STATE_READY;
 5197              		.loc 1 2359 5 is_stmt 1 view .LVU1878
 5198 022c D4F88C30 		ldr	r3, [r4, #140]
 5199 0230 43F01003 		orr	r3, r3, #16
 5200 0234 C4F88C30 		str	r3, [r4, #140]
2360:Drivers/STM32H5xx_HAL_Driver/Src/stm32h5xx_hal_spi.c **** 
 5201              		.loc 1 2360 5 view .LVU1879
2360:Drivers/STM32H5xx_HAL_Driver/Src/stm32h5xx_hal_spi.c **** 
 5202              		.loc 1 2360 17 is_stmt 0 view .LVU1880
 5203 0238 0123     		movs	r3, #1
 5204 023a 84F88930 		strb	r3, [r4, #137]
2363:Drivers/STM32H5xx_HAL_Driver/Src/stm32h5xx_hal_spi.c **** 
 5205              		.loc 1 2363 5 is_stmt 1 view .LVU1881
2363:Drivers/STM32H5xx_HAL_Driver/Src/stm32h5xx_hal_spi.c **** 
 5206              		.loc 1 2363 5 view .LVU1882
 5207 023e 0023     		movs	r3, #0
 5208 0240 84F88830 		strb	r3, [r4, #136]
2363:Drivers/STM32H5xx_HAL_Driver/Src/stm32h5xx_hal_spi.c **** 
 5209              		.loc 1 2363 5 view .LVU1883
2365:Drivers/STM32H5xx_HAL_Driver/Src/stm32h5xx_hal_spi.c ****   }
 5210              		.loc 1 2365 5 view .LVU1884
2365:Drivers/STM32H5xx_HAL_Driver/Src/stm32h5xx_hal_spi.c ****   }
 5211              		.loc 1 2365 12 is_stmt 0 view .LVU1885
 5212 0244 ADE7     		b	.L277
 5213              	.LVL253:
 5214              	.L304:
2371:Drivers/STM32H5xx_HAL_Driver/Src/stm32h5xx_hal_spi.c ****   }
 5215              		.loc 1 2371 5 is_stmt 1 view .LVU1886
 5216 0246 2268     		ldr	r2, [r4]
 5217 0248 5368     		ldr	r3, [r2, #4]
 5218 024a 6FF30F03 		bfc	r3, #0, #16
 5219 024e 5360     		str	r3, [r2, #4]
 5220 0250 8BE7     		b	.L296
 5221              	.L305:
2390:Drivers/STM32H5xx_HAL_Driver/Src/stm32h5xx_hal_spi.c ****   }
 5222              		.loc 1 2390 5 view .LVU1887
 5223 0252 2268     		ldr	r2, [r4]
 5224 0254 1368     		ldr	r3, [r2]
 5225 0256 43F40073 		orr	r3, r3, #512
 5226 025a 1360     		str	r3, [r2]
 5227 025c 98E7     		b	.L297
 5228              	.LVL254:
 5229              	.L298:
2241:Drivers/STM32H5xx_HAL_Driver/Src/stm32h5xx_hal_spi.c **** 
 5230              		.loc 1 2241 3 is_stmt 0 discriminator 1 view .LVU1888
 5231 025e 0225     		movs	r5, #2
 5232 0260 9FE7     		b	.L277
 5233              	.L307:
 5234 0262 00BF     		.align	2
 5235              	.L306:
 5236 0264 00300140 		.word	1073819648
 5237 0268 00380040 		.word	1073756160
 5238 026c 003C0040 		.word	1073757184
 5239 0270 00000000 		.word	SPI_DMAHalfReceiveCplt
 5240 0274 00000000 		.word	SPI_DMAReceiveCplt
 5241 0278 00000000 		.word	SPI_DMAError
 5242              		.cfi_endproc
ARM GAS  /tmp/cc3pUyOJ.s 			page 193


 5243              	.LFE168:
 5245              		.section	.text.HAL_SPI_TransmitReceive_DMA,"ax",%progbits
 5246              		.align	1
 5247              		.global	HAL_SPI_TransmitReceive_DMA
 5248              		.syntax unified
 5249              		.thumb
 5250              		.thumb_func
 5252              	HAL_SPI_TransmitReceive_DMA:
 5253              	.LVL255:
 5254              	.LFB169:
2411:Drivers/STM32H5xx_HAL_Driver/Src/stm32h5xx_hal_spi.c ****   HAL_StatusTypeDef status;
 5255              		.loc 1 2411 1 is_stmt 1 view -0
 5256              		.cfi_startproc
 5257              		@ args = 0, pretend = 0, frame = 0
 5258              		@ frame_needed = 0, uses_anonymous_args = 0
2411:Drivers/STM32H5xx_HAL_Driver/Src/stm32h5xx_hal_spi.c ****   HAL_StatusTypeDef status;
 5259              		.loc 1 2411 1 is_stmt 0 view .LVU1890
 5260 0000 70B5     		push	{r4, r5, r6, lr}
 5261              	.LCFI26:
 5262              		.cfi_def_cfa_offset 16
 5263              		.cfi_offset 4, -16
 5264              		.cfi_offset 5, -12
 5265              		.cfi_offset 6, -8
 5266              		.cfi_offset 14, -4
 5267 0002 1E46     		mov	r6, r3
2412:Drivers/STM32H5xx_HAL_Driver/Src/stm32h5xx_hal_spi.c **** 
 5268              		.loc 1 2412 3 is_stmt 1 view .LVU1891
2415:Drivers/STM32H5xx_HAL_Driver/Src/stm32h5xx_hal_spi.c **** 
 5269              		.loc 1 2415 3 view .LVU1892
2418:Drivers/STM32H5xx_HAL_Driver/Src/stm32h5xx_hal_spi.c ****   {
 5270              		.loc 1 2418 3 view .LVU1893
2418:Drivers/STM32H5xx_HAL_Driver/Src/stm32h5xx_hal_spi.c ****   {
 5271              		.loc 1 2418 7 is_stmt 0 view .LVU1894
 5272 0004 0368     		ldr	r3, [r0]
 5273              	.LVL256:
2420:Drivers/STM32H5xx_HAL_Driver/Src/stm32h5xx_hal_spi.c ****   }
 5274              		.loc 1 2420 5 is_stmt 1 view .LVU1895
2424:Drivers/STM32H5xx_HAL_Driver/Src/stm32h5xx_hal_spi.c ****   }
 5275              		.loc 1 2424 5 view .LVU1896
2427:Drivers/STM32H5xx_HAL_Driver/Src/stm32h5xx_hal_spi.c ****   {
 5276              		.loc 1 2427 3 view .LVU1897
2427:Drivers/STM32H5xx_HAL_Driver/Src/stm32h5xx_hal_spi.c ****   {
 5277              		.loc 1 2427 11 is_stmt 0 view .LVU1898
 5278 0006 90F88950 		ldrb	r5, [r0, #137]	@ zero_extendqisi2
 5279 000a EDB2     		uxtb	r5, r5
2427:Drivers/STM32H5xx_HAL_Driver/Src/stm32h5xx_hal_spi.c ****   {
 5280              		.loc 1 2427 6 view .LVU1899
 5281 000c 012D     		cmp	r5, #1
 5282 000e 40F0C781 		bne	.L337
 5283 0012 0446     		mov	r4, r0
2432:Drivers/STM32H5xx_HAL_Driver/Src/stm32h5xx_hal_spi.c ****   {
 5284              		.loc 1 2432 3 is_stmt 1 view .LVU1900
2432:Drivers/STM32H5xx_HAL_Driver/Src/stm32h5xx_hal_spi.c ****   {
 5285              		.loc 1 2432 6 is_stmt 0 view .LVU1901
 5286 0014 0029     		cmp	r1, #0
 5287 0016 00F0C481 		beq	.L309
2432:Drivers/STM32H5xx_HAL_Driver/Src/stm32h5xx_hal_spi.c ****   {
ARM GAS  /tmp/cc3pUyOJ.s 			page 194


 5288              		.loc 1 2432 25 discriminator 1 view .LVU1902
 5289 001a 002A     		cmp	r2, #0
 5290 001c 00F0C181 		beq	.L309
2432:Drivers/STM32H5xx_HAL_Driver/Src/stm32h5xx_hal_spi.c ****   {
 5291              		.loc 1 2432 46 discriminator 2 view .LVU1903
 5292 0020 002E     		cmp	r6, #0
 5293 0022 00F0BE81 		beq	.L309
2438:Drivers/STM32H5xx_HAL_Driver/Src/stm32h5xx_hal_spi.c **** 
 5294              		.loc 1 2438 3 is_stmt 1 view .LVU1904
2438:Drivers/STM32H5xx_HAL_Driver/Src/stm32h5xx_hal_spi.c **** 
 5295              		.loc 1 2438 3 view .LVU1905
 5296 0026 90F88800 		ldrb	r0, [r0, #136]	@ zero_extendqisi2
 5297              	.LVL257:
2438:Drivers/STM32H5xx_HAL_Driver/Src/stm32h5xx_hal_spi.c **** 
 5298              		.loc 1 2438 3 is_stmt 0 view .LVU1906
 5299 002a 0128     		cmp	r0, #1
 5300 002c 00F0BB81 		beq	.L338
2438:Drivers/STM32H5xx_HAL_Driver/Src/stm32h5xx_hal_spi.c **** 
 5301              		.loc 1 2438 3 is_stmt 1 discriminator 2 view .LVU1907
 5302 0030 0120     		movs	r0, #1
 5303 0032 84F88800 		strb	r0, [r4, #136]
2438:Drivers/STM32H5xx_HAL_Driver/Src/stm32h5xx_hal_spi.c **** 
 5304              		.loc 1 2438 3 discriminator 2 view .LVU1908
2441:Drivers/STM32H5xx_HAL_Driver/Src/stm32h5xx_hal_spi.c ****   hspi->ErrorCode   = HAL_SPI_ERROR_NONE;
 5305              		.loc 1 2441 3 view .LVU1909
2441:Drivers/STM32H5xx_HAL_Driver/Src/stm32h5xx_hal_spi.c ****   hspi->ErrorCode   = HAL_SPI_ERROR_NONE;
 5306              		.loc 1 2441 21 is_stmt 0 view .LVU1910
 5307 0036 0520     		movs	r0, #5
 5308 0038 84F88900 		strb	r0, [r4, #137]
2442:Drivers/STM32H5xx_HAL_Driver/Src/stm32h5xx_hal_spi.c ****   hspi->pTxBuffPtr  = (const uint8_t *)pTxData;
 5309              		.loc 1 2442 3 is_stmt 1 view .LVU1911
2442:Drivers/STM32H5xx_HAL_Driver/Src/stm32h5xx_hal_spi.c ****   hspi->pTxBuffPtr  = (const uint8_t *)pTxData;
 5310              		.loc 1 2442 21 is_stmt 0 view .LVU1912
 5311 003c 0020     		movs	r0, #0
 5312 003e C4F88C00 		str	r0, [r4, #140]
2443:Drivers/STM32H5xx_HAL_Driver/Src/stm32h5xx_hal_spi.c ****   hspi->TxXferSize  = Size;
 5313              		.loc 1 2443 3 is_stmt 1 view .LVU1913
2443:Drivers/STM32H5xx_HAL_Driver/Src/stm32h5xx_hal_spi.c ****   hspi->TxXferSize  = Size;
 5314              		.loc 1 2443 21 is_stmt 0 view .LVU1914
 5315 0042 6166     		str	r1, [r4, #100]
2444:Drivers/STM32H5xx_HAL_Driver/Src/stm32h5xx_hal_spi.c ****   hspi->TxXferCount = Size;
 5316              		.loc 1 2444 3 is_stmt 1 view .LVU1915
2444:Drivers/STM32H5xx_HAL_Driver/Src/stm32h5xx_hal_spi.c ****   hspi->TxXferCount = Size;
 5317              		.loc 1 2444 21 is_stmt 0 view .LVU1916
 5318 0044 A4F86860 		strh	r6, [r4, #104]	@ movhi
2445:Drivers/STM32H5xx_HAL_Driver/Src/stm32h5xx_hal_spi.c ****   hspi->pRxBuffPtr  = (uint8_t *)pRxData;
 5319              		.loc 1 2445 3 is_stmt 1 view .LVU1917
2445:Drivers/STM32H5xx_HAL_Driver/Src/stm32h5xx_hal_spi.c ****   hspi->pRxBuffPtr  = (uint8_t *)pRxData;
 5320              		.loc 1 2445 21 is_stmt 0 view .LVU1918
 5321 0048 A4F86A60 		strh	r6, [r4, #106]	@ movhi
2446:Drivers/STM32H5xx_HAL_Driver/Src/stm32h5xx_hal_spi.c ****   hspi->RxXferSize  = Size;
 5322              		.loc 1 2446 3 is_stmt 1 view .LVU1919
2446:Drivers/STM32H5xx_HAL_Driver/Src/stm32h5xx_hal_spi.c ****   hspi->RxXferSize  = Size;
 5323              		.loc 1 2446 21 is_stmt 0 view .LVU1920
 5324 004c E266     		str	r2, [r4, #108]
2447:Drivers/STM32H5xx_HAL_Driver/Src/stm32h5xx_hal_spi.c ****   hspi->RxXferCount = Size;
 5325              		.loc 1 2447 3 is_stmt 1 view .LVU1921
ARM GAS  /tmp/cc3pUyOJ.s 			page 195


2447:Drivers/STM32H5xx_HAL_Driver/Src/stm32h5xx_hal_spi.c ****   hspi->RxXferCount = Size;
 5326              		.loc 1 2447 21 is_stmt 0 view .LVU1922
 5327 004e A4F87060 		strh	r6, [r4, #112]	@ movhi
2448:Drivers/STM32H5xx_HAL_Driver/Src/stm32h5xx_hal_spi.c **** 
 5328              		.loc 1 2448 3 is_stmt 1 view .LVU1923
2448:Drivers/STM32H5xx_HAL_Driver/Src/stm32h5xx_hal_spi.c **** 
 5329              		.loc 1 2448 21 is_stmt 0 view .LVU1924
 5330 0052 A4F87260 		strh	r6, [r4, #114]	@ movhi
2451:Drivers/STM32H5xx_HAL_Driver/Src/stm32h5xx_hal_spi.c ****   hspi->TxISR       = NULL;
 5331              		.loc 1 2451 3 is_stmt 1 view .LVU1925
2451:Drivers/STM32H5xx_HAL_Driver/Src/stm32h5xx_hal_spi.c ****   hspi->TxISR       = NULL;
 5332              		.loc 1 2451 21 is_stmt 0 view .LVU1926
 5333 0056 A067     		str	r0, [r4, #120]
2452:Drivers/STM32H5xx_HAL_Driver/Src/stm32h5xx_hal_spi.c **** 
 5334              		.loc 1 2452 3 is_stmt 1 view .LVU1927
2452:Drivers/STM32H5xx_HAL_Driver/Src/stm32h5xx_hal_spi.c **** 
 5335              		.loc 1 2452 21 is_stmt 0 view .LVU1928
 5336 0058 E067     		str	r0, [r4, #124]
2455:Drivers/STM32H5xx_HAL_Driver/Src/stm32h5xx_hal_spi.c **** 
 5337              		.loc 1 2455 3 is_stmt 1 view .LVU1929
 5338 005a DA68     		ldr	r2, [r3, #12]
 5339              	.LVL258:
2455:Drivers/STM32H5xx_HAL_Driver/Src/stm32h5xx_hal_spi.c **** 
 5340              		.loc 1 2455 3 is_stmt 0 view .LVU1930
 5341 005c 22F4C022 		bic	r2, r2, #393216
 5342 0060 DA60     		str	r2, [r3, #12]
 5343              	.LVL259:
2458:Drivers/STM32H5xx_HAL_Driver/Src/stm32h5xx_hal_spi.c **** 
 5344              		.loc 1 2458 3 is_stmt 1 view .LVU1931
 5345 0062 2268     		ldr	r2, [r4]
 5346 0064 9368     		ldr	r3, [r2, #8]
 5347 0066 23F44043 		bic	r3, r3, #49152
 5348 006a 9360     		str	r3, [r2, #8]
2461:Drivers/STM32H5xx_HAL_Driver/Src/stm32h5xx_hal_spi.c ****        ((hspi->hdmarx->Init.DestDataWidth != DMA_DEST_DATAWIDTH_WORD) || \
 5349              		.loc 1 2461 3 view .LVU1932
2461:Drivers/STM32H5xx_HAL_Driver/Src/stm32h5xx_hal_spi.c ****        ((hspi->hdmarx->Init.DestDataWidth != DMA_DEST_DATAWIDTH_WORD) || \
 5350              		.loc 1 2461 19 is_stmt 0 view .LVU1933
 5351 006c E368     		ldr	r3, [r4, #12]
2461:Drivers/STM32H5xx_HAL_Driver/Src/stm32h5xx_hal_spi.c ****        ((hspi->hdmarx->Init.DestDataWidth != DMA_DEST_DATAWIDTH_WORD) || \
 5352              		.loc 1 2461 6 view .LVU1934
 5353 006e 0F2B     		cmp	r3, #15
 5354 0070 22D9     		bls	.L310
2462:Drivers/STM32H5xx_HAL_Driver/Src/stm32h5xx_hal_spi.c ****         (hspi->hdmatx->Init.SrcDataWidth != DMA_SRC_DATAWIDTH_WORD)) && \
 5355              		.loc 1 2462 14 view .LVU1935
 5356 0072 D4F88420 		ldr	r2, [r4, #132]
2462:Drivers/STM32H5xx_HAL_Driver/Src/stm32h5xx_hal_spi.c ****         (hspi->hdmatx->Init.SrcDataWidth != DMA_SRC_DATAWIDTH_WORD)) && \
 5357              		.loc 1 2462 28 view .LVU1936
 5358 0076 D269     		ldr	r2, [r2, #28]
2461:Drivers/STM32H5xx_HAL_Driver/Src/stm32h5xx_hal_spi.c ****        ((hspi->hdmarx->Init.DestDataWidth != DMA_DEST_DATAWIDTH_WORD) || \
 5359              		.loc 1 2461 51 discriminator 1 view .LVU1937
 5360 0078 B2F5003F 		cmp	r2, #131072
 5361 007c 00F0DF80 		beq	.L340
 5362              	.L311:
2464:Drivers/STM32H5xx_HAL_Driver/Src/stm32h5xx_hal_spi.c ****       ((hspi->Init.DataSize > SPI_DATASIZE_8BIT) && \
 5363              		.loc 1 2464 9 view .LVU1938
 5364 0080 2268     		ldr	r2, [r4]
2463:Drivers/STM32H5xx_HAL_Driver/Src/stm32h5xx_hal_spi.c ****        (IS_SPI_FULL_INSTANCE(hspi->Instance))) || \
ARM GAS  /tmp/cc3pUyOJ.s 			page 196


 5365              		.loc 1 2463 70 view .LVU1939
 5366 0082 B849     		ldr	r1, .L348
 5367              	.LVL260:
2463:Drivers/STM32H5xx_HAL_Driver/Src/stm32h5xx_hal_spi.c ****        (IS_SPI_FULL_INSTANCE(hspi->Instance))) || \
 5368              		.loc 1 2463 70 view .LVU1940
 5369 0084 8A42     		cmp	r2, r1
 5370 0086 00F0E180 		beq	.L312
2464:Drivers/STM32H5xx_HAL_Driver/Src/stm32h5xx_hal_spi.c ****       ((hspi->Init.DataSize > SPI_DATASIZE_8BIT) && \
 5371              		.loc 1 2464 9 view .LVU1941
 5372 008a 01F18051 		add	r1, r1, #268435456
 5373 008e 8A42     		cmp	r2, r1
 5374 0090 00F0DC80 		beq	.L312
2464:Drivers/STM32H5xx_HAL_Driver/Src/stm32h5xx_hal_spi.c ****       ((hspi->Init.DataSize > SPI_DATASIZE_8BIT) && \
 5375              		.loc 1 2464 9 discriminator 1 view .LVU1942
 5376 0094 B449     		ldr	r1, .L348+4
 5377 0096 8A42     		cmp	r2, r1
 5378 0098 00F0D880 		beq	.L312
2464:Drivers/STM32H5xx_HAL_Driver/Src/stm32h5xx_hal_spi.c ****       ((hspi->Init.DataSize > SPI_DATASIZE_8BIT) && \
 5379              		.loc 1 2464 9 discriminator 2 view .LVU1943
 5380 009c 01F18051 		add	r1, r1, #268435456
 5381 00a0 8A42     		cmp	r2, r1
 5382 00a2 00F0D380 		beq	.L312
2464:Drivers/STM32H5xx_HAL_Driver/Src/stm32h5xx_hal_spi.c ****       ((hspi->Init.DataSize > SPI_DATASIZE_8BIT) && \
 5383              		.loc 1 2464 9 discriminator 3 view .LVU1944
 5384 00a6 B149     		ldr	r1, .L348+8
 5385 00a8 8A42     		cmp	r2, r1
 5386 00aa 00F0CF80 		beq	.L312
2464:Drivers/STM32H5xx_HAL_Driver/Src/stm32h5xx_hal_spi.c ****       ((hspi->Init.DataSize > SPI_DATASIZE_8BIT) && \
 5387              		.loc 1 2464 9 discriminator 4 view .LVU1945
 5388 00ae 01F18051 		add	r1, r1, #268435456
 5389 00b2 8A42     		cmp	r2, r1
 5390 00b4 00F0CA80 		beq	.L312
 5391              	.L310:
2464:Drivers/STM32H5xx_HAL_Driver/Src/stm32h5xx_hal_spi.c ****       ((hspi->Init.DataSize > SPI_DATASIZE_8BIT) && \
 5392              		.loc 1 2464 48 discriminator 5 view .LVU1946
 5393 00b8 072B     		cmp	r3, #7
 5394 00ba 0BD9     		bls	.L313
2466:Drivers/STM32H5xx_HAL_Driver/Src/stm32h5xx_hal_spi.c ****         (hspi->hdmatx->Init.SrcDataWidth == DMA_SRC_DATAWIDTH_BYTE))))
 5395              		.loc 1 2466 14 view .LVU1947
 5396 00bc D4F88420 		ldr	r2, [r4, #132]
2466:Drivers/STM32H5xx_HAL_Driver/Src/stm32h5xx_hal_spi.c ****         (hspi->hdmatx->Init.SrcDataWidth == DMA_SRC_DATAWIDTH_BYTE))))
 5397              		.loc 1 2466 28 view .LVU1948
 5398 00c0 D269     		ldr	r2, [r2, #28]
2465:Drivers/STM32H5xx_HAL_Driver/Src/stm32h5xx_hal_spi.c ****        ((hspi->hdmarx->Init.DestDataWidth == DMA_DEST_DATAWIDTH_BYTE) || \
 5399              		.loc 1 2465 50 view .LVU1949
 5400 00c2 002A     		cmp	r2, #0
 5401 00c4 00F0C280 		beq	.L312
2467:Drivers/STM32H5xx_HAL_Driver/Src/stm32h5xx_hal_spi.c ****   {
 5402              		.loc 1 2467 14 view .LVU1950
 5403 00c8 D4F88020 		ldr	r2, [r4, #128]
2467:Drivers/STM32H5xx_HAL_Driver/Src/stm32h5xx_hal_spi.c ****   {
 5404              		.loc 1 2467 28 view .LVU1951
 5405 00cc 9269     		ldr	r2, [r2, #24]
2466:Drivers/STM32H5xx_HAL_Driver/Src/stm32h5xx_hal_spi.c ****         (hspi->hdmatx->Init.SrcDataWidth == DMA_SRC_DATAWIDTH_BYTE))))
 5406              		.loc 1 2466 71 view .LVU1952
 5407 00ce 002A     		cmp	r2, #0
 5408 00d0 00F0BC80 		beq	.L312
ARM GAS  /tmp/cc3pUyOJ.s 			page 197


 5409              	.L313:
2476:Drivers/STM32H5xx_HAL_Driver/Src/stm32h5xx_hal_spi.c ****   {
 5410              		.loc 1 2476 3 is_stmt 1 view .LVU1953
2476:Drivers/STM32H5xx_HAL_Driver/Src/stm32h5xx_hal_spi.c ****   {
 5411              		.loc 1 2476 6 is_stmt 0 view .LVU1954
 5412 00d4 072B     		cmp	r3, #7
 5413 00d6 00F2DD80 		bhi	.L314
2478:Drivers/STM32H5xx_HAL_Driver/Src/stm32h5xx_hal_spi.c ****     {
 5414              		.loc 1 2478 5 is_stmt 1 view .LVU1955
2478:Drivers/STM32H5xx_HAL_Driver/Src/stm32h5xx_hal_spi.c ****     {
 5415              		.loc 1 2478 13 is_stmt 0 view .LVU1956
 5416 00da D4F88030 		ldr	r3, [r4, #128]
2478:Drivers/STM32H5xx_HAL_Driver/Src/stm32h5xx_hal_spi.c ****     {
 5417              		.loc 1 2478 27 view .LVU1957
 5418 00de 9A69     		ldr	r2, [r3, #24]
2478:Drivers/STM32H5xx_HAL_Driver/Src/stm32h5xx_hal_spi.c ****     {
 5419              		.loc 1 2478 8 view .LVU1958
 5420 00e0 012A     		cmp	r2, #1
 5421 00e2 00F0B780 		beq	.L341
 5422              	.L315:
2482:Drivers/STM32H5xx_HAL_Driver/Src/stm32h5xx_hal_spi.c ****     {
 5423              		.loc 1 2482 5 is_stmt 1 view .LVU1959
2482:Drivers/STM32H5xx_HAL_Driver/Src/stm32h5xx_hal_spi.c ****     {
 5424              		.loc 1 2482 27 is_stmt 0 view .LVU1960
 5425 00e6 9B69     		ldr	r3, [r3, #24]
2482:Drivers/STM32H5xx_HAL_Driver/Src/stm32h5xx_hal_spi.c ****     {
 5426              		.loc 1 2482 8 view .LVU1961
 5427 00e8 022B     		cmp	r3, #2
 5428 00ea 00F0BB80 		beq	.L342
 5429              	.L316:
2486:Drivers/STM32H5xx_HAL_Driver/Src/stm32h5xx_hal_spi.c ****     {
 5430              		.loc 1 2486 5 is_stmt 1 view .LVU1962
2486:Drivers/STM32H5xx_HAL_Driver/Src/stm32h5xx_hal_spi.c ****     {
 5431              		.loc 1 2486 13 is_stmt 0 view .LVU1963
 5432 00ee D4F88430 		ldr	r3, [r4, #132]
2486:Drivers/STM32H5xx_HAL_Driver/Src/stm32h5xx_hal_spi.c ****     {
 5433              		.loc 1 2486 27 view .LVU1964
 5434 00f2 DA69     		ldr	r2, [r3, #28]
2486:Drivers/STM32H5xx_HAL_Driver/Src/stm32h5xx_hal_spi.c ****     {
 5435              		.loc 1 2486 8 view .LVU1965
 5436 00f4 B2F5803F 		cmp	r2, #65536
 5437 00f8 00F0BC80 		beq	.L343
 5438              	.L317:
2490:Drivers/STM32H5xx_HAL_Driver/Src/stm32h5xx_hal_spi.c ****     {
 5439              		.loc 1 2490 5 is_stmt 1 view .LVU1966
2490:Drivers/STM32H5xx_HAL_Driver/Src/stm32h5xx_hal_spi.c ****     {
 5440              		.loc 1 2490 27 is_stmt 0 view .LVU1967
 5441 00fc DB69     		ldr	r3, [r3, #28]
2490:Drivers/STM32H5xx_HAL_Driver/Src/stm32h5xx_hal_spi.c ****     {
 5442              		.loc 1 2490 8 view .LVU1968
 5443 00fe B3F5003F 		cmp	r3, #131072
 5444 0102 00F0BF80 		beq	.L344
 5445              	.L318:
2509:Drivers/STM32H5xx_HAL_Driver/Src/stm32h5xx_hal_spi.c **** 
 5446              		.loc 1 2509 3 is_stmt 1 view .LVU1969
2512:Drivers/STM32H5xx_HAL_Driver/Src/stm32h5xx_hal_spi.c ****   hspi->hdmarx->XferCpltCallback     = SPI_DMATransmitReceiveCplt;
 5447              		.loc 1 2512 3 view .LVU1970
ARM GAS  /tmp/cc3pUyOJ.s 			page 198


2512:Drivers/STM32H5xx_HAL_Driver/Src/stm32h5xx_hal_spi.c ****   hspi->hdmarx->XferCpltCallback     = SPI_DMATransmitReceiveCplt;
 5448              		.loc 1 2512 7 is_stmt 0 view .LVU1971
 5449 0106 D4F88430 		ldr	r3, [r4, #132]
2512:Drivers/STM32H5xx_HAL_Driver/Src/stm32h5xx_hal_spi.c ****   hspi->hdmarx->XferCpltCallback     = SPI_DMATransmitReceiveCplt;
 5450              		.loc 1 2512 38 view .LVU1972
 5451 010a 994A     		ldr	r2, .L348+12
 5452 010c 5A66     		str	r2, [r3, #100]
2513:Drivers/STM32H5xx_HAL_Driver/Src/stm32h5xx_hal_spi.c **** 
 5453              		.loc 1 2513 3 is_stmt 1 view .LVU1973
2513:Drivers/STM32H5xx_HAL_Driver/Src/stm32h5xx_hal_spi.c **** 
 5454              		.loc 1 2513 7 is_stmt 0 view .LVU1974
 5455 010e D4F88430 		ldr	r3, [r4, #132]
2513:Drivers/STM32H5xx_HAL_Driver/Src/stm32h5xx_hal_spi.c **** 
 5456              		.loc 1 2513 38 view .LVU1975
 5457 0112 984A     		ldr	r2, .L348+16
 5458 0114 1A66     		str	r2, [r3, #96]
2516:Drivers/STM32H5xx_HAL_Driver/Src/stm32h5xx_hal_spi.c **** 
 5459              		.loc 1 2516 3 is_stmt 1 view .LVU1976
2516:Drivers/STM32H5xx_HAL_Driver/Src/stm32h5xx_hal_spi.c **** 
 5460              		.loc 1 2516 7 is_stmt 0 view .LVU1977
 5461 0116 D4F88430 		ldr	r3, [r4, #132]
2516:Drivers/STM32H5xx_HAL_Driver/Src/stm32h5xx_hal_spi.c **** 
 5462              		.loc 1 2516 35 view .LVU1978
 5463 011a 974A     		ldr	r2, .L348+20
 5464 011c 9A66     		str	r2, [r3, #104]
2519:Drivers/STM32H5xx_HAL_Driver/Src/stm32h5xx_hal_spi.c **** 
 5465              		.loc 1 2519 3 is_stmt 1 view .LVU1979
2519:Drivers/STM32H5xx_HAL_Driver/Src/stm32h5xx_hal_spi.c **** 
 5466              		.loc 1 2519 7 is_stmt 0 view .LVU1980
 5467 011e D4F88430 		ldr	r3, [r4, #132]
2519:Drivers/STM32H5xx_HAL_Driver/Src/stm32h5xx_hal_spi.c **** 
 5468              		.loc 1 2519 35 view .LVU1981
 5469 0122 0022     		movs	r2, #0
 5470 0124 DA66     		str	r2, [r3, #108]
2521:Drivers/STM32H5xx_HAL_Driver/Src/stm32h5xx_hal_spi.c ****   {
 5471              		.loc 1 2521 3 is_stmt 1 view .LVU1982
2521:Drivers/STM32H5xx_HAL_Driver/Src/stm32h5xx_hal_spi.c ****   {
 5472              		.loc 1 2521 17 is_stmt 0 view .LVU1983
 5473 0126 E368     		ldr	r3, [r4, #12]
2521:Drivers/STM32H5xx_HAL_Driver/Src/stm32h5xx_hal_spi.c ****   {
 5474              		.loc 1 2521 6 view .LVU1984
 5475 0128 072B     		cmp	r3, #7
 5476 012a 00F2D280 		bhi	.L320
2523:Drivers/STM32H5xx_HAL_Driver/Src/stm32h5xx_hal_spi.c ****   }
 5477              		.loc 1 2523 5 is_stmt 1 view .LVU1985
2523:Drivers/STM32H5xx_HAL_Driver/Src/stm32h5xx_hal_spi.c ****   }
 5478              		.loc 1 2523 23 is_stmt 0 view .LVU1986
 5479 012e A4F87260 		strh	r6, [r4, #114]	@ movhi
 5480              	.L321:
2534:Drivers/STM32H5xx_HAL_Driver/Src/stm32h5xx_hal_spi.c ****   {
 5481              		.loc 1 2534 3 is_stmt 1 view .LVU1987
2534:Drivers/STM32H5xx_HAL_Driver/Src/stm32h5xx_hal_spi.c ****   {
 5482              		.loc 1 2534 12 is_stmt 0 view .LVU1988
 5483 0132 D4F88400 		ldr	r0, [r4, #132]
2534:Drivers/STM32H5xx_HAL_Driver/Src/stm32h5xx_hal_spi.c ****   {
 5484              		.loc 1 2534 20 view .LVU1989
 5485 0136 036D     		ldr	r3, [r0, #80]
ARM GAS  /tmp/cc3pUyOJ.s 			page 199


2534:Drivers/STM32H5xx_HAL_Driver/Src/stm32h5xx_hal_spi.c ****   {
 5486              		.loc 1 2534 6 view .LVU1990
 5487 0138 13F0800F 		tst	r3, #128
 5488 013c 00F0D580 		beq	.L323
2536:Drivers/STM32H5xx_HAL_Driver/Src/stm32h5xx_hal_spi.c ****     {
 5489              		.loc 1 2536 5 is_stmt 1 view .LVU1991
2536:Drivers/STM32H5xx_HAL_Driver/Src/stm32h5xx_hal_spi.c ****     {
 5490              		.loc 1 2536 21 is_stmt 0 view .LVU1992
 5491 0140 426F     		ldr	r2, [r0, #116]
2536:Drivers/STM32H5xx_HAL_Driver/Src/stm32h5xx_hal_spi.c ****     {
 5492              		.loc 1 2536 8 view .LVU1993
 5493 0142 002A     		cmp	r2, #0
 5494 0144 00F0DA80 		beq	.L324
2539:Drivers/STM32H5xx_HAL_Driver/Src/stm32h5xx_hal_spi.c **** 
 5495              		.loc 1 2539 7 is_stmt 1 view .LVU1994
2539:Drivers/STM32H5xx_HAL_Driver/Src/stm32h5xx_hal_spi.c **** 
 5496              		.loc 1 2539 90 is_stmt 0 view .LVU1995
 5497 0148 B4F87230 		ldrh	r3, [r4, #114]
 5498 014c 9BB2     		uxth	r3, r3
2539:Drivers/STM32H5xx_HAL_Driver/Src/stm32h5xx_hal_spi.c **** 
 5499              		.loc 1 2539 36 view .LVU1996
 5500 014e 1268     		ldr	r2, [r2]
2539:Drivers/STM32H5xx_HAL_Driver/Src/stm32h5xx_hal_spi.c **** 
 5501              		.loc 1 2539 84 view .LVU1997
 5502 0150 9360     		str	r3, [r2, #8]
2542:Drivers/STM32H5xx_HAL_Driver/Src/stm32h5xx_hal_spi.c **** 
 5503              		.loc 1 2542 7 is_stmt 1 view .LVU1998
2542:Drivers/STM32H5xx_HAL_Driver/Src/stm32h5xx_hal_spi.c **** 
 5504              		.loc 1 2542 101 is_stmt 0 view .LVU1999
 5505 0152 2368     		ldr	r3, [r4]
2542:Drivers/STM32H5xx_HAL_Driver/Src/stm32h5xx_hal_spi.c **** 
 5506              		.loc 1 2542 96 view .LVU2000
 5507 0154 3033     		adds	r3, r3, #48
2542:Drivers/STM32H5xx_HAL_Driver/Src/stm32h5xx_hal_spi.c **** 
 5508              		.loc 1 2542 11 view .LVU2001
 5509 0156 D4F88420 		ldr	r2, [r4, #132]
2542:Drivers/STM32H5xx_HAL_Driver/Src/stm32h5xx_hal_spi.c **** 
 5510              		.loc 1 2542 19 view .LVU2002
 5511 015a 526F     		ldr	r2, [r2, #116]
2542:Drivers/STM32H5xx_HAL_Driver/Src/stm32h5xx_hal_spi.c **** 
 5512              		.loc 1 2542 36 view .LVU2003
 5513 015c 1268     		ldr	r2, [r2]
2542:Drivers/STM32H5xx_HAL_Driver/Src/stm32h5xx_hal_spi.c **** 
 5514              		.loc 1 2542 84 view .LVU2004
 5515 015e D360     		str	r3, [r2, #12]
2545:Drivers/STM32H5xx_HAL_Driver/Src/stm32h5xx_hal_spi.c **** 
 5516              		.loc 1 2545 7 is_stmt 1 view .LVU2005
2545:Drivers/STM32H5xx_HAL_Driver/Src/stm32h5xx_hal_spi.c **** 
 5517              		.loc 1 2545 100 is_stmt 0 view .LVU2006
 5518 0160 E26E     		ldr	r2, [r4, #108]
2545:Drivers/STM32H5xx_HAL_Driver/Src/stm32h5xx_hal_spi.c **** 
 5519              		.loc 1 2545 11 view .LVU2007
 5520 0162 D4F88430 		ldr	r3, [r4, #132]
2545:Drivers/STM32H5xx_HAL_Driver/Src/stm32h5xx_hal_spi.c **** 
 5521              		.loc 1 2545 19 view .LVU2008
 5522 0166 5B6F     		ldr	r3, [r3, #116]
2545:Drivers/STM32H5xx_HAL_Driver/Src/stm32h5xx_hal_spi.c **** 
ARM GAS  /tmp/cc3pUyOJ.s 			page 200


 5523              		.loc 1 2545 36 view .LVU2009
 5524 0168 1B68     		ldr	r3, [r3]
2545:Drivers/STM32H5xx_HAL_Driver/Src/stm32h5xx_hal_spi.c **** 
 5525              		.loc 1 2545 84 view .LVU2010
 5526 016a 1A61     		str	r2, [r3, #16]
2547:Drivers/STM32H5xx_HAL_Driver/Src/stm32h5xx_hal_spi.c ****     }
 5527              		.loc 1 2547 7 is_stmt 1 view .LVU2011
2547:Drivers/STM32H5xx_HAL_Driver/Src/stm32h5xx_hal_spi.c ****     }
 5528              		.loc 1 2547 16 is_stmt 0 view .LVU2012
 5529 016c D4F88400 		ldr	r0, [r4, #132]
 5530 0170 FFF7FEFF 		bl	HAL_DMAEx_List_Start_IT
 5531              	.LVL261:
 5532              	.L325:
2561:Drivers/STM32H5xx_HAL_Driver/Src/stm32h5xx_hal_spi.c ****   {
 5533              		.loc 1 2561 3 is_stmt 1 view .LVU2013
2561:Drivers/STM32H5xx_HAL_Driver/Src/stm32h5xx_hal_spi.c ****   {
 5534              		.loc 1 2561 6 is_stmt 0 view .LVU2014
 5535 0174 0028     		cmp	r0, #0
 5536 0176 40F0C180 		bne	.L324
2574:Drivers/STM32H5xx_HAL_Driver/Src/stm32h5xx_hal_spi.c **** 
 5537              		.loc 1 2574 3 is_stmt 1 view .LVU2015
 5538 017a 2268     		ldr	r2, [r4]
 5539 017c 9368     		ldr	r3, [r2, #8]
 5540 017e 43F48043 		orr	r3, r3, #16384
 5541 0182 9360     		str	r3, [r2, #8]
2578:Drivers/STM32H5xx_HAL_Driver/Src/stm32h5xx_hal_spi.c ****   hspi->hdmatx->XferCpltCallback     = NULL;
 5542              		.loc 1 2578 3 view .LVU2016
2578:Drivers/STM32H5xx_HAL_Driver/Src/stm32h5xx_hal_spi.c ****   hspi->hdmatx->XferCpltCallback     = NULL;
 5543              		.loc 1 2578 7 is_stmt 0 view .LVU2017
 5544 0184 D4F88020 		ldr	r2, [r4, #128]
2578:Drivers/STM32H5xx_HAL_Driver/Src/stm32h5xx_hal_spi.c ****   hspi->hdmatx->XferCpltCallback     = NULL;
 5545              		.loc 1 2578 38 view .LVU2018
 5546 0188 0023     		movs	r3, #0
 5547 018a 5366     		str	r3, [r2, #100]
2579:Drivers/STM32H5xx_HAL_Driver/Src/stm32h5xx_hal_spi.c ****   hspi->hdmatx->XferAbortCallback    = NULL;
 5548              		.loc 1 2579 3 is_stmt 1 view .LVU2019
2579:Drivers/STM32H5xx_HAL_Driver/Src/stm32h5xx_hal_spi.c ****   hspi->hdmatx->XferAbortCallback    = NULL;
 5549              		.loc 1 2579 7 is_stmt 0 view .LVU2020
 5550 018c D4F88020 		ldr	r2, [r4, #128]
2579:Drivers/STM32H5xx_HAL_Driver/Src/stm32h5xx_hal_spi.c ****   hspi->hdmatx->XferAbortCallback    = NULL;
 5551              		.loc 1 2579 38 view .LVU2021
 5552 0190 1366     		str	r3, [r2, #96]
2580:Drivers/STM32H5xx_HAL_Driver/Src/stm32h5xx_hal_spi.c **** 
 5553              		.loc 1 2580 3 is_stmt 1 view .LVU2022
2580:Drivers/STM32H5xx_HAL_Driver/Src/stm32h5xx_hal_spi.c **** 
 5554              		.loc 1 2580 7 is_stmt 0 view .LVU2023
 5555 0192 D4F88020 		ldr	r2, [r4, #128]
2580:Drivers/STM32H5xx_HAL_Driver/Src/stm32h5xx_hal_spi.c **** 
 5556              		.loc 1 2580 38 view .LVU2024
 5557 0196 D366     		str	r3, [r2, #108]
2583:Drivers/STM32H5xx_HAL_Driver/Src/stm32h5xx_hal_spi.c **** 
 5558              		.loc 1 2583 3 is_stmt 1 view .LVU2025
2583:Drivers/STM32H5xx_HAL_Driver/Src/stm32h5xx_hal_spi.c **** 
 5559              		.loc 1 2583 7 is_stmt 0 view .LVU2026
 5560 0198 D4F88030 		ldr	r3, [r4, #128]
2583:Drivers/STM32H5xx_HAL_Driver/Src/stm32h5xx_hal_spi.c **** 
 5561              		.loc 1 2583 38 view .LVU2027
ARM GAS  /tmp/cc3pUyOJ.s 			page 201


 5562 019c 764A     		ldr	r2, .L348+20
 5563 019e 9A66     		str	r2, [r3, #104]
2585:Drivers/STM32H5xx_HAL_Driver/Src/stm32h5xx_hal_spi.c ****   {
 5564              		.loc 1 2585 3 is_stmt 1 view .LVU2028
2585:Drivers/STM32H5xx_HAL_Driver/Src/stm32h5xx_hal_spi.c ****   {
 5565              		.loc 1 2585 17 is_stmt 0 view .LVU2029
 5566 01a0 E368     		ldr	r3, [r4, #12]
2585:Drivers/STM32H5xx_HAL_Driver/Src/stm32h5xx_hal_spi.c ****   {
 5567              		.loc 1 2585 6 view .LVU2030
 5568 01a2 072B     		cmp	r3, #7
 5569 01a4 00F2B780 		bhi	.L327
2587:Drivers/STM32H5xx_HAL_Driver/Src/stm32h5xx_hal_spi.c ****   }
 5570              		.loc 1 2587 5 is_stmt 1 view .LVU2031
2587:Drivers/STM32H5xx_HAL_Driver/Src/stm32h5xx_hal_spi.c ****   }
 5571              		.loc 1 2587 23 is_stmt 0 view .LVU2032
 5572 01a8 A4F86A60 		strh	r6, [r4, #106]	@ movhi
 5573              	.L328:
2599:Drivers/STM32H5xx_HAL_Driver/Src/stm32h5xx_hal_spi.c ****   {
 5574              		.loc 1 2599 3 is_stmt 1 view .LVU2033
2599:Drivers/STM32H5xx_HAL_Driver/Src/stm32h5xx_hal_spi.c ****   {
 5575              		.loc 1 2599 12 is_stmt 0 view .LVU2034
 5576 01ac D4F88000 		ldr	r0, [r4, #128]
 5577              	.LVL262:
2599:Drivers/STM32H5xx_HAL_Driver/Src/stm32h5xx_hal_spi.c ****   {
 5578              		.loc 1 2599 20 view .LVU2035
 5579 01b0 036D     		ldr	r3, [r0, #80]
2599:Drivers/STM32H5xx_HAL_Driver/Src/stm32h5xx_hal_spi.c ****   {
 5580              		.loc 1 2599 6 view .LVU2036
 5581 01b2 13F0800F 		tst	r3, #128
 5582 01b6 00F0BA80 		beq	.L330
2601:Drivers/STM32H5xx_HAL_Driver/Src/stm32h5xx_hal_spi.c ****     {
 5583              		.loc 1 2601 5 is_stmt 1 view .LVU2037
2601:Drivers/STM32H5xx_HAL_Driver/Src/stm32h5xx_hal_spi.c ****     {
 5584              		.loc 1 2601 21 is_stmt 0 view .LVU2038
 5585 01ba 426F     		ldr	r2, [r0, #116]
2601:Drivers/STM32H5xx_HAL_Driver/Src/stm32h5xx_hal_spi.c ****     {
 5586              		.loc 1 2601 8 view .LVU2039
 5587 01bc 002A     		cmp	r2, #0
 5588 01be 00F0BF80 		beq	.L331
2604:Drivers/STM32H5xx_HAL_Driver/Src/stm32h5xx_hal_spi.c **** 
 5589              		.loc 1 2604 7 is_stmt 1 view .LVU2040
2604:Drivers/STM32H5xx_HAL_Driver/Src/stm32h5xx_hal_spi.c **** 
 5590              		.loc 1 2604 90 is_stmt 0 view .LVU2041
 5591 01c2 B4F86A30 		ldrh	r3, [r4, #106]
 5592 01c6 9BB2     		uxth	r3, r3
2604:Drivers/STM32H5xx_HAL_Driver/Src/stm32h5xx_hal_spi.c **** 
 5593              		.loc 1 2604 36 view .LVU2042
 5594 01c8 1268     		ldr	r2, [r2]
2604:Drivers/STM32H5xx_HAL_Driver/Src/stm32h5xx_hal_spi.c **** 
 5595              		.loc 1 2604 84 view .LVU2043
 5596 01ca 9360     		str	r3, [r2, #8]
2607:Drivers/STM32H5xx_HAL_Driver/Src/stm32h5xx_hal_spi.c **** 
 5597              		.loc 1 2607 7 is_stmt 1 view .LVU2044
2607:Drivers/STM32H5xx_HAL_Driver/Src/stm32h5xx_hal_spi.c **** 
 5598              		.loc 1 2607 100 is_stmt 0 view .LVU2045
 5599 01cc 626E     		ldr	r2, [r4, #100]
2607:Drivers/STM32H5xx_HAL_Driver/Src/stm32h5xx_hal_spi.c **** 
ARM GAS  /tmp/cc3pUyOJ.s 			page 202


 5600              		.loc 1 2607 11 view .LVU2046
 5601 01ce D4F88030 		ldr	r3, [r4, #128]
2607:Drivers/STM32H5xx_HAL_Driver/Src/stm32h5xx_hal_spi.c **** 
 5602              		.loc 1 2607 19 view .LVU2047
 5603 01d2 5B6F     		ldr	r3, [r3, #116]
2607:Drivers/STM32H5xx_HAL_Driver/Src/stm32h5xx_hal_spi.c **** 
 5604              		.loc 1 2607 36 view .LVU2048
 5605 01d4 1B68     		ldr	r3, [r3]
2607:Drivers/STM32H5xx_HAL_Driver/Src/stm32h5xx_hal_spi.c **** 
 5606              		.loc 1 2607 84 view .LVU2049
 5607 01d6 DA60     		str	r2, [r3, #12]
2610:Drivers/STM32H5xx_HAL_Driver/Src/stm32h5xx_hal_spi.c **** 
 5608              		.loc 1 2610 7 is_stmt 1 view .LVU2050
2610:Drivers/STM32H5xx_HAL_Driver/Src/stm32h5xx_hal_spi.c **** 
 5609              		.loc 1 2610 101 is_stmt 0 view .LVU2051
 5610 01d8 2368     		ldr	r3, [r4]
2610:Drivers/STM32H5xx_HAL_Driver/Src/stm32h5xx_hal_spi.c **** 
 5611              		.loc 1 2610 96 view .LVU2052
 5612 01da 2033     		adds	r3, r3, #32
2610:Drivers/STM32H5xx_HAL_Driver/Src/stm32h5xx_hal_spi.c **** 
 5613              		.loc 1 2610 11 view .LVU2053
 5614 01dc D4F88020 		ldr	r2, [r4, #128]
2610:Drivers/STM32H5xx_HAL_Driver/Src/stm32h5xx_hal_spi.c **** 
 5615              		.loc 1 2610 19 view .LVU2054
 5616 01e0 526F     		ldr	r2, [r2, #116]
2610:Drivers/STM32H5xx_HAL_Driver/Src/stm32h5xx_hal_spi.c **** 
 5617              		.loc 1 2610 36 view .LVU2055
 5618 01e2 1268     		ldr	r2, [r2]
2610:Drivers/STM32H5xx_HAL_Driver/Src/stm32h5xx_hal_spi.c **** 
 5619              		.loc 1 2610 84 view .LVU2056
 5620 01e4 1361     		str	r3, [r2, #16]
2612:Drivers/STM32H5xx_HAL_Driver/Src/stm32h5xx_hal_spi.c ****     }
 5621              		.loc 1 2612 7 is_stmt 1 view .LVU2057
2612:Drivers/STM32H5xx_HAL_Driver/Src/stm32h5xx_hal_spi.c ****     }
 5622              		.loc 1 2612 16 is_stmt 0 view .LVU2058
 5623 01e6 D4F88000 		ldr	r0, [r4, #128]
 5624 01ea FFF7FEFF 		bl	HAL_DMAEx_List_Start_IT
 5625              	.LVL263:
 5626              	.L332:
2626:Drivers/STM32H5xx_HAL_Driver/Src/stm32h5xx_hal_spi.c ****   {
 5627              		.loc 1 2626 3 is_stmt 1 view .LVU2059
2626:Drivers/STM32H5xx_HAL_Driver/Src/stm32h5xx_hal_spi.c ****   {
 5628              		.loc 1 2626 6 is_stmt 0 view .LVU2060
 5629 01ee 0028     		cmp	r0, #0
 5630 01f0 40F0A680 		bne	.L331
2641:Drivers/STM32H5xx_HAL_Driver/Src/stm32h5xx_hal_spi.c ****   {
 5631              		.loc 1 2641 3 is_stmt 1 view .LVU2061
2641:Drivers/STM32H5xx_HAL_Driver/Src/stm32h5xx_hal_spi.c ****   {
 5632              		.loc 1 2641 12 is_stmt 0 view .LVU2062
 5633 01f4 D4F88430 		ldr	r3, [r4, #132]
2641:Drivers/STM32H5xx_HAL_Driver/Src/stm32h5xx_hal_spi.c ****   {
 5634              		.loc 1 2641 20 view .LVU2063
 5635 01f8 1B6D     		ldr	r3, [r3, #80]
2641:Drivers/STM32H5xx_HAL_Driver/Src/stm32h5xx_hal_spi.c ****   {
 5636              		.loc 1 2641 6 view .LVU2064
 5637 01fa 812B     		cmp	r3, #129
 5638 01fc 00F0BE80 		beq	.L345
ARM GAS  /tmp/cc3pUyOJ.s 			page 203


 5639              	.L334:
2647:Drivers/STM32H5xx_HAL_Driver/Src/stm32h5xx_hal_spi.c ****   }
 5640              		.loc 1 2647 5 is_stmt 1 view .LVU2065
 5641 0200 2268     		ldr	r2, [r4]
 5642 0202 5368     		ldr	r3, [r2, #4]
 5643 0204 6FF30F03 		bfc	r3, #0, #16
 5644 0208 3343     		orrs	r3, r3, r6
 5645 020a 5360     		str	r3, [r2, #4]
 5646              	.L335:
2651:Drivers/STM32H5xx_HAL_Driver/Src/stm32h5xx_hal_spi.c **** 
 5647              		.loc 1 2651 3 view .LVU2066
 5648 020c 2268     		ldr	r2, [r4]
 5649 020e 9368     		ldr	r3, [r2, #8]
 5650 0210 43F40043 		orr	r3, r3, #32768
 5651 0214 9360     		str	r3, [r2, #8]
2654:Drivers/STM32H5xx_HAL_Driver/Src/stm32h5xx_hal_spi.c **** 
 5652              		.loc 1 2654 3 view .LVU2067
 5653 0216 2268     		ldr	r2, [r4]
 5654 0218 1369     		ldr	r3, [r2, #16]
 5655 021a 43F45873 		orr	r3, r3, #864
 5656 021e 1361     		str	r3, [r2, #16]
2657:Drivers/STM32H5xx_HAL_Driver/Src/stm32h5xx_hal_spi.c **** 
 5657              		.loc 1 2657 3 view .LVU2068
 5658 0220 2268     		ldr	r2, [r4]
 5659 0222 1368     		ldr	r3, [r2]
 5660 0224 43F00103 		orr	r3, r3, #1
 5661 0228 1360     		str	r3, [r2]
2659:Drivers/STM32H5xx_HAL_Driver/Src/stm32h5xx_hal_spi.c ****   {
 5662              		.loc 1 2659 3 view .LVU2069
2659:Drivers/STM32H5xx_HAL_Driver/Src/stm32h5xx_hal_spi.c ****   {
 5663              		.loc 1 2659 17 is_stmt 0 view .LVU2070
 5664 022a 6368     		ldr	r3, [r4, #4]
2659:Drivers/STM32H5xx_HAL_Driver/Src/stm32h5xx_hal_spi.c ****   {
 5665              		.loc 1 2659 6 view .LVU2071
 5666 022c B3F5800F 		cmp	r3, #4194304
 5667 0230 00F0B080 		beq	.L346
 5668              	.L336:
2666:Drivers/STM32H5xx_HAL_Driver/Src/stm32h5xx_hal_spi.c **** 
 5669              		.loc 1 2666 3 is_stmt 1 view .LVU2072
2666:Drivers/STM32H5xx_HAL_Driver/Src/stm32h5xx_hal_spi.c **** 
 5670              		.loc 1 2666 3 view .LVU2073
 5671 0234 0023     		movs	r3, #0
 5672 0236 84F88830 		strb	r3, [r4, #136]
2666:Drivers/STM32H5xx_HAL_Driver/Src/stm32h5xx_hal_spi.c **** 
 5673              		.loc 1 2666 3 view .LVU2074
2668:Drivers/STM32H5xx_HAL_Driver/Src/stm32h5xx_hal_spi.c **** }
 5674              		.loc 1 2668 3 view .LVU2075
2668:Drivers/STM32H5xx_HAL_Driver/Src/stm32h5xx_hal_spi.c **** }
 5675              		.loc 1 2668 10 is_stmt 0 view .LVU2076
 5676 023a 0546     		mov	r5, r0
 5677 023c B1E0     		b	.L309
 5678              	.LVL264:
 5679              	.L340:
2463:Drivers/STM32H5xx_HAL_Driver/Src/stm32h5xx_hal_spi.c ****        (IS_SPI_FULL_INSTANCE(hspi->Instance))) || \
 5680              		.loc 1 2463 14 view .LVU2077
 5681 023e D4F88020 		ldr	r2, [r4, #128]
2463:Drivers/STM32H5xx_HAL_Driver/Src/stm32h5xx_hal_spi.c ****        (IS_SPI_FULL_INSTANCE(hspi->Instance))) || \
ARM GAS  /tmp/cc3pUyOJ.s 			page 204


 5682              		.loc 1 2463 28 view .LVU2078
 5683 0242 9269     		ldr	r2, [r2, #24]
2462:Drivers/STM32H5xx_HAL_Driver/Src/stm32h5xx_hal_spi.c ****         (hspi->hdmatx->Init.SrcDataWidth != DMA_SRC_DATAWIDTH_WORD)) && \
 5684              		.loc 1 2462 71 view .LVU2079
 5685 0244 022A     		cmp	r2, #2
 5686 0246 7FF41BAF 		bne	.L311
 5687 024a 35E7     		b	.L310
 5688              	.LVL265:
 5689              	.L312:
2471:Drivers/STM32H5xx_HAL_Driver/Src/stm32h5xx_hal_spi.c ****     return HAL_ERROR;
 5690              		.loc 1 2471 5 is_stmt 1 view .LVU2080
2471:Drivers/STM32H5xx_HAL_Driver/Src/stm32h5xx_hal_spi.c ****     return HAL_ERROR;
 5691              		.loc 1 2471 5 view .LVU2081
 5692 024c 0023     		movs	r3, #0
 5693 024e 84F88830 		strb	r3, [r4, #136]
2471:Drivers/STM32H5xx_HAL_Driver/Src/stm32h5xx_hal_spi.c ****     return HAL_ERROR;
 5694              		.loc 1 2471 5 view .LVU2082
2472:Drivers/STM32H5xx_HAL_Driver/Src/stm32h5xx_hal_spi.c ****   }
 5695              		.loc 1 2472 5 view .LVU2083
2472:Drivers/STM32H5xx_HAL_Driver/Src/stm32h5xx_hal_spi.c ****   }
 5696              		.loc 1 2472 12 is_stmt 0 view .LVU2084
 5697 0252 A6E0     		b	.L309
 5698              	.L341:
2480:Drivers/STM32H5xx_HAL_Driver/Src/stm32h5xx_hal_spi.c ****     }
 5699              		.loc 1 2480 7 is_stmt 1 view .LVU2085
2480:Drivers/STM32H5xx_HAL_Driver/Src/stm32h5xx_hal_spi.c ****     }
 5700              		.loc 1 2480 32 is_stmt 0 view .LVU2086
 5701 0254 B4F86A20 		ldrh	r2, [r4, #106]
 5702 0258 92B2     		uxth	r2, r2
2480:Drivers/STM32H5xx_HAL_Driver/Src/stm32h5xx_hal_spi.c ****     }
 5703              		.loc 1 2480 46 view .LVU2087
 5704 025a 0132     		adds	r2, r2, #1
2480:Drivers/STM32H5xx_HAL_Driver/Src/stm32h5xx_hal_spi.c ****     }
 5705              		.loc 1 2480 25 view .LVU2088
 5706 025c 5208     		lsrs	r2, r2, #1
 5707 025e A4F86A20 		strh	r2, [r4, #106]	@ movhi
 5708 0262 40E7     		b	.L315
 5709              	.L342:
2484:Drivers/STM32H5xx_HAL_Driver/Src/stm32h5xx_hal_spi.c ****     }
 5710              		.loc 1 2484 7 is_stmt 1 view .LVU2089
2484:Drivers/STM32H5xx_HAL_Driver/Src/stm32h5xx_hal_spi.c ****     }
 5711              		.loc 1 2484 32 is_stmt 0 view .LVU2090
 5712 0264 B4F86A30 		ldrh	r3, [r4, #106]
 5713 0268 9BB2     		uxth	r3, r3
2484:Drivers/STM32H5xx_HAL_Driver/Src/stm32h5xx_hal_spi.c ****     }
 5714              		.loc 1 2484 46 view .LVU2091
 5715 026a 0333     		adds	r3, r3, #3
2484:Drivers/STM32H5xx_HAL_Driver/Src/stm32h5xx_hal_spi.c ****     }
 5716              		.loc 1 2484 25 view .LVU2092
 5717 026c 9B08     		lsrs	r3, r3, #2
 5718 026e A4F86A30 		strh	r3, [r4, #106]	@ movhi
 5719 0272 3CE7     		b	.L316
 5720              	.L343:
2488:Drivers/STM32H5xx_HAL_Driver/Src/stm32h5xx_hal_spi.c ****     }
 5721              		.loc 1 2488 7 is_stmt 1 view .LVU2093
2488:Drivers/STM32H5xx_HAL_Driver/Src/stm32h5xx_hal_spi.c ****     }
 5722              		.loc 1 2488 32 is_stmt 0 view .LVU2094
ARM GAS  /tmp/cc3pUyOJ.s 			page 205


 5723 0274 B4F87220 		ldrh	r2, [r4, #114]
 5724 0278 92B2     		uxth	r2, r2
2488:Drivers/STM32H5xx_HAL_Driver/Src/stm32h5xx_hal_spi.c ****     }
 5725              		.loc 1 2488 46 view .LVU2095
 5726 027a 0132     		adds	r2, r2, #1
2488:Drivers/STM32H5xx_HAL_Driver/Src/stm32h5xx_hal_spi.c ****     }
 5727              		.loc 1 2488 25 view .LVU2096
 5728 027c 5208     		lsrs	r2, r2, #1
 5729 027e A4F87220 		strh	r2, [r4, #114]	@ movhi
 5730 0282 3BE7     		b	.L317
 5731              	.L344:
2492:Drivers/STM32H5xx_HAL_Driver/Src/stm32h5xx_hal_spi.c ****     }
 5732              		.loc 1 2492 7 is_stmt 1 view .LVU2097
2492:Drivers/STM32H5xx_HAL_Driver/Src/stm32h5xx_hal_spi.c ****     }
 5733              		.loc 1 2492 32 is_stmt 0 view .LVU2098
 5734 0284 B4F87230 		ldrh	r3, [r4, #114]
 5735 0288 9BB2     		uxth	r3, r3
2492:Drivers/STM32H5xx_HAL_Driver/Src/stm32h5xx_hal_spi.c ****     }
 5736              		.loc 1 2492 46 view .LVU2099
 5737 028a 0333     		adds	r3, r3, #3
2492:Drivers/STM32H5xx_HAL_Driver/Src/stm32h5xx_hal_spi.c ****     }
 5738              		.loc 1 2492 25 view .LVU2100
 5739 028c 9B08     		lsrs	r3, r3, #2
 5740 028e A4F87230 		strh	r3, [r4, #114]	@ movhi
 5741 0292 38E7     		b	.L318
 5742              	.L314:
2495:Drivers/STM32H5xx_HAL_Driver/Src/stm32h5xx_hal_spi.c ****   {
 5743              		.loc 1 2495 8 is_stmt 1 view .LVU2101
2495:Drivers/STM32H5xx_HAL_Driver/Src/stm32h5xx_hal_spi.c ****   {
 5744              		.loc 1 2495 11 is_stmt 0 view .LVU2102
 5745 0294 0F2B     		cmp	r3, #15
 5746 0296 3FF636AF 		bhi	.L318
2497:Drivers/STM32H5xx_HAL_Driver/Src/stm32h5xx_hal_spi.c ****     {
 5747              		.loc 1 2497 5 is_stmt 1 view .LVU2103
2497:Drivers/STM32H5xx_HAL_Driver/Src/stm32h5xx_hal_spi.c ****     {
 5748              		.loc 1 2497 13 is_stmt 0 view .LVU2104
 5749 029a D4F88030 		ldr	r3, [r4, #128]
2497:Drivers/STM32H5xx_HAL_Driver/Src/stm32h5xx_hal_spi.c ****     {
 5750              		.loc 1 2497 27 view .LVU2105
 5751 029e 9B69     		ldr	r3, [r3, #24]
2497:Drivers/STM32H5xx_HAL_Driver/Src/stm32h5xx_hal_spi.c ****     {
 5752              		.loc 1 2497 8 view .LVU2106
 5753 02a0 022B     		cmp	r3, #2
 5754 02a2 0ED0     		beq	.L347
 5755              	.L319:
2501:Drivers/STM32H5xx_HAL_Driver/Src/stm32h5xx_hal_spi.c ****     {
 5756              		.loc 1 2501 5 is_stmt 1 view .LVU2107
2501:Drivers/STM32H5xx_HAL_Driver/Src/stm32h5xx_hal_spi.c ****     {
 5757              		.loc 1 2501 13 is_stmt 0 view .LVU2108
 5758 02a4 D4F88430 		ldr	r3, [r4, #132]
2501:Drivers/STM32H5xx_HAL_Driver/Src/stm32h5xx_hal_spi.c ****     {
 5759              		.loc 1 2501 27 view .LVU2109
 5760 02a8 DB69     		ldr	r3, [r3, #28]
2501:Drivers/STM32H5xx_HAL_Driver/Src/stm32h5xx_hal_spi.c ****     {
 5761              		.loc 1 2501 8 view .LVU2110
 5762 02aa B3F5003F 		cmp	r3, #131072
 5763 02ae 7FF42AAF 		bne	.L318
ARM GAS  /tmp/cc3pUyOJ.s 			page 206


2503:Drivers/STM32H5xx_HAL_Driver/Src/stm32h5xx_hal_spi.c ****     }
 5764              		.loc 1 2503 7 is_stmt 1 view .LVU2111
2503:Drivers/STM32H5xx_HAL_Driver/Src/stm32h5xx_hal_spi.c ****     }
 5765              		.loc 1 2503 32 is_stmt 0 view .LVU2112
 5766 02b2 B4F87230 		ldrh	r3, [r4, #114]
 5767 02b6 9BB2     		uxth	r3, r3
2503:Drivers/STM32H5xx_HAL_Driver/Src/stm32h5xx_hal_spi.c ****     }
 5768              		.loc 1 2503 46 view .LVU2113
 5769 02b8 0133     		adds	r3, r3, #1
2503:Drivers/STM32H5xx_HAL_Driver/Src/stm32h5xx_hal_spi.c ****     }
 5770              		.loc 1 2503 25 view .LVU2114
 5771 02ba 5B08     		lsrs	r3, r3, #1
 5772 02bc A4F87230 		strh	r3, [r4, #114]	@ movhi
 5773 02c0 21E7     		b	.L318
 5774              	.L347:
2499:Drivers/STM32H5xx_HAL_Driver/Src/stm32h5xx_hal_spi.c ****     }
 5775              		.loc 1 2499 7 is_stmt 1 view .LVU2115
2499:Drivers/STM32H5xx_HAL_Driver/Src/stm32h5xx_hal_spi.c ****     }
 5776              		.loc 1 2499 32 is_stmt 0 view .LVU2116
 5777 02c2 B4F86A30 		ldrh	r3, [r4, #106]
 5778 02c6 9BB2     		uxth	r3, r3
2499:Drivers/STM32H5xx_HAL_Driver/Src/stm32h5xx_hal_spi.c ****     }
 5779              		.loc 1 2499 46 view .LVU2117
 5780 02c8 0133     		adds	r3, r3, #1
2499:Drivers/STM32H5xx_HAL_Driver/Src/stm32h5xx_hal_spi.c ****     }
 5781              		.loc 1 2499 25 view .LVU2118
 5782 02ca 5B08     		lsrs	r3, r3, #1
 5783 02cc A4F86A30 		strh	r3, [r4, #106]	@ movhi
 5784 02d0 E8E7     		b	.L319
 5785              	.L320:
2525:Drivers/STM32H5xx_HAL_Driver/Src/stm32h5xx_hal_spi.c ****   {
 5786              		.loc 1 2525 8 is_stmt 1 view .LVU2119
2525:Drivers/STM32H5xx_HAL_Driver/Src/stm32h5xx_hal_spi.c ****   {
 5787              		.loc 1 2525 11 is_stmt 0 view .LVU2120
 5788 02d2 0F2B     		cmp	r3, #15
 5789 02d4 04D8     		bhi	.L322
2527:Drivers/STM32H5xx_HAL_Driver/Src/stm32h5xx_hal_spi.c ****   }
 5790              		.loc 1 2527 5 is_stmt 1 view .LVU2121
2527:Drivers/STM32H5xx_HAL_Driver/Src/stm32h5xx_hal_spi.c ****   }
 5791              		.loc 1 2527 30 is_stmt 0 view .LVU2122
 5792 02d6 7300     		lsls	r3, r6, #1
 5793 02d8 9BB2     		uxth	r3, r3
2527:Drivers/STM32H5xx_HAL_Driver/Src/stm32h5xx_hal_spi.c ****   }
 5794              		.loc 1 2527 23 view .LVU2123
 5795 02da A4F87230 		strh	r3, [r4, #114]	@ movhi
 5796 02de 28E7     		b	.L321
 5797              	.L322:
2531:Drivers/STM32H5xx_HAL_Driver/Src/stm32h5xx_hal_spi.c ****   }
 5798              		.loc 1 2531 5 is_stmt 1 view .LVU2124
2531:Drivers/STM32H5xx_HAL_Driver/Src/stm32h5xx_hal_spi.c ****   }
 5799              		.loc 1 2531 30 is_stmt 0 view .LVU2125
 5800 02e0 B300     		lsls	r3, r6, #2
 5801 02e2 9BB2     		uxth	r3, r3
2531:Drivers/STM32H5xx_HAL_Driver/Src/stm32h5xx_hal_spi.c ****   }
 5802              		.loc 1 2531 23 view .LVU2126
 5803 02e4 A4F87230 		strh	r3, [r4, #114]	@ movhi
 5804 02e8 23E7     		b	.L321
ARM GAS  /tmp/cc3pUyOJ.s 			page 207


 5805              	.L323:
2556:Drivers/STM32H5xx_HAL_Driver/Src/stm32h5xx_hal_spi.c ****                               hspi->RxXferCount);
 5806              		.loc 1 2556 5 is_stmt 1 view .LVU2127
2556:Drivers/STM32H5xx_HAL_Driver/Src/stm32h5xx_hal_spi.c ****                               hspi->RxXferCount);
 5807              		.loc 1 2556 60 is_stmt 0 view .LVU2128
 5808 02ea 2168     		ldr	r1, [r4]
2557:Drivers/STM32H5xx_HAL_Driver/Src/stm32h5xx_hal_spi.c ****   }
 5809              		.loc 1 2557 35 view .LVU2129
 5810 02ec B4F87230 		ldrh	r3, [r4, #114]
2556:Drivers/STM32H5xx_HAL_Driver/Src/stm32h5xx_hal_spi.c ****                               hspi->RxXferCount);
 5811              		.loc 1 2556 14 view .LVU2130
 5812 02f0 9BB2     		uxth	r3, r3
 5813 02f2 E26E     		ldr	r2, [r4, #108]
 5814 02f4 3031     		adds	r1, r1, #48
 5815 02f6 FFF7FEFF 		bl	HAL_DMA_Start_IT
 5816              	.LVL266:
2556:Drivers/STM32H5xx_HAL_Driver/Src/stm32h5xx_hal_spi.c ****                               hspi->RxXferCount);
 5817              		.loc 1 2556 14 view .LVU2131
 5818 02fa 3BE7     		b	.L325
 5819              	.LVL267:
 5820              	.L324:
2564:Drivers/STM32H5xx_HAL_Driver/Src/stm32h5xx_hal_spi.c ****     hspi->State = HAL_SPI_STATE_READY;
 5821              		.loc 1 2564 5 is_stmt 1 view .LVU2132
 5822 02fc D4F88C30 		ldr	r3, [r4, #140]
 5823 0300 43F01003 		orr	r3, r3, #16
 5824 0304 C4F88C30 		str	r3, [r4, #140]
2565:Drivers/STM32H5xx_HAL_Driver/Src/stm32h5xx_hal_spi.c **** 
 5825              		.loc 1 2565 5 view .LVU2133
2565:Drivers/STM32H5xx_HAL_Driver/Src/stm32h5xx_hal_spi.c **** 
 5826              		.loc 1 2565 17 is_stmt 0 view .LVU2134
 5827 0308 0123     		movs	r3, #1
 5828 030a 84F88930 		strb	r3, [r4, #137]
2568:Drivers/STM32H5xx_HAL_Driver/Src/stm32h5xx_hal_spi.c **** 
 5829              		.loc 1 2568 5 is_stmt 1 view .LVU2135
2568:Drivers/STM32H5xx_HAL_Driver/Src/stm32h5xx_hal_spi.c **** 
 5830              		.loc 1 2568 5 view .LVU2136
 5831 030e 0023     		movs	r3, #0
 5832 0310 84F88830 		strb	r3, [r4, #136]
2568:Drivers/STM32H5xx_HAL_Driver/Src/stm32h5xx_hal_spi.c **** 
 5833              		.loc 1 2568 5 view .LVU2137
2570:Drivers/STM32H5xx_HAL_Driver/Src/stm32h5xx_hal_spi.c ****   }
 5834              		.loc 1 2570 5 view .LVU2138
2570:Drivers/STM32H5xx_HAL_Driver/Src/stm32h5xx_hal_spi.c ****   }
 5835              		.loc 1 2570 12 is_stmt 0 view .LVU2139
 5836 0314 45E0     		b	.L309
 5837              	.LVL268:
 5838              	.L327:
2589:Drivers/STM32H5xx_HAL_Driver/Src/stm32h5xx_hal_spi.c ****   {
 5839              		.loc 1 2589 8 is_stmt 1 view .LVU2140
2589:Drivers/STM32H5xx_HAL_Driver/Src/stm32h5xx_hal_spi.c ****   {
 5840              		.loc 1 2589 11 is_stmt 0 view .LVU2141
 5841 0316 0F2B     		cmp	r3, #15
 5842 0318 04D8     		bhi	.L329
2591:Drivers/STM32H5xx_HAL_Driver/Src/stm32h5xx_hal_spi.c ****   }
 5843              		.loc 1 2591 5 is_stmt 1 view .LVU2142
2591:Drivers/STM32H5xx_HAL_Driver/Src/stm32h5xx_hal_spi.c ****   }
 5844              		.loc 1 2591 30 is_stmt 0 view .LVU2143
ARM GAS  /tmp/cc3pUyOJ.s 			page 208


 5845 031a 7300     		lsls	r3, r6, #1
 5846 031c 9BB2     		uxth	r3, r3
2591:Drivers/STM32H5xx_HAL_Driver/Src/stm32h5xx_hal_spi.c ****   }
 5847              		.loc 1 2591 23 view .LVU2144
 5848 031e A4F86A30 		strh	r3, [r4, #106]	@ movhi
 5849 0322 43E7     		b	.L328
 5850              	.L329:
2595:Drivers/STM32H5xx_HAL_Driver/Src/stm32h5xx_hal_spi.c ****   }
 5851              		.loc 1 2595 5 is_stmt 1 view .LVU2145
2595:Drivers/STM32H5xx_HAL_Driver/Src/stm32h5xx_hal_spi.c ****   }
 5852              		.loc 1 2595 30 is_stmt 0 view .LVU2146
 5853 0324 B300     		lsls	r3, r6, #2
 5854 0326 9BB2     		uxth	r3, r3
2595:Drivers/STM32H5xx_HAL_Driver/Src/stm32h5xx_hal_spi.c ****   }
 5855              		.loc 1 2595 23 view .LVU2147
 5856 0328 A4F86A30 		strh	r3, [r4, #106]	@ movhi
 5857 032c 3EE7     		b	.L328
 5858              	.LVL269:
 5859              	.L330:
2621:Drivers/STM32H5xx_HAL_Driver/Src/stm32h5xx_hal_spi.c ****                               hspi->TxXferCount);
 5860              		.loc 1 2621 5 is_stmt 1 view .LVU2148
2621:Drivers/STM32H5xx_HAL_Driver/Src/stm32h5xx_hal_spi.c ****                               hspi->TxXferCount);
 5861              		.loc 1 2621 88 is_stmt 0 view .LVU2149
 5862 032e 2268     		ldr	r2, [r4]
2622:Drivers/STM32H5xx_HAL_Driver/Src/stm32h5xx_hal_spi.c ****   }
 5863              		.loc 1 2622 35 view .LVU2150
 5864 0330 B4F86A30 		ldrh	r3, [r4, #106]
2621:Drivers/STM32H5xx_HAL_Driver/Src/stm32h5xx_hal_spi.c ****                               hspi->TxXferCount);
 5865              		.loc 1 2621 14 view .LVU2151
 5866 0334 9BB2     		uxth	r3, r3
 5867 0336 2032     		adds	r2, r2, #32
 5868 0338 616E     		ldr	r1, [r4, #100]
 5869 033a FFF7FEFF 		bl	HAL_DMA_Start_IT
 5870              	.LVL270:
2621:Drivers/STM32H5xx_HAL_Driver/Src/stm32h5xx_hal_spi.c ****                               hspi->TxXferCount);
 5871              		.loc 1 2621 14 view .LVU2152
 5872 033e 56E7     		b	.L332
 5873              	.LVL271:
 5874              	.L331:
2629:Drivers/STM32H5xx_HAL_Driver/Src/stm32h5xx_hal_spi.c **** 
 5875              		.loc 1 2629 5 is_stmt 1 view .LVU2153
2629:Drivers/STM32H5xx_HAL_Driver/Src/stm32h5xx_hal_spi.c **** 
 5876              		.loc 1 2629 11 is_stmt 0 view .LVU2154
 5877 0340 D4F88400 		ldr	r0, [r4, #132]
 5878 0344 FFF7FEFF 		bl	HAL_DMA_Abort
 5879              	.LVL272:
2632:Drivers/STM32H5xx_HAL_Driver/Src/stm32h5xx_hal_spi.c ****     hspi->State = HAL_SPI_STATE_READY;
 5880              		.loc 1 2632 5 is_stmt 1 view .LVU2155
 5881 0348 D4F88C30 		ldr	r3, [r4, #140]
 5882 034c 43F01003 		orr	r3, r3, #16
 5883 0350 C4F88C30 		str	r3, [r4, #140]
2633:Drivers/STM32H5xx_HAL_Driver/Src/stm32h5xx_hal_spi.c **** 
 5884              		.loc 1 2633 5 view .LVU2156
2633:Drivers/STM32H5xx_HAL_Driver/Src/stm32h5xx_hal_spi.c **** 
 5885              		.loc 1 2633 17 is_stmt 0 view .LVU2157
 5886 0354 0123     		movs	r3, #1
 5887 0356 84F88930 		strb	r3, [r4, #137]
ARM GAS  /tmp/cc3pUyOJ.s 			page 209


2636:Drivers/STM32H5xx_HAL_Driver/Src/stm32h5xx_hal_spi.c **** 
 5888              		.loc 1 2636 5 is_stmt 1 view .LVU2158
2636:Drivers/STM32H5xx_HAL_Driver/Src/stm32h5xx_hal_spi.c **** 
 5889              		.loc 1 2636 5 view .LVU2159
 5890 035a 0023     		movs	r3, #0
 5891 035c 84F88830 		strb	r3, [r4, #136]
2636:Drivers/STM32H5xx_HAL_Driver/Src/stm32h5xx_hal_spi.c **** 
 5892              		.loc 1 2636 5 view .LVU2160
2638:Drivers/STM32H5xx_HAL_Driver/Src/stm32h5xx_hal_spi.c ****   }
 5893              		.loc 1 2638 5 view .LVU2161
2638:Drivers/STM32H5xx_HAL_Driver/Src/stm32h5xx_hal_spi.c ****   }
 5894              		.loc 1 2638 12 is_stmt 0 view .LVU2162
 5895 0360 1FE0     		b	.L309
 5896              	.L349:
 5897 0362 00BF     		.align	2
 5898              	.L348:
 5899 0364 00300140 		.word	1073819648
 5900 0368 00380040 		.word	1073756160
 5901 036c 003C0040 		.word	1073757184
 5902 0370 00000000 		.word	SPI_DMAHalfTransmitReceiveCplt
 5903 0374 00000000 		.word	SPI_DMATransmitReceiveCplt
 5904 0378 00000000 		.word	SPI_DMAError
 5905              	.LVL273:
 5906              	.L345:
2641:Drivers/STM32H5xx_HAL_Driver/Src/stm32h5xx_hal_spi.c ****   {
 5907              		.loc 1 2641 63 discriminator 1 view .LVU2163
 5908 037c D4F88030 		ldr	r3, [r4, #128]
2641:Drivers/STM32H5xx_HAL_Driver/Src/stm32h5xx_hal_spi.c ****   {
 5909              		.loc 1 2641 71 discriminator 1 view .LVU2164
 5910 0380 1B6D     		ldr	r3, [r3, #80]
2641:Drivers/STM32H5xx_HAL_Driver/Src/stm32h5xx_hal_spi.c ****   {
 5911              		.loc 1 2641 55 discriminator 1 view .LVU2165
 5912 0382 812B     		cmp	r3, #129
 5913 0384 7FF43CAF 		bne	.L334
2643:Drivers/STM32H5xx_HAL_Driver/Src/stm32h5xx_hal_spi.c ****   }
 5914              		.loc 1 2643 5 is_stmt 1 view .LVU2166
 5915 0388 2268     		ldr	r2, [r4]
 5916 038a 5368     		ldr	r3, [r2, #4]
 5917 038c 6FF30F03 		bfc	r3, #0, #16
 5918 0390 5360     		str	r3, [r2, #4]
 5919 0392 3BE7     		b	.L335
 5920              	.L346:
2662:Drivers/STM32H5xx_HAL_Driver/Src/stm32h5xx_hal_spi.c ****   }
 5921              		.loc 1 2662 5 view .LVU2167
 5922 0394 2268     		ldr	r2, [r4]
 5923 0396 1368     		ldr	r3, [r2]
 5924 0398 43F40073 		orr	r3, r3, #512
 5925 039c 1360     		str	r3, [r2]
 5926 039e 49E7     		b	.L336
 5927              	.LVL274:
 5928              	.L337:
2429:Drivers/STM32H5xx_HAL_Driver/Src/stm32h5xx_hal_spi.c ****   }
 5929              		.loc 1 2429 12 is_stmt 0 view .LVU2168
 5930 03a0 0225     		movs	r5, #2
 5931              	.LVL275:
 5932              	.L309:
2669:Drivers/STM32H5xx_HAL_Driver/Src/stm32h5xx_hal_spi.c **** #endif /* HAL_DMA_MODULE_ENABLED */
ARM GAS  /tmp/cc3pUyOJ.s 			page 210


 5933              		.loc 1 2669 1 view .LVU2169
 5934 03a2 2846     		mov	r0, r5
 5935 03a4 70BD     		pop	{r4, r5, r6, pc}
 5936              	.LVL276:
 5937              	.L338:
2438:Drivers/STM32H5xx_HAL_Driver/Src/stm32h5xx_hal_spi.c **** 
 5938              		.loc 1 2438 3 discriminator 1 view .LVU2170
 5939 03a6 0225     		movs	r5, #2
 5940 03a8 FBE7     		b	.L309
 5941              		.cfi_endproc
 5942              	.LFE169:
 5944 03aa 00BF     		.section	.text.HAL_SPI_Abort,"ax",%progbits
 5945              		.align	1
 5946              		.global	HAL_SPI_Abort
 5947              		.syntax unified
 5948              		.thumb
 5949              		.thumb_func
 5951              	HAL_SPI_Abort:
 5952              	.LVL277:
 5953              	.LFB170:
2686:Drivers/STM32H5xx_HAL_Driver/Src/stm32h5xx_hal_spi.c ****   HAL_StatusTypeDef errorcode;
 5954              		.loc 1 2686 1 is_stmt 1 view -0
 5955              		.cfi_startproc
 5956              		@ args = 0, pretend = 0, frame = 8
 5957              		@ frame_needed = 0, uses_anonymous_args = 0
2687:Drivers/STM32H5xx_HAL_Driver/Src/stm32h5xx_hal_spi.c **** 
 5958              		.loc 1 2687 3 view .LVU2172
2689:Drivers/STM32H5xx_HAL_Driver/Src/stm32h5xx_hal_spi.c **** 
 5959              		.loc 1 2689 3 view .LVU2173
2692:Drivers/STM32H5xx_HAL_Driver/Src/stm32h5xx_hal_spi.c **** 
 5960              		.loc 1 2692 3 view .LVU2174
2692:Drivers/STM32H5xx_HAL_Driver/Src/stm32h5xx_hal_spi.c **** 
 5961              		.loc 1 2692 3 view .LVU2175
 5962 0000 90F88830 		ldrb	r3, [r0, #136]	@ zero_extendqisi2
 5963 0004 012B     		cmp	r3, #1
 5964 0006 00F0A080 		beq	.L364
2686:Drivers/STM32H5xx_HAL_Driver/Src/stm32h5xx_hal_spi.c ****   HAL_StatusTypeDef errorcode;
 5965              		.loc 1 2686 1 is_stmt 0 view .LVU2176
 5966 000a 10B5     		push	{r4, lr}
 5967              	.LCFI27:
 5968              		.cfi_def_cfa_offset 8
 5969              		.cfi_offset 4, -8
 5970              		.cfi_offset 14, -4
 5971 000c 82B0     		sub	sp, sp, #8
 5972              	.LCFI28:
 5973              		.cfi_def_cfa_offset 16
 5974 000e 0446     		mov	r4, r0
2692:Drivers/STM32H5xx_HAL_Driver/Src/stm32h5xx_hal_spi.c **** 
 5975              		.loc 1 2692 3 is_stmt 1 discriminator 2 view .LVU2177
 5976 0010 0123     		movs	r3, #1
 5977 0012 80F88830 		strb	r3, [r0, #136]
2692:Drivers/STM32H5xx_HAL_Driver/Src/stm32h5xx_hal_spi.c **** 
 5978              		.loc 1 2692 3 discriminator 2 view .LVU2178
2695:Drivers/STM32H5xx_HAL_Driver/Src/stm32h5xx_hal_spi.c **** 
 5979              		.loc 1 2695 3 view .LVU2179
2695:Drivers/STM32H5xx_HAL_Driver/Src/stm32h5xx_hal_spi.c **** 
 5980              		.loc 1 2695 15 is_stmt 0 view .LVU2180
ARM GAS  /tmp/cc3pUyOJ.s 			page 211


 5981 0016 0723     		movs	r3, #7
 5982 0018 80F88930 		strb	r3, [r0, #137]
2698:Drivers/STM32H5xx_HAL_Driver/Src/stm32h5xx_hal_spi.c ****   count = SPI_DEFAULT_TIMEOUT * (SystemCoreClock / 24UL / 1000UL);
 5983              		.loc 1 2698 3 is_stmt 1 view .LVU2181
 5984              	.LVL278:
2699:Drivers/STM32H5xx_HAL_Driver/Src/stm32h5xx_hal_spi.c **** 
 5985              		.loc 1 2699 3 view .LVU2182
2699:Drivers/STM32H5xx_HAL_Driver/Src/stm32h5xx_hal_spi.c **** 
 5986              		.loc 1 2699 57 is_stmt 0 view .LVU2183
 5987 001c 4C4B     		ldr	r3, .L375
 5988 001e 1B68     		ldr	r3, [r3]
 5989 0020 4C4A     		ldr	r2, .L375+4
 5990 0022 A2FB0323 		umull	r2, r3, r2, r3
 5991 0026 5B0A     		lsrs	r3, r3, #9
2699:Drivers/STM32H5xx_HAL_Driver/Src/stm32h5xx_hal_spi.c **** 
 5992              		.loc 1 2699 31 view .LVU2184
 5993 0028 6422     		movs	r2, #100
 5994 002a 02FB03F3 		mul	r3, r2, r3
2699:Drivers/STM32H5xx_HAL_Driver/Src/stm32h5xx_hal_spi.c **** 
 5995              		.loc 1 2699 9 view .LVU2185
 5996 002e 0193     		str	r3, [sp, #4]
2702:Drivers/STM32H5xx_HAL_Driver/Src/stm32h5xx_hal_spi.c ****   {
 5997              		.loc 1 2702 3 is_stmt 1 view .LVU2186
2702:Drivers/STM32H5xx_HAL_Driver/Src/stm32h5xx_hal_spi.c ****   {
 5998              		.loc 1 2702 7 is_stmt 0 view .LVU2187
 5999 0030 0368     		ldr	r3, [r0]
 6000 0032 1A68     		ldr	r2, [r3]
2702:Drivers/STM32H5xx_HAL_Driver/Src/stm32h5xx_hal_spi.c ****   {
 6001              		.loc 1 2702 6 view .LVU2188
 6002 0034 12F4007F 		tst	r2, #512
 6003 0038 40D0     		beq	.L352
2705:Drivers/STM32H5xx_HAL_Driver/Src/stm32h5xx_hal_spi.c ****     do
 6004              		.loc 1 2705 5 is_stmt 1 view .LVU2189
 6005 003a 1A69     		ldr	r2, [r3, #16]
 6006 003c 22F00802 		bic	r2, r2, #8
 6007 0040 1A61     		str	r2, [r3, #16]
 6008              	.L355:
2706:Drivers/STM32H5xx_HAL_Driver/Src/stm32h5xx_hal_spi.c ****     {
 6009              		.loc 1 2706 5 view .LVU2190
2708:Drivers/STM32H5xx_HAL_Driver/Src/stm32h5xx_hal_spi.c ****       if (count == 0UL)
 6010              		.loc 1 2708 7 view .LVU2191
2708:Drivers/STM32H5xx_HAL_Driver/Src/stm32h5xx_hal_spi.c ****       if (count == 0UL)
 6011              		.loc 1 2708 12 is_stmt 0 view .LVU2192
 6012 0042 019B     		ldr	r3, [sp, #4]
 6013 0044 013B     		subs	r3, r3, #1
 6014 0046 0193     		str	r3, [sp, #4]
2709:Drivers/STM32H5xx_HAL_Driver/Src/stm32h5xx_hal_spi.c ****       {
 6015              		.loc 1 2709 7 is_stmt 1 view .LVU2193
2709:Drivers/STM32H5xx_HAL_Driver/Src/stm32h5xx_hal_spi.c ****       {
 6016              		.loc 1 2709 17 is_stmt 0 view .LVU2194
 6017 0048 019B     		ldr	r3, [sp, #4]
2709:Drivers/STM32H5xx_HAL_Driver/Src/stm32h5xx_hal_spi.c ****       {
 6018              		.loc 1 2709 10 view .LVU2195
 6019 004a 2BB1     		cbz	r3, .L370
2714:Drivers/STM32H5xx_HAL_Driver/Src/stm32h5xx_hal_spi.c **** 
 6020              		.loc 1 2714 14 is_stmt 1 view .LVU2196
 6021 004c 2368     		ldr	r3, [r4]
ARM GAS  /tmp/cc3pUyOJ.s 			page 212


 6022 004e 1B69     		ldr	r3, [r3, #16]
 6023 0050 13F0080F 		tst	r3, #8
 6024 0054 F5D1     		bne	.L355
 6025 0056 05E0     		b	.L354
 6026              	.L370:
2711:Drivers/STM32H5xx_HAL_Driver/Src/stm32h5xx_hal_spi.c ****         break;
 6027              		.loc 1 2711 9 view .LVU2197
 6028 0058 D4F88C30 		ldr	r3, [r4, #140]
 6029 005c 43F04003 		orr	r3, r3, #64
 6030 0060 C4F88C30 		str	r3, [r4, #140]
2712:Drivers/STM32H5xx_HAL_Driver/Src/stm32h5xx_hal_spi.c ****       }
 6031              		.loc 1 2712 9 view .LVU2198
 6032              	.L354:
2717:Drivers/STM32H5xx_HAL_Driver/Src/stm32h5xx_hal_spi.c ****     do
 6033              		.loc 1 2717 5 view .LVU2199
 6034 0064 2268     		ldr	r2, [r4]
 6035 0066 1368     		ldr	r3, [r2]
 6036 0068 43F48063 		orr	r3, r3, #1024
 6037 006c 1360     		str	r3, [r2]
 6038              	.L358:
2718:Drivers/STM32H5xx_HAL_Driver/Src/stm32h5xx_hal_spi.c ****     {
 6039              		.loc 1 2718 5 view .LVU2200
2720:Drivers/STM32H5xx_HAL_Driver/Src/stm32h5xx_hal_spi.c ****       if (count == 0UL)
 6040              		.loc 1 2720 7 view .LVU2201
2720:Drivers/STM32H5xx_HAL_Driver/Src/stm32h5xx_hal_spi.c ****       if (count == 0UL)
 6041              		.loc 1 2720 12 is_stmt 0 view .LVU2202
 6042 006e 019B     		ldr	r3, [sp, #4]
 6043 0070 013B     		subs	r3, r3, #1
 6044 0072 0193     		str	r3, [sp, #4]
2721:Drivers/STM32H5xx_HAL_Driver/Src/stm32h5xx_hal_spi.c ****       {
 6045              		.loc 1 2721 7 is_stmt 1 view .LVU2203
2721:Drivers/STM32H5xx_HAL_Driver/Src/stm32h5xx_hal_spi.c ****       {
 6046              		.loc 1 2721 17 is_stmt 0 view .LVU2204
 6047 0074 019B     		ldr	r3, [sp, #4]
2721:Drivers/STM32H5xx_HAL_Driver/Src/stm32h5xx_hal_spi.c ****       {
 6048              		.loc 1 2721 10 view .LVU2205
 6049 0076 2BB1     		cbz	r3, .L371
2726:Drivers/STM32H5xx_HAL_Driver/Src/stm32h5xx_hal_spi.c **** 
 6050              		.loc 1 2726 14 is_stmt 1 view .LVU2206
 6051 0078 2368     		ldr	r3, [r4]
 6052 007a 1B68     		ldr	r3, [r3]
 6053 007c 13F4007F 		tst	r3, #512
 6054 0080 F5D1     		bne	.L358
 6055 0082 05E0     		b	.L357
 6056              	.L371:
2723:Drivers/STM32H5xx_HAL_Driver/Src/stm32h5xx_hal_spi.c ****         break;
 6057              		.loc 1 2723 9 view .LVU2207
 6058 0084 D4F88C30 		ldr	r3, [r4, #140]
 6059 0088 43F04003 		orr	r3, r3, #64
 6060 008c C4F88C30 		str	r3, [r4, #140]
2724:Drivers/STM32H5xx_HAL_Driver/Src/stm32h5xx_hal_spi.c ****       }
 6061              		.loc 1 2724 9 view .LVU2208
 6062              	.L357:
2729:Drivers/STM32H5xx_HAL_Driver/Src/stm32h5xx_hal_spi.c ****     do
 6063              		.loc 1 2729 5 view .LVU2209
 6064 0090 2268     		ldr	r2, [r4]
 6065 0092 9369     		ldr	r3, [r2, #24]
ARM GAS  /tmp/cc3pUyOJ.s 			page 213


 6066 0094 43F40063 		orr	r3, r3, #2048
 6067 0098 9361     		str	r3, [r2, #24]
 6068              	.L360:
2730:Drivers/STM32H5xx_HAL_Driver/Src/stm32h5xx_hal_spi.c ****     {
 6069              		.loc 1 2730 5 view .LVU2210
2732:Drivers/STM32H5xx_HAL_Driver/Src/stm32h5xx_hal_spi.c ****       if (count == 0UL)
 6070              		.loc 1 2732 7 view .LVU2211
2732:Drivers/STM32H5xx_HAL_Driver/Src/stm32h5xx_hal_spi.c ****       if (count == 0UL)
 6071              		.loc 1 2732 12 is_stmt 0 view .LVU2212
 6072 009a 019B     		ldr	r3, [sp, #4]
 6073 009c 013B     		subs	r3, r3, #1
 6074 009e 0193     		str	r3, [sp, #4]
2733:Drivers/STM32H5xx_HAL_Driver/Src/stm32h5xx_hal_spi.c ****       {
 6075              		.loc 1 2733 7 is_stmt 1 view .LVU2213
2733:Drivers/STM32H5xx_HAL_Driver/Src/stm32h5xx_hal_spi.c ****       {
 6076              		.loc 1 2733 17 is_stmt 0 view .LVU2214
 6077 00a0 019B     		ldr	r3, [sp, #4]
2733:Drivers/STM32H5xx_HAL_Driver/Src/stm32h5xx_hal_spi.c ****       {
 6078              		.loc 1 2733 10 view .LVU2215
 6079 00a2 2BB1     		cbz	r3, .L372
2738:Drivers/STM32H5xx_HAL_Driver/Src/stm32h5xx_hal_spi.c ****   }
 6080              		.loc 1 2738 14 is_stmt 1 view .LVU2216
 6081 00a4 2368     		ldr	r3, [r4]
 6082 00a6 5B69     		ldr	r3, [r3, #20]
 6083 00a8 13F4006F 		tst	r3, #2048
 6084 00ac F5D1     		bne	.L360
 6085 00ae 05E0     		b	.L352
 6086              	.L372:
2735:Drivers/STM32H5xx_HAL_Driver/Src/stm32h5xx_hal_spi.c ****         break;
 6087              		.loc 1 2735 9 view .LVU2217
 6088 00b0 D4F88C30 		ldr	r3, [r4, #140]
 6089 00b4 43F04003 		orr	r3, r3, #64
 6090 00b8 C4F88C30 		str	r3, [r4, #140]
2736:Drivers/STM32H5xx_HAL_Driver/Src/stm32h5xx_hal_spi.c ****       }
 6091              		.loc 1 2736 9 view .LVU2218
 6092              	.L352:
2743:Drivers/STM32H5xx_HAL_Driver/Src/stm32h5xx_hal_spi.c ****   {
 6093              		.loc 1 2743 3 view .LVU2219
2743:Drivers/STM32H5xx_HAL_Driver/Src/stm32h5xx_hal_spi.c ****   {
 6094              		.loc 1 2743 7 is_stmt 0 view .LVU2220
 6095 00bc 2368     		ldr	r3, [r4]
 6096 00be 9B68     		ldr	r3, [r3, #8]
2743:Drivers/STM32H5xx_HAL_Driver/Src/stm32h5xx_hal_spi.c ****   {
 6097              		.loc 1 2743 6 view .LVU2221
 6098 00c0 13F4004F 		tst	r3, #32768
 6099 00c4 09D0     		beq	.L361
2745:Drivers/STM32H5xx_HAL_Driver/Src/stm32h5xx_hal_spi.c ****     {
 6100              		.loc 1 2745 5 is_stmt 1 view .LVU2222
2745:Drivers/STM32H5xx_HAL_Driver/Src/stm32h5xx_hal_spi.c ****     {
 6101              		.loc 1 2745 13 is_stmt 0 view .LVU2223
 6102 00c6 D4F88030 		ldr	r3, [r4, #128]
2745:Drivers/STM32H5xx_HAL_Driver/Src/stm32h5xx_hal_spi.c ****     {
 6103              		.loc 1 2745 8 view .LVU2224
 6104 00ca 33B1     		cbz	r3, .L361
2748:Drivers/STM32H5xx_HAL_Driver/Src/stm32h5xx_hal_spi.c **** 
 6105              		.loc 1 2748 7 is_stmt 1 view .LVU2225
2748:Drivers/STM32H5xx_HAL_Driver/Src/stm32h5xx_hal_spi.c **** 
ARM GAS  /tmp/cc3pUyOJ.s 			page 214


 6106              		.loc 1 2748 39 is_stmt 0 view .LVU2226
 6107 00cc 0022     		movs	r2, #0
 6108 00ce DA66     		str	r2, [r3, #108]
2751:Drivers/STM32H5xx_HAL_Driver/Src/stm32h5xx_hal_spi.c ****       {
 6109              		.loc 1 2751 7 is_stmt 1 view .LVU2227
2751:Drivers/STM32H5xx_HAL_Driver/Src/stm32h5xx_hal_spi.c ****       {
 6110              		.loc 1 2751 11 is_stmt 0 view .LVU2228
 6111 00d0 D4F88000 		ldr	r0, [r4, #128]
 6112              	.LVL279:
2751:Drivers/STM32H5xx_HAL_Driver/Src/stm32h5xx_hal_spi.c ****       {
 6113              		.loc 1 2751 11 view .LVU2229
 6114 00d4 FFF7FEFF 		bl	HAL_DMA_Abort
 6115              	.LVL280:
2751:Drivers/STM32H5xx_HAL_Driver/Src/stm32h5xx_hal_spi.c ****       {
 6116              		.loc 1 2751 10 discriminator 1 view .LVU2230
 6117 00d8 08BB     		cbnz	r0, .L373
 6118              	.L361:
2762:Drivers/STM32H5xx_HAL_Driver/Src/stm32h5xx_hal_spi.c ****   {
 6119              		.loc 1 2762 3 is_stmt 1 view .LVU2231
2762:Drivers/STM32H5xx_HAL_Driver/Src/stm32h5xx_hal_spi.c ****   {
 6120              		.loc 1 2762 7 is_stmt 0 view .LVU2232
 6121 00da 2368     		ldr	r3, [r4]
 6122 00dc 9B68     		ldr	r3, [r3, #8]
2762:Drivers/STM32H5xx_HAL_Driver/Src/stm32h5xx_hal_spi.c ****   {
 6123              		.loc 1 2762 6 view .LVU2233
 6124 00de 13F4804F 		tst	r3, #16384
 6125 00e2 09D0     		beq	.L362
2764:Drivers/STM32H5xx_HAL_Driver/Src/stm32h5xx_hal_spi.c ****     {
 6126              		.loc 1 2764 5 is_stmt 1 view .LVU2234
2764:Drivers/STM32H5xx_HAL_Driver/Src/stm32h5xx_hal_spi.c ****     {
 6127              		.loc 1 2764 13 is_stmt 0 view .LVU2235
 6128 00e4 D4F88430 		ldr	r3, [r4, #132]
2764:Drivers/STM32H5xx_HAL_Driver/Src/stm32h5xx_hal_spi.c ****     {
 6129              		.loc 1 2764 8 view .LVU2236
 6130 00e8 33B1     		cbz	r3, .L362
2767:Drivers/STM32H5xx_HAL_Driver/Src/stm32h5xx_hal_spi.c **** 
 6131              		.loc 1 2767 7 is_stmt 1 view .LVU2237
2767:Drivers/STM32H5xx_HAL_Driver/Src/stm32h5xx_hal_spi.c **** 
 6132              		.loc 1 2767 39 is_stmt 0 view .LVU2238
 6133 00ea 0022     		movs	r2, #0
 6134 00ec DA66     		str	r2, [r3, #108]
2770:Drivers/STM32H5xx_HAL_Driver/Src/stm32h5xx_hal_spi.c ****       {
 6135              		.loc 1 2770 7 is_stmt 1 view .LVU2239
2770:Drivers/STM32H5xx_HAL_Driver/Src/stm32h5xx_hal_spi.c ****       {
 6136              		.loc 1 2770 11 is_stmt 0 view .LVU2240
 6137 00ee D4F88400 		ldr	r0, [r4, #132]
 6138 00f2 FFF7FEFF 		bl	HAL_DMA_Abort
 6139              	.LVL281:
2770:Drivers/STM32H5xx_HAL_Driver/Src/stm32h5xx_hal_spi.c ****       {
 6140              		.loc 1 2770 10 discriminator 1 view .LVU2241
 6141 00f6 E0B9     		cbnz	r0, .L374
 6142              	.L362:
2782:Drivers/STM32H5xx_HAL_Driver/Src/stm32h5xx_hal_spi.c **** 
 6143              		.loc 1 2782 3 is_stmt 1 view .LVU2242
 6144 00f8 2046     		mov	r0, r4
 6145 00fa FFF7FEFF 		bl	SPI_AbortTransfer
 6146              	.LVL282:
ARM GAS  /tmp/cc3pUyOJ.s 			page 215


2785:Drivers/STM32H5xx_HAL_Driver/Src/stm32h5xx_hal_spi.c ****   {
 6147              		.loc 1 2785 3 view .LVU2243
2785:Drivers/STM32H5xx_HAL_Driver/Src/stm32h5xx_hal_spi.c ****   {
 6148              		.loc 1 2785 7 is_stmt 0 view .LVU2244
 6149 00fe D4F88C30 		ldr	r3, [r4, #140]
2785:Drivers/STM32H5xx_HAL_Driver/Src/stm32h5xx_hal_spi.c ****   {
 6150              		.loc 1 2785 6 view .LVU2245
 6151 0102 13F0400F 		tst	r3, #64
 6152 0106 1ED1     		bne	.L365
2793:Drivers/STM32H5xx_HAL_Driver/Src/stm32h5xx_hal_spi.c ****   }
 6153              		.loc 1 2793 5 is_stmt 1 view .LVU2246
2793:Drivers/STM32H5xx_HAL_Driver/Src/stm32h5xx_hal_spi.c ****   }
 6154              		.loc 1 2793 21 is_stmt 0 view .LVU2247
 6155 0108 0020     		movs	r0, #0
 6156 010a C4F88C00 		str	r0, [r4, #140]
 6157              	.L363:
 6158              	.LVL283:
2797:Drivers/STM32H5xx_HAL_Driver/Src/stm32h5xx_hal_spi.c **** 
 6159              		.loc 1 2797 3 is_stmt 1 view .LVU2248
2797:Drivers/STM32H5xx_HAL_Driver/Src/stm32h5xx_hal_spi.c **** 
 6160              		.loc 1 2797 15 is_stmt 0 view .LVU2249
 6161 010e 0123     		movs	r3, #1
 6162 0110 84F88930 		strb	r3, [r4, #137]
2800:Drivers/STM32H5xx_HAL_Driver/Src/stm32h5xx_hal_spi.c **** 
 6163              		.loc 1 2800 3 is_stmt 1 view .LVU2250
2800:Drivers/STM32H5xx_HAL_Driver/Src/stm32h5xx_hal_spi.c **** 
 6164              		.loc 1 2800 3 view .LVU2251
 6165 0114 0023     		movs	r3, #0
 6166 0116 84F88830 		strb	r3, [r4, #136]
2800:Drivers/STM32H5xx_HAL_Driver/Src/stm32h5xx_hal_spi.c **** 
 6167              		.loc 1 2800 3 view .LVU2252
2802:Drivers/STM32H5xx_HAL_Driver/Src/stm32h5xx_hal_spi.c **** }
 6168              		.loc 1 2802 3 view .LVU2253
2803:Drivers/STM32H5xx_HAL_Driver/Src/stm32h5xx_hal_spi.c **** 
 6169              		.loc 1 2803 1 is_stmt 0 view .LVU2254
 6170 011a 02B0     		add	sp, sp, #8
 6171              	.LCFI29:
 6172              		.cfi_remember_state
 6173              		.cfi_def_cfa_offset 8
 6174              		@ sp needed
 6175 011c 10BD     		pop	{r4, pc}
 6176              	.LVL284:
 6177              	.L373:
 6178              	.LCFI30:
 6179              		.cfi_restore_state
2753:Drivers/STM32H5xx_HAL_Driver/Src/stm32h5xx_hal_spi.c ****         {
 6180              		.loc 1 2753 9 is_stmt 1 view .LVU2255
2753:Drivers/STM32H5xx_HAL_Driver/Src/stm32h5xx_hal_spi.c ****         {
 6181              		.loc 1 2753 13 is_stmt 0 view .LVU2256
 6182 011e D4F88000 		ldr	r0, [r4, #128]
 6183 0122 FFF7FEFF 		bl	HAL_DMA_GetError
 6184              	.LVL285:
2753:Drivers/STM32H5xx_HAL_Driver/Src/stm32h5xx_hal_spi.c ****         {
 6185              		.loc 1 2753 12 discriminator 1 view .LVU2257
 6186 0126 1028     		cmp	r0, #16
 6187 0128 D7D1     		bne	.L361
2755:Drivers/STM32H5xx_HAL_Driver/Src/stm32h5xx_hal_spi.c ****         }
ARM GAS  /tmp/cc3pUyOJ.s 			page 216


 6188              		.loc 1 2755 11 is_stmt 1 view .LVU2258
2755:Drivers/STM32H5xx_HAL_Driver/Src/stm32h5xx_hal_spi.c ****         }
 6189              		.loc 1 2755 27 is_stmt 0 view .LVU2259
 6190 012a 4023     		movs	r3, #64
 6191 012c C4F88C30 		str	r3, [r4, #140]
 6192 0130 D3E7     		b	.L361
 6193              	.L374:
2772:Drivers/STM32H5xx_HAL_Driver/Src/stm32h5xx_hal_spi.c ****         {
 6194              		.loc 1 2772 9 is_stmt 1 view .LVU2260
2772:Drivers/STM32H5xx_HAL_Driver/Src/stm32h5xx_hal_spi.c ****         {
 6195              		.loc 1 2772 13 is_stmt 0 view .LVU2261
 6196 0132 D4F88400 		ldr	r0, [r4, #132]
 6197 0136 FFF7FEFF 		bl	HAL_DMA_GetError
 6198              	.LVL286:
2772:Drivers/STM32H5xx_HAL_Driver/Src/stm32h5xx_hal_spi.c ****         {
 6199              		.loc 1 2772 12 discriminator 1 view .LVU2262
 6200 013a 1028     		cmp	r0, #16
 6201 013c DCD1     		bne	.L362
2774:Drivers/STM32H5xx_HAL_Driver/Src/stm32h5xx_hal_spi.c ****         }
 6202              		.loc 1 2774 11 is_stmt 1 view .LVU2263
2774:Drivers/STM32H5xx_HAL_Driver/Src/stm32h5xx_hal_spi.c ****         }
 6203              		.loc 1 2774 27 is_stmt 0 view .LVU2264
 6204 013e 4023     		movs	r3, #64
 6205 0140 C4F88C30 		str	r3, [r4, #140]
 6206 0144 D8E7     		b	.L362
 6207              	.L365:
2788:Drivers/STM32H5xx_HAL_Driver/Src/stm32h5xx_hal_spi.c ****   }
 6208              		.loc 1 2788 15 view .LVU2265
 6209 0146 0120     		movs	r0, #1
 6210 0148 E1E7     		b	.L363
 6211              	.LVL287:
 6212              	.L364:
 6213              	.LCFI31:
 6214              		.cfi_def_cfa_offset 0
 6215              		.cfi_restore 4
 6216              		.cfi_restore 14
2692:Drivers/STM32H5xx_HAL_Driver/Src/stm32h5xx_hal_spi.c **** 
 6217              		.loc 1 2692 3 discriminator 1 view .LVU2266
 6218 014a 0220     		movs	r0, #2
 6219              	.LVL288:
2803:Drivers/STM32H5xx_HAL_Driver/Src/stm32h5xx_hal_spi.c **** 
 6220              		.loc 1 2803 1 view .LVU2267
 6221 014c 7047     		bx	lr
 6222              	.L376:
 6223 014e 00BF     		.align	2
 6224              	.L375:
 6225 0150 00000000 		.word	SystemCoreClock
 6226 0154 F1197605 		.word	91625969
 6227              		.cfi_endproc
 6228              	.LFE170:
 6230              		.section	.text.HAL_SPI_DMAPause,"ax",%progbits
 6231              		.align	1
 6232              		.global	HAL_SPI_DMAPause
 6233              		.syntax unified
 6234              		.thumb
 6235              		.thumb_func
 6237              	HAL_SPI_DMAPause:
ARM GAS  /tmp/cc3pUyOJ.s 			page 217


 6238              	.LVL289:
 6239              	.LFB172:
2983:Drivers/STM32H5xx_HAL_Driver/Src/stm32h5xx_hal_spi.c ****   /* Set error code to not supported */
 6240              		.loc 1 2983 1 is_stmt 1 view -0
 6241              		.cfi_startproc
 6242              		@ args = 0, pretend = 0, frame = 0
 6243              		@ frame_needed = 0, uses_anonymous_args = 0
 6244              		@ link register save eliminated.
2985:Drivers/STM32H5xx_HAL_Driver/Src/stm32h5xx_hal_spi.c **** 
 6245              		.loc 1 2985 3 view .LVU2269
 6246 0000 D0F88C30 		ldr	r3, [r0, #140]
 6247 0004 43F48063 		orr	r3, r3, #1024
 6248 0008 C0F88C30 		str	r3, [r0, #140]
2987:Drivers/STM32H5xx_HAL_Driver/Src/stm32h5xx_hal_spi.c **** }
 6249              		.loc 1 2987 3 view .LVU2270
2988:Drivers/STM32H5xx_HAL_Driver/Src/stm32h5xx_hal_spi.c **** 
 6250              		.loc 1 2988 1 is_stmt 0 view .LVU2271
 6251 000c 0120     		movs	r0, #1
 6252              	.LVL290:
2988:Drivers/STM32H5xx_HAL_Driver/Src/stm32h5xx_hal_spi.c **** 
 6253              		.loc 1 2988 1 view .LVU2272
 6254 000e 7047     		bx	lr
 6255              		.cfi_endproc
 6256              	.LFE172:
 6258              		.section	.text.HAL_SPI_DMAResume,"ax",%progbits
 6259              		.align	1
 6260              		.global	HAL_SPI_DMAResume
 6261              		.syntax unified
 6262              		.thumb
 6263              		.thumb_func
 6265              	HAL_SPI_DMAResume:
 6266              	.LVL291:
 6267              	.LFB173:
2998:Drivers/STM32H5xx_HAL_Driver/Src/stm32h5xx_hal_spi.c ****   /* Set error code to not supported */
 6268              		.loc 1 2998 1 is_stmt 1 view -0
 6269              		.cfi_startproc
 6270              		@ args = 0, pretend = 0, frame = 0
 6271              		@ frame_needed = 0, uses_anonymous_args = 0
 6272              		@ link register save eliminated.
3000:Drivers/STM32H5xx_HAL_Driver/Src/stm32h5xx_hal_spi.c **** 
 6273              		.loc 1 3000 3 view .LVU2274
 6274 0000 D0F88C30 		ldr	r3, [r0, #140]
 6275 0004 43F48063 		orr	r3, r3, #1024
 6276 0008 C0F88C30 		str	r3, [r0, #140]
3002:Drivers/STM32H5xx_HAL_Driver/Src/stm32h5xx_hal_spi.c **** }
 6277              		.loc 1 3002 3 view .LVU2275
3003:Drivers/STM32H5xx_HAL_Driver/Src/stm32h5xx_hal_spi.c **** 
 6278              		.loc 1 3003 1 is_stmt 0 view .LVU2276
 6279 000c 0120     		movs	r0, #1
 6280              	.LVL292:
3003:Drivers/STM32H5xx_HAL_Driver/Src/stm32h5xx_hal_spi.c **** 
 6281              		.loc 1 3003 1 view .LVU2277
 6282 000e 7047     		bx	lr
 6283              		.cfi_endproc
 6284              	.LFE173:
 6286              		.section	.text.HAL_SPI_DMAStop,"ax",%progbits
 6287              		.align	1
ARM GAS  /tmp/cc3pUyOJ.s 			page 218


 6288              		.global	HAL_SPI_DMAStop
 6289              		.syntax unified
 6290              		.thumb
 6291              		.thumb_func
 6293              	HAL_SPI_DMAStop:
 6294              	.LVL293:
 6295              	.LFB174:
3013:Drivers/STM32H5xx_HAL_Driver/Src/stm32h5xx_hal_spi.c ****   /* Set error code to not supported */
 6296              		.loc 1 3013 1 is_stmt 1 view -0
 6297              		.cfi_startproc
 6298              		@ args = 0, pretend = 0, frame = 0
 6299              		@ frame_needed = 0, uses_anonymous_args = 0
 6300              		@ link register save eliminated.
3015:Drivers/STM32H5xx_HAL_Driver/Src/stm32h5xx_hal_spi.c **** 
 6301              		.loc 1 3015 3 view .LVU2279
 6302 0000 D0F88C30 		ldr	r3, [r0, #140]
 6303 0004 43F48063 		orr	r3, r3, #1024
 6304 0008 C0F88C30 		str	r3, [r0, #140]
3017:Drivers/STM32H5xx_HAL_Driver/Src/stm32h5xx_hal_spi.c **** }
 6305              		.loc 1 3017 3 view .LVU2280
3018:Drivers/STM32H5xx_HAL_Driver/Src/stm32h5xx_hal_spi.c **** #endif /* HAL_DMA_MODULE_ENABLED */
 6306              		.loc 1 3018 1 is_stmt 0 view .LVU2281
 6307 000c 0120     		movs	r0, #1
 6308              	.LVL294:
3018:Drivers/STM32H5xx_HAL_Driver/Src/stm32h5xx_hal_spi.c **** #endif /* HAL_DMA_MODULE_ENABLED */
 6309              		.loc 1 3018 1 view .LVU2282
 6310 000e 7047     		bx	lr
 6311              		.cfi_endproc
 6312              	.LFE174:
 6314              		.section	.text.HAL_SPI_TxCpltCallback,"ax",%progbits
 6315              		.align	1
 6316              		.weak	HAL_SPI_TxCpltCallback
 6317              		.syntax unified
 6318              		.thumb
 6319              		.thumb_func
 6321              	HAL_SPI_TxCpltCallback:
 6322              	.LVL295:
 6323              	.LFB176:
3277:Drivers/STM32H5xx_HAL_Driver/Src/stm32h5xx_hal_spi.c ****   /* Prevent unused argument(s) compilation warning */
 6324              		.loc 1 3277 1 is_stmt 1 view -0
 6325              		.cfi_startproc
 6326              		@ args = 0, pretend = 0, frame = 0
 6327              		@ frame_needed = 0, uses_anonymous_args = 0
 6328              		@ link register save eliminated.
3279:Drivers/STM32H5xx_HAL_Driver/Src/stm32h5xx_hal_spi.c **** 
 6329              		.loc 1 3279 3 view .LVU2284
3284:Drivers/STM32H5xx_HAL_Driver/Src/stm32h5xx_hal_spi.c **** 
 6330              		.loc 1 3284 1 is_stmt 0 view .LVU2285
 6331 0000 7047     		bx	lr
 6332              		.cfi_endproc
 6333              	.LFE176:
 6335              		.section	.text.SPI_DMATransmitCplt,"ax",%progbits
 6336              		.align	1
 6337              		.syntax unified
 6338              		.thumb
 6339              		.thumb_func
 6341              	SPI_DMATransmitCplt:
ARM GAS  /tmp/cc3pUyOJ.s 			page 219


 6342              	.LVL296:
 6343              	.LFB187:
3479:Drivers/STM32H5xx_HAL_Driver/Src/stm32h5xx_hal_spi.c ****   SPI_HandleTypeDef *hspi = (SPI_HandleTypeDef *)((DMA_HandleTypeDef *)hdma)->Parent;
 6344              		.loc 1 3479 1 is_stmt 1 view -0
 6345              		.cfi_startproc
 6346              		@ args = 0, pretend = 0, frame = 0
 6347              		@ frame_needed = 0, uses_anonymous_args = 0
3479:Drivers/STM32H5xx_HAL_Driver/Src/stm32h5xx_hal_spi.c ****   SPI_HandleTypeDef *hspi = (SPI_HandleTypeDef *)((DMA_HandleTypeDef *)hdma)->Parent;
 6348              		.loc 1 3479 1 is_stmt 0 view .LVU2287
 6349 0000 08B5     		push	{r3, lr}
 6350              	.LCFI32:
 6351              		.cfi_def_cfa_offset 8
 6352              		.cfi_offset 3, -8
 6353              		.cfi_offset 14, -4
3480:Drivers/STM32H5xx_HAL_Driver/Src/stm32h5xx_hal_spi.c **** 
 6354              		.loc 1 3480 3 is_stmt 1 view .LVU2288
3480:Drivers/STM32H5xx_HAL_Driver/Src/stm32h5xx_hal_spi.c **** 
 6355              		.loc 1 3480 22 is_stmt 0 view .LVU2289
 6356 0002 C06D     		ldr	r0, [r0, #92]
 6357              	.LVL297:
3482:Drivers/STM32H5xx_HAL_Driver/Src/stm32h5xx_hal_spi.c ****   {
 6358              		.loc 1 3482 3 is_stmt 1 view .LVU2290
3482:Drivers/STM32H5xx_HAL_Driver/Src/stm32h5xx_hal_spi.c ****   {
 6359              		.loc 1 3482 11 is_stmt 0 view .LVU2291
 6360 0004 90F88930 		ldrb	r3, [r0, #137]	@ zero_extendqisi2
 6361 0008 DBB2     		uxtb	r3, r3
3482:Drivers/STM32H5xx_HAL_Driver/Src/stm32h5xx_hal_spi.c ****   {
 6362              		.loc 1 3482 6 view .LVU2292
 6363 000a 072B     		cmp	r3, #7
 6364 000c 09D0     		beq	.L381
3484:Drivers/STM32H5xx_HAL_Driver/Src/stm32h5xx_hal_spi.c ****     {
 6365              		.loc 1 3484 5 is_stmt 1 view .LVU2293
3484:Drivers/STM32H5xx_HAL_Driver/Src/stm32h5xx_hal_spi.c ****     {
 6366              		.loc 1 3484 13 is_stmt 0 view .LVU2294
 6367 000e D0F88030 		ldr	r3, [r0, #128]
3484:Drivers/STM32H5xx_HAL_Driver/Src/stm32h5xx_hal_spi.c ****     {
 6368              		.loc 1 3484 21 view .LVU2295
 6369 0012 1B6D     		ldr	r3, [r3, #80]
3484:Drivers/STM32H5xx_HAL_Driver/Src/stm32h5xx_hal_spi.c ****     {
 6370              		.loc 1 3484 8 view .LVU2296
 6371 0014 812B     		cmp	r3, #129
 6372 0016 05D0     		beq	.L385
3495:Drivers/STM32H5xx_HAL_Driver/Src/stm32h5xx_hal_spi.c ****     }
 6373              		.loc 1 3495 7 is_stmt 1 view .LVU2297
 6374 0018 0268     		ldr	r2, [r0]
 6375 001a 1369     		ldr	r3, [r2, #16]
 6376 001c 43F00803 		orr	r3, r3, #8
 6377 0020 1361     		str	r3, [r2, #16]
 6378              	.LVL298:
 6379              	.L381:
3498:Drivers/STM32H5xx_HAL_Driver/Src/stm32h5xx_hal_spi.c **** 
 6380              		.loc 1 3498 1 is_stmt 0 view .LVU2298
 6381 0022 08BD     		pop	{r3, pc}
 6382              	.LVL299:
 6383              	.L385:
3489:Drivers/STM32H5xx_HAL_Driver/Src/stm32h5xx_hal_spi.c **** #endif /* USE_HAL_SPI_REGISTER_CALLBACKS */
 6384              		.loc 1 3489 7 is_stmt 1 view .LVU2299
ARM GAS  /tmp/cc3pUyOJ.s 			page 220


 6385 0024 FFF7FEFF 		bl	HAL_SPI_TxCpltCallback
 6386              	.LVL300:
3489:Drivers/STM32H5xx_HAL_Driver/Src/stm32h5xx_hal_spi.c **** #endif /* USE_HAL_SPI_REGISTER_CALLBACKS */
 6387              		.loc 1 3489 7 is_stmt 0 view .LVU2300
 6388 0028 FBE7     		b	.L381
 6389              		.cfi_endproc
 6390              	.LFE187:
 6392              		.section	.text.HAL_SPI_RxCpltCallback,"ax",%progbits
 6393              		.align	1
 6394              		.weak	HAL_SPI_RxCpltCallback
 6395              		.syntax unified
 6396              		.thumb
 6397              		.thumb_func
 6399              	HAL_SPI_RxCpltCallback:
 6400              	.LVL301:
 6401              	.LFB177:
3293:Drivers/STM32H5xx_HAL_Driver/Src/stm32h5xx_hal_spi.c ****   /* Prevent unused argument(s) compilation warning */
 6402              		.loc 1 3293 1 is_stmt 1 view -0
 6403              		.cfi_startproc
 6404              		@ args = 0, pretend = 0, frame = 0
 6405              		@ frame_needed = 0, uses_anonymous_args = 0
 6406              		@ link register save eliminated.
3295:Drivers/STM32H5xx_HAL_Driver/Src/stm32h5xx_hal_spi.c **** 
 6407              		.loc 1 3295 3 view .LVU2302
3300:Drivers/STM32H5xx_HAL_Driver/Src/stm32h5xx_hal_spi.c **** 
 6408              		.loc 1 3300 1 is_stmt 0 view .LVU2303
 6409 0000 7047     		bx	lr
 6410              		.cfi_endproc
 6411              	.LFE177:
 6413              		.section	.text.SPI_DMAReceiveCplt,"ax",%progbits
 6414              		.align	1
 6415              		.syntax unified
 6416              		.thumb
 6417              		.thumb_func
 6419              	SPI_DMAReceiveCplt:
 6420              	.LVL302:
 6421              	.LFB188:
3507:Drivers/STM32H5xx_HAL_Driver/Src/stm32h5xx_hal_spi.c ****   SPI_HandleTypeDef *hspi = (SPI_HandleTypeDef *)((DMA_HandleTypeDef *)hdma)->Parent;
 6422              		.loc 1 3507 1 is_stmt 1 view -0
 6423              		.cfi_startproc
 6424              		@ args = 0, pretend = 0, frame = 0
 6425              		@ frame_needed = 0, uses_anonymous_args = 0
3507:Drivers/STM32H5xx_HAL_Driver/Src/stm32h5xx_hal_spi.c ****   SPI_HandleTypeDef *hspi = (SPI_HandleTypeDef *)((DMA_HandleTypeDef *)hdma)->Parent;
 6426              		.loc 1 3507 1 is_stmt 0 view .LVU2305
 6427 0000 08B5     		push	{r3, lr}
 6428              	.LCFI33:
 6429              		.cfi_def_cfa_offset 8
 6430              		.cfi_offset 3, -8
 6431              		.cfi_offset 14, -4
3508:Drivers/STM32H5xx_HAL_Driver/Src/stm32h5xx_hal_spi.c **** 
 6432              		.loc 1 3508 3 is_stmt 1 view .LVU2306
3508:Drivers/STM32H5xx_HAL_Driver/Src/stm32h5xx_hal_spi.c **** 
 6433              		.loc 1 3508 22 is_stmt 0 view .LVU2307
 6434 0002 C06D     		ldr	r0, [r0, #92]
 6435              	.LVL303:
3510:Drivers/STM32H5xx_HAL_Driver/Src/stm32h5xx_hal_spi.c ****   {
 6436              		.loc 1 3510 3 is_stmt 1 view .LVU2308
ARM GAS  /tmp/cc3pUyOJ.s 			page 221


3510:Drivers/STM32H5xx_HAL_Driver/Src/stm32h5xx_hal_spi.c ****   {
 6437              		.loc 1 3510 11 is_stmt 0 view .LVU2309
 6438 0004 90F88930 		ldrb	r3, [r0, #137]	@ zero_extendqisi2
 6439 0008 DBB2     		uxtb	r3, r3
3510:Drivers/STM32H5xx_HAL_Driver/Src/stm32h5xx_hal_spi.c ****   {
 6440              		.loc 1 3510 6 view .LVU2310
 6441 000a 072B     		cmp	r3, #7
 6442 000c 09D0     		beq	.L387
3512:Drivers/STM32H5xx_HAL_Driver/Src/stm32h5xx_hal_spi.c ****     {
 6443              		.loc 1 3512 5 is_stmt 1 view .LVU2311
3512:Drivers/STM32H5xx_HAL_Driver/Src/stm32h5xx_hal_spi.c ****     {
 6444              		.loc 1 3512 13 is_stmt 0 view .LVU2312
 6445 000e D0F88430 		ldr	r3, [r0, #132]
3512:Drivers/STM32H5xx_HAL_Driver/Src/stm32h5xx_hal_spi.c ****     {
 6446              		.loc 1 3512 21 view .LVU2313
 6447 0012 1B6D     		ldr	r3, [r3, #80]
3512:Drivers/STM32H5xx_HAL_Driver/Src/stm32h5xx_hal_spi.c ****     {
 6448              		.loc 1 3512 8 view .LVU2314
 6449 0014 812B     		cmp	r3, #129
 6450 0016 05D0     		beq	.L391
3523:Drivers/STM32H5xx_HAL_Driver/Src/stm32h5xx_hal_spi.c ****     }
 6451              		.loc 1 3523 7 is_stmt 1 view .LVU2315
 6452 0018 0268     		ldr	r2, [r0]
 6453 001a 1369     		ldr	r3, [r2, #16]
 6454 001c 43F00803 		orr	r3, r3, #8
 6455 0020 1361     		str	r3, [r2, #16]
 6456              	.LVL304:
 6457              	.L387:
3526:Drivers/STM32H5xx_HAL_Driver/Src/stm32h5xx_hal_spi.c **** 
 6458              		.loc 1 3526 1 is_stmt 0 view .LVU2316
 6459 0022 08BD     		pop	{r3, pc}
 6460              	.LVL305:
 6461              	.L391:
3517:Drivers/STM32H5xx_HAL_Driver/Src/stm32h5xx_hal_spi.c **** #endif /* USE_HAL_SPI_REGISTER_CALLBACKS */
 6462              		.loc 1 3517 7 is_stmt 1 view .LVU2317
 6463 0024 FFF7FEFF 		bl	HAL_SPI_RxCpltCallback
 6464              	.LVL306:
3517:Drivers/STM32H5xx_HAL_Driver/Src/stm32h5xx_hal_spi.c **** #endif /* USE_HAL_SPI_REGISTER_CALLBACKS */
 6465              		.loc 1 3517 7 is_stmt 0 view .LVU2318
 6466 0028 FBE7     		b	.L387
 6467              		.cfi_endproc
 6468              	.LFE188:
 6470              		.section	.text.HAL_SPI_TxRxCpltCallback,"ax",%progbits
 6471              		.align	1
 6472              		.weak	HAL_SPI_TxRxCpltCallback
 6473              		.syntax unified
 6474              		.thumb
 6475              		.thumb_func
 6477              	HAL_SPI_TxRxCpltCallback:
 6478              	.LVL307:
 6479              	.LFB178:
3309:Drivers/STM32H5xx_HAL_Driver/Src/stm32h5xx_hal_spi.c ****   /* Prevent unused argument(s) compilation warning */
 6480              		.loc 1 3309 1 is_stmt 1 view -0
 6481              		.cfi_startproc
 6482              		@ args = 0, pretend = 0, frame = 0
 6483              		@ frame_needed = 0, uses_anonymous_args = 0
 6484              		@ link register save eliminated.
ARM GAS  /tmp/cc3pUyOJ.s 			page 222


3311:Drivers/STM32H5xx_HAL_Driver/Src/stm32h5xx_hal_spi.c **** 
 6485              		.loc 1 3311 3 view .LVU2320
3316:Drivers/STM32H5xx_HAL_Driver/Src/stm32h5xx_hal_spi.c **** 
 6486              		.loc 1 3316 1 is_stmt 0 view .LVU2321
 6487 0000 7047     		bx	lr
 6488              		.cfi_endproc
 6489              	.LFE178:
 6491              		.section	.text.SPI_DMATransmitReceiveCplt,"ax",%progbits
 6492              		.align	1
 6493              		.syntax unified
 6494              		.thumb
 6495              		.thumb_func
 6497              	SPI_DMATransmitReceiveCplt:
 6498              	.LVL308:
 6499              	.LFB189:
3535:Drivers/STM32H5xx_HAL_Driver/Src/stm32h5xx_hal_spi.c ****   SPI_HandleTypeDef *hspi = (SPI_HandleTypeDef *)((DMA_HandleTypeDef *)hdma)->Parent;
 6500              		.loc 1 3535 1 is_stmt 1 view -0
 6501              		.cfi_startproc
 6502              		@ args = 0, pretend = 0, frame = 0
 6503              		@ frame_needed = 0, uses_anonymous_args = 0
3535:Drivers/STM32H5xx_HAL_Driver/Src/stm32h5xx_hal_spi.c ****   SPI_HandleTypeDef *hspi = (SPI_HandleTypeDef *)((DMA_HandleTypeDef *)hdma)->Parent;
 6504              		.loc 1 3535 1 is_stmt 0 view .LVU2323
 6505 0000 08B5     		push	{r3, lr}
 6506              	.LCFI34:
 6507              		.cfi_def_cfa_offset 8
 6508              		.cfi_offset 3, -8
 6509              		.cfi_offset 14, -4
3536:Drivers/STM32H5xx_HAL_Driver/Src/stm32h5xx_hal_spi.c **** 
 6510              		.loc 1 3536 3 is_stmt 1 view .LVU2324
3536:Drivers/STM32H5xx_HAL_Driver/Src/stm32h5xx_hal_spi.c **** 
 6511              		.loc 1 3536 22 is_stmt 0 view .LVU2325
 6512 0002 C06D     		ldr	r0, [r0, #92]
 6513              	.LVL309:
3538:Drivers/STM32H5xx_HAL_Driver/Src/stm32h5xx_hal_spi.c ****   {
 6514              		.loc 1 3538 3 is_stmt 1 view .LVU2326
3538:Drivers/STM32H5xx_HAL_Driver/Src/stm32h5xx_hal_spi.c ****   {
 6515              		.loc 1 3538 11 is_stmt 0 view .LVU2327
 6516 0004 90F88930 		ldrb	r3, [r0, #137]	@ zero_extendqisi2
 6517 0008 DBB2     		uxtb	r3, r3
3538:Drivers/STM32H5xx_HAL_Driver/Src/stm32h5xx_hal_spi.c ****   {
 6518              		.loc 1 3538 6 view .LVU2328
 6519 000a 072B     		cmp	r3, #7
 6520 000c 09D0     		beq	.L393
3540:Drivers/STM32H5xx_HAL_Driver/Src/stm32h5xx_hal_spi.c ****         (hspi->hdmatx->Mode == DMA_LINKEDLIST_CIRCULAR))
 6521              		.loc 1 3540 5 is_stmt 1 view .LVU2329
3540:Drivers/STM32H5xx_HAL_Driver/Src/stm32h5xx_hal_spi.c ****         (hspi->hdmatx->Mode == DMA_LINKEDLIST_CIRCULAR))
 6522              		.loc 1 3540 14 is_stmt 0 view .LVU2330
 6523 000e D0F88430 		ldr	r3, [r0, #132]
3540:Drivers/STM32H5xx_HAL_Driver/Src/stm32h5xx_hal_spi.c ****         (hspi->hdmatx->Mode == DMA_LINKEDLIST_CIRCULAR))
 6524              		.loc 1 3540 22 view .LVU2331
 6525 0012 1B6D     		ldr	r3, [r3, #80]
3540:Drivers/STM32H5xx_HAL_Driver/Src/stm32h5xx_hal_spi.c ****         (hspi->hdmatx->Mode == DMA_LINKEDLIST_CIRCULAR))
 6526              		.loc 1 3540 8 view .LVU2332
 6527 0014 812B     		cmp	r3, #129
 6528 0016 05D0     		beq	.L397
 6529              	.L395:
3552:Drivers/STM32H5xx_HAL_Driver/Src/stm32h5xx_hal_spi.c ****     }
ARM GAS  /tmp/cc3pUyOJ.s 			page 223


 6530              		.loc 1 3552 7 is_stmt 1 view .LVU2333
 6531 0018 0268     		ldr	r2, [r0]
 6532 001a 1369     		ldr	r3, [r2, #16]
 6533 001c 43F00803 		orr	r3, r3, #8
 6534 0020 1361     		str	r3, [r2, #16]
 6535              	.LVL310:
 6536              	.L393:
3555:Drivers/STM32H5xx_HAL_Driver/Src/stm32h5xx_hal_spi.c **** 
 6537              		.loc 1 3555 1 is_stmt 0 view .LVU2334
 6538 0022 08BD     		pop	{r3, pc}
 6539              	.LVL311:
 6540              	.L397:
3541:Drivers/STM32H5xx_HAL_Driver/Src/stm32h5xx_hal_spi.c ****     {
 6541              		.loc 1 3541 14 view .LVU2335
 6542 0024 D0F88030 		ldr	r3, [r0, #128]
3541:Drivers/STM32H5xx_HAL_Driver/Src/stm32h5xx_hal_spi.c ****     {
 6543              		.loc 1 3541 22 view .LVU2336
 6544 0028 1B6D     		ldr	r3, [r3, #80]
3540:Drivers/STM32H5xx_HAL_Driver/Src/stm32h5xx_hal_spi.c ****         (hspi->hdmatx->Mode == DMA_LINKEDLIST_CIRCULAR))
 6545              		.loc 1 3540 57 discriminator 1 view .LVU2337
 6546 002a 812B     		cmp	r3, #129
 6547 002c F4D1     		bne	.L395
3546:Drivers/STM32H5xx_HAL_Driver/Src/stm32h5xx_hal_spi.c **** #endif /* USE_HAL_SPI_REGISTER_CALLBACKS */
 6548              		.loc 1 3546 7 is_stmt 1 view .LVU2338
 6549 002e FFF7FEFF 		bl	HAL_SPI_TxRxCpltCallback
 6550              	.LVL312:
3546:Drivers/STM32H5xx_HAL_Driver/Src/stm32h5xx_hal_spi.c **** #endif /* USE_HAL_SPI_REGISTER_CALLBACKS */
 6551              		.loc 1 3546 7 is_stmt 0 view .LVU2339
 6552 0032 F6E7     		b	.L393
 6553              		.cfi_endproc
 6554              	.LFE189:
 6556              		.section	.text.HAL_SPI_TxHalfCpltCallback,"ax",%progbits
 6557              		.align	1
 6558              		.weak	HAL_SPI_TxHalfCpltCallback
 6559              		.syntax unified
 6560              		.thumb
 6561              		.thumb_func
 6563              	HAL_SPI_TxHalfCpltCallback:
 6564              	.LVL313:
 6565              	.LFB179:
3325:Drivers/STM32H5xx_HAL_Driver/Src/stm32h5xx_hal_spi.c ****   /* Prevent unused argument(s) compilation warning */
 6566              		.loc 1 3325 1 is_stmt 1 view -0
 6567              		.cfi_startproc
 6568              		@ args = 0, pretend = 0, frame = 0
 6569              		@ frame_needed = 0, uses_anonymous_args = 0
 6570              		@ link register save eliminated.
3327:Drivers/STM32H5xx_HAL_Driver/Src/stm32h5xx_hal_spi.c **** 
 6571              		.loc 1 3327 3 view .LVU2341
3332:Drivers/STM32H5xx_HAL_Driver/Src/stm32h5xx_hal_spi.c **** 
 6572              		.loc 1 3332 1 is_stmt 0 view .LVU2342
 6573 0000 7047     		bx	lr
 6574              		.cfi_endproc
 6575              	.LFE179:
 6577              		.section	.text.SPI_DMAHalfTransmitCplt,"ax",%progbits
 6578              		.align	1
 6579              		.syntax unified
 6580              		.thumb
ARM GAS  /tmp/cc3pUyOJ.s 			page 224


 6581              		.thumb_func
 6583              	SPI_DMAHalfTransmitCplt:
 6584              	.LVL314:
 6585              	.LFB190:
3564:Drivers/STM32H5xx_HAL_Driver/Src/stm32h5xx_hal_spi.c ****   SPI_HandleTypeDef *hspi = (SPI_HandleTypeDef *)
 6586              		.loc 1 3564 1 is_stmt 1 view -0
 6587              		.cfi_startproc
 6588              		@ args = 0, pretend = 0, frame = 0
 6589              		@ frame_needed = 0, uses_anonymous_args = 0
3564:Drivers/STM32H5xx_HAL_Driver/Src/stm32h5xx_hal_spi.c ****   SPI_HandleTypeDef *hspi = (SPI_HandleTypeDef *)
 6590              		.loc 1 3564 1 is_stmt 0 view .LVU2344
 6591 0000 08B5     		push	{r3, lr}
 6592              	.LCFI35:
 6593              		.cfi_def_cfa_offset 8
 6594              		.cfi_offset 3, -8
 6595              		.cfi_offset 14, -4
3565:Drivers/STM32H5xx_HAL_Driver/Src/stm32h5xx_hal_spi.c ****                             ((DMA_HandleTypeDef *)hdma)->Parent; /* Derogation MISRAC2012-Rule-8.13
 6596              		.loc 1 3565 3 is_stmt 1 view .LVU2345
 6597              	.LVL315:
3571:Drivers/STM32H5xx_HAL_Driver/Src/stm32h5xx_hal_spi.c **** #endif /* USE_HAL_SPI_REGISTER_CALLBACKS */
 6598              		.loc 1 3571 3 view .LVU2346
 6599 0002 C06D     		ldr	r0, [r0, #92]
 6600              	.LVL316:
3571:Drivers/STM32H5xx_HAL_Driver/Src/stm32h5xx_hal_spi.c **** #endif /* USE_HAL_SPI_REGISTER_CALLBACKS */
 6601              		.loc 1 3571 3 is_stmt 0 view .LVU2347
 6602 0004 FFF7FEFF 		bl	HAL_SPI_TxHalfCpltCallback
 6603              	.LVL317:
3573:Drivers/STM32H5xx_HAL_Driver/Src/stm32h5xx_hal_spi.c **** 
 6604              		.loc 1 3573 1 view .LVU2348
 6605 0008 08BD     		pop	{r3, pc}
 6606              		.cfi_endproc
 6607              	.LFE190:
 6609              		.section	.text.HAL_SPI_RxHalfCpltCallback,"ax",%progbits
 6610              		.align	1
 6611              		.weak	HAL_SPI_RxHalfCpltCallback
 6612              		.syntax unified
 6613              		.thumb
 6614              		.thumb_func
 6616              	HAL_SPI_RxHalfCpltCallback:
 6617              	.LVL318:
 6618              	.LFB180:
3341:Drivers/STM32H5xx_HAL_Driver/Src/stm32h5xx_hal_spi.c ****   /* Prevent unused argument(s) compilation warning */
 6619              		.loc 1 3341 1 is_stmt 1 view -0
 6620              		.cfi_startproc
 6621              		@ args = 0, pretend = 0, frame = 0
 6622              		@ frame_needed = 0, uses_anonymous_args = 0
 6623              		@ link register save eliminated.
3343:Drivers/STM32H5xx_HAL_Driver/Src/stm32h5xx_hal_spi.c **** 
 6624              		.loc 1 3343 3 view .LVU2350
3348:Drivers/STM32H5xx_HAL_Driver/Src/stm32h5xx_hal_spi.c **** 
 6625              		.loc 1 3348 1 is_stmt 0 view .LVU2351
 6626 0000 7047     		bx	lr
 6627              		.cfi_endproc
 6628              	.LFE180:
 6630              		.section	.text.SPI_DMAHalfReceiveCplt,"ax",%progbits
 6631              		.align	1
 6632              		.syntax unified
ARM GAS  /tmp/cc3pUyOJ.s 			page 225


 6633              		.thumb
 6634              		.thumb_func
 6636              	SPI_DMAHalfReceiveCplt:
 6637              	.LVL319:
 6638              	.LFB191:
3582:Drivers/STM32H5xx_HAL_Driver/Src/stm32h5xx_hal_spi.c ****   SPI_HandleTypeDef *hspi = (SPI_HandleTypeDef *)
 6639              		.loc 1 3582 1 is_stmt 1 view -0
 6640              		.cfi_startproc
 6641              		@ args = 0, pretend = 0, frame = 0
 6642              		@ frame_needed = 0, uses_anonymous_args = 0
3582:Drivers/STM32H5xx_HAL_Driver/Src/stm32h5xx_hal_spi.c ****   SPI_HandleTypeDef *hspi = (SPI_HandleTypeDef *)
 6643              		.loc 1 3582 1 is_stmt 0 view .LVU2353
 6644 0000 08B5     		push	{r3, lr}
 6645              	.LCFI36:
 6646              		.cfi_def_cfa_offset 8
 6647              		.cfi_offset 3, -8
 6648              		.cfi_offset 14, -4
3583:Drivers/STM32H5xx_HAL_Driver/Src/stm32h5xx_hal_spi.c ****                             ((DMA_HandleTypeDef *)hdma)->Parent; /* Derogation MISRAC2012-Rule-8.13
 6649              		.loc 1 3583 3 is_stmt 1 view .LVU2354
 6650              	.LVL320:
3589:Drivers/STM32H5xx_HAL_Driver/Src/stm32h5xx_hal_spi.c **** #endif /* USE_HAL_SPI_REGISTER_CALLBACKS */
 6651              		.loc 1 3589 3 view .LVU2355
 6652 0002 C06D     		ldr	r0, [r0, #92]
 6653              	.LVL321:
3589:Drivers/STM32H5xx_HAL_Driver/Src/stm32h5xx_hal_spi.c **** #endif /* USE_HAL_SPI_REGISTER_CALLBACKS */
 6654              		.loc 1 3589 3 is_stmt 0 view .LVU2356
 6655 0004 FFF7FEFF 		bl	HAL_SPI_RxHalfCpltCallback
 6656              	.LVL322:
3591:Drivers/STM32H5xx_HAL_Driver/Src/stm32h5xx_hal_spi.c **** 
 6657              		.loc 1 3591 1 view .LVU2357
 6658 0008 08BD     		pop	{r3, pc}
 6659              		.cfi_endproc
 6660              	.LFE191:
 6662              		.section	.text.HAL_SPI_TxRxHalfCpltCallback,"ax",%progbits
 6663              		.align	1
 6664              		.weak	HAL_SPI_TxRxHalfCpltCallback
 6665              		.syntax unified
 6666              		.thumb
 6667              		.thumb_func
 6669              	HAL_SPI_TxRxHalfCpltCallback:
 6670              	.LVL323:
 6671              	.LFB181:
3357:Drivers/STM32H5xx_HAL_Driver/Src/stm32h5xx_hal_spi.c ****   /* Prevent unused argument(s) compilation warning */
 6672              		.loc 1 3357 1 is_stmt 1 view -0
 6673              		.cfi_startproc
 6674              		@ args = 0, pretend = 0, frame = 0
 6675              		@ frame_needed = 0, uses_anonymous_args = 0
 6676              		@ link register save eliminated.
3359:Drivers/STM32H5xx_HAL_Driver/Src/stm32h5xx_hal_spi.c **** 
 6677              		.loc 1 3359 3 view .LVU2359
3364:Drivers/STM32H5xx_HAL_Driver/Src/stm32h5xx_hal_spi.c **** 
 6678              		.loc 1 3364 1 is_stmt 0 view .LVU2360
 6679 0000 7047     		bx	lr
 6680              		.cfi_endproc
 6681              	.LFE181:
 6683              		.section	.text.SPI_DMAHalfTransmitReceiveCplt,"ax",%progbits
 6684              		.align	1
ARM GAS  /tmp/cc3pUyOJ.s 			page 226


 6685              		.syntax unified
 6686              		.thumb
 6687              		.thumb_func
 6689              	SPI_DMAHalfTransmitReceiveCplt:
 6690              	.LVL324:
 6691              	.LFB192:
3600:Drivers/STM32H5xx_HAL_Driver/Src/stm32h5xx_hal_spi.c ****   SPI_HandleTypeDef *hspi = (SPI_HandleTypeDef *)
 6692              		.loc 1 3600 1 is_stmt 1 view -0
 6693              		.cfi_startproc
 6694              		@ args = 0, pretend = 0, frame = 0
 6695              		@ frame_needed = 0, uses_anonymous_args = 0
3600:Drivers/STM32H5xx_HAL_Driver/Src/stm32h5xx_hal_spi.c ****   SPI_HandleTypeDef *hspi = (SPI_HandleTypeDef *)
 6696              		.loc 1 3600 1 is_stmt 0 view .LVU2362
 6697 0000 08B5     		push	{r3, lr}
 6698              	.LCFI37:
 6699              		.cfi_def_cfa_offset 8
 6700              		.cfi_offset 3, -8
 6701              		.cfi_offset 14, -4
3601:Drivers/STM32H5xx_HAL_Driver/Src/stm32h5xx_hal_spi.c ****                             ((DMA_HandleTypeDef *)hdma)->Parent; /* Derogation MISRAC2012-Rule-8.13
 6702              		.loc 1 3601 3 is_stmt 1 view .LVU2363
 6703              	.LVL325:
3607:Drivers/STM32H5xx_HAL_Driver/Src/stm32h5xx_hal_spi.c **** #endif /* USE_HAL_SPI_REGISTER_CALLBACKS */
 6704              		.loc 1 3607 3 view .LVU2364
 6705 0002 C06D     		ldr	r0, [r0, #92]
 6706              	.LVL326:
3607:Drivers/STM32H5xx_HAL_Driver/Src/stm32h5xx_hal_spi.c **** #endif /* USE_HAL_SPI_REGISTER_CALLBACKS */
 6707              		.loc 1 3607 3 is_stmt 0 view .LVU2365
 6708 0004 FFF7FEFF 		bl	HAL_SPI_TxRxHalfCpltCallback
 6709              	.LVL327:
3609:Drivers/STM32H5xx_HAL_Driver/Src/stm32h5xx_hal_spi.c **** 
 6710              		.loc 1 3609 1 view .LVU2366
 6711 0008 08BD     		pop	{r3, pc}
 6712              		.cfi_endproc
 6713              	.LFE192:
 6715              		.section	.text.HAL_SPI_ErrorCallback,"ax",%progbits
 6716              		.align	1
 6717              		.weak	HAL_SPI_ErrorCallback
 6718              		.syntax unified
 6719              		.thumb
 6720              		.thumb_func
 6722              	HAL_SPI_ErrorCallback:
 6723              	.LVL328:
 6724              	.LFB182:
3373:Drivers/STM32H5xx_HAL_Driver/Src/stm32h5xx_hal_spi.c ****   /* Prevent unused argument(s) compilation warning */
 6725              		.loc 1 3373 1 is_stmt 1 view -0
 6726              		.cfi_startproc
 6727              		@ args = 0, pretend = 0, frame = 0
 6728              		@ frame_needed = 0, uses_anonymous_args = 0
 6729              		@ link register save eliminated.
3375:Drivers/STM32H5xx_HAL_Driver/Src/stm32h5xx_hal_spi.c **** 
 6730              		.loc 1 3375 3 view .LVU2368
3383:Drivers/STM32H5xx_HAL_Driver/Src/stm32h5xx_hal_spi.c **** 
 6731              		.loc 1 3383 1 is_stmt 0 view .LVU2369
 6732 0000 7047     		bx	lr
 6733              		.cfi_endproc
 6734              	.LFE182:
 6736              		.section	.text.SPI_DMAError,"ax",%progbits
ARM GAS  /tmp/cc3pUyOJ.s 			page 227


 6737              		.align	1
 6738              		.syntax unified
 6739              		.thumb
 6740              		.thumb_func
 6742              	SPI_DMAError:
 6743              	.LVL329:
 6744              	.LFB193:
3618:Drivers/STM32H5xx_HAL_Driver/Src/stm32h5xx_hal_spi.c ****   SPI_HandleTypeDef *hspi = (SPI_HandleTypeDef *)((DMA_HandleTypeDef *)hdma)->Parent;
 6745              		.loc 1 3618 1 is_stmt 1 view -0
 6746              		.cfi_startproc
 6747              		@ args = 0, pretend = 0, frame = 0
 6748              		@ frame_needed = 0, uses_anonymous_args = 0
3618:Drivers/STM32H5xx_HAL_Driver/Src/stm32h5xx_hal_spi.c ****   SPI_HandleTypeDef *hspi = (SPI_HandleTypeDef *)((DMA_HandleTypeDef *)hdma)->Parent;
 6749              		.loc 1 3618 1 is_stmt 0 view .LVU2371
 6750 0000 10B5     		push	{r4, lr}
 6751              	.LCFI38:
 6752              		.cfi_def_cfa_offset 8
 6753              		.cfi_offset 4, -8
 6754              		.cfi_offset 14, -4
3619:Drivers/STM32H5xx_HAL_Driver/Src/stm32h5xx_hal_spi.c **** 
 6755              		.loc 1 3619 3 is_stmt 1 view .LVU2372
3619:Drivers/STM32H5xx_HAL_Driver/Src/stm32h5xx_hal_spi.c **** 
 6756              		.loc 1 3619 22 is_stmt 0 view .LVU2373
 6757 0002 C46D     		ldr	r4, [r0, #92]
 6758              	.LVL330:
3622:Drivers/STM32H5xx_HAL_Driver/Src/stm32h5xx_hal_spi.c ****   {
 6759              		.loc 1 3622 3 is_stmt 1 view .LVU2374
3622:Drivers/STM32H5xx_HAL_Driver/Src/stm32h5xx_hal_spi.c ****   {
 6760              		.loc 1 3622 7 is_stmt 0 view .LVU2375
 6761 0004 FFF7FEFF 		bl	HAL_DMA_GetError
 6762              	.LVL331:
3622:Drivers/STM32H5xx_HAL_Driver/Src/stm32h5xx_hal_spi.c ****   {
 6763              		.loc 1 3622 6 discriminator 1 view .LVU2376
 6764 0008 00B9     		cbnz	r0, .L411
 6765              	.L408:
3635:Drivers/STM32H5xx_HAL_Driver/Src/stm32h5xx_hal_spi.c **** 
 6766              		.loc 1 3635 1 view .LVU2377
 6767 000a 10BD     		pop	{r4, pc}
 6768              	.LVL332:
 6769              	.L411:
3625:Drivers/STM32H5xx_HAL_Driver/Src/stm32h5xx_hal_spi.c **** 
 6770              		.loc 1 3625 5 is_stmt 1 view .LVU2378
 6771 000c 2046     		mov	r0, r4
 6772 000e FFF7FEFF 		bl	SPI_CloseTransfer
 6773              	.LVL333:
3627:Drivers/STM32H5xx_HAL_Driver/Src/stm32h5xx_hal_spi.c ****     hspi->State = HAL_SPI_STATE_READY;
 6774              		.loc 1 3627 5 view .LVU2379
 6775 0012 D4F88C30 		ldr	r3, [r4, #140]
 6776 0016 43F01003 		orr	r3, r3, #16
 6777 001a C4F88C30 		str	r3, [r4, #140]
3628:Drivers/STM32H5xx_HAL_Driver/Src/stm32h5xx_hal_spi.c **** #if (USE_HAL_SPI_REGISTER_CALLBACKS == 1UL)
 6778              		.loc 1 3628 5 view .LVU2380
3628:Drivers/STM32H5xx_HAL_Driver/Src/stm32h5xx_hal_spi.c **** #if (USE_HAL_SPI_REGISTER_CALLBACKS == 1UL)
 6779              		.loc 1 3628 17 is_stmt 0 view .LVU2381
 6780 001e 0123     		movs	r3, #1
 6781 0020 84F88930 		strb	r3, [r4, #137]
3632:Drivers/STM32H5xx_HAL_Driver/Src/stm32h5xx_hal_spi.c **** #endif /* USE_HAL_SPI_REGISTER_CALLBACKS */
ARM GAS  /tmp/cc3pUyOJ.s 			page 228


 6782              		.loc 1 3632 5 is_stmt 1 view .LVU2382
 6783 0024 2046     		mov	r0, r4
 6784 0026 FFF7FEFF 		bl	HAL_SPI_ErrorCallback
 6785              	.LVL334:
3635:Drivers/STM32H5xx_HAL_Driver/Src/stm32h5xx_hal_spi.c **** 
 6786              		.loc 1 3635 1 is_stmt 0 view .LVU2383
 6787 002a EEE7     		b	.L408
 6788              		.cfi_endproc
 6789              	.LFE193:
 6791              		.section	.text.SPI_DMAAbortOnError,"ax",%progbits
 6792              		.align	1
 6793              		.syntax unified
 6794              		.thumb
 6795              		.thumb_func
 6797              	SPI_DMAAbortOnError:
 6798              	.LVL335:
 6799              	.LFB194:
3644:Drivers/STM32H5xx_HAL_Driver/Src/stm32h5xx_hal_spi.c ****   SPI_HandleTypeDef *hspi = (SPI_HandleTypeDef *)((DMA_HandleTypeDef *)hdma)->Parent;
 6800              		.loc 1 3644 1 is_stmt 1 view -0
 6801              		.cfi_startproc
 6802              		@ args = 0, pretend = 0, frame = 0
 6803              		@ frame_needed = 0, uses_anonymous_args = 0
3644:Drivers/STM32H5xx_HAL_Driver/Src/stm32h5xx_hal_spi.c ****   SPI_HandleTypeDef *hspi = (SPI_HandleTypeDef *)((DMA_HandleTypeDef *)hdma)->Parent;
 6804              		.loc 1 3644 1 is_stmt 0 view .LVU2385
 6805 0000 08B5     		push	{r3, lr}
 6806              	.LCFI39:
 6807              		.cfi_def_cfa_offset 8
 6808              		.cfi_offset 3, -8
 6809              		.cfi_offset 14, -4
3645:Drivers/STM32H5xx_HAL_Driver/Src/stm32h5xx_hal_spi.c ****   hspi->RxXferCount = (uint16_t) 0UL;
 6810              		.loc 1 3645 3 is_stmt 1 view .LVU2386
3645:Drivers/STM32H5xx_HAL_Driver/Src/stm32h5xx_hal_spi.c ****   hspi->RxXferCount = (uint16_t) 0UL;
 6811              		.loc 1 3645 22 is_stmt 0 view .LVU2387
 6812 0002 C06D     		ldr	r0, [r0, #92]
 6813              	.LVL336:
3646:Drivers/STM32H5xx_HAL_Driver/Src/stm32h5xx_hal_spi.c ****   hspi->TxXferCount = (uint16_t) 0UL;
 6814              		.loc 1 3646 3 is_stmt 1 view .LVU2388
3646:Drivers/STM32H5xx_HAL_Driver/Src/stm32h5xx_hal_spi.c ****   hspi->TxXferCount = (uint16_t) 0UL;
 6815              		.loc 1 3646 21 is_stmt 0 view .LVU2389
 6816 0004 0023     		movs	r3, #0
 6817 0006 A0F87230 		strh	r3, [r0, #114]	@ movhi
3647:Drivers/STM32H5xx_HAL_Driver/Src/stm32h5xx_hal_spi.c **** 
 6818              		.loc 1 3647 3 is_stmt 1 view .LVU2390
3647:Drivers/STM32H5xx_HAL_Driver/Src/stm32h5xx_hal_spi.c **** 
 6819              		.loc 1 3647 21 is_stmt 0 view .LVU2391
 6820 000a A0F86A30 		strh	r3, [r0, #106]	@ movhi
3650:Drivers/STM32H5xx_HAL_Driver/Src/stm32h5xx_hal_spi.c **** 
 6821              		.loc 1 3650 3 is_stmt 1 view .LVU2392
3650:Drivers/STM32H5xx_HAL_Driver/Src/stm32h5xx_hal_spi.c **** 
 6822              		.loc 1 3650 15 is_stmt 0 view .LVU2393
 6823 000e 0123     		movs	r3, #1
 6824 0010 80F88930 		strb	r3, [r0, #137]
3655:Drivers/STM32H5xx_HAL_Driver/Src/stm32h5xx_hal_spi.c **** #endif /* USE_HAL_SPI_REGISTER_CALLBACKS */
 6825              		.loc 1 3655 3 is_stmt 1 view .LVU2394
 6826 0014 FFF7FEFF 		bl	HAL_SPI_ErrorCallback
 6827              	.LVL337:
3657:Drivers/STM32H5xx_HAL_Driver/Src/stm32h5xx_hal_spi.c **** 
ARM GAS  /tmp/cc3pUyOJ.s 			page 229


 6828              		.loc 1 3657 1 is_stmt 0 view .LVU2395
 6829 0018 08BD     		pop	{r3, pc}
 6830              		.cfi_endproc
 6831              	.LFE194:
 6833              		.section	.text.HAL_SPI_AbortCpltCallback,"ax",%progbits
 6834              		.align	1
 6835              		.weak	HAL_SPI_AbortCpltCallback
 6836              		.syntax unified
 6837              		.thumb
 6838              		.thumb_func
 6840              	HAL_SPI_AbortCpltCallback:
 6841              	.LVL338:
 6842              	.LFB183:
3391:Drivers/STM32H5xx_HAL_Driver/Src/stm32h5xx_hal_spi.c ****   /* Prevent unused argument(s) compilation warning */
 6843              		.loc 1 3391 1 is_stmt 1 view -0
 6844              		.cfi_startproc
 6845              		@ args = 0, pretend = 0, frame = 0
 6846              		@ frame_needed = 0, uses_anonymous_args = 0
 6847              		@ link register save eliminated.
3393:Drivers/STM32H5xx_HAL_Driver/Src/stm32h5xx_hal_spi.c **** 
 6848              		.loc 1 3393 3 view .LVU2397
3398:Drivers/STM32H5xx_HAL_Driver/Src/stm32h5xx_hal_spi.c **** 
 6849              		.loc 1 3398 1 is_stmt 0 view .LVU2398
 6850 0000 7047     		bx	lr
 6851              		.cfi_endproc
 6852              	.LFE183:
 6854              		.section	.text.HAL_SPI_Abort_IT,"ax",%progbits
 6855              		.align	1
 6856              		.global	HAL_SPI_Abort_IT
 6857              		.syntax unified
 6858              		.thumb
 6859              		.thumb_func
 6861              	HAL_SPI_Abort_IT:
 6862              	.LVL339:
 6863              	.LFB171:
2821:Drivers/STM32H5xx_HAL_Driver/Src/stm32h5xx_hal_spi.c ****   HAL_StatusTypeDef errorcode;
 6864              		.loc 1 2821 1 is_stmt 1 view -0
 6865              		.cfi_startproc
 6866              		@ args = 0, pretend = 0, frame = 8
 6867              		@ frame_needed = 0, uses_anonymous_args = 0
2821:Drivers/STM32H5xx_HAL_Driver/Src/stm32h5xx_hal_spi.c ****   HAL_StatusTypeDef errorcode;
 6868              		.loc 1 2821 1 is_stmt 0 view .LVU2400
 6869 0000 30B5     		push	{r4, r5, lr}
 6870              	.LCFI40:
 6871              		.cfi_def_cfa_offset 12
 6872              		.cfi_offset 4, -12
 6873              		.cfi_offset 5, -8
 6874              		.cfi_offset 14, -4
 6875 0002 83B0     		sub	sp, sp, #12
 6876              	.LCFI41:
 6877              		.cfi_def_cfa_offset 24
 6878 0004 0446     		mov	r4, r0
2822:Drivers/STM32H5xx_HAL_Driver/Src/stm32h5xx_hal_spi.c ****   __IO uint32_t count;
 6879              		.loc 1 2822 3 is_stmt 1 view .LVU2401
2823:Drivers/STM32H5xx_HAL_Driver/Src/stm32h5xx_hal_spi.c **** #if defined(HAL_DMA_MODULE_ENABLED)
 6880              		.loc 1 2823 3 view .LVU2402
2825:Drivers/STM32H5xx_HAL_Driver/Src/stm32h5xx_hal_spi.c ****   uint32_t dma_rx_abort_done = 1UL;
ARM GAS  /tmp/cc3pUyOJ.s 			page 230


 6881              		.loc 1 2825 3 view .LVU2403
 6882              	.LVL340:
2826:Drivers/STM32H5xx_HAL_Driver/Src/stm32h5xx_hal_spi.c **** #endif /* HAL_DMA_MODULE_ENABLED */
 6883              		.loc 1 2826 3 view .LVU2404
2830:Drivers/STM32H5xx_HAL_Driver/Src/stm32h5xx_hal_spi.c **** 
 6884              		.loc 1 2830 3 view .LVU2405
2830:Drivers/STM32H5xx_HAL_Driver/Src/stm32h5xx_hal_spi.c **** 
 6885              		.loc 1 2830 15 is_stmt 0 view .LVU2406
 6886 0006 0723     		movs	r3, #7
 6887 0008 80F88930 		strb	r3, [r0, #137]
2833:Drivers/STM32H5xx_HAL_Driver/Src/stm32h5xx_hal_spi.c ****   count = SPI_DEFAULT_TIMEOUT * (SystemCoreClock / 24UL / 1000UL);
 6888              		.loc 1 2833 3 is_stmt 1 view .LVU2407
 6889              	.LVL341:
2834:Drivers/STM32H5xx_HAL_Driver/Src/stm32h5xx_hal_spi.c **** 
 6890              		.loc 1 2834 3 view .LVU2408
2834:Drivers/STM32H5xx_HAL_Driver/Src/stm32h5xx_hal_spi.c **** 
 6891              		.loc 1 2834 57 is_stmt 0 view .LVU2409
 6892 000c 5F4B     		ldr	r3, .L453
 6893 000e 1B68     		ldr	r3, [r3]
 6894 0010 5F4A     		ldr	r2, .L453+4
 6895 0012 A2FB0323 		umull	r2, r3, r2, r3
 6896 0016 5B0A     		lsrs	r3, r3, #9
2834:Drivers/STM32H5xx_HAL_Driver/Src/stm32h5xx_hal_spi.c **** 
 6897              		.loc 1 2834 31 view .LVU2410
 6898 0018 6422     		movs	r2, #100
 6899 001a 02FB03F3 		mul	r3, r2, r3
2834:Drivers/STM32H5xx_HAL_Driver/Src/stm32h5xx_hal_spi.c **** 
 6900              		.loc 1 2834 9 view .LVU2411
 6901 001e 0193     		str	r3, [sp, #4]
2837:Drivers/STM32H5xx_HAL_Driver/Src/stm32h5xx_hal_spi.c ****   {
 6902              		.loc 1 2837 3 is_stmt 1 view .LVU2412
2837:Drivers/STM32H5xx_HAL_Driver/Src/stm32h5xx_hal_spi.c ****   {
 6903              		.loc 1 2837 7 is_stmt 0 view .LVU2413
 6904 0020 0368     		ldr	r3, [r0]
 6905 0022 1A68     		ldr	r2, [r3]
2837:Drivers/STM32H5xx_HAL_Driver/Src/stm32h5xx_hal_spi.c ****   {
 6906              		.loc 1 2837 6 view .LVU2414
 6907 0024 12F4007F 		tst	r2, #512
 6908 0028 40D0     		beq	.L416
2840:Drivers/STM32H5xx_HAL_Driver/Src/stm32h5xx_hal_spi.c ****     do
 6909              		.loc 1 2840 5 is_stmt 1 view .LVU2415
 6910 002a 1A69     		ldr	r2, [r3, #16]
 6911 002c 22F00802 		bic	r2, r2, #8
 6912 0030 1A61     		str	r2, [r3, #16]
 6913              	.L419:
2841:Drivers/STM32H5xx_HAL_Driver/Src/stm32h5xx_hal_spi.c ****     {
 6914              		.loc 1 2841 5 view .LVU2416
2843:Drivers/STM32H5xx_HAL_Driver/Src/stm32h5xx_hal_spi.c ****       if (count == 0UL)
 6915              		.loc 1 2843 7 view .LVU2417
2843:Drivers/STM32H5xx_HAL_Driver/Src/stm32h5xx_hal_spi.c ****       if (count == 0UL)
 6916              		.loc 1 2843 12 is_stmt 0 view .LVU2418
 6917 0032 019B     		ldr	r3, [sp, #4]
 6918 0034 013B     		subs	r3, r3, #1
 6919 0036 0193     		str	r3, [sp, #4]
2844:Drivers/STM32H5xx_HAL_Driver/Src/stm32h5xx_hal_spi.c ****       {
 6920              		.loc 1 2844 7 is_stmt 1 view .LVU2419
2844:Drivers/STM32H5xx_HAL_Driver/Src/stm32h5xx_hal_spi.c ****       {
ARM GAS  /tmp/cc3pUyOJ.s 			page 231


 6921              		.loc 1 2844 17 is_stmt 0 view .LVU2420
 6922 0038 019B     		ldr	r3, [sp, #4]
2844:Drivers/STM32H5xx_HAL_Driver/Src/stm32h5xx_hal_spi.c ****       {
 6923              		.loc 1 2844 10 view .LVU2421
 6924 003a 2BB1     		cbz	r3, .L442
2849:Drivers/STM32H5xx_HAL_Driver/Src/stm32h5xx_hal_spi.c **** 
 6925              		.loc 1 2849 14 is_stmt 1 view .LVU2422
 6926 003c 2368     		ldr	r3, [r4]
 6927 003e 1B69     		ldr	r3, [r3, #16]
 6928 0040 13F0080F 		tst	r3, #8
 6929 0044 F5D1     		bne	.L419
 6930 0046 05E0     		b	.L418
 6931              	.L442:
2846:Drivers/STM32H5xx_HAL_Driver/Src/stm32h5xx_hal_spi.c ****         break;
 6932              		.loc 1 2846 9 view .LVU2423
 6933 0048 D4F88C30 		ldr	r3, [r4, #140]
 6934 004c 43F04003 		orr	r3, r3, #64
 6935 0050 C4F88C30 		str	r3, [r4, #140]
2847:Drivers/STM32H5xx_HAL_Driver/Src/stm32h5xx_hal_spi.c ****       }
 6936              		.loc 1 2847 9 view .LVU2424
 6937              	.L418:
2852:Drivers/STM32H5xx_HAL_Driver/Src/stm32h5xx_hal_spi.c ****     do
 6938              		.loc 1 2852 5 view .LVU2425
 6939 0054 2268     		ldr	r2, [r4]
 6940 0056 1368     		ldr	r3, [r2]
 6941 0058 43F48063 		orr	r3, r3, #1024
 6942 005c 1360     		str	r3, [r2]
 6943              	.L422:
2853:Drivers/STM32H5xx_HAL_Driver/Src/stm32h5xx_hal_spi.c ****     {
 6944              		.loc 1 2853 5 view .LVU2426
2855:Drivers/STM32H5xx_HAL_Driver/Src/stm32h5xx_hal_spi.c ****       if (count == 0UL)
 6945              		.loc 1 2855 7 view .LVU2427
2855:Drivers/STM32H5xx_HAL_Driver/Src/stm32h5xx_hal_spi.c ****       if (count == 0UL)
 6946              		.loc 1 2855 12 is_stmt 0 view .LVU2428
 6947 005e 019B     		ldr	r3, [sp, #4]
 6948 0060 013B     		subs	r3, r3, #1
 6949 0062 0193     		str	r3, [sp, #4]
2856:Drivers/STM32H5xx_HAL_Driver/Src/stm32h5xx_hal_spi.c ****       {
 6950              		.loc 1 2856 7 is_stmt 1 view .LVU2429
2856:Drivers/STM32H5xx_HAL_Driver/Src/stm32h5xx_hal_spi.c ****       {
 6951              		.loc 1 2856 17 is_stmt 0 view .LVU2430
 6952 0064 019B     		ldr	r3, [sp, #4]
2856:Drivers/STM32H5xx_HAL_Driver/Src/stm32h5xx_hal_spi.c ****       {
 6953              		.loc 1 2856 10 view .LVU2431
 6954 0066 2BB1     		cbz	r3, .L443
2861:Drivers/STM32H5xx_HAL_Driver/Src/stm32h5xx_hal_spi.c **** 
 6955              		.loc 1 2861 14 is_stmt 1 view .LVU2432
 6956 0068 2368     		ldr	r3, [r4]
 6957 006a 1B68     		ldr	r3, [r3]
 6958 006c 13F4007F 		tst	r3, #512
 6959 0070 F5D1     		bne	.L422
 6960 0072 05E0     		b	.L421
 6961              	.L443:
2858:Drivers/STM32H5xx_HAL_Driver/Src/stm32h5xx_hal_spi.c ****         break;
 6962              		.loc 1 2858 9 view .LVU2433
 6963 0074 D4F88C30 		ldr	r3, [r4, #140]
 6964 0078 43F04003 		orr	r3, r3, #64
ARM GAS  /tmp/cc3pUyOJ.s 			page 232


 6965 007c C4F88C30 		str	r3, [r4, #140]
2859:Drivers/STM32H5xx_HAL_Driver/Src/stm32h5xx_hal_spi.c ****       }
 6966              		.loc 1 2859 9 view .LVU2434
 6967              	.L421:
2864:Drivers/STM32H5xx_HAL_Driver/Src/stm32h5xx_hal_spi.c ****     do
 6968              		.loc 1 2864 5 view .LVU2435
 6969 0080 2268     		ldr	r2, [r4]
 6970 0082 9369     		ldr	r3, [r2, #24]
 6971 0084 43F40063 		orr	r3, r3, #2048
 6972 0088 9361     		str	r3, [r2, #24]
 6973              	.L424:
2865:Drivers/STM32H5xx_HAL_Driver/Src/stm32h5xx_hal_spi.c ****     {
 6974              		.loc 1 2865 5 view .LVU2436
2867:Drivers/STM32H5xx_HAL_Driver/Src/stm32h5xx_hal_spi.c ****       if (count == 0UL)
 6975              		.loc 1 2867 7 view .LVU2437
2867:Drivers/STM32H5xx_HAL_Driver/Src/stm32h5xx_hal_spi.c ****       if (count == 0UL)
 6976              		.loc 1 2867 12 is_stmt 0 view .LVU2438
 6977 008a 019B     		ldr	r3, [sp, #4]
 6978 008c 013B     		subs	r3, r3, #1
 6979 008e 0193     		str	r3, [sp, #4]
2868:Drivers/STM32H5xx_HAL_Driver/Src/stm32h5xx_hal_spi.c ****       {
 6980              		.loc 1 2868 7 is_stmt 1 view .LVU2439
2868:Drivers/STM32H5xx_HAL_Driver/Src/stm32h5xx_hal_spi.c ****       {
 6981              		.loc 1 2868 17 is_stmt 0 view .LVU2440
 6982 0090 019B     		ldr	r3, [sp, #4]
2868:Drivers/STM32H5xx_HAL_Driver/Src/stm32h5xx_hal_spi.c ****       {
 6983              		.loc 1 2868 10 view .LVU2441
 6984 0092 2BB1     		cbz	r3, .L444
2873:Drivers/STM32H5xx_HAL_Driver/Src/stm32h5xx_hal_spi.c ****   }
 6985              		.loc 1 2873 14 is_stmt 1 view .LVU2442
 6986 0094 2368     		ldr	r3, [r4]
 6987 0096 5B69     		ldr	r3, [r3, #20]
 6988 0098 13F4006F 		tst	r3, #2048
 6989 009c F5D1     		bne	.L424
 6990 009e 05E0     		b	.L416
 6991              	.L444:
2870:Drivers/STM32H5xx_HAL_Driver/Src/stm32h5xx_hal_spi.c ****         break;
 6992              		.loc 1 2870 9 view .LVU2443
 6993 00a0 D4F88C30 		ldr	r3, [r4, #140]
 6994 00a4 43F04003 		orr	r3, r3, #64
 6995 00a8 C4F88C30 		str	r3, [r4, #140]
2871:Drivers/STM32H5xx_HAL_Driver/Src/stm32h5xx_hal_spi.c ****       }
 6996              		.loc 1 2871 9 view .LVU2444
 6997              	.L416:
2880:Drivers/STM32H5xx_HAL_Driver/Src/stm32h5xx_hal_spi.c ****   {
 6998              		.loc 1 2880 3 view .LVU2445
2880:Drivers/STM32H5xx_HAL_Driver/Src/stm32h5xx_hal_spi.c ****   {
 6999              		.loc 1 2880 11 is_stmt 0 view .LVU2446
 7000 00ac D4F88430 		ldr	r3, [r4, #132]
2880:Drivers/STM32H5xx_HAL_Driver/Src/stm32h5xx_hal_spi.c ****   {
 7001              		.loc 1 2880 6 view .LVU2447
 7002 00b0 33B1     		cbz	r3, .L425
2882:Drivers/STM32H5xx_HAL_Driver/Src/stm32h5xx_hal_spi.c ****     {
 7003              		.loc 1 2882 5 is_stmt 1 view .LVU2448
2882:Drivers/STM32H5xx_HAL_Driver/Src/stm32h5xx_hal_spi.c ****     {
 7004              		.loc 1 2882 9 is_stmt 0 view .LVU2449
 7005 00b2 2268     		ldr	r2, [r4]
ARM GAS  /tmp/cc3pUyOJ.s 			page 233


 7006 00b4 9268     		ldr	r2, [r2, #8]
2882:Drivers/STM32H5xx_HAL_Driver/Src/stm32h5xx_hal_spi.c ****     {
 7007              		.loc 1 2882 8 view .LVU2450
 7008 00b6 12F4804F 		tst	r2, #16384
 7009 00ba 01D0     		beq	.L425
2885:Drivers/STM32H5xx_HAL_Driver/Src/stm32h5xx_hal_spi.c ****     }
 7010              		.loc 1 2885 7 is_stmt 1 view .LVU2451
2885:Drivers/STM32H5xx_HAL_Driver/Src/stm32h5xx_hal_spi.c ****     }
 7011              		.loc 1 2885 39 is_stmt 0 view .LVU2452
 7012 00bc 354A     		ldr	r2, .L453+8
 7013 00be DA66     		str	r2, [r3, #108]
 7014              	.L425:
2889:Drivers/STM32H5xx_HAL_Driver/Src/stm32h5xx_hal_spi.c ****   {
 7015              		.loc 1 2889 3 is_stmt 1 view .LVU2453
2889:Drivers/STM32H5xx_HAL_Driver/Src/stm32h5xx_hal_spi.c ****   {
 7016              		.loc 1 2889 11 is_stmt 0 view .LVU2454
 7017 00c0 D4F88030 		ldr	r3, [r4, #128]
2889:Drivers/STM32H5xx_HAL_Driver/Src/stm32h5xx_hal_spi.c ****   {
 7018              		.loc 1 2889 6 view .LVU2455
 7019 00c4 7BB3     		cbz	r3, .L432
2891:Drivers/STM32H5xx_HAL_Driver/Src/stm32h5xx_hal_spi.c ****     {
 7020              		.loc 1 2891 5 is_stmt 1 view .LVU2456
2891:Drivers/STM32H5xx_HAL_Driver/Src/stm32h5xx_hal_spi.c ****     {
 7021              		.loc 1 2891 9 is_stmt 0 view .LVU2457
 7022 00c6 2268     		ldr	r2, [r4]
 7023 00c8 9268     		ldr	r2, [r2, #8]
2891:Drivers/STM32H5xx_HAL_Driver/Src/stm32h5xx_hal_spi.c ****     {
 7024              		.loc 1 2891 8 view .LVU2458
 7025 00ca 12F4004F 		tst	r2, #32768
 7026 00ce 13D1     		bne	.L445
2910:Drivers/STM32H5xx_HAL_Driver/Src/stm32h5xx_hal_spi.c ****     }
 7027              		.loc 1 2910 7 is_stmt 1 view .LVU2459
2910:Drivers/STM32H5xx_HAL_Driver/Src/stm32h5xx_hal_spi.c ****     }
 7028              		.loc 1 2910 39 is_stmt 0 view .LVU2460
 7029 00d0 0022     		movs	r2, #0
 7030 00d2 DA66     		str	r2, [r3, #108]
2825:Drivers/STM32H5xx_HAL_Driver/Src/stm32h5xx_hal_spi.c ****   uint32_t dma_rx_abort_done = 1UL;
 7031              		.loc 1 2825 12 view .LVU2461
 7032 00d4 0125     		movs	r5, #1
 7033              	.LVL342:
 7034              	.L426:
2914:Drivers/STM32H5xx_HAL_Driver/Src/stm32h5xx_hal_spi.c ****   {
 7035              		.loc 1 2914 3 is_stmt 1 view .LVU2462
2914:Drivers/STM32H5xx_HAL_Driver/Src/stm32h5xx_hal_spi.c ****   {
 7036              		.loc 1 2914 11 is_stmt 0 view .LVU2463
 7037 00d6 D4F88430 		ldr	r3, [r4, #132]
2914:Drivers/STM32H5xx_HAL_Driver/Src/stm32h5xx_hal_spi.c ****   {
 7038              		.loc 1 2914 6 view .LVU2464
 7039 00da 002B     		cmp	r3, #0
 7040 00dc 3CD0     		beq	.L435
2916:Drivers/STM32H5xx_HAL_Driver/Src/stm32h5xx_hal_spi.c ****     {
 7041              		.loc 1 2916 5 is_stmt 1 view .LVU2465
2916:Drivers/STM32H5xx_HAL_Driver/Src/stm32h5xx_hal_spi.c ****     {
 7042              		.loc 1 2916 9 is_stmt 0 view .LVU2466
 7043 00de 2268     		ldr	r2, [r4]
 7044 00e0 9268     		ldr	r2, [r2, #8]
2916:Drivers/STM32H5xx_HAL_Driver/Src/stm32h5xx_hal_spi.c ****     {
ARM GAS  /tmp/cc3pUyOJ.s 			page 234


 7045              		.loc 1 2916 8 view .LVU2467
 7046 00e2 12F4804F 		tst	r2, #16384
 7047 00e6 20D1     		bne	.L446
2935:Drivers/STM32H5xx_HAL_Driver/Src/stm32h5xx_hal_spi.c ****     }
 7048              		.loc 1 2935 7 is_stmt 1 view .LVU2468
2935:Drivers/STM32H5xx_HAL_Driver/Src/stm32h5xx_hal_spi.c ****     }
 7049              		.loc 1 2935 39 is_stmt 0 view .LVU2469
 7050 00e8 0022     		movs	r2, #0
 7051 00ea DA66     		str	r2, [r3, #108]
2826:Drivers/STM32H5xx_HAL_Driver/Src/stm32h5xx_hal_spi.c **** #endif /* HAL_DMA_MODULE_ENABLED */
 7052              		.loc 1 2826 12 view .LVU2470
 7053 00ec 0123     		movs	r3, #1
 7054              	.LVL343:
 7055              	.L428:
2940:Drivers/STM32H5xx_HAL_Driver/Src/stm32h5xx_hal_spi.c ****   {
 7056              		.loc 1 2940 3 is_stmt 1 view .LVU2471
2940:Drivers/STM32H5xx_HAL_Driver/Src/stm32h5xx_hal_spi.c ****   {
 7057              		.loc 1 2940 6 is_stmt 0 view .LVU2472
 7058 00ee ADBB     		cbnz	r5, .L447
2833:Drivers/STM32H5xx_HAL_Driver/Src/stm32h5xx_hal_spi.c ****   count = SPI_DEFAULT_TIMEOUT * (SystemCoreClock / 24UL / 1000UL);
 7059              		.loc 1 2833 13 view .LVU2473
 7060 00f0 0025     		movs	r5, #0
 7061              	.LVL344:
 7062              	.L430:
2971:Drivers/STM32H5xx_HAL_Driver/Src/stm32h5xx_hal_spi.c **** }
 7063              		.loc 1 2971 3 is_stmt 1 view .LVU2474
2972:Drivers/STM32H5xx_HAL_Driver/Src/stm32h5xx_hal_spi.c **** 
 7064              		.loc 1 2972 1 is_stmt 0 view .LVU2475
 7065 00f2 2846     		mov	r0, r5
 7066 00f4 03B0     		add	sp, sp, #12
 7067              	.LCFI42:
 7068              		.cfi_remember_state
 7069              		.cfi_def_cfa_offset 12
 7070              		@ sp needed
 7071 00f6 30BD     		pop	{r4, r5, pc}
 7072              	.LVL345:
 7073              	.L445:
 7074              	.LCFI43:
 7075              		.cfi_restore_state
2894:Drivers/STM32H5xx_HAL_Driver/Src/stm32h5xx_hal_spi.c **** 
 7076              		.loc 1 2894 7 is_stmt 1 view .LVU2476
2894:Drivers/STM32H5xx_HAL_Driver/Src/stm32h5xx_hal_spi.c **** 
 7077              		.loc 1 2894 39 is_stmt 0 view .LVU2477
 7078 00f8 274A     		ldr	r2, .L453+12
 7079 00fa DA66     		str	r2, [r3, #108]
2896:Drivers/STM32H5xx_HAL_Driver/Src/stm32h5xx_hal_spi.c **** 
 7080              		.loc 1 2896 7 is_stmt 1 view .LVU2478
 7081              	.LVL346:
2899:Drivers/STM32H5xx_HAL_Driver/Src/stm32h5xx_hal_spi.c ****       {
 7082              		.loc 1 2899 7 view .LVU2479
2899:Drivers/STM32H5xx_HAL_Driver/Src/stm32h5xx_hal_spi.c ****       {
 7083              		.loc 1 2899 11 is_stmt 0 view .LVU2480
 7084 00fc D4F88000 		ldr	r0, [r4, #128]
 7085              	.LVL347:
2899:Drivers/STM32H5xx_HAL_Driver/Src/stm32h5xx_hal_spi.c ****       {
 7086              		.loc 1 2899 11 view .LVU2481
 7087 0100 FFF7FEFF 		bl	HAL_DMA_Abort_IT
ARM GAS  /tmp/cc3pUyOJ.s 			page 235


 7088              	.LVL348:
2899:Drivers/STM32H5xx_HAL_Driver/Src/stm32h5xx_hal_spi.c ****       {
 7089              		.loc 1 2899 10 discriminator 1 view .LVU2482
 7090 0104 08B9     		cbnz	r0, .L448
2896:Drivers/STM32H5xx_HAL_Driver/Src/stm32h5xx_hal_spi.c **** 
 7091              		.loc 1 2896 25 view .LVU2483
 7092 0106 0025     		movs	r5, #0
 7093 0108 E5E7     		b	.L426
 7094              	.L448:
2901:Drivers/STM32H5xx_HAL_Driver/Src/stm32h5xx_hal_spi.c ****         {
 7095              		.loc 1 2901 9 is_stmt 1 view .LVU2484
2901:Drivers/STM32H5xx_HAL_Driver/Src/stm32h5xx_hal_spi.c ****         {
 7096              		.loc 1 2901 13 is_stmt 0 view .LVU2485
 7097 010a D4F88000 		ldr	r0, [r4, #128]
 7098 010e FFF7FEFF 		bl	HAL_DMA_GetError
 7099              	.LVL349:
2901:Drivers/STM32H5xx_HAL_Driver/Src/stm32h5xx_hal_spi.c ****         {
 7100              		.loc 1 2901 12 discriminator 1 view .LVU2486
 7101 0112 2028     		cmp	r0, #32
 7102 0114 01D0     		beq	.L449
2896:Drivers/STM32H5xx_HAL_Driver/Src/stm32h5xx_hal_spi.c **** 
 7103              		.loc 1 2896 25 view .LVU2487
 7104 0116 0025     		movs	r5, #0
 7105 0118 DDE7     		b	.L426
 7106              	.L449:
2903:Drivers/STM32H5xx_HAL_Driver/Src/stm32h5xx_hal_spi.c ****           hspi->hdmatx->XferAbortCallback = NULL;
 7107              		.loc 1 2903 11 is_stmt 1 view .LVU2488
 7108              	.LVL350:
2904:Drivers/STM32H5xx_HAL_Driver/Src/stm32h5xx_hal_spi.c ****         }
 7109              		.loc 1 2904 11 view .LVU2489
2904:Drivers/STM32H5xx_HAL_Driver/Src/stm32h5xx_hal_spi.c ****         }
 7110              		.loc 1 2904 15 is_stmt 0 view .LVU2490
 7111 011a D4F88030 		ldr	r3, [r4, #128]
2904:Drivers/STM32H5xx_HAL_Driver/Src/stm32h5xx_hal_spi.c ****         }
 7112              		.loc 1 2904 43 view .LVU2491
 7113 011e 0022     		movs	r2, #0
 7114 0120 DA66     		str	r2, [r3, #108]
2903:Drivers/STM32H5xx_HAL_Driver/Src/stm32h5xx_hal_spi.c ****           hspi->hdmatx->XferAbortCallback = NULL;
 7115              		.loc 1 2903 29 view .LVU2492
 7116 0122 0125     		movs	r5, #1
 7117 0124 D7E7     		b	.L426
 7118              	.LVL351:
 7119              	.L432:
2825:Drivers/STM32H5xx_HAL_Driver/Src/stm32h5xx_hal_spi.c ****   uint32_t dma_rx_abort_done = 1UL;
 7120              		.loc 1 2825 12 view .LVU2493
 7121 0126 0125     		movs	r5, #1
 7122 0128 D5E7     		b	.L426
 7123              	.LVL352:
 7124              	.L446:
2919:Drivers/STM32H5xx_HAL_Driver/Src/stm32h5xx_hal_spi.c **** 
 7125              		.loc 1 2919 7 is_stmt 1 view .LVU2494
2919:Drivers/STM32H5xx_HAL_Driver/Src/stm32h5xx_hal_spi.c **** 
 7126              		.loc 1 2919 39 is_stmt 0 view .LVU2495
 7127 012a 1A4A     		ldr	r2, .L453+8
 7128 012c DA66     		str	r2, [r3, #108]
2921:Drivers/STM32H5xx_HAL_Driver/Src/stm32h5xx_hal_spi.c **** 
 7129              		.loc 1 2921 7 is_stmt 1 view .LVU2496
ARM GAS  /tmp/cc3pUyOJ.s 			page 236


 7130              	.LVL353:
2924:Drivers/STM32H5xx_HAL_Driver/Src/stm32h5xx_hal_spi.c ****       {
 7131              		.loc 1 2924 7 view .LVU2497
2924:Drivers/STM32H5xx_HAL_Driver/Src/stm32h5xx_hal_spi.c ****       {
 7132              		.loc 1 2924 11 is_stmt 0 view .LVU2498
 7133 012e D4F88400 		ldr	r0, [r4, #132]
 7134 0132 FFF7FEFF 		bl	HAL_DMA_Abort_IT
 7135              	.LVL354:
2924:Drivers/STM32H5xx_HAL_Driver/Src/stm32h5xx_hal_spi.c ****       {
 7136              		.loc 1 2924 10 discriminator 1 view .LVU2499
 7137 0136 08B9     		cbnz	r0, .L450
2921:Drivers/STM32H5xx_HAL_Driver/Src/stm32h5xx_hal_spi.c **** 
 7138              		.loc 1 2921 25 view .LVU2500
 7139 0138 0023     		movs	r3, #0
 7140 013a D8E7     		b	.L428
 7141              	.L450:
2926:Drivers/STM32H5xx_HAL_Driver/Src/stm32h5xx_hal_spi.c ****         {
 7142              		.loc 1 2926 9 is_stmt 1 view .LVU2501
2926:Drivers/STM32H5xx_HAL_Driver/Src/stm32h5xx_hal_spi.c ****         {
 7143              		.loc 1 2926 13 is_stmt 0 view .LVU2502
 7144 013c D4F88400 		ldr	r0, [r4, #132]
 7145 0140 FFF7FEFF 		bl	HAL_DMA_GetError
 7146              	.LVL355:
2926:Drivers/STM32H5xx_HAL_Driver/Src/stm32h5xx_hal_spi.c ****         {
 7147              		.loc 1 2926 12 discriminator 1 view .LVU2503
 7148 0144 2028     		cmp	r0, #32
 7149 0146 01D0     		beq	.L451
2921:Drivers/STM32H5xx_HAL_Driver/Src/stm32h5xx_hal_spi.c **** 
 7150              		.loc 1 2921 25 view .LVU2504
 7151 0148 0023     		movs	r3, #0
 7152 014a D0E7     		b	.L428
 7153              	.L451:
2928:Drivers/STM32H5xx_HAL_Driver/Src/stm32h5xx_hal_spi.c ****           hspi->hdmarx->XferAbortCallback = NULL;
 7154              		.loc 1 2928 11 is_stmt 1 view .LVU2505
 7155              	.LVL356:
2929:Drivers/STM32H5xx_HAL_Driver/Src/stm32h5xx_hal_spi.c ****         }
 7156              		.loc 1 2929 11 view .LVU2506
2929:Drivers/STM32H5xx_HAL_Driver/Src/stm32h5xx_hal_spi.c ****         }
 7157              		.loc 1 2929 15 is_stmt 0 view .LVU2507
 7158 014c D4F88430 		ldr	r3, [r4, #132]
2929:Drivers/STM32H5xx_HAL_Driver/Src/stm32h5xx_hal_spi.c ****         }
 7159              		.loc 1 2929 43 view .LVU2508
 7160 0150 0022     		movs	r2, #0
 7161 0152 DA66     		str	r2, [r3, #108]
2928:Drivers/STM32H5xx_HAL_Driver/Src/stm32h5xx_hal_spi.c ****           hspi->hdmarx->XferAbortCallback = NULL;
 7162              		.loc 1 2928 29 view .LVU2509
 7163 0154 0123     		movs	r3, #1
 7164 0156 CAE7     		b	.L428
 7165              	.L435:
2826:Drivers/STM32H5xx_HAL_Driver/Src/stm32h5xx_hal_spi.c **** #endif /* HAL_DMA_MODULE_ENABLED */
 7166              		.loc 1 2826 12 view .LVU2510
 7167 0158 0123     		movs	r3, #1
 7168 015a C8E7     		b	.L428
 7169              	.LVL357:
 7170              	.L447:
2940:Drivers/STM32H5xx_HAL_Driver/Src/stm32h5xx_hal_spi.c ****   {
 7171              		.loc 1 2940 34 discriminator 1 view .LVU2511
ARM GAS  /tmp/cc3pUyOJ.s 			page 237


 7172 015c 0BB9     		cbnz	r3, .L452
2833:Drivers/STM32H5xx_HAL_Driver/Src/stm32h5xx_hal_spi.c ****   count = SPI_DEFAULT_TIMEOUT * (SystemCoreClock / 24UL / 1000UL);
 7173              		.loc 1 2833 13 view .LVU2512
 7174 015e 0025     		movs	r5, #0
 7175              	.LVL358:
2833:Drivers/STM32H5xx_HAL_Driver/Src/stm32h5xx_hal_spi.c ****   count = SPI_DEFAULT_TIMEOUT * (SystemCoreClock / 24UL / 1000UL);
 7176              		.loc 1 2833 13 view .LVU2513
 7177 0160 C7E7     		b	.L430
 7178              	.LVL359:
 7179              	.L452:
2944:Drivers/STM32H5xx_HAL_Driver/Src/stm32h5xx_hal_spi.c **** 
 7180              		.loc 1 2944 5 is_stmt 1 view .LVU2514
 7181 0162 2046     		mov	r0, r4
 7182 0164 FFF7FEFF 		bl	SPI_AbortTransfer
 7183              	.LVL360:
2947:Drivers/STM32H5xx_HAL_Driver/Src/stm32h5xx_hal_spi.c ****     {
 7184              		.loc 1 2947 5 view .LVU2515
2947:Drivers/STM32H5xx_HAL_Driver/Src/stm32h5xx_hal_spi.c ****     {
 7185              		.loc 1 2947 9 is_stmt 0 view .LVU2516
 7186 0168 D4F88C30 		ldr	r3, [r4, #140]
2947:Drivers/STM32H5xx_HAL_Driver/Src/stm32h5xx_hal_spi.c ****     {
 7187              		.loc 1 2947 8 view .LVU2517
 7188 016c 13F0400F 		tst	r3, #64
 7189 0170 09D1     		bne	.L440
2955:Drivers/STM32H5xx_HAL_Driver/Src/stm32h5xx_hal_spi.c ****     }
 7190              		.loc 1 2955 7 is_stmt 1 view .LVU2518
2955:Drivers/STM32H5xx_HAL_Driver/Src/stm32h5xx_hal_spi.c ****     }
 7191              		.loc 1 2955 23 is_stmt 0 view .LVU2519
 7192 0172 0025     		movs	r5, #0
 7193              	.LVL361:
2955:Drivers/STM32H5xx_HAL_Driver/Src/stm32h5xx_hal_spi.c ****     }
 7194              		.loc 1 2955 23 view .LVU2520
 7195 0174 C4F88C50 		str	r5, [r4, #140]
 7196              	.L431:
 7197              	.LVL362:
2959:Drivers/STM32H5xx_HAL_Driver/Src/stm32h5xx_hal_spi.c **** 
 7198              		.loc 1 2959 5 is_stmt 1 view .LVU2521
2959:Drivers/STM32H5xx_HAL_Driver/Src/stm32h5xx_hal_spi.c **** 
 7199              		.loc 1 2959 17 is_stmt 0 view .LVU2522
 7200 0178 0123     		movs	r3, #1
 7201 017a 84F88930 		strb	r3, [r4, #137]
2965:Drivers/STM32H5xx_HAL_Driver/Src/stm32h5xx_hal_spi.c **** #endif /* USE_HAL_SPI_REGISTER_CALLBACKS */
 7202              		.loc 1 2965 5 is_stmt 1 view .LVU2523
 7203 017e 2046     		mov	r0, r4
 7204 0180 FFF7FEFF 		bl	HAL_SPI_AbortCpltCallback
 7205              	.LVL363:
 7206 0184 B5E7     		b	.L430
 7207              	.LVL364:
 7208              	.L440:
2950:Drivers/STM32H5xx_HAL_Driver/Src/stm32h5xx_hal_spi.c ****     }
 7209              		.loc 1 2950 17 is_stmt 0 view .LVU2524
 7210 0186 0125     		movs	r5, #1
 7211              	.LVL365:
2950:Drivers/STM32H5xx_HAL_Driver/Src/stm32h5xx_hal_spi.c ****     }
 7212              		.loc 1 2950 17 view .LVU2525
 7213 0188 F6E7     		b	.L431
 7214              	.L454:
ARM GAS  /tmp/cc3pUyOJ.s 			page 238


 7215 018a 00BF     		.align	2
 7216              	.L453:
 7217 018c 00000000 		.word	SystemCoreClock
 7218 0190 F1197605 		.word	91625969
 7219 0194 00000000 		.word	SPI_DMARxAbortCallback
 7220 0198 00000000 		.word	SPI_DMATxAbortCallback
 7221              		.cfi_endproc
 7222              	.LFE171:
 7224              		.section	.text.SPI_DMATxAbortCallback,"ax",%progbits
 7225              		.align	1
 7226              		.syntax unified
 7227              		.thumb
 7228              		.thumb_func
 7230              	SPI_DMATxAbortCallback:
 7231              	.LVL366:
 7232              	.LFB195:
3668:Drivers/STM32H5xx_HAL_Driver/Src/stm32h5xx_hal_spi.c ****   SPI_HandleTypeDef *hspi = (SPI_HandleTypeDef *)((DMA_HandleTypeDef *)hdma)->Parent;
 7233              		.loc 1 3668 1 is_stmt 1 view -0
 7234              		.cfi_startproc
 7235              		@ args = 0, pretend = 0, frame = 0
 7236              		@ frame_needed = 0, uses_anonymous_args = 0
3668:Drivers/STM32H5xx_HAL_Driver/Src/stm32h5xx_hal_spi.c ****   SPI_HandleTypeDef *hspi = (SPI_HandleTypeDef *)((DMA_HandleTypeDef *)hdma)->Parent;
 7237              		.loc 1 3668 1 is_stmt 0 view .LVU2527
 7238 0000 10B5     		push	{r4, lr}
 7239              	.LCFI44:
 7240              		.cfi_def_cfa_offset 8
 7241              		.cfi_offset 4, -8
 7242              		.cfi_offset 14, -4
3669:Drivers/STM32H5xx_HAL_Driver/Src/stm32h5xx_hal_spi.c **** 
 7243              		.loc 1 3669 3 is_stmt 1 view .LVU2528
3669:Drivers/STM32H5xx_HAL_Driver/Src/stm32h5xx_hal_spi.c **** 
 7244              		.loc 1 3669 22 is_stmt 0 view .LVU2529
 7245 0002 C46D     		ldr	r4, [r0, #92]
 7246              	.LVL367:
3671:Drivers/STM32H5xx_HAL_Driver/Src/stm32h5xx_hal_spi.c **** 
 7247              		.loc 1 3671 3 is_stmt 1 view .LVU2530
3671:Drivers/STM32H5xx_HAL_Driver/Src/stm32h5xx_hal_spi.c **** 
 7248              		.loc 1 3671 7 is_stmt 0 view .LVU2531
 7249 0004 D4F88030 		ldr	r3, [r4, #128]
3671:Drivers/STM32H5xx_HAL_Driver/Src/stm32h5xx_hal_spi.c **** 
 7250              		.loc 1 3671 35 view .LVU2532
 7251 0008 0022     		movs	r2, #0
 7252 000a DA66     		str	r2, [r3, #108]
3674:Drivers/STM32H5xx_HAL_Driver/Src/stm32h5xx_hal_spi.c ****   {
 7253              		.loc 1 3674 3 is_stmt 1 view .LVU2533
3674:Drivers/STM32H5xx_HAL_Driver/Src/stm32h5xx_hal_spi.c ****   {
 7254              		.loc 1 3674 11 is_stmt 0 view .LVU2534
 7255 000c D4F88430 		ldr	r3, [r4, #132]
3674:Drivers/STM32H5xx_HAL_Driver/Src/stm32h5xx_hal_spi.c ****   {
 7256              		.loc 1 3674 6 view .LVU2535
 7257 0010 0BB1     		cbz	r3, .L456
3676:Drivers/STM32H5xx_HAL_Driver/Src/stm32h5xx_hal_spi.c ****     {
 7258              		.loc 1 3676 5 is_stmt 1 view .LVU2536
3676:Drivers/STM32H5xx_HAL_Driver/Src/stm32h5xx_hal_spi.c ****     {
 7259              		.loc 1 3676 21 is_stmt 0 view .LVU2537
 7260 0012 DB6E     		ldr	r3, [r3, #108]
3676:Drivers/STM32H5xx_HAL_Driver/Src/stm32h5xx_hal_spi.c ****     {
ARM GAS  /tmp/cc3pUyOJ.s 			page 239


 7261              		.loc 1 3676 8 view .LVU2538
 7262 0014 43B9     		cbnz	r3, .L455
 7263              	.L456:
3683:Drivers/STM32H5xx_HAL_Driver/Src/stm32h5xx_hal_spi.c **** 
 7264              		.loc 1 3683 3 is_stmt 1 view .LVU2539
 7265 0016 2046     		mov	r0, r4
 7266              	.LVL368:
3683:Drivers/STM32H5xx_HAL_Driver/Src/stm32h5xx_hal_spi.c **** 
 7267              		.loc 1 3683 3 is_stmt 0 view .LVU2540
 7268 0018 FFF7FEFF 		bl	SPI_AbortTransfer
 7269              	.LVL369:
3686:Drivers/STM32H5xx_HAL_Driver/Src/stm32h5xx_hal_spi.c **** 
 7270              		.loc 1 3686 3 is_stmt 1 view .LVU2541
3686:Drivers/STM32H5xx_HAL_Driver/Src/stm32h5xx_hal_spi.c **** 
 7271              		.loc 1 3686 15 is_stmt 0 view .LVU2542
 7272 001c 0123     		movs	r3, #1
 7273 001e 84F88930 		strb	r3, [r4, #137]
3692:Drivers/STM32H5xx_HAL_Driver/Src/stm32h5xx_hal_spi.c **** #endif /* USE_HAL_SPI_REGISTER_CALLBACKS */
 7274              		.loc 1 3692 3 is_stmt 1 view .LVU2543
 7275 0022 2046     		mov	r0, r4
 7276 0024 FFF7FEFF 		bl	HAL_SPI_AbortCpltCallback
 7277              	.LVL370:
 7278              	.L455:
3694:Drivers/STM32H5xx_HAL_Driver/Src/stm32h5xx_hal_spi.c **** 
 7279              		.loc 1 3694 1 is_stmt 0 view .LVU2544
 7280 0028 10BD     		pop	{r4, pc}
3694:Drivers/STM32H5xx_HAL_Driver/Src/stm32h5xx_hal_spi.c **** 
 7281              		.loc 1 3694 1 view .LVU2545
 7282              		.cfi_endproc
 7283              	.LFE195:
 7285              		.section	.text.SPI_DMARxAbortCallback,"ax",%progbits
 7286              		.align	1
 7287              		.syntax unified
 7288              		.thumb
 7289              		.thumb_func
 7291              	SPI_DMARxAbortCallback:
 7292              	.LVL371:
 7293              	.LFB196:
3705:Drivers/STM32H5xx_HAL_Driver/Src/stm32h5xx_hal_spi.c ****   SPI_HandleTypeDef *hspi = (SPI_HandleTypeDef *)((DMA_HandleTypeDef *)hdma)->Parent;
 7294              		.loc 1 3705 1 is_stmt 1 view -0
 7295              		.cfi_startproc
 7296              		@ args = 0, pretend = 0, frame = 0
 7297              		@ frame_needed = 0, uses_anonymous_args = 0
3705:Drivers/STM32H5xx_HAL_Driver/Src/stm32h5xx_hal_spi.c ****   SPI_HandleTypeDef *hspi = (SPI_HandleTypeDef *)((DMA_HandleTypeDef *)hdma)->Parent;
 7298              		.loc 1 3705 1 is_stmt 0 view .LVU2547
 7299 0000 10B5     		push	{r4, lr}
 7300              	.LCFI45:
 7301              		.cfi_def_cfa_offset 8
 7302              		.cfi_offset 4, -8
 7303              		.cfi_offset 14, -4
3706:Drivers/STM32H5xx_HAL_Driver/Src/stm32h5xx_hal_spi.c **** 
 7304              		.loc 1 3706 3 is_stmt 1 view .LVU2548
3706:Drivers/STM32H5xx_HAL_Driver/Src/stm32h5xx_hal_spi.c **** 
 7305              		.loc 1 3706 22 is_stmt 0 view .LVU2549
 7306 0002 C46D     		ldr	r4, [r0, #92]
 7307              	.LVL372:
3708:Drivers/STM32H5xx_HAL_Driver/Src/stm32h5xx_hal_spi.c **** 
ARM GAS  /tmp/cc3pUyOJ.s 			page 240


 7308              		.loc 1 3708 3 is_stmt 1 view .LVU2550
3708:Drivers/STM32H5xx_HAL_Driver/Src/stm32h5xx_hal_spi.c **** 
 7309              		.loc 1 3708 7 is_stmt 0 view .LVU2551
 7310 0004 D4F88430 		ldr	r3, [r4, #132]
3708:Drivers/STM32H5xx_HAL_Driver/Src/stm32h5xx_hal_spi.c **** 
 7311              		.loc 1 3708 35 view .LVU2552
 7312 0008 0022     		movs	r2, #0
 7313 000a DA66     		str	r2, [r3, #108]
3711:Drivers/STM32H5xx_HAL_Driver/Src/stm32h5xx_hal_spi.c ****   {
 7314              		.loc 1 3711 3 is_stmt 1 view .LVU2553
3711:Drivers/STM32H5xx_HAL_Driver/Src/stm32h5xx_hal_spi.c ****   {
 7315              		.loc 1 3711 11 is_stmt 0 view .LVU2554
 7316 000c D4F88030 		ldr	r3, [r4, #128]
3711:Drivers/STM32H5xx_HAL_Driver/Src/stm32h5xx_hal_spi.c ****   {
 7317              		.loc 1 3711 6 view .LVU2555
 7318 0010 0BB1     		cbz	r3, .L460
3713:Drivers/STM32H5xx_HAL_Driver/Src/stm32h5xx_hal_spi.c ****     {
 7319              		.loc 1 3713 5 is_stmt 1 view .LVU2556
3713:Drivers/STM32H5xx_HAL_Driver/Src/stm32h5xx_hal_spi.c ****     {
 7320              		.loc 1 3713 21 is_stmt 0 view .LVU2557
 7321 0012 DB6E     		ldr	r3, [r3, #108]
3713:Drivers/STM32H5xx_HAL_Driver/Src/stm32h5xx_hal_spi.c ****     {
 7322              		.loc 1 3713 8 view .LVU2558
 7323 0014 43B9     		cbnz	r3, .L459
 7324              	.L460:
3720:Drivers/STM32H5xx_HAL_Driver/Src/stm32h5xx_hal_spi.c **** 
 7325              		.loc 1 3720 3 is_stmt 1 view .LVU2559
 7326 0016 2046     		mov	r0, r4
 7327              	.LVL373:
3720:Drivers/STM32H5xx_HAL_Driver/Src/stm32h5xx_hal_spi.c **** 
 7328              		.loc 1 3720 3 is_stmt 0 view .LVU2560
 7329 0018 FFF7FEFF 		bl	SPI_AbortTransfer
 7330              	.LVL374:
3723:Drivers/STM32H5xx_HAL_Driver/Src/stm32h5xx_hal_spi.c **** 
 7331              		.loc 1 3723 3 is_stmt 1 view .LVU2561
3723:Drivers/STM32H5xx_HAL_Driver/Src/stm32h5xx_hal_spi.c **** 
 7332              		.loc 1 3723 15 is_stmt 0 view .LVU2562
 7333 001c 0123     		movs	r3, #1
 7334 001e 84F88930 		strb	r3, [r4, #137]
3729:Drivers/STM32H5xx_HAL_Driver/Src/stm32h5xx_hal_spi.c **** #endif /* USE_HAL_SPI_REGISTER_CALLBACKS */
 7335              		.loc 1 3729 3 is_stmt 1 view .LVU2563
 7336 0022 2046     		mov	r0, r4
 7337 0024 FFF7FEFF 		bl	HAL_SPI_AbortCpltCallback
 7338              	.LVL375:
 7339              	.L459:
3731:Drivers/STM32H5xx_HAL_Driver/Src/stm32h5xx_hal_spi.c **** #endif /* HAL_DMA_MODULE_ENABLED */
 7340              		.loc 1 3731 1 is_stmt 0 view .LVU2564
 7341 0028 10BD     		pop	{r4, pc}
3731:Drivers/STM32H5xx_HAL_Driver/Src/stm32h5xx_hal_spi.c **** #endif /* HAL_DMA_MODULE_ENABLED */
 7342              		.loc 1 3731 1 view .LVU2565
 7343              		.cfi_endproc
 7344              	.LFE196:
 7346              		.section	.text.HAL_SPI_SuspendCallback,"ax",%progbits
 7347              		.align	1
 7348              		.weak	HAL_SPI_SuspendCallback
 7349              		.syntax unified
 7350              		.thumb
ARM GAS  /tmp/cc3pUyOJ.s 			page 241


 7351              		.thumb_func
 7353              	HAL_SPI_SuspendCallback:
 7354              	.LVL376:
 7355              	.LFB184:
3406:Drivers/STM32H5xx_HAL_Driver/Src/stm32h5xx_hal_spi.c ****   /* Prevent unused argument(s) compilation warning */
 7356              		.loc 1 3406 1 is_stmt 1 view -0
 7357              		.cfi_startproc
 7358              		@ args = 0, pretend = 0, frame = 0
 7359              		@ frame_needed = 0, uses_anonymous_args = 0
 7360              		@ link register save eliminated.
3408:Drivers/STM32H5xx_HAL_Driver/Src/stm32h5xx_hal_spi.c **** 
 7361              		.loc 1 3408 3 view .LVU2567
3413:Drivers/STM32H5xx_HAL_Driver/Src/stm32h5xx_hal_spi.c **** 
 7362              		.loc 1 3413 1 is_stmt 0 view .LVU2568
 7363 0000 7047     		bx	lr
 7364              		.cfi_endproc
 7365              	.LFE184:
 7367              		.section	.text.HAL_SPI_IRQHandler,"ax",%progbits
 7368              		.align	1
 7369              		.global	HAL_SPI_IRQHandler
 7370              		.syntax unified
 7371              		.thumb
 7372              		.thumb_func
 7374              	HAL_SPI_IRQHandler:
 7375              	.LVL377:
 7376              	.LFB175:
3028:Drivers/STM32H5xx_HAL_Driver/Src/stm32h5xx_hal_spi.c ****   uint32_t itsource = hspi->Instance->IER;
 7377              		.loc 1 3028 1 is_stmt 1 view -0
 7378              		.cfi_startproc
 7379              		@ args = 0, pretend = 0, frame = 0
 7380              		@ frame_needed = 0, uses_anonymous_args = 0
3028:Drivers/STM32H5xx_HAL_Driver/Src/stm32h5xx_hal_spi.c ****   uint32_t itsource = hspi->Instance->IER;
 7381              		.loc 1 3028 1 is_stmt 0 view .LVU2570
 7382 0000 2DE9F843 		push	{r3, r4, r5, r6, r7, r8, r9, lr}
 7383              	.LCFI46:
 7384              		.cfi_def_cfa_offset 32
 7385              		.cfi_offset 3, -32
 7386              		.cfi_offset 4, -28
 7387              		.cfi_offset 5, -24
 7388              		.cfi_offset 6, -20
 7389              		.cfi_offset 7, -16
 7390              		.cfi_offset 8, -12
 7391              		.cfi_offset 9, -8
 7392              		.cfi_offset 14, -4
 7393 0004 0446     		mov	r4, r0
3029:Drivers/STM32H5xx_HAL_Driver/Src/stm32h5xx_hal_spi.c ****   uint32_t itflag   = hspi->Instance->SR;
 7394              		.loc 1 3029 3 is_stmt 1 view .LVU2571
3029:Drivers/STM32H5xx_HAL_Driver/Src/stm32h5xx_hal_spi.c ****   uint32_t itflag   = hspi->Instance->SR;
 7395              		.loc 1 3029 27 is_stmt 0 view .LVU2572
 7396 0006 0668     		ldr	r6, [r0]
3029:Drivers/STM32H5xx_HAL_Driver/Src/stm32h5xx_hal_spi.c ****   uint32_t itflag   = hspi->Instance->SR;
 7397              		.loc 1 3029 12 view .LVU2573
 7398 0008 3269     		ldr	r2, [r6, #16]
 7399              	.LVL378:
3030:Drivers/STM32H5xx_HAL_Driver/Src/stm32h5xx_hal_spi.c ****   uint32_t trigger  = itsource & itflag;
 7400              		.loc 1 3030 3 is_stmt 1 view .LVU2574
3030:Drivers/STM32H5xx_HAL_Driver/Src/stm32h5xx_hal_spi.c ****   uint32_t trigger  = itsource & itflag;
ARM GAS  /tmp/cc3pUyOJ.s 			page 242


 7401              		.loc 1 3030 12 is_stmt 0 view .LVU2575
 7402 000a 7369     		ldr	r3, [r6, #20]
 7403              	.LVL379:
3031:Drivers/STM32H5xx_HAL_Driver/Src/stm32h5xx_hal_spi.c ****   uint32_t cfg1     = hspi->Instance->CFG1;
 7404              		.loc 1 3031 3 is_stmt 1 view .LVU2576
3031:Drivers/STM32H5xx_HAL_Driver/Src/stm32h5xx_hal_spi.c ****   uint32_t cfg1     = hspi->Instance->CFG1;
 7405              		.loc 1 3031 12 is_stmt 0 view .LVU2577
 7406 000c 02EA0305 		and	r5, r2, r3
 7407              	.LVL380:
3032:Drivers/STM32H5xx_HAL_Driver/Src/stm32h5xx_hal_spi.c ****   uint32_t handled  = 0UL;
 7408              		.loc 1 3032 3 is_stmt 1 view .LVU2578
3032:Drivers/STM32H5xx_HAL_Driver/Src/stm32h5xx_hal_spi.c ****   uint32_t handled  = 0UL;
 7409              		.loc 1 3032 12 is_stmt 0 view .LVU2579
 7410 0010 D6F80890 		ldr	r9, [r6, #8]
 7411              	.LVL381:
3033:Drivers/STM32H5xx_HAL_Driver/Src/stm32h5xx_hal_spi.c **** 
 7412              		.loc 1 3033 3 is_stmt 1 view .LVU2580
3035:Drivers/STM32H5xx_HAL_Driver/Src/stm32h5xx_hal_spi.c **** #if defined (__GNUC__)
 7413              		.loc 1 3035 3 view .LVU2581
3035:Drivers/STM32H5xx_HAL_Driver/Src/stm32h5xx_hal_spi.c **** #if defined (__GNUC__)
 7414              		.loc 1 3035 24 is_stmt 0 view .LVU2582
 7415 0014 90F88970 		ldrb	r7, [r0, #137]	@ zero_extendqisi2
 7416 0018 FFB2     		uxtb	r7, r7
 7417              	.LVL382:
3037:Drivers/STM32H5xx_HAL_Driver/Src/stm32h5xx_hal_spi.c **** #endif /* __GNUC__ */
 7418              		.loc 1 3037 3 is_stmt 1 view .LVU2583
3041:Drivers/STM32H5xx_HAL_Driver/Src/stm32h5xx_hal_spi.c ****   {
 7419              		.loc 1 3041 3 view .LVU2584
3041:Drivers/STM32H5xx_HAL_Driver/Src/stm32h5xx_hal_spi.c ****   {
 7420              		.loc 1 3041 6 is_stmt 0 view .LVU2585
 7421 001a 13F4006F 		tst	r3, #2048
 7422 001e 02D0     		beq	.L465
3041:Drivers/STM32H5xx_HAL_Driver/Src/stm32h5xx_hal_spi.c ****   {
 7423              		.loc 1 3041 45 discriminator 1 view .LVU2586
 7424 0020 12F0080F 		tst	r2, #8
 7425 0024 3FD1     		bne	.L492
 7426              	.L465:
3056:Drivers/STM32H5xx_HAL_Driver/Src/stm32h5xx_hal_spi.c ****       HAL_IS_BIT_SET(trigger, SPI_FLAG_DXP))
 7427              		.loc 1 3056 3 is_stmt 1 view .LVU2587
3056:Drivers/STM32H5xx_HAL_Driver/Src/stm32h5xx_hal_spi.c ****       HAL_IS_BIT_SET(trigger, SPI_FLAG_DXP))
 7428              		.loc 1 3056 86 is_stmt 0 view .LVU2588
 7429 0026 05F06403 		and	r3, r5, #100
 7430              	.LVL383:
3056:Drivers/STM32H5xx_HAL_Driver/Src/stm32h5xx_hal_spi.c ****       HAL_IS_BIT_SET(trigger, SPI_FLAG_DXP))
 7431              		.loc 1 3056 6 view .LVU2589
 7432 002a 042B     		cmp	r3, #4
 7433 002c 42D0     		beq	.L493
3033:Drivers/STM32H5xx_HAL_Driver/Src/stm32h5xx_hal_spi.c **** 
 7434              		.loc 1 3033 12 view .LVU2590
 7435 002e 0023     		movs	r3, #0
 7436              	.LVL384:
 7437              	.L467:
3065:Drivers/STM32H5xx_HAL_Driver/Src/stm32h5xx_hal_spi.c ****       HAL_IS_BIT_CLR(trigger, SPI_FLAG_DXP))
 7438              		.loc 1 3065 3 is_stmt 1 view .LVU2591
3065:Drivers/STM32H5xx_HAL_Driver/Src/stm32h5xx_hal_spi.c ****       HAL_IS_BIT_CLR(trigger, SPI_FLAG_DXP))
 7439              		.loc 1 3065 86 is_stmt 0 view .LVU2592
 7440 0030 05F04508 		and	r8, r5, #69
ARM GAS  /tmp/cc3pUyOJ.s 			page 243


3065:Drivers/STM32H5xx_HAL_Driver/Src/stm32h5xx_hal_spi.c ****       HAL_IS_BIT_CLR(trigger, SPI_FLAG_DXP))
 7441              		.loc 1 3065 6 view .LVU2593
 7442 0034 B8F1010F 		cmp	r8, #1
 7443 0038 44D0     		beq	.L494
 7444              	.LVL385:
 7445              	.L468:
3073:Drivers/STM32H5xx_HAL_Driver/Src/stm32h5xx_hal_spi.c ****       HAL_IS_BIT_CLR(trigger, SPI_FLAG_DXP))
 7446              		.loc 1 3073 3 is_stmt 1 view .LVU2594
3073:Drivers/STM32H5xx_HAL_Driver/Src/stm32h5xx_hal_spi.c ****       HAL_IS_BIT_CLR(trigger, SPI_FLAG_DXP))
 7447              		.loc 1 3073 86 is_stmt 0 view .LVU2595
 7448 003a 05F02602 		and	r2, r5, #38
3073:Drivers/STM32H5xx_HAL_Driver/Src/stm32h5xx_hal_spi.c ****       HAL_IS_BIT_CLR(trigger, SPI_FLAG_DXP))
 7449              		.loc 1 3073 6 view .LVU2596
 7450 003e 022A     		cmp	r2, #2
 7451 0040 45D0     		beq	.L495
3080:Drivers/STM32H5xx_HAL_Driver/Src/stm32h5xx_hal_spi.c ****   {
 7452              		.loc 1 3080 3 is_stmt 1 view .LVU2597
3080:Drivers/STM32H5xx_HAL_Driver/Src/stm32h5xx_hal_spi.c ****   {
 7453              		.loc 1 3080 6 is_stmt 0 view .LVU2598
 7454 0042 002B     		cmp	r3, #0
 7455 0044 46D1     		bne	.L464
3086:Drivers/STM32H5xx_HAL_Driver/Src/stm32h5xx_hal_spi.c ****   {
 7456              		.loc 1 3086 3 is_stmt 1 view .LVU2599
3086:Drivers/STM32H5xx_HAL_Driver/Src/stm32h5xx_hal_spi.c ****   {
 7457              		.loc 1 3086 6 is_stmt 0 view .LVU2600
 7458 0046 15F0080F 		tst	r5, #8
 7459 004a 79D0     		beq	.L472
3089:Drivers/STM32H5xx_HAL_Driver/Src/stm32h5xx_hal_spi.c ****     __HAL_SPI_CLEAR_TXTFFLAG(hspi);
 7460              		.loc 1 3089 5 is_stmt 1 view .LVU2601
 7461 004c 2268     		ldr	r2, [r4]
 7462 004e 9369     		ldr	r3, [r2, #24]
 7463              	.LVL386:
3089:Drivers/STM32H5xx_HAL_Driver/Src/stm32h5xx_hal_spi.c ****     __HAL_SPI_CLEAR_TXTFFLAG(hspi);
 7464              		.loc 1 3089 5 is_stmt 0 view .LVU2602
 7465 0050 43F00803 		orr	r3, r3, #8
 7466 0054 9361     		str	r3, [r2, #24]
3090:Drivers/STM32H5xx_HAL_Driver/Src/stm32h5xx_hal_spi.c ****     __HAL_SPI_CLEAR_SUSPFLAG(hspi);
 7467              		.loc 1 3090 5 is_stmt 1 view .LVU2603
 7468 0056 2268     		ldr	r2, [r4]
 7469 0058 9369     		ldr	r3, [r2, #24]
 7470 005a 43F01003 		orr	r3, r3, #16
 7471 005e 9361     		str	r3, [r2, #24]
3091:Drivers/STM32H5xx_HAL_Driver/Src/stm32h5xx_hal_spi.c **** 
 7472              		.loc 1 3091 5 view .LVU2604
 7473 0060 2268     		ldr	r2, [r4]
 7474 0062 9369     		ldr	r3, [r2, #24]
 7475 0064 43F40063 		orr	r3, r3, #2048
 7476 0068 9361     		str	r3, [r2, #24]
3094:Drivers/STM32H5xx_HAL_Driver/Src/stm32h5xx_hal_spi.c **** 
 7477              		.loc 1 3094 5 view .LVU2605
 7478 006a 2268     		ldr	r2, [r4]
 7479 006c 1369     		ldr	r3, [r2, #16]
 7480 006e 23F00803 		bic	r3, r3, #8
 7481 0072 1361     		str	r3, [r2, #16]
3097:Drivers/STM32H5xx_HAL_Driver/Src/stm32h5xx_hal_spi.c ****     {
 7482              		.loc 1 3097 5 view .LVU2606
3097:Drivers/STM32H5xx_HAL_Driver/Src/stm32h5xx_hal_spi.c ****     {
ARM GAS  /tmp/cc3pUyOJ.s 			page 244


 7483              		.loc 1 3097 9 is_stmt 0 view .LVU2607
 7484 0074 2368     		ldr	r3, [r4]
 7485 0076 9B68     		ldr	r3, [r3, #8]
3097:Drivers/STM32H5xx_HAL_Driver/Src/stm32h5xx_hal_spi.c ****     {
 7486              		.loc 1 3097 8 view .LVU2608
 7487 0078 13F4404F 		tst	r3, #49152
 7488 007c 3BD0     		beq	.L473
 7489              	.L474:
3130:Drivers/STM32H5xx_HAL_Driver/Src/stm32h5xx_hal_spi.c **** 
 7490              		.loc 1 3130 5 is_stmt 1 view .LVU2609
 7491 007e 2046     		mov	r0, r4
 7492 0080 FFF7FEFF 		bl	SPI_CloseTransfer
 7493              	.LVL387:
3132:Drivers/STM32H5xx_HAL_Driver/Src/stm32h5xx_hal_spi.c ****     if (hspi->ErrorCode != HAL_SPI_ERROR_NONE)
 7494              		.loc 1 3132 5 view .LVU2610
3132:Drivers/STM32H5xx_HAL_Driver/Src/stm32h5xx_hal_spi.c ****     if (hspi->ErrorCode != HAL_SPI_ERROR_NONE)
 7495              		.loc 1 3132 17 is_stmt 0 view .LVU2611
 7496 0084 0123     		movs	r3, #1
 7497 0086 84F88930 		strb	r3, [r4, #137]
3133:Drivers/STM32H5xx_HAL_Driver/Src/stm32h5xx_hal_spi.c ****     {
 7498              		.loc 1 3133 5 is_stmt 1 view .LVU2612
3133:Drivers/STM32H5xx_HAL_Driver/Src/stm32h5xx_hal_spi.c ****     {
 7499              		.loc 1 3133 13 is_stmt 0 view .LVU2613
 7500 008a D4F88C30 		ldr	r3, [r4, #140]
3133:Drivers/STM32H5xx_HAL_Driver/Src/stm32h5xx_hal_spi.c ****     {
 7501              		.loc 1 3133 8 view .LVU2614
 7502 008e 002B     		cmp	r3, #0
 7503 0090 4AD1     		bne	.L496
3159:Drivers/STM32H5xx_HAL_Driver/Src/stm32h5xx_hal_spi.c ****     {
 7504              		.loc 1 3159 5 is_stmt 1 view .LVU2615
3159:Drivers/STM32H5xx_HAL_Driver/Src/stm32h5xx_hal_spi.c ****     {
 7505              		.loc 1 3159 8 is_stmt 0 view .LVU2616
 7506 0092 052F     		cmp	r7, #5
 7507 0094 4CD0     		beq	.L497
3163:Drivers/STM32H5xx_HAL_Driver/Src/stm32h5xx_hal_spi.c ****     {
 7508              		.loc 1 3163 10 is_stmt 1 view .LVU2617
3163:Drivers/STM32H5xx_HAL_Driver/Src/stm32h5xx_hal_spi.c ****     {
 7509              		.loc 1 3163 13 is_stmt 0 view .LVU2618
 7510 0096 042F     		cmp	r7, #4
 7511 0098 4ED0     		beq	.L498
3167:Drivers/STM32H5xx_HAL_Driver/Src/stm32h5xx_hal_spi.c ****     {
 7512              		.loc 1 3167 10 is_stmt 1 view .LVU2619
3167:Drivers/STM32H5xx_HAL_Driver/Src/stm32h5xx_hal_spi.c ****     {
 7513              		.loc 1 3167 13 is_stmt 0 view .LVU2620
 7514 009a 032F     		cmp	r7, #3
 7515 009c 1AD1     		bne	.L464
3169:Drivers/STM32H5xx_HAL_Driver/Src/stm32h5xx_hal_spi.c ****     }
 7516              		.loc 1 3169 7 is_stmt 1 view .LVU2621
 7517 009e 2046     		mov	r0, r4
 7518 00a0 FFF7FEFF 		bl	HAL_SPI_TxCpltCallback
 7519              	.LVL388:
3175:Drivers/STM32H5xx_HAL_Driver/Src/stm32h5xx_hal_spi.c **** 
 7520              		.loc 1 3175 5 view .LVU2622
3177:Drivers/STM32H5xx_HAL_Driver/Src/stm32h5xx_hal_spi.c ****   }
 7521              		.loc 1 3177 5 view .LVU2623
 7522 00a4 16E0     		b	.L464
 7523              	.LVL389:
ARM GAS  /tmp/cc3pUyOJ.s 			page 245


 7524              	.L492:
3044:Drivers/STM32H5xx_HAL_Driver/Src/stm32h5xx_hal_spi.c **** 
 7525              		.loc 1 3044 5 view .LVU2624
 7526 00a6 B369     		ldr	r3, [r6, #24]
 7527              	.LVL390:
3044:Drivers/STM32H5xx_HAL_Driver/Src/stm32h5xx_hal_spi.c **** 
 7528              		.loc 1 3044 5 is_stmt 0 view .LVU2625
 7529 00a8 43F40063 		orr	r3, r3, #2048
 7530 00ac B361     		str	r3, [r6, #24]
3050:Drivers/STM32H5xx_HAL_Driver/Src/stm32h5xx_hal_spi.c **** #endif /* USE_HAL_SPI_REGISTER_CALLBACKS */
 7531              		.loc 1 3050 5 is_stmt 1 view .LVU2626
 7532 00ae FFF7FEFF 		bl	HAL_SPI_SuspendCallback
 7533              	.LVL391:
3052:Drivers/STM32H5xx_HAL_Driver/Src/stm32h5xx_hal_spi.c ****   }
 7534              		.loc 1 3052 5 view .LVU2627
 7535 00b2 0FE0     		b	.L464
 7536              	.LVL392:
 7537              	.L493:
3059:Drivers/STM32H5xx_HAL_Driver/Src/stm32h5xx_hal_spi.c ****     hspi->RxISR(hspi);
 7538              		.loc 1 3059 5 view .LVU2628
3059:Drivers/STM32H5xx_HAL_Driver/Src/stm32h5xx_hal_spi.c ****     hspi->RxISR(hspi);
 7539              		.loc 1 3059 9 is_stmt 0 view .LVU2629
 7540 00b4 E36F     		ldr	r3, [r4, #124]
3059:Drivers/STM32H5xx_HAL_Driver/Src/stm32h5xx_hal_spi.c ****     hspi->RxISR(hspi);
 7541              		.loc 1 3059 5 view .LVU2630
 7542 00b6 2046     		mov	r0, r4
 7543              	.LVL393:
3059:Drivers/STM32H5xx_HAL_Driver/Src/stm32h5xx_hal_spi.c ****     hspi->RxISR(hspi);
 7544              		.loc 1 3059 5 view .LVU2631
 7545 00b8 9847     		blx	r3
 7546              	.LVL394:
3060:Drivers/STM32H5xx_HAL_Driver/Src/stm32h5xx_hal_spi.c ****     handled = 1UL;
 7547              		.loc 1 3060 5 is_stmt 1 view .LVU2632
3060:Drivers/STM32H5xx_HAL_Driver/Src/stm32h5xx_hal_spi.c ****     handled = 1UL;
 7548              		.loc 1 3060 9 is_stmt 0 view .LVU2633
 7549 00ba A36F     		ldr	r3, [r4, #120]
3060:Drivers/STM32H5xx_HAL_Driver/Src/stm32h5xx_hal_spi.c ****     handled = 1UL;
 7550              		.loc 1 3060 5 view .LVU2634
 7551 00bc 2046     		mov	r0, r4
 7552 00be 9847     		blx	r3
 7553              	.LVL395:
3061:Drivers/STM32H5xx_HAL_Driver/Src/stm32h5xx_hal_spi.c ****   }
 7554              		.loc 1 3061 5 is_stmt 1 view .LVU2635
3061:Drivers/STM32H5xx_HAL_Driver/Src/stm32h5xx_hal_spi.c ****   }
 7555              		.loc 1 3061 13 is_stmt 0 view .LVU2636
 7556 00c0 0123     		movs	r3, #1
 7557 00c2 B5E7     		b	.L467
 7558              	.LVL396:
 7559              	.L494:
3068:Drivers/STM32H5xx_HAL_Driver/Src/stm32h5xx_hal_spi.c ****     handled = 1UL;
 7560              		.loc 1 3068 5 is_stmt 1 view .LVU2637
3068:Drivers/STM32H5xx_HAL_Driver/Src/stm32h5xx_hal_spi.c ****     handled = 1UL;
 7561              		.loc 1 3068 9 is_stmt 0 view .LVU2638
 7562 00c4 A36F     		ldr	r3, [r4, #120]
 7563              	.LVL397:
3068:Drivers/STM32H5xx_HAL_Driver/Src/stm32h5xx_hal_spi.c ****     handled = 1UL;
 7564              		.loc 1 3068 5 view .LVU2639
ARM GAS  /tmp/cc3pUyOJ.s 			page 246


 7565 00c6 2046     		mov	r0, r4
 7566 00c8 9847     		blx	r3
 7567              	.LVL398:
3069:Drivers/STM32H5xx_HAL_Driver/Src/stm32h5xx_hal_spi.c ****   }
 7568              		.loc 1 3069 5 is_stmt 1 view .LVU2640
3069:Drivers/STM32H5xx_HAL_Driver/Src/stm32h5xx_hal_spi.c ****   }
 7569              		.loc 1 3069 13 is_stmt 0 view .LVU2641
 7570 00ca 4346     		mov	r3, r8
 7571 00cc B5E7     		b	.L468
 7572              	.LVL399:
 7573              	.L495:
3076:Drivers/STM32H5xx_HAL_Driver/Src/stm32h5xx_hal_spi.c ****     handled = 1UL;
 7574              		.loc 1 3076 5 is_stmt 1 view .LVU2642
3076:Drivers/STM32H5xx_HAL_Driver/Src/stm32h5xx_hal_spi.c ****     handled = 1UL;
 7575              		.loc 1 3076 9 is_stmt 0 view .LVU2643
 7576 00ce E36F     		ldr	r3, [r4, #124]
 7577              	.LVL400:
3076:Drivers/STM32H5xx_HAL_Driver/Src/stm32h5xx_hal_spi.c ****     handled = 1UL;
 7578              		.loc 1 3076 5 view .LVU2644
 7579 00d0 2046     		mov	r0, r4
 7580 00d2 9847     		blx	r3
 7581              	.LVL401:
3077:Drivers/STM32H5xx_HAL_Driver/Src/stm32h5xx_hal_spi.c ****   }
 7582              		.loc 1 3077 5 is_stmt 1 view .LVU2645
3080:Drivers/STM32H5xx_HAL_Driver/Src/stm32h5xx_hal_spi.c ****   {
 7583              		.loc 1 3080 3 view .LVU2646
 7584              	.L464:
3268:Drivers/STM32H5xx_HAL_Driver/Src/stm32h5xx_hal_spi.c **** 
 7585              		.loc 1 3268 1 is_stmt 0 view .LVU2647
 7586 00d4 BDE8F883 		pop	{r3, r4, r5, r6, r7, r8, r9, pc}
 7587              	.LVL402:
 7588              	.L475:
3109:Drivers/STM32H5xx_HAL_Driver/Src/stm32h5xx_hal_spi.c ****         {
 7589              		.loc 1 3109 14 is_stmt 1 view .LVU2648
3109:Drivers/STM32H5xx_HAL_Driver/Src/stm32h5xx_hal_spi.c ****         {
 7590              		.loc 1 3109 17 is_stmt 0 view .LVU2649
 7591 00d8 072B     		cmp	r3, #7
 7592 00da 1CD9     		bls	.L477
3112:Drivers/STM32H5xx_HAL_Driver/Src/stm32h5xx_hal_spi.c **** #else
 7593              		.loc 1 3112 11 is_stmt 1 view .LVU2650
3112:Drivers/STM32H5xx_HAL_Driver/Src/stm32h5xx_hal_spi.c **** #else
 7594              		.loc 1 3112 29 is_stmt 0 view .LVU2651
 7595 00dc E36E     		ldr	r3, [r4, #108]
3112:Drivers/STM32H5xx_HAL_Driver/Src/stm32h5xx_hal_spi.c **** #else
 7596              		.loc 1 3112 45 view .LVU2652
 7597 00de 328E     		ldrh	r2, [r6, #48]
3112:Drivers/STM32H5xx_HAL_Driver/Src/stm32h5xx_hal_spi.c **** #else
 7598              		.loc 1 3112 43 view .LVU2653
 7599 00e0 1A80     		strh	r2, [r3]	@ movhi
3116:Drivers/STM32H5xx_HAL_Driver/Src/stm32h5xx_hal_spi.c ****         }
 7600              		.loc 1 3116 11 is_stmt 1 view .LVU2654
3116:Drivers/STM32H5xx_HAL_Driver/Src/stm32h5xx_hal_spi.c ****         }
 7601              		.loc 1 3116 15 is_stmt 0 view .LVU2655
 7602 00e2 E36E     		ldr	r3, [r4, #108]
3116:Drivers/STM32H5xx_HAL_Driver/Src/stm32h5xx_hal_spi.c ****         }
 7603              		.loc 1 3116 28 view .LVU2656
 7604 00e4 0233     		adds	r3, r3, #2
ARM GAS  /tmp/cc3pUyOJ.s 			page 247


 7605 00e6 E366     		str	r3, [r4, #108]
 7606              	.L476:
3125:Drivers/STM32H5xx_HAL_Driver/Src/stm32h5xx_hal_spi.c ****       }
 7607              		.loc 1 3125 9 is_stmt 1 view .LVU2657
3125:Drivers/STM32H5xx_HAL_Driver/Src/stm32h5xx_hal_spi.c ****       }
 7608              		.loc 1 3125 13 is_stmt 0 view .LVU2658
 7609 00e8 B4F87230 		ldrh	r3, [r4, #114]
 7610 00ec 9BB2     		uxth	r3, r3
3125:Drivers/STM32H5xx_HAL_Driver/Src/stm32h5xx_hal_spi.c ****       }
 7611              		.loc 1 3125 26 view .LVU2659
 7612 00ee 013B     		subs	r3, r3, #1
 7613 00f0 9BB2     		uxth	r3, r3
 7614 00f2 A4F87230 		strh	r3, [r4, #114]	@ movhi
 7615              	.L473:
3100:Drivers/STM32H5xx_HAL_Driver/Src/stm32h5xx_hal_spi.c ****       {
 7616              		.loc 1 3100 32 is_stmt 1 view .LVU2660
3100:Drivers/STM32H5xx_HAL_Driver/Src/stm32h5xx_hal_spi.c ****       {
 7617              		.loc 1 3100 18 is_stmt 0 view .LVU2661
 7618 00f6 B4F87230 		ldrh	r3, [r4, #114]
 7619 00fa 9BB2     		uxth	r3, r3
3100:Drivers/STM32H5xx_HAL_Driver/Src/stm32h5xx_hal_spi.c ****       {
 7620              		.loc 1 3100 32 view .LVU2662
 7621 00fc 002B     		cmp	r3, #0
 7622 00fe BED0     		beq	.L474
3103:Drivers/STM32H5xx_HAL_Driver/Src/stm32h5xx_hal_spi.c ****         {
 7623              		.loc 1 3103 9 is_stmt 1 view .LVU2663
3103:Drivers/STM32H5xx_HAL_Driver/Src/stm32h5xx_hal_spi.c ****         {
 7624              		.loc 1 3103 23 is_stmt 0 view .LVU2664
 7625 0100 E368     		ldr	r3, [r4, #12]
3103:Drivers/STM32H5xx_HAL_Driver/Src/stm32h5xx_hal_spi.c ****         {
 7626              		.loc 1 3103 12 view .LVU2665
 7627 0102 0F2B     		cmp	r3, #15
 7628 0104 E8D9     		bls	.L475
3105:Drivers/STM32H5xx_HAL_Driver/Src/stm32h5xx_hal_spi.c ****           hspi->pRxBuffPtr += sizeof(uint32_t);
 7629              		.loc 1 3105 11 is_stmt 1 view .LVU2666
3105:Drivers/STM32H5xx_HAL_Driver/Src/stm32h5xx_hal_spi.c ****           hspi->pRxBuffPtr += sizeof(uint32_t);
 7630              		.loc 1 3105 69 is_stmt 0 view .LVU2667
 7631 0106 2268     		ldr	r2, [r4]
3105:Drivers/STM32H5xx_HAL_Driver/Src/stm32h5xx_hal_spi.c ****           hspi->pRxBuffPtr += sizeof(uint32_t);
 7632              		.loc 1 3105 29 view .LVU2668
 7633 0108 E36E     		ldr	r3, [r4, #108]
3105:Drivers/STM32H5xx_HAL_Driver/Src/stm32h5xx_hal_spi.c ****           hspi->pRxBuffPtr += sizeof(uint32_t);
 7634              		.loc 1 3105 45 view .LVU2669
 7635 010a 126B     		ldr	r2, [r2, #48]
3105:Drivers/STM32H5xx_HAL_Driver/Src/stm32h5xx_hal_spi.c ****           hspi->pRxBuffPtr += sizeof(uint32_t);
 7636              		.loc 1 3105 43 view .LVU2670
 7637 010c 1A60     		str	r2, [r3]
3106:Drivers/STM32H5xx_HAL_Driver/Src/stm32h5xx_hal_spi.c ****         }
 7638              		.loc 1 3106 11 is_stmt 1 view .LVU2671
3106:Drivers/STM32H5xx_HAL_Driver/Src/stm32h5xx_hal_spi.c ****         }
 7639              		.loc 1 3106 15 is_stmt 0 view .LVU2672
 7640 010e E36E     		ldr	r3, [r4, #108]
3106:Drivers/STM32H5xx_HAL_Driver/Src/stm32h5xx_hal_spi.c ****         }
 7641              		.loc 1 3106 28 view .LVU2673
 7642 0110 0433     		adds	r3, r3, #4
 7643 0112 E366     		str	r3, [r4, #108]
 7644 0114 E8E7     		b	.L476
ARM GAS  /tmp/cc3pUyOJ.s 			page 248


 7645              	.L477:
3121:Drivers/STM32H5xx_HAL_Driver/Src/stm32h5xx_hal_spi.c ****           hspi->pRxBuffPtr += sizeof(uint8_t);
 7646              		.loc 1 3121 11 is_stmt 1 view .LVU2674
3121:Drivers/STM32H5xx_HAL_Driver/Src/stm32h5xx_hal_spi.c ****           hspi->pRxBuffPtr += sizeof(uint8_t);
 7647              		.loc 1 3121 67 is_stmt 0 view .LVU2675
 7648 0116 2268     		ldr	r2, [r4]
3121:Drivers/STM32H5xx_HAL_Driver/Src/stm32h5xx_hal_spi.c ****           hspi->pRxBuffPtr += sizeof(uint8_t);
 7649              		.loc 1 3121 28 view .LVU2676
 7650 0118 E36E     		ldr	r3, [r4, #108]
3121:Drivers/STM32H5xx_HAL_Driver/Src/stm32h5xx_hal_spi.c ****           hspi->pRxBuffPtr += sizeof(uint8_t);
 7651              		.loc 1 3121 44 view .LVU2677
 7652 011a 92F83020 		ldrb	r2, [r2, #48]	@ zero_extendqisi2
3121:Drivers/STM32H5xx_HAL_Driver/Src/stm32h5xx_hal_spi.c ****           hspi->pRxBuffPtr += sizeof(uint8_t);
 7653              		.loc 1 3121 42 view .LVU2678
 7654 011e 1A70     		strb	r2, [r3]
3122:Drivers/STM32H5xx_HAL_Driver/Src/stm32h5xx_hal_spi.c ****         }
 7655              		.loc 1 3122 11 is_stmt 1 view .LVU2679
3122:Drivers/STM32H5xx_HAL_Driver/Src/stm32h5xx_hal_spi.c ****         }
 7656              		.loc 1 3122 15 is_stmt 0 view .LVU2680
 7657 0120 E36E     		ldr	r3, [r4, #108]
3122:Drivers/STM32H5xx_HAL_Driver/Src/stm32h5xx_hal_spi.c ****         }
 7658              		.loc 1 3122 28 view .LVU2681
 7659 0122 0133     		adds	r3, r3, #1
 7660 0124 E366     		str	r3, [r4, #108]
 7661 0126 DFE7     		b	.L476
 7662              	.L496:
3138:Drivers/STM32H5xx_HAL_Driver/Src/stm32h5xx_hal_spi.c **** #endif /* USE_HAL_SPI_REGISTER_CALLBACKS */
 7663              		.loc 1 3138 7 is_stmt 1 view .LVU2682
 7664 0128 2046     		mov	r0, r4
 7665 012a FFF7FEFF 		bl	HAL_SPI_ErrorCallback
 7666              	.LVL403:
3140:Drivers/STM32H5xx_HAL_Driver/Src/stm32h5xx_hal_spi.c ****     }
 7667              		.loc 1 3140 7 view .LVU2683
 7668 012e D1E7     		b	.L464
 7669              	.L497:
3161:Drivers/STM32H5xx_HAL_Driver/Src/stm32h5xx_hal_spi.c ****     }
 7670              		.loc 1 3161 7 view .LVU2684
 7671 0130 2046     		mov	r0, r4
 7672 0132 FFF7FEFF 		bl	HAL_SPI_TxRxCpltCallback
 7673              	.LVL404:
 7674 0136 CDE7     		b	.L464
 7675              	.L498:
3165:Drivers/STM32H5xx_HAL_Driver/Src/stm32h5xx_hal_spi.c ****     }
 7676              		.loc 1 3165 7 view .LVU2685
 7677 0138 2046     		mov	r0, r4
 7678 013a FFF7FEFF 		bl	HAL_SPI_RxCpltCallback
 7679              	.LVL405:
 7680 013e C9E7     		b	.L464
 7681              	.LVL406:
 7682              	.L472:
3181:Drivers/STM32H5xx_HAL_Driver/Src/stm32h5xx_hal_spi.c ****   {
 7683              		.loc 1 3181 3 view .LVU2686
3181:Drivers/STM32H5xx_HAL_Driver/Src/stm32h5xx_hal_spi.c ****   {
 7684              		.loc 1 3181 6 is_stmt 0 view .LVU2687
 7685 0140 15F4587F 		tst	r5, #864
 7686 0144 C6D0     		beq	.L464
3184:Drivers/STM32H5xx_HAL_Driver/Src/stm32h5xx_hal_spi.c ****     {
ARM GAS  /tmp/cc3pUyOJ.s 			page 249


 7687              		.loc 1 3184 5 is_stmt 1 view .LVU2688
3184:Drivers/STM32H5xx_HAL_Driver/Src/stm32h5xx_hal_spi.c ****     {
 7688              		.loc 1 3184 8 is_stmt 0 view .LVU2689
 7689 0146 15F0400F 		tst	r5, #64
 7690 014a 0AD0     		beq	.L483
3186:Drivers/STM32H5xx_HAL_Driver/Src/stm32h5xx_hal_spi.c ****       __HAL_SPI_CLEAR_OVRFLAG(hspi);
 7691              		.loc 1 3186 7 is_stmt 1 view .LVU2690
 7692 014c D4F88C30 		ldr	r3, [r4, #140]
 7693              	.LVL407:
3186:Drivers/STM32H5xx_HAL_Driver/Src/stm32h5xx_hal_spi.c ****       __HAL_SPI_CLEAR_OVRFLAG(hspi);
 7694              		.loc 1 3186 7 is_stmt 0 view .LVU2691
 7695 0150 43F00403 		orr	r3, r3, #4
 7696 0154 C4F88C30 		str	r3, [r4, #140]
3187:Drivers/STM32H5xx_HAL_Driver/Src/stm32h5xx_hal_spi.c ****     }
 7697              		.loc 1 3187 7 is_stmt 1 view .LVU2692
 7698 0158 2268     		ldr	r2, [r4]
 7699 015a 9369     		ldr	r3, [r2, #24]
 7700 015c 43F04003 		orr	r3, r3, #64
 7701 0160 9361     		str	r3, [r2, #24]
 7702              	.L483:
3191:Drivers/STM32H5xx_HAL_Driver/Src/stm32h5xx_hal_spi.c ****     {
 7703              		.loc 1 3191 5 view .LVU2693
3191:Drivers/STM32H5xx_HAL_Driver/Src/stm32h5xx_hal_spi.c ****     {
 7704              		.loc 1 3191 8 is_stmt 0 view .LVU2694
 7705 0162 15F4007F 		tst	r5, #512
 7706 0166 0AD0     		beq	.L484
3193:Drivers/STM32H5xx_HAL_Driver/Src/stm32h5xx_hal_spi.c ****       __HAL_SPI_CLEAR_MODFFLAG(hspi);
 7707              		.loc 1 3193 7 is_stmt 1 view .LVU2695
 7708 0168 D4F88C30 		ldr	r3, [r4, #140]
 7709 016c 43F00103 		orr	r3, r3, #1
 7710 0170 C4F88C30 		str	r3, [r4, #140]
3194:Drivers/STM32H5xx_HAL_Driver/Src/stm32h5xx_hal_spi.c ****     }
 7711              		.loc 1 3194 7 view .LVU2696
 7712 0174 2268     		ldr	r2, [r4]
 7713 0176 9369     		ldr	r3, [r2, #24]
 7714 0178 43F40073 		orr	r3, r3, #512
 7715 017c 9361     		str	r3, [r2, #24]
 7716              	.L484:
3194:Drivers/STM32H5xx_HAL_Driver/Src/stm32h5xx_hal_spi.c ****     }
 7717              		.loc 1 3194 37 discriminator 1 view .LVU2697
3198:Drivers/STM32H5xx_HAL_Driver/Src/stm32h5xx_hal_spi.c ****     {
 7718              		.loc 1 3198 5 view .LVU2698
3198:Drivers/STM32H5xx_HAL_Driver/Src/stm32h5xx_hal_spi.c ****     {
 7719              		.loc 1 3198 8 is_stmt 0 view .LVU2699
 7720 017e 15F4807F 		tst	r5, #256
 7721 0182 0AD0     		beq	.L485
3200:Drivers/STM32H5xx_HAL_Driver/Src/stm32h5xx_hal_spi.c ****       __HAL_SPI_CLEAR_FREFLAG(hspi);
 7722              		.loc 1 3200 7 is_stmt 1 view .LVU2700
 7723 0184 D4F88C30 		ldr	r3, [r4, #140]
 7724 0188 43F00803 		orr	r3, r3, #8
 7725 018c C4F88C30 		str	r3, [r4, #140]
3201:Drivers/STM32H5xx_HAL_Driver/Src/stm32h5xx_hal_spi.c ****     }
 7726              		.loc 1 3201 7 view .LVU2701
 7727 0190 2268     		ldr	r2, [r4]
 7728 0192 9369     		ldr	r3, [r2, #24]
 7729 0194 43F48073 		orr	r3, r3, #256
 7730 0198 9361     		str	r3, [r2, #24]
ARM GAS  /tmp/cc3pUyOJ.s 			page 250


 7731              	.L485:
3205:Drivers/STM32H5xx_HAL_Driver/Src/stm32h5xx_hal_spi.c ****     {
 7732              		.loc 1 3205 5 view .LVU2702
3205:Drivers/STM32H5xx_HAL_Driver/Src/stm32h5xx_hal_spi.c ****     {
 7733              		.loc 1 3205 8 is_stmt 0 view .LVU2703
 7734 019a 15F0200F 		tst	r5, #32
 7735 019e 0AD0     		beq	.L486
3207:Drivers/STM32H5xx_HAL_Driver/Src/stm32h5xx_hal_spi.c ****       __HAL_SPI_CLEAR_UDRFLAG(hspi);
 7736              		.loc 1 3207 7 is_stmt 1 view .LVU2704
 7737 01a0 D4F88C30 		ldr	r3, [r4, #140]
 7738 01a4 43F08003 		orr	r3, r3, #128
 7739 01a8 C4F88C30 		str	r3, [r4, #140]
3208:Drivers/STM32H5xx_HAL_Driver/Src/stm32h5xx_hal_spi.c ****     }
 7740              		.loc 1 3208 7 view .LVU2705
 7741 01ac 2268     		ldr	r2, [r4]
 7742 01ae 9369     		ldr	r3, [r2, #24]
 7743 01b0 43F02003 		orr	r3, r3, #32
 7744 01b4 9361     		str	r3, [r2, #24]
 7745              	.L486:
3211:Drivers/STM32H5xx_HAL_Driver/Src/stm32h5xx_hal_spi.c ****     {
 7746              		.loc 1 3211 5 view .LVU2706
3211:Drivers/STM32H5xx_HAL_Driver/Src/stm32h5xx_hal_spi.c ****     {
 7747              		.loc 1 3211 13 is_stmt 0 view .LVU2707
 7748 01b6 D4F88C30 		ldr	r3, [r4, #140]
3211:Drivers/STM32H5xx_HAL_Driver/Src/stm32h5xx_hal_spi.c ****     {
 7749              		.loc 1 3211 8 view .LVU2708
 7750 01ba 002B     		cmp	r3, #0
 7751 01bc 8AD0     		beq	.L464
3214:Drivers/STM32H5xx_HAL_Driver/Src/stm32h5xx_hal_spi.c **** 
 7752              		.loc 1 3214 7 is_stmt 1 view .LVU2709
 7753 01be 2268     		ldr	r2, [r4]
 7754 01c0 1368     		ldr	r3, [r2]
 7755 01c2 23F00103 		bic	r3, r3, #1
 7756 01c6 1360     		str	r3, [r2]
3217:Drivers/STM32H5xx_HAL_Driver/Src/stm32h5xx_hal_spi.c ****                                   SPI_IT_OVR | SPI_IT_FRE | SPI_IT_UDR));
 7757              		.loc 1 3217 7 view .LVU2710
 7758 01c8 2268     		ldr	r2, [r4]
 7759 01ca 1369     		ldr	r3, [r2, #16]
 7760 01cc 23F45A73 		bic	r3, r3, #872
 7761 01d0 23F00303 		bic	r3, r3, #3
 7762 01d4 1361     		str	r3, [r2, #16]
3222:Drivers/STM32H5xx_HAL_Driver/Src/stm32h5xx_hal_spi.c ****       {
 7763              		.loc 1 3222 7 view .LVU2711
3222:Drivers/STM32H5xx_HAL_Driver/Src/stm32h5xx_hal_spi.c ****       {
 7764              		.loc 1 3222 11 is_stmt 0 view .LVU2712
 7765 01d6 09F44049 		and	r9, r9, #49152
 7766              	.LVL408:
3222:Drivers/STM32H5xx_HAL_Driver/Src/stm32h5xx_hal_spi.c ****       {
 7767              		.loc 1 3222 10 view .LVU2713
 7768 01da B9F5404F 		cmp	r9, #49152
 7769 01de 29D1     		bne	.L488
3225:Drivers/STM32H5xx_HAL_Driver/Src/stm32h5xx_hal_spi.c **** 
 7770              		.loc 1 3225 9 is_stmt 1 view .LVU2714
 7771 01e0 2268     		ldr	r2, [r4]
 7772 01e2 9368     		ldr	r3, [r2, #8]
 7773 01e4 23F44043 		bic	r3, r3, #49152
 7774 01e8 9360     		str	r3, [r2, #8]
ARM GAS  /tmp/cc3pUyOJ.s 			page 251


3228:Drivers/STM32H5xx_HAL_Driver/Src/stm32h5xx_hal_spi.c ****         {
 7775              		.loc 1 3228 9 view .LVU2715
3228:Drivers/STM32H5xx_HAL_Driver/Src/stm32h5xx_hal_spi.c ****         {
 7776              		.loc 1 3228 17 is_stmt 0 view .LVU2716
 7777 01ea D4F88430 		ldr	r3, [r4, #132]
3228:Drivers/STM32H5xx_HAL_Driver/Src/stm32h5xx_hal_spi.c ****         {
 7778              		.loc 1 3228 12 view .LVU2717
 7779 01ee 63B1     		cbz	r3, .L489
3232:Drivers/STM32H5xx_HAL_Driver/Src/stm32h5xx_hal_spi.c ****           if (HAL_OK != HAL_DMA_Abort_IT(hspi->hdmarx))
 7780              		.loc 1 3232 11 is_stmt 1 view .LVU2718
3232:Drivers/STM32H5xx_HAL_Driver/Src/stm32h5xx_hal_spi.c ****           if (HAL_OK != HAL_DMA_Abort_IT(hspi->hdmarx))
 7781              		.loc 1 3232 43 is_stmt 0 view .LVU2719
 7782 01f0 144A     		ldr	r2, .L499
 7783 01f2 DA66     		str	r2, [r3, #108]
3233:Drivers/STM32H5xx_HAL_Driver/Src/stm32h5xx_hal_spi.c ****           {
 7784              		.loc 1 3233 11 is_stmt 1 view .LVU2720
3233:Drivers/STM32H5xx_HAL_Driver/Src/stm32h5xx_hal_spi.c ****           {
 7785              		.loc 1 3233 25 is_stmt 0 view .LVU2721
 7786 01f4 D4F88400 		ldr	r0, [r4, #132]
 7787 01f8 FFF7FEFF 		bl	HAL_DMA_Abort_IT
 7788              	.LVL409:
3233:Drivers/STM32H5xx_HAL_Driver/Src/stm32h5xx_hal_spi.c ****           {
 7789              		.loc 1 3233 14 discriminator 1 view .LVU2722
 7790 01fc 28B1     		cbz	r0, .L489
3235:Drivers/STM32H5xx_HAL_Driver/Src/stm32h5xx_hal_spi.c ****           }
 7791              		.loc 1 3235 13 is_stmt 1 view .LVU2723
 7792 01fe D4F88C30 		ldr	r3, [r4, #140]
 7793 0202 43F04003 		orr	r3, r3, #64
 7794 0206 C4F88C30 		str	r3, [r4, #140]
 7795              	.L489:
3239:Drivers/STM32H5xx_HAL_Driver/Src/stm32h5xx_hal_spi.c ****         {
 7796              		.loc 1 3239 9 view .LVU2724
3239:Drivers/STM32H5xx_HAL_Driver/Src/stm32h5xx_hal_spi.c ****         {
 7797              		.loc 1 3239 17 is_stmt 0 view .LVU2725
 7798 020a D4F88030 		ldr	r3, [r4, #128]
3239:Drivers/STM32H5xx_HAL_Driver/Src/stm32h5xx_hal_spi.c ****         {
 7799              		.loc 1 3239 12 view .LVU2726
 7800 020e 002B     		cmp	r3, #0
 7801 0210 3FF460AF 		beq	.L464
3243:Drivers/STM32H5xx_HAL_Driver/Src/stm32h5xx_hal_spi.c ****           if (HAL_OK != HAL_DMA_Abort_IT(hspi->hdmatx))
 7802              		.loc 1 3243 11 is_stmt 1 view .LVU2727
3243:Drivers/STM32H5xx_HAL_Driver/Src/stm32h5xx_hal_spi.c ****           if (HAL_OK != HAL_DMA_Abort_IT(hspi->hdmatx))
 7803              		.loc 1 3243 43 is_stmt 0 view .LVU2728
 7804 0214 0B4A     		ldr	r2, .L499
 7805 0216 DA66     		str	r2, [r3, #108]
3244:Drivers/STM32H5xx_HAL_Driver/Src/stm32h5xx_hal_spi.c ****           {
 7806              		.loc 1 3244 11 is_stmt 1 view .LVU2729
3244:Drivers/STM32H5xx_HAL_Driver/Src/stm32h5xx_hal_spi.c ****           {
 7807              		.loc 1 3244 25 is_stmt 0 view .LVU2730
 7808 0218 D4F88000 		ldr	r0, [r4, #128]
 7809 021c FFF7FEFF 		bl	HAL_DMA_Abort_IT
 7810              	.LVL410:
3244:Drivers/STM32H5xx_HAL_Driver/Src/stm32h5xx_hal_spi.c ****           {
 7811              		.loc 1 3244 14 discriminator 1 view .LVU2731
 7812 0220 0028     		cmp	r0, #0
 7813 0222 3FF457AF 		beq	.L464
3246:Drivers/STM32H5xx_HAL_Driver/Src/stm32h5xx_hal_spi.c ****           }
ARM GAS  /tmp/cc3pUyOJ.s 			page 252


 7814              		.loc 1 3246 13 is_stmt 1 view .LVU2732
 7815 0226 D4F88C30 		ldr	r3, [r4, #140]
 7816 022a 43F04003 		orr	r3, r3, #64
 7817 022e C4F88C30 		str	r3, [r4, #140]
 7818 0232 4FE7     		b	.L464
 7819              	.L488:
3254:Drivers/STM32H5xx_HAL_Driver/Src/stm32h5xx_hal_spi.c **** 
 7820              		.loc 1 3254 9 view .LVU2733
3254:Drivers/STM32H5xx_HAL_Driver/Src/stm32h5xx_hal_spi.c **** 
 7821              		.loc 1 3254 21 is_stmt 0 view .LVU2734
 7822 0234 0123     		movs	r3, #1
 7823 0236 84F88930 		strb	r3, [r4, #137]
3260:Drivers/STM32H5xx_HAL_Driver/Src/stm32h5xx_hal_spi.c **** #endif /* USE_HAL_SPI_REGISTER_CALLBACKS */
 7824              		.loc 1 3260 9 is_stmt 1 view .LVU2735
 7825 023a 2046     		mov	r0, r4
 7826 023c FFF7FEFF 		bl	HAL_SPI_ErrorCallback
 7827              	.LVL411:
3266:Drivers/STM32H5xx_HAL_Driver/Src/stm32h5xx_hal_spi.c ****   }
 7828              		.loc 1 3266 5 view .LVU2736
 7829 0240 48E7     		b	.L464
 7830              	.L500:
 7831 0242 00BF     		.align	2
 7832              	.L499:
 7833 0244 00000000 		.word	SPI_DMAAbortOnError
 7834              		.cfi_endproc
 7835              	.LFE175:
 7837              		.section	.text.HAL_SPI_GetState,"ax",%progbits
 7838              		.align	1
 7839              		.global	HAL_SPI_GetState
 7840              		.syntax unified
 7841              		.thumb
 7842              		.thumb_func
 7844              	HAL_SPI_GetState:
 7845              	.LVL412:
 7846              	.LFB185:
3441:Drivers/STM32H5xx_HAL_Driver/Src/stm32h5xx_hal_spi.c ****   /* Return SPI handle state */
 7847              		.loc 1 3441 1 view -0
 7848              		.cfi_startproc
 7849              		@ args = 0, pretend = 0, frame = 0
 7850              		@ frame_needed = 0, uses_anonymous_args = 0
 7851              		@ link register save eliminated.
3443:Drivers/STM32H5xx_HAL_Driver/Src/stm32h5xx_hal_spi.c **** }
 7852              		.loc 1 3443 3 view .LVU2738
3443:Drivers/STM32H5xx_HAL_Driver/Src/stm32h5xx_hal_spi.c **** }
 7853              		.loc 1 3443 14 is_stmt 0 view .LVU2739
 7854 0000 90F88900 		ldrb	r0, [r0, #137]	@ zero_extendqisi2
 7855              	.LVL413:
3444:Drivers/STM32H5xx_HAL_Driver/Src/stm32h5xx_hal_spi.c **** 
 7856              		.loc 1 3444 1 view .LVU2740
 7857 0004 7047     		bx	lr
 7858              		.cfi_endproc
 7859              	.LFE185:
 7861              		.section	.text.HAL_SPI_GetError,"ax",%progbits
 7862              		.align	1
 7863              		.global	HAL_SPI_GetError
 7864              		.syntax unified
 7865              		.thumb
ARM GAS  /tmp/cc3pUyOJ.s 			page 253


 7866              		.thumb_func
 7868              	HAL_SPI_GetError:
 7869              	.LVL414:
 7870              	.LFB186:
3453:Drivers/STM32H5xx_HAL_Driver/Src/stm32h5xx_hal_spi.c ****   /* Return SPI ErrorCode */
 7871              		.loc 1 3453 1 is_stmt 1 view -0
 7872              		.cfi_startproc
 7873              		@ args = 0, pretend = 0, frame = 0
 7874              		@ frame_needed = 0, uses_anonymous_args = 0
 7875              		@ link register save eliminated.
3455:Drivers/STM32H5xx_HAL_Driver/Src/stm32h5xx_hal_spi.c **** }
 7876              		.loc 1 3455 3 view .LVU2742
3455:Drivers/STM32H5xx_HAL_Driver/Src/stm32h5xx_hal_spi.c **** }
 7877              		.loc 1 3455 14 is_stmt 0 view .LVU2743
 7878 0000 D0F88C00 		ldr	r0, [r0, #140]
 7879              	.LVL415:
3456:Drivers/STM32H5xx_HAL_Driver/Src/stm32h5xx_hal_spi.c **** 
 7880              		.loc 1 3456 1 view .LVU2744
 7881 0004 7047     		bx	lr
 7882              		.cfi_endproc
 7883              	.LFE186:
 7885              		.text
 7886              	.Letext0:
 7887              		.file 2 "/usr/lib/gcc/arm-none-eabi/13.2.1/include/stdint.h"
 7888              		.file 3 "Drivers/CMSIS/Device/ST/STM32H5xx/Include/stm32h533xx.h"
 7889              		.file 4 "Drivers/CMSIS/Device/ST/STM32H5xx/Include/stm32h5xx.h"
 7890              		.file 5 "Drivers/STM32H5xx_HAL_Driver/Inc/stm32h5xx_hal_def.h"
 7891              		.file 6 "Drivers/STM32H5xx_HAL_Driver/Inc/stm32h5xx_hal_dma.h"
 7892              		.file 7 "Drivers/STM32H5xx_HAL_Driver/Inc/stm32h5xx_hal_dma_ex.h"
 7893              		.file 8 "Drivers/STM32H5xx_HAL_Driver/Inc/stm32h5xx_hal_spi.h"
 7894              		.file 9 "Drivers/CMSIS/Device/ST/STM32H5xx/Include/system_stm32h5xx.h"
 7895              		.file 10 "Drivers/STM32H5xx_HAL_Driver/Inc/stm32h5xx_hal.h"
ARM GAS  /tmp/cc3pUyOJ.s 			page 254


DEFINED SYMBOLS
                            *ABS*:00000000 stm32h5xx_hal_spi.c
     /tmp/cc3pUyOJ.s:22     .text.SPI_RxISR_8BIT:00000000 $t
     /tmp/cc3pUyOJ.s:27     .text.SPI_RxISR_8BIT:00000000 SPI_RxISR_8BIT
     /tmp/cc3pUyOJ.s:76     .text.SPI_RxISR_16BIT:00000000 $t
     /tmp/cc3pUyOJ.s:81     .text.SPI_RxISR_16BIT:00000000 SPI_RxISR_16BIT
     /tmp/cc3pUyOJ.s:134    .text.SPI_RxISR_32BIT:00000000 $t
     /tmp/cc3pUyOJ.s:139    .text.SPI_RxISR_32BIT:00000000 SPI_RxISR_32BIT
     /tmp/cc3pUyOJ.s:188    .text.SPI_TxISR_8BIT:00000000 $t
     /tmp/cc3pUyOJ.s:193    .text.SPI_TxISR_8BIT:00000000 SPI_TxISR_8BIT
     /tmp/cc3pUyOJ.s:242    .text.SPI_TxISR_16BIT:00000000 $t
     /tmp/cc3pUyOJ.s:247    .text.SPI_TxISR_16BIT:00000000 SPI_TxISR_16BIT
     /tmp/cc3pUyOJ.s:299    .text.SPI_TxISR_32BIT:00000000 $t
     /tmp/cc3pUyOJ.s:304    .text.SPI_TxISR_32BIT:00000000 SPI_TxISR_32BIT
     /tmp/cc3pUyOJ.s:353    .text.SPI_AbortTransfer:00000000 $t
     /tmp/cc3pUyOJ.s:358    .text.SPI_AbortTransfer:00000000 SPI_AbortTransfer
     /tmp/cc3pUyOJ.s:431    .text.SPI_CloseTransfer:00000000 $t
     /tmp/cc3pUyOJ.s:436    .text.SPI_CloseTransfer:00000000 SPI_CloseTransfer
     /tmp/cc3pUyOJ.s:561    .text.SPI_GetPacketSize:00000000 $t
     /tmp/cc3pUyOJ.s:566    .text.SPI_GetPacketSize:00000000 SPI_GetPacketSize
     /tmp/cc3pUyOJ.s:601    .text.SPI_WaitOnFlagUntilTimeout:00000000 $t
     /tmp/cc3pUyOJ.s:606    .text.SPI_WaitOnFlagUntilTimeout:00000000 SPI_WaitOnFlagUntilTimeout
     /tmp/cc3pUyOJ.s:680    .text.HAL_SPI_MspInit:00000000 $t
     /tmp/cc3pUyOJ.s:686    .text.HAL_SPI_MspInit:00000000 HAL_SPI_MspInit
     /tmp/cc3pUyOJ.s:701    .text.HAL_SPI_Init:00000000 $t
     /tmp/cc3pUyOJ.s:707    .text.HAL_SPI_Init:00000000 HAL_SPI_Init
     /tmp/cc3pUyOJ.s:1034   .text.HAL_SPI_Init:00000178 $d
     /tmp/cc3pUyOJ.s:1042   .text.HAL_SPI_MspDeInit:00000000 $t
     /tmp/cc3pUyOJ.s:1048   .text.HAL_SPI_MspDeInit:00000000 HAL_SPI_MspDeInit
     /tmp/cc3pUyOJ.s:1063   .text.HAL_SPI_DeInit:00000000 $t
     /tmp/cc3pUyOJ.s:1069   .text.HAL_SPI_DeInit:00000000 HAL_SPI_DeInit
     /tmp/cc3pUyOJ.s:1128   .text.HAL_SPI_Transmit:00000000 $t
     /tmp/cc3pUyOJ.s:1134   .text.HAL_SPI_Transmit:00000000 HAL_SPI_Transmit
     /tmp/cc3pUyOJ.s:1704   .text.HAL_SPI_Transmit:000002f0 $d
     /tmp/cc3pUyOJ.s:1711   .text.HAL_SPI_Receive:00000000 $t
     /tmp/cc3pUyOJ.s:1717   .text.HAL_SPI_Receive:00000000 HAL_SPI_Receive
     /tmp/cc3pUyOJ.s:2378   .text.HAL_SPI_Receive:00000354 $d
     /tmp/cc3pUyOJ.s:2384   .text.HAL_SPI_Receive:00000360 $t
     /tmp/cc3pUyOJ.s:2422   .text.HAL_SPI_TransmitReceive:00000000 $t
     /tmp/cc3pUyOJ.s:2428   .text.HAL_SPI_TransmitReceive:00000000 HAL_SPI_TransmitReceive
     /tmp/cc3pUyOJ.s:3082   .text.HAL_SPI_TransmitReceive:00000314 $d
     /tmp/cc3pUyOJ.s:3089   .text.HAL_SPI_TransmitReceive:00000320 $t
     /tmp/cc3pUyOJ.s:3454   .text.HAL_SPI_Transmit_IT:00000000 $t
     /tmp/cc3pUyOJ.s:3460   .text.HAL_SPI_Transmit_IT:00000000 HAL_SPI_Transmit_IT
     /tmp/cc3pUyOJ.s:3695   .text.HAL_SPI_Transmit_IT:00000100 $d
     /tmp/cc3pUyOJ.s:3705   .text.HAL_SPI_Receive_IT:00000000 $t
     /tmp/cc3pUyOJ.s:3711   .text.HAL_SPI_Receive_IT:00000000 HAL_SPI_Receive_IT
     /tmp/cc3pUyOJ.s:3928   .text.HAL_SPI_Receive_IT:000000fc $d
     /tmp/cc3pUyOJ.s:3938   .text.HAL_SPI_TransmitReceive_IT:00000000 $t
     /tmp/cc3pUyOJ.s:3944   .text.HAL_SPI_TransmitReceive_IT:00000000 HAL_SPI_TransmitReceive_IT
     /tmp/cc3pUyOJ.s:4277   .text.HAL_SPI_TransmitReceive_IT:000001ac $d
     /tmp/cc3pUyOJ.s:4290   .text.HAL_SPI_Transmit_DMA:00000000 $t
     /tmp/cc3pUyOJ.s:4296   .text.HAL_SPI_Transmit_DMA:00000000 HAL_SPI_Transmit_DMA
     /tmp/cc3pUyOJ.s:4751   .text.HAL_SPI_Transmit_DMA:00000240 $d
     /tmp/cc3pUyOJ.s:6583   .text.SPI_DMAHalfTransmitCplt:00000000 SPI_DMAHalfTransmitCplt
     /tmp/cc3pUyOJ.s:6341   .text.SPI_DMATransmitCplt:00000000 SPI_DMATransmitCplt
     /tmp/cc3pUyOJ.s:6742   .text.SPI_DMAError:00000000 SPI_DMAError
ARM GAS  /tmp/cc3pUyOJ.s 			page 255


     /tmp/cc3pUyOJ.s:4761   .text.HAL_SPI_Receive_DMA:00000000 $t
     /tmp/cc3pUyOJ.s:4767   .text.HAL_SPI_Receive_DMA:00000000 HAL_SPI_Receive_DMA
     /tmp/cc3pUyOJ.s:5236   .text.HAL_SPI_Receive_DMA:00000264 $d
     /tmp/cc3pUyOJ.s:6636   .text.SPI_DMAHalfReceiveCplt:00000000 SPI_DMAHalfReceiveCplt
     /tmp/cc3pUyOJ.s:6419   .text.SPI_DMAReceiveCplt:00000000 SPI_DMAReceiveCplt
     /tmp/cc3pUyOJ.s:5246   .text.HAL_SPI_TransmitReceive_DMA:00000000 $t
     /tmp/cc3pUyOJ.s:5252   .text.HAL_SPI_TransmitReceive_DMA:00000000 HAL_SPI_TransmitReceive_DMA
     /tmp/cc3pUyOJ.s:5899   .text.HAL_SPI_TransmitReceive_DMA:00000364 $d
     /tmp/cc3pUyOJ.s:6689   .text.SPI_DMAHalfTransmitReceiveCplt:00000000 SPI_DMAHalfTransmitReceiveCplt
     /tmp/cc3pUyOJ.s:6497   .text.SPI_DMATransmitReceiveCplt:00000000 SPI_DMATransmitReceiveCplt
     /tmp/cc3pUyOJ.s:5908   .text.HAL_SPI_TransmitReceive_DMA:0000037c $t
     /tmp/cc3pUyOJ.s:5945   .text.HAL_SPI_Abort:00000000 $t
     /tmp/cc3pUyOJ.s:5951   .text.HAL_SPI_Abort:00000000 HAL_SPI_Abort
     /tmp/cc3pUyOJ.s:6225   .text.HAL_SPI_Abort:00000150 $d
     /tmp/cc3pUyOJ.s:6231   .text.HAL_SPI_DMAPause:00000000 $t
     /tmp/cc3pUyOJ.s:6237   .text.HAL_SPI_DMAPause:00000000 HAL_SPI_DMAPause
     /tmp/cc3pUyOJ.s:6259   .text.HAL_SPI_DMAResume:00000000 $t
     /tmp/cc3pUyOJ.s:6265   .text.HAL_SPI_DMAResume:00000000 HAL_SPI_DMAResume
     /tmp/cc3pUyOJ.s:6287   .text.HAL_SPI_DMAStop:00000000 $t
     /tmp/cc3pUyOJ.s:6293   .text.HAL_SPI_DMAStop:00000000 HAL_SPI_DMAStop
     /tmp/cc3pUyOJ.s:6315   .text.HAL_SPI_TxCpltCallback:00000000 $t
     /tmp/cc3pUyOJ.s:6321   .text.HAL_SPI_TxCpltCallback:00000000 HAL_SPI_TxCpltCallback
     /tmp/cc3pUyOJ.s:6336   .text.SPI_DMATransmitCplt:00000000 $t
     /tmp/cc3pUyOJ.s:6393   .text.HAL_SPI_RxCpltCallback:00000000 $t
     /tmp/cc3pUyOJ.s:6399   .text.HAL_SPI_RxCpltCallback:00000000 HAL_SPI_RxCpltCallback
     /tmp/cc3pUyOJ.s:6414   .text.SPI_DMAReceiveCplt:00000000 $t
     /tmp/cc3pUyOJ.s:6471   .text.HAL_SPI_TxRxCpltCallback:00000000 $t
     /tmp/cc3pUyOJ.s:6477   .text.HAL_SPI_TxRxCpltCallback:00000000 HAL_SPI_TxRxCpltCallback
     /tmp/cc3pUyOJ.s:6492   .text.SPI_DMATransmitReceiveCplt:00000000 $t
     /tmp/cc3pUyOJ.s:6557   .text.HAL_SPI_TxHalfCpltCallback:00000000 $t
     /tmp/cc3pUyOJ.s:6563   .text.HAL_SPI_TxHalfCpltCallback:00000000 HAL_SPI_TxHalfCpltCallback
     /tmp/cc3pUyOJ.s:6578   .text.SPI_DMAHalfTransmitCplt:00000000 $t
     /tmp/cc3pUyOJ.s:6610   .text.HAL_SPI_RxHalfCpltCallback:00000000 $t
     /tmp/cc3pUyOJ.s:6616   .text.HAL_SPI_RxHalfCpltCallback:00000000 HAL_SPI_RxHalfCpltCallback
     /tmp/cc3pUyOJ.s:6631   .text.SPI_DMAHalfReceiveCplt:00000000 $t
     /tmp/cc3pUyOJ.s:6663   .text.HAL_SPI_TxRxHalfCpltCallback:00000000 $t
     /tmp/cc3pUyOJ.s:6669   .text.HAL_SPI_TxRxHalfCpltCallback:00000000 HAL_SPI_TxRxHalfCpltCallback
     /tmp/cc3pUyOJ.s:6684   .text.SPI_DMAHalfTransmitReceiveCplt:00000000 $t
     /tmp/cc3pUyOJ.s:6716   .text.HAL_SPI_ErrorCallback:00000000 $t
     /tmp/cc3pUyOJ.s:6722   .text.HAL_SPI_ErrorCallback:00000000 HAL_SPI_ErrorCallback
     /tmp/cc3pUyOJ.s:6737   .text.SPI_DMAError:00000000 $t
     /tmp/cc3pUyOJ.s:6792   .text.SPI_DMAAbortOnError:00000000 $t
     /tmp/cc3pUyOJ.s:6797   .text.SPI_DMAAbortOnError:00000000 SPI_DMAAbortOnError
     /tmp/cc3pUyOJ.s:6834   .text.HAL_SPI_AbortCpltCallback:00000000 $t
     /tmp/cc3pUyOJ.s:6840   .text.HAL_SPI_AbortCpltCallback:00000000 HAL_SPI_AbortCpltCallback
     /tmp/cc3pUyOJ.s:6855   .text.HAL_SPI_Abort_IT:00000000 $t
     /tmp/cc3pUyOJ.s:6861   .text.HAL_SPI_Abort_IT:00000000 HAL_SPI_Abort_IT
     /tmp/cc3pUyOJ.s:7217   .text.HAL_SPI_Abort_IT:0000018c $d
     /tmp/cc3pUyOJ.s:7291   .text.SPI_DMARxAbortCallback:00000000 SPI_DMARxAbortCallback
     /tmp/cc3pUyOJ.s:7230   .text.SPI_DMATxAbortCallback:00000000 SPI_DMATxAbortCallback
     /tmp/cc3pUyOJ.s:7225   .text.SPI_DMATxAbortCallback:00000000 $t
     /tmp/cc3pUyOJ.s:7286   .text.SPI_DMARxAbortCallback:00000000 $t
     /tmp/cc3pUyOJ.s:7347   .text.HAL_SPI_SuspendCallback:00000000 $t
     /tmp/cc3pUyOJ.s:7353   .text.HAL_SPI_SuspendCallback:00000000 HAL_SPI_SuspendCallback
     /tmp/cc3pUyOJ.s:7368   .text.HAL_SPI_IRQHandler:00000000 $t
     /tmp/cc3pUyOJ.s:7374   .text.HAL_SPI_IRQHandler:00000000 HAL_SPI_IRQHandler
     /tmp/cc3pUyOJ.s:7833   .text.HAL_SPI_IRQHandler:00000244 $d
ARM GAS  /tmp/cc3pUyOJ.s 			page 256


     /tmp/cc3pUyOJ.s:7838   .text.HAL_SPI_GetState:00000000 $t
     /tmp/cc3pUyOJ.s:7844   .text.HAL_SPI_GetState:00000000 HAL_SPI_GetState
     /tmp/cc3pUyOJ.s:7862   .text.HAL_SPI_GetError:00000000 $t
     /tmp/cc3pUyOJ.s:7868   .text.HAL_SPI_GetError:00000000 HAL_SPI_GetError

UNDEFINED SYMBOLS
HAL_GetTick
HAL_DMAEx_List_Start_IT
HAL_DMA_Start_IT
HAL_DMA_Abort
HAL_DMA_GetError
SystemCoreClock
HAL_DMA_Abort_IT
