ARM GAS  /tmp/ccjHUbN4.s 			page 1


   1              		.cpu cortex-m33
   2              		.arch armv8-m.main
   3              		.fpu fpv5-sp-d16
   4              		.arch_extension dsp
   5              		.eabi_attribute 27, 1
   6              		.eabi_attribute 28, 1
   7              		.eabi_attribute 20, 1
   8              		.eabi_attribute 21, 1
   9              		.eabi_attribute 23, 3
  10              		.eabi_attribute 24, 1
  11              		.eabi_attribute 25, 1
  12              		.eabi_attribute 26, 1
  13              		.eabi_attribute 30, 1
  14              		.eabi_attribute 34, 1
  15              		.eabi_attribute 18, 4
  16              		.file	"timers.c"
  17              		.text
  18              	.Ltext0:
  19              		.cfi_sections	.debug_frame
  20              		.file 1 "Middlewares/Third_Party/FreeRTOS/Source/timers.c"
  21              		.section	.text.prvGetNextExpireTime,"ax",%progbits
  22              		.align	1
  23              		.syntax unified
  24              		.thumb
  25              		.thumb_func
  27              	prvGetNextExpireTime:
  28              	.LVL0:
  29              	.LFB18:
   1:Middlewares/Third_Party/FreeRTOS/Source/timers.c **** /*
   2:Middlewares/Third_Party/FreeRTOS/Source/timers.c ****  * FreeRTOS Kernel V11.2.0
   3:Middlewares/Third_Party/FreeRTOS/Source/timers.c ****  * Copyright (C) 2021 Amazon.com, Inc. or its affiliates. All Rights Reserved.
   4:Middlewares/Third_Party/FreeRTOS/Source/timers.c ****  *
   5:Middlewares/Third_Party/FreeRTOS/Source/timers.c ****  * SPDX-License-Identifier: MIT
   6:Middlewares/Third_Party/FreeRTOS/Source/timers.c ****  *
   7:Middlewares/Third_Party/FreeRTOS/Source/timers.c ****  * Permission is hereby granted, free of charge, to any person obtaining a copy of
   8:Middlewares/Third_Party/FreeRTOS/Source/timers.c ****  * this software and associated documentation files (the "Software"), to deal in
   9:Middlewares/Third_Party/FreeRTOS/Source/timers.c ****  * the Software without restriction, including without limitation the rights to
  10:Middlewares/Third_Party/FreeRTOS/Source/timers.c ****  * use, copy, modify, merge, publish, distribute, sublicense, and/or sell copies of
  11:Middlewares/Third_Party/FreeRTOS/Source/timers.c ****  * the Software, and to permit persons to whom the Software is furnished to do so,
  12:Middlewares/Third_Party/FreeRTOS/Source/timers.c ****  * subject to the following conditions:
  13:Middlewares/Third_Party/FreeRTOS/Source/timers.c ****  *
  14:Middlewares/Third_Party/FreeRTOS/Source/timers.c ****  * The above copyright notice and this permission notice shall be included in all
  15:Middlewares/Third_Party/FreeRTOS/Source/timers.c ****  * copies or substantial portions of the Software.
  16:Middlewares/Third_Party/FreeRTOS/Source/timers.c ****  *
  17:Middlewares/Third_Party/FreeRTOS/Source/timers.c ****  * THE SOFTWARE IS PROVIDED "AS IS", WITHOUT WARRANTY OF ANY KIND, EXPRESS OR
  18:Middlewares/Third_Party/FreeRTOS/Source/timers.c ****  * IMPLIED, INCLUDING BUT NOT LIMITED TO THE WARRANTIES OF MERCHANTABILITY, FITNESS
  19:Middlewares/Third_Party/FreeRTOS/Source/timers.c ****  * FOR A PARTICULAR PURPOSE AND NONINFRINGEMENT. IN NO EVENT SHALL THE AUTHORS OR
  20:Middlewares/Third_Party/FreeRTOS/Source/timers.c ****  * COPYRIGHT HOLDERS BE LIABLE FOR ANY CLAIM, DAMAGES OR OTHER LIABILITY, WHETHER
  21:Middlewares/Third_Party/FreeRTOS/Source/timers.c ****  * IN AN ACTION OF CONTRACT, TORT OR OTHERWISE, ARISING FROM, OUT OF OR IN
  22:Middlewares/Third_Party/FreeRTOS/Source/timers.c ****  * CONNECTION WITH THE SOFTWARE OR THE USE OR OTHER DEALINGS IN THE SOFTWARE.
  23:Middlewares/Third_Party/FreeRTOS/Source/timers.c ****  *
  24:Middlewares/Third_Party/FreeRTOS/Source/timers.c ****  * https://www.FreeRTOS.org
  25:Middlewares/Third_Party/FreeRTOS/Source/timers.c ****  * https://github.com/FreeRTOS
  26:Middlewares/Third_Party/FreeRTOS/Source/timers.c ****  *
  27:Middlewares/Third_Party/FreeRTOS/Source/timers.c ****  */
  28:Middlewares/Third_Party/FreeRTOS/Source/timers.c **** 
  29:Middlewares/Third_Party/FreeRTOS/Source/timers.c **** /* Standard includes. */
ARM GAS  /tmp/ccjHUbN4.s 			page 2


  30:Middlewares/Third_Party/FreeRTOS/Source/timers.c **** #include <stdlib.h>
  31:Middlewares/Third_Party/FreeRTOS/Source/timers.c **** 
  32:Middlewares/Third_Party/FreeRTOS/Source/timers.c **** /* Defining MPU_WRAPPERS_INCLUDED_FROM_API_FILE prevents task.h from redefining
  33:Middlewares/Third_Party/FreeRTOS/Source/timers.c ****  * all the API functions to use the MPU wrappers.  That should only be done when
  34:Middlewares/Third_Party/FreeRTOS/Source/timers.c ****  * task.h is included from an application file. */
  35:Middlewares/Third_Party/FreeRTOS/Source/timers.c **** #define MPU_WRAPPERS_INCLUDED_FROM_API_FILE
  36:Middlewares/Third_Party/FreeRTOS/Source/timers.c **** 
  37:Middlewares/Third_Party/FreeRTOS/Source/timers.c **** #include "FreeRTOS.h"
  38:Middlewares/Third_Party/FreeRTOS/Source/timers.c **** #include "task.h"
  39:Middlewares/Third_Party/FreeRTOS/Source/timers.c **** #include "queue.h"
  40:Middlewares/Third_Party/FreeRTOS/Source/timers.c **** #include "timers.h"
  41:Middlewares/Third_Party/FreeRTOS/Source/timers.c **** 
  42:Middlewares/Third_Party/FreeRTOS/Source/timers.c **** #if ( INCLUDE_xTimerPendFunctionCall == 1 ) && ( configUSE_TIMERS == 0 )
  43:Middlewares/Third_Party/FreeRTOS/Source/timers.c ****     #error configUSE_TIMERS must be set to 1 to make the xTimerPendFunctionCall() function availabl
  44:Middlewares/Third_Party/FreeRTOS/Source/timers.c **** #endif
  45:Middlewares/Third_Party/FreeRTOS/Source/timers.c **** 
  46:Middlewares/Third_Party/FreeRTOS/Source/timers.c **** /* The MPU ports require MPU_WRAPPERS_INCLUDED_FROM_API_FILE to be defined
  47:Middlewares/Third_Party/FreeRTOS/Source/timers.c ****  * for the header files above, but not in this file, in order to generate the
  48:Middlewares/Third_Party/FreeRTOS/Source/timers.c ****  * correct privileged Vs unprivileged linkage and placement. */
  49:Middlewares/Third_Party/FreeRTOS/Source/timers.c **** #undef MPU_WRAPPERS_INCLUDED_FROM_API_FILE
  50:Middlewares/Third_Party/FreeRTOS/Source/timers.c **** 
  51:Middlewares/Third_Party/FreeRTOS/Source/timers.c **** 
  52:Middlewares/Third_Party/FreeRTOS/Source/timers.c **** /* This entire source file will be skipped if the application is not configured
  53:Middlewares/Third_Party/FreeRTOS/Source/timers.c ****  * to include software timer functionality.  This #if is closed at the very bottom
  54:Middlewares/Third_Party/FreeRTOS/Source/timers.c ****  * of this file.  If you want to include software timer functionality then ensure
  55:Middlewares/Third_Party/FreeRTOS/Source/timers.c ****  * configUSE_TIMERS is set to 1 in FreeRTOSConfig.h. */
  56:Middlewares/Third_Party/FreeRTOS/Source/timers.c **** #if ( configUSE_TIMERS == 1 )
  57:Middlewares/Third_Party/FreeRTOS/Source/timers.c **** 
  58:Middlewares/Third_Party/FreeRTOS/Source/timers.c **** /* Misc definitions. */
  59:Middlewares/Third_Party/FreeRTOS/Source/timers.c ****     #define tmrNO_DELAY                    ( ( TickType_t ) 0U )
  60:Middlewares/Third_Party/FreeRTOS/Source/timers.c ****     #define tmrMAX_TIME_BEFORE_OVERFLOW    ( ( TickType_t ) -1 )
  61:Middlewares/Third_Party/FreeRTOS/Source/timers.c **** 
  62:Middlewares/Third_Party/FreeRTOS/Source/timers.c **** /* The name assigned to the timer service task. This can be overridden by
  63:Middlewares/Third_Party/FreeRTOS/Source/timers.c ****  * defining configTIMER_SERVICE_TASK_NAME in FreeRTOSConfig.h. */
  64:Middlewares/Third_Party/FreeRTOS/Source/timers.c ****     #ifndef configTIMER_SERVICE_TASK_NAME
  65:Middlewares/Third_Party/FreeRTOS/Source/timers.c ****         #define configTIMER_SERVICE_TASK_NAME    "Tmr Svc"
  66:Middlewares/Third_Party/FreeRTOS/Source/timers.c ****     #endif
  67:Middlewares/Third_Party/FreeRTOS/Source/timers.c **** 
  68:Middlewares/Third_Party/FreeRTOS/Source/timers.c ****     #if ( ( configNUMBER_OF_CORES > 1 ) && ( configUSE_CORE_AFFINITY == 1 ) )
  69:Middlewares/Third_Party/FreeRTOS/Source/timers.c **** 
  70:Middlewares/Third_Party/FreeRTOS/Source/timers.c **** /* The core affinity assigned to the timer service task on SMP systems.
  71:Middlewares/Third_Party/FreeRTOS/Source/timers.c ****  * This can be overridden by defining configTIMER_SERVICE_TASK_CORE_AFFINITY in FreeRTOSConfig.h. *
  72:Middlewares/Third_Party/FreeRTOS/Source/timers.c ****         #ifndef configTIMER_SERVICE_TASK_CORE_AFFINITY
  73:Middlewares/Third_Party/FreeRTOS/Source/timers.c ****             #define configTIMER_SERVICE_TASK_CORE_AFFINITY    tskNO_AFFINITY
  74:Middlewares/Third_Party/FreeRTOS/Source/timers.c ****         #endif
  75:Middlewares/Third_Party/FreeRTOS/Source/timers.c ****     #endif /* #if ( ( configNUMBER_OF_CORES > 1 ) && ( configUSE_CORE_AFFINITY == 1 ) ) */
  76:Middlewares/Third_Party/FreeRTOS/Source/timers.c **** 
  77:Middlewares/Third_Party/FreeRTOS/Source/timers.c **** /* Bit definitions used in the ucStatus member of a timer structure. */
  78:Middlewares/Third_Party/FreeRTOS/Source/timers.c ****     #define tmrSTATUS_IS_ACTIVE                  ( 0x01U )
  79:Middlewares/Third_Party/FreeRTOS/Source/timers.c ****     #define tmrSTATUS_IS_STATICALLY_ALLOCATED    ( 0x02U )
  80:Middlewares/Third_Party/FreeRTOS/Source/timers.c ****     #define tmrSTATUS_IS_AUTORELOAD              ( 0x04U )
  81:Middlewares/Third_Party/FreeRTOS/Source/timers.c **** 
  82:Middlewares/Third_Party/FreeRTOS/Source/timers.c **** /* The definition of the timers themselves. */
  83:Middlewares/Third_Party/FreeRTOS/Source/timers.c ****     typedef struct tmrTimerControl                                               /* The old naming 
  84:Middlewares/Third_Party/FreeRTOS/Source/timers.c ****     {
  85:Middlewares/Third_Party/FreeRTOS/Source/timers.c ****         const char * pcTimerName;                                                /**< Text name.  T
  86:Middlewares/Third_Party/FreeRTOS/Source/timers.c ****         ListItem_t xTimerListItem;                                               /**< Standard link
ARM GAS  /tmp/ccjHUbN4.s 			page 3


  87:Middlewares/Third_Party/FreeRTOS/Source/timers.c ****         TickType_t xTimerPeriodInTicks;                                          /**< How quickly a
  88:Middlewares/Third_Party/FreeRTOS/Source/timers.c ****         void * pvTimerID;                                                        /**< An ID to iden
  89:Middlewares/Third_Party/FreeRTOS/Source/timers.c ****         portTIMER_CALLBACK_ATTRIBUTE TimerCallbackFunction_t pxCallbackFunction; /**< The function 
  90:Middlewares/Third_Party/FreeRTOS/Source/timers.c ****         #if ( configUSE_TRACE_FACILITY == 1 )
  91:Middlewares/Third_Party/FreeRTOS/Source/timers.c ****             UBaseType_t uxTimerNumber;                                           /**< An ID assigne
  92:Middlewares/Third_Party/FreeRTOS/Source/timers.c ****         #endif
  93:Middlewares/Third_Party/FreeRTOS/Source/timers.c ****         uint8_t ucStatus;                                                        /**< Holds bits to
  94:Middlewares/Third_Party/FreeRTOS/Source/timers.c ****     } xTIMER;
  95:Middlewares/Third_Party/FreeRTOS/Source/timers.c **** 
  96:Middlewares/Third_Party/FreeRTOS/Source/timers.c **** /* The old xTIMER name is maintained above then typedefed to the new Timer_t
  97:Middlewares/Third_Party/FreeRTOS/Source/timers.c ****  * name below to enable the use of older kernel aware debuggers. */
  98:Middlewares/Third_Party/FreeRTOS/Source/timers.c ****     typedef xTIMER Timer_t;
  99:Middlewares/Third_Party/FreeRTOS/Source/timers.c **** 
 100:Middlewares/Third_Party/FreeRTOS/Source/timers.c **** /* The definition of messages that can be sent and received on the timer queue.
 101:Middlewares/Third_Party/FreeRTOS/Source/timers.c ****  * Two types of message can be queued - messages that manipulate a software timer,
 102:Middlewares/Third_Party/FreeRTOS/Source/timers.c ****  * and messages that request the execution of a non-timer related callback.  The
 103:Middlewares/Third_Party/FreeRTOS/Source/timers.c ****  * two message types are defined in two separate structures, xTimerParametersType
 104:Middlewares/Third_Party/FreeRTOS/Source/timers.c ****  * and xCallbackParametersType respectively. */
 105:Middlewares/Third_Party/FreeRTOS/Source/timers.c ****     typedef struct tmrTimerParameters
 106:Middlewares/Third_Party/FreeRTOS/Source/timers.c ****     {
 107:Middlewares/Third_Party/FreeRTOS/Source/timers.c ****         TickType_t xMessageValue; /**< An optional value used by a subset of commands, for example,
 108:Middlewares/Third_Party/FreeRTOS/Source/timers.c ****         Timer_t * pxTimer;        /**< The timer to which the command will be applied. */
 109:Middlewares/Third_Party/FreeRTOS/Source/timers.c ****     } TimerParameter_t;
 110:Middlewares/Third_Party/FreeRTOS/Source/timers.c **** 
 111:Middlewares/Third_Party/FreeRTOS/Source/timers.c **** 
 112:Middlewares/Third_Party/FreeRTOS/Source/timers.c ****     typedef struct tmrCallbackParameters
 113:Middlewares/Third_Party/FreeRTOS/Source/timers.c ****     {
 114:Middlewares/Third_Party/FreeRTOS/Source/timers.c ****         portTIMER_CALLBACK_ATTRIBUTE
 115:Middlewares/Third_Party/FreeRTOS/Source/timers.c ****         PendedFunction_t pxCallbackFunction; /* << The callback function to execute. */
 116:Middlewares/Third_Party/FreeRTOS/Source/timers.c ****         void * pvParameter1;                 /* << The value that will be used as the callback func
 117:Middlewares/Third_Party/FreeRTOS/Source/timers.c ****         uint32_t ulParameter2;               /* << The value that will be used as the callback func
 118:Middlewares/Third_Party/FreeRTOS/Source/timers.c ****     } CallbackParameters_t;
 119:Middlewares/Third_Party/FreeRTOS/Source/timers.c **** 
 120:Middlewares/Third_Party/FreeRTOS/Source/timers.c **** /* The structure that contains the two message types, along with an identifier
 121:Middlewares/Third_Party/FreeRTOS/Source/timers.c ****  * that is used to determine which message type is valid. */
 122:Middlewares/Third_Party/FreeRTOS/Source/timers.c ****     typedef struct tmrTimerQueueMessage
 123:Middlewares/Third_Party/FreeRTOS/Source/timers.c ****     {
 124:Middlewares/Third_Party/FreeRTOS/Source/timers.c ****         BaseType_t xMessageID; /**< The command being sent to the timer service task. */
 125:Middlewares/Third_Party/FreeRTOS/Source/timers.c ****         union
 126:Middlewares/Third_Party/FreeRTOS/Source/timers.c ****         {
 127:Middlewares/Third_Party/FreeRTOS/Source/timers.c ****             TimerParameter_t xTimerParameters;
 128:Middlewares/Third_Party/FreeRTOS/Source/timers.c **** 
 129:Middlewares/Third_Party/FreeRTOS/Source/timers.c ****             /* Don't include xCallbackParameters if it is not going to be used as
 130:Middlewares/Third_Party/FreeRTOS/Source/timers.c ****              * it makes the structure (and therefore the timer queue) larger. */
 131:Middlewares/Third_Party/FreeRTOS/Source/timers.c ****             #if ( INCLUDE_xTimerPendFunctionCall == 1 )
 132:Middlewares/Third_Party/FreeRTOS/Source/timers.c ****                 CallbackParameters_t xCallbackParameters;
 133:Middlewares/Third_Party/FreeRTOS/Source/timers.c ****             #endif /* INCLUDE_xTimerPendFunctionCall */
 134:Middlewares/Third_Party/FreeRTOS/Source/timers.c ****         } u;
 135:Middlewares/Third_Party/FreeRTOS/Source/timers.c ****     } DaemonTaskMessage_t;
 136:Middlewares/Third_Party/FreeRTOS/Source/timers.c **** 
 137:Middlewares/Third_Party/FreeRTOS/Source/timers.c **** /* The list in which active timers are stored.  Timers are referenced in expire
 138:Middlewares/Third_Party/FreeRTOS/Source/timers.c ****  * time order, with the nearest expiry time at the front of the list.  Only the
 139:Middlewares/Third_Party/FreeRTOS/Source/timers.c ****  * timer service task is allowed to access these lists.
 140:Middlewares/Third_Party/FreeRTOS/Source/timers.c ****  * xActiveTimerList1 and xActiveTimerList2 could be at function scope but that
 141:Middlewares/Third_Party/FreeRTOS/Source/timers.c ****  * breaks some kernel aware debuggers, and debuggers that reply on removing the
 142:Middlewares/Third_Party/FreeRTOS/Source/timers.c ****  * static qualifier. */
 143:Middlewares/Third_Party/FreeRTOS/Source/timers.c ****     PRIVILEGED_DATA static List_t xActiveTimerList1;
ARM GAS  /tmp/ccjHUbN4.s 			page 4


 144:Middlewares/Third_Party/FreeRTOS/Source/timers.c ****     PRIVILEGED_DATA static List_t xActiveTimerList2;
 145:Middlewares/Third_Party/FreeRTOS/Source/timers.c ****     PRIVILEGED_DATA static List_t * pxCurrentTimerList;
 146:Middlewares/Third_Party/FreeRTOS/Source/timers.c ****     PRIVILEGED_DATA static List_t * pxOverflowTimerList;
 147:Middlewares/Third_Party/FreeRTOS/Source/timers.c **** 
 148:Middlewares/Third_Party/FreeRTOS/Source/timers.c **** /* A queue that is used to send commands to the timer service task. */
 149:Middlewares/Third_Party/FreeRTOS/Source/timers.c ****     PRIVILEGED_DATA static QueueHandle_t xTimerQueue = NULL;
 150:Middlewares/Third_Party/FreeRTOS/Source/timers.c ****     PRIVILEGED_DATA static TaskHandle_t xTimerTaskHandle = NULL;
 151:Middlewares/Third_Party/FreeRTOS/Source/timers.c **** 
 152:Middlewares/Third_Party/FreeRTOS/Source/timers.c **** /*-----------------------------------------------------------*/
 153:Middlewares/Third_Party/FreeRTOS/Source/timers.c **** 
 154:Middlewares/Third_Party/FreeRTOS/Source/timers.c **** /*
 155:Middlewares/Third_Party/FreeRTOS/Source/timers.c ****  * Initialise the infrastructure used by the timer service task if it has not
 156:Middlewares/Third_Party/FreeRTOS/Source/timers.c ****  * been initialised already.
 157:Middlewares/Third_Party/FreeRTOS/Source/timers.c ****  */
 158:Middlewares/Third_Party/FreeRTOS/Source/timers.c ****     static void prvCheckForValidListAndQueue( void ) PRIVILEGED_FUNCTION;
 159:Middlewares/Third_Party/FreeRTOS/Source/timers.c **** 
 160:Middlewares/Third_Party/FreeRTOS/Source/timers.c **** /*
 161:Middlewares/Third_Party/FreeRTOS/Source/timers.c ****  * The timer service task (daemon).  Timer functionality is controlled by this
 162:Middlewares/Third_Party/FreeRTOS/Source/timers.c ****  * task.  Other tasks communicate with the timer service task using the
 163:Middlewares/Third_Party/FreeRTOS/Source/timers.c ****  * xTimerQueue queue.
 164:Middlewares/Third_Party/FreeRTOS/Source/timers.c ****  */
 165:Middlewares/Third_Party/FreeRTOS/Source/timers.c ****     static portTASK_FUNCTION_PROTO( prvTimerTask, pvParameters ) PRIVILEGED_FUNCTION;
 166:Middlewares/Third_Party/FreeRTOS/Source/timers.c **** 
 167:Middlewares/Third_Party/FreeRTOS/Source/timers.c **** /*
 168:Middlewares/Third_Party/FreeRTOS/Source/timers.c ****  * Called by the timer service task to interpret and process a command it
 169:Middlewares/Third_Party/FreeRTOS/Source/timers.c ****  * received on the timer queue.
 170:Middlewares/Third_Party/FreeRTOS/Source/timers.c ****  */
 171:Middlewares/Third_Party/FreeRTOS/Source/timers.c ****     static void prvProcessReceivedCommands( void ) PRIVILEGED_FUNCTION;
 172:Middlewares/Third_Party/FreeRTOS/Source/timers.c **** 
 173:Middlewares/Third_Party/FreeRTOS/Source/timers.c **** /*
 174:Middlewares/Third_Party/FreeRTOS/Source/timers.c ****  * Insert the timer into either xActiveTimerList1, or xActiveTimerList2,
 175:Middlewares/Third_Party/FreeRTOS/Source/timers.c ****  * depending on if the expire time causes a timer counter overflow.
 176:Middlewares/Third_Party/FreeRTOS/Source/timers.c ****  */
 177:Middlewares/Third_Party/FreeRTOS/Source/timers.c ****     static BaseType_t prvInsertTimerInActiveList( Timer_t * const pxTimer,
 178:Middlewares/Third_Party/FreeRTOS/Source/timers.c ****                                                   const TickType_t xNextExpiryTime,
 179:Middlewares/Third_Party/FreeRTOS/Source/timers.c ****                                                   const TickType_t xTimeNow,
 180:Middlewares/Third_Party/FreeRTOS/Source/timers.c ****                                                   const TickType_t xCommandTime ) PRIVILEGED_FUNCTI
 181:Middlewares/Third_Party/FreeRTOS/Source/timers.c **** 
 182:Middlewares/Third_Party/FreeRTOS/Source/timers.c **** /*
 183:Middlewares/Third_Party/FreeRTOS/Source/timers.c ****  * Reload the specified auto-reload timer.  If the reloading is backlogged,
 184:Middlewares/Third_Party/FreeRTOS/Source/timers.c ****  * clear the backlog, calling the callback for each additional reload.  When
 185:Middlewares/Third_Party/FreeRTOS/Source/timers.c ****  * this function returns, the next expiry time is after xTimeNow.
 186:Middlewares/Third_Party/FreeRTOS/Source/timers.c ****  */
 187:Middlewares/Third_Party/FreeRTOS/Source/timers.c ****     static void prvReloadTimer( Timer_t * const pxTimer,
 188:Middlewares/Third_Party/FreeRTOS/Source/timers.c ****                                 TickType_t xExpiredTime,
 189:Middlewares/Third_Party/FreeRTOS/Source/timers.c ****                                 const TickType_t xTimeNow ) PRIVILEGED_FUNCTION;
 190:Middlewares/Third_Party/FreeRTOS/Source/timers.c **** 
 191:Middlewares/Third_Party/FreeRTOS/Source/timers.c **** /*
 192:Middlewares/Third_Party/FreeRTOS/Source/timers.c ****  * An active timer has reached its expire time.  Reload the timer if it is an
 193:Middlewares/Third_Party/FreeRTOS/Source/timers.c ****  * auto-reload timer, then call its callback.
 194:Middlewares/Third_Party/FreeRTOS/Source/timers.c ****  */
 195:Middlewares/Third_Party/FreeRTOS/Source/timers.c ****     static void prvProcessExpiredTimer( const TickType_t xNextExpireTime,
 196:Middlewares/Third_Party/FreeRTOS/Source/timers.c ****                                         const TickType_t xTimeNow ) PRIVILEGED_FUNCTION;
 197:Middlewares/Third_Party/FreeRTOS/Source/timers.c **** 
 198:Middlewares/Third_Party/FreeRTOS/Source/timers.c **** /*
 199:Middlewares/Third_Party/FreeRTOS/Source/timers.c ****  * The tick count has overflowed.  Switch the timer lists after ensuring the
 200:Middlewares/Third_Party/FreeRTOS/Source/timers.c ****  * current timer list does not still reference some timers.
ARM GAS  /tmp/ccjHUbN4.s 			page 5


 201:Middlewares/Third_Party/FreeRTOS/Source/timers.c ****  */
 202:Middlewares/Third_Party/FreeRTOS/Source/timers.c ****     static void prvSwitchTimerLists( void ) PRIVILEGED_FUNCTION;
 203:Middlewares/Third_Party/FreeRTOS/Source/timers.c **** 
 204:Middlewares/Third_Party/FreeRTOS/Source/timers.c **** /*
 205:Middlewares/Third_Party/FreeRTOS/Source/timers.c ****  * Obtain the current tick count, setting *pxTimerListsWereSwitched to pdTRUE
 206:Middlewares/Third_Party/FreeRTOS/Source/timers.c ****  * if a tick count overflow occurred since prvSampleTimeNow() was last called.
 207:Middlewares/Third_Party/FreeRTOS/Source/timers.c ****  */
 208:Middlewares/Third_Party/FreeRTOS/Source/timers.c ****     static TickType_t prvSampleTimeNow( BaseType_t * const pxTimerListsWereSwitched ) PRIVILEGED_FU
 209:Middlewares/Third_Party/FreeRTOS/Source/timers.c **** 
 210:Middlewares/Third_Party/FreeRTOS/Source/timers.c **** /*
 211:Middlewares/Third_Party/FreeRTOS/Source/timers.c ****  * If the timer list contains any active timers then return the expire time of
 212:Middlewares/Third_Party/FreeRTOS/Source/timers.c ****  * the timer that will expire first and set *pxListWasEmpty to false.  If the
 213:Middlewares/Third_Party/FreeRTOS/Source/timers.c ****  * timer list does not contain any timers then return 0 and set *pxListWasEmpty
 214:Middlewares/Third_Party/FreeRTOS/Source/timers.c ****  * to pdTRUE.
 215:Middlewares/Third_Party/FreeRTOS/Source/timers.c ****  */
 216:Middlewares/Third_Party/FreeRTOS/Source/timers.c ****     static TickType_t prvGetNextExpireTime( BaseType_t * const pxListWasEmpty ) PRIVILEGED_FUNCTION
 217:Middlewares/Third_Party/FreeRTOS/Source/timers.c **** 
 218:Middlewares/Third_Party/FreeRTOS/Source/timers.c **** /*
 219:Middlewares/Third_Party/FreeRTOS/Source/timers.c ****  * If a timer has expired, process it.  Otherwise, block the timer service task
 220:Middlewares/Third_Party/FreeRTOS/Source/timers.c ****  * until either a timer does expire or a command is received.
 221:Middlewares/Third_Party/FreeRTOS/Source/timers.c ****  */
 222:Middlewares/Third_Party/FreeRTOS/Source/timers.c ****     static void prvProcessTimerOrBlockTask( const TickType_t xNextExpireTime,
 223:Middlewares/Third_Party/FreeRTOS/Source/timers.c ****                                             BaseType_t xListWasEmpty ) PRIVILEGED_FUNCTION;
 224:Middlewares/Third_Party/FreeRTOS/Source/timers.c **** 
 225:Middlewares/Third_Party/FreeRTOS/Source/timers.c **** /*
 226:Middlewares/Third_Party/FreeRTOS/Source/timers.c ****  * Called after a Timer_t structure has been allocated either statically or
 227:Middlewares/Third_Party/FreeRTOS/Source/timers.c ****  * dynamically to fill in the structure's members.
 228:Middlewares/Third_Party/FreeRTOS/Source/timers.c ****  */
 229:Middlewares/Third_Party/FreeRTOS/Source/timers.c ****     static void prvInitialiseNewTimer( const char * const pcTimerName,
 230:Middlewares/Third_Party/FreeRTOS/Source/timers.c ****                                        const TickType_t xTimerPeriodInTicks,
 231:Middlewares/Third_Party/FreeRTOS/Source/timers.c ****                                        const BaseType_t xAutoReload,
 232:Middlewares/Third_Party/FreeRTOS/Source/timers.c ****                                        void * const pvTimerID,
 233:Middlewares/Third_Party/FreeRTOS/Source/timers.c ****                                        TimerCallbackFunction_t pxCallbackFunction,
 234:Middlewares/Third_Party/FreeRTOS/Source/timers.c ****                                        Timer_t * pxNewTimer ) PRIVILEGED_FUNCTION;
 235:Middlewares/Third_Party/FreeRTOS/Source/timers.c **** /*-----------------------------------------------------------*/
 236:Middlewares/Third_Party/FreeRTOS/Source/timers.c **** 
 237:Middlewares/Third_Party/FreeRTOS/Source/timers.c ****     BaseType_t xTimerCreateTimerTask( void )
 238:Middlewares/Third_Party/FreeRTOS/Source/timers.c ****     {
 239:Middlewares/Third_Party/FreeRTOS/Source/timers.c ****         BaseType_t xReturn = pdFAIL;
 240:Middlewares/Third_Party/FreeRTOS/Source/timers.c **** 
 241:Middlewares/Third_Party/FreeRTOS/Source/timers.c ****         traceENTER_xTimerCreateTimerTask();
 242:Middlewares/Third_Party/FreeRTOS/Source/timers.c **** 
 243:Middlewares/Third_Party/FreeRTOS/Source/timers.c ****         /* This function is called when the scheduler is started if
 244:Middlewares/Third_Party/FreeRTOS/Source/timers.c ****          * configUSE_TIMERS is set to 1.  Check that the infrastructure used by the
 245:Middlewares/Third_Party/FreeRTOS/Source/timers.c ****          * timer service task has been created/initialised.  If timers have already
 246:Middlewares/Third_Party/FreeRTOS/Source/timers.c ****          * been created then the initialisation will already have been performed. */
 247:Middlewares/Third_Party/FreeRTOS/Source/timers.c ****         prvCheckForValidListAndQueue();
 248:Middlewares/Third_Party/FreeRTOS/Source/timers.c **** 
 249:Middlewares/Third_Party/FreeRTOS/Source/timers.c ****         if( xTimerQueue != NULL )
 250:Middlewares/Third_Party/FreeRTOS/Source/timers.c ****         {
 251:Middlewares/Third_Party/FreeRTOS/Source/timers.c ****             #if ( ( configNUMBER_OF_CORES > 1 ) && ( configUSE_CORE_AFFINITY == 1 ) )
 252:Middlewares/Third_Party/FreeRTOS/Source/timers.c ****             {
 253:Middlewares/Third_Party/FreeRTOS/Source/timers.c ****                 #if ( configSUPPORT_STATIC_ALLOCATION == 1 )
 254:Middlewares/Third_Party/FreeRTOS/Source/timers.c ****                 {
 255:Middlewares/Third_Party/FreeRTOS/Source/timers.c ****                     StaticTask_t * pxTimerTaskTCBBuffer = NULL;
 256:Middlewares/Third_Party/FreeRTOS/Source/timers.c ****                     StackType_t * pxTimerTaskStackBuffer = NULL;
 257:Middlewares/Third_Party/FreeRTOS/Source/timers.c ****                     configSTACK_DEPTH_TYPE uxTimerTaskStackSize;
ARM GAS  /tmp/ccjHUbN4.s 			page 6


 258:Middlewares/Third_Party/FreeRTOS/Source/timers.c **** 
 259:Middlewares/Third_Party/FreeRTOS/Source/timers.c ****                     vApplicationGetTimerTaskMemory( &pxTimerTaskTCBBuffer, &pxTimerTaskStackBuffer,
 260:Middlewares/Third_Party/FreeRTOS/Source/timers.c ****                     xTimerTaskHandle = xTaskCreateStaticAffinitySet( &prvTimerTask,
 261:Middlewares/Third_Party/FreeRTOS/Source/timers.c ****                                                                      configTIMER_SERVICE_TASK_NAME,
 262:Middlewares/Third_Party/FreeRTOS/Source/timers.c ****                                                                      uxTimerTaskStackSize,
 263:Middlewares/Third_Party/FreeRTOS/Source/timers.c ****                                                                      NULL,
 264:Middlewares/Third_Party/FreeRTOS/Source/timers.c ****                                                                      ( ( UBaseType_t ) configTIMER_
 265:Middlewares/Third_Party/FreeRTOS/Source/timers.c ****                                                                      pxTimerTaskStackBuffer,
 266:Middlewares/Third_Party/FreeRTOS/Source/timers.c ****                                                                      pxTimerTaskTCBBuffer,
 267:Middlewares/Third_Party/FreeRTOS/Source/timers.c ****                                                                      configTIMER_SERVICE_TASK_CORE_
 268:Middlewares/Third_Party/FreeRTOS/Source/timers.c **** 
 269:Middlewares/Third_Party/FreeRTOS/Source/timers.c ****                     if( xTimerTaskHandle != NULL )
 270:Middlewares/Third_Party/FreeRTOS/Source/timers.c ****                     {
 271:Middlewares/Third_Party/FreeRTOS/Source/timers.c ****                         xReturn = pdPASS;
 272:Middlewares/Third_Party/FreeRTOS/Source/timers.c ****                     }
 273:Middlewares/Third_Party/FreeRTOS/Source/timers.c ****                 }
 274:Middlewares/Third_Party/FreeRTOS/Source/timers.c ****                 #else /* if ( configSUPPORT_STATIC_ALLOCATION == 1 ) */
 275:Middlewares/Third_Party/FreeRTOS/Source/timers.c ****                 {
 276:Middlewares/Third_Party/FreeRTOS/Source/timers.c ****                     xReturn = xTaskCreateAffinitySet( &prvTimerTask,
 277:Middlewares/Third_Party/FreeRTOS/Source/timers.c ****                                                       configTIMER_SERVICE_TASK_NAME,
 278:Middlewares/Third_Party/FreeRTOS/Source/timers.c ****                                                       configTIMER_TASK_STACK_DEPTH,
 279:Middlewares/Third_Party/FreeRTOS/Source/timers.c ****                                                       NULL,
 280:Middlewares/Third_Party/FreeRTOS/Source/timers.c ****                                                       ( ( UBaseType_t ) configTIMER_TASK_PRIORITY )
 281:Middlewares/Third_Party/FreeRTOS/Source/timers.c ****                                                       configTIMER_SERVICE_TASK_CORE_AFFINITY,
 282:Middlewares/Third_Party/FreeRTOS/Source/timers.c ****                                                       &xTimerTaskHandle );
 283:Middlewares/Third_Party/FreeRTOS/Source/timers.c ****                 }
 284:Middlewares/Third_Party/FreeRTOS/Source/timers.c ****                 #endif /* configSUPPORT_STATIC_ALLOCATION */
 285:Middlewares/Third_Party/FreeRTOS/Source/timers.c ****             }
 286:Middlewares/Third_Party/FreeRTOS/Source/timers.c ****             #else /* #if ( ( configNUMBER_OF_CORES > 1 ) && ( configUSE_CORE_AFFINITY == 1 ) ) */
 287:Middlewares/Third_Party/FreeRTOS/Source/timers.c ****             {
 288:Middlewares/Third_Party/FreeRTOS/Source/timers.c ****                 #if ( configSUPPORT_STATIC_ALLOCATION == 1 )
 289:Middlewares/Third_Party/FreeRTOS/Source/timers.c ****                 {
 290:Middlewares/Third_Party/FreeRTOS/Source/timers.c ****                     StaticTask_t * pxTimerTaskTCBBuffer = NULL;
 291:Middlewares/Third_Party/FreeRTOS/Source/timers.c ****                     StackType_t * pxTimerTaskStackBuffer = NULL;
 292:Middlewares/Third_Party/FreeRTOS/Source/timers.c ****                     configSTACK_DEPTH_TYPE uxTimerTaskStackSize;
 293:Middlewares/Third_Party/FreeRTOS/Source/timers.c **** 
 294:Middlewares/Third_Party/FreeRTOS/Source/timers.c ****                     vApplicationGetTimerTaskMemory( &pxTimerTaskTCBBuffer, &pxTimerTaskStackBuffer,
 295:Middlewares/Third_Party/FreeRTOS/Source/timers.c ****                     xTimerTaskHandle = xTaskCreateStatic( &prvTimerTask,
 296:Middlewares/Third_Party/FreeRTOS/Source/timers.c ****                                                           configTIMER_SERVICE_TASK_NAME,
 297:Middlewares/Third_Party/FreeRTOS/Source/timers.c ****                                                           uxTimerTaskStackSize,
 298:Middlewares/Third_Party/FreeRTOS/Source/timers.c ****                                                           NULL,
 299:Middlewares/Third_Party/FreeRTOS/Source/timers.c ****                                                           ( ( UBaseType_t ) configTIMER_TASK_PRIORI
 300:Middlewares/Third_Party/FreeRTOS/Source/timers.c ****                                                           pxTimerTaskStackBuffer,
 301:Middlewares/Third_Party/FreeRTOS/Source/timers.c ****                                                           pxTimerTaskTCBBuffer );
 302:Middlewares/Third_Party/FreeRTOS/Source/timers.c **** 
 303:Middlewares/Third_Party/FreeRTOS/Source/timers.c ****                     if( xTimerTaskHandle != NULL )
 304:Middlewares/Third_Party/FreeRTOS/Source/timers.c ****                     {
 305:Middlewares/Third_Party/FreeRTOS/Source/timers.c ****                         xReturn = pdPASS;
 306:Middlewares/Third_Party/FreeRTOS/Source/timers.c ****                     }
 307:Middlewares/Third_Party/FreeRTOS/Source/timers.c ****                 }
 308:Middlewares/Third_Party/FreeRTOS/Source/timers.c ****                 #else /* if ( configSUPPORT_STATIC_ALLOCATION == 1 ) */
 309:Middlewares/Third_Party/FreeRTOS/Source/timers.c ****                 {
 310:Middlewares/Third_Party/FreeRTOS/Source/timers.c ****                     xReturn = xTaskCreate( &prvTimerTask,
 311:Middlewares/Third_Party/FreeRTOS/Source/timers.c ****                                            configTIMER_SERVICE_TASK_NAME,
 312:Middlewares/Third_Party/FreeRTOS/Source/timers.c ****                                            configTIMER_TASK_STACK_DEPTH,
 313:Middlewares/Third_Party/FreeRTOS/Source/timers.c ****                                            NULL,
 314:Middlewares/Third_Party/FreeRTOS/Source/timers.c ****                                            ( ( UBaseType_t ) configTIMER_TASK_PRIORITY ) | portPRIV
ARM GAS  /tmp/ccjHUbN4.s 			page 7


 315:Middlewares/Third_Party/FreeRTOS/Source/timers.c ****                                            &xTimerTaskHandle );
 316:Middlewares/Third_Party/FreeRTOS/Source/timers.c ****                 }
 317:Middlewares/Third_Party/FreeRTOS/Source/timers.c ****                 #endif /* configSUPPORT_STATIC_ALLOCATION */
 318:Middlewares/Third_Party/FreeRTOS/Source/timers.c ****             }
 319:Middlewares/Third_Party/FreeRTOS/Source/timers.c ****             #endif /* #if ( ( configNUMBER_OF_CORES > 1 ) && ( configUSE_CORE_AFFINITY == 1 ) ) */
 320:Middlewares/Third_Party/FreeRTOS/Source/timers.c ****         }
 321:Middlewares/Third_Party/FreeRTOS/Source/timers.c ****         else
 322:Middlewares/Third_Party/FreeRTOS/Source/timers.c ****         {
 323:Middlewares/Third_Party/FreeRTOS/Source/timers.c ****             mtCOVERAGE_TEST_MARKER();
 324:Middlewares/Third_Party/FreeRTOS/Source/timers.c ****         }
 325:Middlewares/Third_Party/FreeRTOS/Source/timers.c **** 
 326:Middlewares/Third_Party/FreeRTOS/Source/timers.c ****         configASSERT( xReturn );
 327:Middlewares/Third_Party/FreeRTOS/Source/timers.c **** 
 328:Middlewares/Third_Party/FreeRTOS/Source/timers.c ****         traceRETURN_xTimerCreateTimerTask( xReturn );
 329:Middlewares/Third_Party/FreeRTOS/Source/timers.c **** 
 330:Middlewares/Third_Party/FreeRTOS/Source/timers.c ****         return xReturn;
 331:Middlewares/Third_Party/FreeRTOS/Source/timers.c ****     }
 332:Middlewares/Third_Party/FreeRTOS/Source/timers.c **** /*-----------------------------------------------------------*/
 333:Middlewares/Third_Party/FreeRTOS/Source/timers.c **** 
 334:Middlewares/Third_Party/FreeRTOS/Source/timers.c ****     #if ( configSUPPORT_DYNAMIC_ALLOCATION == 1 )
 335:Middlewares/Third_Party/FreeRTOS/Source/timers.c **** 
 336:Middlewares/Third_Party/FreeRTOS/Source/timers.c ****         TimerHandle_t xTimerCreate( const char * const pcTimerName,
 337:Middlewares/Third_Party/FreeRTOS/Source/timers.c ****                                     const TickType_t xTimerPeriodInTicks,
 338:Middlewares/Third_Party/FreeRTOS/Source/timers.c ****                                     const BaseType_t xAutoReload,
 339:Middlewares/Third_Party/FreeRTOS/Source/timers.c ****                                     void * const pvTimerID,
 340:Middlewares/Third_Party/FreeRTOS/Source/timers.c ****                                     TimerCallbackFunction_t pxCallbackFunction )
 341:Middlewares/Third_Party/FreeRTOS/Source/timers.c ****         {
 342:Middlewares/Third_Party/FreeRTOS/Source/timers.c ****             Timer_t * pxNewTimer;
 343:Middlewares/Third_Party/FreeRTOS/Source/timers.c **** 
 344:Middlewares/Third_Party/FreeRTOS/Source/timers.c ****             traceENTER_xTimerCreate( pcTimerName, xTimerPeriodInTicks, xAutoReload, pvTimerID, pxCa
 345:Middlewares/Third_Party/FreeRTOS/Source/timers.c **** 
 346:Middlewares/Third_Party/FreeRTOS/Source/timers.c ****             /* MISRA Ref 11.5.1 [Malloc memory assignment] */
 347:Middlewares/Third_Party/FreeRTOS/Source/timers.c ****             /* More details at: https://github.com/FreeRTOS/FreeRTOS-Kernel/blob/main/MISRA.md#rule
 348:Middlewares/Third_Party/FreeRTOS/Source/timers.c ****             /* coverity[misra_c_2012_rule_11_5_violation] */
 349:Middlewares/Third_Party/FreeRTOS/Source/timers.c ****             pxNewTimer = ( Timer_t * ) pvPortMalloc( sizeof( Timer_t ) );
 350:Middlewares/Third_Party/FreeRTOS/Source/timers.c **** 
 351:Middlewares/Third_Party/FreeRTOS/Source/timers.c ****             if( pxNewTimer != NULL )
 352:Middlewares/Third_Party/FreeRTOS/Source/timers.c ****             {
 353:Middlewares/Third_Party/FreeRTOS/Source/timers.c ****                 /* Status is thus far zero as the timer is not created statically
 354:Middlewares/Third_Party/FreeRTOS/Source/timers.c ****                  * and has not been started.  The auto-reload bit may get set in
 355:Middlewares/Third_Party/FreeRTOS/Source/timers.c ****                  * prvInitialiseNewTimer. */
 356:Middlewares/Third_Party/FreeRTOS/Source/timers.c ****                 pxNewTimer->ucStatus = 0x00;
 357:Middlewares/Third_Party/FreeRTOS/Source/timers.c ****                 prvInitialiseNewTimer( pcTimerName, xTimerPeriodInTicks, xAutoReload, pvTimerID, px
 358:Middlewares/Third_Party/FreeRTOS/Source/timers.c ****             }
 359:Middlewares/Third_Party/FreeRTOS/Source/timers.c **** 
 360:Middlewares/Third_Party/FreeRTOS/Source/timers.c ****             traceRETURN_xTimerCreate( pxNewTimer );
 361:Middlewares/Third_Party/FreeRTOS/Source/timers.c **** 
 362:Middlewares/Third_Party/FreeRTOS/Source/timers.c ****             return pxNewTimer;
 363:Middlewares/Third_Party/FreeRTOS/Source/timers.c ****         }
 364:Middlewares/Third_Party/FreeRTOS/Source/timers.c **** 
 365:Middlewares/Third_Party/FreeRTOS/Source/timers.c ****     #endif /* configSUPPORT_DYNAMIC_ALLOCATION */
 366:Middlewares/Third_Party/FreeRTOS/Source/timers.c **** /*-----------------------------------------------------------*/
 367:Middlewares/Third_Party/FreeRTOS/Source/timers.c **** 
 368:Middlewares/Third_Party/FreeRTOS/Source/timers.c ****     #if ( configSUPPORT_STATIC_ALLOCATION == 1 )
 369:Middlewares/Third_Party/FreeRTOS/Source/timers.c **** 
 370:Middlewares/Third_Party/FreeRTOS/Source/timers.c ****         TimerHandle_t xTimerCreateStatic( const char * const pcTimerName,
 371:Middlewares/Third_Party/FreeRTOS/Source/timers.c ****                                           const TickType_t xTimerPeriodInTicks,
ARM GAS  /tmp/ccjHUbN4.s 			page 8


 372:Middlewares/Third_Party/FreeRTOS/Source/timers.c ****                                           const BaseType_t xAutoReload,
 373:Middlewares/Third_Party/FreeRTOS/Source/timers.c ****                                           void * const pvTimerID,
 374:Middlewares/Third_Party/FreeRTOS/Source/timers.c ****                                           TimerCallbackFunction_t pxCallbackFunction,
 375:Middlewares/Third_Party/FreeRTOS/Source/timers.c ****                                           StaticTimer_t * pxTimerBuffer )
 376:Middlewares/Third_Party/FreeRTOS/Source/timers.c ****         {
 377:Middlewares/Third_Party/FreeRTOS/Source/timers.c ****             Timer_t * pxNewTimer;
 378:Middlewares/Third_Party/FreeRTOS/Source/timers.c **** 
 379:Middlewares/Third_Party/FreeRTOS/Source/timers.c ****             traceENTER_xTimerCreateStatic( pcTimerName, xTimerPeriodInTicks, xAutoReload, pvTimerID
 380:Middlewares/Third_Party/FreeRTOS/Source/timers.c **** 
 381:Middlewares/Third_Party/FreeRTOS/Source/timers.c ****             #if ( configASSERT_DEFINED == 1 )
 382:Middlewares/Third_Party/FreeRTOS/Source/timers.c ****             {
 383:Middlewares/Third_Party/FreeRTOS/Source/timers.c ****                 /* Sanity check that the size of the structure used to declare a
 384:Middlewares/Third_Party/FreeRTOS/Source/timers.c ****                  * variable of type StaticTimer_t equals the size of the real timer
 385:Middlewares/Third_Party/FreeRTOS/Source/timers.c ****                  * structure. */
 386:Middlewares/Third_Party/FreeRTOS/Source/timers.c ****                 volatile size_t xSize = sizeof( StaticTimer_t );
 387:Middlewares/Third_Party/FreeRTOS/Source/timers.c ****                 configASSERT( xSize == sizeof( Timer_t ) );
 388:Middlewares/Third_Party/FreeRTOS/Source/timers.c ****                 ( void ) xSize; /* Prevent unused variable warning when configASSERT() is not defin
 389:Middlewares/Third_Party/FreeRTOS/Source/timers.c ****             }
 390:Middlewares/Third_Party/FreeRTOS/Source/timers.c ****             #endif /* configASSERT_DEFINED */
 391:Middlewares/Third_Party/FreeRTOS/Source/timers.c **** 
 392:Middlewares/Third_Party/FreeRTOS/Source/timers.c ****             /* A pointer to a StaticTimer_t structure MUST be provided, use it. */
 393:Middlewares/Third_Party/FreeRTOS/Source/timers.c ****             configASSERT( pxTimerBuffer );
 394:Middlewares/Third_Party/FreeRTOS/Source/timers.c ****             /* MISRA Ref 11.3.1 [Misaligned access] */
 395:Middlewares/Third_Party/FreeRTOS/Source/timers.c ****             /* More details at: https://github.com/FreeRTOS/FreeRTOS-Kernel/blob/main/MISRA.md#rule
 396:Middlewares/Third_Party/FreeRTOS/Source/timers.c ****             /* coverity[misra_c_2012_rule_11_3_violation] */
 397:Middlewares/Third_Party/FreeRTOS/Source/timers.c ****             pxNewTimer = ( Timer_t * ) pxTimerBuffer;
 398:Middlewares/Third_Party/FreeRTOS/Source/timers.c **** 
 399:Middlewares/Third_Party/FreeRTOS/Source/timers.c ****             if( pxNewTimer != NULL )
 400:Middlewares/Third_Party/FreeRTOS/Source/timers.c ****             {
 401:Middlewares/Third_Party/FreeRTOS/Source/timers.c ****                 /* Timers can be created statically or dynamically so note this
 402:Middlewares/Third_Party/FreeRTOS/Source/timers.c ****                  * timer was created statically in case it is later deleted.  The
 403:Middlewares/Third_Party/FreeRTOS/Source/timers.c ****                  * auto-reload bit may get set in prvInitialiseNewTimer(). */
 404:Middlewares/Third_Party/FreeRTOS/Source/timers.c ****                 pxNewTimer->ucStatus = ( uint8_t ) tmrSTATUS_IS_STATICALLY_ALLOCATED;
 405:Middlewares/Third_Party/FreeRTOS/Source/timers.c **** 
 406:Middlewares/Third_Party/FreeRTOS/Source/timers.c ****                 prvInitialiseNewTimer( pcTimerName, xTimerPeriodInTicks, xAutoReload, pvTimerID, px
 407:Middlewares/Third_Party/FreeRTOS/Source/timers.c ****             }
 408:Middlewares/Third_Party/FreeRTOS/Source/timers.c **** 
 409:Middlewares/Third_Party/FreeRTOS/Source/timers.c ****             traceRETURN_xTimerCreateStatic( pxNewTimer );
 410:Middlewares/Third_Party/FreeRTOS/Source/timers.c **** 
 411:Middlewares/Third_Party/FreeRTOS/Source/timers.c ****             return pxNewTimer;
 412:Middlewares/Third_Party/FreeRTOS/Source/timers.c ****         }
 413:Middlewares/Third_Party/FreeRTOS/Source/timers.c **** 
 414:Middlewares/Third_Party/FreeRTOS/Source/timers.c ****     #endif /* configSUPPORT_STATIC_ALLOCATION */
 415:Middlewares/Third_Party/FreeRTOS/Source/timers.c **** /*-----------------------------------------------------------*/
 416:Middlewares/Third_Party/FreeRTOS/Source/timers.c **** 
 417:Middlewares/Third_Party/FreeRTOS/Source/timers.c ****     static void prvInitialiseNewTimer( const char * const pcTimerName,
 418:Middlewares/Third_Party/FreeRTOS/Source/timers.c ****                                        const TickType_t xTimerPeriodInTicks,
 419:Middlewares/Third_Party/FreeRTOS/Source/timers.c ****                                        const BaseType_t xAutoReload,
 420:Middlewares/Third_Party/FreeRTOS/Source/timers.c ****                                        void * const pvTimerID,
 421:Middlewares/Third_Party/FreeRTOS/Source/timers.c ****                                        TimerCallbackFunction_t pxCallbackFunction,
 422:Middlewares/Third_Party/FreeRTOS/Source/timers.c ****                                        Timer_t * pxNewTimer )
 423:Middlewares/Third_Party/FreeRTOS/Source/timers.c ****     {
 424:Middlewares/Third_Party/FreeRTOS/Source/timers.c ****         /* 0 is not a valid value for xTimerPeriodInTicks. */
 425:Middlewares/Third_Party/FreeRTOS/Source/timers.c ****         configASSERT( ( xTimerPeriodInTicks > 0 ) );
 426:Middlewares/Third_Party/FreeRTOS/Source/timers.c **** 
 427:Middlewares/Third_Party/FreeRTOS/Source/timers.c ****         /* Ensure the infrastructure used by the timer service task has been
 428:Middlewares/Third_Party/FreeRTOS/Source/timers.c ****          * created/initialised. */
ARM GAS  /tmp/ccjHUbN4.s 			page 9


 429:Middlewares/Third_Party/FreeRTOS/Source/timers.c ****         prvCheckForValidListAndQueue();
 430:Middlewares/Third_Party/FreeRTOS/Source/timers.c **** 
 431:Middlewares/Third_Party/FreeRTOS/Source/timers.c ****         /* Initialise the timer structure members using the function
 432:Middlewares/Third_Party/FreeRTOS/Source/timers.c ****          * parameters. */
 433:Middlewares/Third_Party/FreeRTOS/Source/timers.c ****         pxNewTimer->pcTimerName = pcTimerName;
 434:Middlewares/Third_Party/FreeRTOS/Source/timers.c ****         pxNewTimer->xTimerPeriodInTicks = xTimerPeriodInTicks;
 435:Middlewares/Third_Party/FreeRTOS/Source/timers.c ****         pxNewTimer->pvTimerID = pvTimerID;
 436:Middlewares/Third_Party/FreeRTOS/Source/timers.c ****         pxNewTimer->pxCallbackFunction = pxCallbackFunction;
 437:Middlewares/Third_Party/FreeRTOS/Source/timers.c ****         vListInitialiseItem( &( pxNewTimer->xTimerListItem ) );
 438:Middlewares/Third_Party/FreeRTOS/Source/timers.c **** 
 439:Middlewares/Third_Party/FreeRTOS/Source/timers.c ****         if( xAutoReload != pdFALSE )
 440:Middlewares/Third_Party/FreeRTOS/Source/timers.c ****         {
 441:Middlewares/Third_Party/FreeRTOS/Source/timers.c ****             pxNewTimer->ucStatus |= ( uint8_t ) tmrSTATUS_IS_AUTORELOAD;
 442:Middlewares/Third_Party/FreeRTOS/Source/timers.c ****         }
 443:Middlewares/Third_Party/FreeRTOS/Source/timers.c **** 
 444:Middlewares/Third_Party/FreeRTOS/Source/timers.c ****         traceTIMER_CREATE( pxNewTimer );
 445:Middlewares/Third_Party/FreeRTOS/Source/timers.c ****     }
 446:Middlewares/Third_Party/FreeRTOS/Source/timers.c **** /*-----------------------------------------------------------*/
 447:Middlewares/Third_Party/FreeRTOS/Source/timers.c **** 
 448:Middlewares/Third_Party/FreeRTOS/Source/timers.c ****     BaseType_t xTimerGenericCommandFromTask( TimerHandle_t xTimer,
 449:Middlewares/Third_Party/FreeRTOS/Source/timers.c ****                                              const BaseType_t xCommandID,
 450:Middlewares/Third_Party/FreeRTOS/Source/timers.c ****                                              const TickType_t xOptionalValue,
 451:Middlewares/Third_Party/FreeRTOS/Source/timers.c ****                                              BaseType_t * const pxHigherPriorityTaskWoken,
 452:Middlewares/Third_Party/FreeRTOS/Source/timers.c ****                                              const TickType_t xTicksToWait )
 453:Middlewares/Third_Party/FreeRTOS/Source/timers.c ****     {
 454:Middlewares/Third_Party/FreeRTOS/Source/timers.c ****         BaseType_t xReturn = pdFAIL;
 455:Middlewares/Third_Party/FreeRTOS/Source/timers.c ****         DaemonTaskMessage_t xMessage;
 456:Middlewares/Third_Party/FreeRTOS/Source/timers.c **** 
 457:Middlewares/Third_Party/FreeRTOS/Source/timers.c ****         ( void ) pxHigherPriorityTaskWoken;
 458:Middlewares/Third_Party/FreeRTOS/Source/timers.c **** 
 459:Middlewares/Third_Party/FreeRTOS/Source/timers.c ****         traceENTER_xTimerGenericCommandFromTask( xTimer, xCommandID, xOptionalValue, pxHigherPriori
 460:Middlewares/Third_Party/FreeRTOS/Source/timers.c **** 
 461:Middlewares/Third_Party/FreeRTOS/Source/timers.c ****         /* Send a message to the timer service task to perform a particular action
 462:Middlewares/Third_Party/FreeRTOS/Source/timers.c ****          * on a particular timer definition. */
 463:Middlewares/Third_Party/FreeRTOS/Source/timers.c ****         if( ( xTimerQueue != NULL ) && ( xTimer != NULL ) )
 464:Middlewares/Third_Party/FreeRTOS/Source/timers.c ****         {
 465:Middlewares/Third_Party/FreeRTOS/Source/timers.c ****             /* Send a command to the timer service task to start the xTimer timer. */
 466:Middlewares/Third_Party/FreeRTOS/Source/timers.c ****             xMessage.xMessageID = xCommandID;
 467:Middlewares/Third_Party/FreeRTOS/Source/timers.c ****             xMessage.u.xTimerParameters.xMessageValue = xOptionalValue;
 468:Middlewares/Third_Party/FreeRTOS/Source/timers.c ****             xMessage.u.xTimerParameters.pxTimer = xTimer;
 469:Middlewares/Third_Party/FreeRTOS/Source/timers.c **** 
 470:Middlewares/Third_Party/FreeRTOS/Source/timers.c ****             configASSERT( xCommandID < tmrFIRST_FROM_ISR_COMMAND );
 471:Middlewares/Third_Party/FreeRTOS/Source/timers.c **** 
 472:Middlewares/Third_Party/FreeRTOS/Source/timers.c ****             if( xCommandID < tmrFIRST_FROM_ISR_COMMAND )
 473:Middlewares/Third_Party/FreeRTOS/Source/timers.c ****             {
 474:Middlewares/Third_Party/FreeRTOS/Source/timers.c ****                 if( xTaskGetSchedulerState() == taskSCHEDULER_RUNNING )
 475:Middlewares/Third_Party/FreeRTOS/Source/timers.c ****                 {
 476:Middlewares/Third_Party/FreeRTOS/Source/timers.c ****                     xReturn = xQueueSendToBack( xTimerQueue, &xMessage, xTicksToWait );
 477:Middlewares/Third_Party/FreeRTOS/Source/timers.c ****                 }
 478:Middlewares/Third_Party/FreeRTOS/Source/timers.c ****                 else
 479:Middlewares/Third_Party/FreeRTOS/Source/timers.c ****                 {
 480:Middlewares/Third_Party/FreeRTOS/Source/timers.c ****                     xReturn = xQueueSendToBack( xTimerQueue, &xMessage, tmrNO_DELAY );
 481:Middlewares/Third_Party/FreeRTOS/Source/timers.c ****                 }
 482:Middlewares/Third_Party/FreeRTOS/Source/timers.c ****             }
 483:Middlewares/Third_Party/FreeRTOS/Source/timers.c **** 
 484:Middlewares/Third_Party/FreeRTOS/Source/timers.c ****             traceTIMER_COMMAND_SEND( xTimer, xCommandID, xOptionalValue, xReturn );
 485:Middlewares/Third_Party/FreeRTOS/Source/timers.c ****         }
ARM GAS  /tmp/ccjHUbN4.s 			page 10


 486:Middlewares/Third_Party/FreeRTOS/Source/timers.c ****         else
 487:Middlewares/Third_Party/FreeRTOS/Source/timers.c ****         {
 488:Middlewares/Third_Party/FreeRTOS/Source/timers.c ****             mtCOVERAGE_TEST_MARKER();
 489:Middlewares/Third_Party/FreeRTOS/Source/timers.c ****         }
 490:Middlewares/Third_Party/FreeRTOS/Source/timers.c **** 
 491:Middlewares/Third_Party/FreeRTOS/Source/timers.c ****         traceRETURN_xTimerGenericCommandFromTask( xReturn );
 492:Middlewares/Third_Party/FreeRTOS/Source/timers.c **** 
 493:Middlewares/Third_Party/FreeRTOS/Source/timers.c ****         return xReturn;
 494:Middlewares/Third_Party/FreeRTOS/Source/timers.c ****     }
 495:Middlewares/Third_Party/FreeRTOS/Source/timers.c **** /*-----------------------------------------------------------*/
 496:Middlewares/Third_Party/FreeRTOS/Source/timers.c **** 
 497:Middlewares/Third_Party/FreeRTOS/Source/timers.c ****     BaseType_t xTimerGenericCommandFromISR( TimerHandle_t xTimer,
 498:Middlewares/Third_Party/FreeRTOS/Source/timers.c ****                                             const BaseType_t xCommandID,
 499:Middlewares/Third_Party/FreeRTOS/Source/timers.c ****                                             const TickType_t xOptionalValue,
 500:Middlewares/Third_Party/FreeRTOS/Source/timers.c ****                                             BaseType_t * const pxHigherPriorityTaskWoken,
 501:Middlewares/Third_Party/FreeRTOS/Source/timers.c ****                                             const TickType_t xTicksToWait )
 502:Middlewares/Third_Party/FreeRTOS/Source/timers.c ****     {
 503:Middlewares/Third_Party/FreeRTOS/Source/timers.c ****         BaseType_t xReturn = pdFAIL;
 504:Middlewares/Third_Party/FreeRTOS/Source/timers.c ****         DaemonTaskMessage_t xMessage;
 505:Middlewares/Third_Party/FreeRTOS/Source/timers.c **** 
 506:Middlewares/Third_Party/FreeRTOS/Source/timers.c ****         ( void ) xTicksToWait;
 507:Middlewares/Third_Party/FreeRTOS/Source/timers.c **** 
 508:Middlewares/Third_Party/FreeRTOS/Source/timers.c ****         traceENTER_xTimerGenericCommandFromISR( xTimer, xCommandID, xOptionalValue, pxHigherPriorit
 509:Middlewares/Third_Party/FreeRTOS/Source/timers.c **** 
 510:Middlewares/Third_Party/FreeRTOS/Source/timers.c ****         /* Send a message to the timer service task to perform a particular action
 511:Middlewares/Third_Party/FreeRTOS/Source/timers.c ****          * on a particular timer definition. */
 512:Middlewares/Third_Party/FreeRTOS/Source/timers.c ****         if( ( xTimerQueue != NULL ) && ( xTimer != NULL ) )
 513:Middlewares/Third_Party/FreeRTOS/Source/timers.c ****         {
 514:Middlewares/Third_Party/FreeRTOS/Source/timers.c ****             /* Send a command to the timer service task to start the xTimer timer. */
 515:Middlewares/Third_Party/FreeRTOS/Source/timers.c ****             xMessage.xMessageID = xCommandID;
 516:Middlewares/Third_Party/FreeRTOS/Source/timers.c ****             xMessage.u.xTimerParameters.xMessageValue = xOptionalValue;
 517:Middlewares/Third_Party/FreeRTOS/Source/timers.c ****             xMessage.u.xTimerParameters.pxTimer = xTimer;
 518:Middlewares/Third_Party/FreeRTOS/Source/timers.c **** 
 519:Middlewares/Third_Party/FreeRTOS/Source/timers.c ****             configASSERT( xCommandID >= tmrFIRST_FROM_ISR_COMMAND );
 520:Middlewares/Third_Party/FreeRTOS/Source/timers.c **** 
 521:Middlewares/Third_Party/FreeRTOS/Source/timers.c ****             if( xCommandID >= tmrFIRST_FROM_ISR_COMMAND )
 522:Middlewares/Third_Party/FreeRTOS/Source/timers.c ****             {
 523:Middlewares/Third_Party/FreeRTOS/Source/timers.c ****                 xReturn = xQueueSendToBackFromISR( xTimerQueue, &xMessage, pxHigherPriorityTaskWoke
 524:Middlewares/Third_Party/FreeRTOS/Source/timers.c ****             }
 525:Middlewares/Third_Party/FreeRTOS/Source/timers.c **** 
 526:Middlewares/Third_Party/FreeRTOS/Source/timers.c ****             traceTIMER_COMMAND_SEND( xTimer, xCommandID, xOptionalValue, xReturn );
 527:Middlewares/Third_Party/FreeRTOS/Source/timers.c ****         }
 528:Middlewares/Third_Party/FreeRTOS/Source/timers.c ****         else
 529:Middlewares/Third_Party/FreeRTOS/Source/timers.c ****         {
 530:Middlewares/Third_Party/FreeRTOS/Source/timers.c ****             mtCOVERAGE_TEST_MARKER();
 531:Middlewares/Third_Party/FreeRTOS/Source/timers.c ****         }
 532:Middlewares/Third_Party/FreeRTOS/Source/timers.c **** 
 533:Middlewares/Third_Party/FreeRTOS/Source/timers.c ****         traceRETURN_xTimerGenericCommandFromISR( xReturn );
 534:Middlewares/Third_Party/FreeRTOS/Source/timers.c **** 
 535:Middlewares/Third_Party/FreeRTOS/Source/timers.c ****         return xReturn;
 536:Middlewares/Third_Party/FreeRTOS/Source/timers.c ****     }
 537:Middlewares/Third_Party/FreeRTOS/Source/timers.c **** /*-----------------------------------------------------------*/
 538:Middlewares/Third_Party/FreeRTOS/Source/timers.c **** 
 539:Middlewares/Third_Party/FreeRTOS/Source/timers.c ****     TaskHandle_t xTimerGetTimerDaemonTaskHandle( void )
 540:Middlewares/Third_Party/FreeRTOS/Source/timers.c ****     {
 541:Middlewares/Third_Party/FreeRTOS/Source/timers.c ****         traceENTER_xTimerGetTimerDaemonTaskHandle();
 542:Middlewares/Third_Party/FreeRTOS/Source/timers.c **** 
ARM GAS  /tmp/ccjHUbN4.s 			page 11


 543:Middlewares/Third_Party/FreeRTOS/Source/timers.c ****         /* If xTimerGetTimerDaemonTaskHandle() is called before the scheduler has been
 544:Middlewares/Third_Party/FreeRTOS/Source/timers.c ****          * started, then xTimerTaskHandle will be NULL. */
 545:Middlewares/Third_Party/FreeRTOS/Source/timers.c ****         configASSERT( ( xTimerTaskHandle != NULL ) );
 546:Middlewares/Third_Party/FreeRTOS/Source/timers.c **** 
 547:Middlewares/Third_Party/FreeRTOS/Source/timers.c ****         traceRETURN_xTimerGetTimerDaemonTaskHandle( xTimerTaskHandle );
 548:Middlewares/Third_Party/FreeRTOS/Source/timers.c **** 
 549:Middlewares/Third_Party/FreeRTOS/Source/timers.c ****         return xTimerTaskHandle;
 550:Middlewares/Third_Party/FreeRTOS/Source/timers.c ****     }
 551:Middlewares/Third_Party/FreeRTOS/Source/timers.c **** /*-----------------------------------------------------------*/
 552:Middlewares/Third_Party/FreeRTOS/Source/timers.c **** 
 553:Middlewares/Third_Party/FreeRTOS/Source/timers.c ****     TickType_t xTimerGetPeriod( TimerHandle_t xTimer )
 554:Middlewares/Third_Party/FreeRTOS/Source/timers.c ****     {
 555:Middlewares/Third_Party/FreeRTOS/Source/timers.c ****         Timer_t * pxTimer = xTimer;
 556:Middlewares/Third_Party/FreeRTOS/Source/timers.c **** 
 557:Middlewares/Third_Party/FreeRTOS/Source/timers.c ****         traceENTER_xTimerGetPeriod( xTimer );
 558:Middlewares/Third_Party/FreeRTOS/Source/timers.c **** 
 559:Middlewares/Third_Party/FreeRTOS/Source/timers.c ****         configASSERT( xTimer );
 560:Middlewares/Third_Party/FreeRTOS/Source/timers.c **** 
 561:Middlewares/Third_Party/FreeRTOS/Source/timers.c ****         traceRETURN_xTimerGetPeriod( pxTimer->xTimerPeriodInTicks );
 562:Middlewares/Third_Party/FreeRTOS/Source/timers.c **** 
 563:Middlewares/Third_Party/FreeRTOS/Source/timers.c ****         return pxTimer->xTimerPeriodInTicks;
 564:Middlewares/Third_Party/FreeRTOS/Source/timers.c ****     }
 565:Middlewares/Third_Party/FreeRTOS/Source/timers.c **** /*-----------------------------------------------------------*/
 566:Middlewares/Third_Party/FreeRTOS/Source/timers.c **** 
 567:Middlewares/Third_Party/FreeRTOS/Source/timers.c ****     void vTimerSetReloadMode( TimerHandle_t xTimer,
 568:Middlewares/Third_Party/FreeRTOS/Source/timers.c ****                               const BaseType_t xAutoReload )
 569:Middlewares/Third_Party/FreeRTOS/Source/timers.c ****     {
 570:Middlewares/Third_Party/FreeRTOS/Source/timers.c ****         Timer_t * pxTimer = xTimer;
 571:Middlewares/Third_Party/FreeRTOS/Source/timers.c **** 
 572:Middlewares/Third_Party/FreeRTOS/Source/timers.c ****         traceENTER_vTimerSetReloadMode( xTimer, xAutoReload );
 573:Middlewares/Third_Party/FreeRTOS/Source/timers.c **** 
 574:Middlewares/Third_Party/FreeRTOS/Source/timers.c ****         configASSERT( xTimer );
 575:Middlewares/Third_Party/FreeRTOS/Source/timers.c ****         taskENTER_CRITICAL();
 576:Middlewares/Third_Party/FreeRTOS/Source/timers.c ****         {
 577:Middlewares/Third_Party/FreeRTOS/Source/timers.c ****             if( xAutoReload != pdFALSE )
 578:Middlewares/Third_Party/FreeRTOS/Source/timers.c ****             {
 579:Middlewares/Third_Party/FreeRTOS/Source/timers.c ****                 pxTimer->ucStatus |= ( uint8_t ) tmrSTATUS_IS_AUTORELOAD;
 580:Middlewares/Third_Party/FreeRTOS/Source/timers.c ****             }
 581:Middlewares/Third_Party/FreeRTOS/Source/timers.c ****             else
 582:Middlewares/Third_Party/FreeRTOS/Source/timers.c ****             {
 583:Middlewares/Third_Party/FreeRTOS/Source/timers.c ****                 pxTimer->ucStatus &= ( ( uint8_t ) ~tmrSTATUS_IS_AUTORELOAD );
 584:Middlewares/Third_Party/FreeRTOS/Source/timers.c ****             }
 585:Middlewares/Third_Party/FreeRTOS/Source/timers.c ****         }
 586:Middlewares/Third_Party/FreeRTOS/Source/timers.c ****         taskEXIT_CRITICAL();
 587:Middlewares/Third_Party/FreeRTOS/Source/timers.c **** 
 588:Middlewares/Third_Party/FreeRTOS/Source/timers.c ****         traceRETURN_vTimerSetReloadMode();
 589:Middlewares/Third_Party/FreeRTOS/Source/timers.c ****     }
 590:Middlewares/Third_Party/FreeRTOS/Source/timers.c **** /*-----------------------------------------------------------*/
 591:Middlewares/Third_Party/FreeRTOS/Source/timers.c **** 
 592:Middlewares/Third_Party/FreeRTOS/Source/timers.c ****     BaseType_t xTimerGetReloadMode( TimerHandle_t xTimer )
 593:Middlewares/Third_Party/FreeRTOS/Source/timers.c ****     {
 594:Middlewares/Third_Party/FreeRTOS/Source/timers.c ****         Timer_t * pxTimer = xTimer;
 595:Middlewares/Third_Party/FreeRTOS/Source/timers.c ****         BaseType_t xReturn;
 596:Middlewares/Third_Party/FreeRTOS/Source/timers.c **** 
 597:Middlewares/Third_Party/FreeRTOS/Source/timers.c ****         traceENTER_xTimerGetReloadMode( xTimer );
 598:Middlewares/Third_Party/FreeRTOS/Source/timers.c **** 
 599:Middlewares/Third_Party/FreeRTOS/Source/timers.c ****         configASSERT( xTimer );
ARM GAS  /tmp/ccjHUbN4.s 			page 12


 600:Middlewares/Third_Party/FreeRTOS/Source/timers.c ****         portBASE_TYPE_ENTER_CRITICAL();
 601:Middlewares/Third_Party/FreeRTOS/Source/timers.c ****         {
 602:Middlewares/Third_Party/FreeRTOS/Source/timers.c ****             if( ( pxTimer->ucStatus & tmrSTATUS_IS_AUTORELOAD ) == 0U )
 603:Middlewares/Third_Party/FreeRTOS/Source/timers.c ****             {
 604:Middlewares/Third_Party/FreeRTOS/Source/timers.c ****                 /* Not an auto-reload timer. */
 605:Middlewares/Third_Party/FreeRTOS/Source/timers.c ****                 xReturn = pdFALSE;
 606:Middlewares/Third_Party/FreeRTOS/Source/timers.c ****             }
 607:Middlewares/Third_Party/FreeRTOS/Source/timers.c ****             else
 608:Middlewares/Third_Party/FreeRTOS/Source/timers.c ****             {
 609:Middlewares/Third_Party/FreeRTOS/Source/timers.c ****                 /* Is an auto-reload timer. */
 610:Middlewares/Third_Party/FreeRTOS/Source/timers.c ****                 xReturn = pdTRUE;
 611:Middlewares/Third_Party/FreeRTOS/Source/timers.c ****             }
 612:Middlewares/Third_Party/FreeRTOS/Source/timers.c ****         }
 613:Middlewares/Third_Party/FreeRTOS/Source/timers.c ****         portBASE_TYPE_EXIT_CRITICAL();
 614:Middlewares/Third_Party/FreeRTOS/Source/timers.c **** 
 615:Middlewares/Third_Party/FreeRTOS/Source/timers.c ****         traceRETURN_xTimerGetReloadMode( xReturn );
 616:Middlewares/Third_Party/FreeRTOS/Source/timers.c **** 
 617:Middlewares/Third_Party/FreeRTOS/Source/timers.c ****         return xReturn;
 618:Middlewares/Third_Party/FreeRTOS/Source/timers.c ****     }
 619:Middlewares/Third_Party/FreeRTOS/Source/timers.c **** 
 620:Middlewares/Third_Party/FreeRTOS/Source/timers.c ****     UBaseType_t uxTimerGetReloadMode( TimerHandle_t xTimer )
 621:Middlewares/Third_Party/FreeRTOS/Source/timers.c ****     {
 622:Middlewares/Third_Party/FreeRTOS/Source/timers.c ****         UBaseType_t uxReturn;
 623:Middlewares/Third_Party/FreeRTOS/Source/timers.c **** 
 624:Middlewares/Third_Party/FreeRTOS/Source/timers.c ****         traceENTER_uxTimerGetReloadMode( xTimer );
 625:Middlewares/Third_Party/FreeRTOS/Source/timers.c **** 
 626:Middlewares/Third_Party/FreeRTOS/Source/timers.c ****         uxReturn = ( UBaseType_t ) xTimerGetReloadMode( xTimer );
 627:Middlewares/Third_Party/FreeRTOS/Source/timers.c **** 
 628:Middlewares/Third_Party/FreeRTOS/Source/timers.c ****         traceRETURN_uxTimerGetReloadMode( uxReturn );
 629:Middlewares/Third_Party/FreeRTOS/Source/timers.c **** 
 630:Middlewares/Third_Party/FreeRTOS/Source/timers.c ****         return uxReturn;
 631:Middlewares/Third_Party/FreeRTOS/Source/timers.c ****     }
 632:Middlewares/Third_Party/FreeRTOS/Source/timers.c **** /*-----------------------------------------------------------*/
 633:Middlewares/Third_Party/FreeRTOS/Source/timers.c **** 
 634:Middlewares/Third_Party/FreeRTOS/Source/timers.c ****     TickType_t xTimerGetExpiryTime( TimerHandle_t xTimer )
 635:Middlewares/Third_Party/FreeRTOS/Source/timers.c ****     {
 636:Middlewares/Third_Party/FreeRTOS/Source/timers.c ****         Timer_t * pxTimer = xTimer;
 637:Middlewares/Third_Party/FreeRTOS/Source/timers.c ****         TickType_t xReturn;
 638:Middlewares/Third_Party/FreeRTOS/Source/timers.c **** 
 639:Middlewares/Third_Party/FreeRTOS/Source/timers.c ****         traceENTER_xTimerGetExpiryTime( xTimer );
 640:Middlewares/Third_Party/FreeRTOS/Source/timers.c **** 
 641:Middlewares/Third_Party/FreeRTOS/Source/timers.c ****         configASSERT( xTimer );
 642:Middlewares/Third_Party/FreeRTOS/Source/timers.c ****         xReturn = listGET_LIST_ITEM_VALUE( &( pxTimer->xTimerListItem ) );
 643:Middlewares/Third_Party/FreeRTOS/Source/timers.c **** 
 644:Middlewares/Third_Party/FreeRTOS/Source/timers.c ****         traceRETURN_xTimerGetExpiryTime( xReturn );
 645:Middlewares/Third_Party/FreeRTOS/Source/timers.c **** 
 646:Middlewares/Third_Party/FreeRTOS/Source/timers.c ****         return xReturn;
 647:Middlewares/Third_Party/FreeRTOS/Source/timers.c ****     }
 648:Middlewares/Third_Party/FreeRTOS/Source/timers.c **** /*-----------------------------------------------------------*/
 649:Middlewares/Third_Party/FreeRTOS/Source/timers.c **** 
 650:Middlewares/Third_Party/FreeRTOS/Source/timers.c ****     #if ( configSUPPORT_STATIC_ALLOCATION == 1 )
 651:Middlewares/Third_Party/FreeRTOS/Source/timers.c ****         BaseType_t xTimerGetStaticBuffer( TimerHandle_t xTimer,
 652:Middlewares/Third_Party/FreeRTOS/Source/timers.c ****                                           StaticTimer_t ** ppxTimerBuffer )
 653:Middlewares/Third_Party/FreeRTOS/Source/timers.c ****         {
 654:Middlewares/Third_Party/FreeRTOS/Source/timers.c ****             BaseType_t xReturn;
 655:Middlewares/Third_Party/FreeRTOS/Source/timers.c ****             Timer_t * pxTimer = xTimer;
 656:Middlewares/Third_Party/FreeRTOS/Source/timers.c **** 
ARM GAS  /tmp/ccjHUbN4.s 			page 13


 657:Middlewares/Third_Party/FreeRTOS/Source/timers.c ****             traceENTER_xTimerGetStaticBuffer( xTimer, ppxTimerBuffer );
 658:Middlewares/Third_Party/FreeRTOS/Source/timers.c **** 
 659:Middlewares/Third_Party/FreeRTOS/Source/timers.c ****             configASSERT( ppxTimerBuffer != NULL );
 660:Middlewares/Third_Party/FreeRTOS/Source/timers.c **** 
 661:Middlewares/Third_Party/FreeRTOS/Source/timers.c ****             if( ( pxTimer->ucStatus & tmrSTATUS_IS_STATICALLY_ALLOCATED ) != 0U )
 662:Middlewares/Third_Party/FreeRTOS/Source/timers.c ****             {
 663:Middlewares/Third_Party/FreeRTOS/Source/timers.c ****                 /* MISRA Ref 11.3.1 [Misaligned access] */
 664:Middlewares/Third_Party/FreeRTOS/Source/timers.c ****                 /* More details at: https://github.com/FreeRTOS/FreeRTOS-Kernel/blob/main/MISRA.md#
 665:Middlewares/Third_Party/FreeRTOS/Source/timers.c ****                 /* coverity[misra_c_2012_rule_11_3_violation] */
 666:Middlewares/Third_Party/FreeRTOS/Source/timers.c ****                 *ppxTimerBuffer = ( StaticTimer_t * ) pxTimer;
 667:Middlewares/Third_Party/FreeRTOS/Source/timers.c ****                 xReturn = pdTRUE;
 668:Middlewares/Third_Party/FreeRTOS/Source/timers.c ****             }
 669:Middlewares/Third_Party/FreeRTOS/Source/timers.c ****             else
 670:Middlewares/Third_Party/FreeRTOS/Source/timers.c ****             {
 671:Middlewares/Third_Party/FreeRTOS/Source/timers.c ****                 xReturn = pdFALSE;
 672:Middlewares/Third_Party/FreeRTOS/Source/timers.c ****             }
 673:Middlewares/Third_Party/FreeRTOS/Source/timers.c **** 
 674:Middlewares/Third_Party/FreeRTOS/Source/timers.c ****             traceRETURN_xTimerGetStaticBuffer( xReturn );
 675:Middlewares/Third_Party/FreeRTOS/Source/timers.c **** 
 676:Middlewares/Third_Party/FreeRTOS/Source/timers.c ****             return xReturn;
 677:Middlewares/Third_Party/FreeRTOS/Source/timers.c ****         }
 678:Middlewares/Third_Party/FreeRTOS/Source/timers.c ****     #endif /* configSUPPORT_STATIC_ALLOCATION */
 679:Middlewares/Third_Party/FreeRTOS/Source/timers.c **** /*-----------------------------------------------------------*/
 680:Middlewares/Third_Party/FreeRTOS/Source/timers.c **** 
 681:Middlewares/Third_Party/FreeRTOS/Source/timers.c ****     const char * pcTimerGetName( TimerHandle_t xTimer )
 682:Middlewares/Third_Party/FreeRTOS/Source/timers.c ****     {
 683:Middlewares/Third_Party/FreeRTOS/Source/timers.c ****         Timer_t * pxTimer = xTimer;
 684:Middlewares/Third_Party/FreeRTOS/Source/timers.c **** 
 685:Middlewares/Third_Party/FreeRTOS/Source/timers.c ****         traceENTER_pcTimerGetName( xTimer );
 686:Middlewares/Third_Party/FreeRTOS/Source/timers.c **** 
 687:Middlewares/Third_Party/FreeRTOS/Source/timers.c ****         configASSERT( xTimer );
 688:Middlewares/Third_Party/FreeRTOS/Source/timers.c **** 
 689:Middlewares/Third_Party/FreeRTOS/Source/timers.c ****         traceRETURN_pcTimerGetName( pxTimer->pcTimerName );
 690:Middlewares/Third_Party/FreeRTOS/Source/timers.c **** 
 691:Middlewares/Third_Party/FreeRTOS/Source/timers.c ****         return pxTimer->pcTimerName;
 692:Middlewares/Third_Party/FreeRTOS/Source/timers.c ****     }
 693:Middlewares/Third_Party/FreeRTOS/Source/timers.c **** /*-----------------------------------------------------------*/
 694:Middlewares/Third_Party/FreeRTOS/Source/timers.c **** 
 695:Middlewares/Third_Party/FreeRTOS/Source/timers.c ****     static void prvReloadTimer( Timer_t * const pxTimer,
 696:Middlewares/Third_Party/FreeRTOS/Source/timers.c ****                                 TickType_t xExpiredTime,
 697:Middlewares/Third_Party/FreeRTOS/Source/timers.c ****                                 const TickType_t xTimeNow )
 698:Middlewares/Third_Party/FreeRTOS/Source/timers.c ****     {
 699:Middlewares/Third_Party/FreeRTOS/Source/timers.c ****         /* Insert the timer into the appropriate list for the next expiry time.
 700:Middlewares/Third_Party/FreeRTOS/Source/timers.c ****          * If the next expiry time has already passed, advance the expiry time,
 701:Middlewares/Third_Party/FreeRTOS/Source/timers.c ****          * call the callback function, and try again. */
 702:Middlewares/Third_Party/FreeRTOS/Source/timers.c ****         while( prvInsertTimerInActiveList( pxTimer, ( xExpiredTime + pxTimer->xTimerPeriodInTicks )
 703:Middlewares/Third_Party/FreeRTOS/Source/timers.c ****         {
 704:Middlewares/Third_Party/FreeRTOS/Source/timers.c ****             /* Advance the expiry time. */
 705:Middlewares/Third_Party/FreeRTOS/Source/timers.c ****             xExpiredTime += pxTimer->xTimerPeriodInTicks;
 706:Middlewares/Third_Party/FreeRTOS/Source/timers.c **** 
 707:Middlewares/Third_Party/FreeRTOS/Source/timers.c ****             /* Call the timer callback. */
 708:Middlewares/Third_Party/FreeRTOS/Source/timers.c ****             traceTIMER_EXPIRED( pxTimer );
 709:Middlewares/Third_Party/FreeRTOS/Source/timers.c ****             pxTimer->pxCallbackFunction( ( TimerHandle_t ) pxTimer );
 710:Middlewares/Third_Party/FreeRTOS/Source/timers.c ****         }
 711:Middlewares/Third_Party/FreeRTOS/Source/timers.c ****     }
 712:Middlewares/Third_Party/FreeRTOS/Source/timers.c **** /*-----------------------------------------------------------*/
 713:Middlewares/Third_Party/FreeRTOS/Source/timers.c **** 
ARM GAS  /tmp/ccjHUbN4.s 			page 14


 714:Middlewares/Third_Party/FreeRTOS/Source/timers.c ****     static void prvProcessExpiredTimer( const TickType_t xNextExpireTime,
 715:Middlewares/Third_Party/FreeRTOS/Source/timers.c ****                                         const TickType_t xTimeNow )
 716:Middlewares/Third_Party/FreeRTOS/Source/timers.c ****     {
 717:Middlewares/Third_Party/FreeRTOS/Source/timers.c ****         /* MISRA Ref 11.5.3 [Void pointer assignment] */
 718:Middlewares/Third_Party/FreeRTOS/Source/timers.c ****         /* More details at: https://github.com/FreeRTOS/FreeRTOS-Kernel/blob/main/MISRA.md#rule-115
 719:Middlewares/Third_Party/FreeRTOS/Source/timers.c ****         /* coverity[misra_c_2012_rule_11_5_violation] */
 720:Middlewares/Third_Party/FreeRTOS/Source/timers.c ****         Timer_t * const pxTimer = ( Timer_t * ) listGET_OWNER_OF_HEAD_ENTRY( pxCurrentTimerList );
 721:Middlewares/Third_Party/FreeRTOS/Source/timers.c **** 
 722:Middlewares/Third_Party/FreeRTOS/Source/timers.c ****         /* Remove the timer from the list of active timers.  A check has already
 723:Middlewares/Third_Party/FreeRTOS/Source/timers.c ****          * been performed to ensure the list is not empty. */
 724:Middlewares/Third_Party/FreeRTOS/Source/timers.c **** 
 725:Middlewares/Third_Party/FreeRTOS/Source/timers.c ****         ( void ) uxListRemove( &( pxTimer->xTimerListItem ) );
 726:Middlewares/Third_Party/FreeRTOS/Source/timers.c **** 
 727:Middlewares/Third_Party/FreeRTOS/Source/timers.c ****         /* If the timer is an auto-reload timer then calculate the next
 728:Middlewares/Third_Party/FreeRTOS/Source/timers.c ****          * expiry time and re-insert the timer in the list of active timers. */
 729:Middlewares/Third_Party/FreeRTOS/Source/timers.c ****         if( ( pxTimer->ucStatus & tmrSTATUS_IS_AUTORELOAD ) != 0U )
 730:Middlewares/Third_Party/FreeRTOS/Source/timers.c ****         {
 731:Middlewares/Third_Party/FreeRTOS/Source/timers.c ****             prvReloadTimer( pxTimer, xNextExpireTime, xTimeNow );
 732:Middlewares/Third_Party/FreeRTOS/Source/timers.c ****         }
 733:Middlewares/Third_Party/FreeRTOS/Source/timers.c ****         else
 734:Middlewares/Third_Party/FreeRTOS/Source/timers.c ****         {
 735:Middlewares/Third_Party/FreeRTOS/Source/timers.c ****             pxTimer->ucStatus &= ( ( uint8_t ) ~tmrSTATUS_IS_ACTIVE );
 736:Middlewares/Third_Party/FreeRTOS/Source/timers.c ****         }
 737:Middlewares/Third_Party/FreeRTOS/Source/timers.c **** 
 738:Middlewares/Third_Party/FreeRTOS/Source/timers.c ****         /* Call the timer callback. */
 739:Middlewares/Third_Party/FreeRTOS/Source/timers.c ****         traceTIMER_EXPIRED( pxTimer );
 740:Middlewares/Third_Party/FreeRTOS/Source/timers.c ****         pxTimer->pxCallbackFunction( ( TimerHandle_t ) pxTimer );
 741:Middlewares/Third_Party/FreeRTOS/Source/timers.c ****     }
 742:Middlewares/Third_Party/FreeRTOS/Source/timers.c **** /*-----------------------------------------------------------*/
 743:Middlewares/Third_Party/FreeRTOS/Source/timers.c **** 
 744:Middlewares/Third_Party/FreeRTOS/Source/timers.c ****     static portTASK_FUNCTION( prvTimerTask, pvParameters )
 745:Middlewares/Third_Party/FreeRTOS/Source/timers.c ****     {
 746:Middlewares/Third_Party/FreeRTOS/Source/timers.c ****         TickType_t xNextExpireTime;
 747:Middlewares/Third_Party/FreeRTOS/Source/timers.c ****         BaseType_t xListWasEmpty;
 748:Middlewares/Third_Party/FreeRTOS/Source/timers.c **** 
 749:Middlewares/Third_Party/FreeRTOS/Source/timers.c ****         /* Just to avoid compiler warnings. */
 750:Middlewares/Third_Party/FreeRTOS/Source/timers.c ****         ( void ) pvParameters;
 751:Middlewares/Third_Party/FreeRTOS/Source/timers.c **** 
 752:Middlewares/Third_Party/FreeRTOS/Source/timers.c ****         #if ( configUSE_DAEMON_TASK_STARTUP_HOOK == 1 )
 753:Middlewares/Third_Party/FreeRTOS/Source/timers.c ****         {
 754:Middlewares/Third_Party/FreeRTOS/Source/timers.c ****             /* Allow the application writer to execute some code in the context of
 755:Middlewares/Third_Party/FreeRTOS/Source/timers.c ****              * this task at the point the task starts executing.  This is useful if the
 756:Middlewares/Third_Party/FreeRTOS/Source/timers.c ****              * application includes initialisation code that would benefit from
 757:Middlewares/Third_Party/FreeRTOS/Source/timers.c ****              * executing after the scheduler has been started. */
 758:Middlewares/Third_Party/FreeRTOS/Source/timers.c ****             vApplicationDaemonTaskStartupHook();
 759:Middlewares/Third_Party/FreeRTOS/Source/timers.c ****         }
 760:Middlewares/Third_Party/FreeRTOS/Source/timers.c ****         #endif /* configUSE_DAEMON_TASK_STARTUP_HOOK */
 761:Middlewares/Third_Party/FreeRTOS/Source/timers.c **** 
 762:Middlewares/Third_Party/FreeRTOS/Source/timers.c ****         for( ; configCONTROL_INFINITE_LOOP(); )
 763:Middlewares/Third_Party/FreeRTOS/Source/timers.c ****         {
 764:Middlewares/Third_Party/FreeRTOS/Source/timers.c ****             /* Query the timers list to see if it contains any timers, and if so,
 765:Middlewares/Third_Party/FreeRTOS/Source/timers.c ****              * obtain the time at which the next timer will expire. */
 766:Middlewares/Third_Party/FreeRTOS/Source/timers.c ****             xNextExpireTime = prvGetNextExpireTime( &xListWasEmpty );
 767:Middlewares/Third_Party/FreeRTOS/Source/timers.c **** 
 768:Middlewares/Third_Party/FreeRTOS/Source/timers.c ****             /* If a timer has expired, process it.  Otherwise, block this task
 769:Middlewares/Third_Party/FreeRTOS/Source/timers.c ****              * until either a timer does expire, or a command is received. */
 770:Middlewares/Third_Party/FreeRTOS/Source/timers.c ****             prvProcessTimerOrBlockTask( xNextExpireTime, xListWasEmpty );
ARM GAS  /tmp/ccjHUbN4.s 			page 15


 771:Middlewares/Third_Party/FreeRTOS/Source/timers.c **** 
 772:Middlewares/Third_Party/FreeRTOS/Source/timers.c ****             /* Empty the command queue. */
 773:Middlewares/Third_Party/FreeRTOS/Source/timers.c ****             prvProcessReceivedCommands();
 774:Middlewares/Third_Party/FreeRTOS/Source/timers.c ****         }
 775:Middlewares/Third_Party/FreeRTOS/Source/timers.c ****     }
 776:Middlewares/Third_Party/FreeRTOS/Source/timers.c **** /*-----------------------------------------------------------*/
 777:Middlewares/Third_Party/FreeRTOS/Source/timers.c **** 
 778:Middlewares/Third_Party/FreeRTOS/Source/timers.c ****     static void prvProcessTimerOrBlockTask( const TickType_t xNextExpireTime,
 779:Middlewares/Third_Party/FreeRTOS/Source/timers.c ****                                             BaseType_t xListWasEmpty )
 780:Middlewares/Third_Party/FreeRTOS/Source/timers.c ****     {
 781:Middlewares/Third_Party/FreeRTOS/Source/timers.c ****         TickType_t xTimeNow;
 782:Middlewares/Third_Party/FreeRTOS/Source/timers.c ****         BaseType_t xTimerListsWereSwitched;
 783:Middlewares/Third_Party/FreeRTOS/Source/timers.c **** 
 784:Middlewares/Third_Party/FreeRTOS/Source/timers.c ****         vTaskSuspendAll();
 785:Middlewares/Third_Party/FreeRTOS/Source/timers.c ****         {
 786:Middlewares/Third_Party/FreeRTOS/Source/timers.c ****             /* Obtain the time now to make an assessment as to whether the timer
 787:Middlewares/Third_Party/FreeRTOS/Source/timers.c ****              * has expired or not.  If obtaining the time causes the lists to switch
 788:Middlewares/Third_Party/FreeRTOS/Source/timers.c ****              * then don't process this timer as any timers that remained in the list
 789:Middlewares/Third_Party/FreeRTOS/Source/timers.c ****              * when the lists were switched will have been processed within the
 790:Middlewares/Third_Party/FreeRTOS/Source/timers.c ****              * prvSampleTimeNow() function. */
 791:Middlewares/Third_Party/FreeRTOS/Source/timers.c ****             xTimeNow = prvSampleTimeNow( &xTimerListsWereSwitched );
 792:Middlewares/Third_Party/FreeRTOS/Source/timers.c **** 
 793:Middlewares/Third_Party/FreeRTOS/Source/timers.c ****             if( xTimerListsWereSwitched == pdFALSE )
 794:Middlewares/Third_Party/FreeRTOS/Source/timers.c ****             {
 795:Middlewares/Third_Party/FreeRTOS/Source/timers.c ****                 /* The tick count has not overflowed, has the timer expired? */
 796:Middlewares/Third_Party/FreeRTOS/Source/timers.c ****                 if( ( xListWasEmpty == pdFALSE ) && ( xNextExpireTime <= xTimeNow ) )
 797:Middlewares/Third_Party/FreeRTOS/Source/timers.c ****                 {
 798:Middlewares/Third_Party/FreeRTOS/Source/timers.c ****                     ( void ) xTaskResumeAll();
 799:Middlewares/Third_Party/FreeRTOS/Source/timers.c ****                     prvProcessExpiredTimer( xNextExpireTime, xTimeNow );
 800:Middlewares/Third_Party/FreeRTOS/Source/timers.c ****                 }
 801:Middlewares/Third_Party/FreeRTOS/Source/timers.c ****                 else
 802:Middlewares/Third_Party/FreeRTOS/Source/timers.c ****                 {
 803:Middlewares/Third_Party/FreeRTOS/Source/timers.c ****                     /* The tick count has not overflowed, and the next expire
 804:Middlewares/Third_Party/FreeRTOS/Source/timers.c ****                      * time has not been reached yet.  This task should therefore
 805:Middlewares/Third_Party/FreeRTOS/Source/timers.c ****                      * block to wait for the next expire time or a command to be
 806:Middlewares/Third_Party/FreeRTOS/Source/timers.c ****                      * received - whichever comes first.  The following line cannot
 807:Middlewares/Third_Party/FreeRTOS/Source/timers.c ****                      * be reached unless xNextExpireTime > xTimeNow, except in the
 808:Middlewares/Third_Party/FreeRTOS/Source/timers.c ****                      * case when the current timer list is empty. */
 809:Middlewares/Third_Party/FreeRTOS/Source/timers.c ****                     if( xListWasEmpty != pdFALSE )
 810:Middlewares/Third_Party/FreeRTOS/Source/timers.c ****                     {
 811:Middlewares/Third_Party/FreeRTOS/Source/timers.c ****                         /* The current timer list is empty - is the overflow list
 812:Middlewares/Third_Party/FreeRTOS/Source/timers.c ****                          * also empty? */
 813:Middlewares/Third_Party/FreeRTOS/Source/timers.c ****                         xListWasEmpty = listLIST_IS_EMPTY( pxOverflowTimerList );
 814:Middlewares/Third_Party/FreeRTOS/Source/timers.c ****                     }
 815:Middlewares/Third_Party/FreeRTOS/Source/timers.c **** 
 816:Middlewares/Third_Party/FreeRTOS/Source/timers.c ****                     vQueueWaitForMessageRestricted( xTimerQueue, ( xNextExpireTime - xTimeNow ), xL
 817:Middlewares/Third_Party/FreeRTOS/Source/timers.c **** 
 818:Middlewares/Third_Party/FreeRTOS/Source/timers.c ****                     if( xTaskResumeAll() == pdFALSE )
 819:Middlewares/Third_Party/FreeRTOS/Source/timers.c ****                     {
 820:Middlewares/Third_Party/FreeRTOS/Source/timers.c ****                         /* Yield to wait for either a command to arrive, or the
 821:Middlewares/Third_Party/FreeRTOS/Source/timers.c ****                          * block time to expire.  If a command arrived between the
 822:Middlewares/Third_Party/FreeRTOS/Source/timers.c ****                          * critical section being exited and this yield then the yield
 823:Middlewares/Third_Party/FreeRTOS/Source/timers.c ****                          * will not cause the task to block. */
 824:Middlewares/Third_Party/FreeRTOS/Source/timers.c ****                         taskYIELD_WITHIN_API();
 825:Middlewares/Third_Party/FreeRTOS/Source/timers.c ****                     }
 826:Middlewares/Third_Party/FreeRTOS/Source/timers.c ****                     else
 827:Middlewares/Third_Party/FreeRTOS/Source/timers.c ****                     {
ARM GAS  /tmp/ccjHUbN4.s 			page 16


 828:Middlewares/Third_Party/FreeRTOS/Source/timers.c ****                         mtCOVERAGE_TEST_MARKER();
 829:Middlewares/Third_Party/FreeRTOS/Source/timers.c ****                     }
 830:Middlewares/Third_Party/FreeRTOS/Source/timers.c ****                 }
 831:Middlewares/Third_Party/FreeRTOS/Source/timers.c ****             }
 832:Middlewares/Third_Party/FreeRTOS/Source/timers.c ****             else
 833:Middlewares/Third_Party/FreeRTOS/Source/timers.c ****             {
 834:Middlewares/Third_Party/FreeRTOS/Source/timers.c ****                 ( void ) xTaskResumeAll();
 835:Middlewares/Third_Party/FreeRTOS/Source/timers.c ****             }
 836:Middlewares/Third_Party/FreeRTOS/Source/timers.c ****         }
 837:Middlewares/Third_Party/FreeRTOS/Source/timers.c ****     }
 838:Middlewares/Third_Party/FreeRTOS/Source/timers.c **** /*-----------------------------------------------------------*/
 839:Middlewares/Third_Party/FreeRTOS/Source/timers.c **** 
 840:Middlewares/Third_Party/FreeRTOS/Source/timers.c ****     static TickType_t prvGetNextExpireTime( BaseType_t * const pxListWasEmpty )
 841:Middlewares/Third_Party/FreeRTOS/Source/timers.c ****     {
  30              		.loc 1 841 5 view -0
  31              		.cfi_startproc
  32              		@ args = 0, pretend = 0, frame = 0
  33              		@ frame_needed = 0, uses_anonymous_args = 0
  34              		@ link register save eliminated.
 842:Middlewares/Third_Party/FreeRTOS/Source/timers.c ****         TickType_t xNextExpireTime;
  35              		.loc 1 842 9 view .LVU1
 843:Middlewares/Third_Party/FreeRTOS/Source/timers.c **** 
 844:Middlewares/Third_Party/FreeRTOS/Source/timers.c ****         /* Timers are listed in expiry time order, with the head of the list
 845:Middlewares/Third_Party/FreeRTOS/Source/timers.c ****          * referencing the task that will expire first.  Obtain the time at which
 846:Middlewares/Third_Party/FreeRTOS/Source/timers.c ****          * the timer with the nearest expiry time will expire.  If there are no
 847:Middlewares/Third_Party/FreeRTOS/Source/timers.c ****          * active timers then just set the next expire time to 0.  That will cause
 848:Middlewares/Third_Party/FreeRTOS/Source/timers.c ****          * this task to unblock when the tick count overflows, at which point the
 849:Middlewares/Third_Party/FreeRTOS/Source/timers.c ****          * timer lists will be switched and the next expiry time can be
 850:Middlewares/Third_Party/FreeRTOS/Source/timers.c ****          * re-assessed.  */
 851:Middlewares/Third_Party/FreeRTOS/Source/timers.c ****         *pxListWasEmpty = listLIST_IS_EMPTY( pxCurrentTimerList );
  36              		.loc 1 851 9 view .LVU2
  37              		.loc 1 851 27 is_stmt 0 view .LVU3
  38 0000 064B     		ldr	r3, .L6
  39 0002 1A68     		ldr	r2, [r3]
  40 0004 1368     		ldr	r3, [r2]
  41 0006 2BB9     		cbnz	r3, .L4
  42              		.loc 1 851 27 discriminator 1 view .LVU4
  43 0008 0123     		movs	r3, #1
  44              	.L2:
  45              		.loc 1 851 25 discriminator 4 view .LVU5
  46 000a 0360     		str	r3, [r0]
 852:Middlewares/Third_Party/FreeRTOS/Source/timers.c **** 
 853:Middlewares/Third_Party/FreeRTOS/Source/timers.c ****         if( *pxListWasEmpty == pdFALSE )
  47              		.loc 1 853 9 is_stmt 1 view .LVU6
  48              		.loc 1 853 11 is_stmt 0 view .LVU7
  49 000c 23B9     		cbnz	r3, .L5
 854:Middlewares/Third_Party/FreeRTOS/Source/timers.c ****         {
 855:Middlewares/Third_Party/FreeRTOS/Source/timers.c ****             xNextExpireTime = listGET_ITEM_VALUE_OF_HEAD_ENTRY( pxCurrentTimerList );
  50              		.loc 1 855 13 is_stmt 1 view .LVU8
  51              		.loc 1 855 31 is_stmt 0 view .LVU9
  52 000e D368     		ldr	r3, [r2, #12]
  53              		.loc 1 855 29 view .LVU10
  54 0010 1868     		ldr	r0, [r3]
  55              	.LVL1:
  56              		.loc 1 855 29 view .LVU11
  57 0012 7047     		bx	lr
  58              	.LVL2:
ARM GAS  /tmp/ccjHUbN4.s 			page 17


  59              	.L4:
 851:Middlewares/Third_Party/FreeRTOS/Source/timers.c **** 
  60              		.loc 1 851 27 discriminator 2 view .LVU12
  61 0014 0023     		movs	r3, #0
  62 0016 F8E7     		b	.L2
  63              	.L5:
 856:Middlewares/Third_Party/FreeRTOS/Source/timers.c ****         }
 857:Middlewares/Third_Party/FreeRTOS/Source/timers.c ****         else
 858:Middlewares/Third_Party/FreeRTOS/Source/timers.c ****         {
 859:Middlewares/Third_Party/FreeRTOS/Source/timers.c ****             /* Ensure the task unblocks when the tick count rolls over. */
 860:Middlewares/Third_Party/FreeRTOS/Source/timers.c ****             xNextExpireTime = ( TickType_t ) 0U;
  64              		.loc 1 860 29 view .LVU13
  65 0018 0020     		movs	r0, #0
  66              	.LVL3:
 861:Middlewares/Third_Party/FreeRTOS/Source/timers.c ****         }
 862:Middlewares/Third_Party/FreeRTOS/Source/timers.c **** 
 863:Middlewares/Third_Party/FreeRTOS/Source/timers.c ****         return xNextExpireTime;
  67              		.loc 1 863 9 is_stmt 1 view .LVU14
 864:Middlewares/Third_Party/FreeRTOS/Source/timers.c ****     }
  68              		.loc 1 864 5 is_stmt 0 view .LVU15
  69 001a 7047     		bx	lr
  70              	.L7:
  71              		.align	2
  72              	.L6:
  73 001c 00000000 		.word	pxCurrentTimerList
  74              		.cfi_endproc
  75              	.LFE18:
  77              		.section	.text.prvInsertTimerInActiveList,"ax",%progbits
  78              		.align	1
  79              		.syntax unified
  80              		.thumb
  81              		.thumb_func
  83              	prvInsertTimerInActiveList:
  84              	.LVL4:
  85              	.LFB20:
 865:Middlewares/Third_Party/FreeRTOS/Source/timers.c **** /*-----------------------------------------------------------*/
 866:Middlewares/Third_Party/FreeRTOS/Source/timers.c **** 
 867:Middlewares/Third_Party/FreeRTOS/Source/timers.c ****     static TickType_t prvSampleTimeNow( BaseType_t * const pxTimerListsWereSwitched )
 868:Middlewares/Third_Party/FreeRTOS/Source/timers.c ****     {
 869:Middlewares/Third_Party/FreeRTOS/Source/timers.c ****         TickType_t xTimeNow;
 870:Middlewares/Third_Party/FreeRTOS/Source/timers.c ****         PRIVILEGED_DATA static TickType_t xLastTime = ( TickType_t ) 0U;
 871:Middlewares/Third_Party/FreeRTOS/Source/timers.c **** 
 872:Middlewares/Third_Party/FreeRTOS/Source/timers.c ****         xTimeNow = xTaskGetTickCount();
 873:Middlewares/Third_Party/FreeRTOS/Source/timers.c **** 
 874:Middlewares/Third_Party/FreeRTOS/Source/timers.c ****         if( xTimeNow < xLastTime )
 875:Middlewares/Third_Party/FreeRTOS/Source/timers.c ****         {
 876:Middlewares/Third_Party/FreeRTOS/Source/timers.c ****             prvSwitchTimerLists();
 877:Middlewares/Third_Party/FreeRTOS/Source/timers.c ****             *pxTimerListsWereSwitched = pdTRUE;
 878:Middlewares/Third_Party/FreeRTOS/Source/timers.c ****         }
 879:Middlewares/Third_Party/FreeRTOS/Source/timers.c ****         else
 880:Middlewares/Third_Party/FreeRTOS/Source/timers.c ****         {
 881:Middlewares/Third_Party/FreeRTOS/Source/timers.c ****             *pxTimerListsWereSwitched = pdFALSE;
 882:Middlewares/Third_Party/FreeRTOS/Source/timers.c ****         }
 883:Middlewares/Third_Party/FreeRTOS/Source/timers.c **** 
 884:Middlewares/Third_Party/FreeRTOS/Source/timers.c ****         xLastTime = xTimeNow;
 885:Middlewares/Third_Party/FreeRTOS/Source/timers.c **** 
 886:Middlewares/Third_Party/FreeRTOS/Source/timers.c ****         return xTimeNow;
ARM GAS  /tmp/ccjHUbN4.s 			page 18


 887:Middlewares/Third_Party/FreeRTOS/Source/timers.c ****     }
 888:Middlewares/Third_Party/FreeRTOS/Source/timers.c **** /*-----------------------------------------------------------*/
 889:Middlewares/Third_Party/FreeRTOS/Source/timers.c **** 
 890:Middlewares/Third_Party/FreeRTOS/Source/timers.c ****     static BaseType_t prvInsertTimerInActiveList( Timer_t * const pxTimer,
 891:Middlewares/Third_Party/FreeRTOS/Source/timers.c ****                                                   const TickType_t xNextExpiryTime,
 892:Middlewares/Third_Party/FreeRTOS/Source/timers.c ****                                                   const TickType_t xTimeNow,
 893:Middlewares/Third_Party/FreeRTOS/Source/timers.c ****                                                   const TickType_t xCommandTime )
 894:Middlewares/Third_Party/FreeRTOS/Source/timers.c ****     {
  86              		.loc 1 894 5 is_stmt 1 view -0
  87              		.cfi_startproc
  88              		@ args = 0, pretend = 0, frame = 0
  89              		@ frame_needed = 0, uses_anonymous_args = 0
  90              		.loc 1 894 5 is_stmt 0 view .LVU17
  91 0000 08B5     		push	{r3, lr}
  92              	.LCFI0:
  93              		.cfi_def_cfa_offset 8
  94              		.cfi_offset 3, -8
  95              		.cfi_offset 14, -4
 895:Middlewares/Third_Party/FreeRTOS/Source/timers.c ****         BaseType_t xProcessTimerNow = pdFALSE;
  96              		.loc 1 895 9 is_stmt 1 view .LVU18
  97              	.LVL5:
 896:Middlewares/Third_Party/FreeRTOS/Source/timers.c **** 
 897:Middlewares/Third_Party/FreeRTOS/Source/timers.c ****         listSET_LIST_ITEM_VALUE( &( pxTimer->xTimerListItem ), xNextExpiryTime );
  98              		.loc 1 897 9 view .LVU19
  99 0002 4160     		str	r1, [r0, #4]
 898:Middlewares/Third_Party/FreeRTOS/Source/timers.c ****         listSET_LIST_ITEM_OWNER( &( pxTimer->xTimerListItem ), pxTimer );
 100              		.loc 1 898 9 view .LVU20
 101 0004 0061     		str	r0, [r0, #16]
 899:Middlewares/Third_Party/FreeRTOS/Source/timers.c **** 
 900:Middlewares/Third_Party/FreeRTOS/Source/timers.c ****         if( xNextExpiryTime <= xTimeNow )
 102              		.loc 1 900 9 view .LVU21
 103              		.loc 1 900 11 is_stmt 0 view .LVU22
 104 0006 9142     		cmp	r1, r2
 105 0008 0CD8     		bhi	.L9
 901:Middlewares/Third_Party/FreeRTOS/Source/timers.c ****         {
 902:Middlewares/Third_Party/FreeRTOS/Source/timers.c ****             /* Has the expiry time elapsed between the command to start/reset a
 903:Middlewares/Third_Party/FreeRTOS/Source/timers.c ****              * timer was issued, and the time the command was processed? */
 904:Middlewares/Third_Party/FreeRTOS/Source/timers.c ****             if( ( ( TickType_t ) ( xTimeNow - xCommandTime ) ) >= pxTimer->xTimerPeriodInTicks )
 106              		.loc 1 904 13 is_stmt 1 view .LVU23
 107              		.loc 1 904 45 is_stmt 0 view .LVU24
 108 000a D21A     		subs	r2, r2, r3
 109              	.LVL6:
 110              		.loc 1 904 74 view .LVU25
 111 000c 8369     		ldr	r3, [r0, #24]
 112              	.LVL7:
 113              		.loc 1 904 15 view .LVU26
 114 000e 9A42     		cmp	r2, r3
 115 0010 01D3     		bcc	.L15
 905:Middlewares/Third_Party/FreeRTOS/Source/timers.c ****             {
 906:Middlewares/Third_Party/FreeRTOS/Source/timers.c ****                 /* The time between a command being issued and the command being
 907:Middlewares/Third_Party/FreeRTOS/Source/timers.c ****                  * processed actually exceeds the timers period.  */
 908:Middlewares/Third_Party/FreeRTOS/Source/timers.c ****                 xProcessTimerNow = pdTRUE;
 116              		.loc 1 908 34 view .LVU27
 117 0012 0120     		movs	r0, #1
 118              	.LVL8:
 119              	.L8:
 909:Middlewares/Third_Party/FreeRTOS/Source/timers.c ****             }
ARM GAS  /tmp/ccjHUbN4.s 			page 19


 910:Middlewares/Third_Party/FreeRTOS/Source/timers.c ****             else
 911:Middlewares/Third_Party/FreeRTOS/Source/timers.c ****             {
 912:Middlewares/Third_Party/FreeRTOS/Source/timers.c ****                 vListInsert( pxOverflowTimerList, &( pxTimer->xTimerListItem ) );
 913:Middlewares/Third_Party/FreeRTOS/Source/timers.c ****             }
 914:Middlewares/Third_Party/FreeRTOS/Source/timers.c ****         }
 915:Middlewares/Third_Party/FreeRTOS/Source/timers.c ****         else
 916:Middlewares/Third_Party/FreeRTOS/Source/timers.c ****         {
 917:Middlewares/Third_Party/FreeRTOS/Source/timers.c ****             if( ( xTimeNow < xCommandTime ) && ( xNextExpiryTime >= xCommandTime ) )
 918:Middlewares/Third_Party/FreeRTOS/Source/timers.c ****             {
 919:Middlewares/Third_Party/FreeRTOS/Source/timers.c ****                 /* If, since the command was issued, the tick count has overflowed
 920:Middlewares/Third_Party/FreeRTOS/Source/timers.c ****                  * but the expiry time has not, then the timer must have already passed
 921:Middlewares/Third_Party/FreeRTOS/Source/timers.c ****                  * its expiry time and should be processed immediately. */
 922:Middlewares/Third_Party/FreeRTOS/Source/timers.c ****                 xProcessTimerNow = pdTRUE;
 923:Middlewares/Third_Party/FreeRTOS/Source/timers.c ****             }
 924:Middlewares/Third_Party/FreeRTOS/Source/timers.c ****             else
 925:Middlewares/Third_Party/FreeRTOS/Source/timers.c ****             {
 926:Middlewares/Third_Party/FreeRTOS/Source/timers.c ****                 vListInsert( pxCurrentTimerList, &( pxTimer->xTimerListItem ) );
 927:Middlewares/Third_Party/FreeRTOS/Source/timers.c ****             }
 928:Middlewares/Third_Party/FreeRTOS/Source/timers.c ****         }
 929:Middlewares/Third_Party/FreeRTOS/Source/timers.c **** 
 930:Middlewares/Third_Party/FreeRTOS/Source/timers.c ****         return xProcessTimerNow;
 931:Middlewares/Third_Party/FreeRTOS/Source/timers.c ****     }
 120              		.loc 1 931 5 view .LVU28
 121 0014 08BD     		pop	{r3, pc}
 122              	.LVL9:
 123              	.L15:
 912:Middlewares/Third_Party/FreeRTOS/Source/timers.c ****             }
 124              		.loc 1 912 17 is_stmt 1 view .LVU29
 125 0016 011D     		adds	r1, r0, #4
 126              	.LVL10:
 912:Middlewares/Third_Party/FreeRTOS/Source/timers.c ****             }
 127              		.loc 1 912 17 is_stmt 0 view .LVU30
 128 0018 094B     		ldr	r3, .L16
 129 001a 1868     		ldr	r0, [r3]
 130              	.LVL11:
 912:Middlewares/Third_Party/FreeRTOS/Source/timers.c ****             }
 131              		.loc 1 912 17 view .LVU31
 132 001c FFF7FEFF 		bl	vListInsert
 133              	.LVL12:
 895:Middlewares/Third_Party/FreeRTOS/Source/timers.c **** 
 134              		.loc 1 895 20 view .LVU32
 135 0020 0020     		movs	r0, #0
 136 0022 F7E7     		b	.L8
 137              	.LVL13:
 138              	.L9:
 917:Middlewares/Third_Party/FreeRTOS/Source/timers.c ****             {
 139              		.loc 1 917 13 is_stmt 1 view .LVU33
 917:Middlewares/Third_Party/FreeRTOS/Source/timers.c ****             {
 140              		.loc 1 917 15 is_stmt 0 view .LVU34
 141 0024 9A42     		cmp	r2, r3
 142 0026 01D2     		bcs	.L11
 917:Middlewares/Third_Party/FreeRTOS/Source/timers.c ****             {
 143              		.loc 1 917 45 discriminator 1 view .LVU35
 144 0028 9942     		cmp	r1, r3
 145 002a 06D2     		bcs	.L13
 146              	.L11:
 926:Middlewares/Third_Party/FreeRTOS/Source/timers.c ****             }
ARM GAS  /tmp/ccjHUbN4.s 			page 20


 147              		.loc 1 926 17 is_stmt 1 view .LVU36
 148 002c 011D     		adds	r1, r0, #4
 149              	.LVL14:
 926:Middlewares/Third_Party/FreeRTOS/Source/timers.c ****             }
 150              		.loc 1 926 17 is_stmt 0 view .LVU37
 151 002e 054B     		ldr	r3, .L16+4
 152              	.LVL15:
 926:Middlewares/Third_Party/FreeRTOS/Source/timers.c ****             }
 153              		.loc 1 926 17 view .LVU38
 154 0030 1868     		ldr	r0, [r3]
 155              	.LVL16:
 926:Middlewares/Third_Party/FreeRTOS/Source/timers.c ****             }
 156              		.loc 1 926 17 view .LVU39
 157 0032 FFF7FEFF 		bl	vListInsert
 158              	.LVL17:
 895:Middlewares/Third_Party/FreeRTOS/Source/timers.c **** 
 159              		.loc 1 895 20 view .LVU40
 160 0036 0020     		movs	r0, #0
 161 0038 ECE7     		b	.L8
 162              	.LVL18:
 163              	.L13:
 922:Middlewares/Third_Party/FreeRTOS/Source/timers.c ****             }
 164              		.loc 1 922 34 view .LVU41
 165 003a 0120     		movs	r0, #1
 166              	.LVL19:
 930:Middlewares/Third_Party/FreeRTOS/Source/timers.c ****     }
 167              		.loc 1 930 9 is_stmt 1 view .LVU42
 930:Middlewares/Third_Party/FreeRTOS/Source/timers.c ****     }
 168              		.loc 1 930 16 is_stmt 0 view .LVU43
 169 003c EAE7     		b	.L8
 170              	.L17:
 171 003e 00BF     		.align	2
 172              	.L16:
 173 0040 00000000 		.word	pxOverflowTimerList
 174 0044 00000000 		.word	pxCurrentTimerList
 175              		.cfi_endproc
 176              	.LFE20:
 178              		.section	.text.prvReloadTimer,"ax",%progbits
 179              		.align	1
 180              		.syntax unified
 181              		.thumb
 182              		.thumb_func
 184              	prvReloadTimer:
 185              	.LVL20:
 186              	.LFB14:
 698:Middlewares/Third_Party/FreeRTOS/Source/timers.c ****         /* Insert the timer into the appropriate list for the next expiry time.
 187              		.loc 1 698 5 is_stmt 1 view -0
 188              		.cfi_startproc
 189              		@ args = 0, pretend = 0, frame = 0
 190              		@ frame_needed = 0, uses_anonymous_args = 0
 698:Middlewares/Third_Party/FreeRTOS/Source/timers.c ****         /* Insert the timer into the appropriate list for the next expiry time.
 191              		.loc 1 698 5 is_stmt 0 view .LVU45
 192 0000 70B5     		push	{r4, r5, r6, lr}
 193              	.LCFI1:
 194              		.cfi_def_cfa_offset 16
 195              		.cfi_offset 4, -16
 196              		.cfi_offset 5, -12
ARM GAS  /tmp/ccjHUbN4.s 			page 21


 197              		.cfi_offset 6, -8
 198              		.cfi_offset 14, -4
 199 0002 0446     		mov	r4, r0
 200 0004 0D46     		mov	r5, r1
 201 0006 1646     		mov	r6, r2
 702:Middlewares/Third_Party/FreeRTOS/Source/timers.c ****         {
 202              		.loc 1 702 9 is_stmt 1 view .LVU46
 702:Middlewares/Third_Party/FreeRTOS/Source/timers.c ****         {
 203              		.loc 1 702 14 is_stmt 0 view .LVU47
 204 0008 04E0     		b	.L19
 205              	.LVL21:
 206              	.L20:
 705:Middlewares/Third_Party/FreeRTOS/Source/timers.c **** 
 207              		.loc 1 705 13 is_stmt 1 view .LVU48
 705:Middlewares/Third_Party/FreeRTOS/Source/timers.c **** 
 208              		.loc 1 705 36 is_stmt 0 view .LVU49
 209 000a A369     		ldr	r3, [r4, #24]
 705:Middlewares/Third_Party/FreeRTOS/Source/timers.c **** 
 210              		.loc 1 705 26 view .LVU50
 211 000c 1D44     		add	r5, r5, r3
 212              	.LVL22:
 708:Middlewares/Third_Party/FreeRTOS/Source/timers.c ****             pxTimer->pxCallbackFunction( ( TimerHandle_t ) pxTimer );
 213              		.loc 1 708 42 is_stmt 1 view .LVU51
 709:Middlewares/Third_Party/FreeRTOS/Source/timers.c ****         }
 214              		.loc 1 709 13 view .LVU52
 709:Middlewares/Third_Party/FreeRTOS/Source/timers.c ****         }
 215              		.loc 1 709 20 is_stmt 0 view .LVU53
 216 000e 236A     		ldr	r3, [r4, #32]
 709:Middlewares/Third_Party/FreeRTOS/Source/timers.c ****         }
 217              		.loc 1 709 13 view .LVU54
 218 0010 2046     		mov	r0, r4
 219 0012 9847     		blx	r3
 220              	.LVL23:
 221              	.L19:
 702:Middlewares/Third_Party/FreeRTOS/Source/timers.c ****         {
 222              		.loc 1 702 127 is_stmt 1 view .LVU55
 702:Middlewares/Third_Party/FreeRTOS/Source/timers.c ****         {
 223              		.loc 1 702 77 is_stmt 0 view .LVU56
 224 0014 A169     		ldr	r1, [r4, #24]
 702:Middlewares/Third_Party/FreeRTOS/Source/timers.c ****         {
 225              		.loc 1 702 16 view .LVU57
 226 0016 2B46     		mov	r3, r5
 227 0018 3246     		mov	r2, r6
 228 001a 2944     		add	r1, r1, r5
 229 001c 2046     		mov	r0, r4
 230 001e FFF7FEFF 		bl	prvInsertTimerInActiveList
 231              	.LVL24:
 702:Middlewares/Third_Party/FreeRTOS/Source/timers.c ****         {
 232              		.loc 1 702 127 discriminator 1 view .LVU58
 233 0022 0028     		cmp	r0, #0
 234 0024 F1D1     		bne	.L20
 711:Middlewares/Third_Party/FreeRTOS/Source/timers.c **** /*-----------------------------------------------------------*/
 235              		.loc 1 711 5 view .LVU59
 236 0026 70BD     		pop	{r4, r5, r6, pc}
 711:Middlewares/Third_Party/FreeRTOS/Source/timers.c **** /*-----------------------------------------------------------*/
 237              		.loc 1 711 5 view .LVU60
 238              		.cfi_endproc
ARM GAS  /tmp/ccjHUbN4.s 			page 22


 239              	.LFE14:
 241              		.section	.text.prvProcessExpiredTimer,"ax",%progbits
 242              		.align	1
 243              		.syntax unified
 244              		.thumb
 245              		.thumb_func
 247              	prvProcessExpiredTimer:
 248              	.LVL25:
 249              	.LFB15:
 716:Middlewares/Third_Party/FreeRTOS/Source/timers.c ****         /* MISRA Ref 11.5.3 [Void pointer assignment] */
 250              		.loc 1 716 5 is_stmt 1 view -0
 251              		.cfi_startproc
 252              		@ args = 0, pretend = 0, frame = 0
 253              		@ frame_needed = 0, uses_anonymous_args = 0
 716:Middlewares/Third_Party/FreeRTOS/Source/timers.c ****         /* MISRA Ref 11.5.3 [Void pointer assignment] */
 254              		.loc 1 716 5 is_stmt 0 view .LVU62
 255 0000 70B5     		push	{r4, r5, r6, lr}
 256              	.LCFI2:
 257              		.cfi_def_cfa_offset 16
 258              		.cfi_offset 4, -16
 259              		.cfi_offset 5, -12
 260              		.cfi_offset 6, -8
 261              		.cfi_offset 14, -4
 262 0002 0546     		mov	r5, r0
 263 0004 0E46     		mov	r6, r1
 720:Middlewares/Third_Party/FreeRTOS/Source/timers.c **** 
 264              		.loc 1 720 9 is_stmt 1 view .LVU63
 720:Middlewares/Third_Party/FreeRTOS/Source/timers.c **** 
 265              		.loc 1 720 49 is_stmt 0 view .LVU64
 266 0006 0D4B     		ldr	r3, .L27
 267 0008 1B68     		ldr	r3, [r3]
 268 000a DB68     		ldr	r3, [r3, #12]
 720:Middlewares/Third_Party/FreeRTOS/Source/timers.c **** 
 269              		.loc 1 720 25 view .LVU65
 270 000c DC68     		ldr	r4, [r3, #12]
 271              	.LVL26:
 725:Middlewares/Third_Party/FreeRTOS/Source/timers.c **** 
 272              		.loc 1 725 9 is_stmt 1 view .LVU66
 725:Middlewares/Third_Party/FreeRTOS/Source/timers.c **** 
 273              		.loc 1 725 18 is_stmt 0 view .LVU67
 274 000e 201D     		adds	r0, r4, #4
 275              	.LVL27:
 725:Middlewares/Third_Party/FreeRTOS/Source/timers.c **** 
 276              		.loc 1 725 18 view .LVU68
 277 0010 FFF7FEFF 		bl	uxListRemove
 278              	.LVL28:
 729:Middlewares/Third_Party/FreeRTOS/Source/timers.c ****         {
 279              		.loc 1 729 9 is_stmt 1 view .LVU69
 729:Middlewares/Third_Party/FreeRTOS/Source/timers.c ****         {
 280              		.loc 1 729 22 is_stmt 0 view .LVU70
 281 0014 94F82830 		ldrb	r3, [r4, #40]	@ zero_extendqisi2
 729:Middlewares/Third_Party/FreeRTOS/Source/timers.c ****         {
 282              		.loc 1 729 11 view .LVU71
 283 0018 13F0040F 		tst	r3, #4
 284 001c 07D1     		bne	.L26
 735:Middlewares/Third_Party/FreeRTOS/Source/timers.c ****         }
 285              		.loc 1 735 13 is_stmt 1 view .LVU72
ARM GAS  /tmp/ccjHUbN4.s 			page 23


 735:Middlewares/Third_Party/FreeRTOS/Source/timers.c ****         }
 286              		.loc 1 735 31 is_stmt 0 view .LVU73
 287 001e 23F00103 		bic	r3, r3, #1
 288 0022 84F82830 		strb	r3, [r4, #40]
 289              	.L24:
 739:Middlewares/Third_Party/FreeRTOS/Source/timers.c ****         pxTimer->pxCallbackFunction( ( TimerHandle_t ) pxTimer );
 290              		.loc 1 739 38 is_stmt 1 view .LVU74
 740:Middlewares/Third_Party/FreeRTOS/Source/timers.c ****     }
 291              		.loc 1 740 9 view .LVU75
 740:Middlewares/Third_Party/FreeRTOS/Source/timers.c ****     }
 292              		.loc 1 740 16 is_stmt 0 view .LVU76
 293 0026 236A     		ldr	r3, [r4, #32]
 740:Middlewares/Third_Party/FreeRTOS/Source/timers.c ****     }
 294              		.loc 1 740 9 view .LVU77
 295 0028 2046     		mov	r0, r4
 296 002a 9847     		blx	r3
 297              	.LVL29:
 741:Middlewares/Third_Party/FreeRTOS/Source/timers.c **** /*-----------------------------------------------------------*/
 298              		.loc 1 741 5 view .LVU78
 299 002c 70BD     		pop	{r4, r5, r6, pc}
 300              	.LVL30:
 301              	.L26:
 731:Middlewares/Third_Party/FreeRTOS/Source/timers.c ****         }
 302              		.loc 1 731 13 is_stmt 1 view .LVU79
 303 002e 3246     		mov	r2, r6
 304 0030 2946     		mov	r1, r5
 305 0032 2046     		mov	r0, r4
 306 0034 FFF7FEFF 		bl	prvReloadTimer
 307              	.LVL31:
 308 0038 F5E7     		b	.L24
 309              	.L28:
 310 003a 00BF     		.align	2
 311              	.L27:
 312 003c 00000000 		.word	pxCurrentTimerList
 313              		.cfi_endproc
 314              	.LFE15:
 316              		.section	.text.prvSwitchTimerLists,"ax",%progbits
 317              		.align	1
 318              		.syntax unified
 319              		.thumb
 320              		.thumb_func
 322              	prvSwitchTimerLists:
 323              	.LFB22:
 932:Middlewares/Third_Party/FreeRTOS/Source/timers.c **** /*-----------------------------------------------------------*/
 933:Middlewares/Third_Party/FreeRTOS/Source/timers.c **** 
 934:Middlewares/Third_Party/FreeRTOS/Source/timers.c ****     static void prvProcessReceivedCommands( void )
 935:Middlewares/Third_Party/FreeRTOS/Source/timers.c ****     {
 936:Middlewares/Third_Party/FreeRTOS/Source/timers.c ****         DaemonTaskMessage_t xMessage = { 0 };
 937:Middlewares/Third_Party/FreeRTOS/Source/timers.c ****         Timer_t * pxTimer;
 938:Middlewares/Third_Party/FreeRTOS/Source/timers.c ****         BaseType_t xTimerListsWereSwitched;
 939:Middlewares/Third_Party/FreeRTOS/Source/timers.c ****         TickType_t xTimeNow;
 940:Middlewares/Third_Party/FreeRTOS/Source/timers.c **** 
 941:Middlewares/Third_Party/FreeRTOS/Source/timers.c ****         while( xQueueReceive( xTimerQueue, &xMessage, tmrNO_DELAY ) != pdFAIL )
 942:Middlewares/Third_Party/FreeRTOS/Source/timers.c ****         {
 943:Middlewares/Third_Party/FreeRTOS/Source/timers.c ****             #if ( INCLUDE_xTimerPendFunctionCall == 1 )
 944:Middlewares/Third_Party/FreeRTOS/Source/timers.c ****             {
 945:Middlewares/Third_Party/FreeRTOS/Source/timers.c ****                 /* Negative commands are pended function calls rather than timer
ARM GAS  /tmp/ccjHUbN4.s 			page 24


 946:Middlewares/Third_Party/FreeRTOS/Source/timers.c ****                  * commands. */
 947:Middlewares/Third_Party/FreeRTOS/Source/timers.c ****                 if( xMessage.xMessageID < ( BaseType_t ) 0 )
 948:Middlewares/Third_Party/FreeRTOS/Source/timers.c ****                 {
 949:Middlewares/Third_Party/FreeRTOS/Source/timers.c ****                     const CallbackParameters_t * const pxCallback = &( xMessage.u.xCallbackParamete
 950:Middlewares/Third_Party/FreeRTOS/Source/timers.c **** 
 951:Middlewares/Third_Party/FreeRTOS/Source/timers.c ****                     /* The timer uses the xCallbackParameters member to request a
 952:Middlewares/Third_Party/FreeRTOS/Source/timers.c ****                      * callback be executed.  Check the callback is not NULL. */
 953:Middlewares/Third_Party/FreeRTOS/Source/timers.c ****                     configASSERT( pxCallback );
 954:Middlewares/Third_Party/FreeRTOS/Source/timers.c **** 
 955:Middlewares/Third_Party/FreeRTOS/Source/timers.c ****                     /* Call the function. */
 956:Middlewares/Third_Party/FreeRTOS/Source/timers.c ****                     pxCallback->pxCallbackFunction( pxCallback->pvParameter1, pxCallback->ulParamet
 957:Middlewares/Third_Party/FreeRTOS/Source/timers.c ****                 }
 958:Middlewares/Third_Party/FreeRTOS/Source/timers.c ****                 else
 959:Middlewares/Third_Party/FreeRTOS/Source/timers.c ****                 {
 960:Middlewares/Third_Party/FreeRTOS/Source/timers.c ****                     mtCOVERAGE_TEST_MARKER();
 961:Middlewares/Third_Party/FreeRTOS/Source/timers.c ****                 }
 962:Middlewares/Third_Party/FreeRTOS/Source/timers.c ****             }
 963:Middlewares/Third_Party/FreeRTOS/Source/timers.c ****             #endif /* INCLUDE_xTimerPendFunctionCall */
 964:Middlewares/Third_Party/FreeRTOS/Source/timers.c **** 
 965:Middlewares/Third_Party/FreeRTOS/Source/timers.c ****             /* Commands that are positive are timer commands rather than pended
 966:Middlewares/Third_Party/FreeRTOS/Source/timers.c ****              * function calls. */
 967:Middlewares/Third_Party/FreeRTOS/Source/timers.c ****             if( xMessage.xMessageID >= ( BaseType_t ) 0 )
 968:Middlewares/Third_Party/FreeRTOS/Source/timers.c ****             {
 969:Middlewares/Third_Party/FreeRTOS/Source/timers.c ****                 /* The messages uses the xTimerParameters member to work on a
 970:Middlewares/Third_Party/FreeRTOS/Source/timers.c ****                  * software timer. */
 971:Middlewares/Third_Party/FreeRTOS/Source/timers.c ****                 pxTimer = xMessage.u.xTimerParameters.pxTimer;
 972:Middlewares/Third_Party/FreeRTOS/Source/timers.c **** 
 973:Middlewares/Third_Party/FreeRTOS/Source/timers.c ****                 if( pxTimer != NULL )
 974:Middlewares/Third_Party/FreeRTOS/Source/timers.c ****                 {
 975:Middlewares/Third_Party/FreeRTOS/Source/timers.c ****                     if( listIS_CONTAINED_WITHIN( NULL, &( pxTimer->xTimerListItem ) ) == pdFALSE )
 976:Middlewares/Third_Party/FreeRTOS/Source/timers.c ****                     {
 977:Middlewares/Third_Party/FreeRTOS/Source/timers.c ****                         /* The timer is in a list, remove it. */
 978:Middlewares/Third_Party/FreeRTOS/Source/timers.c ****                         ( void ) uxListRemove( &( pxTimer->xTimerListItem ) );
 979:Middlewares/Third_Party/FreeRTOS/Source/timers.c ****                     }
 980:Middlewares/Third_Party/FreeRTOS/Source/timers.c ****                     else
 981:Middlewares/Third_Party/FreeRTOS/Source/timers.c ****                     {
 982:Middlewares/Third_Party/FreeRTOS/Source/timers.c ****                         mtCOVERAGE_TEST_MARKER();
 983:Middlewares/Third_Party/FreeRTOS/Source/timers.c ****                     }
 984:Middlewares/Third_Party/FreeRTOS/Source/timers.c **** 
 985:Middlewares/Third_Party/FreeRTOS/Source/timers.c ****                     traceTIMER_COMMAND_RECEIVED( pxTimer, xMessage.xMessageID, xMessage.u.xTimerPar
 986:Middlewares/Third_Party/FreeRTOS/Source/timers.c **** 
 987:Middlewares/Third_Party/FreeRTOS/Source/timers.c ****                     /* In this case the xTimerListsWereSwitched parameter is not used, but
 988:Middlewares/Third_Party/FreeRTOS/Source/timers.c ****                      *  it must be present in the function call.  prvSampleTimeNow() must be
 989:Middlewares/Third_Party/FreeRTOS/Source/timers.c ****                      *  called after the message is received from xTimerQueue so there is no
 990:Middlewares/Third_Party/FreeRTOS/Source/timers.c ****                      *  possibility of a higher priority task adding a message to the message
 991:Middlewares/Third_Party/FreeRTOS/Source/timers.c ****                      *  queue with a time that is ahead of the timer daemon task (because it
 992:Middlewares/Third_Party/FreeRTOS/Source/timers.c ****                      *  pre-empted the timer daemon task after the xTimeNow value was set). */
 993:Middlewares/Third_Party/FreeRTOS/Source/timers.c ****                     xTimeNow = prvSampleTimeNow( &xTimerListsWereSwitched );
 994:Middlewares/Third_Party/FreeRTOS/Source/timers.c **** 
 995:Middlewares/Third_Party/FreeRTOS/Source/timers.c ****                     switch( xMessage.xMessageID )
 996:Middlewares/Third_Party/FreeRTOS/Source/timers.c ****                     {
 997:Middlewares/Third_Party/FreeRTOS/Source/timers.c ****                         case tmrCOMMAND_START:
 998:Middlewares/Third_Party/FreeRTOS/Source/timers.c ****                         case tmrCOMMAND_START_FROM_ISR:
 999:Middlewares/Third_Party/FreeRTOS/Source/timers.c ****                         case tmrCOMMAND_RESET:
1000:Middlewares/Third_Party/FreeRTOS/Source/timers.c ****                         case tmrCOMMAND_RESET_FROM_ISR:
1001:Middlewares/Third_Party/FreeRTOS/Source/timers.c ****                             /* Start or restart a timer. */
1002:Middlewares/Third_Party/FreeRTOS/Source/timers.c ****                             pxTimer->ucStatus |= ( uint8_t ) tmrSTATUS_IS_ACTIVE;
ARM GAS  /tmp/ccjHUbN4.s 			page 25


1003:Middlewares/Third_Party/FreeRTOS/Source/timers.c **** 
1004:Middlewares/Third_Party/FreeRTOS/Source/timers.c ****                             if( prvInsertTimerInActiveList( pxTimer, xMessage.u.xTimerParameters.xM
1005:Middlewares/Third_Party/FreeRTOS/Source/timers.c ****                             {
1006:Middlewares/Third_Party/FreeRTOS/Source/timers.c ****                                 /* The timer expired before it was added to the active
1007:Middlewares/Third_Party/FreeRTOS/Source/timers.c ****                                  * timer list.  Process it now. */
1008:Middlewares/Third_Party/FreeRTOS/Source/timers.c ****                                 if( ( pxTimer->ucStatus & tmrSTATUS_IS_AUTORELOAD ) != 0U )
1009:Middlewares/Third_Party/FreeRTOS/Source/timers.c ****                                 {
1010:Middlewares/Third_Party/FreeRTOS/Source/timers.c ****                                     prvReloadTimer( pxTimer, xMessage.u.xTimerParameters.xMessageVa
1011:Middlewares/Third_Party/FreeRTOS/Source/timers.c ****                                 }
1012:Middlewares/Third_Party/FreeRTOS/Source/timers.c ****                                 else
1013:Middlewares/Third_Party/FreeRTOS/Source/timers.c ****                                 {
1014:Middlewares/Third_Party/FreeRTOS/Source/timers.c ****                                     pxTimer->ucStatus &= ( ( uint8_t ) ~tmrSTATUS_IS_ACTIVE );
1015:Middlewares/Third_Party/FreeRTOS/Source/timers.c ****                                 }
1016:Middlewares/Third_Party/FreeRTOS/Source/timers.c **** 
1017:Middlewares/Third_Party/FreeRTOS/Source/timers.c ****                                 /* Call the timer callback. */
1018:Middlewares/Third_Party/FreeRTOS/Source/timers.c ****                                 traceTIMER_EXPIRED( pxTimer );
1019:Middlewares/Third_Party/FreeRTOS/Source/timers.c ****                                 pxTimer->pxCallbackFunction( ( TimerHandle_t ) pxTimer );
1020:Middlewares/Third_Party/FreeRTOS/Source/timers.c ****                             }
1021:Middlewares/Third_Party/FreeRTOS/Source/timers.c ****                             else
1022:Middlewares/Third_Party/FreeRTOS/Source/timers.c ****                             {
1023:Middlewares/Third_Party/FreeRTOS/Source/timers.c ****                                 mtCOVERAGE_TEST_MARKER();
1024:Middlewares/Third_Party/FreeRTOS/Source/timers.c ****                             }
1025:Middlewares/Third_Party/FreeRTOS/Source/timers.c **** 
1026:Middlewares/Third_Party/FreeRTOS/Source/timers.c ****                             break;
1027:Middlewares/Third_Party/FreeRTOS/Source/timers.c **** 
1028:Middlewares/Third_Party/FreeRTOS/Source/timers.c ****                         case tmrCOMMAND_STOP:
1029:Middlewares/Third_Party/FreeRTOS/Source/timers.c ****                         case tmrCOMMAND_STOP_FROM_ISR:
1030:Middlewares/Third_Party/FreeRTOS/Source/timers.c ****                             /* The timer has already been removed from the active list. */
1031:Middlewares/Third_Party/FreeRTOS/Source/timers.c ****                             pxTimer->ucStatus &= ( ( uint8_t ) ~tmrSTATUS_IS_ACTIVE );
1032:Middlewares/Third_Party/FreeRTOS/Source/timers.c ****                             break;
1033:Middlewares/Third_Party/FreeRTOS/Source/timers.c **** 
1034:Middlewares/Third_Party/FreeRTOS/Source/timers.c ****                         case tmrCOMMAND_CHANGE_PERIOD:
1035:Middlewares/Third_Party/FreeRTOS/Source/timers.c ****                         case tmrCOMMAND_CHANGE_PERIOD_FROM_ISR:
1036:Middlewares/Third_Party/FreeRTOS/Source/timers.c ****                             pxTimer->ucStatus |= ( uint8_t ) tmrSTATUS_IS_ACTIVE;
1037:Middlewares/Third_Party/FreeRTOS/Source/timers.c ****                             pxTimer->xTimerPeriodInTicks = xMessage.u.xTimerParameters.xMessageValu
1038:Middlewares/Third_Party/FreeRTOS/Source/timers.c ****                             configASSERT( ( pxTimer->xTimerPeriodInTicks > 0 ) );
1039:Middlewares/Third_Party/FreeRTOS/Source/timers.c **** 
1040:Middlewares/Third_Party/FreeRTOS/Source/timers.c ****                             /* The new period does not really have a reference, and can
1041:Middlewares/Third_Party/FreeRTOS/Source/timers.c ****                              * be longer or shorter than the old one.  The command time is
1042:Middlewares/Third_Party/FreeRTOS/Source/timers.c ****                              * therefore set to the current time, and as the period cannot
1043:Middlewares/Third_Party/FreeRTOS/Source/timers.c ****                              * be zero the next expiry time can only be in the future,
1044:Middlewares/Third_Party/FreeRTOS/Source/timers.c ****                              * meaning (unlike for the xTimerStart() case above) there is
1045:Middlewares/Third_Party/FreeRTOS/Source/timers.c ****                              * no fail case that needs to be handled here. */
1046:Middlewares/Third_Party/FreeRTOS/Source/timers.c ****                             ( void ) prvInsertTimerInActiveList( pxTimer, ( xTimeNow + pxTimer->xTi
1047:Middlewares/Third_Party/FreeRTOS/Source/timers.c ****                             break;
1048:Middlewares/Third_Party/FreeRTOS/Source/timers.c **** 
1049:Middlewares/Third_Party/FreeRTOS/Source/timers.c ****                         case tmrCOMMAND_DELETE:
1050:Middlewares/Third_Party/FreeRTOS/Source/timers.c ****                             #if ( configSUPPORT_DYNAMIC_ALLOCATION == 1 )
1051:Middlewares/Third_Party/FreeRTOS/Source/timers.c ****                             {
1052:Middlewares/Third_Party/FreeRTOS/Source/timers.c ****                                 /* The timer has already been removed from the active list,
1053:Middlewares/Third_Party/FreeRTOS/Source/timers.c ****                                  * just free up the memory if the memory was dynamically
1054:Middlewares/Third_Party/FreeRTOS/Source/timers.c ****                                  * allocated. */
1055:Middlewares/Third_Party/FreeRTOS/Source/timers.c ****                                 if( ( pxTimer->ucStatus & tmrSTATUS_IS_STATICALLY_ALLOCATED ) == ( 
1056:Middlewares/Third_Party/FreeRTOS/Source/timers.c ****                                 {
1057:Middlewares/Third_Party/FreeRTOS/Source/timers.c ****                                     vPortFree( pxTimer );
1058:Middlewares/Third_Party/FreeRTOS/Source/timers.c ****                                 }
1059:Middlewares/Third_Party/FreeRTOS/Source/timers.c ****                                 else
ARM GAS  /tmp/ccjHUbN4.s 			page 26


1060:Middlewares/Third_Party/FreeRTOS/Source/timers.c ****                                 {
1061:Middlewares/Third_Party/FreeRTOS/Source/timers.c ****                                     pxTimer->ucStatus &= ( ( uint8_t ) ~tmrSTATUS_IS_ACTIVE );
1062:Middlewares/Third_Party/FreeRTOS/Source/timers.c ****                                 }
1063:Middlewares/Third_Party/FreeRTOS/Source/timers.c ****                             }
1064:Middlewares/Third_Party/FreeRTOS/Source/timers.c ****                             #else /* if ( configSUPPORT_DYNAMIC_ALLOCATION == 1 ) */
1065:Middlewares/Third_Party/FreeRTOS/Source/timers.c ****                             {
1066:Middlewares/Third_Party/FreeRTOS/Source/timers.c ****                                 /* If dynamic allocation is not enabled, the memory
1067:Middlewares/Third_Party/FreeRTOS/Source/timers.c ****                                  * could not have been dynamically allocated. So there is
1068:Middlewares/Third_Party/FreeRTOS/Source/timers.c ****                                  * no need to free the memory - just mark the timer as
1069:Middlewares/Third_Party/FreeRTOS/Source/timers.c ****                                  * "not active". */
1070:Middlewares/Third_Party/FreeRTOS/Source/timers.c ****                                 pxTimer->ucStatus &= ( ( uint8_t ) ~tmrSTATUS_IS_ACTIVE );
1071:Middlewares/Third_Party/FreeRTOS/Source/timers.c ****                             }
1072:Middlewares/Third_Party/FreeRTOS/Source/timers.c ****                             #endif /* configSUPPORT_DYNAMIC_ALLOCATION */
1073:Middlewares/Third_Party/FreeRTOS/Source/timers.c ****                             break;
1074:Middlewares/Third_Party/FreeRTOS/Source/timers.c **** 
1075:Middlewares/Third_Party/FreeRTOS/Source/timers.c ****                         default:
1076:Middlewares/Third_Party/FreeRTOS/Source/timers.c ****                             /* Don't expect to get here. */
1077:Middlewares/Third_Party/FreeRTOS/Source/timers.c ****                             break;
1078:Middlewares/Third_Party/FreeRTOS/Source/timers.c ****                     }
1079:Middlewares/Third_Party/FreeRTOS/Source/timers.c ****                 }
1080:Middlewares/Third_Party/FreeRTOS/Source/timers.c ****                 else
1081:Middlewares/Third_Party/FreeRTOS/Source/timers.c ****                 {
1082:Middlewares/Third_Party/FreeRTOS/Source/timers.c ****                     mtCOVERAGE_TEST_MARKER();
1083:Middlewares/Third_Party/FreeRTOS/Source/timers.c ****                 }
1084:Middlewares/Third_Party/FreeRTOS/Source/timers.c ****             }
1085:Middlewares/Third_Party/FreeRTOS/Source/timers.c ****         }
1086:Middlewares/Third_Party/FreeRTOS/Source/timers.c ****     }
1087:Middlewares/Third_Party/FreeRTOS/Source/timers.c **** /*-----------------------------------------------------------*/
1088:Middlewares/Third_Party/FreeRTOS/Source/timers.c **** 
1089:Middlewares/Third_Party/FreeRTOS/Source/timers.c ****     static void prvSwitchTimerLists( void )
1090:Middlewares/Third_Party/FreeRTOS/Source/timers.c ****     {
 324              		.loc 1 1090 5 view -0
 325              		.cfi_startproc
 326              		@ args = 0, pretend = 0, frame = 0
 327              		@ frame_needed = 0, uses_anonymous_args = 0
 328 0000 08B5     		push	{r3, lr}
 329              	.LCFI3:
 330              		.cfi_def_cfa_offset 8
 331              		.cfi_offset 3, -8
 332              		.cfi_offset 14, -4
1091:Middlewares/Third_Party/FreeRTOS/Source/timers.c ****         TickType_t xNextExpireTime;
 333              		.loc 1 1091 9 view .LVU81
1092:Middlewares/Third_Party/FreeRTOS/Source/timers.c ****         List_t * pxTemp;
 334              		.loc 1 1092 9 view .LVU82
1093:Middlewares/Third_Party/FreeRTOS/Source/timers.c **** 
1094:Middlewares/Third_Party/FreeRTOS/Source/timers.c ****         /* The tick count has overflowed.  The timer lists must be switched.
1095:Middlewares/Third_Party/FreeRTOS/Source/timers.c ****          * If there are any timers still referenced from the current timer list
1096:Middlewares/Third_Party/FreeRTOS/Source/timers.c ****          * then they must have expired and should be processed before the lists
1097:Middlewares/Third_Party/FreeRTOS/Source/timers.c ****          * are switched. */
1098:Middlewares/Third_Party/FreeRTOS/Source/timers.c ****         while( listLIST_IS_EMPTY( pxCurrentTimerList ) == pdFALSE )
 335              		.loc 1 1098 9 view .LVU83
 336              		.loc 1 1098 14 is_stmt 0 view .LVU84
 337 0002 05E0     		b	.L30
 338              	.L31:
1099:Middlewares/Third_Party/FreeRTOS/Source/timers.c ****         {
1100:Middlewares/Third_Party/FreeRTOS/Source/timers.c ****             xNextExpireTime = listGET_ITEM_VALUE_OF_HEAD_ENTRY( pxCurrentTimerList );
 339              		.loc 1 1100 13 is_stmt 1 view .LVU85
ARM GAS  /tmp/ccjHUbN4.s 			page 27


 340              		.loc 1 1100 31 is_stmt 0 view .LVU86
 341 0004 DB68     		ldr	r3, [r3, #12]
 342              	.LVL32:
1101:Middlewares/Third_Party/FreeRTOS/Source/timers.c **** 
1102:Middlewares/Third_Party/FreeRTOS/Source/timers.c ****             /* Process the expired timer.  For auto-reload timers, be careful to
1103:Middlewares/Third_Party/FreeRTOS/Source/timers.c ****              * process only expirations that occur on the current list.  Further
1104:Middlewares/Third_Party/FreeRTOS/Source/timers.c ****              * expirations must wait until after the lists are switched. */
1105:Middlewares/Third_Party/FreeRTOS/Source/timers.c ****             prvProcessExpiredTimer( xNextExpireTime, tmrMAX_TIME_BEFORE_OVERFLOW );
 343              		.loc 1 1105 13 is_stmt 1 view .LVU87
 344 0006 4FF0FF31 		mov	r1, #-1
 345 000a 1868     		ldr	r0, [r3]
 346 000c FFF7FEFF 		bl	prvProcessExpiredTimer
 347              	.LVL33:
 348              	.L30:
1098:Middlewares/Third_Party/FreeRTOS/Source/timers.c ****         {
 349              		.loc 1 1098 56 view .LVU88
1098:Middlewares/Third_Party/FreeRTOS/Source/timers.c ****         {
 350              		.loc 1 1098 16 is_stmt 0 view .LVU89
 351 0010 054B     		ldr	r3, .L33
 352 0012 1B68     		ldr	r3, [r3]
 353 0014 1A68     		ldr	r2, [r3]
1098:Middlewares/Third_Party/FreeRTOS/Source/timers.c ****         {
 354              		.loc 1 1098 56 view .LVU90
 355 0016 002A     		cmp	r2, #0
 356 0018 F4D1     		bne	.L31
1106:Middlewares/Third_Party/FreeRTOS/Source/timers.c ****         }
1107:Middlewares/Third_Party/FreeRTOS/Source/timers.c **** 
1108:Middlewares/Third_Party/FreeRTOS/Source/timers.c ****         pxTemp = pxCurrentTimerList;
 357              		.loc 1 1108 9 is_stmt 1 view .LVU91
 358              	.LVL34:
1109:Middlewares/Third_Party/FreeRTOS/Source/timers.c ****         pxCurrentTimerList = pxOverflowTimerList;
 359              		.loc 1 1109 9 view .LVU92
 360              		.loc 1 1109 28 is_stmt 0 view .LVU93
 361 001a 044A     		ldr	r2, .L33+4
 362 001c 1068     		ldr	r0, [r2]
 363 001e 0249     		ldr	r1, .L33
 364 0020 0860     		str	r0, [r1]
1110:Middlewares/Third_Party/FreeRTOS/Source/timers.c ****         pxOverflowTimerList = pxTemp;
 365              		.loc 1 1110 9 is_stmt 1 view .LVU94
 366              		.loc 1 1110 29 is_stmt 0 view .LVU95
 367 0022 1360     		str	r3, [r2]
1111:Middlewares/Third_Party/FreeRTOS/Source/timers.c ****     }
 368              		.loc 1 1111 5 view .LVU96
 369 0024 08BD     		pop	{r3, pc}
 370              	.LVL35:
 371              	.L34:
 372              		.loc 1 1111 5 view .LVU97
 373 0026 00BF     		.align	2
 374              	.L33:
 375 0028 00000000 		.word	pxCurrentTimerList
 376 002c 00000000 		.word	pxOverflowTimerList
 377              		.cfi_endproc
 378              	.LFE22:
 380              		.section	.text.prvSampleTimeNow,"ax",%progbits
 381              		.align	1
 382              		.syntax unified
 383              		.thumb
ARM GAS  /tmp/ccjHUbN4.s 			page 28


 384              		.thumb_func
 386              	prvSampleTimeNow:
 387              	.LVL36:
 388              	.LFB19:
 868:Middlewares/Third_Party/FreeRTOS/Source/timers.c ****         TickType_t xTimeNow;
 389              		.loc 1 868 5 is_stmt 1 view -0
 390              		.cfi_startproc
 391              		@ args = 0, pretend = 0, frame = 0
 392              		@ frame_needed = 0, uses_anonymous_args = 0
 868:Middlewares/Third_Party/FreeRTOS/Source/timers.c ****         TickType_t xTimeNow;
 393              		.loc 1 868 5 is_stmt 0 view .LVU99
 394 0000 38B5     		push	{r3, r4, r5, lr}
 395              	.LCFI4:
 396              		.cfi_def_cfa_offset 16
 397              		.cfi_offset 3, -16
 398              		.cfi_offset 4, -12
 399              		.cfi_offset 5, -8
 400              		.cfi_offset 14, -4
 401 0002 0546     		mov	r5, r0
 869:Middlewares/Third_Party/FreeRTOS/Source/timers.c ****         PRIVILEGED_DATA static TickType_t xLastTime = ( TickType_t ) 0U;
 402              		.loc 1 869 9 is_stmt 1 view .LVU100
 870:Middlewares/Third_Party/FreeRTOS/Source/timers.c **** 
 403              		.loc 1 870 25 view .LVU101
 872:Middlewares/Third_Party/FreeRTOS/Source/timers.c **** 
 404              		.loc 1 872 9 view .LVU102
 872:Middlewares/Third_Party/FreeRTOS/Source/timers.c **** 
 405              		.loc 1 872 20 is_stmt 0 view .LVU103
 406 0004 FFF7FEFF 		bl	xTaskGetTickCount
 407              	.LVL37:
 872:Middlewares/Third_Party/FreeRTOS/Source/timers.c **** 
 408              		.loc 1 872 20 view .LVU104
 409 0008 0446     		mov	r4, r0
 410              	.LVL38:
 874:Middlewares/Third_Party/FreeRTOS/Source/timers.c ****         {
 411              		.loc 1 874 9 is_stmt 1 view .LVU105
 874:Middlewares/Third_Party/FreeRTOS/Source/timers.c ****         {
 412              		.loc 1 874 22 is_stmt 0 view .LVU106
 413 000a 074B     		ldr	r3, .L40
 414 000c 1B68     		ldr	r3, [r3]
 874:Middlewares/Third_Party/FreeRTOS/Source/timers.c ****         {
 415              		.loc 1 874 11 view .LVU107
 416 000e 8342     		cmp	r3, r0
 417 0010 05D8     		bhi	.L39
 881:Middlewares/Third_Party/FreeRTOS/Source/timers.c ****         }
 418              		.loc 1 881 13 is_stmt 1 view .LVU108
 881:Middlewares/Third_Party/FreeRTOS/Source/timers.c ****         }
 419              		.loc 1 881 39 is_stmt 0 view .LVU109
 420 0012 0023     		movs	r3, #0
 421 0014 2B60     		str	r3, [r5]
 422              	.LVL39:
 423              	.L37:
 884:Middlewares/Third_Party/FreeRTOS/Source/timers.c **** 
 424              		.loc 1 884 9 is_stmt 1 view .LVU110
 884:Middlewares/Third_Party/FreeRTOS/Source/timers.c **** 
 425              		.loc 1 884 19 is_stmt 0 view .LVU111
 426 0016 044B     		ldr	r3, .L40
 427 0018 1C60     		str	r4, [r3]
ARM GAS  /tmp/ccjHUbN4.s 			page 29


 886:Middlewares/Third_Party/FreeRTOS/Source/timers.c ****     }
 428              		.loc 1 886 9 is_stmt 1 view .LVU112
 887:Middlewares/Third_Party/FreeRTOS/Source/timers.c **** /*-----------------------------------------------------------*/
 429              		.loc 1 887 5 is_stmt 0 view .LVU113
 430 001a 2046     		mov	r0, r4
 431 001c 38BD     		pop	{r3, r4, r5, pc}
 432              	.LVL40:
 433              	.L39:
 876:Middlewares/Third_Party/FreeRTOS/Source/timers.c ****             *pxTimerListsWereSwitched = pdTRUE;
 434              		.loc 1 876 13 is_stmt 1 view .LVU114
 435 001e FFF7FEFF 		bl	prvSwitchTimerLists
 436              	.LVL41:
 877:Middlewares/Third_Party/FreeRTOS/Source/timers.c ****         }
 437              		.loc 1 877 13 view .LVU115
 877:Middlewares/Third_Party/FreeRTOS/Source/timers.c ****         }
 438              		.loc 1 877 39 is_stmt 0 view .LVU116
 439 0022 0123     		movs	r3, #1
 440 0024 2B60     		str	r3, [r5]
 441 0026 F6E7     		b	.L37
 442              	.L41:
 443              		.align	2
 444              	.L40:
 445 0028 00000000 		.word	xLastTime.2
 446              		.cfi_endproc
 447              	.LFE19:
 449              		.section	.text.prvProcessTimerOrBlockTask,"ax",%progbits
 450              		.align	1
 451              		.syntax unified
 452              		.thumb
 453              		.thumb_func
 455              	prvProcessTimerOrBlockTask:
 456              	.LVL42:
 457              	.LFB17:
 780:Middlewares/Third_Party/FreeRTOS/Source/timers.c ****         TickType_t xTimeNow;
 458              		.loc 1 780 5 is_stmt 1 view -0
 459              		.cfi_startproc
 460              		@ args = 0, pretend = 0, frame = 8
 461              		@ frame_needed = 0, uses_anonymous_args = 0
 780:Middlewares/Third_Party/FreeRTOS/Source/timers.c ****         TickType_t xTimeNow;
 462              		.loc 1 780 5 is_stmt 0 view .LVU118
 463 0000 70B5     		push	{r4, r5, r6, lr}
 464              	.LCFI5:
 465              		.cfi_def_cfa_offset 16
 466              		.cfi_offset 4, -16
 467              		.cfi_offset 5, -12
 468              		.cfi_offset 6, -8
 469              		.cfi_offset 14, -4
 470 0002 82B0     		sub	sp, sp, #8
 471              	.LCFI6:
 472              		.cfi_def_cfa_offset 24
 473 0004 0646     		mov	r6, r0
 474 0006 0C46     		mov	r4, r1
 781:Middlewares/Third_Party/FreeRTOS/Source/timers.c ****         BaseType_t xTimerListsWereSwitched;
 475              		.loc 1 781 9 is_stmt 1 view .LVU119
 782:Middlewares/Third_Party/FreeRTOS/Source/timers.c **** 
 476              		.loc 1 782 9 view .LVU120
 784:Middlewares/Third_Party/FreeRTOS/Source/timers.c ****         {
ARM GAS  /tmp/ccjHUbN4.s 			page 30


 477              		.loc 1 784 9 view .LVU121
 478 0008 FFF7FEFF 		bl	vTaskSuspendAll
 479              	.LVL43:
 791:Middlewares/Third_Party/FreeRTOS/Source/timers.c **** 
 480              		.loc 1 791 13 view .LVU122
 791:Middlewares/Third_Party/FreeRTOS/Source/timers.c **** 
 481              		.loc 1 791 24 is_stmt 0 view .LVU123
 482 000c 01A8     		add	r0, sp, #4
 483 000e FFF7FEFF 		bl	prvSampleTimeNow
 484              	.LVL44:
 793:Middlewares/Third_Party/FreeRTOS/Source/timers.c ****             {
 485              		.loc 1 793 13 is_stmt 1 view .LVU124
 793:Middlewares/Third_Party/FreeRTOS/Source/timers.c ****             {
 486              		.loc 1 793 41 is_stmt 0 view .LVU125
 487 0012 019B     		ldr	r3, [sp, #4]
 793:Middlewares/Third_Party/FreeRTOS/Source/timers.c ****             {
 488              		.loc 1 793 15 view .LVU126
 489 0014 03BB     		cbnz	r3, .L43
 490 0016 0546     		mov	r5, r0
 796:Middlewares/Third_Party/FreeRTOS/Source/timers.c ****                 {
 491              		.loc 1 796 17 is_stmt 1 view .LVU127
 796:Middlewares/Third_Party/FreeRTOS/Source/timers.c ****                 {
 492              		.loc 1 796 19 is_stmt 0 view .LVU128
 493 0018 9CB9     		cbnz	r4, .L44
 796:Middlewares/Third_Party/FreeRTOS/Source/timers.c ****                 {
 494              		.loc 1 796 50 discriminator 1 view .LVU129
 495 001a B042     		cmp	r0, r6
 496 001c 0AD2     		bcs	.L49
 497              	.LVL45:
 498              	.L45:
 816:Middlewares/Third_Party/FreeRTOS/Source/timers.c **** 
 499              		.loc 1 816 21 is_stmt 1 view .LVU130
 500 001e 2246     		mov	r2, r4
 501 0020 711B     		subs	r1, r6, r5
 502 0022 0F4B     		ldr	r3, .L51
 503 0024 1868     		ldr	r0, [r3]
 504              	.LVL46:
 816:Middlewares/Third_Party/FreeRTOS/Source/timers.c **** 
 505              		.loc 1 816 21 is_stmt 0 view .LVU131
 506 0026 FFF7FEFF 		bl	vQueueWaitForMessageRestricted
 507              	.LVL47:
 818:Middlewares/Third_Party/FreeRTOS/Source/timers.c ****                     {
 508              		.loc 1 818 21 is_stmt 1 view .LVU132
 818:Middlewares/Third_Party/FreeRTOS/Source/timers.c ****                     {
 509              		.loc 1 818 25 is_stmt 0 view .LVU133
 510 002a FFF7FEFF 		bl	xTaskResumeAll
 511              	.LVL48:
 818:Middlewares/Third_Party/FreeRTOS/Source/timers.c ****                     {
 512              		.loc 1 818 23 discriminator 1 view .LVU134
 513 002e 80B1     		cbz	r0, .L50
 514              	.LVL49:
 515              	.L42:
 837:Middlewares/Third_Party/FreeRTOS/Source/timers.c **** /*-----------------------------------------------------------*/
 516              		.loc 1 837 5 view .LVU135
 517 0030 02B0     		add	sp, sp, #8
 518              	.LCFI7:
 519              		.cfi_remember_state
ARM GAS  /tmp/ccjHUbN4.s 			page 31


 520              		.cfi_def_cfa_offset 16
 521              		@ sp needed
 522 0032 70BD     		pop	{r4, r5, r6, pc}
 523              	.LVL50:
 524              	.L49:
 525              	.LCFI8:
 526              		.cfi_restore_state
 798:Middlewares/Third_Party/FreeRTOS/Source/timers.c ****                     prvProcessExpiredTimer( xNextExpireTime, xTimeNow );
 527              		.loc 1 798 21 is_stmt 1 view .LVU136
 798:Middlewares/Third_Party/FreeRTOS/Source/timers.c ****                     prvProcessExpiredTimer( xNextExpireTime, xTimeNow );
 528              		.loc 1 798 30 is_stmt 0 view .LVU137
 529 0034 FFF7FEFF 		bl	xTaskResumeAll
 530              	.LVL51:
 799:Middlewares/Third_Party/FreeRTOS/Source/timers.c ****                 }
 531              		.loc 1 799 21 is_stmt 1 view .LVU138
 532 0038 2946     		mov	r1, r5
 533 003a 3046     		mov	r0, r6
 534 003c FFF7FEFF 		bl	prvProcessExpiredTimer
 535              	.LVL52:
 536 0040 F6E7     		b	.L42
 537              	.LVL53:
 538              	.L44:
 813:Middlewares/Third_Party/FreeRTOS/Source/timers.c ****                     }
 539              		.loc 1 813 25 view .LVU139
 813:Middlewares/Third_Party/FreeRTOS/Source/timers.c ****                     }
 540              		.loc 1 813 41 is_stmt 0 view .LVU140
 541 0042 084A     		ldr	r2, .L51+4
 542 0044 1268     		ldr	r2, [r2]
 543 0046 1268     		ldr	r2, [r2]
 544 0048 0AB9     		cbnz	r2, .L47
 813:Middlewares/Third_Party/FreeRTOS/Source/timers.c ****                     }
 545              		.loc 1 813 41 discriminator 1 view .LVU141
 546 004a 0124     		movs	r4, #1
 547              	.LVL54:
 813:Middlewares/Third_Party/FreeRTOS/Source/timers.c ****                     }
 548              		.loc 1 813 41 discriminator 1 view .LVU142
 549 004c E7E7     		b	.L45
 550              	.LVL55:
 551              	.L47:
 813:Middlewares/Third_Party/FreeRTOS/Source/timers.c ****                     }
 552              		.loc 1 813 41 discriminator 2 view .LVU143
 553 004e 1C46     		mov	r4, r3
 554              	.LVL56:
 813:Middlewares/Third_Party/FreeRTOS/Source/timers.c ****                     }
 555              		.loc 1 813 41 discriminator 2 view .LVU144
 556 0050 E5E7     		b	.L45
 557              	.LVL57:
 558              	.L50:
 824:Middlewares/Third_Party/FreeRTOS/Source/timers.c ****                     }
 559              		.loc 1 824 25 is_stmt 1 view .LVU145
 560 0052 FFF7FEFF 		bl	vPortYield
 561              	.LVL58:
 562 0056 EBE7     		b	.L42
 563              	.LVL59:
 564              	.L43:
 834:Middlewares/Third_Party/FreeRTOS/Source/timers.c ****             }
 565              		.loc 1 834 17 view .LVU146
ARM GAS  /tmp/ccjHUbN4.s 			page 32


 834:Middlewares/Third_Party/FreeRTOS/Source/timers.c ****             }
 566              		.loc 1 834 26 is_stmt 0 view .LVU147
 567 0058 FFF7FEFF 		bl	xTaskResumeAll
 568              	.LVL60:
 837:Middlewares/Third_Party/FreeRTOS/Source/timers.c **** /*-----------------------------------------------------------*/
 569              		.loc 1 837 5 view .LVU148
 570 005c E8E7     		b	.L42
 571              	.L52:
 572 005e 00BF     		.align	2
 573              	.L51:
 574 0060 00000000 		.word	xTimerQueue
 575 0064 00000000 		.word	pxOverflowTimerList
 576              		.cfi_endproc
 577              	.LFE17:
 579              		.section	.text.prvProcessReceivedCommands,"ax",%progbits
 580              		.align	1
 581              		.syntax unified
 582              		.thumb
 583              		.thumb_func
 585              	prvProcessReceivedCommands:
 586              	.LFB21:
 935:Middlewares/Third_Party/FreeRTOS/Source/timers.c ****         DaemonTaskMessage_t xMessage = { 0 };
 587              		.loc 1 935 5 is_stmt 1 view -0
 588              		.cfi_startproc
 589              		@ args = 0, pretend = 0, frame = 24
 590              		@ frame_needed = 0, uses_anonymous_args = 0
 591 0000 30B5     		push	{r4, r5, lr}
 592              	.LCFI9:
 593              		.cfi_def_cfa_offset 12
 594              		.cfi_offset 4, -12
 595              		.cfi_offset 5, -8
 596              		.cfi_offset 14, -4
 597 0002 87B0     		sub	sp, sp, #28
 598              	.LCFI10:
 599              		.cfi_def_cfa_offset 40
 936:Middlewares/Third_Party/FreeRTOS/Source/timers.c ****         Timer_t * pxTimer;
 600              		.loc 1 936 9 view .LVU150
 936:Middlewares/Third_Party/FreeRTOS/Source/timers.c ****         Timer_t * pxTimer;
 601              		.loc 1 936 29 is_stmt 0 view .LVU151
 602 0004 0023     		movs	r3, #0
 603 0006 0293     		str	r3, [sp, #8]
 604 0008 0393     		str	r3, [sp, #12]
 605 000a 0493     		str	r3, [sp, #16]
 606 000c 0593     		str	r3, [sp, #20]
 937:Middlewares/Third_Party/FreeRTOS/Source/timers.c ****         BaseType_t xTimerListsWereSwitched;
 607              		.loc 1 937 9 is_stmt 1 view .LVU152
 938:Middlewares/Third_Party/FreeRTOS/Source/timers.c ****         TickType_t xTimeNow;
 608              		.loc 1 938 9 view .LVU153
 939:Middlewares/Third_Party/FreeRTOS/Source/timers.c **** 
 609              		.loc 1 939 9 view .LVU154
 941:Middlewares/Third_Party/FreeRTOS/Source/timers.c ****         {
 610              		.loc 1 941 9 view .LVU155
 941:Middlewares/Third_Party/FreeRTOS/Source/timers.c ****         {
 611              		.loc 1 941 14 is_stmt 0 view .LVU156
 612 000e 2DE0     		b	.L54
 613              	.L73:
 614              	.LBB2:
ARM GAS  /tmp/ccjHUbN4.s 			page 33


 949:Middlewares/Third_Party/FreeRTOS/Source/timers.c **** 
 615              		.loc 1 949 21 is_stmt 1 view .LVU157
 616              	.LVL61:
 953:Middlewares/Third_Party/FreeRTOS/Source/timers.c **** 
 617              		.loc 1 953 21 view .LVU158
 953:Middlewares/Third_Party/FreeRTOS/Source/timers.c **** 
 618              		.loc 1 953 47 discriminator 2 view .LVU159
 956:Middlewares/Third_Party/FreeRTOS/Source/timers.c ****                 }
 619              		.loc 1 956 21 view .LVU160
 620 0010 0599     		ldr	r1, [sp, #20]
 621 0012 0498     		ldr	r0, [sp, #16]
 622 0014 039B     		ldr	r3, [sp, #12]
 623 0016 9847     		blx	r3
 624              	.LVL62:
 625              	.LBE2:
 626 0018 33E0     		b	.L55
 627              	.LVL63:
 628              	.L61:
1002:Middlewares/Third_Party/FreeRTOS/Source/timers.c **** 
 629              		.loc 1 1002 29 view .LVU161
1002:Middlewares/Third_Party/FreeRTOS/Source/timers.c **** 
 630              		.loc 1 1002 36 is_stmt 0 view .LVU162
 631 001a 94F82830 		ldrb	r3, [r4, #40]	@ zero_extendqisi2
1002:Middlewares/Third_Party/FreeRTOS/Source/timers.c **** 
 632              		.loc 1 1002 47 view .LVU163
 633 001e 43F00103 		orr	r3, r3, #1
 634 0022 84F82830 		strb	r3, [r4, #40]
1004:Middlewares/Third_Party/FreeRTOS/Source/timers.c ****                             {
 635              		.loc 1 1004 29 is_stmt 1 view .LVU164
1004:Middlewares/Third_Party/FreeRTOS/Source/timers.c ****                             {
 636              		.loc 1 1004 97 is_stmt 0 view .LVU165
 637 0026 039B     		ldr	r3, [sp, #12]
1004:Middlewares/Third_Party/FreeRTOS/Source/timers.c ****                             {
 638              		.loc 1 1004 121 view .LVU166
 639 0028 A169     		ldr	r1, [r4, #24]
1004:Middlewares/Third_Party/FreeRTOS/Source/timers.c ****                             {
 640              		.loc 1 1004 33 view .LVU167
 641 002a 0246     		mov	r2, r0
 642 002c 1944     		add	r1, r1, r3
 643 002e 2046     		mov	r0, r4
 644              	.LVL64:
1004:Middlewares/Third_Party/FreeRTOS/Source/timers.c ****                             {
 645              		.loc 1 1004 33 view .LVU168
 646 0030 FFF7FEFF 		bl	prvInsertTimerInActiveList
 647              	.LVL65:
1004:Middlewares/Third_Party/FreeRTOS/Source/timers.c ****                             {
 648              		.loc 1 1004 31 discriminator 1 view .LVU169
 649 0034 D0B1     		cbz	r0, .L54
1008:Middlewares/Third_Party/FreeRTOS/Source/timers.c ****                                 {
 650              		.loc 1 1008 33 is_stmt 1 view .LVU170
1008:Middlewares/Third_Party/FreeRTOS/Source/timers.c ****                                 {
 651              		.loc 1 1008 46 is_stmt 0 view .LVU171
 652 0036 94F82830 		ldrb	r3, [r4, #40]	@ zero_extendqisi2
1008:Middlewares/Third_Party/FreeRTOS/Source/timers.c ****                                 {
 653              		.loc 1 1008 35 view .LVU172
 654 003a 13F0040F 		tst	r3, #4
 655 003e 07D1     		bne	.L71
ARM GAS  /tmp/ccjHUbN4.s 			page 34


1014:Middlewares/Third_Party/FreeRTOS/Source/timers.c ****                                 }
 656              		.loc 1 1014 37 is_stmt 1 view .LVU173
1014:Middlewares/Third_Party/FreeRTOS/Source/timers.c ****                                 }
 657              		.loc 1 1014 55 is_stmt 0 view .LVU174
 658 0040 23F00103 		bic	r3, r3, #1
 659 0044 84F82830 		strb	r3, [r4, #40]
 660              	.L64:
1018:Middlewares/Third_Party/FreeRTOS/Source/timers.c ****                                 pxTimer->pxCallbackFunction( ( TimerHandle_t ) pxTimer );
 661              		.loc 1 1018 62 is_stmt 1 view .LVU175
1019:Middlewares/Third_Party/FreeRTOS/Source/timers.c ****                             }
 662              		.loc 1 1019 33 view .LVU176
1019:Middlewares/Third_Party/FreeRTOS/Source/timers.c ****                             }
 663              		.loc 1 1019 40 is_stmt 0 view .LVU177
 664 0048 236A     		ldr	r3, [r4, #32]
1019:Middlewares/Third_Party/FreeRTOS/Source/timers.c ****                             }
 665              		.loc 1 1019 33 view .LVU178
 666 004a 2046     		mov	r0, r4
 667 004c 9847     		blx	r3
 668              	.LVL66:
 669 004e 0DE0     		b	.L54
 670              	.L71:
1010:Middlewares/Third_Party/FreeRTOS/Source/timers.c ****                                 }
 671              		.loc 1 1010 37 is_stmt 1 view .LVU179
1010:Middlewares/Third_Party/FreeRTOS/Source/timers.c ****                                 }
 672              		.loc 1 1010 113 is_stmt 0 view .LVU180
 673 0050 A369     		ldr	r3, [r4, #24]
1010:Middlewares/Third_Party/FreeRTOS/Source/timers.c ****                                 }
 674              		.loc 1 1010 37 view .LVU181
 675 0052 2A46     		mov	r2, r5
 676 0054 0399     		ldr	r1, [sp, #12]
 677 0056 1944     		add	r1, r1, r3
 678 0058 2046     		mov	r0, r4
 679 005a FFF7FEFF 		bl	prvReloadTimer
 680              	.LVL67:
 681 005e F3E7     		b	.L64
 682              	.LVL68:
 683              	.L60:
1031:Middlewares/Third_Party/FreeRTOS/Source/timers.c ****                             break;
 684              		.loc 1 1031 29 is_stmt 1 view .LVU182
1031:Middlewares/Third_Party/FreeRTOS/Source/timers.c ****                             break;
 685              		.loc 1 1031 36 is_stmt 0 view .LVU183
 686 0060 94F82830 		ldrb	r3, [r4, #40]	@ zero_extendqisi2
1031:Middlewares/Third_Party/FreeRTOS/Source/timers.c ****                             break;
 687              		.loc 1 1031 47 view .LVU184
 688 0064 23F00103 		bic	r3, r3, #1
 689 0068 84F82830 		strb	r3, [r4, #40]
1032:Middlewares/Third_Party/FreeRTOS/Source/timers.c **** 
 690              		.loc 1 1032 29 is_stmt 1 view .LVU185
 691              	.LVL69:
 692              	.L54:
1082:Middlewares/Third_Party/FreeRTOS/Source/timers.c ****                 }
 693              		.loc 1 1082 45 view .LVU186
 941:Middlewares/Third_Party/FreeRTOS/Source/timers.c ****         {
 694              		.loc 1 941 69 view .LVU187
 941:Middlewares/Third_Party/FreeRTOS/Source/timers.c ****         {
 695              		.loc 1 941 16 is_stmt 0 view .LVU188
 696 006c 0022     		movs	r2, #0
ARM GAS  /tmp/ccjHUbN4.s 			page 35


 697 006e 02A9     		add	r1, sp, #8
 698 0070 2A4B     		ldr	r3, .L76
 699 0072 1868     		ldr	r0, [r3]
 700 0074 FFF7FEFF 		bl	xQueueReceive
 701              	.LVL70:
 941:Middlewares/Third_Party/FreeRTOS/Source/timers.c ****         {
 702              		.loc 1 941 69 discriminator 1 view .LVU189
 703 0078 0028     		cmp	r0, #0
 704 007a 4CD0     		beq	.L72
 947:Middlewares/Third_Party/FreeRTOS/Source/timers.c ****                 {
 705              		.loc 1 947 17 is_stmt 1 view .LVU190
 947:Middlewares/Third_Party/FreeRTOS/Source/timers.c ****                 {
 706              		.loc 1 947 29 is_stmt 0 view .LVU191
 707 007c 029B     		ldr	r3, [sp, #8]
 947:Middlewares/Third_Party/FreeRTOS/Source/timers.c ****                 {
 708              		.loc 1 947 19 view .LVU192
 709 007e 002B     		cmp	r3, #0
 710 0080 C6DB     		blt	.L73
 711              	.L55:
 960:Middlewares/Third_Party/FreeRTOS/Source/timers.c ****                 }
 712              		.loc 1 960 45 is_stmt 1 view .LVU193
 967:Middlewares/Third_Party/FreeRTOS/Source/timers.c ****             {
 713              		.loc 1 967 13 view .LVU194
 967:Middlewares/Third_Party/FreeRTOS/Source/timers.c ****             {
 714              		.loc 1 967 25 is_stmt 0 view .LVU195
 715 0082 029B     		ldr	r3, [sp, #8]
 967:Middlewares/Third_Party/FreeRTOS/Source/timers.c ****             {
 716              		.loc 1 967 15 view .LVU196
 717 0084 002B     		cmp	r3, #0
 718 0086 F1DB     		blt	.L54
 971:Middlewares/Third_Party/FreeRTOS/Source/timers.c **** 
 719              		.loc 1 971 17 is_stmt 1 view .LVU197
 971:Middlewares/Third_Party/FreeRTOS/Source/timers.c **** 
 720              		.loc 1 971 25 is_stmt 0 view .LVU198
 721 0088 049C     		ldr	r4, [sp, #16]
 722              	.LVL71:
 973:Middlewares/Third_Party/FreeRTOS/Source/timers.c ****                 {
 723              		.loc 1 973 17 is_stmt 1 view .LVU199
 973:Middlewares/Third_Party/FreeRTOS/Source/timers.c ****                 {
 724              		.loc 1 973 19 is_stmt 0 view .LVU200
 725 008a 002C     		cmp	r4, #0
 726 008c EED0     		beq	.L54
 975:Middlewares/Third_Party/FreeRTOS/Source/timers.c ****                     {
 727              		.loc 1 975 21 is_stmt 1 view .LVU201
 975:Middlewares/Third_Party/FreeRTOS/Source/timers.c ****                     {
 728              		.loc 1 975 25 is_stmt 0 view .LVU202
 729 008e 6369     		ldr	r3, [r4, #20]
 975:Middlewares/Third_Party/FreeRTOS/Source/timers.c ****                     {
 730              		.loc 1 975 23 view .LVU203
 731 0090 13B1     		cbz	r3, .L57
 978:Middlewares/Third_Party/FreeRTOS/Source/timers.c ****                     }
 732              		.loc 1 978 25 is_stmt 1 view .LVU204
 978:Middlewares/Third_Party/FreeRTOS/Source/timers.c ****                     }
 733              		.loc 1 978 34 is_stmt 0 view .LVU205
 734 0092 201D     		adds	r0, r4, #4
 735 0094 FFF7FEFF 		bl	uxListRemove
 736              	.LVL72:
ARM GAS  /tmp/ccjHUbN4.s 			page 36


 737              	.L57:
 982:Middlewares/Third_Party/FreeRTOS/Source/timers.c ****                     }
 738              		.loc 1 982 49 is_stmt 1 view .LVU206
 985:Middlewares/Third_Party/FreeRTOS/Source/timers.c **** 
 739              		.loc 1 985 123 view .LVU207
 993:Middlewares/Third_Party/FreeRTOS/Source/timers.c **** 
 740              		.loc 1 993 21 view .LVU208
 993:Middlewares/Third_Party/FreeRTOS/Source/timers.c **** 
 741              		.loc 1 993 32 is_stmt 0 view .LVU209
 742 0098 01A8     		add	r0, sp, #4
 743 009a FFF7FEFF 		bl	prvSampleTimeNow
 744              	.LVL73:
 745 009e 0546     		mov	r5, r0
 746              	.LVL74:
 995:Middlewares/Third_Party/FreeRTOS/Source/timers.c ****                     {
 747              		.loc 1 995 21 is_stmt 1 view .LVU210
 995:Middlewares/Third_Party/FreeRTOS/Source/timers.c ****                     {
 748              		.loc 1 995 37 is_stmt 0 view .LVU211
 749 00a0 0299     		ldr	r1, [sp, #8]
 995:Middlewares/Third_Party/FreeRTOS/Source/timers.c ****                     {
 750              		.loc 1 995 21 view .LVU212
 751 00a2 0139     		subs	r1, r1, #1
 752 00a4 0829     		cmp	r1, #8
 753 00a6 E1D8     		bhi	.L54
 754 00a8 01A3     		adr	r3, .L59
 755 00aa 53F821F0 		ldr	pc, [r3, r1, lsl #2]
 756 00ae 00BF     		.p2align 2
 757              	.L59:
 758 00b0 1B000000 		.word	.L61+1
 759 00b4 1B000000 		.word	.L61+1
 760 00b8 61000000 		.word	.L60+1
 761 00bc D5000000 		.word	.L58+1
 762 00c0 FB000000 		.word	.L62+1
 763 00c4 1B000000 		.word	.L61+1
 764 00c8 1B000000 		.word	.L61+1
 765 00cc 61000000 		.word	.L60+1
 766 00d0 D5000000 		.word	.L58+1
 767              		.p2align 1
 768              	.L58:
1036:Middlewares/Third_Party/FreeRTOS/Source/timers.c ****                             pxTimer->xTimerPeriodInTicks = xMessage.u.xTimerParameters.xMessageValu
 769              		.loc 1 1036 29 is_stmt 1 view .LVU213
1036:Middlewares/Third_Party/FreeRTOS/Source/timers.c ****                             pxTimer->xTimerPeriodInTicks = xMessage.u.xTimerParameters.xMessageValu
 770              		.loc 1 1036 36 is_stmt 0 view .LVU214
 771 00d4 94F82830 		ldrb	r3, [r4, #40]	@ zero_extendqisi2
1036:Middlewares/Third_Party/FreeRTOS/Source/timers.c ****                             pxTimer->xTimerPeriodInTicks = xMessage.u.xTimerParameters.xMessageValu
 772              		.loc 1 1036 47 view .LVU215
 773 00d8 43F00103 		orr	r3, r3, #1
 774 00dc 84F82830 		strb	r3, [r4, #40]
1037:Middlewares/Third_Party/FreeRTOS/Source/timers.c ****                             configASSERT( ( pxTimer->xTimerPeriodInTicks > 0 ) );
 775              		.loc 1 1037 29 is_stmt 1 view .LVU216
1037:Middlewares/Third_Party/FreeRTOS/Source/timers.c ****                             configASSERT( ( pxTimer->xTimerPeriodInTicks > 0 ) );
 776              		.loc 1 1037 87 is_stmt 0 view .LVU217
 777 00e0 0399     		ldr	r1, [sp, #12]
1037:Middlewares/Third_Party/FreeRTOS/Source/timers.c ****                             configASSERT( ( pxTimer->xTimerPeriodInTicks > 0 ) );
 778              		.loc 1 1037 58 view .LVU218
 779 00e2 A161     		str	r1, [r4, #24]
1038:Middlewares/Third_Party/FreeRTOS/Source/timers.c **** 
ARM GAS  /tmp/ccjHUbN4.s 			page 37


 780              		.loc 1 1038 29 is_stmt 1 view .LVU219
 781 00e4 31B1     		cbz	r1, .L74
1038:Middlewares/Third_Party/FreeRTOS/Source/timers.c **** 
 782              		.loc 1 1038 81 discriminator 2 view .LVU220
1046:Middlewares/Third_Party/FreeRTOS/Source/timers.c ****                             break;
 783              		.loc 1 1046 29 view .LVU221
1046:Middlewares/Third_Party/FreeRTOS/Source/timers.c ****                             break;
 784              		.loc 1 1046 38 is_stmt 0 view .LVU222
 785 00e6 0346     		mov	r3, r0
 786 00e8 0246     		mov	r2, r0
 787 00ea 0144     		add	r1, r1, r0
 788 00ec 2046     		mov	r0, r4
 789              	.LVL75:
1046:Middlewares/Third_Party/FreeRTOS/Source/timers.c ****                             break;
 790              		.loc 1 1046 38 view .LVU223
 791 00ee FFF7FEFF 		bl	prvInsertTimerInActiveList
 792              	.LVL76:
1047:Middlewares/Third_Party/FreeRTOS/Source/timers.c **** 
 793              		.loc 1 1047 29 is_stmt 1 view .LVU224
 794 00f2 BBE7     		b	.L54
 795              	.LVL77:
 796              	.L74:
1038:Middlewares/Third_Party/FreeRTOS/Source/timers.c **** 
 797              		.loc 1 1038 29 discriminator 1 view .LVU225
 798 00f4 FFF7FEFF 		bl	ulSetInterruptMask
 799              	.LVL78:
 800              	.L66:
1038:Middlewares/Third_Party/FreeRTOS/Source/timers.c **** 
 801              		.loc 1 1038 29 discriminator 3 view .LVU226
1038:Middlewares/Third_Party/FreeRTOS/Source/timers.c **** 
 802              		.loc 1 1038 29 discriminator 3 view .LVU227
 803 00f8 FEE7     		b	.L66
 804              	.LVL79:
 805              	.L62:
1055:Middlewares/Third_Party/FreeRTOS/Source/timers.c ****                                 {
 806              		.loc 1 1055 33 view .LVU228
1055:Middlewares/Third_Party/FreeRTOS/Source/timers.c ****                                 {
 807              		.loc 1 1055 46 is_stmt 0 view .LVU229
 808 00fa 94F82830 		ldrb	r3, [r4, #40]	@ zero_extendqisi2
1055:Middlewares/Third_Party/FreeRTOS/Source/timers.c ****                                 {
 809              		.loc 1 1055 35 view .LVU230
 810 00fe 13F0020F 		tst	r3, #2
 811 0102 04D0     		beq	.L75
1061:Middlewares/Third_Party/FreeRTOS/Source/timers.c ****                                 }
 812              		.loc 1 1061 37 is_stmt 1 view .LVU231
1061:Middlewares/Third_Party/FreeRTOS/Source/timers.c ****                                 }
 813              		.loc 1 1061 55 is_stmt 0 view .LVU232
 814 0104 23F00103 		bic	r3, r3, #1
 815 0108 84F82830 		strb	r3, [r4, #40]
 816 010c AEE7     		b	.L54
 817              	.L75:
1057:Middlewares/Third_Party/FreeRTOS/Source/timers.c ****                                 }
 818              		.loc 1 1057 37 is_stmt 1 view .LVU233
 819 010e 2046     		mov	r0, r4
 820              	.LVL80:
1057:Middlewares/Third_Party/FreeRTOS/Source/timers.c ****                                 }
 821              		.loc 1 1057 37 is_stmt 0 view .LVU234
ARM GAS  /tmp/ccjHUbN4.s 			page 38


 822 0110 FFF7FEFF 		bl	vPortFree
 823              	.LVL81:
 824 0114 AAE7     		b	.L54
 825              	.LVL82:
 826              	.L72:
1086:Middlewares/Third_Party/FreeRTOS/Source/timers.c **** /*-----------------------------------------------------------*/
 827              		.loc 1 1086 5 view .LVU235
 828 0116 07B0     		add	sp, sp, #28
 829              	.LCFI11:
 830              		.cfi_def_cfa_offset 12
 831              		@ sp needed
 832 0118 30BD     		pop	{r4, r5, pc}
 833              	.L77:
 834 011a 00BF     		.align	2
 835              	.L76:
 836 011c 00000000 		.word	xTimerQueue
 837              		.cfi_endproc
 838              	.LFE21:
 840              		.section	.text.prvTimerTask,"ax",%progbits
 841              		.align	1
 842              		.syntax unified
 843              		.thumb
 844              		.thumb_func
 846              	prvTimerTask:
 847              	.LFB16:
 745:Middlewares/Third_Party/FreeRTOS/Source/timers.c ****         TickType_t xNextExpireTime;
 848              		.loc 1 745 5 is_stmt 1 view -0
 849              		.cfi_startproc
 850              		@ args = 0, pretend = 0, frame = 8
 851              		@ frame_needed = 0, uses_anonymous_args = 0
 852              	.LVL83:
 745:Middlewares/Third_Party/FreeRTOS/Source/timers.c ****         TickType_t xNextExpireTime;
 853              		.loc 1 745 5 is_stmt 0 view .LVU237
 854 0000 00B5     		push	{lr}
 855              	.LCFI12:
 856              		.cfi_def_cfa_offset 4
 857              		.cfi_offset 14, -4
 858 0002 83B0     		sub	sp, sp, #12
 859              	.LCFI13:
 860              		.cfi_def_cfa_offset 16
 861              	.LVL84:
 862              	.L79:
 746:Middlewares/Third_Party/FreeRTOS/Source/timers.c ****         BaseType_t xListWasEmpty;
 863              		.loc 1 746 9 is_stmt 1 view .LVU238
 747:Middlewares/Third_Party/FreeRTOS/Source/timers.c **** 
 864              		.loc 1 747 9 view .LVU239
 750:Middlewares/Third_Party/FreeRTOS/Source/timers.c **** 
 865              		.loc 1 750 9 view .LVU240
 762:Middlewares/Third_Party/FreeRTOS/Source/timers.c ****         {
 866              		.loc 1 762 9 view .LVU241
 766:Middlewares/Third_Party/FreeRTOS/Source/timers.c **** 
 867              		.loc 1 766 13 view .LVU242
 766:Middlewares/Third_Party/FreeRTOS/Source/timers.c **** 
 868              		.loc 1 766 31 is_stmt 0 view .LVU243
 869 0004 01A8     		add	r0, sp, #4
 870 0006 FFF7FEFF 		bl	prvGetNextExpireTime
 871              	.LVL85:
ARM GAS  /tmp/ccjHUbN4.s 			page 39


 770:Middlewares/Third_Party/FreeRTOS/Source/timers.c **** 
 872              		.loc 1 770 13 is_stmt 1 view .LVU244
 873 000a 0199     		ldr	r1, [sp, #4]
 874 000c FFF7FEFF 		bl	prvProcessTimerOrBlockTask
 875              	.LVL86:
 773:Middlewares/Third_Party/FreeRTOS/Source/timers.c ****         }
 876              		.loc 1 773 13 discriminator 1 view .LVU245
 877 0010 FFF7FEFF 		bl	prvProcessReceivedCommands
 878              	.LVL87:
 762:Middlewares/Third_Party/FreeRTOS/Source/timers.c ****         {
 879              		.loc 1 762 9 view .LVU246
 880 0014 F6E7     		b	.L79
 881              		.cfi_endproc
 882              	.LFE16:
 884              		.section	.rodata.prvCheckForValidListAndQueue.str1.4,"aMS",%progbits,1
 885              		.align	2
 886              	.LC0:
 887 0000 546D7251 		.ascii	"TmrQ\000"
 887      00
 888              		.section	.text.prvCheckForValidListAndQueue,"ax",%progbits
 889              		.align	1
 890              		.syntax unified
 891              		.thumb
 892              		.thumb_func
 894              	prvCheckForValidListAndQueue:
 895              	.LFB23:
1112:Middlewares/Third_Party/FreeRTOS/Source/timers.c **** /*-----------------------------------------------------------*/
1113:Middlewares/Third_Party/FreeRTOS/Source/timers.c **** 
1114:Middlewares/Third_Party/FreeRTOS/Source/timers.c ****     static void prvCheckForValidListAndQueue( void )
1115:Middlewares/Third_Party/FreeRTOS/Source/timers.c ****     {
 896              		.loc 1 1115 5 view -0
 897              		.cfi_startproc
 898              		@ args = 0, pretend = 0, frame = 0
 899              		@ frame_needed = 0, uses_anonymous_args = 0
 900 0000 30B5     		push	{r4, r5, lr}
 901              	.LCFI14:
 902              		.cfi_def_cfa_offset 12
 903              		.cfi_offset 4, -12
 904              		.cfi_offset 5, -8
 905              		.cfi_offset 14, -4
 906 0002 83B0     		sub	sp, sp, #12
 907              	.LCFI15:
 908              		.cfi_def_cfa_offset 24
1116:Middlewares/Third_Party/FreeRTOS/Source/timers.c ****         /* Check that the list from which active timers are referenced, and the
1117:Middlewares/Third_Party/FreeRTOS/Source/timers.c ****          * queue used to communicate with the timer service, have been
1118:Middlewares/Third_Party/FreeRTOS/Source/timers.c ****          * initialised. */
1119:Middlewares/Third_Party/FreeRTOS/Source/timers.c ****         taskENTER_CRITICAL();
 909              		.loc 1 1119 9 view .LVU248
 910 0004 FFF7FEFF 		bl	vPortEnterCritical
 911              	.LVL88:
1120:Middlewares/Third_Party/FreeRTOS/Source/timers.c ****         {
1121:Middlewares/Third_Party/FreeRTOS/Source/timers.c ****             if( xTimerQueue == NULL )
 912              		.loc 1 1121 13 view .LVU249
 913              		.loc 1 1121 29 is_stmt 0 view .LVU250
 914 0008 114B     		ldr	r3, .L85
 915 000a 1B68     		ldr	r3, [r3]
 916              		.loc 1 1121 15 view .LVU251
ARM GAS  /tmp/ccjHUbN4.s 			page 40


 917 000c 1BB1     		cbz	r3, .L84
 918              	.L82:
1122:Middlewares/Third_Party/FreeRTOS/Source/timers.c ****             {
1123:Middlewares/Third_Party/FreeRTOS/Source/timers.c ****                 vListInitialise( &xActiveTimerList1 );
1124:Middlewares/Third_Party/FreeRTOS/Source/timers.c ****                 vListInitialise( &xActiveTimerList2 );
1125:Middlewares/Third_Party/FreeRTOS/Source/timers.c ****                 pxCurrentTimerList = &xActiveTimerList1;
1126:Middlewares/Third_Party/FreeRTOS/Source/timers.c ****                 pxOverflowTimerList = &xActiveTimerList2;
1127:Middlewares/Third_Party/FreeRTOS/Source/timers.c **** 
1128:Middlewares/Third_Party/FreeRTOS/Source/timers.c ****                 #if ( configSUPPORT_STATIC_ALLOCATION == 1 )
1129:Middlewares/Third_Party/FreeRTOS/Source/timers.c ****                 {
1130:Middlewares/Third_Party/FreeRTOS/Source/timers.c ****                     /* The timer queue is allocated statically in case
1131:Middlewares/Third_Party/FreeRTOS/Source/timers.c ****                      * configSUPPORT_DYNAMIC_ALLOCATION is 0. */
1132:Middlewares/Third_Party/FreeRTOS/Source/timers.c ****                     PRIVILEGED_DATA static StaticQueue_t xStaticTimerQueue;
1133:Middlewares/Third_Party/FreeRTOS/Source/timers.c ****                     PRIVILEGED_DATA static uint8_t ucStaticTimerQueueStorage[ ( size_t ) configTIME
1134:Middlewares/Third_Party/FreeRTOS/Source/timers.c **** 
1135:Middlewares/Third_Party/FreeRTOS/Source/timers.c ****                     xTimerQueue = xQueueCreateStatic( ( UBaseType_t ) configTIMER_QUEUE_LENGTH, ( U
1136:Middlewares/Third_Party/FreeRTOS/Source/timers.c ****                 }
1137:Middlewares/Third_Party/FreeRTOS/Source/timers.c ****                 #else
1138:Middlewares/Third_Party/FreeRTOS/Source/timers.c ****                 {
1139:Middlewares/Third_Party/FreeRTOS/Source/timers.c ****                     xTimerQueue = xQueueCreate( ( UBaseType_t ) configTIMER_QUEUE_LENGTH, ( UBaseTy
1140:Middlewares/Third_Party/FreeRTOS/Source/timers.c ****                 }
1141:Middlewares/Third_Party/FreeRTOS/Source/timers.c ****                 #endif /* if ( configSUPPORT_STATIC_ALLOCATION == 1 ) */
1142:Middlewares/Third_Party/FreeRTOS/Source/timers.c **** 
1143:Middlewares/Third_Party/FreeRTOS/Source/timers.c ****                 #if ( configQUEUE_REGISTRY_SIZE > 0 )
1144:Middlewares/Third_Party/FreeRTOS/Source/timers.c ****                 {
1145:Middlewares/Third_Party/FreeRTOS/Source/timers.c ****                     if( xTimerQueue != NULL )
1146:Middlewares/Third_Party/FreeRTOS/Source/timers.c ****                     {
1147:Middlewares/Third_Party/FreeRTOS/Source/timers.c ****                         vQueueAddToRegistry( xTimerQueue, "TmrQ" );
1148:Middlewares/Third_Party/FreeRTOS/Source/timers.c ****                     }
1149:Middlewares/Third_Party/FreeRTOS/Source/timers.c ****                     else
1150:Middlewares/Third_Party/FreeRTOS/Source/timers.c ****                     {
1151:Middlewares/Third_Party/FreeRTOS/Source/timers.c ****                         mtCOVERAGE_TEST_MARKER();
1152:Middlewares/Third_Party/FreeRTOS/Source/timers.c ****                     }
1153:Middlewares/Third_Party/FreeRTOS/Source/timers.c ****                 }
1154:Middlewares/Third_Party/FreeRTOS/Source/timers.c ****                 #endif /* configQUEUE_REGISTRY_SIZE */
1155:Middlewares/Third_Party/FreeRTOS/Source/timers.c ****             }
1156:Middlewares/Third_Party/FreeRTOS/Source/timers.c ****             else
1157:Middlewares/Third_Party/FreeRTOS/Source/timers.c ****             {
1158:Middlewares/Third_Party/FreeRTOS/Source/timers.c ****                 mtCOVERAGE_TEST_MARKER();
 919              		.loc 1 1158 41 is_stmt 1 view .LVU252
1159:Middlewares/Third_Party/FreeRTOS/Source/timers.c ****             }
1160:Middlewares/Third_Party/FreeRTOS/Source/timers.c ****         }
1161:Middlewares/Third_Party/FreeRTOS/Source/timers.c ****         taskEXIT_CRITICAL();
 920              		.loc 1 1161 9 view .LVU253
 921 000e FFF7FEFF 		bl	vPortExitCritical
 922              	.LVL89:
1162:Middlewares/Third_Party/FreeRTOS/Source/timers.c ****     }
 923              		.loc 1 1162 5 is_stmt 0 view .LVU254
 924 0012 03B0     		add	sp, sp, #12
 925              	.LCFI16:
 926              		.cfi_remember_state
 927              		.cfi_def_cfa_offset 12
 928              		@ sp needed
 929 0014 30BD     		pop	{r4, r5, pc}
 930              	.L84:
 931              	.LCFI17:
 932              		.cfi_restore_state
ARM GAS  /tmp/ccjHUbN4.s 			page 41


1123:Middlewares/Third_Party/FreeRTOS/Source/timers.c ****                 vListInitialise( &xActiveTimerList2 );
 933              		.loc 1 1123 17 is_stmt 1 view .LVU255
 934 0016 0F4D     		ldr	r5, .L85+4
 935 0018 2846     		mov	r0, r5
 936 001a FFF7FEFF 		bl	vListInitialise
 937              	.LVL90:
1124:Middlewares/Third_Party/FreeRTOS/Source/timers.c ****                 pxCurrentTimerList = &xActiveTimerList1;
 938              		.loc 1 1124 17 view .LVU256
 939 001e 0E4C     		ldr	r4, .L85+8
 940 0020 2046     		mov	r0, r4
 941 0022 FFF7FEFF 		bl	vListInitialise
 942              	.LVL91:
1125:Middlewares/Third_Party/FreeRTOS/Source/timers.c ****                 pxOverflowTimerList = &xActiveTimerList2;
 943              		.loc 1 1125 17 view .LVU257
1125:Middlewares/Third_Party/FreeRTOS/Source/timers.c ****                 pxOverflowTimerList = &xActiveTimerList2;
 944              		.loc 1 1125 36 is_stmt 0 view .LVU258
 945 0026 0D4B     		ldr	r3, .L85+12
 946 0028 1D60     		str	r5, [r3]
1126:Middlewares/Third_Party/FreeRTOS/Source/timers.c **** 
 947              		.loc 1 1126 17 is_stmt 1 view .LVU259
1126:Middlewares/Third_Party/FreeRTOS/Source/timers.c **** 
 948              		.loc 1 1126 37 is_stmt 0 view .LVU260
 949 002a 0D4B     		ldr	r3, .L85+16
 950 002c 1C60     		str	r4, [r3]
 951              	.LBB3:
1132:Middlewares/Third_Party/FreeRTOS/Source/timers.c ****                     PRIVILEGED_DATA static uint8_t ucStaticTimerQueueStorage[ ( size_t ) configTIME
 952              		.loc 1 1132 37 is_stmt 1 view .LVU261
1133:Middlewares/Third_Party/FreeRTOS/Source/timers.c **** 
 953              		.loc 1 1133 37 view .LVU262
1135:Middlewares/Third_Party/FreeRTOS/Source/timers.c ****                 }
 954              		.loc 1 1135 21 view .LVU263
1135:Middlewares/Third_Party/FreeRTOS/Source/timers.c ****                 }
 955              		.loc 1 1135 35 is_stmt 0 view .LVU264
 956 002e 0023     		movs	r3, #0
 957 0030 0093     		str	r3, [sp]
 958 0032 0C4B     		ldr	r3, .L85+20
 959 0034 0C4A     		ldr	r2, .L85+24
 960 0036 1021     		movs	r1, #16
 961 0038 0A20     		movs	r0, #10
 962 003a FFF7FEFF 		bl	xQueueGenericCreateStatic
 963              	.LVL92:
1135:Middlewares/Third_Party/FreeRTOS/Source/timers.c ****                 }
 964              		.loc 1 1135 33 discriminator 1 view .LVU265
 965 003e 044B     		ldr	r3, .L85
 966 0040 1860     		str	r0, [r3]
 967              	.LBE3:
1145:Middlewares/Third_Party/FreeRTOS/Source/timers.c ****                     {
 968              		.loc 1 1145 21 is_stmt 1 view .LVU266
1145:Middlewares/Third_Party/FreeRTOS/Source/timers.c ****                     {
 969              		.loc 1 1145 23 is_stmt 0 view .LVU267
 970 0042 0028     		cmp	r0, #0
 971 0044 E3D0     		beq	.L82
1147:Middlewares/Third_Party/FreeRTOS/Source/timers.c ****                     }
 972              		.loc 1 1147 25 is_stmt 1 view .LVU268
 973 0046 0949     		ldr	r1, .L85+28
 974 0048 FFF7FEFF 		bl	vQueueAddToRegistry
 975              	.LVL93:
ARM GAS  /tmp/ccjHUbN4.s 			page 42


 976 004c DFE7     		b	.L82
 977              	.L86:
 978 004e 00BF     		.align	2
 979              	.L85:
 980 0050 00000000 		.word	xTimerQueue
 981 0054 00000000 		.word	xActiveTimerList1
 982 0058 00000000 		.word	xActiveTimerList2
 983 005c 00000000 		.word	pxCurrentTimerList
 984 0060 00000000 		.word	pxOverflowTimerList
 985 0064 00000000 		.word	xStaticTimerQueue.0
 986 0068 00000000 		.word	ucStaticTimerQueueStorage.1
 987 006c 00000000 		.word	.LC0
 988              		.cfi_endproc
 989              	.LFE23:
 991              		.section	.text.prvInitialiseNewTimer,"ax",%progbits
 992              		.align	1
 993              		.syntax unified
 994              		.thumb
 995              		.thumb_func
 997              	prvInitialiseNewTimer:
 998              	.LVL94:
 999              	.LFB3:
 423:Middlewares/Third_Party/FreeRTOS/Source/timers.c ****         /* 0 is not a valid value for xTimerPeriodInTicks. */
 1000              		.loc 1 423 5 view -0
 1001              		.cfi_startproc
 1002              		@ args = 8, pretend = 0, frame = 0
 1003              		@ frame_needed = 0, uses_anonymous_args = 0
 423:Middlewares/Third_Party/FreeRTOS/Source/timers.c ****         /* 0 is not a valid value for xTimerPeriodInTicks. */
 1004              		.loc 1 423 5 is_stmt 0 view .LVU270
 1005 0000 2DE9F041 		push	{r4, r5, r6, r7, r8, lr}
 1006              	.LCFI18:
 1007              		.cfi_def_cfa_offset 24
 1008              		.cfi_offset 4, -24
 1009              		.cfi_offset 5, -20
 1010              		.cfi_offset 6, -16
 1011              		.cfi_offset 7, -12
 1012              		.cfi_offset 8, -8
 1013              		.cfi_offset 14, -4
 1014 0004 079C     		ldr	r4, [sp, #28]
 425:Middlewares/Third_Party/FreeRTOS/Source/timers.c **** 
 1015              		.loc 1 425 9 is_stmt 1 view .LVU271
 1016 0006 11B9     		cbnz	r1, .L88
 425:Middlewares/Third_Party/FreeRTOS/Source/timers.c **** 
 1017              		.loc 1 425 9 discriminator 1 view .LVU272
 1018 0008 FFF7FEFF 		bl	ulSetInterruptMask
 1019              	.LVL95:
 1020              	.L89:
 425:Middlewares/Third_Party/FreeRTOS/Source/timers.c **** 
 1021              		.loc 1 425 9 discriminator 3 view .LVU273
 425:Middlewares/Third_Party/FreeRTOS/Source/timers.c **** 
 1022              		.loc 1 425 9 discriminator 3 view .LVU274
 1023 000c FEE7     		b	.L89
 1024              	.LVL96:
 1025              	.L88:
 425:Middlewares/Third_Party/FreeRTOS/Source/timers.c **** 
 1026              		.loc 1 425 9 is_stmt 0 discriminator 3 view .LVU275
 1027 000e 0746     		mov	r7, r0
ARM GAS  /tmp/ccjHUbN4.s 			page 43


 1028 0010 1546     		mov	r5, r2
 1029 0012 1E46     		mov	r6, r3
 1030 0014 8846     		mov	r8, r1
 425:Middlewares/Third_Party/FreeRTOS/Source/timers.c **** 
 1031              		.loc 1 425 52 is_stmt 1 discriminator 2 view .LVU276
 429:Middlewares/Third_Party/FreeRTOS/Source/timers.c **** 
 1032              		.loc 1 429 9 view .LVU277
 1033 0016 FFF7FEFF 		bl	prvCheckForValidListAndQueue
 1034              	.LVL97:
 433:Middlewares/Third_Party/FreeRTOS/Source/timers.c ****         pxNewTimer->xTimerPeriodInTicks = xTimerPeriodInTicks;
 1035              		.loc 1 433 9 view .LVU278
 433:Middlewares/Third_Party/FreeRTOS/Source/timers.c ****         pxNewTimer->xTimerPeriodInTicks = xTimerPeriodInTicks;
 1036              		.loc 1 433 33 is_stmt 0 view .LVU279
 1037 001a 2760     		str	r7, [r4]
 434:Middlewares/Third_Party/FreeRTOS/Source/timers.c ****         pxNewTimer->pvTimerID = pvTimerID;
 1038              		.loc 1 434 9 is_stmt 1 view .LVU280
 434:Middlewares/Third_Party/FreeRTOS/Source/timers.c ****         pxNewTimer->pvTimerID = pvTimerID;
 1039              		.loc 1 434 41 is_stmt 0 view .LVU281
 1040 001c C4F81880 		str	r8, [r4, #24]
 435:Middlewares/Third_Party/FreeRTOS/Source/timers.c ****         pxNewTimer->pxCallbackFunction = pxCallbackFunction;
 1041              		.loc 1 435 9 is_stmt 1 view .LVU282
 435:Middlewares/Third_Party/FreeRTOS/Source/timers.c ****         pxNewTimer->pxCallbackFunction = pxCallbackFunction;
 1042              		.loc 1 435 31 is_stmt 0 view .LVU283
 1043 0020 E661     		str	r6, [r4, #28]
 436:Middlewares/Third_Party/FreeRTOS/Source/timers.c ****         vListInitialiseItem( &( pxNewTimer->xTimerListItem ) );
 1044              		.loc 1 436 9 is_stmt 1 view .LVU284
 436:Middlewares/Third_Party/FreeRTOS/Source/timers.c ****         vListInitialiseItem( &( pxNewTimer->xTimerListItem ) );
 1045              		.loc 1 436 40 is_stmt 0 view .LVU285
 1046 0022 069B     		ldr	r3, [sp, #24]
 1047 0024 2362     		str	r3, [r4, #32]
 437:Middlewares/Third_Party/FreeRTOS/Source/timers.c **** 
 1048              		.loc 1 437 9 is_stmt 1 view .LVU286
 1049 0026 201D     		adds	r0, r4, #4
 1050 0028 FFF7FEFF 		bl	vListInitialiseItem
 1051              	.LVL98:
 439:Middlewares/Third_Party/FreeRTOS/Source/timers.c ****         {
 1052              		.loc 1 439 9 view .LVU287
 439:Middlewares/Third_Party/FreeRTOS/Source/timers.c ****         {
 1053              		.loc 1 439 11 is_stmt 0 view .LVU288
 1054 002c 2DB1     		cbz	r5, .L87
 441:Middlewares/Third_Party/FreeRTOS/Source/timers.c ****         }
 1055              		.loc 1 441 13 is_stmt 1 view .LVU289
 441:Middlewares/Third_Party/FreeRTOS/Source/timers.c ****         }
 1056              		.loc 1 441 23 is_stmt 0 view .LVU290
 1057 002e 94F82830 		ldrb	r3, [r4, #40]	@ zero_extendqisi2
 441:Middlewares/Third_Party/FreeRTOS/Source/timers.c ****         }
 1058              		.loc 1 441 34 view .LVU291
 1059 0032 43F00403 		orr	r3, r3, #4
 1060 0036 84F82830 		strb	r3, [r4, #40]
 444:Middlewares/Third_Party/FreeRTOS/Source/timers.c ****     }
 1061              		.loc 1 444 40 is_stmt 1 view .LVU292
 1062              	.L87:
 445:Middlewares/Third_Party/FreeRTOS/Source/timers.c **** /*-----------------------------------------------------------*/
 1063              		.loc 1 445 5 is_stmt 0 view .LVU293
 1064 003a BDE8F081 		pop	{r4, r5, r6, r7, r8, pc}
 445:Middlewares/Third_Party/FreeRTOS/Source/timers.c **** /*-----------------------------------------------------------*/
 1065              		.loc 1 445 5 view .LVU294
ARM GAS  /tmp/ccjHUbN4.s 			page 44


 1066              		.cfi_endproc
 1067              	.LFE3:
 1069              		.section	.rodata.xTimerCreateTimerTask.str1.4,"aMS",%progbits,1
 1070              		.align	2
 1071              	.LC1:
 1072 0000 546D7220 		.ascii	"Tmr Svc\000"
 1072      53766300 
 1073              		.section	.text.xTimerCreateTimerTask,"ax",%progbits
 1074              		.align	1
 1075              		.global	xTimerCreateTimerTask
 1076              		.syntax unified
 1077              		.thumb
 1078              		.thumb_func
 1080              	xTimerCreateTimerTask:
 1081              	.LFB0:
 238:Middlewares/Third_Party/FreeRTOS/Source/timers.c ****         BaseType_t xReturn = pdFAIL;
 1082              		.loc 1 238 5 is_stmt 1 view -0
 1083              		.cfi_startproc
 1084              		@ args = 0, pretend = 0, frame = 16
 1085              		@ frame_needed = 0, uses_anonymous_args = 0
 1086 0000 10B5     		push	{r4, lr}
 1087              	.LCFI19:
 1088              		.cfi_def_cfa_offset 8
 1089              		.cfi_offset 4, -8
 1090              		.cfi_offset 14, -4
 1091 0002 88B0     		sub	sp, sp, #32
 1092              	.LCFI20:
 1093              		.cfi_def_cfa_offset 40
 239:Middlewares/Third_Party/FreeRTOS/Source/timers.c **** 
 1094              		.loc 1 239 9 view .LVU296
 1095              	.LVL99:
 241:Middlewares/Third_Party/FreeRTOS/Source/timers.c **** 
 1096              		.loc 1 241 43 view .LVU297
 247:Middlewares/Third_Party/FreeRTOS/Source/timers.c **** 
 1097              		.loc 1 247 9 view .LVU298
 1098 0004 FFF7FEFF 		bl	prvCheckForValidListAndQueue
 1099              	.LVL100:
 249:Middlewares/Third_Party/FreeRTOS/Source/timers.c ****         {
 1100              		.loc 1 249 9 view .LVU299
 249:Middlewares/Third_Party/FreeRTOS/Source/timers.c ****         {
 1101              		.loc 1 249 25 is_stmt 0 view .LVU300
 1102 0008 0F4B     		ldr	r3, .L98
 1103 000a 1B68     		ldr	r3, [r3]
 249:Middlewares/Third_Party/FreeRTOS/Source/timers.c ****         {
 1104              		.loc 1 249 11 view .LVU301
 1105 000c CBB1     		cbz	r3, .L93
 1106              	.LBB4:
 290:Middlewares/Third_Party/FreeRTOS/Source/timers.c ****                     StackType_t * pxTimerTaskStackBuffer = NULL;
 1107              		.loc 1 290 21 is_stmt 1 view .LVU302
 290:Middlewares/Third_Party/FreeRTOS/Source/timers.c ****                     StackType_t * pxTimerTaskStackBuffer = NULL;
 1108              		.loc 1 290 36 is_stmt 0 view .LVU303
 1109 000e 0024     		movs	r4, #0
 1110 0010 0594     		str	r4, [sp, #20]
 291:Middlewares/Third_Party/FreeRTOS/Source/timers.c ****                     configSTACK_DEPTH_TYPE uxTimerTaskStackSize;
 1111              		.loc 1 291 21 is_stmt 1 view .LVU304
 291:Middlewares/Third_Party/FreeRTOS/Source/timers.c ****                     configSTACK_DEPTH_TYPE uxTimerTaskStackSize;
 1112              		.loc 1 291 35 is_stmt 0 view .LVU305
ARM GAS  /tmp/ccjHUbN4.s 			page 45


 1113 0012 0694     		str	r4, [sp, #24]
 292:Middlewares/Third_Party/FreeRTOS/Source/timers.c **** 
 1114              		.loc 1 292 21 is_stmt 1 view .LVU306
 294:Middlewares/Third_Party/FreeRTOS/Source/timers.c ****                     xTimerTaskHandle = xTaskCreateStatic( &prvTimerTask,
 1115              		.loc 1 294 21 view .LVU307
 1116 0014 07AA     		add	r2, sp, #28
 1117 0016 06A9     		add	r1, sp, #24
 1118 0018 05A8     		add	r0, sp, #20
 1119 001a FFF7FEFF 		bl	vApplicationGetTimerTaskMemory
 1120              	.LVL101:
 295:Middlewares/Third_Party/FreeRTOS/Source/timers.c ****                                                           configTIMER_SERVICE_TASK_NAME,
 1121              		.loc 1 295 21 view .LVU308
 295:Middlewares/Third_Party/FreeRTOS/Source/timers.c ****                                                           configTIMER_SERVICE_TASK_NAME,
 1122              		.loc 1 295 40 is_stmt 0 view .LVU309
 1123 001e 059B     		ldr	r3, [sp, #20]
 1124 0020 0293     		str	r3, [sp, #8]
 1125 0022 069B     		ldr	r3, [sp, #24]
 1126 0024 0193     		str	r3, [sp, #4]
 1127 0026 0223     		movs	r3, #2
 1128 0028 0093     		str	r3, [sp]
 1129 002a 2346     		mov	r3, r4
 1130 002c 079A     		ldr	r2, [sp, #28]
 1131 002e 0749     		ldr	r1, .L98+4
 1132 0030 0748     		ldr	r0, .L98+8
 1133 0032 FFF7FEFF 		bl	xTaskCreateStatic
 1134              	.LVL102:
 295:Middlewares/Third_Party/FreeRTOS/Source/timers.c ****                                                           configTIMER_SERVICE_TASK_NAME,
 1135              		.loc 1 295 38 discriminator 1 view .LVU310
 1136 0036 074B     		ldr	r3, .L98+12
 1137 0038 1860     		str	r0, [r3]
 303:Middlewares/Third_Party/FreeRTOS/Source/timers.c ****                     {
 1138              		.loc 1 303 21 is_stmt 1 view .LVU311
 303:Middlewares/Third_Party/FreeRTOS/Source/timers.c ****                     {
 1139              		.loc 1 303 23 is_stmt 0 view .LVU312
 1140 003a 10B1     		cbz	r0, .L93
 1141              	.LBE4:
 331:Middlewares/Third_Party/FreeRTOS/Source/timers.c **** /*-----------------------------------------------------------*/
 1142              		.loc 1 331 5 view .LVU313
 1143 003c 0120     		movs	r0, #1
 1144 003e 08B0     		add	sp, sp, #32
 1145              	.LCFI21:
 1146              		.cfi_remember_state
 1147              		.cfi_def_cfa_offset 8
 1148              		@ sp needed
 1149 0040 10BD     		pop	{r4, pc}
 1150              	.L93:
 1151              	.LCFI22:
 1152              		.cfi_restore_state
 1153              	.LVL103:
 326:Middlewares/Third_Party/FreeRTOS/Source/timers.c **** 
 1154              		.loc 1 326 9 is_stmt 1 discriminator 1 view .LVU314
 1155 0042 FFF7FEFF 		bl	ulSetInterruptMask
 1156              	.LVL104:
 1157              	.L95:
 326:Middlewares/Third_Party/FreeRTOS/Source/timers.c **** 
 1158              		.loc 1 326 9 discriminator 3 view .LVU315
 326:Middlewares/Third_Party/FreeRTOS/Source/timers.c **** 
ARM GAS  /tmp/ccjHUbN4.s 			page 46


 1159              		.loc 1 326 9 discriminator 3 view .LVU316
 1160 0046 FEE7     		b	.L95
 1161              	.L99:
 1162              		.align	2
 1163              	.L98:
 1164 0048 00000000 		.word	xTimerQueue
 1165 004c 00000000 		.word	.LC1
 1166 0050 00000000 		.word	prvTimerTask
 1167 0054 00000000 		.word	xTimerTaskHandle
 1168              		.cfi_endproc
 1169              	.LFE0:
 1171              		.section	.text.xTimerCreate,"ax",%progbits
 1172              		.align	1
 1173              		.global	xTimerCreate
 1174              		.syntax unified
 1175              		.thumb
 1176              		.thumb_func
 1178              	xTimerCreate:
 1179              	.LVL105:
 1180              	.LFB1:
 341:Middlewares/Third_Party/FreeRTOS/Source/timers.c ****             Timer_t * pxNewTimer;
 1181              		.loc 1 341 9 view -0
 1182              		.cfi_startproc
 1183              		@ args = 4, pretend = 0, frame = 0
 1184              		@ frame_needed = 0, uses_anonymous_args = 0
 341:Middlewares/Third_Party/FreeRTOS/Source/timers.c ****             Timer_t * pxNewTimer;
 1185              		.loc 1 341 9 is_stmt 0 view .LVU318
 1186 0000 2DE9F041 		push	{r4, r5, r6, r7, r8, lr}
 1187              	.LCFI23:
 1188              		.cfi_def_cfa_offset 24
 1189              		.cfi_offset 4, -24
 1190              		.cfi_offset 5, -20
 1191              		.cfi_offset 6, -16
 1192              		.cfi_offset 7, -12
 1193              		.cfi_offset 8, -8
 1194              		.cfi_offset 14, -4
 1195 0004 82B0     		sub	sp, sp, #8
 1196              	.LCFI24:
 1197              		.cfi_def_cfa_offset 32
 1198 0006 0446     		mov	r4, r0
 1199 0008 8846     		mov	r8, r1
 1200 000a 1746     		mov	r7, r2
 1201 000c 1D46     		mov	r5, r3
 342:Middlewares/Third_Party/FreeRTOS/Source/timers.c **** 
 1202              		.loc 1 342 13 is_stmt 1 view .LVU319
 344:Middlewares/Third_Party/FreeRTOS/Source/timers.c **** 
 1203              		.loc 1 344 116 view .LVU320
 349:Middlewares/Third_Party/FreeRTOS/Source/timers.c **** 
 1204              		.loc 1 349 13 view .LVU321
 349:Middlewares/Third_Party/FreeRTOS/Source/timers.c **** 
 1205              		.loc 1 349 40 is_stmt 0 view .LVU322
 1206 000e 2C20     		movs	r0, #44
 1207              	.LVL106:
 349:Middlewares/Third_Party/FreeRTOS/Source/timers.c **** 
 1208              		.loc 1 349 40 view .LVU323
 1209 0010 FFF7FEFF 		bl	pvPortMalloc
 1210              	.LVL107:
ARM GAS  /tmp/ccjHUbN4.s 			page 47


 351:Middlewares/Third_Party/FreeRTOS/Source/timers.c ****             {
 1211              		.loc 1 351 13 is_stmt 1 view .LVU324
 351:Middlewares/Third_Party/FreeRTOS/Source/timers.c ****             {
 1212              		.loc 1 351 15 is_stmt 0 view .LVU325
 1213 0014 0646     		mov	r6, r0
 1214 0016 58B1     		cbz	r0, .L100
 356:Middlewares/Third_Party/FreeRTOS/Source/timers.c ****                 prvInitialiseNewTimer( pcTimerName, xTimerPeriodInTicks, xAutoReload, pvTimerID, px
 1215              		.loc 1 356 17 is_stmt 1 view .LVU326
 356:Middlewares/Third_Party/FreeRTOS/Source/timers.c ****                 prvInitialiseNewTimer( pcTimerName, xTimerPeriodInTicks, xAutoReload, pvTimerID, px
 1216              		.loc 1 356 38 is_stmt 0 view .LVU327
 1217 0018 0023     		movs	r3, #0
 1218 001a 80F82830 		strb	r3, [r0, #40]
 357:Middlewares/Third_Party/FreeRTOS/Source/timers.c ****             }
 1219              		.loc 1 357 17 is_stmt 1 view .LVU328
 1220 001e 0190     		str	r0, [sp, #4]
 1221 0020 089B     		ldr	r3, [sp, #32]
 1222 0022 0093     		str	r3, [sp]
 1223 0024 2B46     		mov	r3, r5
 1224 0026 3A46     		mov	r2, r7
 1225 0028 4146     		mov	r1, r8
 1226 002a 2046     		mov	r0, r4
 1227              	.LVL108:
 357:Middlewares/Third_Party/FreeRTOS/Source/timers.c ****             }
 1228              		.loc 1 357 17 is_stmt 0 view .LVU329
 1229 002c FFF7FEFF 		bl	prvInitialiseNewTimer
 1230              	.LVL109:
 360:Middlewares/Third_Party/FreeRTOS/Source/timers.c **** 
 1231              		.loc 1 360 51 is_stmt 1 view .LVU330
 362:Middlewares/Third_Party/FreeRTOS/Source/timers.c ****         }
 1232              		.loc 1 362 13 view .LVU331
 1233              	.L100:
 363:Middlewares/Third_Party/FreeRTOS/Source/timers.c **** 
 1234              		.loc 1 363 9 is_stmt 0 view .LVU332
 1235 0030 3046     		mov	r0, r6
 1236 0032 02B0     		add	sp, sp, #8
 1237              	.LCFI25:
 1238              		.cfi_def_cfa_offset 24
 1239              		@ sp needed
 1240 0034 BDE8F081 		pop	{r4, r5, r6, r7, r8, pc}
 363:Middlewares/Third_Party/FreeRTOS/Source/timers.c **** 
 1241              		.loc 1 363 9 view .LVU333
 1242              		.cfi_endproc
 1243              	.LFE1:
 1245              		.section	.text.xTimerCreateStatic,"ax",%progbits
 1246              		.align	1
 1247              		.global	xTimerCreateStatic
 1248              		.syntax unified
 1249              		.thumb
 1250              		.thumb_func
 1252              	xTimerCreateStatic:
 1253              	.LVL110:
 1254              	.LFB2:
 376:Middlewares/Third_Party/FreeRTOS/Source/timers.c ****             Timer_t * pxNewTimer;
 1255              		.loc 1 376 9 is_stmt 1 view -0
 1256              		.cfi_startproc
 1257              		@ args = 8, pretend = 0, frame = 8
 1258              		@ frame_needed = 0, uses_anonymous_args = 0
ARM GAS  /tmp/ccjHUbN4.s 			page 48


 376:Middlewares/Third_Party/FreeRTOS/Source/timers.c ****             Timer_t * pxNewTimer;
 1259              		.loc 1 376 9 is_stmt 0 view .LVU335
 1260 0000 30B5     		push	{r4, r5, lr}
 1261              	.LCFI26:
 1262              		.cfi_def_cfa_offset 12
 1263              		.cfi_offset 4, -12
 1264              		.cfi_offset 5, -8
 1265              		.cfi_offset 14, -4
 1266 0002 85B0     		sub	sp, sp, #20
 1267              	.LCFI27:
 1268              		.cfi_def_cfa_offset 32
 1269 0004 099C     		ldr	r4, [sp, #36]
 377:Middlewares/Third_Party/FreeRTOS/Source/timers.c **** 
 1270              		.loc 1 377 13 is_stmt 1 view .LVU336
 379:Middlewares/Third_Party/FreeRTOS/Source/timers.c **** 
 1271              		.loc 1 379 137 view .LVU337
 1272              	.LBB5:
 386:Middlewares/Third_Party/FreeRTOS/Source/timers.c ****                 configASSERT( xSize == sizeof( Timer_t ) );
 1273              		.loc 1 386 17 view .LVU338
 386:Middlewares/Third_Party/FreeRTOS/Source/timers.c ****                 configASSERT( xSize == sizeof( Timer_t ) );
 1274              		.loc 1 386 33 is_stmt 0 view .LVU339
 1275 0006 2C25     		movs	r5, #44
 1276 0008 0395     		str	r5, [sp, #12]
 387:Middlewares/Third_Party/FreeRTOS/Source/timers.c ****                 ( void ) xSize; /* Prevent unused variable warning when configASSERT() is not defin
 1277              		.loc 1 387 17 is_stmt 1 view .LVU340
 1278 000a 039D     		ldr	r5, [sp, #12]
 1279 000c 2C2D     		cmp	r5, #44
 1280 000e 0CD1     		bne	.L109
 387:Middlewares/Third_Party/FreeRTOS/Source/timers.c ****                 ( void ) xSize; /* Prevent unused variable warning when configASSERT() is not defin
 1281              		.loc 1 387 59 discriminator 2 view .LVU341
 388:Middlewares/Third_Party/FreeRTOS/Source/timers.c ****             }
 1282              		.loc 1 388 17 view .LVU342
 1283 0010 039D     		ldr	r5, [sp, #12]
 1284              	.LBE5:
 393:Middlewares/Third_Party/FreeRTOS/Source/timers.c ****             /* MISRA Ref 11.3.1 [Misaligned access] */
 1285              		.loc 1 393 13 view .LVU343
 1286 0012 6CB1     		cbz	r4, .L110
 393:Middlewares/Third_Party/FreeRTOS/Source/timers.c ****             /* MISRA Ref 11.3.1 [Misaligned access] */
 1287              		.loc 1 393 42 discriminator 2 view .LVU344
 397:Middlewares/Third_Party/FreeRTOS/Source/timers.c **** 
 1288              		.loc 1 397 13 view .LVU345
 1289              	.LVL111:
 399:Middlewares/Third_Party/FreeRTOS/Source/timers.c ****             {
 1290              		.loc 1 399 13 view .LVU346
 404:Middlewares/Third_Party/FreeRTOS/Source/timers.c **** 
 1291              		.loc 1 404 17 view .LVU347
 404:Middlewares/Third_Party/FreeRTOS/Source/timers.c **** 
 1292              		.loc 1 404 38 is_stmt 0 view .LVU348
 1293 0014 0225     		movs	r5, #2
 1294 0016 84F82850 		strb	r5, [r4, #40]
 406:Middlewares/Third_Party/FreeRTOS/Source/timers.c ****             }
 1295              		.loc 1 406 17 is_stmt 1 view .LVU349
 1296 001a 0194     		str	r4, [sp, #4]
 1297 001c 089D     		ldr	r5, [sp, #32]
 1298 001e 0095     		str	r5, [sp]
 1299 0020 FFF7FEFF 		bl	prvInitialiseNewTimer
 1300              	.LVL112:
ARM GAS  /tmp/ccjHUbN4.s 			page 49


 409:Middlewares/Third_Party/FreeRTOS/Source/timers.c **** 
 1301              		.loc 1 409 57 view .LVU350
 411:Middlewares/Third_Party/FreeRTOS/Source/timers.c ****         }
 1302              		.loc 1 411 13 view .LVU351
 412:Middlewares/Third_Party/FreeRTOS/Source/timers.c **** 
 1303              		.loc 1 412 9 is_stmt 0 view .LVU352
 1304 0024 2046     		mov	r0, r4
 1305 0026 05B0     		add	sp, sp, #20
 1306              	.LCFI28:
 1307              		.cfi_remember_state
 1308              		.cfi_def_cfa_offset 12
 1309              		@ sp needed
 1310 0028 30BD     		pop	{r4, r5, pc}
 1311              	.LVL113:
 1312              	.L109:
 1313              	.LCFI29:
 1314              		.cfi_restore_state
 1315              	.LBB6:
 387:Middlewares/Third_Party/FreeRTOS/Source/timers.c ****                 ( void ) xSize; /* Prevent unused variable warning when configASSERT() is not defin
 1316              		.loc 1 387 17 is_stmt 1 discriminator 1 view .LVU353
 1317 002a FFF7FEFF 		bl	ulSetInterruptMask
 1318              	.LVL114:
 1319              	.L105:
 387:Middlewares/Third_Party/FreeRTOS/Source/timers.c ****                 ( void ) xSize; /* Prevent unused variable warning when configASSERT() is not defin
 1320              		.loc 1 387 17 discriminator 3 view .LVU354
 387:Middlewares/Third_Party/FreeRTOS/Source/timers.c ****                 ( void ) xSize; /* Prevent unused variable warning when configASSERT() is not defin
 1321              		.loc 1 387 17 discriminator 3 view .LVU355
 1322 002e FEE7     		b	.L105
 1323              	.LVL115:
 1324              	.L110:
 387:Middlewares/Third_Party/FreeRTOS/Source/timers.c ****                 ( void ) xSize; /* Prevent unused variable warning when configASSERT() is not defin
 1325              		.loc 1 387 17 is_stmt 0 discriminator 3 view .LVU356
 1326              	.LBE6:
 393:Middlewares/Third_Party/FreeRTOS/Source/timers.c ****             /* MISRA Ref 11.3.1 [Misaligned access] */
 1327              		.loc 1 393 13 is_stmt 1 discriminator 1 view .LVU357
 1328 0030 FFF7FEFF 		bl	ulSetInterruptMask
 1329              	.LVL116:
 1330              	.L107:
 393:Middlewares/Third_Party/FreeRTOS/Source/timers.c ****             /* MISRA Ref 11.3.1 [Misaligned access] */
 1331              		.loc 1 393 13 discriminator 3 view .LVU358
 393:Middlewares/Third_Party/FreeRTOS/Source/timers.c ****             /* MISRA Ref 11.3.1 [Misaligned access] */
 1332              		.loc 1 393 13 discriminator 3 view .LVU359
 1333 0034 FEE7     		b	.L107
 1334              		.cfi_endproc
 1335              	.LFE2:
 1337              		.section	.text.xTimerGenericCommandFromTask,"ax",%progbits
 1338              		.align	1
 1339              		.global	xTimerGenericCommandFromTask
 1340              		.syntax unified
 1341              		.thumb
 1342              		.thumb_func
 1344              	xTimerGenericCommandFromTask:
 1345              	.LVL117:
 1346              	.LFB4:
 453:Middlewares/Third_Party/FreeRTOS/Source/timers.c ****         BaseType_t xReturn = pdFAIL;
 1347              		.loc 1 453 5 view -0
 1348              		.cfi_startproc
ARM GAS  /tmp/ccjHUbN4.s 			page 50


 1349              		@ args = 4, pretend = 0, frame = 16
 1350              		@ frame_needed = 0, uses_anonymous_args = 0
 454:Middlewares/Third_Party/FreeRTOS/Source/timers.c ****         DaemonTaskMessage_t xMessage;
 1351              		.loc 1 454 9 view .LVU361
 455:Middlewares/Third_Party/FreeRTOS/Source/timers.c **** 
 1352              		.loc 1 455 9 view .LVU362
 457:Middlewares/Third_Party/FreeRTOS/Source/timers.c **** 
 1353              		.loc 1 457 9 view .LVU363
 459:Middlewares/Third_Party/FreeRTOS/Source/timers.c **** 
 1354              		.loc 1 459 127 view .LVU364
 463:Middlewares/Third_Party/FreeRTOS/Source/timers.c ****         {
 1355              		.loc 1 463 9 view .LVU365
 463:Middlewares/Third_Party/FreeRTOS/Source/timers.c ****         {
 1356              		.loc 1 463 27 is_stmt 0 view .LVU366
 1357 0000 134B     		ldr	r3, .L123
 1358              	.LVL118:
 463:Middlewares/Third_Party/FreeRTOS/Source/timers.c ****         {
 1359              		.loc 1 463 27 view .LVU367
 1360 0002 1B68     		ldr	r3, [r3]
 463:Middlewares/Third_Party/FreeRTOS/Source/timers.c ****         {
 1361              		.loc 1 463 11 view .LVU368
 1362 0004 03B3     		cbz	r3, .L116
 463:Middlewares/Third_Party/FreeRTOS/Source/timers.c ****         {
 1363              		.loc 1 463 37 discriminator 1 view .LVU369
 1364 0006 08B3     		cbz	r0, .L117
 453:Middlewares/Third_Party/FreeRTOS/Source/timers.c ****         BaseType_t xReturn = pdFAIL;
 1365              		.loc 1 453 5 view .LVU370
 1366 0008 00B5     		push	{lr}
 1367              	.LCFI30:
 1368              		.cfi_def_cfa_offset 4
 1369              		.cfi_offset 14, -4
 1370 000a 85B0     		sub	sp, sp, #20
 1371              	.LCFI31:
 1372              		.cfi_def_cfa_offset 24
 466:Middlewares/Third_Party/FreeRTOS/Source/timers.c ****             xMessage.u.xTimerParameters.xMessageValue = xOptionalValue;
 1373              		.loc 1 466 13 is_stmt 1 view .LVU371
 466:Middlewares/Third_Party/FreeRTOS/Source/timers.c ****             xMessage.u.xTimerParameters.xMessageValue = xOptionalValue;
 1374              		.loc 1 466 33 is_stmt 0 view .LVU372
 1375 000c 0091     		str	r1, [sp]
 467:Middlewares/Third_Party/FreeRTOS/Source/timers.c ****             xMessage.u.xTimerParameters.pxTimer = xTimer;
 1376              		.loc 1 467 13 is_stmt 1 view .LVU373
 467:Middlewares/Third_Party/FreeRTOS/Source/timers.c ****             xMessage.u.xTimerParameters.pxTimer = xTimer;
 1377              		.loc 1 467 55 is_stmt 0 view .LVU374
 1378 000e 0192     		str	r2, [sp, #4]
 468:Middlewares/Third_Party/FreeRTOS/Source/timers.c **** 
 1379              		.loc 1 468 13 is_stmt 1 view .LVU375
 468:Middlewares/Third_Party/FreeRTOS/Source/timers.c **** 
 1380              		.loc 1 468 49 is_stmt 0 view .LVU376
 1381 0010 0290     		str	r0, [sp, #8]
 470:Middlewares/Third_Party/FreeRTOS/Source/timers.c **** 
 1382              		.loc 1 470 13 is_stmt 1 view .LVU377
 1383 0012 0529     		cmp	r1, #5
 1384 0014 02DD     		ble	.L113
 470:Middlewares/Third_Party/FreeRTOS/Source/timers.c **** 
 1385              		.loc 1 470 13 discriminator 1 view .LVU378
 1386 0016 FFF7FEFF 		bl	ulSetInterruptMask
 1387              	.LVL119:
ARM GAS  /tmp/ccjHUbN4.s 			page 51


 1388              	.L114:
 470:Middlewares/Third_Party/FreeRTOS/Source/timers.c **** 
 1389              		.loc 1 470 13 discriminator 3 view .LVU379
 470:Middlewares/Third_Party/FreeRTOS/Source/timers.c **** 
 1390              		.loc 1 470 13 discriminator 3 view .LVU380
 1391 001a FEE7     		b	.L114
 1392              	.LVL120:
 1393              	.L113:
 470:Middlewares/Third_Party/FreeRTOS/Source/timers.c **** 
 1394              		.loc 1 470 67 discriminator 2 view .LVU381
 472:Middlewares/Third_Party/FreeRTOS/Source/timers.c ****             {
 1395              		.loc 1 472 13 view .LVU382
 474:Middlewares/Third_Party/FreeRTOS/Source/timers.c ****                 {
 1396              		.loc 1 474 17 view .LVU383
 474:Middlewares/Third_Party/FreeRTOS/Source/timers.c ****                 {
 1397              		.loc 1 474 21 is_stmt 0 view .LVU384
 1398 001c FFF7FEFF 		bl	xTaskGetSchedulerState
 1399              	.LVL121:
 474:Middlewares/Third_Party/FreeRTOS/Source/timers.c ****                 {
 1400              		.loc 1 474 19 discriminator 1 view .LVU385
 1401 0020 0228     		cmp	r0, #2
 1402 0022 09D0     		beq	.L122
 480:Middlewares/Third_Party/FreeRTOS/Source/timers.c ****                 }
 1403              		.loc 1 480 21 is_stmt 1 view .LVU386
 480:Middlewares/Third_Party/FreeRTOS/Source/timers.c ****                 }
 1404              		.loc 1 480 31 is_stmt 0 view .LVU387
 1405 0024 0023     		movs	r3, #0
 1406 0026 1A46     		mov	r2, r3
 1407 0028 6946     		mov	r1, sp
 1408 002a 0948     		ldr	r0, .L123
 1409 002c 0068     		ldr	r0, [r0]
 1410 002e FFF7FEFF 		bl	xQueueGenericSend
 1411              	.LVL122:
 1412              	.L111:
 494:Middlewares/Third_Party/FreeRTOS/Source/timers.c **** /*-----------------------------------------------------------*/
 1413              		.loc 1 494 5 view .LVU388
 1414 0032 05B0     		add	sp, sp, #20
 1415              	.LCFI32:
 1416              		.cfi_remember_state
 1417              		.cfi_def_cfa_offset 4
 1418              		@ sp needed
 1419 0034 5DF804FB 		ldr	pc, [sp], #4
 1420              	.LVL123:
 1421              	.L122:
 1422              	.LCFI33:
 1423              		.cfi_restore_state
 476:Middlewares/Third_Party/FreeRTOS/Source/timers.c ****                 }
 1424              		.loc 1 476 21 is_stmt 1 view .LVU389
 476:Middlewares/Third_Party/FreeRTOS/Source/timers.c ****                 }
 1425              		.loc 1 476 31 is_stmt 0 view .LVU390
 1426 0038 0023     		movs	r3, #0
 1427 003a 069A     		ldr	r2, [sp, #24]
 1428 003c 6946     		mov	r1, sp
 1429 003e 0448     		ldr	r0, .L123
 1430 0040 0068     		ldr	r0, [r0]
 1431 0042 FFF7FEFF 		bl	xQueueGenericSend
 1432              	.LVL124:
ARM GAS  /tmp/ccjHUbN4.s 			page 52


 476:Middlewares/Third_Party/FreeRTOS/Source/timers.c ****                 }
 1433              		.loc 1 476 31 view .LVU391
 1434 0046 F4E7     		b	.L111
 1435              	.LVL125:
 1436              	.L116:
 1437              	.LCFI34:
 1438              		.cfi_def_cfa_offset 0
 1439              		.cfi_restore 14
 454:Middlewares/Third_Party/FreeRTOS/Source/timers.c ****         DaemonTaskMessage_t xMessage;
 1440              		.loc 1 454 20 view .LVU392
 1441 0048 0020     		movs	r0, #0
 1442              	.LVL126:
 454:Middlewares/Third_Party/FreeRTOS/Source/timers.c ****         DaemonTaskMessage_t xMessage;
 1443              		.loc 1 454 20 view .LVU393
 1444 004a 7047     		bx	lr
 1445              	.LVL127:
 1446              	.L117:
 454:Middlewares/Third_Party/FreeRTOS/Source/timers.c ****         DaemonTaskMessage_t xMessage;
 1447              		.loc 1 454 20 view .LVU394
 1448 004c 0020     		movs	r0, #0
 1449              	.LVL128:
 488:Middlewares/Third_Party/FreeRTOS/Source/timers.c ****         }
 1450              		.loc 1 488 37 is_stmt 1 view .LVU395
 491:Middlewares/Third_Party/FreeRTOS/Source/timers.c **** 
 1451              		.loc 1 491 60 view .LVU396
 493:Middlewares/Third_Party/FreeRTOS/Source/timers.c ****     }
 1452              		.loc 1 493 9 view .LVU397
 494:Middlewares/Third_Party/FreeRTOS/Source/timers.c **** /*-----------------------------------------------------------*/
 1453              		.loc 1 494 5 is_stmt 0 view .LVU398
 1454 004e 7047     		bx	lr
 1455              	.L124:
 1456              		.align	2
 1457              	.L123:
 1458 0050 00000000 		.word	xTimerQueue
 1459              		.cfi_endproc
 1460              	.LFE4:
 1462              		.section	.text.xTimerGenericCommandFromISR,"ax",%progbits
 1463              		.align	1
 1464              		.global	xTimerGenericCommandFromISR
 1465              		.syntax unified
 1466              		.thumb
 1467              		.thumb_func
 1469              	xTimerGenericCommandFromISR:
 1470              	.LVL129:
 1471              	.LFB5:
 502:Middlewares/Third_Party/FreeRTOS/Source/timers.c ****         BaseType_t xReturn = pdFAIL;
 1472              		.loc 1 502 5 is_stmt 1 view -0
 1473              		.cfi_startproc
 1474              		@ args = 4, pretend = 0, frame = 16
 1475              		@ frame_needed = 0, uses_anonymous_args = 0
 502:Middlewares/Third_Party/FreeRTOS/Source/timers.c ****         BaseType_t xReturn = pdFAIL;
 1476              		.loc 1 502 5 is_stmt 0 view .LVU400
 1477 0000 10B5     		push	{r4, lr}
 1478              	.LCFI35:
 1479              		.cfi_def_cfa_offset 8
 1480              		.cfi_offset 4, -8
 1481              		.cfi_offset 14, -4
ARM GAS  /tmp/ccjHUbN4.s 			page 53


 1482 0002 84B0     		sub	sp, sp, #16
 1483              	.LCFI36:
 1484              		.cfi_def_cfa_offset 24
 1485 0004 9C46     		mov	ip, r3
 503:Middlewares/Third_Party/FreeRTOS/Source/timers.c ****         DaemonTaskMessage_t xMessage;
 1486              		.loc 1 503 9 is_stmt 1 view .LVU401
 1487              	.LVL130:
 504:Middlewares/Third_Party/FreeRTOS/Source/timers.c **** 
 1488              		.loc 1 504 9 view .LVU402
 506:Middlewares/Third_Party/FreeRTOS/Source/timers.c **** 
 1489              		.loc 1 506 9 view .LVU403
 508:Middlewares/Third_Party/FreeRTOS/Source/timers.c **** 
 1490              		.loc 1 508 126 view .LVU404
 512:Middlewares/Third_Party/FreeRTOS/Source/timers.c ****         {
 1491              		.loc 1 512 9 view .LVU405
 512:Middlewares/Third_Party/FreeRTOS/Source/timers.c ****         {
 1492              		.loc 1 512 27 is_stmt 0 view .LVU406
 1493 0006 0C4B     		ldr	r3, .L132
 1494              	.LVL131:
 512:Middlewares/Third_Party/FreeRTOS/Source/timers.c ****         {
 1495              		.loc 1 512 27 view .LVU407
 1496 0008 1C68     		ldr	r4, [r3]
 512:Middlewares/Third_Party/FreeRTOS/Source/timers.c ****         {
 1497              		.loc 1 512 11 view .LVU408
 1498 000a 7CB1     		cbz	r4, .L129
 512:Middlewares/Third_Party/FreeRTOS/Source/timers.c ****         {
 1499              		.loc 1 512 37 discriminator 1 view .LVU409
 1500 000c 88B1     		cbz	r0, .L130
 515:Middlewares/Third_Party/FreeRTOS/Source/timers.c ****             xMessage.u.xTimerParameters.xMessageValue = xOptionalValue;
 1501              		.loc 1 515 13 is_stmt 1 view .LVU410
 515:Middlewares/Third_Party/FreeRTOS/Source/timers.c ****             xMessage.u.xTimerParameters.xMessageValue = xOptionalValue;
 1502              		.loc 1 515 33 is_stmt 0 view .LVU411
 1503 000e 0091     		str	r1, [sp]
 516:Middlewares/Third_Party/FreeRTOS/Source/timers.c ****             xMessage.u.xTimerParameters.pxTimer = xTimer;
 1504              		.loc 1 516 13 is_stmt 1 view .LVU412
 516:Middlewares/Third_Party/FreeRTOS/Source/timers.c ****             xMessage.u.xTimerParameters.pxTimer = xTimer;
 1505              		.loc 1 516 55 is_stmt 0 view .LVU413
 1506 0010 0192     		str	r2, [sp, #4]
 517:Middlewares/Third_Party/FreeRTOS/Source/timers.c **** 
 1507              		.loc 1 517 13 is_stmt 1 view .LVU414
 517:Middlewares/Third_Party/FreeRTOS/Source/timers.c **** 
 1508              		.loc 1 517 49 is_stmt 0 view .LVU415
 1509 0012 0290     		str	r0, [sp, #8]
 519:Middlewares/Third_Party/FreeRTOS/Source/timers.c **** 
 1510              		.loc 1 519 13 is_stmt 1 view .LVU416
 1511 0014 0529     		cmp	r1, #5
 1512 0016 02DC     		bgt	.L127
 519:Middlewares/Third_Party/FreeRTOS/Source/timers.c **** 
 1513              		.loc 1 519 13 discriminator 1 view .LVU417
 1514 0018 FFF7FEFF 		bl	ulSetInterruptMask
 1515              	.LVL132:
 1516              	.L128:
 519:Middlewares/Third_Party/FreeRTOS/Source/timers.c **** 
 1517              		.loc 1 519 13 discriminator 3 view .LVU418
 519:Middlewares/Third_Party/FreeRTOS/Source/timers.c **** 
 1518              		.loc 1 519 13 discriminator 3 view .LVU419
 1519 001c FEE7     		b	.L128
ARM GAS  /tmp/ccjHUbN4.s 			page 54


 1520              	.LVL133:
 1521              	.L127:
 519:Middlewares/Third_Party/FreeRTOS/Source/timers.c **** 
 1522              		.loc 1 519 68 discriminator 2 view .LVU420
 521:Middlewares/Third_Party/FreeRTOS/Source/timers.c ****             {
 1523              		.loc 1 521 13 view .LVU421
 523:Middlewares/Third_Party/FreeRTOS/Source/timers.c ****             }
 1524              		.loc 1 523 17 view .LVU422
 523:Middlewares/Third_Party/FreeRTOS/Source/timers.c ****             }
 1525              		.loc 1 523 27 is_stmt 0 view .LVU423
 1526 001e 0023     		movs	r3, #0
 1527 0020 6246     		mov	r2, ip
 1528              	.LVL134:
 523:Middlewares/Third_Party/FreeRTOS/Source/timers.c ****             }
 1529              		.loc 1 523 27 view .LVU424
 1530 0022 6946     		mov	r1, sp
 1531              	.LVL135:
 523:Middlewares/Third_Party/FreeRTOS/Source/timers.c ****             }
 1532              		.loc 1 523 27 view .LVU425
 1533 0024 2046     		mov	r0, r4
 1534              	.LVL136:
 523:Middlewares/Third_Party/FreeRTOS/Source/timers.c ****             }
 1535              		.loc 1 523 27 view .LVU426
 1536 0026 FFF7FEFF 		bl	xQueueGenericSendFromISR
 1537              	.LVL137:
 523:Middlewares/Third_Party/FreeRTOS/Source/timers.c ****             }
 1538              		.loc 1 523 27 view .LVU427
 1539 002a 00E0     		b	.L125
 1540              	.LVL138:
 1541              	.L129:
 503:Middlewares/Third_Party/FreeRTOS/Source/timers.c ****         DaemonTaskMessage_t xMessage;
 1542              		.loc 1 503 20 view .LVU428
 1543 002c 0020     		movs	r0, #0
 1544              	.LVL139:
 1545              	.L125:
 536:Middlewares/Third_Party/FreeRTOS/Source/timers.c **** /*-----------------------------------------------------------*/
 1546              		.loc 1 536 5 view .LVU429
 1547 002e 04B0     		add	sp, sp, #16
 1548              	.LCFI37:
 1549              		.cfi_remember_state
 1550              		.cfi_def_cfa_offset 8
 1551              		@ sp needed
 1552 0030 10BD     		pop	{r4, pc}
 1553              	.LVL140:
 1554              	.L130:
 1555              	.LCFI38:
 1556              		.cfi_restore_state
 503:Middlewares/Third_Party/FreeRTOS/Source/timers.c ****         DaemonTaskMessage_t xMessage;
 1557              		.loc 1 503 20 view .LVU430
 1558 0032 0020     		movs	r0, #0
 1559              	.LVL141:
 530:Middlewares/Third_Party/FreeRTOS/Source/timers.c ****         }
 1560              		.loc 1 530 37 is_stmt 1 view .LVU431
 533:Middlewares/Third_Party/FreeRTOS/Source/timers.c **** 
 1561              		.loc 1 533 59 view .LVU432
 535:Middlewares/Third_Party/FreeRTOS/Source/timers.c ****     }
 1562              		.loc 1 535 9 view .LVU433
ARM GAS  /tmp/ccjHUbN4.s 			page 55


 535:Middlewares/Third_Party/FreeRTOS/Source/timers.c ****     }
 1563              		.loc 1 535 16 is_stmt 0 view .LVU434
 1564 0034 FBE7     		b	.L125
 1565              	.L133:
 1566 0036 00BF     		.align	2
 1567              	.L132:
 1568 0038 00000000 		.word	xTimerQueue
 1569              		.cfi_endproc
 1570              	.LFE5:
 1572              		.section	.text.xTimerGetTimerDaemonTaskHandle,"ax",%progbits
 1573              		.align	1
 1574              		.global	xTimerGetTimerDaemonTaskHandle
 1575              		.syntax unified
 1576              		.thumb
 1577              		.thumb_func
 1579              	xTimerGetTimerDaemonTaskHandle:
 1580              	.LFB6:
 540:Middlewares/Third_Party/FreeRTOS/Source/timers.c ****         traceENTER_xTimerGetTimerDaemonTaskHandle();
 1581              		.loc 1 540 5 is_stmt 1 view -0
 1582              		.cfi_startproc
 1583              		@ args = 0, pretend = 0, frame = 0
 1584              		@ frame_needed = 0, uses_anonymous_args = 0
 1585 0000 08B5     		push	{r3, lr}
 1586              	.LCFI39:
 1587              		.cfi_def_cfa_offset 8
 1588              		.cfi_offset 3, -8
 1589              		.cfi_offset 14, -4
 541:Middlewares/Third_Party/FreeRTOS/Source/timers.c **** 
 1590              		.loc 1 541 52 view .LVU436
 545:Middlewares/Third_Party/FreeRTOS/Source/timers.c **** 
 1591              		.loc 1 545 9 view .LVU437
 1592 0002 034B     		ldr	r3, .L139
 1593 0004 1868     		ldr	r0, [r3]
 1594 0006 00B1     		cbz	r0, .L138
 550:Middlewares/Third_Party/FreeRTOS/Source/timers.c **** /*-----------------------------------------------------------*/
 1595              		.loc 1 550 5 is_stmt 0 view .LVU438
 1596 0008 08BD     		pop	{r3, pc}
 1597              	.L138:
 545:Middlewares/Third_Party/FreeRTOS/Source/timers.c **** 
 1598              		.loc 1 545 9 is_stmt 1 discriminator 1 view .LVU439
 1599 000a FFF7FEFF 		bl	ulSetInterruptMask
 1600              	.LVL142:
 1601              	.L136:
 545:Middlewares/Third_Party/FreeRTOS/Source/timers.c **** 
 1602              		.loc 1 545 9 discriminator 3 view .LVU440
 545:Middlewares/Third_Party/FreeRTOS/Source/timers.c **** 
 1603              		.loc 1 545 9 discriminator 3 view .LVU441
 1604 000e FEE7     		b	.L136
 1605              	.L140:
 1606              		.align	2
 1607              	.L139:
 1608 0010 00000000 		.word	xTimerTaskHandle
 1609              		.cfi_endproc
 1610              	.LFE6:
 1612              		.section	.text.xTimerGetPeriod,"ax",%progbits
 1613              		.align	1
 1614              		.global	xTimerGetPeriod
ARM GAS  /tmp/ccjHUbN4.s 			page 56


 1615              		.syntax unified
 1616              		.thumb
 1617              		.thumb_func
 1619              	xTimerGetPeriod:
 1620              	.LVL143:
 1621              	.LFB7:
 554:Middlewares/Third_Party/FreeRTOS/Source/timers.c ****         Timer_t * pxTimer = xTimer;
 1622              		.loc 1 554 5 view -0
 1623              		.cfi_startproc
 1624              		@ args = 0, pretend = 0, frame = 0
 1625              		@ frame_needed = 0, uses_anonymous_args = 0
 554:Middlewares/Third_Party/FreeRTOS/Source/timers.c ****         Timer_t * pxTimer = xTimer;
 1626              		.loc 1 554 5 is_stmt 0 view .LVU443
 1627 0000 08B5     		push	{r3, lr}
 1628              	.LCFI40:
 1629              		.cfi_def_cfa_offset 8
 1630              		.cfi_offset 3, -8
 1631              		.cfi_offset 14, -4
 555:Middlewares/Third_Party/FreeRTOS/Source/timers.c **** 
 1632              		.loc 1 555 9 is_stmt 1 view .LVU444
 1633              	.LVL144:
 557:Middlewares/Third_Party/FreeRTOS/Source/timers.c **** 
 1634              		.loc 1 557 45 view .LVU445
 559:Middlewares/Third_Party/FreeRTOS/Source/timers.c **** 
 1635              		.loc 1 559 9 view .LVU446
 1636 0002 08B1     		cbz	r0, .L145
 559:Middlewares/Third_Party/FreeRTOS/Source/timers.c **** 
 1637              		.loc 1 559 31 discriminator 2 view .LVU447
 561:Middlewares/Third_Party/FreeRTOS/Source/timers.c **** 
 1638              		.loc 1 561 68 view .LVU448
 563:Middlewares/Third_Party/FreeRTOS/Source/timers.c ****     }
 1639              		.loc 1 563 9 view .LVU449
 564:Middlewares/Third_Party/FreeRTOS/Source/timers.c **** /*-----------------------------------------------------------*/
 1640              		.loc 1 564 5 is_stmt 0 view .LVU450
 1641 0004 8069     		ldr	r0, [r0, #24]
 1642              	.LVL145:
 564:Middlewares/Third_Party/FreeRTOS/Source/timers.c **** /*-----------------------------------------------------------*/
 1643              		.loc 1 564 5 view .LVU451
 1644 0006 08BD     		pop	{r3, pc}
 1645              	.LVL146:
 1646              	.L145:
 559:Middlewares/Third_Party/FreeRTOS/Source/timers.c **** 
 1647              		.loc 1 559 9 is_stmt 1 discriminator 1 view .LVU452
 1648 0008 FFF7FEFF 		bl	ulSetInterruptMask
 1649              	.LVL147:
 1650              	.L143:
 559:Middlewares/Third_Party/FreeRTOS/Source/timers.c **** 
 1651              		.loc 1 559 9 discriminator 3 view .LVU453
 559:Middlewares/Third_Party/FreeRTOS/Source/timers.c **** 
 1652              		.loc 1 559 9 discriminator 3 view .LVU454
 1653 000c FEE7     		b	.L143
 1654              		.cfi_endproc
 1655              	.LFE7:
 1657              		.section	.text.vTimerSetReloadMode,"ax",%progbits
 1658              		.align	1
 1659              		.global	vTimerSetReloadMode
 1660              		.syntax unified
ARM GAS  /tmp/ccjHUbN4.s 			page 57


 1661              		.thumb
 1662              		.thumb_func
 1664              	vTimerSetReloadMode:
 1665              	.LVL148:
 1666              	.LFB8:
 569:Middlewares/Third_Party/FreeRTOS/Source/timers.c ****         Timer_t * pxTimer = xTimer;
 1667              		.loc 1 569 5 view -0
 1668              		.cfi_startproc
 1669              		@ args = 0, pretend = 0, frame = 0
 1670              		@ frame_needed = 0, uses_anonymous_args = 0
 569:Middlewares/Third_Party/FreeRTOS/Source/timers.c ****         Timer_t * pxTimer = xTimer;
 1671              		.loc 1 569 5 is_stmt 0 view .LVU456
 1672 0000 38B5     		push	{r3, r4, r5, lr}
 1673              	.LCFI41:
 1674              		.cfi_def_cfa_offset 16
 1675              		.cfi_offset 3, -16
 1676              		.cfi_offset 4, -12
 1677              		.cfi_offset 5, -8
 1678              		.cfi_offset 14, -4
 570:Middlewares/Third_Party/FreeRTOS/Source/timers.c **** 
 1679              		.loc 1 570 9 is_stmt 1 view .LVU457
 1680              	.LVL149:
 572:Middlewares/Third_Party/FreeRTOS/Source/timers.c **** 
 1681              		.loc 1 572 62 view .LVU458
 574:Middlewares/Third_Party/FreeRTOS/Source/timers.c ****         taskENTER_CRITICAL();
 1682              		.loc 1 574 9 view .LVU459
 1683 0002 68B1     		cbz	r0, .L152
 1684 0004 0C46     		mov	r4, r1
 1685 0006 0546     		mov	r5, r0
 574:Middlewares/Third_Party/FreeRTOS/Source/timers.c ****         taskENTER_CRITICAL();
 1686              		.loc 1 574 31 discriminator 2 view .LVU460
 575:Middlewares/Third_Party/FreeRTOS/Source/timers.c ****         {
 1687              		.loc 1 575 9 view .LVU461
 1688 0008 FFF7FEFF 		bl	vPortEnterCritical
 1689              	.LVL150:
 577:Middlewares/Third_Party/FreeRTOS/Source/timers.c ****             {
 1690              		.loc 1 577 13 view .LVU462
 577:Middlewares/Third_Party/FreeRTOS/Source/timers.c ****             {
 1691              		.loc 1 577 15 is_stmt 0 view .LVU463
 1692 000c 5CB1     		cbz	r4, .L149
 579:Middlewares/Third_Party/FreeRTOS/Source/timers.c ****             }
 1693              		.loc 1 579 17 is_stmt 1 view .LVU464
 579:Middlewares/Third_Party/FreeRTOS/Source/timers.c ****             }
 1694              		.loc 1 579 24 is_stmt 0 view .LVU465
 1695 000e 95F82830 		ldrb	r3, [r5, #40]	@ zero_extendqisi2
 579:Middlewares/Third_Party/FreeRTOS/Source/timers.c ****             }
 1696              		.loc 1 579 35 view .LVU466
 1697 0012 43F00403 		orr	r3, r3, #4
 1698 0016 85F82830 		strb	r3, [r5, #40]
 1699              	.L150:
 586:Middlewares/Third_Party/FreeRTOS/Source/timers.c **** 
 1700              		.loc 1 586 9 is_stmt 1 view .LVU467
 1701 001a FFF7FEFF 		bl	vPortExitCritical
 1702              	.LVL151:
 588:Middlewares/Third_Party/FreeRTOS/Source/timers.c ****     }
 1703              		.loc 1 588 42 view .LVU468
 589:Middlewares/Third_Party/FreeRTOS/Source/timers.c **** /*-----------------------------------------------------------*/
ARM GAS  /tmp/ccjHUbN4.s 			page 58


 1704              		.loc 1 589 5 is_stmt 0 view .LVU469
 1705 001e 38BD     		pop	{r3, r4, r5, pc}
 1706              	.LVL152:
 1707              	.L152:
 574:Middlewares/Third_Party/FreeRTOS/Source/timers.c ****         taskENTER_CRITICAL();
 1708              		.loc 1 574 9 is_stmt 1 discriminator 1 view .LVU470
 1709 0020 FFF7FEFF 		bl	ulSetInterruptMask
 1710              	.LVL153:
 1711              	.L148:
 574:Middlewares/Third_Party/FreeRTOS/Source/timers.c ****         taskENTER_CRITICAL();
 1712              		.loc 1 574 9 discriminator 3 view .LVU471
 574:Middlewares/Third_Party/FreeRTOS/Source/timers.c ****         taskENTER_CRITICAL();
 1713              		.loc 1 574 9 discriminator 3 view .LVU472
 1714 0024 FEE7     		b	.L148
 1715              	.LVL154:
 1716              	.L149:
 583:Middlewares/Third_Party/FreeRTOS/Source/timers.c ****             }
 1717              		.loc 1 583 17 view .LVU473
 583:Middlewares/Third_Party/FreeRTOS/Source/timers.c ****             }
 1718              		.loc 1 583 24 is_stmt 0 view .LVU474
 1719 0026 95F82830 		ldrb	r3, [r5, #40]	@ zero_extendqisi2
 583:Middlewares/Third_Party/FreeRTOS/Source/timers.c ****             }
 1720              		.loc 1 583 35 view .LVU475
 1721 002a 23F00403 		bic	r3, r3, #4
 1722 002e 85F82830 		strb	r3, [r5, #40]
 1723 0032 F2E7     		b	.L150
 1724              		.cfi_endproc
 1725              	.LFE8:
 1727              		.section	.text.xTimerGetReloadMode,"ax",%progbits
 1728              		.align	1
 1729              		.global	xTimerGetReloadMode
 1730              		.syntax unified
 1731              		.thumb
 1732              		.thumb_func
 1734              	xTimerGetReloadMode:
 1735              	.LVL155:
 1736              	.LFB9:
 593:Middlewares/Third_Party/FreeRTOS/Source/timers.c ****         Timer_t * pxTimer = xTimer;
 1737              		.loc 1 593 5 is_stmt 1 view -0
 1738              		.cfi_startproc
 1739              		@ args = 0, pretend = 0, frame = 0
 1740              		@ frame_needed = 0, uses_anonymous_args = 0
 593:Middlewares/Third_Party/FreeRTOS/Source/timers.c ****         Timer_t * pxTimer = xTimer;
 1741              		.loc 1 593 5 is_stmt 0 view .LVU477
 1742 0000 10B5     		push	{r4, lr}
 1743              	.LCFI42:
 1744              		.cfi_def_cfa_offset 8
 1745              		.cfi_offset 4, -8
 1746              		.cfi_offset 14, -4
 594:Middlewares/Third_Party/FreeRTOS/Source/timers.c ****         BaseType_t xReturn;
 1747              		.loc 1 594 9 is_stmt 1 view .LVU478
 1748              	.LVL156:
 595:Middlewares/Third_Party/FreeRTOS/Source/timers.c **** 
 1749              		.loc 1 595 9 view .LVU479
 597:Middlewares/Third_Party/FreeRTOS/Source/timers.c **** 
 1750              		.loc 1 597 49 view .LVU480
 599:Middlewares/Third_Party/FreeRTOS/Source/timers.c ****         portBASE_TYPE_ENTER_CRITICAL();
ARM GAS  /tmp/ccjHUbN4.s 			page 59


 1751              		.loc 1 599 9 view .LVU481
 1752 0002 60B1     		cbz	r0, .L159
 1753 0004 0446     		mov	r4, r0
 599:Middlewares/Third_Party/FreeRTOS/Source/timers.c ****         portBASE_TYPE_ENTER_CRITICAL();
 1754              		.loc 1 599 31 discriminator 2 view .LVU482
 600:Middlewares/Third_Party/FreeRTOS/Source/timers.c ****         {
 1755              		.loc 1 600 9 view .LVU483
 1756 0006 FFF7FEFF 		bl	vPortEnterCritical
 1757              	.LVL157:
 602:Middlewares/Third_Party/FreeRTOS/Source/timers.c ****             {
 1758              		.loc 1 602 13 view .LVU484
 602:Middlewares/Third_Party/FreeRTOS/Source/timers.c ****             {
 1759              		.loc 1 602 26 is_stmt 0 view .LVU485
 1760 000a 94F82830 		ldrb	r3, [r4, #40]	@ zero_extendqisi2
 602:Middlewares/Third_Party/FreeRTOS/Source/timers.c ****             {
 1761              		.loc 1 602 15 view .LVU486
 1762 000e 13F0040F 		tst	r3, #4
 1763 0012 07D1     		bne	.L157
 605:Middlewares/Third_Party/FreeRTOS/Source/timers.c ****             }
 1764              		.loc 1 605 25 view .LVU487
 1765 0014 0024     		movs	r4, #0
 1766              	.LVL158:
 1767              	.L156:
 613:Middlewares/Third_Party/FreeRTOS/Source/timers.c **** 
 1768              		.loc 1 613 9 is_stmt 1 view .LVU488
 1769 0016 FFF7FEFF 		bl	vPortExitCritical
 1770              	.LVL159:
 615:Middlewares/Third_Party/FreeRTOS/Source/timers.c **** 
 1771              		.loc 1 615 51 view .LVU489
 617:Middlewares/Third_Party/FreeRTOS/Source/timers.c ****     }
 1772              		.loc 1 617 9 view .LVU490
 618:Middlewares/Third_Party/FreeRTOS/Source/timers.c **** 
 1773              		.loc 1 618 5 is_stmt 0 view .LVU491
 1774 001a 2046     		mov	r0, r4
 1775 001c 10BD     		pop	{r4, pc}
 1776              	.LVL160:
 1777              	.L159:
 599:Middlewares/Third_Party/FreeRTOS/Source/timers.c ****         portBASE_TYPE_ENTER_CRITICAL();
 1778              		.loc 1 599 9 is_stmt 1 discriminator 1 view .LVU492
 1779 001e FFF7FEFF 		bl	ulSetInterruptMask
 1780              	.LVL161:
 1781              	.L155:
 599:Middlewares/Third_Party/FreeRTOS/Source/timers.c ****         portBASE_TYPE_ENTER_CRITICAL();
 1782              		.loc 1 599 9 discriminator 3 view .LVU493
 599:Middlewares/Third_Party/FreeRTOS/Source/timers.c ****         portBASE_TYPE_ENTER_CRITICAL();
 1783              		.loc 1 599 9 discriminator 3 view .LVU494
 1784 0022 FEE7     		b	.L155
 1785              	.LVL162:
 1786              	.L157:
 610:Middlewares/Third_Party/FreeRTOS/Source/timers.c ****             }
 1787              		.loc 1 610 25 is_stmt 0 view .LVU495
 1788 0024 0124     		movs	r4, #1
 1789              	.LVL163:
 610:Middlewares/Third_Party/FreeRTOS/Source/timers.c ****             }
 1790              		.loc 1 610 25 view .LVU496
 1791 0026 F6E7     		b	.L156
 1792              		.cfi_endproc
ARM GAS  /tmp/ccjHUbN4.s 			page 60


 1793              	.LFE9:
 1795              		.section	.text.uxTimerGetReloadMode,"ax",%progbits
 1796              		.align	1
 1797              		.global	uxTimerGetReloadMode
 1798              		.syntax unified
 1799              		.thumb
 1800              		.thumb_func
 1802              	uxTimerGetReloadMode:
 1803              	.LVL164:
 1804              	.LFB10:
 621:Middlewares/Third_Party/FreeRTOS/Source/timers.c ****         UBaseType_t uxReturn;
 1805              		.loc 1 621 5 is_stmt 1 view -0
 1806              		.cfi_startproc
 1807              		@ args = 0, pretend = 0, frame = 0
 1808              		@ frame_needed = 0, uses_anonymous_args = 0
 621:Middlewares/Third_Party/FreeRTOS/Source/timers.c ****         UBaseType_t uxReturn;
 1809              		.loc 1 621 5 is_stmt 0 view .LVU498
 1810 0000 08B5     		push	{r3, lr}
 1811              	.LCFI43:
 1812              		.cfi_def_cfa_offset 8
 1813              		.cfi_offset 3, -8
 1814              		.cfi_offset 14, -4
 622:Middlewares/Third_Party/FreeRTOS/Source/timers.c **** 
 1815              		.loc 1 622 9 is_stmt 1 view .LVU499
 624:Middlewares/Third_Party/FreeRTOS/Source/timers.c **** 
 1816              		.loc 1 624 50 view .LVU500
 626:Middlewares/Third_Party/FreeRTOS/Source/timers.c **** 
 1817              		.loc 1 626 9 view .LVU501
 626:Middlewares/Third_Party/FreeRTOS/Source/timers.c **** 
 1818              		.loc 1 626 36 is_stmt 0 view .LVU502
 1819 0002 FFF7FEFF 		bl	xTimerGetReloadMode
 1820              	.LVL165:
 628:Middlewares/Third_Party/FreeRTOS/Source/timers.c **** 
 1821              		.loc 1 628 53 is_stmt 1 view .LVU503
 630:Middlewares/Third_Party/FreeRTOS/Source/timers.c ****     }
 1822              		.loc 1 630 9 view .LVU504
 631:Middlewares/Third_Party/FreeRTOS/Source/timers.c **** /*-----------------------------------------------------------*/
 1823              		.loc 1 631 5 is_stmt 0 view .LVU505
 1824 0006 08BD     		pop	{r3, pc}
 1825              		.cfi_endproc
 1826              	.LFE10:
 1828              		.section	.text.xTimerGetExpiryTime,"ax",%progbits
 1829              		.align	1
 1830              		.global	xTimerGetExpiryTime
 1831              		.syntax unified
 1832              		.thumb
 1833              		.thumb_func
 1835              	xTimerGetExpiryTime:
 1836              	.LVL166:
 1837              	.LFB11:
 635:Middlewares/Third_Party/FreeRTOS/Source/timers.c ****         Timer_t * pxTimer = xTimer;
 1838              		.loc 1 635 5 is_stmt 1 view -0
 1839              		.cfi_startproc
 1840              		@ args = 0, pretend = 0, frame = 0
 1841              		@ frame_needed = 0, uses_anonymous_args = 0
 635:Middlewares/Third_Party/FreeRTOS/Source/timers.c ****         Timer_t * pxTimer = xTimer;
 1842              		.loc 1 635 5 is_stmt 0 view .LVU507
ARM GAS  /tmp/ccjHUbN4.s 			page 61


 1843 0000 08B5     		push	{r3, lr}
 1844              	.LCFI44:
 1845              		.cfi_def_cfa_offset 8
 1846              		.cfi_offset 3, -8
 1847              		.cfi_offset 14, -4
 636:Middlewares/Third_Party/FreeRTOS/Source/timers.c ****         TickType_t xReturn;
 1848              		.loc 1 636 9 is_stmt 1 view .LVU508
 1849              	.LVL167:
 637:Middlewares/Third_Party/FreeRTOS/Source/timers.c **** 
 1850              		.loc 1 637 9 view .LVU509
 639:Middlewares/Third_Party/FreeRTOS/Source/timers.c **** 
 1851              		.loc 1 639 49 view .LVU510
 641:Middlewares/Third_Party/FreeRTOS/Source/timers.c ****         xReturn = listGET_LIST_ITEM_VALUE( &( pxTimer->xTimerListItem ) );
 1852              		.loc 1 641 9 view .LVU511
 1853 0002 08B1     		cbz	r0, .L166
 641:Middlewares/Third_Party/FreeRTOS/Source/timers.c ****         xReturn = listGET_LIST_ITEM_VALUE( &( pxTimer->xTimerListItem ) );
 1854              		.loc 1 641 31 discriminator 2 view .LVU512
 642:Middlewares/Third_Party/FreeRTOS/Source/timers.c **** 
 1855              		.loc 1 642 9 view .LVU513
 1856              	.LVL168:
 644:Middlewares/Third_Party/FreeRTOS/Source/timers.c **** 
 1857              		.loc 1 644 51 view .LVU514
 646:Middlewares/Third_Party/FreeRTOS/Source/timers.c ****     }
 1858              		.loc 1 646 9 view .LVU515
 647:Middlewares/Third_Party/FreeRTOS/Source/timers.c **** /*-----------------------------------------------------------*/
 1859              		.loc 1 647 5 is_stmt 0 view .LVU516
 1860 0004 4068     		ldr	r0, [r0, #4]
 1861              	.LVL169:
 647:Middlewares/Third_Party/FreeRTOS/Source/timers.c **** /*-----------------------------------------------------------*/
 1862              		.loc 1 647 5 view .LVU517
 1863 0006 08BD     		pop	{r3, pc}
 1864              	.LVL170:
 1865              	.L166:
 641:Middlewares/Third_Party/FreeRTOS/Source/timers.c ****         xReturn = listGET_LIST_ITEM_VALUE( &( pxTimer->xTimerListItem ) );
 1866              		.loc 1 641 9 is_stmt 1 discriminator 1 view .LVU518
 1867 0008 FFF7FEFF 		bl	ulSetInterruptMask
 1868              	.LVL171:
 1869              	.L164:
 641:Middlewares/Third_Party/FreeRTOS/Source/timers.c ****         xReturn = listGET_LIST_ITEM_VALUE( &( pxTimer->xTimerListItem ) );
 1870              		.loc 1 641 9 discriminator 3 view .LVU519
 641:Middlewares/Third_Party/FreeRTOS/Source/timers.c ****         xReturn = listGET_LIST_ITEM_VALUE( &( pxTimer->xTimerListItem ) );
 1871              		.loc 1 641 9 discriminator 3 view .LVU520
 1872 000c FEE7     		b	.L164
 1873              		.cfi_endproc
 1874              	.LFE11:
 1876              		.section	.text.xTimerGetStaticBuffer,"ax",%progbits
 1877              		.align	1
 1878              		.global	xTimerGetStaticBuffer
 1879              		.syntax unified
 1880              		.thumb
 1881              		.thumb_func
 1883              	xTimerGetStaticBuffer:
 1884              	.LVL172:
 1885              	.LFB12:
 653:Middlewares/Third_Party/FreeRTOS/Source/timers.c ****             BaseType_t xReturn;
 1886              		.loc 1 653 9 view -0
 1887              		.cfi_startproc
ARM GAS  /tmp/ccjHUbN4.s 			page 62


 1888              		@ args = 0, pretend = 0, frame = 0
 1889              		@ frame_needed = 0, uses_anonymous_args = 0
 653:Middlewares/Third_Party/FreeRTOS/Source/timers.c ****             BaseType_t xReturn;
 1890              		.loc 1 653 9 is_stmt 0 view .LVU522
 1891 0000 08B5     		push	{r3, lr}
 1892              	.LCFI45:
 1893              		.cfi_def_cfa_offset 8
 1894              		.cfi_offset 3, -8
 1895              		.cfi_offset 14, -4
 654:Middlewares/Third_Party/FreeRTOS/Source/timers.c ****             Timer_t * pxTimer = xTimer;
 1896              		.loc 1 654 13 is_stmt 1 view .LVU523
 655:Middlewares/Third_Party/FreeRTOS/Source/timers.c **** 
 1897              		.loc 1 655 13 view .LVU524
 1898              	.LVL173:
 657:Middlewares/Third_Party/FreeRTOS/Source/timers.c **** 
 1899              		.loc 1 657 71 view .LVU525
 659:Middlewares/Third_Party/FreeRTOS/Source/timers.c **** 
 1900              		.loc 1 659 13 view .LVU526
 1901 0002 39B1     		cbz	r1, .L173
 659:Middlewares/Third_Party/FreeRTOS/Source/timers.c **** 
 1902              		.loc 1 659 51 discriminator 2 view .LVU527
 661:Middlewares/Third_Party/FreeRTOS/Source/timers.c ****             {
 1903              		.loc 1 661 13 view .LVU528
 661:Middlewares/Third_Party/FreeRTOS/Source/timers.c ****             {
 1904              		.loc 1 661 26 is_stmt 0 view .LVU529
 1905 0004 90F82830 		ldrb	r3, [r0, #40]	@ zero_extendqisi2
 661:Middlewares/Third_Party/FreeRTOS/Source/timers.c ****             {
 1906              		.loc 1 661 15 view .LVU530
 1907 0008 13F0020F 		tst	r3, #2
 1908 000c 05D0     		beq	.L171
 666:Middlewares/Third_Party/FreeRTOS/Source/timers.c ****                 xReturn = pdTRUE;
 1909              		.loc 1 666 17 is_stmt 1 view .LVU531
 666:Middlewares/Third_Party/FreeRTOS/Source/timers.c ****                 xReturn = pdTRUE;
 1910              		.loc 1 666 33 is_stmt 0 view .LVU532
 1911 000e 0860     		str	r0, [r1]
 667:Middlewares/Third_Party/FreeRTOS/Source/timers.c ****             }
 1912              		.loc 1 667 17 is_stmt 1 view .LVU533
 1913              	.LVL174:
 667:Middlewares/Third_Party/FreeRTOS/Source/timers.c ****             }
 1914              		.loc 1 667 25 is_stmt 0 view .LVU534
 1915 0010 0120     		movs	r0, #1
 1916              	.LVL175:
 1917              	.L167:
 677:Middlewares/Third_Party/FreeRTOS/Source/timers.c ****     #endif /* configSUPPORT_STATIC_ALLOCATION */
 1918              		.loc 1 677 9 view .LVU535
 1919 0012 08BD     		pop	{r3, pc}
 1920              	.LVL176:
 1921              	.L173:
 659:Middlewares/Third_Party/FreeRTOS/Source/timers.c **** 
 1922              		.loc 1 659 13 is_stmt 1 discriminator 1 view .LVU536
 1923 0014 FFF7FEFF 		bl	ulSetInterruptMask
 1924              	.LVL177:
 1925              	.L169:
 659:Middlewares/Third_Party/FreeRTOS/Source/timers.c **** 
 1926              		.loc 1 659 13 discriminator 3 view .LVU537
 659:Middlewares/Third_Party/FreeRTOS/Source/timers.c **** 
 1927              		.loc 1 659 13 discriminator 3 view .LVU538
ARM GAS  /tmp/ccjHUbN4.s 			page 63


 1928 0018 FEE7     		b	.L169
 1929              	.LVL178:
 1930              	.L171:
 671:Middlewares/Third_Party/FreeRTOS/Source/timers.c ****             }
 1931              		.loc 1 671 25 is_stmt 0 view .LVU539
 1932 001a 0020     		movs	r0, #0
 1933              	.LVL179:
 674:Middlewares/Third_Party/FreeRTOS/Source/timers.c **** 
 1934              		.loc 1 674 57 is_stmt 1 view .LVU540
 676:Middlewares/Third_Party/FreeRTOS/Source/timers.c ****         }
 1935              		.loc 1 676 13 view .LVU541
 676:Middlewares/Third_Party/FreeRTOS/Source/timers.c ****         }
 1936              		.loc 1 676 20 is_stmt 0 view .LVU542
 1937 001c F9E7     		b	.L167
 1938              		.cfi_endproc
 1939              	.LFE12:
 1941              		.section	.text.pcTimerGetName,"ax",%progbits
 1942              		.align	1
 1943              		.global	pcTimerGetName
 1944              		.syntax unified
 1945              		.thumb
 1946              		.thumb_func
 1948              	pcTimerGetName:
 1949              	.LVL180:
 1950              	.LFB13:
 682:Middlewares/Third_Party/FreeRTOS/Source/timers.c ****         Timer_t * pxTimer = xTimer;
 1951              		.loc 1 682 5 is_stmt 1 view -0
 1952              		.cfi_startproc
 1953              		@ args = 0, pretend = 0, frame = 0
 1954              		@ frame_needed = 0, uses_anonymous_args = 0
 682:Middlewares/Third_Party/FreeRTOS/Source/timers.c ****         Timer_t * pxTimer = xTimer;
 1955              		.loc 1 682 5 is_stmt 0 view .LVU544
 1956 0000 08B5     		push	{r3, lr}
 1957              	.LCFI46:
 1958              		.cfi_def_cfa_offset 8
 1959              		.cfi_offset 3, -8
 1960              		.cfi_offset 14, -4
 683:Middlewares/Third_Party/FreeRTOS/Source/timers.c **** 
 1961              		.loc 1 683 9 is_stmt 1 view .LVU545
 1962              	.LVL181:
 685:Middlewares/Third_Party/FreeRTOS/Source/timers.c **** 
 1963              		.loc 1 685 44 view .LVU546
 687:Middlewares/Third_Party/FreeRTOS/Source/timers.c **** 
 1964              		.loc 1 687 9 view .LVU547
 1965 0002 08B1     		cbz	r0, .L178
 687:Middlewares/Third_Party/FreeRTOS/Source/timers.c **** 
 1966              		.loc 1 687 31 discriminator 2 view .LVU548
 689:Middlewares/Third_Party/FreeRTOS/Source/timers.c **** 
 1967              		.loc 1 689 59 view .LVU549
 691:Middlewares/Third_Party/FreeRTOS/Source/timers.c ****     }
 1968              		.loc 1 691 9 view .LVU550
 692:Middlewares/Third_Party/FreeRTOS/Source/timers.c **** /*-----------------------------------------------------------*/
 1969              		.loc 1 692 5 is_stmt 0 view .LVU551
 1970 0004 0068     		ldr	r0, [r0]
 1971              	.LVL182:
 692:Middlewares/Third_Party/FreeRTOS/Source/timers.c **** /*-----------------------------------------------------------*/
 1972              		.loc 1 692 5 view .LVU552
ARM GAS  /tmp/ccjHUbN4.s 			page 64


 1973 0006 08BD     		pop	{r3, pc}
 1974              	.LVL183:
 1975              	.L178:
 687:Middlewares/Third_Party/FreeRTOS/Source/timers.c **** 
 1976              		.loc 1 687 9 is_stmt 1 discriminator 1 view .LVU553
 1977 0008 FFF7FEFF 		bl	ulSetInterruptMask
 1978              	.LVL184:
 1979              	.L176:
 687:Middlewares/Third_Party/FreeRTOS/Source/timers.c **** 
 1980              		.loc 1 687 9 discriminator 3 view .LVU554
 687:Middlewares/Third_Party/FreeRTOS/Source/timers.c **** 
 1981              		.loc 1 687 9 discriminator 3 view .LVU555
 1982 000c FEE7     		b	.L176
 1983              		.cfi_endproc
 1984              	.LFE13:
 1986              		.section	.text.xTimerIsTimerActive,"ax",%progbits
 1987              		.align	1
 1988              		.global	xTimerIsTimerActive
 1989              		.syntax unified
 1990              		.thumb
 1991              		.thumb_func
 1993              	xTimerIsTimerActive:
 1994              	.LVL185:
 1995              	.LFB24:
1163:Middlewares/Third_Party/FreeRTOS/Source/timers.c **** /*-----------------------------------------------------------*/
1164:Middlewares/Third_Party/FreeRTOS/Source/timers.c **** 
1165:Middlewares/Third_Party/FreeRTOS/Source/timers.c ****     BaseType_t xTimerIsTimerActive( TimerHandle_t xTimer )
1166:Middlewares/Third_Party/FreeRTOS/Source/timers.c ****     {
 1996              		.loc 1 1166 5 view -0
 1997              		.cfi_startproc
 1998              		@ args = 0, pretend = 0, frame = 0
 1999              		@ frame_needed = 0, uses_anonymous_args = 0
 2000              		.loc 1 1166 5 is_stmt 0 view .LVU557
 2001 0000 10B5     		push	{r4, lr}
 2002              	.LCFI47:
 2003              		.cfi_def_cfa_offset 8
 2004              		.cfi_offset 4, -8
 2005              		.cfi_offset 14, -4
1167:Middlewares/Third_Party/FreeRTOS/Source/timers.c ****         BaseType_t xReturn;
 2006              		.loc 1 1167 9 is_stmt 1 view .LVU558
1168:Middlewares/Third_Party/FreeRTOS/Source/timers.c ****         Timer_t * pxTimer = xTimer;
 2007              		.loc 1 1168 9 view .LVU559
 2008              	.LVL186:
1169:Middlewares/Third_Party/FreeRTOS/Source/timers.c **** 
1170:Middlewares/Third_Party/FreeRTOS/Source/timers.c ****         traceENTER_xTimerIsTimerActive( xTimer );
 2009              		.loc 1 1170 49 view .LVU560
1171:Middlewares/Third_Party/FreeRTOS/Source/timers.c **** 
1172:Middlewares/Third_Party/FreeRTOS/Source/timers.c ****         configASSERT( xTimer );
 2010              		.loc 1 1172 9 view .LVU561
 2011 0002 60B1     		cbz	r0, .L185
 2012 0004 0446     		mov	r4, r0
 2013              		.loc 1 1172 31 discriminator 2 view .LVU562
1173:Middlewares/Third_Party/FreeRTOS/Source/timers.c **** 
1174:Middlewares/Third_Party/FreeRTOS/Source/timers.c ****         /* Is the timer in the list of active timers? */
1175:Middlewares/Third_Party/FreeRTOS/Source/timers.c ****         portBASE_TYPE_ENTER_CRITICAL();
 2014              		.loc 1 1175 9 view .LVU563
 2015 0006 FFF7FEFF 		bl	vPortEnterCritical
ARM GAS  /tmp/ccjHUbN4.s 			page 65


 2016              	.LVL187:
1176:Middlewares/Third_Party/FreeRTOS/Source/timers.c ****         {
1177:Middlewares/Third_Party/FreeRTOS/Source/timers.c ****             if( ( pxTimer->ucStatus & tmrSTATUS_IS_ACTIVE ) == 0U )
 2017              		.loc 1 1177 13 view .LVU564
 2018              		.loc 1 1177 26 is_stmt 0 view .LVU565
 2019 000a 94F82830 		ldrb	r3, [r4, #40]	@ zero_extendqisi2
 2020              		.loc 1 1177 15 view .LVU566
 2021 000e 13F0010F 		tst	r3, #1
 2022 0012 07D1     		bne	.L183
1178:Middlewares/Third_Party/FreeRTOS/Source/timers.c ****             {
1179:Middlewares/Third_Party/FreeRTOS/Source/timers.c ****                 xReturn = pdFALSE;
 2023              		.loc 1 1179 25 view .LVU567
 2024 0014 0024     		movs	r4, #0
 2025              	.LVL188:
 2026              	.L182:
1180:Middlewares/Third_Party/FreeRTOS/Source/timers.c ****             }
1181:Middlewares/Third_Party/FreeRTOS/Source/timers.c ****             else
1182:Middlewares/Third_Party/FreeRTOS/Source/timers.c ****             {
1183:Middlewares/Third_Party/FreeRTOS/Source/timers.c ****                 xReturn = pdTRUE;
1184:Middlewares/Third_Party/FreeRTOS/Source/timers.c ****             }
1185:Middlewares/Third_Party/FreeRTOS/Source/timers.c ****         }
1186:Middlewares/Third_Party/FreeRTOS/Source/timers.c ****         portBASE_TYPE_EXIT_CRITICAL();
 2027              		.loc 1 1186 9 is_stmt 1 view .LVU568
 2028 0016 FFF7FEFF 		bl	vPortExitCritical
 2029              	.LVL189:
1187:Middlewares/Third_Party/FreeRTOS/Source/timers.c **** 
1188:Middlewares/Third_Party/FreeRTOS/Source/timers.c ****         traceRETURN_xTimerIsTimerActive( xReturn );
 2030              		.loc 1 1188 51 view .LVU569
1189:Middlewares/Third_Party/FreeRTOS/Source/timers.c **** 
1190:Middlewares/Third_Party/FreeRTOS/Source/timers.c ****         return xReturn;
 2031              		.loc 1 1190 9 view .LVU570
1191:Middlewares/Third_Party/FreeRTOS/Source/timers.c ****     }
 2032              		.loc 1 1191 5 is_stmt 0 view .LVU571
 2033 001a 2046     		mov	r0, r4
 2034 001c 10BD     		pop	{r4, pc}
 2035              	.LVL190:
 2036              	.L185:
1172:Middlewares/Third_Party/FreeRTOS/Source/timers.c **** 
 2037              		.loc 1 1172 9 is_stmt 1 discriminator 1 view .LVU572
 2038 001e FFF7FEFF 		bl	ulSetInterruptMask
 2039              	.LVL191:
 2040              	.L181:
1172:Middlewares/Third_Party/FreeRTOS/Source/timers.c **** 
 2041              		.loc 1 1172 9 discriminator 3 view .LVU573
1172:Middlewares/Third_Party/FreeRTOS/Source/timers.c **** 
 2042              		.loc 1 1172 9 discriminator 3 view .LVU574
 2043 0022 FEE7     		b	.L181
 2044              	.LVL192:
 2045              	.L183:
1183:Middlewares/Third_Party/FreeRTOS/Source/timers.c ****             }
 2046              		.loc 1 1183 25 is_stmt 0 view .LVU575
 2047 0024 0124     		movs	r4, #1
 2048              	.LVL193:
1183:Middlewares/Third_Party/FreeRTOS/Source/timers.c ****             }
 2049              		.loc 1 1183 25 view .LVU576
 2050 0026 F6E7     		b	.L182
 2051              		.cfi_endproc
ARM GAS  /tmp/ccjHUbN4.s 			page 66


 2052              	.LFE24:
 2054              		.section	.text.pvTimerGetTimerID,"ax",%progbits
 2055              		.align	1
 2056              		.global	pvTimerGetTimerID
 2057              		.syntax unified
 2058              		.thumb
 2059              		.thumb_func
 2061              	pvTimerGetTimerID:
 2062              	.LVL194:
 2063              	.LFB25:
1192:Middlewares/Third_Party/FreeRTOS/Source/timers.c **** /*-----------------------------------------------------------*/
1193:Middlewares/Third_Party/FreeRTOS/Source/timers.c **** 
1194:Middlewares/Third_Party/FreeRTOS/Source/timers.c ****     void * pvTimerGetTimerID( const TimerHandle_t xTimer )
1195:Middlewares/Third_Party/FreeRTOS/Source/timers.c ****     {
 2064              		.loc 1 1195 5 is_stmt 1 view -0
 2065              		.cfi_startproc
 2066              		@ args = 0, pretend = 0, frame = 0
 2067              		@ frame_needed = 0, uses_anonymous_args = 0
 2068              		.loc 1 1195 5 is_stmt 0 view .LVU578
 2069 0000 10B5     		push	{r4, lr}
 2070              	.LCFI48:
 2071              		.cfi_def_cfa_offset 8
 2072              		.cfi_offset 4, -8
 2073              		.cfi_offset 14, -4
1196:Middlewares/Third_Party/FreeRTOS/Source/timers.c ****         Timer_t * const pxTimer = xTimer;
 2074              		.loc 1 1196 9 is_stmt 1 view .LVU579
 2075              	.LVL195:
1197:Middlewares/Third_Party/FreeRTOS/Source/timers.c ****         void * pvReturn;
 2076              		.loc 1 1197 9 view .LVU580
1198:Middlewares/Third_Party/FreeRTOS/Source/timers.c **** 
1199:Middlewares/Third_Party/FreeRTOS/Source/timers.c ****         traceENTER_pvTimerGetTimerID( xTimer );
 2077              		.loc 1 1199 47 view .LVU581
1200:Middlewares/Third_Party/FreeRTOS/Source/timers.c **** 
1201:Middlewares/Third_Party/FreeRTOS/Source/timers.c ****         configASSERT( xTimer );
 2078              		.loc 1 1201 9 view .LVU582
 2079 0002 38B1     		cbz	r0, .L190
 2080 0004 0446     		mov	r4, r0
 2081              		.loc 1 1201 31 discriminator 2 view .LVU583
1202:Middlewares/Third_Party/FreeRTOS/Source/timers.c **** 
1203:Middlewares/Third_Party/FreeRTOS/Source/timers.c ****         taskENTER_CRITICAL();
 2082              		.loc 1 1203 9 view .LVU584
 2083 0006 FFF7FEFF 		bl	vPortEnterCritical
 2084              	.LVL196:
1204:Middlewares/Third_Party/FreeRTOS/Source/timers.c ****         {
1205:Middlewares/Third_Party/FreeRTOS/Source/timers.c ****             pvReturn = pxTimer->pvTimerID;
 2085              		.loc 1 1205 13 view .LVU585
 2086              		.loc 1 1205 22 is_stmt 0 view .LVU586
 2087 000a E469     		ldr	r4, [r4, #28]
 2088              	.LVL197:
1206:Middlewares/Third_Party/FreeRTOS/Source/timers.c ****         }
1207:Middlewares/Third_Party/FreeRTOS/Source/timers.c ****         taskEXIT_CRITICAL();
 2089              		.loc 1 1207 9 is_stmt 1 view .LVU587
 2090 000c FFF7FEFF 		bl	vPortExitCritical
 2091              	.LVL198:
1208:Middlewares/Third_Party/FreeRTOS/Source/timers.c **** 
1209:Middlewares/Third_Party/FreeRTOS/Source/timers.c ****         traceRETURN_pvTimerGetTimerID( pvReturn );
 2092              		.loc 1 1209 50 view .LVU588
ARM GAS  /tmp/ccjHUbN4.s 			page 67


1210:Middlewares/Third_Party/FreeRTOS/Source/timers.c **** 
1211:Middlewares/Third_Party/FreeRTOS/Source/timers.c ****         return pvReturn;
 2093              		.loc 1 1211 9 view .LVU589
1212:Middlewares/Third_Party/FreeRTOS/Source/timers.c ****     }
 2094              		.loc 1 1212 5 is_stmt 0 view .LVU590
 2095 0010 2046     		mov	r0, r4
 2096 0012 10BD     		pop	{r4, pc}
 2097              	.LVL199:
 2098              	.L190:
1201:Middlewares/Third_Party/FreeRTOS/Source/timers.c **** 
 2099              		.loc 1 1201 9 is_stmt 1 discriminator 1 view .LVU591
 2100 0014 FFF7FEFF 		bl	ulSetInterruptMask
 2101              	.LVL200:
 2102              	.L188:
1201:Middlewares/Third_Party/FreeRTOS/Source/timers.c **** 
 2103              		.loc 1 1201 9 discriminator 3 view .LVU592
1201:Middlewares/Third_Party/FreeRTOS/Source/timers.c **** 
 2104              		.loc 1 1201 9 discriminator 3 view .LVU593
 2105 0018 FEE7     		b	.L188
 2106              		.cfi_endproc
 2107              	.LFE25:
 2109              		.section	.text.vTimerSetTimerID,"ax",%progbits
 2110              		.align	1
 2111              		.global	vTimerSetTimerID
 2112              		.syntax unified
 2113              		.thumb
 2114              		.thumb_func
 2116              	vTimerSetTimerID:
 2117              	.LVL201:
 2118              	.LFB26:
1213:Middlewares/Third_Party/FreeRTOS/Source/timers.c **** /*-----------------------------------------------------------*/
1214:Middlewares/Third_Party/FreeRTOS/Source/timers.c **** 
1215:Middlewares/Third_Party/FreeRTOS/Source/timers.c ****     void vTimerSetTimerID( TimerHandle_t xTimer,
1216:Middlewares/Third_Party/FreeRTOS/Source/timers.c ****                            void * pvNewID )
1217:Middlewares/Third_Party/FreeRTOS/Source/timers.c ****     {
 2119              		.loc 1 1217 5 view -0
 2120              		.cfi_startproc
 2121              		@ args = 0, pretend = 0, frame = 0
 2122              		@ frame_needed = 0, uses_anonymous_args = 0
 2123              		.loc 1 1217 5 is_stmt 0 view .LVU595
 2124 0000 38B5     		push	{r3, r4, r5, lr}
 2125              	.LCFI49:
 2126              		.cfi_def_cfa_offset 16
 2127              		.cfi_offset 3, -16
 2128              		.cfi_offset 4, -12
 2129              		.cfi_offset 5, -8
 2130              		.cfi_offset 14, -4
1218:Middlewares/Third_Party/FreeRTOS/Source/timers.c ****         Timer_t * const pxTimer = xTimer;
 2131              		.loc 1 1218 9 is_stmt 1 view .LVU596
 2132              	.LVL202:
1219:Middlewares/Third_Party/FreeRTOS/Source/timers.c **** 
1220:Middlewares/Third_Party/FreeRTOS/Source/timers.c ****         traceENTER_vTimerSetTimerID( xTimer, pvNewID );
 2133              		.loc 1 1220 55 view .LVU597
1221:Middlewares/Third_Party/FreeRTOS/Source/timers.c **** 
1222:Middlewares/Third_Party/FreeRTOS/Source/timers.c ****         configASSERT( xTimer );
 2134              		.loc 1 1222 9 view .LVU598
 2135 0002 38B1     		cbz	r0, .L195
ARM GAS  /tmp/ccjHUbN4.s 			page 68


 2136 0004 0C46     		mov	r4, r1
 2137 0006 0546     		mov	r5, r0
 2138              		.loc 1 1222 31 discriminator 2 view .LVU599
1223:Middlewares/Third_Party/FreeRTOS/Source/timers.c **** 
1224:Middlewares/Third_Party/FreeRTOS/Source/timers.c ****         taskENTER_CRITICAL();
 2139              		.loc 1 1224 9 view .LVU600
 2140 0008 FFF7FEFF 		bl	vPortEnterCritical
 2141              	.LVL203:
1225:Middlewares/Third_Party/FreeRTOS/Source/timers.c ****         {
1226:Middlewares/Third_Party/FreeRTOS/Source/timers.c ****             pxTimer->pvTimerID = pvNewID;
 2142              		.loc 1 1226 13 view .LVU601
 2143              		.loc 1 1226 32 is_stmt 0 view .LVU602
 2144 000c EC61     		str	r4, [r5, #28]
1227:Middlewares/Third_Party/FreeRTOS/Source/timers.c ****         }
1228:Middlewares/Third_Party/FreeRTOS/Source/timers.c ****         taskEXIT_CRITICAL();
 2145              		.loc 1 1228 9 is_stmt 1 view .LVU603
 2146 000e FFF7FEFF 		bl	vPortExitCritical
 2147              	.LVL204:
1229:Middlewares/Third_Party/FreeRTOS/Source/timers.c **** 
1230:Middlewares/Third_Party/FreeRTOS/Source/timers.c ****         traceRETURN_vTimerSetTimerID();
 2148              		.loc 1 1230 39 view .LVU604
1231:Middlewares/Third_Party/FreeRTOS/Source/timers.c ****     }
 2149              		.loc 1 1231 5 is_stmt 0 view .LVU605
 2150 0012 38BD     		pop	{r3, r4, r5, pc}
 2151              	.LVL205:
 2152              	.L195:
1222:Middlewares/Third_Party/FreeRTOS/Source/timers.c **** 
 2153              		.loc 1 1222 9 is_stmt 1 discriminator 1 view .LVU606
 2154 0014 FFF7FEFF 		bl	ulSetInterruptMask
 2155              	.LVL206:
 2156              	.L193:
1222:Middlewares/Third_Party/FreeRTOS/Source/timers.c **** 
 2157              		.loc 1 1222 9 discriminator 3 view .LVU607
1222:Middlewares/Third_Party/FreeRTOS/Source/timers.c **** 
 2158              		.loc 1 1222 9 discriminator 3 view .LVU608
 2159 0018 FEE7     		b	.L193
 2160              		.cfi_endproc
 2161              	.LFE26:
 2163              		.section	.text.xTimerPendFunctionCallFromISR,"ax",%progbits
 2164              		.align	1
 2165              		.global	xTimerPendFunctionCallFromISR
 2166              		.syntax unified
 2167              		.thumb
 2168              		.thumb_func
 2170              	xTimerPendFunctionCallFromISR:
 2171              	.LVL207:
 2172              	.LFB27:
1232:Middlewares/Third_Party/FreeRTOS/Source/timers.c **** /*-----------------------------------------------------------*/
1233:Middlewares/Third_Party/FreeRTOS/Source/timers.c **** 
1234:Middlewares/Third_Party/FreeRTOS/Source/timers.c ****     #if ( INCLUDE_xTimerPendFunctionCall == 1 )
1235:Middlewares/Third_Party/FreeRTOS/Source/timers.c **** 
1236:Middlewares/Third_Party/FreeRTOS/Source/timers.c ****         BaseType_t xTimerPendFunctionCallFromISR( PendedFunction_t xFunctionToPend,
1237:Middlewares/Third_Party/FreeRTOS/Source/timers.c ****                                                   void * pvParameter1,
1238:Middlewares/Third_Party/FreeRTOS/Source/timers.c ****                                                   uint32_t ulParameter2,
1239:Middlewares/Third_Party/FreeRTOS/Source/timers.c ****                                                   BaseType_t * pxHigherPriorityTaskWoken )
1240:Middlewares/Third_Party/FreeRTOS/Source/timers.c ****         {
 2173              		.loc 1 1240 9 view -0
ARM GAS  /tmp/ccjHUbN4.s 			page 69


 2174              		.cfi_startproc
 2175              		@ args = 0, pretend = 0, frame = 16
 2176              		@ frame_needed = 0, uses_anonymous_args = 0
 2177              		.loc 1 1240 9 is_stmt 0 view .LVU610
 2178 0000 10B5     		push	{r4, lr}
 2179              	.LCFI50:
 2180              		.cfi_def_cfa_offset 8
 2181              		.cfi_offset 4, -8
 2182              		.cfi_offset 14, -4
 2183 0002 84B0     		sub	sp, sp, #16
 2184              	.LCFI51:
 2185              		.cfi_def_cfa_offset 24
 2186 0004 1446     		mov	r4, r2
 2187 0006 1A46     		mov	r2, r3
 2188              	.LVL208:
1241:Middlewares/Third_Party/FreeRTOS/Source/timers.c ****             DaemonTaskMessage_t xMessage;
 2189              		.loc 1 1241 13 is_stmt 1 view .LVU611
1242:Middlewares/Third_Party/FreeRTOS/Source/timers.c ****             BaseType_t xReturn;
 2190              		.loc 1 1242 13 view .LVU612
1243:Middlewares/Third_Party/FreeRTOS/Source/timers.c **** 
1244:Middlewares/Third_Party/FreeRTOS/Source/timers.c ****             traceENTER_xTimerPendFunctionCallFromISR( xFunctionToPend, pvParameter1, ulParameter2, 
 2191              		.loc 1 1244 127 view .LVU613
1245:Middlewares/Third_Party/FreeRTOS/Source/timers.c **** 
1246:Middlewares/Third_Party/FreeRTOS/Source/timers.c ****             /* Complete the message with the function parameters and post it to the
1247:Middlewares/Third_Party/FreeRTOS/Source/timers.c ****              * daemon task. */
1248:Middlewares/Third_Party/FreeRTOS/Source/timers.c ****             xMessage.xMessageID = tmrCOMMAND_EXECUTE_CALLBACK_FROM_ISR;
 2192              		.loc 1 1248 13 view .LVU614
 2193              		.loc 1 1248 33 is_stmt 0 view .LVU615
 2194 0008 6FF00103 		mvn	r3, #1
 2195              	.LVL209:
 2196              		.loc 1 1248 33 view .LVU616
 2197 000c 0093     		str	r3, [sp]
1249:Middlewares/Third_Party/FreeRTOS/Source/timers.c ****             xMessage.u.xCallbackParameters.pxCallbackFunction = xFunctionToPend;
 2198              		.loc 1 1249 13 is_stmt 1 view .LVU617
 2199              		.loc 1 1249 63 is_stmt 0 view .LVU618
 2200 000e 0190     		str	r0, [sp, #4]
1250:Middlewares/Third_Party/FreeRTOS/Source/timers.c ****             xMessage.u.xCallbackParameters.pvParameter1 = pvParameter1;
 2201              		.loc 1 1250 13 is_stmt 1 view .LVU619
 2202              		.loc 1 1250 57 is_stmt 0 view .LVU620
 2203 0010 0291     		str	r1, [sp, #8]
1251:Middlewares/Third_Party/FreeRTOS/Source/timers.c ****             xMessage.u.xCallbackParameters.ulParameter2 = ulParameter2;
 2204              		.loc 1 1251 13 is_stmt 1 view .LVU621
 2205              		.loc 1 1251 57 is_stmt 0 view .LVU622
 2206 0012 0394     		str	r4, [sp, #12]
1252:Middlewares/Third_Party/FreeRTOS/Source/timers.c **** 
1253:Middlewares/Third_Party/FreeRTOS/Source/timers.c ****             xReturn = xQueueSendFromISR( xTimerQueue, &xMessage, pxHigherPriorityTaskWoken );
 2207              		.loc 1 1253 13 is_stmt 1 view .LVU623
 2208              		.loc 1 1253 23 is_stmt 0 view .LVU624
 2209 0014 0023     		movs	r3, #0
 2210 0016 6946     		mov	r1, sp
 2211              	.LVL210:
 2212              		.loc 1 1253 23 view .LVU625
 2213 0018 0248     		ldr	r0, .L198
 2214              	.LVL211:
 2215              		.loc 1 1253 23 view .LVU626
 2216 001a 0068     		ldr	r0, [r0]
 2217 001c FFF7FEFF 		bl	xQueueGenericSendFromISR
ARM GAS  /tmp/ccjHUbN4.s 			page 70


 2218              	.LVL212:
1254:Middlewares/Third_Party/FreeRTOS/Source/timers.c **** 
1255:Middlewares/Third_Party/FreeRTOS/Source/timers.c ****             tracePEND_FUNC_CALL_FROM_ISR( xFunctionToPend, pvParameter1, ulParameter2, xReturn );
 2219              		.loc 1 1255 97 is_stmt 1 view .LVU627
1256:Middlewares/Third_Party/FreeRTOS/Source/timers.c ****             traceRETURN_xTimerPendFunctionCallFromISR( xReturn );
 2220              		.loc 1 1256 65 view .LVU628
1257:Middlewares/Third_Party/FreeRTOS/Source/timers.c **** 
1258:Middlewares/Third_Party/FreeRTOS/Source/timers.c ****             return xReturn;
 2221              		.loc 1 1258 13 view .LVU629
1259:Middlewares/Third_Party/FreeRTOS/Source/timers.c ****         }
 2222              		.loc 1 1259 9 is_stmt 0 view .LVU630
 2223 0020 04B0     		add	sp, sp, #16
 2224              	.LCFI52:
 2225              		.cfi_def_cfa_offset 8
 2226              		@ sp needed
 2227 0022 10BD     		pop	{r4, pc}
 2228              	.LVL213:
 2229              	.L199:
 2230              		.loc 1 1259 9 view .LVU631
 2231              		.align	2
 2232              	.L198:
 2233 0024 00000000 		.word	xTimerQueue
 2234              		.cfi_endproc
 2235              	.LFE27:
 2237              		.section	.text.xTimerPendFunctionCall,"ax",%progbits
 2238              		.align	1
 2239              		.global	xTimerPendFunctionCall
 2240              		.syntax unified
 2241              		.thumb
 2242              		.thumb_func
 2244              	xTimerPendFunctionCall:
 2245              	.LVL214:
 2246              	.LFB28:
1260:Middlewares/Third_Party/FreeRTOS/Source/timers.c **** 
1261:Middlewares/Third_Party/FreeRTOS/Source/timers.c ****     #endif /* INCLUDE_xTimerPendFunctionCall */
1262:Middlewares/Third_Party/FreeRTOS/Source/timers.c **** /*-----------------------------------------------------------*/
1263:Middlewares/Third_Party/FreeRTOS/Source/timers.c **** 
1264:Middlewares/Third_Party/FreeRTOS/Source/timers.c ****     #if ( INCLUDE_xTimerPendFunctionCall == 1 )
1265:Middlewares/Third_Party/FreeRTOS/Source/timers.c **** 
1266:Middlewares/Third_Party/FreeRTOS/Source/timers.c ****         BaseType_t xTimerPendFunctionCall( PendedFunction_t xFunctionToPend,
1267:Middlewares/Third_Party/FreeRTOS/Source/timers.c ****                                            void * pvParameter1,
1268:Middlewares/Third_Party/FreeRTOS/Source/timers.c ****                                            uint32_t ulParameter2,
1269:Middlewares/Third_Party/FreeRTOS/Source/timers.c ****                                            TickType_t xTicksToWait )
1270:Middlewares/Third_Party/FreeRTOS/Source/timers.c ****         {
 2247              		.loc 1 1270 9 is_stmt 1 view -0
 2248              		.cfi_startproc
 2249              		@ args = 0, pretend = 0, frame = 16
 2250              		@ frame_needed = 0, uses_anonymous_args = 0
 2251              		.loc 1 1270 9 is_stmt 0 view .LVU633
 2252 0000 30B5     		push	{r4, r5, lr}
 2253              	.LCFI53:
 2254              		.cfi_def_cfa_offset 12
 2255              		.cfi_offset 4, -12
 2256              		.cfi_offset 5, -8
 2257              		.cfi_offset 14, -4
 2258 0002 85B0     		sub	sp, sp, #20
 2259              	.LCFI54:
ARM GAS  /tmp/ccjHUbN4.s 			page 71


 2260              		.cfi_def_cfa_offset 32
 2261 0004 1446     		mov	r4, r2
 2262 0006 1A46     		mov	r2, r3
 2263              	.LVL215:
1271:Middlewares/Third_Party/FreeRTOS/Source/timers.c ****             DaemonTaskMessage_t xMessage;
 2264              		.loc 1 1271 13 is_stmt 1 view .LVU634
1272:Middlewares/Third_Party/FreeRTOS/Source/timers.c ****             BaseType_t xReturn;
 2265              		.loc 1 1272 13 view .LVU635
1273:Middlewares/Third_Party/FreeRTOS/Source/timers.c **** 
1274:Middlewares/Third_Party/FreeRTOS/Source/timers.c ****             traceENTER_xTimerPendFunctionCall( xFunctionToPend, pvParameter1, ulParameter2, xTicksT
 2266              		.loc 1 1274 107 view .LVU636
1275:Middlewares/Third_Party/FreeRTOS/Source/timers.c **** 
1276:Middlewares/Third_Party/FreeRTOS/Source/timers.c ****             /* This function can only be called after a timer has been created or
1277:Middlewares/Third_Party/FreeRTOS/Source/timers.c ****              * after the scheduler has been started because, until then, the timer
1278:Middlewares/Third_Party/FreeRTOS/Source/timers.c ****              * queue does not exist. */
1279:Middlewares/Third_Party/FreeRTOS/Source/timers.c ****             configASSERT( xTimerQueue );
 2267              		.loc 1 1279 13 view .LVU637
 2268 0008 094B     		ldr	r3, .L205
 2269              	.LVL216:
 2270              		.loc 1 1279 13 is_stmt 0 view .LVU638
 2271 000a 1D68     		ldr	r5, [r3]
 2272 000c 65B1     		cbz	r5, .L204
 2273              		.loc 1 1279 40 is_stmt 1 discriminator 2 view .LVU639
1280:Middlewares/Third_Party/FreeRTOS/Source/timers.c **** 
1281:Middlewares/Third_Party/FreeRTOS/Source/timers.c ****             /* Complete the message with the function parameters and post it to the
1282:Middlewares/Third_Party/FreeRTOS/Source/timers.c ****              * daemon task. */
1283:Middlewares/Third_Party/FreeRTOS/Source/timers.c ****             xMessage.xMessageID = tmrCOMMAND_EXECUTE_CALLBACK;
 2274              		.loc 1 1283 13 view .LVU640
 2275              		.loc 1 1283 33 is_stmt 0 view .LVU641
 2276 000e 4FF0FF33 		mov	r3, #-1
 2277 0012 0093     		str	r3, [sp]
1284:Middlewares/Third_Party/FreeRTOS/Source/timers.c ****             xMessage.u.xCallbackParameters.pxCallbackFunction = xFunctionToPend;
 2278              		.loc 1 1284 13 is_stmt 1 view .LVU642
 2279              		.loc 1 1284 63 is_stmt 0 view .LVU643
 2280 0014 0190     		str	r0, [sp, #4]
1285:Middlewares/Third_Party/FreeRTOS/Source/timers.c ****             xMessage.u.xCallbackParameters.pvParameter1 = pvParameter1;
 2281              		.loc 1 1285 13 is_stmt 1 view .LVU644
 2282              		.loc 1 1285 57 is_stmt 0 view .LVU645
 2283 0016 0291     		str	r1, [sp, #8]
1286:Middlewares/Third_Party/FreeRTOS/Source/timers.c ****             xMessage.u.xCallbackParameters.ulParameter2 = ulParameter2;
 2284              		.loc 1 1286 13 is_stmt 1 view .LVU646
 2285              		.loc 1 1286 57 is_stmt 0 view .LVU647
 2286 0018 0394     		str	r4, [sp, #12]
1287:Middlewares/Third_Party/FreeRTOS/Source/timers.c **** 
1288:Middlewares/Third_Party/FreeRTOS/Source/timers.c ****             xReturn = xQueueSendToBack( xTimerQueue, &xMessage, xTicksToWait );
 2287              		.loc 1 1288 13 is_stmt 1 view .LVU648
 2288              		.loc 1 1288 23 is_stmt 0 view .LVU649
 2289 001a 0023     		movs	r3, #0
 2290 001c 6946     		mov	r1, sp
 2291              	.LVL217:
 2292              		.loc 1 1288 23 view .LVU650
 2293 001e 2846     		mov	r0, r5
 2294              	.LVL218:
 2295              		.loc 1 1288 23 view .LVU651
 2296 0020 FFF7FEFF 		bl	xQueueGenericSend
 2297              	.LVL219:
1289:Middlewares/Third_Party/FreeRTOS/Source/timers.c **** 
ARM GAS  /tmp/ccjHUbN4.s 			page 72


1290:Middlewares/Third_Party/FreeRTOS/Source/timers.c ****             tracePEND_FUNC_CALL( xFunctionToPend, pvParameter1, ulParameter2, xReturn );
 2298              		.loc 1 1290 88 is_stmt 1 view .LVU652
1291:Middlewares/Third_Party/FreeRTOS/Source/timers.c ****             traceRETURN_xTimerPendFunctionCall( xReturn );
 2299              		.loc 1 1291 58 view .LVU653
1292:Middlewares/Third_Party/FreeRTOS/Source/timers.c **** 
1293:Middlewares/Third_Party/FreeRTOS/Source/timers.c ****             return xReturn;
 2300              		.loc 1 1293 13 view .LVU654
1294:Middlewares/Third_Party/FreeRTOS/Source/timers.c ****         }
 2301              		.loc 1 1294 9 is_stmt 0 view .LVU655
 2302 0024 05B0     		add	sp, sp, #20
 2303              	.LCFI55:
 2304              		.cfi_remember_state
 2305              		.cfi_def_cfa_offset 12
 2306              		@ sp needed
 2307 0026 30BD     		pop	{r4, r5, pc}
 2308              	.LVL220:
 2309              	.L204:
 2310              	.LCFI56:
 2311              		.cfi_restore_state
1279:Middlewares/Third_Party/FreeRTOS/Source/timers.c **** 
 2312              		.loc 1 1279 13 is_stmt 1 discriminator 1 view .LVU656
 2313 0028 FFF7FEFF 		bl	ulSetInterruptMask
 2314              	.LVL221:
 2315              	.L202:
1279:Middlewares/Third_Party/FreeRTOS/Source/timers.c **** 
 2316              		.loc 1 1279 13 discriminator 3 view .LVU657
1279:Middlewares/Third_Party/FreeRTOS/Source/timers.c **** 
 2317              		.loc 1 1279 13 discriminator 3 view .LVU658
 2318 002c FEE7     		b	.L202
 2319              	.L206:
 2320 002e 00BF     		.align	2
 2321              	.L205:
 2322 0030 00000000 		.word	xTimerQueue
 2323              		.cfi_endproc
 2324              	.LFE28:
 2326              		.section	.text.uxTimerGetTimerNumber,"ax",%progbits
 2327              		.align	1
 2328              		.global	uxTimerGetTimerNumber
 2329              		.syntax unified
 2330              		.thumb
 2331              		.thumb_func
 2333              	uxTimerGetTimerNumber:
 2334              	.LVL222:
 2335              	.LFB29:
1295:Middlewares/Third_Party/FreeRTOS/Source/timers.c **** 
1296:Middlewares/Third_Party/FreeRTOS/Source/timers.c ****     #endif /* INCLUDE_xTimerPendFunctionCall */
1297:Middlewares/Third_Party/FreeRTOS/Source/timers.c **** /*-----------------------------------------------------------*/
1298:Middlewares/Third_Party/FreeRTOS/Source/timers.c **** 
1299:Middlewares/Third_Party/FreeRTOS/Source/timers.c ****     #if ( configUSE_TRACE_FACILITY == 1 )
1300:Middlewares/Third_Party/FreeRTOS/Source/timers.c **** 
1301:Middlewares/Third_Party/FreeRTOS/Source/timers.c ****         UBaseType_t uxTimerGetTimerNumber( TimerHandle_t xTimer )
1302:Middlewares/Third_Party/FreeRTOS/Source/timers.c ****         {
 2336              		.loc 1 1302 9 view -0
 2337              		.cfi_startproc
 2338              		@ args = 0, pretend = 0, frame = 0
 2339              		@ frame_needed = 0, uses_anonymous_args = 0
 2340              		@ link register save eliminated.
ARM GAS  /tmp/ccjHUbN4.s 			page 73


1303:Middlewares/Third_Party/FreeRTOS/Source/timers.c ****             traceENTER_uxTimerGetTimerNumber( xTimer );
 2341              		.loc 1 1303 55 view .LVU660
1304:Middlewares/Third_Party/FreeRTOS/Source/timers.c **** 
1305:Middlewares/Third_Party/FreeRTOS/Source/timers.c ****             traceRETURN_uxTimerGetTimerNumber( ( ( Timer_t * ) xTimer )->uxTimerNumber );
 2342              		.loc 1 1305 89 view .LVU661
1306:Middlewares/Third_Party/FreeRTOS/Source/timers.c **** 
1307:Middlewares/Third_Party/FreeRTOS/Source/timers.c ****             return ( ( Timer_t * ) xTimer )->uxTimerNumber;
 2343              		.loc 1 1307 13 view .LVU662
1308:Middlewares/Third_Party/FreeRTOS/Source/timers.c ****         }
 2344              		.loc 1 1308 9 is_stmt 0 view .LVU663
 2345 0000 406A     		ldr	r0, [r0, #36]
 2346              	.LVL223:
 2347              		.loc 1 1308 9 view .LVU664
 2348 0002 7047     		bx	lr
 2349              		.cfi_endproc
 2350              	.LFE29:
 2352              		.section	.text.vTimerSetTimerNumber,"ax",%progbits
 2353              		.align	1
 2354              		.global	vTimerSetTimerNumber
 2355              		.syntax unified
 2356              		.thumb
 2357              		.thumb_func
 2359              	vTimerSetTimerNumber:
 2360              	.LVL224:
 2361              	.LFB30:
1309:Middlewares/Third_Party/FreeRTOS/Source/timers.c **** 
1310:Middlewares/Third_Party/FreeRTOS/Source/timers.c ****     #endif /* configUSE_TRACE_FACILITY */
1311:Middlewares/Third_Party/FreeRTOS/Source/timers.c **** /*-----------------------------------------------------------*/
1312:Middlewares/Third_Party/FreeRTOS/Source/timers.c **** 
1313:Middlewares/Third_Party/FreeRTOS/Source/timers.c ****     #if ( configUSE_TRACE_FACILITY == 1 )
1314:Middlewares/Third_Party/FreeRTOS/Source/timers.c **** 
1315:Middlewares/Third_Party/FreeRTOS/Source/timers.c ****         void vTimerSetTimerNumber( TimerHandle_t xTimer,
1316:Middlewares/Third_Party/FreeRTOS/Source/timers.c ****                                    UBaseType_t uxTimerNumber )
1317:Middlewares/Third_Party/FreeRTOS/Source/timers.c ****         {
 2362              		.loc 1 1317 9 is_stmt 1 view -0
 2363              		.cfi_startproc
 2364              		@ args = 0, pretend = 0, frame = 0
 2365              		@ frame_needed = 0, uses_anonymous_args = 0
 2366              		@ link register save eliminated.
1318:Middlewares/Third_Party/FreeRTOS/Source/timers.c ****             traceENTER_vTimerSetTimerNumber( xTimer, uxTimerNumber );
 2367              		.loc 1 1318 69 view .LVU666
1319:Middlewares/Third_Party/FreeRTOS/Source/timers.c **** 
1320:Middlewares/Third_Party/FreeRTOS/Source/timers.c ****             ( ( Timer_t * ) xTimer )->uxTimerNumber = uxTimerNumber;
 2368              		.loc 1 1320 13 view .LVU667
 2369              		.loc 1 1320 53 is_stmt 0 view .LVU668
 2370 0000 4162     		str	r1, [r0, #36]
1321:Middlewares/Third_Party/FreeRTOS/Source/timers.c **** 
1322:Middlewares/Third_Party/FreeRTOS/Source/timers.c ****             traceRETURN_vTimerSetTimerNumber();
 2371              		.loc 1 1322 47 is_stmt 1 view .LVU669
1323:Middlewares/Third_Party/FreeRTOS/Source/timers.c ****         }
 2372              		.loc 1 1323 9 is_stmt 0 view .LVU670
 2373 0002 7047     		bx	lr
 2374              		.cfi_endproc
 2375              	.LFE30:
 2377              		.section	.text.vTimerResetState,"ax",%progbits
 2378              		.align	1
 2379              		.global	vTimerResetState
ARM GAS  /tmp/ccjHUbN4.s 			page 74


 2380              		.syntax unified
 2381              		.thumb
 2382              		.thumb_func
 2384              	vTimerResetState:
 2385              	.LFB31:
1324:Middlewares/Third_Party/FreeRTOS/Source/timers.c **** 
1325:Middlewares/Third_Party/FreeRTOS/Source/timers.c ****     #endif /* configUSE_TRACE_FACILITY */
1326:Middlewares/Third_Party/FreeRTOS/Source/timers.c **** /*-----------------------------------------------------------*/
1327:Middlewares/Third_Party/FreeRTOS/Source/timers.c **** 
1328:Middlewares/Third_Party/FreeRTOS/Source/timers.c **** /*
1329:Middlewares/Third_Party/FreeRTOS/Source/timers.c ****  * Reset the state in this file. This state is normally initialized at start up.
1330:Middlewares/Third_Party/FreeRTOS/Source/timers.c ****  * This function must be called by the application before restarting the
1331:Middlewares/Third_Party/FreeRTOS/Source/timers.c ****  * scheduler.
1332:Middlewares/Third_Party/FreeRTOS/Source/timers.c ****  */
1333:Middlewares/Third_Party/FreeRTOS/Source/timers.c ****     void vTimerResetState( void )
1334:Middlewares/Third_Party/FreeRTOS/Source/timers.c ****     {
 2386              		.loc 1 1334 5 is_stmt 1 view -0
 2387              		.cfi_startproc
 2388              		@ args = 0, pretend = 0, frame = 0
 2389              		@ frame_needed = 0, uses_anonymous_args = 0
 2390              		@ link register save eliminated.
1335:Middlewares/Third_Party/FreeRTOS/Source/timers.c ****         xTimerQueue = NULL;
 2391              		.loc 1 1335 9 view .LVU672
 2392              		.loc 1 1335 21 is_stmt 0 view .LVU673
 2393 0000 0023     		movs	r3, #0
 2394 0002 024A     		ldr	r2, .L210
 2395 0004 1360     		str	r3, [r2]
1336:Middlewares/Third_Party/FreeRTOS/Source/timers.c ****         xTimerTaskHandle = NULL;
 2396              		.loc 1 1336 9 is_stmt 1 view .LVU674
 2397              		.loc 1 1336 26 is_stmt 0 view .LVU675
 2398 0006 024A     		ldr	r2, .L210+4
 2399 0008 1360     		str	r3, [r2]
1337:Middlewares/Third_Party/FreeRTOS/Source/timers.c ****     }
 2400              		.loc 1 1337 5 view .LVU676
 2401 000a 7047     		bx	lr
 2402              	.L211:
 2403              		.align	2
 2404              	.L210:
 2405 000c 00000000 		.word	xTimerQueue
 2406 0010 00000000 		.word	xTimerTaskHandle
 2407              		.cfi_endproc
 2408              	.LFE31:
 2410              		.section	.bss.xStaticTimerQueue.0,"aw",%nobits
 2411              		.align	2
 2414              	xStaticTimerQueue.0:
 2415 0000 00000000 		.space	80
 2415      00000000 
 2415      00000000 
 2415      00000000 
 2415      00000000 
 2416              		.section	.bss.ucStaticTimerQueueStorage.1,"aw",%nobits
 2417              		.align	2
 2420              	ucStaticTimerQueueStorage.1:
 2421 0000 00000000 		.space	160
 2421      00000000 
 2421      00000000 
 2421      00000000 
ARM GAS  /tmp/ccjHUbN4.s 			page 75


 2421      00000000 
 2422              		.section	.bss.xLastTime.2,"aw",%nobits
 2423              		.align	2
 2426              	xLastTime.2:
 2427 0000 00000000 		.space	4
 2428              		.section	.bss.xTimerTaskHandle,"aw",%nobits
 2429              		.align	2
 2432              	xTimerTaskHandle:
 2433 0000 00000000 		.space	4
 2434              		.section	.bss.xTimerQueue,"aw",%nobits
 2435              		.align	2
 2438              	xTimerQueue:
 2439 0000 00000000 		.space	4
 2440              		.section	.bss.pxOverflowTimerList,"aw",%nobits
 2441              		.align	2
 2444              	pxOverflowTimerList:
 2445 0000 00000000 		.space	4
 2446              		.section	.bss.pxCurrentTimerList,"aw",%nobits
 2447              		.align	2
 2450              	pxCurrentTimerList:
 2451 0000 00000000 		.space	4
 2452              		.section	.bss.xActiveTimerList2,"aw",%nobits
 2453              		.align	2
 2456              	xActiveTimerList2:
 2457 0000 00000000 		.space	20
 2457      00000000 
 2457      00000000 
 2457      00000000 
 2457      00000000 
 2458              		.section	.bss.xActiveTimerList1,"aw",%nobits
 2459              		.align	2
 2462              	xActiveTimerList1:
 2463 0000 00000000 		.space	20
 2463      00000000 
 2463      00000000 
 2463      00000000 
 2463      00000000 
 2464              		.text
 2465              	.Letext0:
 2466              		.file 2 "/usr/lib/gcc/arm-none-eabi/13.2.1/include/stddef.h"
 2467              		.file 3 "/usr/lib/gcc/arm-none-eabi/13.2.1/include/stdint.h"
 2468              		.file 4 "Middlewares/Third_Party/FreeRTOS/Source/include/projdefs.h"
 2469              		.file 5 "Middlewares/Third_Party/FreeRTOS/Source/portable/GCC/ARM_CM33_NTZ/non_secure/portmacrocom
 2470              		.file 6 "Middlewares/Third_Party/FreeRTOS/Source/include/FreeRTOS.h"
 2471              		.file 7 "Middlewares/Third_Party/FreeRTOS/Source/include/list.h"
 2472              		.file 8 "Middlewares/Third_Party/FreeRTOS/Source/include/task.h"
 2473              		.file 9 "Middlewares/Third_Party/FreeRTOS/Source/include/queue.h"
 2474              		.file 10 "Middlewares/Third_Party/FreeRTOS/Source/include/timers.h"
 2475              		.file 11 "Middlewares/Third_Party/FreeRTOS/Source/include/portable.h"
ARM GAS  /tmp/ccjHUbN4.s 			page 76


DEFINED SYMBOLS
                            *ABS*:00000000 timers.c
     /tmp/ccjHUbN4.s:22     .text.prvGetNextExpireTime:00000000 $t
     /tmp/ccjHUbN4.s:27     .text.prvGetNextExpireTime:00000000 prvGetNextExpireTime
     /tmp/ccjHUbN4.s:73     .text.prvGetNextExpireTime:0000001c $d
     /tmp/ccjHUbN4.s:2450   .bss.pxCurrentTimerList:00000000 pxCurrentTimerList
     /tmp/ccjHUbN4.s:78     .text.prvInsertTimerInActiveList:00000000 $t
     /tmp/ccjHUbN4.s:83     .text.prvInsertTimerInActiveList:00000000 prvInsertTimerInActiveList
     /tmp/ccjHUbN4.s:173    .text.prvInsertTimerInActiveList:00000040 $d
     /tmp/ccjHUbN4.s:2444   .bss.pxOverflowTimerList:00000000 pxOverflowTimerList
     /tmp/ccjHUbN4.s:179    .text.prvReloadTimer:00000000 $t
     /tmp/ccjHUbN4.s:184    .text.prvReloadTimer:00000000 prvReloadTimer
     /tmp/ccjHUbN4.s:242    .text.prvProcessExpiredTimer:00000000 $t
     /tmp/ccjHUbN4.s:247    .text.prvProcessExpiredTimer:00000000 prvProcessExpiredTimer
     /tmp/ccjHUbN4.s:312    .text.prvProcessExpiredTimer:0000003c $d
     /tmp/ccjHUbN4.s:317    .text.prvSwitchTimerLists:00000000 $t
     /tmp/ccjHUbN4.s:322    .text.prvSwitchTimerLists:00000000 prvSwitchTimerLists
     /tmp/ccjHUbN4.s:375    .text.prvSwitchTimerLists:00000028 $d
     /tmp/ccjHUbN4.s:381    .text.prvSampleTimeNow:00000000 $t
     /tmp/ccjHUbN4.s:386    .text.prvSampleTimeNow:00000000 prvSampleTimeNow
     /tmp/ccjHUbN4.s:445    .text.prvSampleTimeNow:00000028 $d
     /tmp/ccjHUbN4.s:2426   .bss.xLastTime.2:00000000 xLastTime.2
     /tmp/ccjHUbN4.s:450    .text.prvProcessTimerOrBlockTask:00000000 $t
     /tmp/ccjHUbN4.s:455    .text.prvProcessTimerOrBlockTask:00000000 prvProcessTimerOrBlockTask
     /tmp/ccjHUbN4.s:574    .text.prvProcessTimerOrBlockTask:00000060 $d
     /tmp/ccjHUbN4.s:2438   .bss.xTimerQueue:00000000 xTimerQueue
     /tmp/ccjHUbN4.s:580    .text.prvProcessReceivedCommands:00000000 $t
     /tmp/ccjHUbN4.s:585    .text.prvProcessReceivedCommands:00000000 prvProcessReceivedCommands
     /tmp/ccjHUbN4.s:758    .text.prvProcessReceivedCommands:000000b0 $d
     /tmp/ccjHUbN4.s:767    .text.prvProcessReceivedCommands:000000d4 $t
     /tmp/ccjHUbN4.s:836    .text.prvProcessReceivedCommands:0000011c $d
     /tmp/ccjHUbN4.s:841    .text.prvTimerTask:00000000 $t
     /tmp/ccjHUbN4.s:846    .text.prvTimerTask:00000000 prvTimerTask
     /tmp/ccjHUbN4.s:885    .rodata.prvCheckForValidListAndQueue.str1.4:00000000 $d
     /tmp/ccjHUbN4.s:889    .text.prvCheckForValidListAndQueue:00000000 $t
     /tmp/ccjHUbN4.s:894    .text.prvCheckForValidListAndQueue:00000000 prvCheckForValidListAndQueue
     /tmp/ccjHUbN4.s:980    .text.prvCheckForValidListAndQueue:00000050 $d
     /tmp/ccjHUbN4.s:2462   .bss.xActiveTimerList1:00000000 xActiveTimerList1
     /tmp/ccjHUbN4.s:2456   .bss.xActiveTimerList2:00000000 xActiveTimerList2
     /tmp/ccjHUbN4.s:2414   .bss.xStaticTimerQueue.0:00000000 xStaticTimerQueue.0
     /tmp/ccjHUbN4.s:2420   .bss.ucStaticTimerQueueStorage.1:00000000 ucStaticTimerQueueStorage.1
     /tmp/ccjHUbN4.s:992    .text.prvInitialiseNewTimer:00000000 $t
     /tmp/ccjHUbN4.s:997    .text.prvInitialiseNewTimer:00000000 prvInitialiseNewTimer
     /tmp/ccjHUbN4.s:1070   .rodata.xTimerCreateTimerTask.str1.4:00000000 $d
     /tmp/ccjHUbN4.s:1074   .text.xTimerCreateTimerTask:00000000 $t
     /tmp/ccjHUbN4.s:1080   .text.xTimerCreateTimerTask:00000000 xTimerCreateTimerTask
     /tmp/ccjHUbN4.s:1164   .text.xTimerCreateTimerTask:00000048 $d
     /tmp/ccjHUbN4.s:2432   .bss.xTimerTaskHandle:00000000 xTimerTaskHandle
     /tmp/ccjHUbN4.s:1172   .text.xTimerCreate:00000000 $t
     /tmp/ccjHUbN4.s:1178   .text.xTimerCreate:00000000 xTimerCreate
     /tmp/ccjHUbN4.s:1246   .text.xTimerCreateStatic:00000000 $t
     /tmp/ccjHUbN4.s:1252   .text.xTimerCreateStatic:00000000 xTimerCreateStatic
     /tmp/ccjHUbN4.s:1338   .text.xTimerGenericCommandFromTask:00000000 $t
     /tmp/ccjHUbN4.s:1344   .text.xTimerGenericCommandFromTask:00000000 xTimerGenericCommandFromTask
     /tmp/ccjHUbN4.s:1458   .text.xTimerGenericCommandFromTask:00000050 $d
     /tmp/ccjHUbN4.s:1463   .text.xTimerGenericCommandFromISR:00000000 $t
     /tmp/ccjHUbN4.s:1469   .text.xTimerGenericCommandFromISR:00000000 xTimerGenericCommandFromISR
ARM GAS  /tmp/ccjHUbN4.s 			page 77


     /tmp/ccjHUbN4.s:1568   .text.xTimerGenericCommandFromISR:00000038 $d
     /tmp/ccjHUbN4.s:1573   .text.xTimerGetTimerDaemonTaskHandle:00000000 $t
     /tmp/ccjHUbN4.s:1579   .text.xTimerGetTimerDaemonTaskHandle:00000000 xTimerGetTimerDaemonTaskHandle
     /tmp/ccjHUbN4.s:1608   .text.xTimerGetTimerDaemonTaskHandle:00000010 $d
     /tmp/ccjHUbN4.s:1613   .text.xTimerGetPeriod:00000000 $t
     /tmp/ccjHUbN4.s:1619   .text.xTimerGetPeriod:00000000 xTimerGetPeriod
     /tmp/ccjHUbN4.s:1658   .text.vTimerSetReloadMode:00000000 $t
     /tmp/ccjHUbN4.s:1664   .text.vTimerSetReloadMode:00000000 vTimerSetReloadMode
     /tmp/ccjHUbN4.s:1728   .text.xTimerGetReloadMode:00000000 $t
     /tmp/ccjHUbN4.s:1734   .text.xTimerGetReloadMode:00000000 xTimerGetReloadMode
     /tmp/ccjHUbN4.s:1796   .text.uxTimerGetReloadMode:00000000 $t
     /tmp/ccjHUbN4.s:1802   .text.uxTimerGetReloadMode:00000000 uxTimerGetReloadMode
     /tmp/ccjHUbN4.s:1829   .text.xTimerGetExpiryTime:00000000 $t
     /tmp/ccjHUbN4.s:1835   .text.xTimerGetExpiryTime:00000000 xTimerGetExpiryTime
     /tmp/ccjHUbN4.s:1877   .text.xTimerGetStaticBuffer:00000000 $t
     /tmp/ccjHUbN4.s:1883   .text.xTimerGetStaticBuffer:00000000 xTimerGetStaticBuffer
     /tmp/ccjHUbN4.s:1942   .text.pcTimerGetName:00000000 $t
     /tmp/ccjHUbN4.s:1948   .text.pcTimerGetName:00000000 pcTimerGetName
     /tmp/ccjHUbN4.s:1987   .text.xTimerIsTimerActive:00000000 $t
     /tmp/ccjHUbN4.s:1993   .text.xTimerIsTimerActive:00000000 xTimerIsTimerActive
     /tmp/ccjHUbN4.s:2055   .text.pvTimerGetTimerID:00000000 $t
     /tmp/ccjHUbN4.s:2061   .text.pvTimerGetTimerID:00000000 pvTimerGetTimerID
     /tmp/ccjHUbN4.s:2110   .text.vTimerSetTimerID:00000000 $t
     /tmp/ccjHUbN4.s:2116   .text.vTimerSetTimerID:00000000 vTimerSetTimerID
     /tmp/ccjHUbN4.s:2164   .text.xTimerPendFunctionCallFromISR:00000000 $t
     /tmp/ccjHUbN4.s:2170   .text.xTimerPendFunctionCallFromISR:00000000 xTimerPendFunctionCallFromISR
     /tmp/ccjHUbN4.s:2233   .text.xTimerPendFunctionCallFromISR:00000024 $d
     /tmp/ccjHUbN4.s:2238   .text.xTimerPendFunctionCall:00000000 $t
     /tmp/ccjHUbN4.s:2244   .text.xTimerPendFunctionCall:00000000 xTimerPendFunctionCall
     /tmp/ccjHUbN4.s:2322   .text.xTimerPendFunctionCall:00000030 $d
     /tmp/ccjHUbN4.s:2327   .text.uxTimerGetTimerNumber:00000000 $t
     /tmp/ccjHUbN4.s:2333   .text.uxTimerGetTimerNumber:00000000 uxTimerGetTimerNumber
     /tmp/ccjHUbN4.s:2353   .text.vTimerSetTimerNumber:00000000 $t
     /tmp/ccjHUbN4.s:2359   .text.vTimerSetTimerNumber:00000000 vTimerSetTimerNumber
     /tmp/ccjHUbN4.s:2378   .text.vTimerResetState:00000000 $t
     /tmp/ccjHUbN4.s:2384   .text.vTimerResetState:00000000 vTimerResetState
     /tmp/ccjHUbN4.s:2405   .text.vTimerResetState:0000000c $d
     /tmp/ccjHUbN4.s:2411   .bss.xStaticTimerQueue.0:00000000 $d
     /tmp/ccjHUbN4.s:2417   .bss.ucStaticTimerQueueStorage.1:00000000 $d
     /tmp/ccjHUbN4.s:2423   .bss.xLastTime.2:00000000 $d
     /tmp/ccjHUbN4.s:2429   .bss.xTimerTaskHandle:00000000 $d
     /tmp/ccjHUbN4.s:2435   .bss.xTimerQueue:00000000 $d
     /tmp/ccjHUbN4.s:2441   .bss.pxOverflowTimerList:00000000 $d
     /tmp/ccjHUbN4.s:2447   .bss.pxCurrentTimerList:00000000 $d
     /tmp/ccjHUbN4.s:2453   .bss.xActiveTimerList2:00000000 $d
     /tmp/ccjHUbN4.s:2459   .bss.xActiveTimerList1:00000000 $d

UNDEFINED SYMBOLS
vListInsert
uxListRemove
xTaskGetTickCount
vTaskSuspendAll
vQueueWaitForMessageRestricted
xTaskResumeAll
vPortYield
xQueueReceive
ulSetInterruptMask
ARM GAS  /tmp/ccjHUbN4.s 			page 78


vPortFree
vPortEnterCritical
vPortExitCritical
vListInitialise
xQueueGenericCreateStatic
vQueueAddToRegistry
vListInitialiseItem
vApplicationGetTimerTaskMemory
xTaskCreateStatic
pvPortMalloc
xTaskGetSchedulerState
xQueueGenericSend
xQueueGenericSendFromISR
